Time,HMD_Position_x,HMD_Position_y,HMD_Position_z,HMD_Rotation_x,HMD_Rotation_y,HMD_Rotation_z,HMD_Rotation_w,Left_Position_x,Left_Position_y,Left_Position_z,Right_Position_x,Right_Position_y,Right_Position_z,Left_Gaze_Origin.x,Left_Gaze_Origin.y,Left_Gaze_Origin.z,Right_Gaze_Origin.x,Right_Gaze_Origin.y,Right_Gaze_Origin.z,Left_Gaze_Direction_x,Left_Gaze_Direction_y,Left_Gaze_Direction_z,Right_Gaze_Direction_x,Right_Gaze_Direction_y,Right_Gaze_Direction_z,Left_Pupil_Diameter,Right_Pupil_Diameter,Left_Openness,Right_Openness,ArtificialBlink_Flag,RBlinkCount,LBlinkCount,BrowerFlag
0,01999999,-14,05907,4,096018,-2,645571,-0,002766538,0,9994256,-0,0009107091,-0,03376253,0,0,0,0,0,0,0,0,0,0,0,0,0,0,0,0,0,0,0,0,0,0,1,1,1,False
0,03999998,-14,05907,4,08817,-2,645571,-0,002766538,0,9994256,-0,0009107091,-0,03376253,0,0,0,0,0,0,0,0,0,0,0,0,0,0,0,0,0,0,0,0,0,0,1,1,1,False
0,1362165,-14,05907,3,9596,-2,645571,-0,002766538,0,9994256,-0,0009107091,-0,03376253,0,0,0,0,0,0,0,0,0,0,0,0,0,0,0,0,0,0,0,0,0,0,1,1,1,False
0,1580939,-14,05907,3,925671,-2,645571,-0,002766538,0,9994256,-0,0009107091,-0,03376253,0,0,0,0,0,0,0,0,0,0,0,0,0,0,0,0,0,0,0,0,0,0,1,1,1,False
0,1775275,-14,05907,3,891827,-2,645571,-0,002766538,0,9994256,-0,0009107091,-0,03376253,0,0,0,0,0,0,0,0,0,0,0,0,0,0,0,0,0,0,0,0,0,0,1,1,1,False
0,1869546,-14,05907,3,874538,-2,645571,-0,002766538,0,9994256,-0,0009107091,-0,03376253,0,0,0,0,0,0,0,0,0,0,0,0,0,0,0,0,0,0,0,0,0,0,1,1,1,False
0,1943311,-14,05907,3,860476,-2,645571,-0,002766538,0,9994256,-0,0009107091,-0,03376253,0,0,0,0,0,0,0,0,0,0,0,0,0,0,0,0,0,0,0,0,0,0,1,1,1,False
0,201694,-14,05907,3,845907,-2,645571,-0,002766538,0,9994256,-0,0009107091,-0,03376253,0,0,0,0,0,0,0,0,0,0,0,0,0,0,0,0,0,0,0,0,0,0,1,1,1,False
0,2092686,-14,05907,3,830358,-2,645571,-0,002766538,0,9994256,-0,0009107091,-0,03376253,0,0,0,0,0,0,0,0,0,0,0,0,0,0,0,0,0,0,0,0,0,0,1,1,1,False
0,2162589,-14,05907,3,815528,-2,645571,-0,002766538,0,9994256,-0,0009107091,-0,03376253,0,0,0,0,0,0,0,0,0,0,0,0,0,0,0,0,0,0,0,0,0,0,1,1,1,False
0,2233254,-14,05907,3,800047,-2,645571,-0,002766538,0,9994256,-0,0009107091,-0,03376253,0,0,0,0,0,0,0,0,0,0,0,0,0,0,0,0,0,0,0,0,0,0,1,1,1,False
0,2313427,-14,05907,3,781852,-2,645571,-0,002766538,0,9994256,-0,0009107091,-0,03376253,0,0,0,0,0,0,0,0,0,0,0,0,0,0,0,0,0,0,0,0,0,0,1,1,1,False
0,2384852,-14,05907,3,765142,-2,645571,-0,002766538,0,9994256,-0,0009107091,-0,03376253,0,0,0,0,0,0,0,0,0,0,0,0,0,0,0,0,0,0,0,0,0,0,1,1,1,False
0,2453431,-14,05907,3,748637,-2,645571,-0,002766538,0,9994256,-0,0009107091,-0,03376253,0,0,0,0,0,0,0,0,0,0,0,0,0,0,0,0,0,0,0,0,0,0,1,1,1,False
0,2528152,-14,05907,3,730105,-2,645571,-0,002766538,0,9994256,-0,0009107091,-0,03376253,0,0,0,0,0,0,0,0,0,0,0,0,0,0,0,0,0,0,0,0,0,0,1,1,1,False
0,2596056,-14,05907,3,712812,-2,645571,-0,002766538,0,9994256,-0,0009107091,-0,03376253,0,0,0,0,0,0,0,0,0,0,0,0,0,0,0,0,0,0,0,0,0,0,1,1,1,False
0,2662098,-14,05907,3,695566,-2,645571,-0,002766538,0,9994256,-0,0009107091,-0,03376253,0,0,0,0,0,0,0,0,0,0,0,0,0,0,0,0,0,0,0,0,0,0,1,1,1,False
0,2741322,-14,05907,3,674261,-2,645571,-0,002766538,0,9994256,-0,0009107091,-0,03376253,0,0,0,0,0,0,0,0,0,0,0,0,0,0,0,0,0,0,0,0,0,0,1,1,1,False
0,2808911,-14,05907,3,655637,-2,645571,-0,002766538,0,9994256,-0,0009107091,-0,03376253,0,0,0,0,0,0,0,0,0,0,0,0,0,0,0,0,0,0,0,0,0,0,1,1,1,False
0,2885313,-14,05907,3,634012,-2,645571,-0,002766538,0,9994256,-0,0009107091,-0,03376253,0,0,0,0,0,0,0,0,0,0,0,0,0,0,0,0,0,0,0,0,0,0,1,1,1,False
0,2951209,-14,05907,3,614934,-2,645571,-0,002766538,0,9994256,-0,0009107091,-0,03376253,0,0,0,0,0,0,0,0,0,0,0,0,0,0,0,0,0,0,0,0,0,0,1,1,1,False
0,301679,-14,05907,3,595526,-2,645571,-0,002766538,0,9994256,-0,0009107091,-0,03376253,0,0,0,0,0,0,0,0,0,0,0,0,0,0,0,0,0,0,0,0,0,0,1,1,1,False
0,3093205,-14,05907,3,572339,-2,645571,-0,002766538,0,9994256,-0,0009107091,-0,03376253,0,0,0,0,0,0,0,0,0,0,0,0,0,0,0,0,0,0,0,0,0,0,1,1,1,False
0,3160419,-14,05907,3,5515,-2,645571,-0,002766538,0,9994256,-0,0009107091,-0,03376253,0,0,0,0,0,0,0,0,0,0,0,0,0,0,0,0,0,0,0,0,0,0,1,1,1,False
0,3228313,-14,05907,3,529999,-2,645571,-0,002766538,0,9994256,-0,0009107091,-0,03376253,0,0,0,0,0,0,0,0,0,0,0,0,0,0,0,0,0,0,0,0,0,0,1,1,1,False
0,3306598,-14,05907,3,504605,-2,645571,-0,002766538,0,9994256,-0,0009107091,-0,03376253,0,0,0,0,0,0,0,0,0,0,0,0,0,0,0,0,0,0,0,0,0,0,1,1,1,False
0,3377069,-14,05907,3,481259,-2,645571,-0,002766538,0,9994256,-0,0009107091,-0,03376253,0,0,0,0,0,0,0,0,0,0,0,0,0,0,0,0,0,0,0,0,0,0,1,1,1,False
0,3447837,-14,05907,3,457324,-2,645571,-0,002766538,0,9994256,-0,0009107091,-0,03376253,0,0,0,0,0,0,0,0,0,0,0,0,0,0,0,0,0,0,0,0,0,0,1,1,1,False
0,3524943,-14,05907,3,430661,-2,645571,-0,002766538,0,9994256,-0,0009107091,-0,03376253,0,0,0,0,0,0,0,0,0,0,0,0,0,0,0,0,0,0,0,0,0,0,1,1,1,False
0,3594543,-14,05907,3,406119,-2,645571,-0,002766538,0,9994256,-0,0009107091,-0,03376253,0,0,0,0,0,0,0,0,0,0,0,0,0,0,0,0,0,0,0,0,0,0,1,1,1,False
0,3663526,-14,05907,3,381327,-2,645571,-0,002766538,0,9994256,-0,0009107091,-0,03376253,0,0,0,0,0,0,0,0,0,0,0,0,0,0,0,0,0,0,0,0,0,0,1,1,1,False
0,3745098,-14,05907,3,351359,-2,645571,-0,002766538,0,9994256,-0,0009107091,-0,03376253,0,0,0,0,0,0,0,0,0,0,0,0,0,0,0,0,0,0,0,0,0,0,1,1,1,False
0,3813018,-14,05907,3,325953,-2,645571,-0,002766538,0,9994256,-0,0009107091,-0,03376253,0,0,0,0,0,0,0,0,0,0,0,0,0,0,0,0,0,0,0,0,0,0,1,1,1,False
0,3895246,-14,05907,3,294533,-2,645571,-0,002766538,0,9994256,-0,0009107091,-0,03376253,0,0,0,0,0,0,0,0,0,0,0,0,0,0,0,0,0,0,0,0,0,0,1,1,1,False
0,3963249,-14,05907,3,268094,-2,645571,-0,002766538,0,9994256,-0,0009107091,-0,03376253,0,0,0,0,0,0,0,0,0,0,0,0,0,0,0,0,0,0,0,0,0,0,1,1,1,False
0,403383,-14,05907,3,240164,-2,645571,-0,002766538,0,9994256,-0,0009107091,-0,03376253,0,0,0,0,0,0,0,0,0,0,0,0,0,0,0,0,0,0,0,0,0,0,1,1,1,False
0,4114264,-14,05907,3,207701,-2,645571,-0,002766538,0,9994256,-0,0009107091,-0,03376253,0,0,0,0,0,0,0,0,0,0,0,0,0,0,0,0,0,0,0,0,0,0,1,1,1,False
0,4185515,-14,05907,3,178446,-2,645571,-0,002766538,0,9994256,-0,0009107091,-0,03376253,0,0,0,0,0,0,0,0,0,0,0,0,0,0,0,0,0,0,0,0,0,0,1,1,1,False
0,4253788,-14,05907,3,149956,-2,645571,-0,002766538,0,9994256,-0,0009107091,-0,03376253,0,0,0,0,0,0,0,0,0,0,0,0,0,0,0,0,0,0,0,0,0,0,1,1,1,False
0,4337596,-14,05907,3,114295,-2,645571,-0,002766538,0,9994256,-0,0009107091,-0,03376253,0,0,0,0,0,0,0,0,0,0,0,0,0,0,0,0,0,0,0,0,0,0,1,1,1,False
0,4407774,-14,05907,3,08395,-2,645571,-0,002766538,0,9994256,-0,0009107091,-0,03376253,0,0,0,0,0,0,0,0,0,0,0,0,0,0,0,0,0,0,0,0,0,0,1,1,1,False
0,4489649,-14,05907,3,04789,-2,645571,-0,002766538,0,9994256,-0,0009107091,-0,03376253,0,0,0,0,0,0,0,0,0,0,0,0,0,0,0,0,0,0,0,0,0,0,1,1,1,False
0,4559833,-14,05907,3,016496,-2,645571,-0,002766538,0,9994256,-0,0009107091,-0,03376253,0,0,0,0,0,0,0,0,0,0,0,0,0,0,0,0,0,0,0,0,0,0,1,1,1,False
0,4630689,-14,05907,2,984309,-2,645571,-0,002766538,0,9994256,-0,0009107091,-0,03376253,0,0,0,0,0,0,0,0,0,0,0,0,0,0,0,0,0,0,0,0,0,0,1,1,1,False
0,4711401,-14,05907,2,947006,-2,645571,-0,002766538,0,9994256,-0,0009107091,-0,03376253,0,0,0,0,0,0,0,0,0,0,0,0,0,0,0,0,0,0,0,0,0,0,1,1,1,False
0,4794024,-14,05907,2,947006,-2,645571,-0,002766538,0,9994256,-0,0009107091,-0,03376253,0,0,0,0,0,0,0,0,0,0,0,0,0,0,0,0,0,0,0,0,0,0,1,1,1,False
0,4882182,-14,05907,2,947006,-2,645571,-0,002766538,0,9994256,-0,0009107091,-0,03376253,0,0,0,0,0,0,0,0,0,0,0,0,0,0,0,0,0,0,0,0,0,0,1,1,1,False
0,4964801,-14,05907,2,947006,-2,645571,-0,002766538,0,9994256,-0,0009107091,-0,03376253,0,0,0,0,0,0,0,0,0,0,0,0,0,0,0,0,0,0,0,0,0,0,1,1,1,False
0,5034017,-14,05907,2,947006,-2,645571,-0,002766538,0,9994256,-0,0009107091,-0,03376253,0,0,0,0,0,0,0,0,0,0,0,0,0,0,0,0,0,0,0,0,0,0,1,1,1,False
0,5115738,-14,05907,2,947006,-2,645571,-0,002766538,0,9994256,-0,0009107091,-0,03376253,0,0,0,0,0,0,0,0,0,0,0,0,0,0,0,0,0,0,0,0,0,0,1,1,1,False
0,5184586,-14,05907,2,947006,-2,645571,-0,002766538,0,9994256,-0,0009107091,-0,03376253,0,0,0,0,0,0,0,0,0,0,0,0,0,0,0,0,0,0,0,0,0,0,1,1,1,False
0,526024,-14,05907,2,947006,-2,645571,-0,002766538,0,9994256,-0,0009107091,-0,03376253,0,0,0,0,0,0,0,0,0,0,0,0,0,0,0,0,0,0,0,0,0,0,1,1,1,False
0,5338606,-14,05907,2,947006,-2,645571,-0,002766538,0,9994256,-0,0009107091,-0,03376253,0,0,0,0,0,0,0,0,0,0,0,0,0,0,0,0,0,0,0,0,0,0,1,1,1,False
0,5409415,-14,05907,2,947006,-2,645571,-0,002766538,0,9994256,-0,0009107091,-0,03376253,0,0,0,0,0,0,0,0,0,0,0,0,0,0,0,0,0,0,0,0,0,0,1,1,1,False
0,5486941,-14,05907,2,947006,-2,645571,-0,002766538,0,9994256,-0,0009107091,-0,03376253,0,0,0,0,0,0,0,0,0,0,0,0,0,0,0,0,0,0,0,0,0,0,1,1,1,False
0,555877,-14,05907,2,947006,-2,645571,-0,002766538,0,9994256,-0,0009107091,-0,03376253,0,0,0,0,0,0,0,0,0,0,0,0,0,0,0,0,0,0,0,0,0,0,1,1,1,False
0,5633298,-14,05907,2,947006,-2,645571,-0,002766538,0,9994256,-0,0009107091,-0,03376253,0,0,0,0,0,0,0,0,0,0,0,0,0,0,0,0,0,0,0,0,0,0,1,1,1,False
0,5717034,-14,05907,2,947006,-2,645571,-0,002766538,0,9994256,-0,0009107091,-0,03376253,0,0,0,0,0,0,0,0,0,0,0,0,0,0,0,0,0,0,0,0,0,0,1,1,1,False
0,5788719,-14,05907,2,947006,-2,645571,-0,002766538,0,9994256,-0,0009107091,-0,03376253,0,0,0,0,0,0,0,0,0,0,0,0,0,0,0,0,0,0,0,0,0,0,1,1,1,False
0,5865368,-14,05907,2,947006,-2,645571,-0,002766538,0,9994256,-0,0009107091,-0,03376253,0,0,0,0,0,0,0,0,0,0,0,0,0,0,0,0,0,0,0,0,0,0,1,1,1,False
0,5945598,-14,05907,2,947006,-2,645571,-0,002766538,0,9994256,-0,0009107091,-0,03376253,0,0,0,0,0,0,0,0,0,0,0,0,0,0,0,0,0,0,0,0,0,0,1,1,1,False
0,6023461,-14,05907,2,947006,-2,645571,-0,002766538,0,9994256,-0,0009107091,-0,03376253,0,0,0,0,0,0,0,0,0,0,0,0,0,0,0,0,0,0,0,0,0,0,1,1,1,False
0,610424,-14,05907,2,947006,-2,645571,-0,002766538,0,9994256,-0,0009107091,-0,03376253,0,0,0,0,0,0,0,0,0,0,0,0,0,0,0,0,0,0,0,0,0,0,1,1,1,False
0,6177688,-14,05907,2,947006,-2,645571,-0,002766538,0,9994256,-0,0009107091,-0,03376253,0,0,0,0,0,0,0,0,0,0,0,0,0,0,0,0,0,0,0,0,0,0,1,1,1,False
0,624646,-14,05907,2,947006,-2,645571,-0,002766538,0,9994256,-0,0009107091,-0,03376253,0,0,0,0,0,0,0,0,0,0,0,0,0,0,0,0,0,0,0,0,0,0,1,1,1,False
0,63268,-14,05907,2,947006,-2,645571,-0,002766538,0,9994256,-0,0009107091,-0,03376253,0,0,0,0,0,0,0,0,0,0,0,0,0,0,0,0,0,0,0,0,0,0,1,1,1,False
0,6396394,-14,05907,2,947006,-2,645571,-0,002766538,0,9994256,-0,0009107091,-0,03376253,0,0,0,0,0,0,0,0,0,0,0,0,0,0,0,0,0,0,0,0,0,0,1,1,1,False
0,6462312,-14,05907,2,947006,-2,645571,-0,002766538,0,9994256,-0,0009107091,-0,03376253,0,0,0,0,0,0,0,0,0,0,0,0,0,0,0,0,0,0,0,0,0,0,1,1,1,False
0,6545669,-14,05907,2,947006,-2,645571,-0,002766538,0,9994256,-0,0009107091,-0,03376253,0,0,0,0,0,0,0,0,0,0,0,0,0,0,0,0,0,0,0,0,0,0,1,1,1,False
0,6610819,-14,05907,2,947006,-2,645571,-0,002766538,0,9994256,-0,0009107091,-0,03376253,0,0,0,0,0,0,0,0,0,0,0,0,0,0,0,0,0,0,0,0,0,0,1,1,1,False
0,6687476,-14,05907,2,947006,-2,645571,-0,002766538,0,9994256,-0,0009107091,-0,03376253,0,0,0,0,0,0,0,0,0,0,0,0,0,0,0,0,0,0,0,0,0,0,1,1,1,False
0,6752183,-14,05907,2,947006,-2,645571,-0,002766538,0,9994256,-0,0009107091,-0,03376253,0,0,0,0,0,0,0,0,0,0,0,0,0,0,0,0,0,0,0,0,0,0,1,1,1,False
0,682298,-14,05907,2,947006,-2,645571,-0,002766538,0,9994256,-0,0009107091,-0,03376253,0,0,0,0,0,0,0,0,0,0,0,0,0,0,0,0,0,0,0,0,0,0,1,1,1,False
0,6897478,-14,05907,2,947006,-2,645571,-0,002766538,0,9994256,-0,0009107091,-0,03376253,0,0,0,0,0,0,0,0,0,0,0,0,0,0,0,0,0,0,0,0,0,0,1,1,1,False
0,6963028,-14,05907,2,947006,-2,645571,-0,002766538,0,9994256,-0,0009107091,-0,03376253,0,0,0,0,0,0,0,0,0,0,0,0,0,0,0,0,0,0,0,0,0,0,1,1,1,False
0,7027034,-14,05907,2,947006,-2,645571,-0,002766538,0,9994256,-0,0009107091,-0,03376253,0,0,0,0,0,0,0,0,0,0,0,0,0,0,0,0,0,0,0,0,0,0,1,1,1,False
0,7100242,-14,05907,2,947006,-2,645571,-0,002766538,0,9994256,-0,0009107091,-0,03376253,0,0,0,0,0,0,0,0,0,0,0,0,0,0,0,0,0,0,0,0,0,0,1,1,1,False
0,7164958,-14,05907,2,947006,-2,645571,-0,002766538,0,9994256,-0,0009107091,-0,03376253,0,0,0,0,0,0,0,0,0,0,0,0,0,0,0,0,0,0,0,0,0,0,1,1,1,False
0,7227643,-14,05907,2,947006,-2,645571,-0,002766538,0,9994256,-0,0009107091,-0,03376253,0,0,0,0,0,0,0,0,0,0,0,0,0,0,0,0,0,0,0,0,0,0,1,1,1,False
0,7301551,-14,05907,2,947006,-2,645571,-0,002766538,0,9994256,-0,0009107091,-0,03376253,0,0,0,0,0,0,0,0,0,0,0,0,0,0,0,0,0,0,0,0,0,0,1,1,1,False
0,7363605,-14,05907,2,947006,-2,645571,-0,002766538,0,9994256,-0,0009107091,-0,03376253,0,0,0,0,0,0,0,0,0,0,0,0,0,0,0,0,0,0,0,0,0,0,1,1,1,False
0,7428502,-14,05907,2,947006,-2,645571,-0,002766538,0,9994256,-0,0009107091,-0,03376253,0,0,0,0,0,0,0,0,0,0,0,0,0,0,0,0,0,0,0,0,0,0,1,1,1,False
0,7504561,-14,05907,2,947006,-2,645571,-0,002766538,0,9994256,-0,0009107091,-0,03376253,0,0,0,0,0,0,0,0,0,0,0,0,0,0,0,0,0,0,0,0,0,0,1,1,1,False
0,7567288,-14,05907,2,947006,-2,645571,-0,002766538,0,9994256,-0,0009107091,-0,03376253,0,0,0,0,0,0,0,0,0,0,0,0,0,0,0,0,0,0,0,0,0,0,1,1,1,False
0,7868693,-14,05907,2,947006,-2,645571,-0,002766538,0,9994256,-0,0009107091,-0,03376253,0,0,0,0,0,0,0,0,0,0,0,0,0,0,0,0,0,0,0,0,0,0,1,1,1,False
0,7942538,-14,05907,2,947006,-2,645571,-0,002766538,0,9994256,-0,0009107091,-0,03376253,0,0,0,0,0,0,0,0,0,0,0,0,0,0,0,0,0,0,0,0,0,0,1,1,1,False
0,8004721,-14,05907,2,947006,-2,645571,-0,002766538,0,9994256,-0,0009107091,-0,03376253,0,0,0,0,0,0,0,0,0,0,0,0,0,0,0,0,0,0,0,0,0,0,1,1,1,False
0,8077378,-14,05907,2,947006,-2,645571,-0,002766538,0,9994256,-0,0009107091,-0,03376253,0,0,0,0,0,0,0,0,0,0,0,0,0,0,0,0,0,0,0,0,0,0,1,1,1,False
0,8142188,-14,05907,2,947006,-2,645571,-0,002766538,0,9994256,-0,0009107091,-0,03376253,0,0,0,0,0,0,0,0,0,0,0,0,0,0,0,0,0,0,0,0,0,0,1,1,1,False
0,8208959,-14,05907,2,947006,-2,645571,-0,002766538,0,9994256,-0,0009107091,-0,03376253,0,0,0,0,0,0,0,0,0,0,0,0,0,0,0,0,0,0,0,0,0,0,1,1,1,False
0,8283786,-14,05907,2,947006,-2,645571,-0,002766538,0,9994256,-0,0009107091,-0,03376253,0,0,0,0,0,0,0,0,0,0,0,0,0,0,0,0,0,0,0,0,0,0,1,1,1,False
0,8349454,-14,05907,2,947006,-2,645571,-0,002766538,0,9994256,-0,0009107091,-0,03376253,0,0,0,0,0,0,0,0,0,0,0,0,0,0,0,0,0,0,0,0,0,0,1,1,1,False
0,8414562,-14,05907,2,947006,-2,645571,-0,002766538,0,9994256,-0,0009107091,-0,03376253,0,0,0,0,0,0,0,0,0,0,0,0,0,0,0,0,0,0,0,0,0,0,1,1,1,False
0,848572,-14,05907,2,947006,-2,645571,-0,002766538,0,9994256,-0,0009107091,-0,03376253,0,0,0,0,0,0,0,0,0,0,0,0,0,0,0,0,0,0,0,0,0,0,1,1,1,False
0,8552324,-14,05907,2,947006,-2,645571,-0,002766538,0,9994256,-0,0009107091,-0,03376253,0,0,0,0,0,0,0,0,0,0,0,0,0,0,0,0,0,0,0,0,0,0,1,1,1,False
0,8615893,-14,05907,2,947006,-2,645571,-0,002766538,0,9994256,-0,0009107091,-0,03376253,0,0,0,0,0,0,0,0,0,0,0,0,0,0,0,0,0,0,0,0,0,0,1,1,1,False
0,8688729,-14,05907,2,947006,-2,645571,-0,002766538,0,9994256,-0,0009107091,-0,03376253,0,0,0,0,0,0,0,0,0,0,0,0,0,0,0,0,0,0,0,0,0,0,1,1,1,False
0,875339,-14,05907,2,947006,-2,645571,-0,002766538,0,9994256,-0,0009107091,-0,03376253,0,0,0,0,0,0,0,0,0,0,0,0,0,0,0,0,0,0,0,0,0,0,1,1,1,False
0,8812823,-14,05907,2,947006,-2,645571,-0,002766538,0,9994256,-0,0009107091,-0,03376253,0,0,0,0,0,0,0,0,0,0,0,0,0,0,0,0,0,0,0,0,0,0,1,1,1,False
0,8884922,-14,05907,2,947006,-2,645571,-0,002766538,0,9994256,-0,0009107091,-0,03376253,0,0,0,0,0,0,0,0,0,0,0,0,0,0,0,0,0,0,0,0,0,0,1,1,1,False
0,8947257,-14,05907,2,947006,-2,645571,-0,002766538,0,9994256,-0,0009107091,-0,03376253,0,0,0,0,0,0,0,0,0,0,0,0,0,0,0,0,0,0,0,0,0,0,1,1,1,False
0,9026034,-14,05907,2,947006,-2,645571,-0,002766538,0,9994256,-0,0009107091,-0,03376253,0,0,0,0,0,0,0,0,0,0,0,0,0,0,0,0,0,0,0,0,0,0,1,1,1,False
0,910274,-14,05907,2,947006,-2,645571,-0,002766538,0,9994256,-0,0009107091,-0,03376253,0,0,0,0,0,0,0,0,0,0,0,0,0,0,0,0,0,0,0,0,0,0,1,1,1,False
0,9168389,-14,05907,2,947006,-2,645571,-0,002766538,0,9994256,-0,0009107091,-0,03376253,0,0,0,0,0,0,0,0,0,0,0,0,0,0,0,0,0,0,0,0,0,0,1,1,1,False
0,9231492,-14,05907,2,947006,-2,645571,-0,002766538,0,9994256,-0,0009107091,-0,03376253,0,0,0,0,0,0,0,0,0,0,0,0,0,0,0,0,0,0,0,0,0,0,1,1,1,False
0,9303284,-14,05907,2,947006,-2,645571,-0,002766538,0,9994256,-0,0009107091,-0,03376253,0,0,0,0,0,0,0,0,0,0,0,0,0,0,0,0,0,0,0,0,0,0,1,1,1,False
0,9365515,-14,05907,2,947006,-2,645571,-0,002766538,0,9994256,-0,0009107091,-0,03376253,0,0,0,0,0,0,0,0,0,0,0,0,0,0,0,0,0,0,0,0,0,0,1,1,1,False
0,9431522,-14,05907,2,947006,-2,645571,-0,002766538,0,9994256,-0,0009107091,-0,03376253,0,0,0,0,0,0,0,0,0,0,0,0,0,0,0,0,0,0,0,0,0,0,1,1,1,False
0,9504651,-14,05907,2,947006,-2,645571,-0,002766538,0,9994256,-0,0009107091,-0,03376253,0,0,0,0,0,0,0,0,0,0,0,0,0,0,0,0,0,0,0,0,0,0,1,1,1,False
0,9567893,-14,05907,2,947006,-2,645571,-0,002766538,0,9994256,-0,0009107091,-0,03376253,0,0,0,0,0,0,0,0,0,0,0,0,0,0,0,0,0,0,0,0,0,0,1,1,1,False
0,9632944,-14,05907,2,947006,-2,645571,-0,002766538,0,9994256,-0,0009107091,-0,03376253,0,0,0,0,0,0,0,0,0,0,0,0,0,0,0,0,0,0,0,0,0,0,1,1,1,False
0,9704853,-14,05907,2,947006,-2,645571,-0,002766538,0,9994256,-0,0009107091,-0,03376253,0,0,0,0,0,0,0,0,0,0,0,0,0,0,0,0,0,0,0,0,0,0,1,1,1,False
0,9775401,-14,05907,2,947006,-2,645571,-0,002766538,0,9994256,-0,0009107091,-0,03376253,0,0,0,0,0,0,0,0,0,0,0,0,0,0,0,0,0,0,0,0,0,0,1,1,1,False
0,9838652,-14,05907,2,947006,-2,645571,-0,002766538,0,9994256,-0,0009107091,-0,03376253,0,0,0,0,0,0,0,0,0,0,0,0,0,0,0,0,0,0,0,0,0,0,1,1,1,False
0,9909942,-14,05907,2,947006,-2,645571,-0,002766538,0,9994256,-0,0009107091,-0,03376253,0,0,0,0,0,0,0,0,0,0,0,0,0,0,0,0,0,0,0,0,0,0,1,1,1,False
0,9972356,-14,05907,2,947006,-2,645571,-0,002766538,0,9994256,-0,0009107091,-0,03376253,0,0,0,0,0,0,0,0,0,0,0,0,0,0,0,0,0,0,0,0,0,0,1,1,1,False
1,003613,-14,05907,2,947006,-2,645571,-0,002766538,0,9994256,-0,0009107091,-0,03376253,0,0,0,0,0,0,0,0,0,0,0,0,0,0,0,0,0,0,0,0,0,0,1,1,1,False
1,011044,-14,05907,2,947006,-2,645571,-0,002766538,0,9994256,-0,0009107091,-0,03376253,0,0,0,0,0,0,0,0,0,0,0,0,0,0,0,0,0,0,0,0,0,0,1,1,1,False
1,017402,-14,05907,2,947006,-2,645571,-0,002766538,0,9994256,-0,0009107091,-0,03376253,0,0,0,0,0,0,0,0,0,0,0,0,0,0,0,0,0,0,0,0,0,0,1,1,1,False
1,023877,-14,05907,2,947006,-2,645571,-0,002766538,0,9994256,-0,0009107091,-0,03376253,0,0,0,0,0,0,0,0,0,0,0,0,0,0,0,0,0,0,0,0,0,0,1,1,1,False
1,031026,-14,05907,2,947006,-2,645571,-0,002766538,0,9994256,-0,0009107091,-0,03376253,0,0,0,0,0,0,0,0,0,0,0,0,0,0,0,0,0,0,0,0,0,0,1,1,1,False
1,037269,-14,05907,2,947006,-2,645571,-0,002766538,0,9994256,-0,0009107091,-0,03376253,0,0,0,0,0,0,0,0,0,0,0,0,0,0,0,0,0,0,0,0,0,0,1,1,1,False
1,043681,-14,05907,2,947006,-2,645571,-0,002766538,0,9994256,-0,0009107091,-0,03376253,0,0,0,0,0,0,0,0,0,0,0,0,0,0,0,0,0,0,0,0,0,0,1,1,1,False
1,050871,-14,05907,2,947006,-2,645571,-0,002766538,0,9994256,-0,0009107091,-0,03376253,0,0,0,0,0,0,0,0,0,0,0,0,0,0,0,0,0,0,0,0,0,0,1,1,1,False
1,057259,-14,05907,2,947006,-2,645571,-0,002766538,0,9994256,-0,0009107091,-0,03376253,0,0,0,0,0,0,0,0,0,0,0,0,0,0,0,0,0,0,0,0,0,0,1,1,1,False
1,06355,-14,05907,2,947006,-2,645571,-0,002766538,0,9994256,-0,0009107091,-0,03376253,0,0,0,0,0,0,0,0,0,0,0,0,0,0,0,0,0,0,0,0,0,0,1,1,1,False
1,070739,-14,05907,2,947006,-2,645571,-0,002766538,0,9994256,-0,0009107091,-0,03376253,0,0,0,0,0,0,0,0,0,0,0,0,0,0,0,0,0,0,0,0,0,0,1,1,1,False
1,077297,-14,05907,2,947006,-2,645571,-0,002766538,0,9994256,-0,0009107091,-0,03376253,0,0,0,0,0,0,0,0,0,0,0,0,0,0,0,0,0,0,0,0,0,0,1,1,1,False
1,090135,-14,05907,2,947006,-2,645571,-0,002766538,0,9994256,-0,0009107091,-0,03376253,0,0,0,0,0,0,0,0,0,0,0,0,0,0,0,0,0,0,0,0,0,0,1,1,1,False
1,098118,-14,05907,2,947006,-2,645571,-0,002766538,0,9994256,-0,0009107091,-0,03376253,0,0,0,0,0,0,0,0,0,0,0,0,0,0,0,0,0,0,0,0,0,0,1,1,1,False
1,105101,-14,05907,2,947006,-2,645571,-0,002766538,0,9994256,-0,0009107091,-0,03376253,0,0,0,0,0,0,0,0,0,0,0,0,0,0,0,0,0,0,0,0,0,0,1,1,1,False
1,113006,-14,05907,2,947006,-2,645571,-0,002766538,0,9994256,-0,0009107091,-0,03376253,0,0,0,0,0,0,0,0,0,0,0,0,0,0,0,0,0,0,0,0,0,0,1,1,1,False
1,120112,-14,05907,2,947006,-2,645571,-0,002766538,0,9994256,-0,0009107091,-0,03376253,0,0,0,0,0,0,0,0,0,0,0,0,0,0,0,0,0,0,0,0,0,0,1,1,1,False
1,127817,-14,05907,2,947006,-2,645571,-0,002766538,0,9994256,-0,0009107091,-0,03376253,0,0,0,0,0,0,0,0,0,0,0,0,0,0,0,0,0,0,0,0,0,0,1,1,1,False
1,135024,-14,05907,2,947006,-2,645571,-0,002766538,0,9994256,-0,0009107091,-0,03376253,0,0,0,0,0,0,0,0,0,0,0,0,0,0,0,0,0,0,0,0,0,0,1,1,1,False
1,142025,-14,05907,2,947006,-2,645571,-0,002766538,0,9994256,-0,0009107091,-0,03376253,0,0,0,0,0,0,0,0,0,0,0,0,0,0,0,0,0,0,0,0,0,0,1,1,1,False
1,149936,-14,05907,2,947006,-2,645571,-0,002766538,0,9994256,-0,0009107091,-0,03376253,0,0,0,0,0,0,0,0,0,0,0,0,0,0,0,0,0,0,0,0,0,0,1,1,1,False
1,156947,-14,05907,2,947006,-2,645571,-0,002766538,0,9994256,-0,0009107091,-0,03376253,0,0,0,0,0,0,0,0,0,0,0,0,0,0,0,0,0,0,0,0,0,0,1,1,1,False
1,163507,-14,05907,2,947006,-2,645571,-0,002766538,0,9994256,-0,0009107091,-0,03376253,0,0,0,0,0,0,0,0,0,0,0,0,0,0,0,0,0,0,0,0,0,0,1,1,1,False
1,171199,-14,05907,2,947006,-2,645571,-0,002766538,0,9994256,-0,0009107091,-0,03376253,0,0,0,0,0,0,0,0,0,0,0,0,0,0,0,0,0,0,0,0,0,0,1,1,1,False
1,178415,-14,05907,2,947006,-2,645571,-0,002766538,0,9994256,-0,0009107091,-0,03376253,0,0,0,0,0,0,0,0,0,0,0,0,0,0,0,0,0,0,0,0,0,0,1,1,1,False
1,185699,-14,05907,2,947006,-2,645571,-0,002766538,0,9994256,-0,0009107091,-0,03376253,0,0,0,0,0,0,0,0,0,0,0,0,0,0,0,0,0,0,0,0,0,0,1,1,1,False
1,193558,-14,05907,2,947006,-2,645571,-0,002766538,0,9994256,-0,0009107091,-0,03376253,0,0,0,0,0,0,0,0,0,0,0,0,0,0,0,0,0,0,0,0,0,0,1,1,1,False
1,2002,-14,05907,2,947006,-2,645571,-0,002766538,0,9994256,-0,0009107091,-0,03376253,0,0,0,0,0,0,0,0,0,0,0,0,0,0,0,0,0,0,0,0,0,0,1,1,1,False
1,207435,-14,05907,2,947006,-2,645571,-0,002766538,0,9994256,-0,0009107091,-0,03376253,0,0,0,0,0,0,0,0,0,0,0,0,0,0,0,0,0,0,0,0,0,0,1,1,1,False
1,213907,-14,05907,2,947006,-2,645571,-0,002766538,0,9994256,-0,0009107091,-0,03376253,0,0,0,0,0,0,0,0,0,0,0,0,0,0,0,0,0,0,0,0,0,0,1,1,1,False
1,220577,-14,05907,2,947006,-2,645571,-0,002766538,0,9994256,-0,0009107091,-0,03376253,0,0,0,0,0,0,0,0,0,0,0,0,0,0,0,0,0,0,0,0,0,0,1,1,1,False
1,227951,-14,05907,2,947006,-2,645571,-0,002766538,0,9994256,-0,0009107091,-0,03376253,0,0,0,0,0,0,0,0,0,0,0,0,0,0,0,0,0,0,0,0,0,0,1,1,1,False
1,234278,-14,05907,2,947006,-2,645571,-0,002766538,0,9994256,-0,0009107091,-0,03376253,0,0,0,0,0,0,0,0,0,0,0,0,0,0,0,0,0,0,0,0,0,0,1,1,1,False
1,24111,-14,05907,2,947006,-2,645571,-0,002766538,0,9994256,-0,0009107091,-0,03376253,0,0,0,0,0,0,0,0,0,0,0,0,0,0,0,0,0,0,0,0,0,0,1,1,1,False
1,249214,-14,05907,2,947006,-2,645571,-0,002766538,0,9994256,-0,0009107091,-0,03376253,0,0,0,0,0,0,0,0,0,0,0,0,0,0,0,0,0,0,0,0,0,0,1,1,1,False
1,255375,-14,05907,2,947006,-2,645571,-0,002766538,0,9994256,-0,0009107091,-0,03376253,0,0,0,0,0,0,0,0,0,0,0,0,0,0,0,0,0,0,0,0,0,0,1,1,1,False
1,261688,-14,05907,2,947006,-2,645571,-0,002766538,0,9994256,-0,0009107091,-0,03376253,0,0,0,0,0,0,0,0,0,0,0,0,0,0,0,0,0,0,0,0,0,0,1,1,1,False
1,268775,-14,05907,2,947006,-2,645571,-0,002766538,0,9994256,-0,0009107091,-0,03376253,0,0,0,0,0,0,0,0,0,0,0,0,0,0,0,0,0,0,0,0,0,0,1,1,1,False
1,275167,-14,05907,2,947006,-2,645571,-0,002766538,0,9994256,-0,0009107091,-0,03376253,0,0,0,0,0,0,0,0,0,0,0,0,0,0,0,0,0,0,0,0,0,0,1,1,1,False
1,281754,-14,05907,2,947006,-2,645571,-0,002766538,0,9994256,-0,0009107091,-0,03376253,0,0,0,0,0,0,0,0,0,0,0,0,0,0,0,0,0,0,0,0,0,0,1,1,1,False
1,289529,-14,05907,2,947006,-2,645571,-0,002766538,0,9994256,-0,0009107091,-0,03376253,0,0,0,0,0,0,0,0,0,0,0,0,0,0,0,0,0,0,0,0,0,0,1,1,1,False
1,29577,-14,05907,2,947006,-2,645571,-0,002766538,0,9994256,-0,0009107091,-0,03376253,0,0,0,0,0,0,0,0,0,0,0,0,0,0,0,0,0,0,0,0,0,0,1,1,1,False
1,30206,-14,05907,2,947006,-2,645571,-0,002766538,0,9994256,-0,0009107091,-0,03376253,0,0,0,0,0,0,0,0,0,0,0,0,0,0,0,0,0,0,0,0,0,0,1,1,1,False
1,309167,-14,05907,2,947006,-2,645571,-0,002766538,0,9994256,-0,0009107091,-0,03376253,0,0,0,0,0,0,0,0,0,0,0,0,0,0,0,0,0,0,0,0,0,0,1,1,1,False
1,315302,-14,05907,2,947006,-2,645571,-0,002766538,0,9994256,-0,0009107091,-0,03376253,0,0,0,0,0,0,0,0,0,0,0,0,0,0,0,0,0,0,0,0,0,0,1,1,1,False
1,321708,-14,05907,2,947006,-2,645571,-0,002766538,0,9994256,-0,0009107091,-0,03376253,0,0,0,0,0,0,0,0,0,0,0,0,0,0,0,0,0,0,0,0,0,0,1,1,1,False
1,32911,-14,05907,2,947006,-2,645571,-0,002766538,0,9994256,-0,0009107091,-0,03376253,0,0,0,0,0,0,0,0,0,0,0,0,0,0,0,0,0,0,0,0,0,0,1,1,1,False
1,335382,-14,05907,2,947006,-2,645571,-0,002766538,0,9994256,-0,0009107091,-0,03376253,0,0,0,0,0,0,0,0,0,0,0,0,0,0,0,0,0,0,0,0,0,0,1,1,1,False
1,341569,-14,05907,2,947006,-2,645571,-0,002766538,0,9994256,-0,0009107091,-0,03376253,0,0,0,0,0,0,0,0,0,0,0,0,0,0,0,0,0,0,0,0,0,0,1,1,1,False
1,348795,-14,05907,2,947006,-2,645571,-0,002766538,0,9994256,-0,0009107091,-0,03376253,0,0,0,0,0,0,0,0,0,0,0,0,0,0,0,0,0,0,0,0,0,0,1,1,1,False
1,355041,-14,05907,2,947006,-2,645571,-0,002766538,0,9994256,-0,0009107091,-0,03376253,0,0,0,0,0,0,0,0,0,0,0,0,0,0,0,0,0,0,0,0,0,0,1,1,1,False
1,361296,-14,05907,2,947006,-2,645571,-0,002766538,0,9994256,-0,0009107091,-0,03376253,0,0,0,0,0,0,0,0,0,0,0,0,0,0,0,0,0,0,0,0,0,0,1,1,1,False
1,368441,-14,05907,2,947006,-2,645571,-0,002766538,0,9994256,-0,0009107091,-0,03376253,0,0,0,0,0,0,0,0,0,0,0,0,0,0,0,0,0,0,0,0,0,0,1,1,1,False
1,374534,-14,05907,2,947006,-2,645571,-0,002766538,0,9994256,-0,0009107091,-0,03376253,0,0,0,0,0,0,0,0,0,0,0,0,0,0,0,0,0,0,0,0,0,0,1,1,1,False
1,381041,-14,05907,2,947006,-2,645571,-0,002766538,0,9994256,-0,0009107091,-0,03376253,0,0,0,0,0,0,0,0,0,0,0,0,0,0,0,0,0,0,0,0,0,0,1,1,1,False
1,388322,-14,05907,2,947006,-2,645571,-0,002766538,0,9994256,-0,0009107091,-0,03376253,0,0,0,0,0,0,0,0,0,0,0,0,0,0,0,0,0,0,0,0,0,0,1,1,1,False
1,394631,-14,05907,2,947006,-2,645571,-0,002766538,0,9994256,-0,0009107091,-0,03376253,0,0,0,0,0,0,0,0,0,0,0,0,0,0,0,0,0,0,0,0,0,0,1,1,1,False
1,401196,-14,05907,2,947006,-2,645571,-0,002766538,0,9994256,-0,0009107091,-0,03376253,0,0,0,0,0,0,0,0,0,0,0,0,0,0,0,0,0,0,0,0,0,0,1,1,1,False
1,40829,-14,05907,2,947006,-2,645571,-0,002766538,0,9994256,-0,0009107091,-0,03376253,0,0,0,0,0,0,0,0,0,0,0,0,0,0,0,0,0,0,0,0,0,0,1,1,1,False
1,414624,-14,05907,2,947006,-2,645571,-0,002766538,0,9994256,-0,0009107091,-0,03376253,0,0,0,0,0,0,0,0,0,0,0,0,0,0,0,0,0,0,0,0,0,0,1,1,1,False
1,420846,-14,05907,2,947006,-2,645571,-0,002766538,0,9994256,-0,0009107091,-0,03376253,0,0,0,0,0,0,0,0,0,0,0,0,0,0,0,0,0,0,0,0,0,0,1,1,1,False
1,427994,-14,05907,2,947006,-2,645571,-0,002766538,0,9994256,-0,0009107091,-0,03376253,0,0,0,0,0,0,0,0,0,0,0,0,0,0,0,0,0,0,0,0,0,0,1,1,1,False
1,433924,-14,05907,2,947006,-2,645571,-0,002766538,0,9994256,-0,0009107091,-0,03376253,0,0,0,0,0,0,0,0,0,0,0,0,0,0,0,0,0,0,0,0,0,0,1,1,1,False
1,443121,-14,05907,2,947006,-2,645571,-0,002766538,0,9994256,-0,0009107091,-0,03376253,0,0,0,0,0,0,0,0,0,0,0,0,0,0,0,0,0,0,0,0,0,0,1,1,1,False
1,451161,-14,05907,2,947006,-2,645571,-0,002766538,0,9994256,-0,0009107091,-0,03376253,0,0,0,0,0,0,0,0,0,0,0,0,0,0,0,0,0,0,0,0,0,0,1,1,1,False
1,45784,-14,05907,2,947006,-2,645571,-0,002766538,0,9994256,-0,0009107091,-0,03376253,0,0,0,0,0,0,0,0,0,0,0,0,0,0,0,0,0,0,0,0,0,0,1,1,1,False
1,464737,-14,05907,2,947006,-2,645571,-0,002766538,0,9994256,-0,0009107091,-0,03376253,0,0,0,0,0,0,0,0,0,0,0,0,0,0,0,0,0,0,0,0,0,0,1,1,1,False
1,471682,-14,05907,2,947006,-2,645571,-0,002766538,0,9994256,-0,0009107091,-0,03376253,0,0,0,0,0,0,0,0,0,0,0,0,0,0,0,0,0,0,0,0,0,0,1,1,1,False
1,478017,-14,05907,2,947006,-2,645571,-0,002766538,0,9994256,-0,0009107091,-0,03376253,0,0,0,0,0,0,0,0,0,0,0,0,0,0,0,0,0,0,0,0,0,0,1,1,1,False
1,484519,-14,05907,2,947006,-2,645571,-0,002766538,0,9994256,-0,0009107091,-0,03376253,0,0,0,0,0,0,0,0,0,0,0,0,0,0,0,0,0,0,0,0,0,0,1,1,1,False
1,491988,-14,05907,2,947006,-2,645571,-0,002766538,0,9994256,-0,0009107091,-0,03376253,0,0,0,0,0,0,0,0,0,0,0,0,0,0,0,0,0,0,0,0,0,0,1,1,1,False
1,498434,-14,05907,2,947006,-2,645571,-0,002766538,0,9994256,-0,0009107091,-0,03376253,0,0,0,0,0,0,0,0,0,0,0,0,0,0,0,0,0,0,0,0,0,0,1,1,1,False
1,504946,-14,05907,2,947006,-2,645571,-0,002766538,0,9994256,-0,0009107091,-0,03376253,0,0,0,0,0,0,0,0,0,0,0,0,0,0,0,0,0,0,0,0,0,0,1,1,1,False
1,512585,-14,05907,2,947006,-2,645571,-0,002766538,0,9994256,-0,0009107091,-0,03376253,0,0,0,0,0,0,0,0,0,0,0,0,0,0,0,0,0,0,0,0,0,0,1,1,1,False
1,519266,-14,05907,2,947006,-2,645571,-0,002766538,0,9994256,-0,0009107091,-0,03376253,0,0,0,0,0,0,0,0,0,0,0,0,0,0,0,0,0,0,0,0,0,0,1,1,1,False
1,525664,-14,05907,2,947006,-2,645571,-0,002766538,0,9994256,-0,0009107091,-0,03376253,0,0,0,0,0,0,0,0,0,0,0,0,0,0,0,0,0,0,0,0,0,0,1,1,1,False
1,532858,-14,05907,2,947006,-2,645571,-0,002766538,0,9994256,-0,0009107091,-0,03376253,0,0,0,0,0,0,0,0,0,0,0,0,0,0,0,0,0,0,0,0,0,0,1,1,1,False
1,539936,-14,05907,2,947006,-2,645571,-0,002766538,0,9994256,-0,0009107091,-0,03376253,0,0,0,0,0,0,0,0,0,0,0,0,0,0,0,0,0,0,0,0,0,0,1,1,1,False
1,546288,-14,05907,2,947006,-2,645571,-0,002766538,0,9994256,-0,0009107091,-0,03376253,0,0,0,0,0,0,0,0,0,0,0,0,0,0,0,0,0,0,0,0,0,0,1,1,1,False
1,553638,-14,05907,2,947006,-2,645571,-0,002766538,0,9994256,-0,0009107091,-0,03376253,0,0,0,0,0,0,0,0,0,0,0,0,0,0,0,0,0,0,0,0,0,0,1,1,1,False
1,560128,-14,05907,2,947006,-2,645571,-0,002766538,0,9994256,-0,0009107091,-0,03376253,0,0,0,0,0,0,0,0,0,0,0,0,0,0,0,0,0,0,0,0,0,0,1,1,1,False
1,567329,-14,05907,2,947006,-2,645571,-0,002766538,0,9994256,-0,0009107091,-0,03376253,0,0,0,0,0,0,0,0,0,0,0,0,0,0,0,0,0,0,0,0,0,0,1,1,1,False
1,573809,-14,05907,2,947006,-2,645571,-0,002766538,0,9994256,-0,0009107091,-0,03376253,0,0,0,0,0,0,0,0,0,0,0,0,0,0,0,0,0,0,0,0,0,0,1,1,1,False
1,579987,-14,05907,2,947006,-2,645571,-0,002766538,0,9994256,-0,0009107091,-0,03376253,0,0,0,0,0,0,0,0,0,0,0,0,0,0,0,0,0,0,0,0,0,0,1,1,1,False
1,586939,-14,05907,2,947006,-2,645571,-0,002766538,0,9994256,-0,0009107091,-0,03376253,0,0,0,0,0,0,0,0,0,0,0,0,0,0,0,0,0,0,0,0,0,0,1,1,1,False
1,594235,-14,05907,2,947006,-2,645571,-0,002766538,0,9994256,-0,0009107091,-0,03376253,0,0,0,0,0,0,0,0,0,0,0,0,0,0,0,0,0,0,0,0,0,0,1,1,1,False
1,601093,-14,05907,2,947006,-2,645571,-0,002766538,0,9994256,-0,0009107091,-0,03376253,0,0,0,0,0,0,0,0,0,0,0,0,0,0,0,0,0,0,0,0,0,0,1,1,1,False
1,608093,-14,05907,2,947006,-2,645571,-0,002766538,0,9994256,-0,0009107091,-0,03376253,0,0,0,0,0,0,0,0,0,0,0,0,0,0,0,0,0,0,0,0,0,0,1,1,1,False
1,614488,-14,05907,2,947006,-2,645571,-0,002766538,0,9994256,-0,0009107091,-0,03376253,0,0,0,0,0,0,0,0,0,0,0,0,0,0,0,0,0,0,0,0,0,0,1,1,1,False
1,620972,-14,05907,2,947006,-2,645571,-0,002766538,0,9994256,-0,0009107091,-0,03376253,0,0,0,0,0,0,0,0,0,0,0,0,0,0,0,0,0,0,0,0,0,0,1,1,1,False
1,628524,-14,05907,2,947006,-2,645571,-0,002766538,0,9994256,-0,0009107091,-0,03376253,0,0,0,0,0,0,0,0,0,0,0,0,0,0,0,0,0,0,0,0,0,0,1,1,1,False
1,634837,-14,05907,2,947006,-2,645571,-0,002766538,0,9994256,-0,0009107091,-0,03376253,0,0,0,0,0,0,0,0,0,0,0,0,0,0,0,0,0,0,0,0,0,0,1,1,1,False
1,641087,-14,05907,2,947006,-2,645571,-0,002766538,0,9994256,-0,0009107091,-0,03376253,0,0,0,0,0,0,0,0,0,0,0,0,0,0,0,0,0,0,0,0,0,0,1,1,1,False
1,648289,-14,05907,2,947006,-2,645571,-0,002766538,0,9994256,-0,0009107091,-0,03376253,0,0,0,0,0,0,0,0,0,0,0,0,0,0,0,0,0,0,0,0,0,0,1,1,1,False
1,656693,-14,05907,2,947006,-2,645571,-0,002766538,0,9994256,-0,0009107091,-0,03376253,0,0,0,0,0,0,0,0,0,0,0,0,0,0,0,0,0,0,0,0,0,0,1,1,1,False
1,663424,-14,05907,2,947006,-2,645571,-0,002766538,0,9994256,-0,0009107091,-0,03376253,0,0,0,0,0,0,0,0,0,0,0,0,0,0,0,0,0,0,0,0,0,0,1,1,1,False
1,670723,-14,05907,2,947006,-2,645571,-0,002766538,0,9994256,-0,0009107091,-0,03376253,0,0,0,0,0,0,0,0,0,0,0,0,0,0,0,0,0,0,0,0,0,0,1,1,1,False
1,677501,-14,05907,2,947006,-2,645571,-0,002766538,0,9994256,-0,0009107091,-0,03376253,0,0,0,0,0,0,0,0,0,0,0,0,0,0,0,0,0,0,0,0,0,0,1,1,1,False
1,68514,-14,05907,2,947006,-2,645571,-0,002766538,0,9994256,-0,0009107091,-0,03376253,0,0,0,0,0,0,0,0,0,0,0,0,0,0,0,0,0,0,0,0,0,0,1,1,1,False
1,692657,-14,05907,2,947006,-2,645571,-0,002766538,0,9994256,-0,0009107091,-0,03376253,0,0,0,0,0,0,0,0,0,0,0,0,0,0,0,0,0,0,0,0,0,0,1,1,1,False
1,698993,-14,05907,2,947006,-2,645571,-0,002766538,0,9994256,-0,0009107091,-0,03376253,0,0,0,0,0,0,0,0,0,0,0,0,0,0,0,0,0,0,0,0,0,0,1,1,1,False
1,705124,-14,05907,2,947006,-2,645571,-0,002766538,0,9994256,-0,0009107091,-0,03376253,0,0,0,0,0,0,0,0,0,0,0,0,0,0,0,0,0,0,0,0,0,0,1,1,1,False
1,712603,-14,05907,2,947006,-2,645571,-0,002766538,0,9994256,-0,0009107091,-0,03376253,0,0,0,0,0,0,0,0,0,0,0,0,0,0,0,0,0,0,0,0,0,0,1,1,1,False
1,718868,-14,05907,2,947006,-2,645571,-0,002766538,0,9994256,-0,0009107091,-0,03376253,0,0,0,0,0,0,0,0,0,0,0,0,0,0,0,0,0,0,0,0,0,0,1,1,1,False
1,7252,-14,05907,2,947006,-2,645571,-0,002766538,0,9994256,-0,0009107091,-0,03376253,0,0,0,0,0,0,0,0,0,0,0,0,0,0,0,0,0,0,0,0,0,0,1,1,1,False
1,732274,-14,05907,2,947006,-2,645571,-0,002766538,0,9994256,-0,0009107091,-0,03376253,0,0,0,0,0,0,0,0,0,0,0,0,0,0,0,0,0,0,0,0,0,0,1,1,1,False
1,738825,-14,05907,2,947006,-2,645571,-0,002766538,0,9994256,-0,0009107091,-0,03376253,0,0,0,0,0,0,0,0,0,0,0,0,0,0,0,0,0,0,0,0,0,0,1,1,1,False
1,745125,-14,05907,2,947006,-2,645571,-0,002766538,0,9994256,-0,0009107091,-0,03376253,0,0,0,0,0,0,0,0,0,0,0,0,0,0,0,0,0,0,0,0,0,0,1,1,1,False
1,752648,-14,05907,2,947006,-2,645571,-0,002766538,0,9994256,-0,0009107091,-0,03376253,0,0,0,0,0,0,0,0,0,0,0,0,0,0,0,0,0,0,0,0,0,0,1,1,1,False
1,758883,-14,05907,2,947006,-2,645571,-0,002766538,0,9994256,-0,0009107091,-0,03376253,0,0,0,0,0,0,0,0,0,0,0,0,0,0,0,0,0,0,0,0,0,0,1,1,1,False
1,765051,-14,05907,2,947006,-2,645571,-0,002766538,0,9994256,-0,0009107091,-0,03376253,0,0,0,0,0,0,0,0,0,0,0,0,0,0,0,0,0,0,0,0,0,0,1,1,1,False
1,77252,-14,05907,2,947006,-2,645571,-0,002766538,0,9994256,-0,0009107091,-0,03376253,0,0,0,0,0,0,0,0,0,0,0,0,0,0,0,0,0,0,0,0,0,0,1,1,1,False
1,77903,-14,05907,2,947006,-2,645571,-0,002766538,0,9994256,-0,0009107091,-0,03376253,0,0,0,0,0,0,0,0,0,0,0,0,0,0,0,0,0,0,0,0,0,0,1,1,1,False
1,785765,-14,05907,2,947006,-2,645571,-0,002766538,0,9994256,-0,0009107091,-0,03376253,0,0,0,0,0,0,0,0,0,0,0,0,0,0,0,0,0,0,0,0,0,0,1,1,1,False
1,793205,-14,05907,2,947006,-2,645571,-0,002766538,0,9994256,-0,0009107091,-0,03376253,0,0,0,0,0,0,0,0,0,0,0,0,0,0,0,0,0,0,0,0,0,0,1,1,1,False
1,799695,-14,05907,2,947006,-2,645571,-0,002766538,0,9994256,-0,0009107091,-0,03376253,0,0,0,0,0,0,0,0,0,0,0,0,0,0,0,0,0,0,0,0,0,0,1,1,1,False
1,805905,-14,05907,2,947006,-2,645571,-0,002766538,0,9994256,-0,0009107091,-0,03376253,0,0,0,0,0,0,0,0,0,0,0,0,0,0,0,0,0,0,0,0,0,0,1,1,1,False
1,813354,-14,05907,2,947006,-2,645571,-0,002766538,0,9994256,-0,0009107091,-0,03376253,0,0,0,0,0,0,0,0,0,0,0,0,0,0,0,0,0,0,0,0,0,0,1,1,1,False
1,819742,-14,05907,2,947006,-2,645571,-0,002766538,0,9994256,-0,0009107091,-0,03376253,0,0,0,0,0,0,0,0,0,0,0,0,0,0,0,0,0,0,0,0,0,0,1,1,1,False
1,825964,-14,05907,2,947006,-2,645571,-0,002766538,0,9994256,-0,0009107091,-0,03376253,0,0,0,0,0,0,0,0,0,0,0,0,0,0,0,0,0,0,0,0,0,0,1,1,1,False
1,835178,-14,05907,2,947006,-2,645571,-0,002766538,0,9994256,-0,0009107091,-0,03376253,0,0,0,0,0,0,0,0,0,0,0,0,0,0,0,0,0,0,0,0,0,0,1,1,1,False
1,842788,-14,05907,2,947006,-2,645571,-0,002766538,0,9994256,-0,0009107091,-0,03376253,0,0,0,0,0,0,0,0,0,0,0,0,0,0,0,0,0,0,0,0,0,0,1,1,1,False
1,850991,-14,05907,2,947006,-2,645571,-0,002766538,0,9994256,-0,0009107091,-0,03376253,0,0,0,0,0,0,0,0,0,0,0,0,0,0,0,0,0,0,0,0,0,0,1,1,1,False
1,859449,-14,05907,2,947006,-2,645571,-0,002766538,0,9994256,-0,0009107091,-0,03376253,0,0,0,0,0,0,0,0,0,0,0,0,0,0,0,0,0,0,0,0,0,0,1,1,1,False
1,868694,-14,05907,2,947006,-2,645571,-0,002766538,0,9994256,-0,0009107091,-0,03376253,0,0,0,0,0,0,0,0,0,0,0,0,0,0,0,0,0,0,0,0,0,0,1,1,1,False
1,878014,-14,05907,2,947006,-2,645571,-0,002766538,0,9994256,-0,0009107091,-0,03376253,0,0,0,0,0,0,0,0,0,0,0,0,0,0,0,0,0,0,0,0,0,0,1,1,1,False
1,886642,-14,05907,2,947006,-2,645571,-0,002766538,0,9994256,-0,0009107091,-0,03376253,0,0,0,0,0,0,0,0,0,0,0,0,0,0,0,0,0,0,0,0,0,0,1,1,1,False
1,896376,-14,05907,2,947006,-2,645571,-0,002766538,0,9994256,-0,0009107091,-0,03376253,0,0,0,0,0,0,0,0,0,0,0,0,0,0,0,0,0,0,0,0,0,0,1,1,1,False
1,903718,-14,05907,2,947006,-2,645571,-0,002766538,0,9994256,-0,0009107091,-0,03376253,0,0,0,0,0,0,0,0,0,0,0,0,0,0,0,0,0,0,0,0,0,0,1,1,1,False
1,911891,-14,05907,2,947006,-2,645571,-0,002766538,0,9994256,-0,0009107091,-0,03376253,0,0,0,0,0,0,0,0,0,0,0,0,0,0,0,0,0,0,0,0,0,0,1,1,1,False
1,918985,-14,05907,2,947006,-2,645571,-0,002766538,0,9994256,-0,0009107091,-0,03376253,0,0,0,0,0,0,0,0,0,0,0,0,0,0,0,0,0,0,0,0,0,0,1,1,1,False
1,92666,-14,05907,2,947006,-2,645571,-0,002766538,0,9994256,-0,0009107091,-0,03376253,0,0,0,0,0,0,0,0,0,0,0,0,0,0,0,0,0,0,0,0,0,0,1,1,1,False
1,935995,-14,05907,2,947006,-2,645571,-0,002766538,0,9994256,-0,0009107091,-0,03376253,0,0,0,0,0,0,0,0,0,0,0,0,0,0,0,0,0,0,0,0,0,0,1,1,1,False
1,943046,-14,05907,2,947006,-2,645571,-0,002766538,0,9994256,-0,0009107091,-0,03376253,0,0,0,0,0,0,0,0,0,0,0,0,0,0,0,0,0,0,0,0,0,0,1,1,1,False
1,951026,-14,05907,2,947006,-2,645571,-0,002766538,0,9994256,-0,0009107091,-0,03376253,0,0,0,0,0,0,0,0,0,0,0,0,0,0,0,0,0,0,0,0,0,0,1,1,1,False
1,959175,-14,05907,2,947006,-2,645571,-0,002766538,0,9994256,-0,0009107091,-0,03376253,0,0,0,0,0,0,0,0,0,0,0,0,0,0,0,0,0,0,0,0,0,0,1,1,1,False
1,966278,-14,05907,2,947006,-2,645571,-0,002766538,0,9994256,-0,0009107091,-0,03376253,0,0,0,0,0,0,0,0,0,0,0,0,0,0,0,0,0,0,0,0,0,0,1,1,1,False
1,974177,-14,05907,2,947006,-2,645571,-0,002766538,0,9994256,-0,0009107091,-0,03376253,0,0,0,0,0,0,0,0,0,0,0,0,0,0,0,0,0,0,0,0,0,0,1,1,1,False
1,981122,-14,05907,2,947006,-2,645571,-0,002766538,0,9994256,-0,0009107091,-0,03376253,0,0,0,0,0,0,0,0,0,0,0,0,0,0,0,0,0,0,0,0,0,0,1,1,1,False
1,989075,-14,05907,2,947006,-2,645571,-0,002766538,0,9994256,-0,0009107091,-0,03376253,0,0,0,0,0,0,0,0,0,0,0,0,0,0,0,0,0,0,0,0,0,0,1,1,1,False
1,996393,-14,05907,2,947006,-2,645571,-0,002766538,0,9994256,-0,0009107091,-0,03376253,0,0,0,0,0,0,0,0,0,0,0,0,0,0,0,0,0,0,0,0,0,0,1,1,1,False
2,003441,-14,05907,2,947006,-2,645571,-0,002766538,0,9994256,-0,0009107091,-0,03376253,0,0,0,0,0,0,0,0,0,0,0,0,0,0,0,0,0,0,0,0,0,0,1,1,1,False
2,011297,-14,05907,2,947006,-2,645571,-0,002766538,0,9994256,-0,0009107091,-0,03376253,0,0,0,0,0,0,0,0,0,0,0,0,0,0,0,0,0,0,0,0,0,0,1,1,1,False
2,018394,-14,05907,2,947006,-2,645571,-0,002766538,0,9994256,-0,0009107091,-0,03376253,0,0,0,0,0,0,0,0,0,0,0,0,0,0,0,0,0,0,0,0,0,0,1,1,1,False
2,024714,-14,05907,2,947006,-2,645571,-0,002766538,0,9994256,-0,0009107091,-0,03376253,0,0,0,0,0,0,0,0,0,0,0,0,0,0,0,0,0,0,0,0,0,0,1,1,1,False
2,033644,-14,05907,2,947006,-2,645571,-0,002766538,0,9994256,-0,0009107091,-0,03376253,0,0,0,0,0,0,0,0,0,0,0,0,0,0,0,0,0,0,0,0,0,0,1,1,1,False
2,041067,-14,05907,2,947006,-2,645571,-0,002766538,0,9994256,-0,0009107091,-0,03376253,0,0,0,0,0,0,0,0,0,0,0,0,0,0,0,0,0,0,0,0,0,0,1,1,1,False
2,048964,-14,05907,2,947006,-2,645571,-0,002766538,0,9994256,-0,0009107091,-0,03376253,0,0,0,0,0,0,0,0,0,0,0,0,0,0,0,0,0,0,0,0,0,0,1,1,1,False
2,055788,-14,05907,2,947006,-2,645571,-0,002766538,0,9994256,-0,0009107091,-0,03376253,0,0,0,0,0,0,0,0,0,0,0,0,0,0,0,0,0,0,0,0,0,0,1,1,1,False
2,063102,-14,05907,2,947006,-2,645571,-0,002766538,0,9994256,-0,0009107091,-0,03376253,0,0,0,0,0,0,0,0,0,0,0,0,0,0,0,0,0,0,0,0,0,0,1,1,1,False
2,071422,-14,05907,2,947006,-2,645571,-0,002766538,0,9994256,-0,0009107091,-0,03376253,0,0,0,0,0,0,0,0,0,0,0,0,0,0,0,0,0,0,0,0,0,0,1,1,1,False
2,078609,-14,05907,2,947006,-2,645571,-0,002766538,0,9994256,-0,0009107091,-0,03376253,0,0,0,0,0,0,0,0,0,0,0,0,0,0,0,0,0,0,0,0,0,0,1,1,1,False
2,089814,-14,05907,2,947006,-2,645571,-0,002766538,0,9994256,-0,0009107091,-0,03376253,0,0,0,0,0,0,0,0,0,0,0,0,0,0,0,0,0,0,0,0,0,0,1,1,1,False
2,09763,-14,05907,2,947006,-2,645571,-0,002766538,0,9994256,-0,0009107091,-0,03376253,0,0,0,0,0,0,0,0,0,0,0,0,0,0,0,0,0,0,0,0,0,0,1,1,1,False
2,104566,-14,05907,2,947006,-2,645571,-0,002766538,0,9994256,-0,0009107091,-0,03376253,0,0,0,0,0,0,0,0,0,0,0,0,0,0,0,0,0,0,0,0,0,0,1,1,1,False
2,112472,-14,05907,2,947006,-2,645571,-0,002766538,0,9994256,-0,0009107091,-0,03376253,0,0,0,0,0,0,0,0,0,0,0,0,0,0,0,0,0,0,0,0,0,0,1,1,1,False
2,119423,-14,05907,2,947006,-2,645571,-0,002766538,0,9994256,-0,0009107091,-0,03376253,0,0,0,0,0,0,0,0,0,0,0,0,0,0,0,0,0,0,0,0,0,0,1,1,1,False
2,126553,-14,05907,2,947006,-2,645571,-0,002766538,0,9994256,-0,0009107091,-0,03376253,0,0,0,0,0,0,0,0,0,0,0,0,0,0,0,0,0,0,0,0,0,0,1,1,1,False
2,134441,-14,05907,2,947006,-2,645571,-0,002766538,0,9994256,-0,0009107091,-0,03376253,0,0,0,0,0,0,0,0,0,0,0,0,0,0,0,0,0,0,0,0,0,0,1,1,1,False
2,14219,-14,05907,2,947006,-2,645571,-0,002766538,0,9994256,-0,0009107091,-0,03376253,0,0,0,0,0,0,0,0,0,0,0,0,0,0,0,0,0,0,0,0,0,0,1,1,1,False
2,150082,-14,05907,2,947006,-2,645571,-0,002766538,0,9994256,-0,0009107091,-0,03376253,0,0,0,0,0,0,0,0,0,0,0,0,0,0,0,0,0,0,0,0,0,0,1,1,1,False
2,157056,-14,05907,2,947006,-2,645571,-0,002766538,0,9994256,-0,0009107091,-0,03376253,0,0,0,0,0,0,0,0,0,0,0,0,0,0,0,0,0,0,0,0,0,0,1,1,1,False
2,164352,-14,05907,2,947006,-2,645571,-0,002766538,0,9994256,-0,0009107091,-0,03376253,0,0,0,0,0,0,0,0,0,0,0,0,0,0,0,0,0,0,0,0,0,0,1,1,1,False
2,172621,-14,05907,2,947006,-2,645571,-0,002766538,0,9994256,-0,0009107091,-0,03376253,0,0,0,0,0,0,0,0,0,0,0,0,0,0,0,0,0,0,0,0,0,0,1,1,1,False
2,179971,-14,05907,2,947006,-2,645571,-0,002766538,0,9994256,-0,0009107091,-0,03376253,0,0,0,0,0,0,0,0,0,0,0,0,0,0,0,0,0,0,0,0,0,0,1,1,1,False
2,186493,-14,05907,2,947006,-2,645571,-0,002766538,0,9994256,-0,0009107091,-0,03376253,0,0,0,0,0,0,0,0,0,0,0,0,0,0,0,0,0,0,0,0,0,0,1,1,1,False
2,195417,-14,05907,2,947006,-2,645571,-0,002766538,0,9994256,-0,0009107091,-0,03376253,0,0,0,0,0,0,0,0,0,0,0,0,0,0,0,0,0,0,0,0,0,0,1,1,1,False
2,20253,-14,05907,2,947006,-2,645571,-0,002766538,0,9994256,-0,0009107091,-0,03376253,0,0,0,0,0,0,0,0,0,0,0,0,0,0,0,0,0,0,0,0,0,0,1,1,1,False
2,210279,-14,05907,2,947006,-2,645571,-0,002766538,0,9994256,-0,0009107091,-0,03376253,0,0,0,0,0,0,0,0,0,0,0,0,0,0,0,0,0,0,0,0,0,0,1,1,1,False
2,217452,-14,05907,2,947006,-2,645571,-0,002766538,0,9994256,-0,0009107091,-0,03376253,0,0,0,0,0,0,0,0,0,0,0,0,0,0,0,0,0,0,0,0,0,0,1,1,1,False
2,224066,-14,05907,2,947006,-2,645571,-0,002766538,0,9994256,-0,0009107091,-0,03376253,0,0,0,0,0,0,0,0,0,0,0,0,0,0,0,0,0,0,0,0,0,0,1,1,1,False
2,231511,-14,05907,2,947006,-2,645571,-0,002766538,0,9994256,-0,0009107091,-0,03376253,0,0,0,0,0,0,0,0,0,0,0,0,0,0,0,0,0,0,0,0,0,0,1,1,1,False
2,239039,-14,05907,2,947006,-2,645571,-0,002766538,0,9994256,-0,0009107091,-0,03376253,0,0,0,0,0,0,0,0,0,0,0,0,0,0,0,0,0,0,0,0,0,0,1,1,1,False
2,246051,-14,05907,2,947006,-2,645571,-0,002766538,0,9994256,-0,0009107091,-0,03376253,0,0,0,0,0,0,0,0,0,0,0,0,0,0,0,0,0,0,0,0,0,0,1,1,1,False
2,254139,-14,05907,2,947006,-2,645571,-0,002766538,0,9994256,-0,0009107091,-0,03376253,0,0,0,0,0,0,0,0,0,0,0,0,0,0,0,0,0,0,0,0,0,0,1,1,1,False
2,261222,-14,05907,2,947006,-2,645571,-0,002766538,0,9994256,-0,0009107091,-0,03376253,0,0,0,0,0,0,0,0,0,0,0,0,0,0,0,0,0,0,0,0,0,0,1,1,1,False
2,269871,-14,05907,2,947006,-2,645571,-0,002766538,0,9994256,-0,0009107091,-0,03376253,0,0,0,0,0,0,0,0,0,0,0,0,0,0,0,0,0,0,0,0,0,0,1,1,1,False
2,276368,-14,05907,2,947006,-2,645571,-0,002766538,0,9994256,-0,0009107091,-0,03376253,0,0,0,0,0,0,0,0,0,0,0,0,0,0,0,0,0,0,0,0,0,0,1,1,1,False
2,283734,-14,05907,2,947006,-2,645571,-0,002766538,0,9994256,-0,0009107091,-0,03376253,0,0,0,0,0,0,0,0,0,0,0,0,0,0,0,0,0,0,0,0,0,0,1,1,1,False
2,291324,-14,05907,2,947006,-2,645571,-0,002766538,0,9994256,-0,0009107091,-0,03376253,0,0,0,0,0,0,0,0,0,0,0,0,0,0,0,0,0,0,0,0,0,0,1,1,1,False
2,298754,-14,05907,2,947006,-2,645571,-0,002766538,0,9994256,-0,0009107091,-0,03376253,0,0,0,0,0,0,0,0,0,0,0,0,0,0,0,0,0,0,0,0,0,0,1,1,1,False
2,305824,-14,05907,2,947006,-2,645571,-0,002766538,0,9994256,-0,0009107091,-0,03376253,0,0,0,0,0,0,0,0,0,0,0,0,0,0,0,0,0,0,0,0,0,0,1,1,1,False
2,314029,-14,05907,2,947006,-2,645571,-0,002766538,0,9994256,-0,0009107091,-0,03376253,0,0,0,0,0,0,0,0,0,0,0,0,0,0,0,0,0,0,0,0,0,0,1,1,1,False
2,321337,-14,05907,2,947006,-2,645571,-0,002766538,0,9994256,-0,0009107091,-0,03376253,0,0,0,0,0,0,0,0,0,0,0,0,0,0,0,0,0,0,0,0,0,0,1,1,1,False
2,329701,-14,05907,2,947006,-2,645571,-0,002766538,0,9994256,-0,0009107091,-0,03376253,0,0,0,0,0,0,0,0,0,0,0,0,0,0,0,0,0,0,0,0,0,0,1,1,1,False
2,336671,-14,05907,2,947006,-2,645571,-0,002766538,0,9994256,-0,0009107091,-0,03376253,0,0,0,0,0,0,0,0,0,0,0,0,0,0,0,0,0,0,0,0,0,0,1,1,1,False
2,346531,-14,05907,2,947006,-2,645571,-0,002766538,0,9994256,-0,0009107091,-0,03376253,0,0,0,0,0,0,0,0,0,0,0,0,0,0,0,0,0,0,0,0,0,0,1,1,1,False
2,355716,-14,05907,2,947006,-2,645571,-0,002766538,0,9994256,-0,0009107091,-0,03376253,0,0,0,0,0,0,0,0,0,0,0,0,0,0,0,0,0,0,0,0,0,0,1,1,1,False
2,363432,-14,05907,2,947006,-2,645571,-0,002766538,0,9994256,-0,0009107091,-0,03376253,0,0,0,0,0,0,0,0,0,0,0,0,0,0,0,0,0,0,0,0,0,0,1,1,1,False
2,371367,-14,05907,2,947006,-2,645571,-0,002766538,0,9994256,-0,0009107091,-0,03376253,0,0,0,0,0,0,0,0,0,0,0,0,0,0,0,0,0,0,0,0,0,0,1,1,1,False
2,378775,-14,05907,2,947006,-2,645571,-0,002766538,0,9994256,-0,0009107091,-0,03376253,0,0,0,0,0,0,0,0,0,0,0,0,0,0,0,0,0,0,0,0,0,0,1,1,1,False
2,38742,-14,05907,2,947006,-2,645571,-0,002766538,0,9994256,-0,0009107091,-0,03376253,0,0,0,0,0,0,0,0,0,0,0,0,0,0,0,0,0,0,0,0,0,0,1,1,1,False
2,396992,-14,05907,2,947006,-2,645571,-0,002766538,0,9994256,-0,0009107091,-0,03376253,0,0,0,0,0,0,0,0,0,0,0,0,0,0,0,0,0,0,0,0,0,0,1,1,1,False
2,403235,-14,05907,2,947006,-2,645571,-0,002766538,0,9994256,-0,0009107091,-0,03376253,0,0,0,0,0,0,0,0,0,0,0,0,0,0,0,0,0,0,0,0,0,0,1,1,1,False
2,411528,-14,05907,2,947006,-2,645571,-0,002766538,0,9994256,-0,0009107091,-0,03376253,0,0,0,0,0,0,0,0,0,0,0,0,0,0,0,0,0,0,0,0,0,0,1,1,1,False
2,41847,-14,05907,2,947006,-2,645571,-0,002766538,0,9994256,-0,0009107091,-0,03376253,0,0,0,0,0,0,0,0,0,0,0,0,0,0,0,0,0,0,0,0,0,0,1,1,1,False
2,425587,-14,05907,2,947006,-2,645571,-0,002766538,0,9994256,-0,0009107091,-0,03376253,0,0,0,0,0,0,0,0,0,0,0,0,0,0,0,0,0,0,0,0,0,0,1,1,1,False
2,433445,-14,05907,2,947006,-2,645571,-0,002766538,0,9994256,-0,0009107091,-0,03376253,0,0,0,0,0,0,0,0,0,0,0,0,0,0,0,0,0,0,0,0,0,0,1,1,1,False
2,440838,-14,05907,2,947006,-2,645571,-0,002766538,0,9994256,-0,0009107091,-0,03376253,0,0,0,0,0,0,0,0,0,0,0,0,0,0,0,0,0,0,0,0,0,0,1,1,1,False
2,449568,-14,05907,2,947006,-2,645571,-0,002766538,0,9994256,-0,0009107091,-0,03376253,0,0,0,0,0,0,0,0,0,0,0,0,0,0,0,0,0,0,0,0,0,0,1,1,1,False
2,456624,-14,05907,2,947006,-2,645571,-0,002766538,0,9994256,-0,0009107091,-0,03376253,0,0,0,0,0,0,0,0,0,0,0,0,0,0,0,0,0,0,0,0,0,0,1,1,1,False
2,463662,-14,05907,2,947006,-2,645571,-0,002766538,0,9994256,-0,0009107091,-0,03376253,0,0,0,0,0,0,0,0,0,0,0,0,0,0,0,0,0,0,0,0,0,0,1,1,1,False
2,471441,-14,05907,2,947006,-2,645571,-0,002766538,0,9994256,-0,0009107091,-0,03376253,0,0,0,0,0,0,0,0,0,0,0,0,0,0,0,0,0,0,0,0,0,0,1,1,1,False
2,478438,-14,05907,2,947006,-2,645571,-0,002766538,0,9994256,-0,0009107091,-0,03376253,0,0,0,0,0,0,0,0,0,0,0,0,0,0,0,0,0,0,0,0,0,0,1,1,1,False
2,485384,-14,05907,2,947006,-2,645571,-0,002766538,0,9994256,-0,0009107091,-0,03376253,0,0,0,0,0,0,0,0,0,0,0,0,0,0,0,0,0,0,0,0,0,0,1,1,1,False
2,493461,-14,05907,2,947006,-2,645571,-0,002766538,0,9994256,-0,0009107091,-0,03376253,0,0,0,0,0,0,0,0,0,0,0,0,0,0,0,0,0,0,0,0,0,0,1,1,1,False
2,499953,-14,05907,2,947006,-2,645571,-0,002766538,0,9994256,-0,0009107091,-0,03376253,0,0,0,0,0,0,0,0,0,0,0,0,0,0,0,0,0,0,0,0,0,0,1,1,1,False
2,506827,-14,05907,2,947006,-2,645571,-0,002766538,0,9994256,-0,0009107091,-0,03376253,0,0,0,0,0,0,0,0,0,0,0,0,0,0,0,0,0,0,0,0,0,0,1,1,1,False
2,515326,-14,05907,2,947006,-2,645571,-0,002766538,0,9994256,-0,0009107091,-0,03376253,0,0,0,0,0,0,0,0,0,0,0,0,0,0,0,0,0,0,0,0,0,0,1,1,1,False
2,522696,-14,05907,2,947006,-2,645571,-0,002766538,0,9994256,-0,0009107091,-0,03376253,0,0,0,0,0,0,0,0,0,0,0,0,0,0,0,0,0,0,0,0,0,0,1,1,1,False
2,530765,-14,05907,2,947006,-2,645571,-0,002766538,0,9994256,-0,0009107091,-0,03376253,0,0,0,0,0,0,0,0,0,0,0,0,0,0,0,0,0,0,0,0,0,0,1,1,1,False
2,537945,-14,05907,2,947006,-2,645571,-0,002766538,0,9994256,-0,0009107091,-0,03376253,0,0,0,0,0,0,0,0,0,0,0,0,0,0,0,0,0,0,0,0,0,0,1,1,1,False
2,545202,-14,05907,2,947006,-2,645571,-0,002766538,0,9994256,-0,0009107091,-0,03376253,0,0,0,0,0,0,0,0,0,0,0,0,0,0,0,0,0,0,0,0,0,0,1,1,1,False
2,552953,-14,05907,2,947006,-2,645571,-0,002766538,0,9994256,-0,0009107091,-0,03376253,0,0,0,0,0,0,0,0,0,0,0,0,0,0,0,0,0,0,0,0,0,0,1,1,1,False
2,560292,-14,05907,2,947006,-2,645571,-0,002766538,0,9994256,-0,0009107091,-0,03376253,0,0,0,0,0,0,0,0,0,0,0,0,0,0,0,0,0,0,0,0,0,0,1,1,1,False
2,568305,-14,05907,2,947006,-2,645571,-0,002766538,0,9994256,-0,0009107091,-0,03376253,0,0,0,0,0,0,0,0,0,0,0,0,0,0,0,0,0,0,0,0,0,0,1,1,1,False
2,575295,-14,05907,2,947006,-2,645571,-0,002766538,0,9994256,-0,0009107091,-0,03376253,0,0,0,0,0,0,0,0,0,0,0,0,0,0,0,0,0,0,0,0,0,0,1,1,1,False
2,582232,-14,05907,2,947006,-2,645571,-0,002766538,0,9994256,-0,0009107091,-0,03376253,0,0,0,0,0,0,0,0,0,0,0,0,0,0,0,0,0,0,0,0,0,0,1,1,1,False
2,590134,-14,05907,2,947006,-2,645571,-0,002766538,0,9994256,-0,0009107091,-0,03376253,0,0,0,0,0,0,0,0,0,0,0,0,0,0,0,0,0,0,0,0,0,0,1,1,1,False
2,597376,-14,05907,2,947006,-2,645571,-0,002766538,0,9994256,-0,0009107091,-0,03376253,0,0,0,0,0,0,0,0,0,0,0,0,0,0,0,0,0,0,0,0,0,0,1,1,1,False
2,604106,-14,05907,2,947006,-2,645571,-0,002766538,0,9994256,-0,0009107091,-0,03376253,0,0,0,0,0,0,0,0,0,0,0,0,0,0,0,0,0,0,0,0,0,0,1,1,1,False
2,612588,-14,05907,2,947006,-2,645571,-0,002766538,0,9994256,-0,0009107091,-0,03376253,0,0,0,0,0,0,0,0,0,0,0,0,0,0,0,0,0,0,0,0,0,0,1,1,1,False
2,619347,-14,05907,2,947006,-2,645571,-0,002766538,0,9994256,-0,0009107091,-0,03376253,0,0,0,0,0,0,0,0,0,0,0,0,0,0,0,0,0,0,0,0,0,0,1,1,1,False
2,625945,-14,05907,2,947006,-2,645571,-0,002766538,0,9994256,-0,0009107091,-0,03376253,0,0,0,0,0,0,0,0,0,0,0,0,0,0,0,0,0,0,0,0,0,0,1,1,1,False
2,633204,-14,05907,2,947006,-2,645571,-0,002766538,0,9994256,-0,0009107091,-0,03376253,0,0,0,0,0,0,0,0,0,0,0,0,0,0,0,0,0,0,0,0,0,0,1,1,1,False
2,639968,-14,05907,2,947006,-2,645571,-0,002766538,0,9994256,-0,0009107091,-0,03376253,0,0,0,0,0,0,0,0,0,0,0,0,0,0,0,0,0,0,0,0,0,0,1,1,1,False
2,646338,-14,05907,2,947006,-2,645571,-0,002766538,0,9994256,-0,0009107091,-0,03376253,0,0,0,0,0,0,0,0,0,0,0,0,0,0,0,0,0,0,0,0,0,0,1,1,1,False
2,653659,-14,05907,2,947006,-2,645571,-0,002766538,0,9994256,-0,0009107091,-0,03376253,0,0,0,0,0,0,0,0,0,0,0,0,0,0,0,0,0,0,0,0,0,0,1,1,1,False
2,660206,-14,05907,2,947006,-2,645571,-0,002766538,0,9994256,-0,0009107091,-0,03376253,0,0,0,0,0,0,0,0,0,0,0,0,0,0,0,0,0,0,0,0,0,0,1,1,1,False
2,667371,-14,05907,2,947006,-2,645571,-0,002766538,0,9994256,-0,0009107091,-0,03376253,0,0,0,0,0,0,0,0,0,0,0,0,0,0,0,0,0,0,0,0,0,0,1,1,1,False
2,674487,-14,05907,2,947006,-2,645571,-0,002766538,0,9994256,-0,0009107091,-0,03376253,0,0,0,0,0,0,0,0,0,0,0,0,0,0,0,0,0,0,0,0,0,0,1,1,1,False
2,680896,-14,05907,2,947006,-2,645571,-0,002766538,0,9994256,-0,0009107091,-0,03376253,0,0,0,0,0,0,0,0,0,0,0,0,0,0,0,0,0,0,0,0,0,0,1,1,1,False
2,6886,-14,05907,2,947006,-2,645571,-0,002766538,0,9994256,-0,0009107091,-0,03376253,0,0,0,0,0,0,0,0,0,0,0,0,0,0,0,0,0,0,0,0,0,0,1,1,1,False
2,695174,-14,05907,2,947006,-2,645571,-0,002766538,0,9994256,-0,0009107091,-0,03376253,0,0,0,0,0,0,0,0,0,0,0,0,0,0,0,0,0,0,0,0,0,0,1,1,1,False
2,702642,-14,05907,2,947006,-2,645571,-0,002766538,0,9994256,-0,0009107091,-0,03376253,0,0,0,0,0,0,0,0,0,0,0,0,0,0,0,0,0,0,0,0,0,0,1,1,1,False
2,709987,-14,05907,2,947006,-2,645571,-0,002766538,0,9994256,-0,0009107091,-0,03376253,0,0,0,0,0,0,0,0,0,0,0,0,0,0,0,0,0,0,0,0,0,0,1,1,1,False
2,716676,-14,05907,2,947006,-2,645571,-0,002766538,0,9994256,-0,0009107091,-0,03376253,0,0,0,0,0,0,0,0,0,0,0,0,0,0,0,0,0,0,0,0,0,0,1,1,1,False
2,751611,-14,05907,2,947006,-2,645571,-0,002766538,0,9994256,-0,0009107091,-0,03376253,0,0,0,0,0,0,0,0,0,0,0,0,0,0,0,0,0,0,0,0,0,0,1,1,1,False
2,875563,-14,05907,2,947006,-2,645571,-0,002766538,0,9994256,-0,0009107091,-0,03376253,0,0,0,0,0,0,0,0,0,0,0,0,0,0,0,0,0,0,0,0,0,0,1,1,1,False
2,885879,-14,05907,2,947006,-2,645571,-0,002766538,0,9994256,-0,0009107091,-0,03376253,0,0,0,0,0,0,0,0,0,0,0,0,0,0,0,0,0,0,0,0,0,0,1,1,1,False
2,894068,-14,05907,2,947006,-2,645571,-0,002766538,0,9994256,-0,0009107091,-0,03376253,0,0,0,0,0,0,0,0,0,0,0,0,0,0,0,0,0,0,0,0,0,0,1,1,1,False
2,903436,-14,05907,2,947006,-2,645571,-0,002766538,0,9994256,-0,0009107091,-0,03376253,0,0,0,0,0,0,0,0,0,0,0,0,0,0,0,0,0,0,0,0,0,0,1,1,1,False
2,912449,-14,05907,2,947006,-2,645571,-0,002766538,0,9994256,-0,0009107091,-0,03376253,0,0,0,0,0,0,0,0,0,0,0,0,0,0,0,0,0,0,0,0,0,0,1,1,1,False
2,919746,-14,05907,2,947006,-2,645571,-0,002766538,0,9994256,-0,0009107091,-0,03376253,0,0,0,0,0,0,0,0,0,0,0,0,0,0,0,0,0,0,0,0,0,0,1,1,1,False
2,9267,-14,05907,2,947006,-2,645571,-0,002766538,0,9994256,-0,0009107091,-0,03376253,0,0,0,0,0,0,0,0,0,0,0,0,0,0,0,0,0,0,0,0,0,0,1,1,1,False
2,934751,-14,05907,2,947006,-2,645571,-0,002766538,0,9994256,-0,0009107091,-0,03376253,0,0,0,0,0,0,0,0,0,0,0,0,0,0,0,0,0,0,0,0,0,0,1,1,1,False
2,942208,-14,05907,2,947006,-2,645571,-0,002766538,0,9994256,-0,0009107091,-0,03376253,0,0,0,0,0,0,0,0,0,0,0,0,0,0,0,0,0,0,0,0,0,0,1,1,1,False
2,95066,-14,05907,2,947006,-2,645571,-0,002766538,0,9994256,-0,0009107091,-0,03376253,0,0,0,0,0,0,0,0,0,0,0,0,0,0,0,0,0,0,0,0,0,0,1,1,1,False
2,958669,-14,05907,2,947006,-2,645571,-0,002766538,0,9994256,-0,0009107091,-0,03376253,0,0,0,0,0,0,0,0,0,0,0,0,0,0,0,0,0,0,0,0,0,0,1,1,1,False
2,971955,-14,05907,2,947006,-2,645571,-0,002766538,0,9994256,-0,0009107091,-0,03376253,0,0,0,0,0,0,0,0,0,0,0,0,0,0,0,0,0,0,0,0,0,0,1,1,1,False
2,979961,-14,05907,2,947006,-2,645571,-0,002766538,0,9994256,-0,0009107091,-0,03376253,0,0,0,0,0,0,0,0,0,0,0,0,0,0,0,0,0,0,0,0,0,0,1,1,1,False
2,986962,-14,05907,2,947006,-2,645571,-0,002766538,0,9994256,-0,0009107091,-0,03376253,0,0,0,0,0,0,0,0,0,0,0,0,0,0,0,0,0,0,0,0,0,0,1,1,1,False
2,995253,-14,05907,2,947006,-2,645571,-0,002766538,0,9994256,-0,0009107091,-0,03376253,0,0,0,0,0,0,0,0,0,0,0,0,0,0,0,0,0,0,0,0,0,0,1,1,1,False
3,002563,-14,05907,2,947006,-2,645571,-0,002766538,0,9994256,-0,0009107091,-0,03376253,0,0,0,0,0,0,0,0,0,0,0,0,0,0,0,0,0,0,0,0,0,0,1,1,1,False
3,010485,-14,05907,2,947006,-2,645571,-0,002766538,0,9994256,-0,0009107091,-0,03376253,0,0,0,0,0,0,0,0,0,0,0,0,0,0,0,0,0,0,0,0,0,0,1,1,1,False
3,017705,-14,05907,2,947006,-2,645571,-0,002766538,0,9994256,-0,0009107091,-0,03376253,0,0,0,0,0,0,0,0,0,0,0,0,0,0,0,0,0,0,0,0,0,0,1,1,1,False
3,024666,-14,05907,2,947006,-2,645571,-0,002766538,0,9994256,-0,0009107091,-0,03376253,0,0,0,0,0,0,0,0,0,0,0,0,0,0,0,0,0,0,0,0,0,0,1,1,1,False
3,033113,-14,05907,2,947006,-2,645571,-0,002766538,0,9994256,-0,0009107091,-0,03376253,0,0,0,0,0,0,0,0,0,0,0,0,0,0,0,0,0,0,0,0,0,0,1,1,1,False
3,040534,-14,05907,2,947006,-2,645571,-0,002766538,0,9994256,-0,0009107091,-0,03376253,0,0,0,0,0,0,0,0,0,0,0,0,0,0,0,0,0,0,0,0,0,0,1,1,1,False
3,049428,-14,05907,2,947006,-2,645571,-0,002766538,0,9994256,-0,0009107091,-0,03376253,0,0,0,0,0,0,0,0,0,0,0,0,0,0,0,0,0,0,0,0,0,0,1,1,1,False
3,057302,-14,05907,2,947006,-2,645571,-0,002766538,0,9994256,-0,0009107091,-0,03376253,0,0,0,0,0,0,0,0,0,0,0,0,0,0,0,0,0,0,0,0,0,0,1,1,1,False
3,065447,-14,05907,2,947006,-2,645571,-0,002766538,0,9994256,-0,0009107091,-0,03376253,0,0,0,0,0,0,0,0,0,0,0,0,0,0,0,0,0,0,0,0,0,0,1,1,1,False
3,073813,-14,05907,2,947006,-2,645571,-0,002766538,0,9994256,-0,0009107091,-0,03376253,0,0,0,0,0,0,0,0,0,0,0,0,0,0,0,0,0,0,0,0,0,0,1,1,1,False
3,081493,-14,05907,2,947006,-2,645571,-0,002766538,0,9994256,-0,0009107091,-0,03376253,0,0,0,0,0,0,0,0,0,0,0,0,0,0,0,0,0,0,0,0,0,0,1,1,1,False
3,090281,-14,05907,2,947006,-2,645571,-0,002766538,0,9994256,-0,0009107091,-0,03376253,0,0,0,0,0,0,0,0,0,0,0,0,0,0,0,0,0,0,0,0,0,0,1,1,1,False
3,099207,-14,05907,2,947006,-2,645571,-0,002766538,0,9994256,-0,0009107091,-0,03376253,0,0,0,0,0,0,0,0,0,0,0,0,0,0,0,0,0,0,0,0,0,0,1,1,1,False
3,106641,-14,05907,2,947006,-2,645571,-0,002766538,0,9994256,-0,0009107091,-0,03376253,0,0,0,0,0,0,0,0,0,0,0,0,0,0,0,0,0,0,0,0,0,0,1,1,1,False
3,115264,-14,05907,2,947006,-2,645571,-0,002766538,0,9994256,-0,0009107091,-0,03376253,0,0,0,0,0,0,0,0,0,0,0,0,0,0,0,0,0,0,0,0,0,0,1,1,1,False
3,123727,-14,05907,2,947006,-2,645571,-0,002766538,0,9994256,-0,0009107091,-0,03376253,0,0,0,0,0,0,0,0,0,0,0,0,0,0,0,0,0,0,0,0,0,0,1,1,1,False
3,133066,-14,05907,2,947006,-2,645571,-0,002766538,0,9994256,-0,0009107091,-0,03376253,0,0,0,0,0,0,0,0,0,0,0,0,0,0,0,0,0,0,0,0,0,0,1,1,1,False
3,141223,-14,05907,2,947006,-2,645571,-0,002766538,0,9994256,-0,0009107091,-0,03376253,0,0,0,0,0,0,0,0,0,0,0,0,0,0,0,0,0,0,0,0,0,0,1,1,1,False
3,151087,-14,05907,2,947006,-2,645571,-0,002766538,0,9994256,-0,0009107091,-0,03376253,0,0,0,0,0,0,0,0,0,0,0,0,0,0,0,0,0,0,0,0,0,0,1,1,1,False
3,162566,-14,05907,2,947006,-2,645571,-0,002766538,0,9994256,-0,0009107091,-0,03376253,0,0,0,0,0,0,0,0,0,0,0,0,0,0,0,0,0,0,0,0,0,0,1,1,1,False
3,173868,-14,05907,2,947006,-2,645571,-0,002766538,0,9994256,-0,0009107091,-0,03376253,0,0,0,0,0,0,0,0,0,0,0,0,0,0,0,0,0,0,0,0,0,0,1,1,1,False
3,183661,-14,05907,2,947006,-2,645571,-0,002766538,0,9994256,-0,0009107091,-0,03376253,0,0,0,0,0,0,0,0,0,0,0,0,0,0,0,0,0,0,0,0,0,0,1,1,1,False
3,192966,-14,05907,2,947006,-2,645571,-0,002766538,0,9994256,-0,0009107091,-0,03376253,0,0,0,0,0,0,0,0,0,0,0,0,0,0,0,0,0,0,0,0,0,0,1,1,1,False
3,203511,-14,05907,2,947006,-2,645571,-0,002766538,0,9994256,-0,0009107091,-0,03376253,0,0,0,0,0,0,0,0,0,0,0,0,0,0,0,0,0,0,0,0,0,0,1,1,1,False
3,212567,-14,05907,2,947006,-2,645571,-0,002766538,0,9994256,-0,0009107091,-0,03376253,0,0,0,0,0,0,0,0,0,0,0,0,0,0,0,0,0,0,0,0,0,0,1,1,1,False
3,221205,-14,05907,2,947006,-2,645571,-0,002766538,0,9994256,-0,0009107091,-0,03376253,0,0,0,0,0,0,0,0,0,0,0,0,0,0,0,0,0,0,0,0,0,0,1,1,1,False
3,230103,-14,05907,2,947006,-2,645571,-0,002766538,0,9994256,-0,0009107091,-0,03376253,0,0,0,0,0,0,0,0,0,0,0,0,0,0,0,0,0,0,0,0,0,0,1,1,1,False
3,238318,-14,05907,2,947006,-2,645571,-0,002766538,0,9994256,-0,0009107091,-0,03376253,0,0,0,0,0,0,0,0,0,0,0,0,0,0,0,0,0,0,0,0,0,0,1,1,1,False
3,246227,-14,05907,2,947006,-2,645571,-0,002766538,0,9994256,-0,0009107091,-0,03376253,0,0,0,0,0,0,0,0,0,0,0,0,0,0,0,0,0,0,0,0,0,0,1,1,1,False
3,255412,-14,05907,2,947006,-2,645571,-0,002766538,0,9994256,-0,0009107091,-0,03376253,0,0,0,0,0,0,0,0,0,0,0,0,0,0,0,0,0,0,0,0,0,0,1,1,1,False
3,263811,-14,05907,2,947006,-2,645571,-0,002766538,0,9994256,-0,0009107091,-0,03376253,0,0,0,0,0,0,0,0,0,0,0,0,0,0,0,0,0,0,0,0,0,0,1,1,1,False
3,273115,-14,05907,2,947006,-2,645571,-0,002766538,0,9994256,-0,0009107091,-0,03376253,0,0,0,0,0,0,0,0,0,0,0,0,0,0,0,0,0,0,0,0,0,0,1,1,1,False
3,281339,-14,05907,2,947006,-2,645571,-0,002766538,0,9994256,-0,0009107091,-0,03376253,0,0,0,0,0,0,0,0,0,0,0,0,0,0,0,0,0,0,0,0,0,0,1,1,1,False
3,290268,-14,05907,2,947006,-2,645571,-0,002766538,0,9994256,-0,0009107091,-0,03376253,0,0,0,0,0,0,0,0,0,0,0,0,0,0,0,0,0,0,0,0,0,0,1,1,1,False
3,299475,-14,05907,2,947006,-2,645571,-0,002766538,0,9994256,-0,0009107091,-0,03376253,0,0,0,0,0,0,0,0,0,0,0,0,0,0,0,0,0,0,0,0,0,0,1,1,1,False
3,308125,-14,05907,2,947006,-2,645571,-0,002766538,0,9994256,-0,0009107091,-0,03376253,0,0,0,0,0,0,0,0,0,0,0,0,0,0,0,0,0,0,0,0,0,0,1,1,1,False
3,317235,-14,05907,2,947006,-2,645571,-0,002766538,0,9994256,-0,0009107091,-0,03376253,0,0,0,0,0,0,0,0,0,0,0,0,0,0,0,0,0,0,0,0,0,0,1,1,1,False
3,325255,-14,05907,2,947006,-2,645571,-0,002766538,0,9994256,-0,0009107091,-0,03376253,0,0,0,0,0,0,0,0,0,0,0,0,0,0,0,0,0,0,0,0,0,0,1,1,1,False
3,334743,-14,05907,2,947006,-2,645571,-0,002766538,0,9994256,-0,0009107091,-0,03376253,0,0,0,0,0,0,0,0,0,0,0,0,0,0,0,0,0,0,0,0,0,0,1,1,1,False
3,343366,-14,05907,2,947006,-2,645571,-0,002766538,0,9994256,-0,0009107091,-0,03376253,0,0,0,0,0,0,0,0,0,0,0,0,0,0,0,0,0,0,0,0,0,0,1,1,1,False
3,352493,-14,05907,2,947006,-2,645571,-0,002766538,0,9994256,-0,0009107091,-0,03376253,0,0,0,0,0,0,0,0,0,0,0,0,0,0,0,0,0,0,0,0,0,0,1,1,1,False
3,361035,-14,05907,2,947006,-2,645571,-0,002766538,0,9994256,-0,0009107091,-0,03376253,0,0,0,0,0,0,0,0,0,0,0,0,0,0,0,0,0,0,0,0,0,0,1,1,1,False
3,370204,-14,05907,2,947006,-2,645571,-0,002766538,0,9994256,-0,0009107091,-0,03376253,0,0,0,0,0,0,0,0,0,0,0,0,0,0,0,0,0,0,0,0,0,0,1,1,1,False
3,378524,-14,05907,2,947006,-2,645571,-0,002766538,0,9994256,-0,0009107091,-0,03376253,0,0,0,0,0,0,0,0,0,0,0,0,0,0,0,0,0,0,0,0,0,0,1,1,1,False
3,387171,-14,05907,2,947006,-2,645571,-0,002766538,0,9994256,-0,0009107091,-0,03376253,0,0,0,0,0,0,0,0,0,0,0,0,0,0,0,0,0,0,0,0,0,0,1,1,1,False
3,396244,-14,05907,2,947006,-2,645571,-0,002766538,0,9994256,-0,0009107091,-0,03376253,0,0,0,0,0,0,0,0,0,0,0,0,0,0,0,0,0,0,0,0,0,0,1,1,1,False
3,403834,-14,05907,2,947006,-2,645571,-0,002766538,0,9994256,-0,0009107091,-0,03376253,0,0,0,0,0,0,0,0,0,0,0,0,0,0,0,0,0,0,0,0,0,0,1,1,1,False
3,413716,-14,05907,2,947006,-2,645571,-0,002766538,0,9994256,-0,0009107091,-0,03376253,0,0,0,0,0,0,0,0,0,0,0,0,0,0,0,0,0,0,0,0,0,0,1,1,1,False
3,421998,-14,05907,2,947006,-2,645571,-0,002766538,0,9994256,-0,0009107091,-0,03376253,0,0,0,0,0,0,0,0,0,0,0,0,0,0,0,0,0,0,0,0,0,0,1,1,1,False
3,43128,-14,05907,2,947006,-2,645571,-0,002766538,0,9994256,-0,0009107091,-0,03376253,0,0,0,0,0,0,0,0,0,0,0,0,0,0,0,0,0,0,0,0,0,0,1,1,1,False
3,43933,-14,05907,2,947006,-2,645571,-0,002766538,0,9994256,-0,0009107091,-0,03376253,0,0,0,0,0,0,0,0,0,0,0,0,0,0,0,0,0,0,0,0,0,0,1,1,1,False
3,447691,-14,05907,2,947006,-2,645571,-0,002766538,0,9994256,-0,0009107091,-0,03376253,0,0,0,0,0,0,0,0,0,0,0,0,0,0,0,0,0,0,0,0,0,0,1,1,1,False
3,457072,-14,05907,2,947006,-2,645571,-0,002766538,0,9994256,-0,0009107091,-0,03376253,0,0,0,0,0,0,0,0,0,0,0,0,0,0,0,0,0,0,0,0,0,0,1,1,1,False
3,464608,-14,05907,2,947006,-2,645571,-0,002766538,0,9994256,-0,0009107091,-0,03376253,0,0,0,0,0,0,0,0,0,0,0,0,0,0,0,0,0,0,0,0,0,0,1,1,1,False
3,473656,-14,05907,2,947006,-2,645571,-0,002766538,0,9994256,-0,0009107091,-0,03376253,0,0,0,0,0,0,0,0,0,0,0,0,0,0,0,0,0,0,0,0,0,0,1,1,1,False
3,48173,-14,05907,2,947006,-2,645571,-0,002766538,0,9994256,-0,0009107091,-0,03376253,0,0,0,0,0,0,0,0,0,0,0,0,0,0,0,0,0,0,0,0,0,0,1,1,1,False
3,490698,-14,05907,2,947006,-2,645571,-0,002766538,0,9994256,-0,0009107091,-0,03376253,0,0,0,0,0,0,0,0,0,0,0,0,0,0,0,0,0,0,0,0,0,0,1,1,1,False
3,49894,-14,05907,2,947006,-2,645571,-0,002766538,0,9994256,-0,0009107091,-0,03376253,0,0,0,0,0,0,0,0,0,0,0,0,0,0,0,0,0,0,0,0,0,0,1,1,1,False
3,507411,-14,05907,2,947006,-2,645571,-0,002766538,0,9994256,-0,0009107091,-0,03376253,0,0,0,0,0,0,0,0,0,0,0,0,0,0,0,0,0,0,0,0,0,0,1,1,1,False
3,516671,-14,05907,2,947006,-2,645571,-0,002766538,0,9994256,-0,0009107091,-0,03376253,0,0,0,0,0,0,0,0,0,0,0,0,0,0,0,0,0,0,0,0,0,0,1,1,1,False
3,525035,-14,05907,2,947006,-2,645571,-0,002766538,0,9994256,-0,0009107091,-0,03376253,0,0,0,0,0,0,0,0,0,0,0,0,0,0,0,0,0,0,0,0,0,0,1,1,1,False
3,534617,-14,05907,2,947006,-2,645571,-0,002766538,0,9994256,-0,0009107091,-0,03376253,0,0,0,0,0,0,0,0,0,0,0,0,0,0,0,0,0,0,0,0,0,0,1,1,1,False
3,542094,-14,05907,2,947006,-2,645571,-0,002766538,0,9994256,-0,0009107091,-0,03376253,0,0,0,0,0,0,0,0,0,0,0,0,0,0,0,0,0,0,0,0,0,0,1,1,1,False
3,551708,-14,05907,2,947006,-2,645571,-0,002766538,0,9994256,-0,0009107091,-0,03376253,0,0,0,0,0,0,0,0,0,0,0,0,0,0,0,0,0,0,0,0,0,0,1,1,1,False
3,560004,-14,05907,2,947006,-2,645571,-0,002766538,0,9994256,-0,0009107091,-0,03376253,0,0,0,0,0,0,0,0,0,0,0,0,0,0,0,0,0,0,0,0,0,0,1,1,1,False
3,569577,-14,05907,2,947006,-2,645571,-0,002766538,0,9994256,-0,0009107091,-0,03376253,0,0,0,0,0,0,0,0,0,0,0,0,0,0,0,0,0,0,0,0,0,0,1,1,1,False
3,577595,-14,05907,2,947006,-2,645571,-0,002766538,0,9994256,-0,0009107091,-0,03376253,0,0,0,0,0,0,0,0,0,0,0,0,0,0,0,0,0,0,0,0,0,0,1,1,1,False
3,585742,-14,05907,2,947006,-2,645571,-0,002766538,0,9994256,-0,0009107091,-0,03376253,0,0,0,0,0,0,0,0,0,0,0,0,0,0,0,0,0,0,0,0,0,0,1,1,1,False
3,594668,-14,05907,2,947006,-2,645571,-0,002766538,0,9994256,-0,0009107091,-0,03376253,0,0,0,0,0,0,0,0,0,0,0,0,0,0,0,0,0,0,0,0,0,0,1,1,1,False
3,604492,-14,05907,2,947006,-2,645571,-0,002766538,0,9994256,-0,0009107091,-0,03376253,0,0,0,0,0,0,0,0,0,0,0,0,0,0,0,0,0,0,0,0,0,0,1,1,1,False
3,614053,-14,05907,2,947006,-2,645571,-0,002766538,0,9994256,-0,0009107091,-0,03376253,0,0,0,0,0,0,0,0,0,0,0,0,0,0,0,0,0,0,0,0,0,0,1,1,1,False
3,622539,-14,05907,2,947006,-2,645571,-0,002766538,0,9994256,-0,0009107091,-0,03376253,0,0,0,0,0,0,0,0,0,0,0,0,0,0,0,0,0,0,0,0,0,0,1,1,1,False
3,632074,-14,05907,2,947006,-2,645571,-0,002766538,0,9994256,-0,0009107091,-0,03376253,0,0,0,0,0,0,0,0,0,0,0,0,0,0,0,0,0,0,0,0,0,0,1,1,1,False
3,640301,-14,05907,2,947006,-2,645571,-0,002766538,0,9994256,-0,0009107091,-0,03376253,0,0,0,0,0,0,0,0,0,0,0,0,0,0,0,0,0,0,0,0,0,0,1,1,1,False
3,65009,-14,05907,2,947006,-2,645571,-0,002766538,0,9994256,-0,0009107091,-0,03376253,0,0,0,0,0,0,0,0,0,0,0,0,0,0,0,0,0,0,0,0,0,0,1,1,1,False
3,65841,-14,05907,2,947006,-2,645571,-0,002766538,0,9994256,-0,0009107091,-0,03376253,0,0,0,0,0,0,0,0,0,0,0,0,0,0,0,0,0,0,0,0,0,0,1,1,1,False
3,666962,-14,05907,2,947006,-2,645571,-0,002766538,0,9994256,-0,0009107091,-0,03376253,0,0,0,0,0,0,0,0,0,0,0,0,0,0,0,0,0,0,0,0,0,0,1,1,1,False
3,676298,-14,05907,2,947006,-2,645571,-0,002766538,0,9994256,-0,0009107091,-0,03376253,0,0,0,0,0,0,0,0,0,0,0,0,0,0,0,0,0,0,0,0,0,0,1,1,1,False
3,684794,-14,05907,2,947006,-2,645571,-0,002766538,0,9994256,-0,0009107091,-0,03376253,0,0,0,0,0,0,0,0,0,0,0,0,0,0,0,0,0,0,0,0,0,0,1,1,1,False
3,693909,-14,05907,2,947006,-2,645571,-0,002766538,0,9994256,-0,0009107091,-0,03376253,0,0,0,0,0,0,0,0,0,0,0,0,0,0,0,0,0,0,0,0,0,0,1,1,1,False
3,703512,-14,05907,2,947006,-2,645571,-0,002766538,0,9994256,-0,0009107091,-0,03376253,0,0,0,0,0,0,0,0,0,0,0,0,0,0,0,0,0,0,0,0,0,0,1,1,1,False
3,712607,-14,05907,2,947006,-2,645571,-0,002766538,0,9994256,-0,0009107091,-0,03376253,0,0,0,0,0,0,0,0,0,0,0,0,0,0,0,0,0,0,0,0,0,0,1,1,1,False
3,721662,-14,05907,2,947006,-2,645571,-0,002766538,0,9994256,-0,0009107091,-0,03376253,0,0,0,0,0,0,0,0,0,0,0,0,0,0,0,0,0,0,0,0,0,0,1,1,1,False
3,729941,-14,05907,2,947006,-2,645571,-0,002766538,0,9994256,-0,0009107091,-0,03376253,0,0,0,0,0,0,0,0,0,0,0,0,0,0,0,0,0,0,0,0,0,0,1,1,1,False
3,737786,-14,05907,2,947006,-2,645571,-0,002766538,0,9994256,-0,0009107091,-0,03376253,0,0,0,0,0,0,0,0,0,0,0,0,0,0,0,0,0,0,0,0,0,0,1,1,1,False
3,74588,-14,05907,2,947006,-2,645571,-0,002766538,0,9994256,-0,0009107091,-0,03376253,0,0,0,0,0,0,0,0,0,0,0,0,0,0,0,0,0,0,0,0,0,0,1,1,1,False
3,755126,-14,05907,2,947006,-2,645571,-0,002766538,0,9994256,-0,0009107091,-0,03376253,0,0,0,0,0,0,0,0,0,0,0,0,0,0,0,0,0,0,0,0,0,0,1,1,1,False
3,763274,-14,05907,2,947006,-2,645571,-0,002766538,0,9994256,-0,0009107091,-0,03376253,0,0,0,0,0,0,0,0,0,0,0,0,0,0,0,0,0,0,0,0,0,0,1,1,1,False
3,772828,-14,05907,2,947006,-2,645571,-0,002766538,0,9994256,-0,0009107091,-0,03376253,0,0,0,0,0,0,0,0,0,0,0,0,0,0,0,0,0,0,0,0,0,0,1,1,1,False
3,781292,-14,05907,2,947006,-2,645571,-0,002766538,0,9994256,-0,0009107091,-0,03376253,0,0,0,0,0,0,0,0,0,0,0,0,0,0,0,0,0,0,0,0,0,0,1,1,1,False
3,790559,-14,05907,2,947006,-2,645571,-0,002766538,0,9994256,-0,0009107091,-0,03376253,0,0,0,0,0,0,0,0,0,0,0,0,0,0,0,0,0,0,0,0,0,0,1,1,1,False
3,799046,-14,05907,2,947006,-2,645571,-0,002766538,0,9994256,-0,0009107091,-0,03376253,0,0,0,0,0,0,0,0,0,0,0,0,0,0,0,0,0,0,0,0,0,0,1,1,1,False
3,807679,-14,05907,2,947006,-2,645571,-0,002766538,0,9994256,-0,0009107091,-0,03376253,0,0,0,0,0,0,0,0,0,0,0,0,0,0,0,0,0,0,0,0,0,0,1,1,1,False
3,816758,-14,05907,2,947006,-2,645571,-0,002766538,0,9994256,-0,0009107091,-0,03376253,0,0,0,0,0,0,0,0,0,0,0,0,0,0,0,0,0,0,0,0,0,0,1,1,1,False
3,825117,-14,05907,2,947006,-2,645571,-0,002766538,0,9994256,-0,0009107091,-0,03376253,0,0,0,0,0,0,0,0,0,0,0,0,0,0,0,0,0,0,0,0,0,0,1,1,1,False
3,83448,-14,05907,2,947006,-2,645571,-0,002766538,0,9994256,-0,0009107091,-0,03376253,0,0,0,0,0,0,0,0,0,0,0,0,0,0,0,0,0,0,0,0,0,0,1,1,1,False
3,842664,-14,05907,2,947006,-2,645571,-0,002766538,0,9994256,-0,0009107091,-0,03376253,0,0,0,0,0,0,0,0,0,0,0,0,0,0,0,0,0,0,0,0,0,0,1,1,1,False
3,851894,-14,05907,2,947006,-2,645571,-0,002766538,0,9994256,-0,0009107091,-0,03376253,0,0,0,0,0,0,0,0,0,0,0,0,0,0,0,0,0,0,0,0,0,0,1,1,1,False
3,860596,-14,05907,2,947006,-2,645571,-0,002766538,0,9994256,-0,0009107091,-0,03376253,0,0,0,0,0,0,0,0,0,0,0,0,0,0,0,0,0,0,0,0,0,0,1,1,1,False
3,869772,-14,05907,2,947006,-2,645571,-0,002766538,0,9994256,-0,0009107091,-0,03376253,0,0,0,0,0,0,0,0,0,0,0,0,0,0,0,0,0,0,0,0,0,0,1,1,1,False
3,878216,-14,05907,2,947006,-2,645571,-0,002766538,0,9994256,-0,0009107091,-0,03376253,0,0,0,0,0,0,0,0,0,0,0,0,0,0,0,0,0,0,0,0,0,0,1,1,1,False
3,886216,-14,05907,2,947006,-2,645571,-0,002766538,0,9994256,-0,0009107091,-0,03376253,0,0,0,0,0,0,0,0,0,0,0,0,0,0,0,0,0,0,0,0,0,0,1,1,1,False
3,895618,-14,05907,2,947006,-2,645571,-0,002766538,0,9994256,-0,0009107091,-0,03376253,0,0,0,0,0,0,0,0,0,0,0,0,0,0,0,0,0,0,0,0,0,0,1,1,1,False
3,90433,-14,05907,2,947006,-2,645571,-0,002766538,0,9994256,-0,0009107091,-0,03376253,0,0,0,0,0,0,0,0,0,0,0,0,0,0,0,0,0,0,0,0,0,0,1,1,1,False
3,913605,-14,05907,2,947006,-2,645571,-0,002766538,0,9994256,-0,0009107091,-0,03376253,0,0,0,0,0,0,0,0,0,0,0,0,0,0,0,0,0,0,0,0,0,0,1,1,1,False
3,921603,-14,05907,2,947006,-2,645571,-0,002766538,0,9994256,-0,0009107091,-0,03376253,0,0,0,0,0,0,0,0,0,0,0,0,0,0,0,0,0,0,0,0,0,0,1,1,1,False
3,931402,-14,05907,2,947006,-2,645571,-0,002766538,0,9994256,-0,0009107091,-0,03376253,0,0,0,0,0,0,0,0,0,0,0,0,0,0,0,0,0,0,0,0,0,0,1,1,1,False
3,939794,-14,05907,2,947006,-2,645571,-0,002766538,0,9994256,-0,0009107091,-0,03376253,0,0,0,0,0,0,0,0,0,0,0,0,0,0,0,0,0,0,0,0,0,0,1,1,1,False
3,955001,-14,05907,2,947006,-2,645571,-0,002766538,0,9994256,-0,0009107091,-0,03376253,0,0,0,0,0,0,0,0,0,0,0,0,0,0,0,0,0,0,0,0,0,0,1,1,1,False
3,964125,-14,05907,2,947006,-2,645571,-0,002766538,0,9994256,-0,0009107091,-0,03376253,0,0,0,0,0,0,0,0,0,0,0,0,0,0,0,0,0,0,0,0,0,0,1,1,1,False
3,974266,-14,05907,2,947006,-2,645571,-0,002766538,0,9994256,-0,0009107091,-0,03376253,0,0,0,0,0,0,0,0,0,0,0,0,0,0,0,0,0,0,0,0,0,0,1,1,1,False
3,982644,-14,05907,2,947006,-2,645571,-0,002766538,0,9994256,-0,0009107091,-0,03376253,0,0,0,0,0,0,0,0,0,0,0,0,0,0,0,0,0,0,0,0,0,0,1,1,1,False
3,992214,-14,05907,2,947006,-2,645571,-0,002766538,0,9994256,-0,0009107091,-0,03376253,0,0,0,0,0,0,0,0,0,0,0,0,0,0,0,0,0,0,0,0,0,0,1,1,1,False
4,000466,-14,05907,2,947006,-2,645571,-0,002766538,0,9994256,-0,0009107091,-0,03376253,0,0,0,0,0,0,0,0,0,0,0,0,0,0,0,0,0,0,0,0,0,0,1,1,1,False
4,009823,-14,05907,2,947006,-2,645571,-0,002766538,0,9994256,-0,0009107091,-0,03376253,0,0,0,0,0,0,0,0,0,0,0,0,0,0,0,0,0,0,0,0,0,0,1,1,1,False
4,018262,-14,05907,2,947006,-2,645571,-0,002766538,0,9994256,-0,0009107091,-0,03376253,0,0,0,0,0,0,0,0,0,0,0,0,0,0,0,0,0,0,0,0,0,0,1,1,1,False
4,027096,-14,05907,2,947006,-2,645571,-0,002766538,0,9994256,-0,0009107091,-0,03376253,0,0,0,0,0,0,0,0,0,0,0,0,0,0,0,0,0,0,0,0,0,0,1,1,1,False
4,036733,-14,05907,2,947006,-2,645571,-0,002766538,0,9994256,-0,0009107091,-0,03376253,0,0,0,0,0,0,0,0,0,0,0,0,0,0,0,0,0,0,0,0,0,0,1,1,1,False
4,045288,-14,05907,2,947006,-2,645571,-0,002766538,0,9994256,-0,0009107091,-0,03376253,0,0,0,0,0,0,0,0,0,0,0,0,0,0,0,0,0,0,0,0,0,0,1,1,1,False
4,054419,-14,05907,2,947006,-2,645571,-0,002766538,0,9994256,-0,0009107091,-0,03376253,0,0,0,0,0,0,0,0,0,0,0,0,0,0,0,0,0,0,0,0,0,0,1,1,1,False
4,06246,-14,05907,2,947006,-2,645571,-0,002766538,0,9994256,-0,0009107091,-0,03376253,0,0,0,0,0,0,0,0,0,0,0,0,0,0,0,0,0,0,0,0,0,0,1,1,1,False
4,071722,-14,05907,2,947006,-2,645571,-0,002766538,0,9994256,-0,0009107091,-0,03376253,0,0,0,0,0,0,0,0,0,0,0,0,0,0,0,0,0,0,0,0,0,0,1,1,1,False
4,080206,-14,05907,2,947006,-2,645571,-0,002766538,0,9994256,-0,0009107091,-0,03376253,0,0,0,0,0,0,0,0,0,0,0,0,0,0,0,0,0,0,0,0,0,0,1,1,1,False
4,090002,-14,05907,2,947006,-2,645571,-0,002766538,0,9994256,-0,0009107091,-0,03376253,0,0,0,0,0,0,0,0,0,0,0,0,0,0,0,0,0,0,0,0,0,0,1,1,1,False
4,10038,-14,05907,2,947006,-2,645571,-0,002766538,0,9994256,-0,0009107091,-0,03376253,0,0,0,0,0,0,0,0,0,0,0,0,0,0,0,0,0,0,0,0,0,0,1,1,1,False
4,112234,-14,05907,2,947006,-2,645571,-0,002766538,0,9994256,-0,0009107091,-0,03376253,0,0,0,0,0,0,0,0,0,0,0,0,0,0,0,0,0,0,0,0,0,0,1,1,1,False
4,120381,-14,05907,2,947006,-2,645571,-0,002766538,0,9994256,-0,0009107091,-0,03376253,0,0,0,0,0,0,0,0,0,0,0,0,0,0,0,0,0,0,0,0,0,0,1,1,1,False
4,129761,-14,05907,2,947006,-2,645571,-0,002766538,0,9994256,-0,0009107091,-0,03376253,0,0,0,0,0,0,0,0,0,0,0,0,0,0,0,0,0,0,0,0,0,0,1,1,1,False
4,138375,-14,05907,2,947006,-2,645571,-0,002766538,0,9994256,-0,0009107091,-0,03376253,0,0,0,0,0,0,0,0,0,0,0,0,0,0,0,0,0,0,0,0,0,0,1,1,1,False
4,149847,-14,05907,2,947006,-2,645571,-0,002766538,0,9994256,-0,0009107091,-0,03376253,0,0,0,0,0,0,0,0,0,0,0,0,0,0,0,0,0,0,0,0,0,0,1,1,1,False
4,160456,-14,05907,2,947006,-2,645571,-0,002766538,0,9994256,-0,0009107091,-0,03376253,0,0,0,0,0,0,0,0,0,0,0,0,0,0,0,0,0,0,0,0,0,0,1,1,1,False
4,16938,-14,05907,2,947006,-2,645571,-0,002766538,0,9994256,-0,0009107091,-0,03376253,0,0,0,0,0,0,0,0,0,0,0,0,0,0,0,0,0,0,0,0,0,0,1,1,1,False
4,177269,-14,05907,2,947006,-2,645571,-0,002766538,0,9994256,-0,0009107091,-0,03376253,0,0,0,0,0,0,0,0,0,0,0,0,0,0,0,0,0,0,0,0,0,0,1,1,1,False
4,185242,-14,05907,2,947006,-2,645571,-0,002766538,0,9994256,-0,0009107091,-0,03376253,0,0,0,0,0,0,0,0,0,0,0,0,0,0,0,0,0,0,0,0,0,0,1,1,1,False
4,194293,-14,05907,2,947006,-2,645571,-0,002766538,0,9994256,-0,0009107091,-0,03376253,0,0,0,0,0,0,0,0,0,0,0,0,0,0,0,0,0,0,0,0,0,0,1,1,1,False
4,202634,-14,05907,2,947006,-2,645571,-0,002766538,0,9994256,-0,0009107091,-0,03376253,0,0,0,0,0,0,0,0,0,0,0,0,0,0,0,0,0,0,0,0,0,0,1,1,1,False
4,214075,-14,05907,2,947006,-2,645571,-0,002766538,0,9994256,-0,0009107091,-0,03376253,0,0,0,0,0,0,0,0,0,0,0,0,0,0,0,0,0,0,0,0,0,0,1,1,1,False
4,224155,-14,05907,2,947006,-2,645571,-0,002766538,0,9994256,-0,0009107091,-0,03376253,0,0,0,0,0,0,0,0,0,0,0,0,0,0,0,0,0,0,0,0,0,0,1,1,1,False
4,233629,-14,05907,2,947006,-2,645571,-0,002766538,0,9994256,-0,0009107091,-0,03376253,0,0,0,0,0,0,0,0,0,0,0,0,0,0,0,0,0,0,0,0,0,0,1,1,1,False
4,2419,-14,05907,2,947006,-2,645571,-0,002766538,0,9994256,-0,0009107091,-0,03376253,0,0,0,0,0,0,0,0,0,0,0,0,0,0,0,0,0,0,0,0,0,0,1,1,1,False
4,252889,-14,05907,2,947006,-2,645571,-0,002766538,0,9994256,-0,0009107091,-0,03376253,0,0,0,0,0,0,0,0,0,0,0,0,0,0,0,0,0,0,0,0,0,0,1,1,1,False
4,262944,-14,05907,2,947006,-2,645571,-0,002766538,0,9994256,-0,0009107091,-0,03376253,0,0,0,0,0,0,0,0,0,0,0,0,0,0,0,0,0,0,0,0,0,0,1,1,1,False
4,271909,-14,05907,2,947006,-2,645571,-0,002766538,0,9994256,-0,0009107091,-0,03376253,0,0,0,0,0,0,0,0,0,0,0,0,0,0,0,0,0,0,0,0,0,0,1,1,1,False
4,280155,-14,05907,2,947006,-2,645571,-0,002766538,0,9994256,-0,0009107091,-0,03376253,0,0,0,0,0,0,0,0,0,0,0,0,0,0,0,0,0,0,0,0,0,0,1,1,1,False
4,28966,-14,05907,2,947006,-2,645571,-0,002766538,0,9994256,-0,0009107091,-0,03376253,0,0,0,0,0,0,0,0,0,0,0,0,0,0,0,0,0,0,0,0,0,0,1,1,1,False
4,29785,-14,05907,2,947006,-2,645571,-0,002766538,0,9994256,-0,0009107091,-0,03376253,0,0,0,0,0,0,0,0,0,0,0,0,0,0,0,0,0,0,0,0,0,0,1,1,1,False
4,306426,-14,05907,2,947006,-2,645571,-0,002766538,0,9994256,-0,0009107091,-0,03376253,0,0,0,0,0,0,0,0,0,0,0,0,0,0,0,0,0,0,0,0,0,0,1,1,1,False
4,318274,-14,05907,2,947006,-2,645571,-0,002766538,0,9994256,-0,0009107091,-0,03376253,0,0,0,0,0,0,0,0,0,0,0,0,0,0,0,0,0,0,0,0,0,0,1,1,1,False
4,326268,-14,05907,2,947006,-2,645571,-0,002766538,0,9994256,-0,0009107091,-0,03376253,0,0,0,0,0,0,0,0,0,0,0,0,0,0,0,0,0,0,0,0,0,0,1,1,1,False
4,33593,-14,05907,2,947006,-2,645571,-0,002766538,0,9994256,-0,0009107091,-0,03376253,0,0,0,0,0,0,0,0,0,0,0,0,0,0,0,0,0,0,0,0,0,0,1,1,1,False
4,343919,-14,05907,2,947006,-2,645571,-0,002766538,0,9994256,-0,0009107091,-0,03376253,0,0,0,0,0,0,0,0,0,0,0,0,0,0,0,0,0,0,0,0,0,0,1,1,1,False
4,352857,-14,05907,2,947006,-2,645571,-0,002766538,0,9994256,-0,0009107091,-0,03376253,0,0,0,0,0,0,0,0,0,0,0,0,0,0,0,0,0,0,0,0,0,0,1,1,1,False
4,361021,-14,05907,2,947006,-2,645571,-0,002766538,0,9994256,-0,0009107091,-0,03376253,0,0,0,0,0,0,0,0,0,0,0,0,0,0,0,0,0,0,0,0,0,0,1,1,1,False
4,369961,-14,05907,2,947006,-2,645571,-0,002766538,0,9994256,-0,0009107091,-0,03376253,0,0,0,0,0,0,0,0,0,0,0,0,0,0,0,0,0,0,0,0,0,0,1,1,1,False
4,380271,-14,05907,2,947006,-2,645571,-0,002766538,0,9994256,-0,0009107091,-0,03376253,0,0,0,0,0,0,0,0,0,0,0,0,0,0,0,0,0,0,0,0,0,0,1,1,1,False
4,389652,-14,05907,2,947006,-2,645571,-0,002766538,0,9994256,-0,0009107091,-0,03376253,0,0,0,0,0,0,0,0,0,0,0,0,0,0,0,0,0,0,0,0,0,0,1,1,1,False
4,397593,-14,05907,2,947006,-2,645571,-0,002766538,0,9994256,-0,0009107091,-0,03376253,0,0,0,0,0,0,0,0,0,0,0,0,0,0,0,0,0,0,0,0,0,0,1,1,1,False
4,405915,-14,05907,2,947006,-2,645571,-0,002766538,0,9994256,-0,0009107091,-0,03376253,0,0,0,0,0,0,0,0,0,0,0,0,0,0,0,0,0,0,0,0,0,0,1,1,1,False
4,41499,-14,05907,2,947006,-2,645571,-0,002766538,0,9994256,-0,0009107091,-0,03376253,0,0,0,0,0,0,0,0,0,0,0,0,0,0,0,0,0,0,0,0,0,0,1,1,1,False
4,423271,-14,05907,2,947006,-2,645571,-0,002766538,0,9994256,-0,0009107091,-0,03376253,0,0,0,0,0,0,0,0,0,0,0,0,0,0,0,0,0,0,0,0,0,0,1,1,1,False
4,432214,-14,05907,2,947006,-2,645571,-0,002766538,0,9994256,-0,0009107091,-0,03376253,0,0,0,0,0,0,0,0,0,0,0,0,0,0,0,0,0,0,0,0,0,0,1,1,1,False
4,440187,-14,05907,2,947006,-2,645571,-0,002766538,0,9994256,-0,0009107091,-0,03376253,0,0,0,0,0,0,0,0,0,0,0,0,0,0,0,0,0,0,0,0,0,0,1,1,1,False
4,448778,-14,05907,2,947006,-2,645571,-0,002766538,0,9994256,-0,0009107091,-0,03376253,0,0,0,0,0,0,0,0,0,0,0,0,0,0,0,0,0,0,0,0,0,0,1,1,1,False
4,45672,-14,05907,2,947006,-2,645571,-0,002766538,0,9994256,-0,0009107091,-0,03376253,0,0,0,0,0,0,0,0,0,0,0,0,0,0,0,0,0,0,0,0,0,0,1,1,1,False
4,464888,-14,05907,2,947006,-2,645571,-0,002766538,0,9994256,-0,0009107091,-0,03376253,0,0,0,0,0,0,0,0,0,0,0,0,0,0,0,0,0,0,0,0,0,0,1,1,1,False
4,475501,-14,05907,2,947006,-2,645571,-0,002766538,0,9994256,-0,0009107091,-0,03376253,0,0,0,0,0,0,0,0,0,0,0,0,0,0,0,0,0,0,0,0,0,0,1,1,1,False
4,484977,-14,05907,2,947006,-2,645571,-0,002766538,0,9994256,-0,0009107091,-0,03376253,0,0,0,0,0,0,0,0,0,0,0,0,0,0,0,0,0,0,0,0,0,0,1,1,1,False
4,496561,-14,05907,2,947006,-2,645571,-0,002766538,0,9994256,-0,0009107091,-0,03376253,0,0,0,0,0,0,0,0,0,0,0,0,0,0,0,0,0,0,0,0,0,0,1,1,1,False
4,504431,-14,05907,2,947006,-2,645571,-0,002766538,0,9994256,-0,0009107091,-0,03376253,0,0,0,0,0,0,0,0,0,0,0,0,0,0,0,0,0,0,0,0,0,0,1,1,1,False
4,513848,-14,05907,2,947006,-2,645571,-0,002766538,0,9994256,-0,0009107091,-0,03376253,0,0,0,0,0,0,0,0,0,0,0,0,0,0,0,0,0,0,0,0,0,0,1,1,1,False
4,521414,-14,05907,2,947006,-2,645571,-0,002766538,0,9994256,-0,0009107091,-0,03376253,0,0,0,0,0,0,0,0,0,0,0,0,0,0,0,0,0,0,0,0,0,0,1,1,1,False
4,530272,-14,05907,2,947006,-2,645571,-0,002766538,0,9994256,-0,0009107091,-0,03376253,0,0,0,0,0,0,0,0,0,0,0,0,0,0,0,0,0,0,0,0,0,0,1,1,1,False
4,538312,-14,05907,2,947006,-2,645571,-0,002766538,0,9994256,-0,0009107091,-0,03376253,0,0,0,0,0,0,0,0,0,0,0,0,0,0,0,0,0,0,0,0,0,0,1,1,1,False
4,547626,-14,05907,2,947006,-2,645571,-0,002766538,0,9994256,-0,0009107091,-0,03376253,0,0,0,0,0,0,0,0,0,0,0,0,0,0,0,0,0,0,0,0,0,0,1,1,1,False
4,555743,-14,05907,2,947006,-2,645571,-0,002766538,0,9994256,-0,0009107091,-0,03376253,0,0,0,0,0,0,0,0,0,0,0,0,0,0,0,0,0,0,0,0,0,0,1,1,1,False
4,56377,-14,05907,2,947006,-2,645571,-0,002766538,0,9994256,-0,0009107091,-0,03376253,0,0,0,0,0,0,0,0,0,0,0,0,0,0,0,0,0,0,0,0,0,0,1,1,1,False
4,571821,-14,05907,2,947006,-2,645571,-0,002766538,0,9994256,-0,0009107091,-0,03376253,0,0,0,0,0,0,0,0,0,0,0,0,0,0,0,0,0,0,0,0,0,0,1,1,1,False
4,579976,-14,05907,2,947006,-2,645571,-0,002766538,0,9994256,-0,0009107091,-0,03376253,0,0,0,0,0,0,0,0,0,0,0,0,0,0,0,0,0,0,0,0,0,0,1,1,1,False
4,587862,-14,05907,2,947006,-2,645571,-0,002766538,0,9994256,-0,0009107091,-0,03376253,0,0,0,0,0,0,0,0,0,0,0,0,0,0,0,0,0,0,0,0,0,0,1,1,1,False
4,596209,-14,05907,2,947006,-2,645571,-0,002766538,0,9994256,-0,0009107091,-0,03376253,0,0,0,0,0,0,0,0,0,0,0,0,0,0,0,0,0,0,0,0,0,0,1,1,1,False
4,609475,-14,05907,2,947006,-2,645571,-0,002766538,0,9994256,-0,0009107091,-0,03376253,0,0,0,0,0,0,0,0,0,0,0,0,0,0,0,0,0,0,0,0,0,0,1,1,1,False
4,617596,-14,05907,2,947006,-2,645571,-0,002766538,0,9994256,-0,0009107091,-0,03376253,0,0,0,0,0,0,0,0,0,0,0,0,0,0,0,0,0,0,0,0,0,0,1,1,1,False
4,625061,-14,05907,2,947006,-2,645571,-0,002766538,0,9994256,-0,0009107091,-0,03376253,0,0,0,0,0,0,0,0,0,0,0,0,0,0,0,0,0,0,0,0,0,0,1,1,1,False
4,633182,-14,05907,2,947006,-2,645571,-0,002766538,0,9994256,-0,0009107091,-0,03376253,0,0,0,0,0,0,0,0,0,0,0,0,0,0,0,0,0,0,0,0,0,0,1,1,1,False
4,640711,-14,05907,2,947006,-2,645571,-0,002766538,0,9994256,-0,0009107091,-0,03376253,0,0,0,0,0,0,0,0,0,0,0,0,0,0,0,0,0,0,0,0,0,0,1,1,1,False
4,648896,-14,05907,2,947006,-2,645571,-0,002766538,0,9994256,-0,0009107091,-0,03376253,0,0,0,0,0,0,0,0,0,0,0,0,0,0,0,0,0,0,0,0,0,0,1,1,1,False
4,65629,-14,05907,2,947006,-2,645571,-0,002766538,0,9994256,-0,0009107091,-0,03376253,0,0,0,0,0,0,0,0,0,0,0,0,0,0,0,0,0,0,0,0,0,0,1,1,1,False
4,663516,-14,05907,2,947006,-2,645571,-0,002766538,0,9994256,-0,0009107091,-0,03376253,0,0,0,0,0,0,0,0,0,0,0,0,0,0,0,0,0,0,0,0,0,0,1,1,1,False
4,67202,-14,05907,2,947006,-2,645571,-0,002766538,0,9994256,-0,0009107091,-0,03376253,0,0,0,0,0,0,0,0,0,0,0,0,0,0,0,0,0,0,0,0,0,0,1,1,1,False
4,680285,-14,05907,2,947006,-2,645571,-0,002766538,0,9994256,-0,0009107091,-0,03376253,0,0,0,0,0,0,0,0,0,0,0,0,0,0,0,0,0,0,0,0,0,0,1,1,1,False
4,689463,-14,05907,2,947006,-2,645571,-0,002766538,0,9994256,-0,0009107091,-0,03376253,0,0,0,0,0,0,0,0,0,0,0,0,0,0,0,0,0,0,0,0,0,0,1,1,1,False
4,697218,-14,05907,2,947006,-2,645571,-0,002766538,0,9994256,-0,0009107091,-0,03376253,0,0,0,0,0,0,0,0,0,0,0,0,0,0,0,0,0,0,0,0,0,0,1,1,1,False
4,705416,-14,05907,2,947006,-2,645571,-0,002766538,0,9994256,-0,0009107091,-0,03376253,0,0,0,0,0,0,0,0,0,0,0,0,0,0,0,0,0,0,0,0,0,0,1,1,1,False
4,714601,-14,05907,2,947006,-2,645571,-0,002766538,0,9994256,-0,0009107091,-0,03376253,0,0,0,0,0,0,0,0,0,0,0,0,0,0,0,0,0,0,0,0,0,0,1,1,1,False
4,723061,-14,05907,2,947006,-2,645571,-0,002766538,0,9994256,-0,0009107091,-0,03376253,0,0,0,0,0,0,0,0,0,0,0,0,0,0,0,0,0,0,0,0,0,0,1,1,1,False
4,73119,-14,05907,2,947006,-2,645571,-0,002766538,0,9994256,-0,0009107091,-0,03376253,0,0,0,0,0,0,0,0,0,0,0,0,0,0,0,0,0,0,0,0,0,0,1,1,1,False
4,739186,-14,05907,2,947006,-2,645571,-0,002766538,0,9994256,-0,0009107091,-0,03376253,0,0,0,0,0,0,0,0,0,0,0,0,0,0,0,0,0,0,0,0,0,0,1,1,1,False
4,74642,-14,05907,2,947006,-2,645571,-0,002766538,0,9994256,-0,0009107091,-0,03376253,0,0,0,0,0,0,0,0,0,0,0,0,0,0,0,0,0,0,0,0,0,0,1,1,1,False
4,754767,-14,05907,2,947006,-2,645571,-0,002766538,0,9994256,-0,0009107091,-0,03376253,0,0,0,0,0,0,0,0,0,0,0,0,0,0,0,0,0,0,0,0,0,0,1,1,1,False
4,762779,-14,05907,2,947006,-2,645571,-0,002766538,0,9994256,-0,0009107091,-0,03376253,0,0,0,0,0,0,0,0,0,0,0,0,0,0,0,0,0,0,0,0,0,0,1,1,1,False
4,772044,-14,05907,2,947006,-2,645571,-0,002766538,0,9994256,-0,0009107091,-0,03376253,0,0,0,0,0,0,0,0,0,0,0,0,0,0,0,0,0,0,0,0,0,0,1,1,1,False
4,779549,-14,05907,2,947006,-2,645571,-0,002766538,0,9994256,-0,0009107091,-0,03376253,0,0,0,0,0,0,0,0,0,0,0,0,0,0,0,0,0,0,0,0,0,0,1,1,1,False
4,787624,-14,05907,2,947006,-2,645571,-0,002766538,0,9994256,-0,0009107091,-0,03376253,0,0,0,0,0,0,0,0,0,0,0,0,0,0,0,0,0,0,0,0,0,0,1,1,1,False
4,796732,-14,05907,2,947006,-2,645571,-0,002766538,0,9994256,-0,0009107091,-0,03376253,0,0,0,0,0,0,0,0,0,0,0,0,0,0,0,0,0,0,0,0,0,0,1,1,1,False
4,805129,-14,05907,2,947006,-2,645571,-0,002766538,0,9994256,-0,0009107091,-0,03376253,0,0,0,0,0,0,0,0,0,0,0,0,0,0,0,0,0,0,0,0,0,0,1,1,1,False
4,814509,-14,05907,2,947006,-2,645571,-0,002766538,0,9994256,-0,0009107091,-0,03376253,0,0,0,0,0,0,0,0,0,0,0,0,0,0,0,0,0,0,0,0,0,0,1,1,1,False
4,821977,-14,05907,2,947006,-2,645571,-0,002766538,0,9994256,-0,0009107091,-0,03376253,0,0,0,0,0,0,0,0,0,0,0,0,0,0,0,0,0,0,0,0,0,0,1,1,1,False
4,831027,-14,05907,2,947006,-2,645571,-0,002766538,0,9994256,-0,0009107091,-0,03376253,0,0,0,0,0,0,0,0,0,0,0,0,0,0,0,0,0,0,0,0,0,0,1,1,1,False
4,83927,-14,05907,2,947006,-2,645571,-0,002766538,0,9994256,-0,0009107091,-0,03376253,0,0,0,0,0,0,0,0,0,0,0,0,0,0,0,0,0,0,0,0,0,0,1,1,1,False
4,847359,-14,05907,2,947006,-2,645571,-0,002766538,0,9994256,-0,0009107091,-0,03376253,0,0,0,0,0,0,0,0,0,0,0,0,0,0,0,0,0,0,0,0,0,0,1,1,1,False
4,856468,-14,05907,2,947006,-2,645571,-0,002766538,0,9994256,-0,0009107091,-0,03376253,0,0,0,0,0,0,0,0,0,0,0,0,0,0,0,0,0,0,0,0,0,0,1,1,1,False
4,866695,-14,05907,2,947006,-2,645571,-0,002766538,0,9994256,-0,0009107091,-0,03376253,0,0,0,0,0,0,0,0,0,0,0,0,0,0,0,0,0,0,0,0,0,0,1,1,1,False
4,875051,-14,05907,2,947006,-2,645571,-0,002766538,0,9994256,-0,0009107091,-0,03376253,0,0,0,0,0,0,0,0,0,0,0,0,0,0,0,0,0,0,0,0,0,0,1,1,1,False
4,882942,-14,05907,2,947006,-2,645571,-0,002766538,0,9994256,-0,0009107091,-0,03376253,0,0,0,0,0,0,0,0,0,0,0,0,0,0,0,0,0,0,0,0,0,0,1,1,1,False
4,891865,-14,05907,2,947006,-2,645571,-0,002766538,0,9994256,-0,0009107091,-0,03376253,0,0,0,0,0,0,0,0,0,0,0,0,0,0,0,0,0,0,0,0,0,0,1,1,1,False
4,899352,-14,05907,2,947006,-2,645571,-0,002766538,0,9994256,-0,0009107091,-0,03376253,0,0,0,0,0,0,0,0,0,0,0,0,0,0,0,0,0,0,0,0,0,0,1,1,1,False
4,907781,-14,05907,2,947006,-2,645571,-0,002766538,0,9994256,-0,0009107091,-0,03376253,0,0,0,0,0,0,0,0,0,0,0,0,0,0,0,0,0,0,0,0,0,0,1,1,1,False
4,916658,-14,05907,2,947006,-2,645571,-0,002766538,0,9994256,-0,0009107091,-0,03376253,0,0,0,0,0,0,0,0,0,0,0,0,0,0,0,0,0,0,0,0,0,0,1,1,1,False
4,924307,-14,05907,2,947006,-2,645571,-0,002766538,0,9994256,-0,0009107091,-0,03376253,0,0,0,0,0,0,0,0,0,0,0,0,0,0,0,0,0,0,0,0,0,0,1,1,1,False
4,932677,-14,05907,2,947006,-2,645571,-0,002766538,0,9994256,-0,0009107091,-0,03376253,0,0,0,0,0,0,0,0,0,0,0,0,0,0,0,0,0,0,0,0,0,0,1,1,1,False
4,939937,-14,05907,2,947006,-2,645571,-0,002766538,0,9994256,-0,0009107091,-0,03376253,0,0,0,0,0,0,0,0,0,0,0,0,0,0,0,0,0,0,0,0,0,0,1,1,1,False
4,947121,-14,05907,2,947006,-2,645571,-0,002766538,0,9994256,-0,0009107091,-0,03376253,0,0,0,0,0,0,0,0,0,0,0,0,0,0,0,0,0,0,0,0,0,0,1,1,1,False
4,955337,-14,05907,2,947006,-2,645571,-0,002766538,0,9994256,-0,0009107091,-0,03376253,0,0,0,0,0,0,0,0,0,0,0,0,0,0,0,0,0,0,0,0,0,0,1,1,1,False
4,96277,-14,05907,2,947006,-2,645571,-0,002766538,0,9994256,-0,0009107091,-0,03376253,0,0,0,0,0,0,0,0,0,0,0,0,0,0,0,0,0,0,0,0,0,0,1,1,1,False
4,971051,-14,05907,2,947006,-2,645571,-0,002766538,0,9994256,-0,0009107091,-0,03376253,0,0,0,0,0,0,0,0,0,0,0,0,0,0,0,0,0,0,0,0,0,0,1,1,1,False
4,978423,-14,05907,2,947006,-2,645571,-0,002766538,0,9994256,-0,0009107091,-0,03376253,0,0,0,0,0,0,0,0,0,0,0,0,0,0,0,0,0,0,0,0,0,0,1,1,1,False
4,986812,-14,05907,2,947006,-2,645571,-0,002766538,0,9994256,-0,0009107091,-0,03376253,0,0,0,0,0,0,0,0,0,0,0,0,0,0,0,0,0,0,0,0,0,0,1,1,1,False
4,995782,-14,05907,2,947006,-2,645571,-0,002766538,0,9994256,-0,0009107091,-0,03376253,0,0,0,0,0,0,0,0,0,0,0,0,0,0,0,0,0,0,0,0,0,0,1,1,1,False
5,003683,-14,05907,2,947006,-2,645571,-0,002766538,0,9994256,-0,0009107091,-0,03376253,0,0,0,0,0,0,0,0,0,0,0,0,0,0,0,0,0,0,0,0,0,0,1,1,1,False
5,012253,-14,05907,2,947006,-2,645571,-0,002766538,0,9994256,-0,0009107091,-0,03376253,0,0,0,0,0,0,0,0,0,0,0,0,0,0,0,0,0,0,0,0,0,0,1,1,1,False
5,021352,-14,05907,2,947006,-2,645571,-0,002766538,0,9994256,-0,0009107091,-0,03376253,0,0,0,0,0,0,0,0,0,0,0,0,0,0,0,0,0,0,0,0,0,0,1,1,1,False
5,051793,-14,05907,2,947006,-2,645571,-0,002766538,0,9994256,-0,0009107091,-0,03376253,0,0,0,0,0,0,0,0,0,0,0,0,0,0,0,0,0,0,0,0,0,0,1,1,1,False
5,05997,-14,05907,2,947006,-2,645571,-0,002766538,0,9994256,-0,0009107091,-0,03376253,0,0,0,0,0,0,0,0,0,0,0,0,0,0,0,0,0,0,0,0,0,0,1,1,1,False
5,067545,-14,05907,2,947006,-2,645571,-0,002766538,0,9994256,-0,0009107091,-0,03376253,0,0,0,0,0,0,0,0,0,0,0,0,0,0,0,0,0,0,0,0,0,0,1,1,1,False
5,081888,-14,05907,2,947006,-2,645571,-0,002766538,0,9994256,-0,0009107091,-0,03376253,0,0,0,0,0,0,0,0,0,0,0,0,0,0,0,0,0,0,0,0,0,0,1,1,1,False
5,093764,-14,05907,2,947006,-2,645571,-0,002766538,0,9994256,-0,0009107091,-0,03376253,0,0,0,0,0,0,0,0,0,0,0,0,0,0,0,0,0,0,0,0,0,0,1,1,1,False
5,102381,-14,05907,2,947006,-2,645571,-0,002766538,0,9994256,-0,0009107091,-0,03376253,0,0,0,0,0,0,0,0,0,0,0,0,0,0,0,0,0,0,0,0,0,0,1,1,1,False
5,113008,-14,05907,2,947006,-2,645571,-0,002766538,0,9994256,-0,0009107091,-0,03376253,0,0,0,0,0,0,0,0,0,0,0,0,0,0,0,0,0,0,0,0,0,0,1,1,1,False
5,120426,-14,05907,2,947006,-2,645571,-0,002766538,0,9994256,-0,0009107091,-0,03376253,0,0,0,0,0,0,0,0,0,0,0,0,0,0,0,0,0,0,0,0,0,0,1,1,1,False
5,129017,-14,05907,2,947006,-2,645571,-0,002766538,0,9994256,-0,0009107091,-0,03376253,0,0,0,0,0,0,0,0,0,0,0,0,0,0,0,0,0,0,0,0,0,0,1,1,1,False
5,13645,-14,05907,2,947006,-2,645571,-0,002766538,0,9994256,-0,0009107091,-0,03376253,0,0,0,0,0,0,0,0,0,0,0,0,0,0,0,0,0,0,0,0,0,0,1,1,1,False
5,144172,-14,05907,2,947006,-2,645571,-0,002766538,0,9994256,-0,0009107091,-0,03376253,0,0,0,0,0,0,0,0,0,0,0,0,0,0,0,0,0,0,0,0,0,0,1,1,1,False
5,152237,-14,05907,2,947006,-2,645571,-0,002766538,0,9994256,-0,0009107091,-0,03376253,0,0,0,0,0,0,0,0,0,0,0,0,0,0,0,0,0,0,0,0,0,0,1,1,1,False
5,159554,-14,05907,2,947006,-2,645571,-0,002766538,0,9994256,-0,0009107091,-0,03376253,0,0,0,0,0,0,0,0,0,0,0,0,0,0,0,0,0,0,0,0,0,0,1,1,1,False
5,166603,-14,05907,2,947006,-2,645571,-0,002766538,0,9994256,-0,0009107091,-0,03376253,0,0,0,0,0,0,0,0,0,0,0,0,0,0,0,0,0,0,0,0,0,0,1,1,1,False
5,17467,-14,05907,2,947006,-2,645571,-0,002766538,0,9994256,-0,0009107091,-0,03376253,0,0,0,0,0,0,0,0,0,0,0,0,0,0,0,0,0,0,0,0,0,0,1,1,1,False
5,181763,-14,05907,2,947006,-2,645571,-0,002766538,0,9994256,-0,0009107091,-0,03376253,0,0,0,0,0,0,0,0,0,0,0,0,0,0,0,0,0,0,0,0,0,0,1,1,1,False
5,190276,-14,05907,2,947006,-2,645571,-0,002766538,0,9994256,-0,0009107091,-0,03376253,0,0,0,0,0,0,0,0,0,0,0,0,0,0,0,0,0,0,0,0,0,0,1,1,1,False
5,197324,-14,05907,2,947006,-2,645571,-0,002766538,0,9994256,-0,0009107091,-0,03376253,0,0,0,0,0,0,0,0,0,0,0,0,0,0,0,0,0,0,0,0,0,0,1,1,1,False
5,205051,-14,05907,2,947006,-2,645571,-0,002766538,0,9994256,-0,0009107091,-0,03376253,0,0,0,0,0,0,0,0,0,0,0,0,0,0,0,0,0,0,0,0,0,0,1,1,1,False
5,213514,-14,05907,2,947006,-2,645571,-0,002766538,0,9994256,-0,0009107091,-0,03376253,0,0,0,0,0,0,0,0,0,0,0,0,0,0,0,0,0,0,0,0,0,0,1,1,1,False
5,221144,-14,05907,2,947006,-2,645571,-0,002766538,0,9994256,-0,0009107091,-0,03376253,0,0,0,0,0,0,0,0,0,0,0,0,0,0,0,0,0,0,0,0,0,0,1,1,1,False
5,229161,-14,05907,2,947006,-2,645571,-0,002766538,0,9994256,-0,0009107091,-0,03376253,0,0,0,0,0,0,0,0,0,0,0,0,0,0,0,0,0,0,0,0,0,0,1,1,1,False
5,236482,-14,05907,2,947006,-2,645571,-0,002766538,0,9994256,-0,0009107091,-0,03376253,0,0,0,0,0,0,0,0,0,0,0,0,0,0,0,0,0,0,0,0,0,0,1,1,1,False
5,243644,-14,05907,2,947006,-2,645571,-0,002766538,0,9994256,-0,0009107091,-0,03376253,0,0,0,0,0,0,0,0,0,0,0,0,0,0,0,0,0,0,0,0,0,0,1,1,1,False
5,252285,-14,05907,2,947006,-2,645571,-0,002766538,0,9994256,-0,0009107091,-0,03376253,0,0,0,0,0,0,0,0,0,0,0,0,0,0,0,0,0,0,0,0,0,0,1,1,1,False
5,259616,-14,05907,2,947006,-2,645571,-0,002766538,0,9994256,-0,0009107091,-0,03376253,0,0,0,0,0,0,0,0,0,0,0,0,0,0,0,0,0,0,0,0,0,0,1,1,1,False
5,267074,-14,05907,2,947006,-2,645571,-0,002766538,0,9994256,-0,0009107091,-0,03376253,0,0,0,0,0,0,0,0,0,0,0,0,0,0,0,0,0,0,0,0,0,0,1,1,1,False
5,275044,-14,05907,2,947006,-2,645571,-0,002766538,0,9994256,-0,0009107091,-0,03376253,0,0,0,0,0,0,0,0,0,0,0,0,0,0,0,0,0,0,0,0,0,0,1,1,1,False
5,282268,-14,05907,2,947006,-2,645571,-0,002766538,0,9994256,-0,0009107091,-0,03376253,0,0,0,0,0,0,0,0,0,0,0,0,0,0,0,0,0,0,0,0,0,0,1,1,1,False
5,290253,-14,05907,2,947006,-2,645571,-0,002766538,0,9994256,-0,0009107091,-0,03376253,0,0,0,0,0,0,0,0,0,0,0,0,0,0,0,0,0,0,0,0,0,0,1,1,1,False
5,297777,-14,05907,2,947006,-2,645571,-0,002766538,0,9994256,-0,0009107091,-0,03376253,0,0,0,0,0,0,0,0,0,0,0,0,0,0,0,0,0,0,0,0,0,0,1,1,1,False
5,30504,-14,05907,2,947006,-2,645571,-0,002766538,0,9994256,-0,0009107091,-0,03376253,0,0,0,0,0,0,0,0,0,0,0,0,0,0,0,0,0,0,0,0,0,0,1,1,1,False
5,313622,-14,05907,2,947006,-2,645571,-0,002766538,0,9994256,-0,0009107091,-0,03376253,0,0,0,0,0,0,0,0,0,0,0,0,0,0,0,0,0,0,0,0,0,0,1,1,1,False
5,320778,-14,05907,2,947006,-2,645571,-0,002766538,0,9994256,-0,0009107091,-0,03376253,0,0,0,0,0,0,0,0,0,0,0,0,0,0,0,0,0,0,0,0,0,0,1,1,1,False
5,329259,-14,05907,2,947006,-2,645571,-0,002766538,0,9994256,-0,0009107091,-0,03376253,0,0,0,0,0,0,0,0,0,0,0,0,0,0,0,0,0,0,0,0,0,0,1,1,1,False
5,33634,-14,05907,2,947006,-2,645571,-0,002766538,0,9994256,-0,0009107091,-0,03376253,0,0,0,0,0,0,0,0,0,0,0,0,0,0,0,0,0,0,0,0,0,0,1,1,1,False
5,343639,-14,05907,2,947006,-2,645571,-0,002766538,0,9994256,-0,0009107091,-0,03376253,0,0,0,0,0,0,0,0,0,0,0,0,0,0,0,0,0,0,0,0,0,0,1,1,1,False
5,352324,-14,05907,2,947006,-2,645571,-0,002766538,0,9994256,-0,0009107091,-0,03376253,0,0,0,0,0,0,0,0,0,0,0,0,0,0,0,0,0,0,0,0,0,0,1,1,1,False
5,359886,-14,05907,2,947006,-2,645571,-0,002766538,0,9994256,-0,0009107091,-0,03376253,0,0,0,0,0,0,0,0,0,0,0,0,0,0,0,0,0,0,0,0,0,0,1,1,1,False
5,367514,-14,05907,2,947006,-2,645571,-0,002766538,0,9994256,-0,0009107091,-0,03376253,0,0,0,0,0,0,0,0,0,0,0,0,0,0,0,0,0,0,0,0,0,0,1,1,1,False
5,375857,-14,05907,2,947006,-2,645571,-0,002766538,0,9994256,-0,0009107091,-0,03376253,0,0,0,0,0,0,0,0,0,0,0,0,0,0,0,0,0,0,0,0,0,0,1,1,1,False
5,382953,-14,05907,2,947006,-2,645571,-0,002766538,0,9994256,-0,0009107091,-0,03376253,0,0,0,0,0,0,0,0,0,0,0,0,0,0,0,0,0,0,0,0,0,0,1,1,1,False
5,391471,-14,05907,2,947006,-2,645571,-0,002766538,0,9994256,-0,0009107091,-0,03376253,0,0,0,0,0,0,0,0,0,0,0,0,0,0,0,0,0,0,0,0,0,0,1,1,1,False
5,398782,-14,05907,2,947006,-2,645571,-0,002766538,0,9994256,-0,0009107091,-0,03376253,0,0,0,0,0,0,0,0,0,0,0,0,0,0,0,0,0,0,0,0,0,0,1,1,1,False
5,406131,-14,05907,2,947006,-2,645571,-0,002766538,0,9994256,-0,0009107091,-0,03376253,0,0,0,0,0,0,0,0,0,0,0,0,0,0,0,0,0,0,0,0,0,0,1,1,1,False
5,414549,-14,05907,2,947006,-2,645571,-0,002766538,0,9994256,-0,0009107091,-0,03376253,0,0,0,0,0,0,0,0,0,0,0,0,0,0,0,0,0,0,0,0,0,0,1,1,1,False
5,421978,-14,05907,2,947006,-2,645571,-0,002766538,0,9994256,-0,0009107091,-0,03376253,0,0,0,0,0,0,0,0,0,0,0,0,0,0,0,0,0,0,0,0,0,0,1,1,1,False
5,430104,-14,05907,2,947006,-2,645571,-0,002766538,0,9994256,-0,0009107091,-0,03376253,0,0,0,0,0,0,0,0,0,0,0,0,0,0,0,0,0,0,0,0,0,0,1,1,1,False
5,437726,-14,05907,2,947006,-2,645571,-0,002766538,0,9994256,-0,0009107091,-0,03376253,0,0,0,0,0,0,0,0,0,0,0,0,0,0,0,0,0,0,0,0,0,0,1,1,1,False
5,444975,-14,05907,2,947006,-2,645571,-0,002766538,0,9994256,-0,0009107091,-0,03376253,0,0,0,0,0,0,0,0,0,0,0,0,0,0,0,0,0,0,0,0,0,0,1,1,1,False
5,453303,-14,05907,2,947006,-2,645571,-0,002766538,0,9994256,-0,0009107091,-0,03376253,0,0,0,0,0,0,0,0,0,0,0,0,0,0,0,0,0,0,0,0,0,0,1,1,1,False
5,46052,-14,05907,2,947006,-2,645571,-0,002766538,0,9994256,-0,0009107091,-0,03376253,0,0,0,0,0,0,0,0,0,0,0,0,0,0,0,0,0,0,0,0,0,0,1,1,1,False
5,468744,-14,05907,2,947006,-2,645571,-0,002766538,0,9994256,-0,0009107091,-0,03376253,0,0,0,0,0,0,0,0,0,0,0,0,0,0,0,0,0,0,0,0,0,0,1,1,1,False
5,476162,-14,05907,2,947006,-2,645571,-0,002766538,0,9994256,-0,0009107091,-0,03376253,0,0,0,0,0,0,0,0,0,0,0,0,0,0,0,0,0,0,0,0,0,0,1,1,1,False
5,483448,-14,05907,2,947006,-2,645571,-0,002766538,0,9994256,-0,0009107091,-0,03376253,0,0,0,0,0,0,0,0,0,0,0,0,0,0,0,0,0,0,0,0,0,0,1,1,1,False
5,491747,-14,05907,2,947006,-2,645571,-0,002766538,0,9994256,-0,0009107091,-0,03376253,0,0,0,0,0,0,0,0,0,0,0,0,0,0,0,0,0,0,0,0,0,0,1,1,1,False
5,499299,-14,05907,2,947006,-2,645571,-0,002766538,0,9994256,-0,0009107091,-0,03376253,0,0,0,0,0,0,0,0,0,0,0,0,0,0,0,0,0,0,0,0,0,0,1,1,1,False
5,506536,-14,05907,2,947006,-2,645571,-0,002766538,0,9994256,-0,0009107091,-0,03376253,0,0,0,0,0,0,0,0,0,0,0,0,0,0,0,0,0,0,0,0,0,0,1,1,1,False
5,514961,-14,05907,2,947006,-2,645571,-0,002766538,0,9994256,-0,0009107091,-0,03376253,0,0,0,0,0,0,0,0,0,0,0,0,0,0,0,0,0,0,0,0,0,0,1,1,1,False
5,522238,-14,05907,2,947006,-2,645571,-0,002766538,0,9994256,-0,0009107091,-0,03376253,0,0,0,0,0,0,0,0,0,0,0,0,0,0,0,0,0,0,0,0,0,0,1,1,1,False
5,53089,-14,05907,2,947006,-2,645571,-0,002766538,0,9994256,-0,0009107091,-0,03376253,0,0,0,0,0,0,0,0,0,0,0,0,0,0,0,0,0,0,0,0,0,0,1,1,1,False
5,538859,-14,05907,2,947006,-2,645571,-0,002766538,0,9994256,-0,0009107091,-0,03376253,0,0,0,0,0,0,0,0,0,0,0,0,0,0,0,0,0,0,0,0,0,0,1,1,1,False
5,546247,-14,05907,2,947006,-2,645571,-0,002766538,0,9994256,-0,0009107091,-0,03376253,0,0,0,0,0,0,0,0,0,0,0,0,0,0,0,0,0,0,0,0,0,0,1,1,1,False
5,554627,-14,05907,2,947006,-2,645571,-0,002766538,0,9994256,-0,0009107091,-0,03376253,0,0,0,0,0,0,0,0,0,0,0,0,0,0,0,0,0,0,0,0,0,0,1,1,1,False
5,562171,-14,05907,2,947006,-2,645571,-0,002766538,0,9994256,-0,0009107091,-0,03376253,0,0,0,0,0,0,0,0,0,0,0,0,0,0,0,0,0,0,0,0,0,0,1,1,1,False
5,570198,-14,05907,2,947006,-2,645571,-0,002766538,0,9994256,-0,0009107091,-0,03376253,0,0,0,0,0,0,0,0,0,0,0,0,0,0,0,0,0,0,0,0,0,0,1,1,1,False
5,577381,-14,05907,2,947006,-2,645571,-0,002766538,0,9994256,-0,0009107091,-0,03376253,0,0,0,0,0,0,0,0,0,0,0,0,0,0,0,0,0,0,0,0,0,0,1,1,1,False
5,584516,-14,05907,2,947006,-2,645571,-0,002766538,0,9994256,-0,0009107091,-0,03376253,0,0,0,0,0,0,0,0,0,0,0,0,0,0,0,0,0,0,0,0,0,0,1,1,1,False
5,59256,-14,05907,2,947006,-2,645571,-0,002766538,0,9994256,-0,0009107091,-0,03376253,0,0,0,0,0,0,0,0,0,0,0,0,0,0,0,0,0,0,0,0,0,0,1,1,1,False
5,599792,-14,05907,2,947006,-2,645571,-0,002766538,0,9994256,-0,0009107091,-0,03376253,0,0,0,0,0,0,0,0,0,0,0,0,0,0,0,0,0,0,0,0,0,0,1,1,1,False
5,60694,-14,05907,2,947006,-2,645571,-0,002766538,0,9994256,-0,0009107091,-0,03376253,0,0,0,0,0,0,0,0,0,0,0,0,0,0,0,0,0,0,0,0,0,0,1,1,1,False
5,615598,-14,05907,2,947006,-2,645571,-0,002766538,0,9994256,-0,0009107091,-0,03376253,0,0,0,0,0,0,0,0,0,0,0,0,0,0,0,0,0,0,0,0,0,0,1,1,1,False
5,622963,-14,05907,2,947006,-2,645571,-0,002766538,0,9994256,-0,0009107091,-0,03376253,0,0,0,0,0,0,0,0,0,0,0,0,0,0,0,0,0,0,0,0,0,0,1,1,1,False
5,631217,-14,05907,2,947006,-2,645571,-0,002766538,0,9994256,-0,0009107091,-0,03376253,0,0,0,0,0,0,0,0,0,0,0,0,0,0,0,0,0,0,0,0,0,0,1,1,1,False
5,638451,-14,05907,2,947006,-2,645571,-0,002766538,0,9994256,-0,0009107091,-0,03376253,0,0,0,0,0,0,0,0,0,0,0,0,0,0,0,0,0,0,0,0,0,0,1,1,1,False
5,645946,-14,05907,2,947006,-2,645571,-0,002766538,0,9994256,-0,0009107091,-0,03376253,0,0,0,0,0,0,0,0,0,0,0,0,0,0,0,0,0,0,0,0,0,0,1,1,1,False
5,654583,-14,05907,2,947006,-2,645571,-0,002766538,0,9994256,-0,0009107091,-0,03376253,0,0,0,0,0,0,0,0,0,0,0,0,0,0,0,0,0,0,0,0,0,0,1,1,1,False
5,662436,-14,05907,2,947006,-2,645571,-0,002766538,0,9994256,-0,0009107091,-0,03376253,0,0,0,0,0,0,0,0,0,0,0,0,0,0,0,0,0,0,0,0,0,0,1,1,1,False
5,670605,-14,05907,2,947006,-2,645571,-0,002766538,0,9994256,-0,0009107091,-0,03376253,0,0,0,0,0,0,0,0,0,0,0,0,0,0,0,0,0,0,0,0,0,0,1,1,1,False
5,677964,-14,05907,2,947006,-2,645571,-0,002766538,0,9994256,-0,0009107091,-0,03376253,0,0,0,0,0,0,0,0,0,0,0,0,0,0,0,0,0,0,0,0,0,0,1,1,1,False
5,685198,-14,05907,2,947006,-2,645571,-0,002766538,0,9994256,-0,0009107091,-0,03376253,0,0,0,0,0,0,0,0,0,0,0,0,0,0,0,0,0,0,0,0,0,0,1,1,1,False
5,693649,-14,05907,2,947006,-2,645571,-0,002766538,0,9994256,-0,0009107091,-0,03376253,0,0,0,0,0,0,0,0,0,0,0,0,0,0,0,0,0,0,0,0,0,0,1,1,1,False
5,700864,-14,05907,2,947006,-2,645571,-0,002766538,0,9994256,-0,0009107091,-0,03376253,0,0,0,0,0,0,0,0,0,0,0,0,0,0,0,0,0,0,0,0,0,0,1,1,1,False
5,709775,-14,05907,2,947006,-2,645571,-0,002766538,0,9994256,-0,0009107091,-0,03376253,0,0,0,0,0,0,0,0,0,0,0,0,0,0,0,0,0,0,0,0,0,0,1,1,1,False
5,717213,-14,05907,2,947006,-2,645571,-0,002766538,0,9994256,-0,0009107091,-0,03376253,0,0,0,0,0,0,0,0,0,0,0,0,0,0,0,0,0,0,0,0,0,0,1,1,1,False
5,724723,-14,05907,2,947006,-2,645571,-0,002766538,0,9994256,-0,0009107091,-0,03376253,0,0,0,0,0,0,0,0,0,0,0,0,0,0,0,0,0,0,0,0,0,0,1,1,1,False
5,732988,-14,05907,2,947006,-2,645571,-0,002766538,0,9994256,-0,0009107091,-0,03376253,0,0,0,0,0,0,0,0,0,0,0,0,0,0,0,0,0,0,0,0,0,0,1,1,1,False
5,740312,-14,05907,2,947006,-2,645571,-0,002766538,0,9994256,-0,0009107091,-0,03376253,0,0,0,0,0,0,0,0,0,0,0,0,0,0,0,0,0,0,0,0,0,0,1,1,1,False
5,748429,-14,05907,2,947006,-2,645571,-0,002766538,0,9994256,-0,0009107091,-0,03376253,0,0,0,0,0,0,0,0,0,0,0,0,0,0,0,0,0,0,0,0,0,0,1,1,1,False
5,755742,-14,05907,2,947006,-2,645571,-0,002766538,0,9994256,-0,0009107091,-0,03376253,0,0,0,0,0,0,0,0,0,0,0,0,0,0,0,0,0,0,0,0,0,0,1,1,1,False
5,763054,-14,05907,2,947006,-2,645571,-0,002766538,0,9994256,-0,0009107091,-0,03376253,0,0,0,0,0,0,0,0,0,0,0,0,0,0,0,0,0,0,0,0,0,0,1,1,1,False
5,771127,-14,05907,2,947006,-2,645571,-0,002766538,0,9994256,-0,0009107091,-0,03376253,0,0,0,0,0,0,0,0,0,0,0,0,0,0,0,0,0,0,0,0,0,0,1,1,1,False
5,778411,-14,05907,2,947006,-2,645571,-0,002766538,0,9994256,-0,0009107091,-0,03376253,0,0,0,0,0,0,0,0,0,0,0,0,0,0,0,0,0,0,0,0,0,0,1,1,1,False
5,785525,-14,05907,2,947006,-2,645571,-0,002766538,0,9994256,-0,0009107091,-0,03376253,0,0,0,0,0,0,0,0,0,0,0,0,0,0,0,0,0,0,0,0,0,0,1,1,1,False
5,793921,-14,05907,2,947006,-2,645571,-0,002766538,0,9994256,-0,0009107091,-0,03376253,0,0,0,0,0,0,0,0,0,0,0,0,0,0,0,0,0,0,0,0,0,0,1,1,1,False
5,803286,-14,05907,2,947006,-2,645571,-0,002766538,0,9994256,-0,0009107091,-0,03376253,0,0,0,0,0,0,0,0,0,0,0,0,0,0,0,0,0,0,0,0,0,0,1,1,1,False
5,831722,-14,05907,2,947006,-2,645571,-0,002766538,0,9994256,-0,0009107091,-0,03376253,0,0,0,0,0,0,0,0,0,0,0,0,0,0,0,0,0,0,0,0,0,0,1,1,1,False
5,843665,-14,05907,2,947006,-2,645571,-0,002766538,0,9994256,-0,0009107091,-0,03376253,0,0,0,0,0,0,0,0,0,0,0,0,0,0,0,0,0,0,0,0,0,0,1,1,1,False
5,855418,-14,05907,2,947006,-2,645571,-0,002766538,0,9994256,-0,0009107091,-0,03376253,0,0,0,0,0,0,0,0,0,0,0,0,0,0,0,0,0,0,0,0,0,0,1,1,1,False
5,865956,-14,05907,2,947006,-2,645571,-0,002766538,0,9994256,-0,0009107091,-0,03376253,0,0,0,0,0,0,0,0,0,0,0,0,0,0,0,0,0,0,0,0,0,0,1,1,1,False
5,877566,-14,05907,2,947006,-2,645571,-0,002766538,0,9994256,-0,0009107091,-0,03376253,0,0,0,0,0,0,0,0,0,0,0,0,0,0,0,0,0,0,0,0,0,0,1,1,1,False
5,888606,-14,05907,2,947006,-2,645571,-0,002766538,0,9994256,-0,0009107091,-0,03376253,0,0,0,0,0,0,0,0,0,0,0,0,0,0,0,0,0,0,0,0,0,0,1,1,1,False
5,900343,-14,05907,2,947006,-2,645571,-0,002766538,0,9994256,-0,0009107091,-0,03376253,0,0,0,0,0,0,0,0,0,0,0,0,0,0,0,0,0,0,0,0,0,0,1,1,1,False
5,931442,-14,05907,2,947006,-2,645571,-0,002766538,0,9994256,-0,0009107091,-0,03376253,0,0,0,0,0,0,0,0,0,0,0,0,0,0,0,0,0,0,0,0,0,0,1,1,1,False
5,944376,-14,05907,2,947006,-2,645571,-0,002766538,0,9994256,-0,0009107091,-0,03376253,0,0,0,0,0,0,0,0,0,0,0,0,0,0,0,0,0,0,0,0,0,0,1,1,1,False
5,955359,-14,05907,2,947006,-2,645571,-0,002766538,0,9994256,-0,0009107091,-0,03376253,0,0,0,0,0,0,0,0,0,0,0,0,0,0,0,0,0,0,0,0,0,0,1,1,1,False
5,963274,-14,05907,2,947006,-2,645571,-0,002766538,0,9994256,-0,0009107091,-0,03376253,0,0,0,0,0,0,0,0,0,0,0,0,0,0,0,0,0,0,0,0,0,0,1,1,1,False
5,972748,-14,05907,2,947006,-2,645571,-0,002766538,0,9994256,-0,0009107091,-0,03376253,0,0,0,0,0,0,0,0,0,0,0,0,0,0,0,0,0,0,0,0,0,0,1,1,1,False
5,981756,-14,05907,2,947006,-2,645571,-0,002766538,0,9994256,-0,0009107091,-0,03376253,0,0,0,0,0,0,0,0,0,0,0,0,0,0,0,0,0,0,0,0,0,0,1,1,1,False
5,991551,-14,05907,2,947006,-2,645571,-0,002766538,0,9994256,-0,0009107091,-0,03376253,0,0,0,0,0,0,0,0,0,0,0,0,0,0,0,0,0,0,0,0,0,0,1,1,1,False
6,00013,-14,05907,2,947006,-2,645571,-0,002766538,0,9994256,-0,0009107091,-0,03376253,0,0,0,0,0,0,0,0,0,0,0,0,0,0,0,0,0,0,0,0,0,0,1,1,1,False
6,009519,-14,05907,2,947006,-2,645571,-0,002766538,0,9994256,-0,0009107091,-0,03376253,0,0,0,0,0,0,0,0,0,0,0,0,0,0,0,0,0,0,0,0,0,0,1,1,1,False
6,019175,-14,05907,2,947006,-2,645571,-0,002766538,0,9994256,-0,0009107091,-0,03376253,0,0,0,0,0,0,0,0,0,0,0,0,0,0,0,0,0,0,0,0,0,0,1,1,1,False
6,041113,-14,05907,2,947006,-2,645571,-0,002766538,0,9994256,-0,0009107091,-0,03376253,0,0,0,0,0,0,0,0,0,0,0,0,0,0,0,0,0,0,0,0,0,0,1,1,1,False
6,053689,-14,05907,2,947006,-2,645571,-0,002766538,0,9994256,-0,0009107091,-0,03376253,0,0,0,0,0,0,0,0,0,0,0,0,0,0,0,0,0,0,0,0,0,0,1,1,1,False
6,062685,-14,05907,2,947006,-2,645571,-0,002766538,0,9994256,-0,0009107091,-0,03376253,0,0,0,0,0,0,0,0,0,0,0,0,0,0,0,0,0,0,0,0,0,0,1,1,1,False
6,072516,-14,05907,2,947006,-2,645571,-0,002766538,0,9994256,-0,0009107091,-0,03376253,0,0,0,0,0,0,0,0,0,0,0,0,0,0,0,0,0,0,0,0,0,0,1,1,1,False
6,081506,-14,05907,2,947006,-2,645571,-0,002766538,0,9994256,-0,0009107091,-0,03376253,0,0,0,0,0,0,0,0,0,0,0,0,0,0,0,0,0,0,0,0,0,0,1,1,1,False
6,091172,-14,05907,2,947006,-2,645571,-0,002766538,0,9994256,-0,0009107091,-0,03376253,0,0,0,0,0,0,0,0,0,0,0,0,0,0,0,0,0,0,0,0,0,0,1,1,1,False
6,100637,-14,05907,2,947006,-2,645571,-0,002766538,0,9994256,-0,0009107091,-0,03376253,0,0,0,0,0,0,0,0,0,0,0,0,0,0,0,0,0,0,0,0,0,0,1,1,1,False
6,110507,-14,05907,2,947006,-2,645571,-0,002766538,0,9994256,-0,0009107091,-0,03376253,0,0,0,0,0,0,0,0,0,0,0,0,0,0,0,0,0,0,0,0,0,0,1,1,1,False
6,11957,-14,05907,2,947006,-2,645571,-0,002766538,0,9994256,-0,0009107091,-0,03376253,0,0,0,0,0,0,0,0,0,0,0,0,0,0,0,0,0,0,0,0,0,0,1,1,1,False
6,130734,-14,05907,2,947006,-2,645571,-0,002766538,0,9994256,-0,0009107091,-0,03376253,0,0,0,0,0,0,0,0,0,0,0,0,0,0,0,0,0,0,0,0,0,0,1,1,1,False
6,140563,-14,05907,2,947006,-2,645571,-0,002766538,0,9994256,-0,0009107091,-0,03376253,0,0,0,0,0,0,0,0,0,0,0,0,0,0,0,0,0,0,0,0,0,0,1,1,1,False
6,150323,-14,05907,2,947006,-2,645571,-0,002766538,0,9994256,-0,0009107091,-0,03376253,0,0,0,0,0,0,0,0,0,0,0,0,0,0,0,0,0,0,0,0,0,0,1,1,1,False
6,159459,-14,05907,2,947006,-2,645571,-0,002766538,0,9994256,-0,0009107091,-0,03376253,0,0,0,0,0,0,0,0,0,0,0,0,0,0,0,0,0,0,0,0,0,0,1,1,1,False
6,16922,-14,05907,2,947006,-2,645571,-0,002766538,0,9994256,-0,0009107091,-0,03376253,0,0,0,0,0,0,0,0,0,0,0,0,0,0,0,0,0,0,0,0,0,0,1,1,1,False
6,178717,-14,05907,2,947006,-2,645571,-0,002766538,0,9994256,-0,0009107091,-0,03376253,0,0,0,0,0,0,0,0,0,0,0,0,0,0,0,0,0,0,0,0,0,0,1,1,1,False
6,18822,-14,05907,2,947006,-2,645571,-0,002766538,0,9994256,-0,0009107091,-0,03376253,0,0,0,0,0,0,0,0,0,0,0,0,0,0,0,0,0,0,0,0,0,0,1,1,1,False
6,197892,-14,05907,2,947006,-2,645571,-0,002766538,0,9994256,-0,0009107091,-0,03376253,0,0,0,0,0,0,0,0,0,0,0,0,0,0,0,0,0,0,0,0,0,0,1,1,1,False
6,207236,-14,05907,2,947006,-2,645571,-0,002766538,0,9994256,-0,0009107091,-0,03376253,0,0,0,0,0,0,0,0,0,0,0,0,0,0,0,0,0,0,0,0,0,0,1,1,1,False
6,217196,-14,05907,2,947006,-2,645571,-0,002766538,0,9994256,-0,0009107091,-0,03376253,0,0,0,0,0,0,0,0,0,0,0,0,0,0,0,0,0,0,0,0,0,0,1,1,1,False
6,226557,-14,05907,2,947006,-2,645571,-0,002766538,0,9994256,-0,0009107091,-0,03376253,0,0,0,0,0,0,0,0,0,0,0,0,0,0,0,0,0,0,0,0,0,0,1,1,1,False
6,236459,-14,05907,2,947006,-2,645571,-0,002766538,0,9994256,-0,0009107091,-0,03376253,0,0,0,0,0,0,0,0,0,0,0,0,0,0,0,0,0,0,0,0,0,0,1,1,1,False
6,245441,-14,05907,2,947006,-2,645571,-0,002766538,0,9994256,-0,0009107091,-0,03376253,0,0,0,0,0,0,0,0,0,0,0,0,0,0,0,0,0,0,0,0,0,0,1,1,1,False
6,254937,-14,05907,2,947006,-2,645571,-0,002766538,0,9994256,-0,0009107091,-0,03376253,0,0,0,0,0,0,0,0,0,0,0,0,0,0,0,0,0,0,0,0,0,0,1,1,1,False
6,264022,-14,05907,2,947006,-2,645571,-0,002766538,0,9994256,-0,0009107091,-0,03376253,0,0,0,0,0,0,0,0,0,0,0,0,0,0,0,0,0,0,0,0,0,0,1,1,1,False
6,274296,-14,05907,2,947006,-2,645571,-0,002766538,0,9994256,-0,0009107091,-0,03376253,0,0,0,0,0,0,0,0,0,0,0,0,0,0,0,0,0,0,0,0,0,0,1,1,1,False
6,283524,-14,05907,2,947006,-2,645571,-0,002766538,0,9994256,-0,0009107091,-0,03376253,0,0,0,0,0,0,0,0,0,0,0,0,0,0,0,0,0,0,0,0,0,0,1,1,1,False
6,293214,-14,05907,2,947006,-2,645571,-0,002766538,0,9994256,-0,0009107091,-0,03376253,0,0,0,0,0,0,0,0,0,0,0,0,0,0,0,0,0,0,0,0,0,0,1,1,1,False
6,302134,-14,05907,2,947006,-2,645571,-0,002766538,0,9994256,-0,0009107091,-0,03376253,0,0,0,0,0,0,0,0,0,0,0,0,0,0,0,0,0,0,0,0,0,0,1,1,1,False
6,311924,-14,05907,2,947006,-2,645571,-0,002766538,0,9994256,-0,0009107091,-0,03376253,0,0,0,0,0,0,0,0,0,0,0,0,0,0,0,0,0,0,0,0,0,0,1,1,1,False
6,32135,-14,05907,2,947006,-2,645571,-0,002766538,0,9994256,-0,0009107091,-0,03376253,0,0,0,0,0,0,0,0,0,0,0,0,0,0,0,0,0,0,0,0,0,0,1,1,1,False
6,390566,-14,05907,2,947006,-2,645571,-0,002766538,0,9994256,-0,0009107091,-0,03376253,0,0,0,0,0,0,0,0,0,0,0,0,0,0,0,0,0,0,0,0,0,0,1,1,1,False
6,467928,-14,05907,2,947006,-2,645571,-0,002766538,0,9994256,-0,0009107091,-0,03376253,0,0,0,0,0,0,0,0,0,0,0,0,0,0,0,0,0,0,0,0,0,0,1,1,1,False
6,544808,-14,05907,2,947006,-2,645571,-0,002766538,0,9994256,-0,0009107091,-0,03376253,0,0,0,0,0,0,0,0,0,0,0,0,0,0,0,0,0,0,0,0,0,0,1,1,1,False
6,556507,-14,05907,2,947006,-2,645571,-0,002766538,0,9994256,-0,0009107091,-0,03376253,0,0,0,0,0,0,0,0,0,0,0,0,0,0,0,0,0,0,0,0,0,0,1,1,1,False
6,567691,-14,05907,2,947006,-2,645571,-0,002766538,0,9994256,-0,0009107091,-0,03376253,0,0,0,0,0,0,0,0,0,0,0,0,0,0,0,0,0,0,0,0,0,0,1,1,1,False
6,578413,-14,05907,2,947006,-2,645571,-0,002766538,0,9994256,-0,0009107091,-0,03376253,0,0,0,0,0,0,0,0,0,0,0,0,0,0,0,0,0,0,0,0,0,0,1,1,1,False
6,58794,-14,05907,2,947006,-2,645571,-0,002766538,0,9994256,-0,0009107091,-0,03376253,0,0,0,0,0,0,0,0,0,0,0,0,0,0,0,0,0,0,0,0,0,0,1,1,1,False
6,598506,-14,05907,2,947006,-2,645571,-0,002766538,0,9994256,-0,0009107091,-0,03376253,0,0,0,0,0,0,0,0,0,0,0,0,0,0,0,0,0,0,0,0,0,0,1,1,1,False
6,608139,-14,05907,2,947006,-2,645571,-0,002766538,0,9994256,-0,0009107091,-0,03376253,0,0,0,0,0,0,0,0,0,0,0,0,0,0,0,0,0,0,0,0,0,0,1,1,1,False
6,619169,-14,05907,2,947006,-2,645571,-0,002766538,0,9994256,-0,0009107091,-0,03376253,0,0,0,0,0,0,0,0,0,0,0,0,0,0,0,0,0,0,0,0,0,0,1,1,1,False
6,629807,-14,05907,2,947006,-2,645571,-0,002766538,0,9994256,-0,0009107091,-0,03376253,0,0,0,0,0,0,0,0,0,0,0,0,0,0,0,0,0,0,0,0,0,0,1,1,1,False
6,640664,-14,05907,2,947006,-2,645571,-0,002766538,0,9994256,-0,0009107091,-0,03376253,0,0,0,0,0,0,0,0,0,0,0,0,0,0,0,0,0,0,0,0,0,0,1,1,1,False
6,651697,-14,05907,2,947006,-2,645571,-0,002766538,0,9994256,-0,0009107091,-0,03376253,0,0,0,0,0,0,0,0,0,0,0,0,0,0,0,0,0,0,0,0,0,0,1,1,1,False
6,661167,-14,05907,2,947006,-2,645571,-0,002766538,0,9994256,-0,0009107091,-0,03376253,0,0,0,0,0,0,0,0,0,0,0,0,0,0,0,0,0,0,0,0,0,0,1,1,1,False
6,672219,-14,05907,2,947006,-2,645571,-0,002766538,0,9994256,-0,0009107091,-0,03376253,0,0,0,0,0,0,0,0,0,0,0,0,0,0,0,0,0,0,0,0,0,0,1,1,1,False
6,682313,-14,05907,2,947006,-2,645571,-0,002766538,0,9994256,-0,0009107091,-0,03376253,0,0,0,0,0,0,0,0,0,0,0,0,0,0,0,0,0,0,0,0,0,0,1,1,1,False
6,693146,-14,05907,2,947006,-2,645571,-0,002766538,0,9994256,-0,0009107091,-0,03376253,0,0,0,0,0,0,0,0,0,0,0,0,0,0,0,0,0,0,0,0,0,0,1,1,1,False
6,760668,-14,05907,2,947006,-2,645571,-0,002766538,0,9994256,-0,0009107091,-0,03376253,0,0,0,0,0,0,0,0,0,0,0,0,0,0,0,0,0,0,0,0,0,0,1,1,1,False
6,772598,-14,05907,2,947006,-2,645571,-0,002766538,0,9994256,-0,0009107091,-0,03376253,0,0,0,0,0,0,0,0,0,0,0,0,0,0,0,0,0,0,0,0,0,0,1,1,1,False
6,782402,-14,05907,2,947006,-2,645571,-0,002766538,0,9994256,-0,0009107091,-0,03376253,0,0,0,0,0,0,0,0,0,0,0,0,0,0,0,0,0,0,0,0,0,0,1,1,1,False
6,793069,-14,05907,2,947006,-2,645571,-0,002766538,0,9994256,-0,0009107091,-0,03376253,0,0,0,0,0,0,0,0,0,0,0,0,0,0,0,0,0,0,0,0,0,0,1,1,1,False
6,802657,-14,05907,2,947006,-2,645571,-0,002766538,0,9994256,-0,0009107091,-0,03376253,0,0,0,0,0,0,0,0,0,0,0,0,0,0,0,0,0,0,0,0,0,0,1,1,1,False
6,813544,-14,05907,2,947006,-2,645571,-0,002766538,0,9994256,-0,0009107091,-0,03376253,0,0,0,0,0,0,0,0,0,0,0,0,0,0,0,0,0,0,0,0,0,0,1,1,1,False
6,823502,-14,05907,2,947006,-2,645571,-0,002766538,0,9994256,-0,0009107091,-0,03376253,0,0,0,0,0,0,0,0,0,0,0,0,0,0,0,0,0,0,0,0,0,0,1,1,1,False
6,835391,-14,05907,2,947006,-2,645571,-0,002766538,0,9994256,-0,0009107091,-0,03376253,0,0,0,0,0,0,0,0,0,0,0,0,0,0,0,0,0,0,0,0,0,0,1,1,1,False
6,845118,-14,05907,2,947006,-2,645571,-0,002766538,0,9994256,-0,0009107091,-0,03376253,0,0,0,0,0,0,0,0,0,0,0,0,0,0,0,0,0,0,0,0,0,0,1,1,1,False
6,855969,-14,05907,2,947006,-2,645571,-0,002766538,0,9994256,-0,0009107091,-0,03376253,0,0,0,0,0,0,0,0,0,0,0,0,0,0,0,0,0,0,0,0,0,0,1,1,1,False
6,865154,-14,05907,2,947006,-2,645571,-0,002766538,0,9994256,-0,0009107091,-0,03376253,0,0,0,0,0,0,0,0,0,0,0,0,0,0,0,0,0,0,0,0,0,0,1,1,1,False
6,876076,-14,05907,2,947006,-2,645571,-0,002766538,0,9994256,-0,0009107091,-0,03376253,0,0,0,0,0,0,0,0,0,0,0,0,0,0,0,0,0,0,0,0,0,0,1,1,1,False
6,885586,-14,05907,2,947006,-2,645571,-0,002766538,0,9994256,-0,0009107091,-0,03376253,0,0,0,0,0,0,0,0,0,0,0,0,0,0,0,0,0,0,0,0,0,0,1,1,1,False
6,895959,-14,05907,2,947006,-2,645571,-0,002766538,0,9994256,-0,0009107091,-0,03376253,0,0,0,0,0,0,0,0,0,0,0,0,0,0,0,0,0,0,0,0,0,0,1,1,1,False
6,905663,-14,05907,2,947006,-2,645571,-0,002766538,0,9994256,-0,0009107091,-0,03376253,0,0,0,0,0,0,0,0,0,0,0,0,0,0,0,0,0,0,0,0,0,0,1,1,1,False
6,919276,-14,05907,2,947006,-2,645571,-0,002766538,0,9994256,-0,0009107091,-0,03376253,0,0,0,0,0,0,0,0,0,0,0,0,0,0,0,0,0,0,0,0,0,0,1,1,1,False
6,929392,-14,05907,2,947006,-2,645571,-0,002766538,0,9994256,-0,0009107091,-0,03376253,0,0,0,0,0,0,0,0,0,0,0,0,0,0,0,0,0,0,0,0,0,0,1,1,1,False
6,942642,-14,05907,2,947006,-2,645571,-0,002766538,0,9994256,-0,0009107091,-0,03376253,0,0,0,0,0,0,0,0,0,0,0,0,0,0,0,0,0,0,0,0,0,0,1,1,1,False
6,95611,-14,05907,2,947006,-2,645571,-0,002766538,0,9994256,-0,0009107091,-0,03376253,0,0,0,0,0,0,0,0,0,0,0,0,0,0,0,0,0,0,0,0,0,0,1,1,1,False
6,967217,-14,05907,2,947006,-2,645571,-0,002766538,0,9994256,-0,0009107091,-0,03376253,0,0,0,0,0,0,0,0,0,0,0,0,0,0,0,0,0,0,0,0,0,0,1,1,1,False
6,978752,-14,05907,2,947006,-2,645571,-0,002766538,0,9994256,-0,0009107091,-0,03376253,0,0,0,0,0,0,0,0,0,0,0,0,0,0,0,0,0,0,0,0,0,0,1,1,1,False
6,989614,-14,05907,2,947006,-2,645571,-0,002766538,0,9994256,-0,0009107091,-0,03376253,0,0,0,0,0,0,0,0,0,0,0,0,0,0,0,0,0,0,0,0,0,0,1,1,1,False
7,001095,-14,05907,2,947006,-2,645571,-0,002766538,0,9994256,-0,0009107091,-0,03376253,0,0,0,0,0,0,0,0,0,0,0,0,0,0,0,0,0,0,0,0,0,0,1,1,1,False
7,012181,-14,05907,2,947006,-2,645571,-0,002766538,0,9994256,-0,0009107091,-0,03376253,0,0,0,0,0,0,0,0,0,0,0,0,0,0,0,0,0,0,0,0,0,0,1,1,1,False
7,02373,-14,05907,2,947006,-2,645571,-0,002766538,0,9994256,-0,0009107091,-0,03376253,0,0,0,0,0,0,0,0,0,0,0,0,0,0,0,0,0,0,0,0,0,0,1,1,1,False
7,035098,-14,05907,2,947006,-2,645571,-0,002766538,0,9994256,-0,0009107091,-0,03376253,0,0,0,0,0,0,0,0,0,0,0,0,0,0,0,0,0,0,0,0,0,0,1,1,1,False
7,045496,-14,05907,2,947006,-2,645571,-0,002766538,0,9994256,-0,0009107091,-0,03376253,0,0,0,0,0,0,0,0,0,0,0,0,0,0,0,0,0,0,0,0,0,0,1,1,1,False
7,056293,-14,05907,2,947006,-2,645571,-0,002766538,0,9994256,-0,0009107091,-0,03376253,0,0,0,0,0,0,0,0,0,0,0,0,0,0,0,0,0,0,0,0,0,0,1,1,1,False
7,066788,-14,05907,2,947006,-2,645571,-0,002766538,0,9994256,-0,0009107091,-0,03376253,0,0,0,0,0,0,0,0,0,0,0,0,0,0,0,0,0,0,0,0,0,0,1,1,1,False
7,079105,-14,05907,2,947006,-2,645571,-0,002766538,0,9994256,-0,0009107091,-0,03376253,0,0,0,0,0,0,0,0,0,0,0,0,0,0,0,0,0,0,0,0,0,0,1,1,1,False
7,089273,-14,05907,2,947006,-2,645571,-0,002766538,0,9994256,-0,0009107091,-0,03376253,0,0,0,0,0,0,0,0,0,0,0,0,0,0,0,0,0,0,0,0,0,0,1,1,1,False
7,100254,-14,05907,2,947006,-2,645571,-0,002766538,0,9994256,-0,0009107091,-0,03376253,0,0,0,0,0,0,0,0,0,0,0,0,0,0,0,0,0,0,0,0,0,0,1,1,1,False
7,111837,-14,05907,2,947006,-2,645571,-0,002766538,0,9994256,-0,0009107091,-0,03376253,0,0,0,0,0,0,0,0,0,0,0,0,0,0,0,0,0,0,0,0,0,0,1,1,1,False
7,135692,-14,05907,2,947006,-2,645571,-0,002766538,0,9994256,-0,0009107091,-0,03376253,0,0,0,0,0,0,0,0,0,0,0,0,0,0,0,0,0,0,0,0,0,0,1,1,1,False
7,146581,-14,05907,2,947006,-2,645571,-0,002766538,0,9994256,-0,0009107091,-0,03376253,0,0,0,0,0,0,0,0,0,0,0,0,0,0,0,0,0,0,0,0,0,0,1,1,1,False
7,157708,-14,05907,2,947006,-2,645571,-0,002766538,0,9994256,-0,0009107091,-0,03376253,0,0,0,0,0,0,0,0,0,0,0,0,0,0,0,0,0,0,0,0,0,0,1,1,1,False
7,175919,-14,05907,2,947006,-2,645571,-0,002766538,0,9994256,-0,0009107091,-0,03376253,0,0,0,0,0,0,0,0,0,0,0,0,0,0,0,0,0,0,0,0,0,0,1,1,1,False
7,187412,-14,05907,2,947006,-2,645571,-0,002766538,0,9994256,-0,0009107091,-0,03376253,0,0,0,0,0,0,0,0,0,0,0,0,0,0,0,0,0,0,0,0,0,0,1,1,1,False
7,199655,-14,05907,2,947006,-2,645571,-0,002766538,0,9994256,-0,0009107091,-0,03376253,0,0,0,0,0,0,0,0,0,0,0,0,0,0,0,0,0,0,0,0,0,0,1,1,1,False
7,209962,-14,05907,2,947006,-2,645571,-0,002766538,0,9994256,-0,0009107091,-0,03376253,0,0,0,0,0,0,0,0,0,0,0,0,0,0,0,0,0,0,0,0,0,0,1,1,1,False
7,221343,-14,05907,2,947006,-2,645571,-0,002766538,0,9994256,-0,0009107091,-0,03376253,0,0,0,0,0,0,0,0,0,0,0,0,0,0,0,0,0,0,0,0,0,0,1,1,1,False
7,233231,-14,05907,2,947006,-2,645571,-0,002766538,0,9994256,-0,0009107091,-0,03376253,0,0,0,0,0,0,0,0,0,0,0,0,0,0,0,0,0,0,0,0,0,0,1,1,1,False
7,244401,-14,05907,2,947006,-2,645571,-0,002766538,0,9994256,-0,0009107091,-0,03376253,0,0,0,0,0,0,0,0,0,0,0,0,0,0,0,0,0,0,0,0,0,0,1,1,1,False
7,256214,-14,05907,2,947006,-2,645571,-0,002766538,0,9994256,-0,0009107091,-0,03376253,0,0,0,0,0,0,0,0,0,0,0,0,0,0,0,0,0,0,0,0,0,0,1,1,1,False
7,279836,-14,05907,2,947006,-2,645571,-0,002766538,0,9994256,-0,0009107091,-0,03376253,0,0,0,0,0,0,0,0,0,0,0,0,0,0,0,0,0,0,0,0,0,0,1,1,1,False
7,295462,-14,05907,2,947006,-2,645571,-0,002766538,0,9994256,-0,0009107091,-0,03376253,0,0,0,0,0,0,0,0,0,0,0,0,0,0,0,0,0,0,0,0,0,0,1,1,1,False
7,379174,-14,05907,2,947006,-2,645571,-0,002766538,0,9994256,-0,0009107091,-0,03376253,0,0,0,0,0,0,0,0,0,0,0,0,0,0,0,0,0,0,0,0,0,0,1,1,1,False
7,457166,-14,05907,2,947006,-2,645571,-0,002766538,0,9994256,-0,0009107091,-0,03376253,0,0,0,0,0,0,0,0,0,0,0,0,0,0,0,0,0,0,0,0,0,0,1,1,1,False
7,536573,-14,05907,2,947006,-2,645571,-0,002766538,0,9994256,-0,0009107091,-0,03376253,0,0,0,0,0,0,0,0,0,0,0,0,0,0,0,0,0,0,0,0,0,0,1,1,1,False
7,614474,-14,05907,2,947006,-2,645571,-0,002766538,0,9994256,-0,0009107091,-0,03376253,0,0,0,0,0,0,0,0,0,0,0,0,0,0,0,0,0,0,0,0,0,0,1,1,1,False
7,69102,-14,05907,2,947006,-2,645571,-0,002766538,0,9994256,-0,0009107091,-0,03376253,0,0,0,0,0,0,0,0,0,0,0,0,0,0,0,0,0,0,0,0,0,0,1,1,1,False
7,768926,-14,05907,2,947006,-2,645571,-0,002766538,0,9994256,-0,0009107091,-0,03376253,0,0,0,0,0,0,0,0,0,0,0,0,0,0,0,0,0,0,0,0,0,0,1,1,1,False
7,84083,-14,05907,2,947006,-2,645571,-0,002766538,0,9994256,-0,0009107091,-0,03376253,0,0,0,0,0,0,0,0,0,0,0,0,0,0,0,0,0,0,0,0,0,0,1,1,1,False
8,069713,-14,05907,2,947006,-2,645571,-0,002766538,0,9994256,-0,0009107091,-0,03376253,0,0,0,0,0,0,0,0,0,0,0,0,0,0,0,0,0,0,0,0,0,0,1,1,1,False
8,158078,-14,05907,2,947006,-2,645571,-0,002766538,0,9994256,-0,0009107091,-0,03376253,0,0,0,0,0,0,0,0,0,0,0,0,0,0,0,0,0,0,0,0,0,0,1,1,1,False
8,180546,-14,05907,2,947006,-2,645571,-0,002766538,0,9994256,-0,0009107091,-0,03376253,0,0,0,0,0,0,0,0,0,0,0,0,0,0,0,0,0,0,0,0,0,0,1,1,1,False
8,19767,-14,05907,2,947006,-2,645571,-0,002766538,0,9994256,-0,0009107091,-0,03376253,0,0,0,0,0,0,0,0,0,0,0,0,0,0,0,0,0,0,0,0,0,0,1,1,1,False
8,205086,-14,05907,2,947006,-2,645571,-0,002766538,0,9994256,-0,0009107091,-0,03376253,0,0,0,0,0,0,0,0,0,0,0,0,0,0,0,0,0,0,0,0,0,0,1,1,1,False
8,21359,-14,05907,2,947006,-2,645571,-0,002766538,0,9994256,-0,0009107091,-0,03376253,0,0,0,0,0,0,0,0,0,0,0,0,0,0,0,0,0,0,0,0,0,0,1,1,1,False
8,221617,-14,05907,2,947006,-2,645571,-0,002766538,0,9994256,-0,0009107091,-0,03376253,0,0,0,0,0,0,0,0,0,0,0,0,0,0,0,0,0,0,0,0,0,0,1,1,1,False
8,231152,-14,05907,2,947006,-2,645571,-0,002766538,0,9994256,-0,0009107091,-0,03376253,0,0,0,0,0,0,0,0,0,0,0,0,0,0,0,0,0,0,0,0,0,0,1,1,1,False
8,238376,-14,05907,2,947006,-2,645571,-0,002766538,0,9994256,-0,0009107091,-0,03376253,0,0,0,0,0,0,0,0,0,0,0,0,0,0,0,0,0,0,0,0,0,0,1,1,1,False
8,245529,-14,05907,2,947006,-2,645571,-0,002766538,0,9994256,-0,0009107091,-0,03376253,0,0,0,0,0,0,0,0,0,0,0,0,0,0,0,0,0,0,0,0,0,0,1,1,1,False
8,253422,-14,05907,2,947006,-2,645571,-0,002766538,0,9994256,-0,0009107091,-0,03376253,0,0,0,0,0,0,0,0,0,0,0,0,0,0,0,0,0,0,0,0,0,0,1,1,1,False
8,260702,-14,05907,2,947006,-2,645571,-0,002766538,0,9994256,-0,0009107091,-0,03376253,0,0,0,0,0,0,0,0,0,0,0,0,0,0,0,0,0,0,0,0,0,0,1,1,1,False
8,269165,-14,05907,2,947006,-2,645571,-0,002766538,0,9994256,-0,0009107091,-0,03376253,0,0,0,0,0,0,0,0,0,0,0,0,0,0,0,0,0,0,0,0,0,0,1,1,1,False
8,276544,-14,05907,2,947006,-2,645571,-0,002766538,0,9994256,-0,0009107091,-0,03376253,0,0,0,0,0,0,0,0,0,0,0,0,0,0,0,0,0,0,0,0,0,0,1,1,1,False
8,283801,-14,05907,2,947006,-2,645571,-0,002766538,0,9994256,-0,0009107091,-0,03376253,0,0,0,0,0,0,0,0,0,0,0,0,0,0,0,0,0,0,0,0,0,0,1,1,1,False
8,292408,-14,05907,2,947006,-2,645571,-0,002766538,0,9994256,-0,0009107091,-0,03376253,0,0,0,0,0,0,0,0,0,0,0,0,0,0,0,0,0,0,0,0,0,0,1,1,1,False
8,300012,-14,05907,2,947006,-2,645571,-0,002766538,0,9994256,-0,0009107091,-0,03376253,0,0,0,0,0,0,0,0,0,0,0,0,0,0,0,0,0,0,0,0,0,0,1,1,1,False
8,308413,-14,05907,2,947006,-2,645571,-0,002766538,0,9994256,-0,0009107091,-0,03376253,0,0,0,0,0,0,0,0,0,0,0,0,0,0,0,0,0,0,0,0,0,0,1,1,1,False
8,315571,-14,05907,2,947006,-2,645571,-0,002766538,0,9994256,-0,0009107091,-0,03376253,0,0,0,0,0,0,0,0,0,0,0,0,0,0,0,0,0,0,0,0,0,0,1,1,1,False
8,322709,-14,05907,2,947006,-2,645571,-0,002766538,0,9994256,-0,0009107091,-0,03376253,0,0,0,0,0,0,0,0,0,0,0,0,0,0,0,0,0,0,0,0,0,0,1,1,1,False
8,331394,-14,05907,2,947006,-2,645571,-0,002766538,0,9994256,-0,0009107091,-0,03376253,0,0,0,0,0,0,0,0,0,0,0,0,0,0,0,0,0,0,0,0,0,0,1,1,1,False
8,339214,-14,05907,2,947006,-2,645571,-0,002766538,0,9994256,-0,0009107091,-0,03376253,0,0,0,0,0,0,0,0,0,0,0,0,0,0,0,0,0,0,0,0,0,0,1,1,1,False
8,34696,-14,05907,2,947006,-2,645571,-0,002766538,0,9994256,-0,0009107091,-0,03376253,0,0,0,0,0,0,0,0,0,0,0,0,0,0,0,0,0,0,0,0,0,0,1,1,1,False
8,354956,-14,05907,2,947006,-2,645571,-0,002766538,0,9994256,-0,0009107091,-0,03376253,0,0,0,0,0,0,0,0,0,0,0,0,0,0,0,0,0,0,0,0,0,0,1,1,1,False
8,362065,-14,05907,2,947006,-2,645571,-0,002766538,0,9994256,-0,0009107091,-0,03376253,0,0,0,0,0,0,0,0,0,0,0,0,0,0,0,0,0,0,0,0,0,0,1,1,1,False
8,370214,-14,05907,2,947006,-2,645571,-0,002766538,0,9994256,-0,0009107091,-0,03376253,0,0,0,0,0,0,0,0,0,0,0,0,0,0,0,0,0,0,0,0,0,0,1,1,1,False
8,37748,-14,05907,2,947006,-2,645571,-0,002766538,0,9994256,-0,0009107091,-0,03376253,0,0,0,0,0,0,0,0,0,0,0,0,0,0,0,0,0,0,0,0,0,0,1,1,1,False
8,38825,-14,05907,2,947006,-2,645571,-0,002766538,0,9994256,-0,0009107091,-0,03376253,0,0,0,0,0,0,0,0,0,0,0,0,0,0,0,0,0,0,0,0,0,0,1,1,1,False
8,396178,-14,05907,2,947006,-2,645571,-0,002766538,0,9994256,-0,0009107091,-0,03376253,0,0,0,0,0,0,0,0,0,0,0,0,0,0,0,0,0,0,0,0,0,0,1,1,1,False
8,4032,-14,05907,2,947006,-2,645571,-0,002766538,0,9994256,-0,0009107091,-0,03376253,0,0,0,0,0,0,0,0,0,0,0,0,0,0,0,0,0,0,0,0,0,0,1,1,1,False
8,411237,-14,05907,2,947006,-2,645571,-0,002766538,0,9994256,-0,0009107091,-0,03376253,0,0,0,0,0,0,0,0,0,0,0,0,0,0,0,0,0,0,0,0,0,0,1,1,1,False
8,418331,-14,05907,2,947006,-2,645571,-0,002766538,0,9994256,-0,0009107091,-0,03376253,0,0,0,0,0,0,0,0,0,0,0,0,0,0,0,0,0,0,0,0,0,0,1,1,1,False
8,42626,-14,05907,2,947006,-2,645571,-0,002766538,0,9994256,-0,0009107091,-0,03376253,0,0,0,0,0,0,0,0,0,0,0,0,0,0,0,0,0,0,0,0,0,0,1,1,1,False
8,434716,-14,05907,2,947006,-2,645571,-0,002766538,0,9994256,-0,0009107091,-0,03376253,0,0,0,0,0,0,0,0,0,0,0,0,0,0,0,0,0,0,0,0,0,0,1,1,1,False
8,442685,-14,05907,2,947006,-2,645571,-0,002766538,0,9994256,-0,0009107091,-0,03376253,0,0,0,0,0,0,0,0,0,0,0,0,0,0,0,0,0,0,0,0,0,0,1,1,1,False
8,451302,-14,05907,2,947006,-2,645571,-0,002766538,0,9994256,-0,0009107091,-0,03376253,0,0,0,0,0,0,0,0,0,0,0,0,0,0,0,0,0,0,0,0,0,0,1,1,1,False
8,458793,-14,05907,2,947006,-2,645571,-0,002766538,0,9994256,-0,0009107091,-0,03376253,0,0,0,0,0,0,0,0,0,0,0,0,0,0,0,0,0,0,0,0,0,0,1,1,1,False
8,466127,-14,05907,2,947006,-2,645571,-0,002766538,0,9994256,-0,0009107091,-0,03376253,0,0,0,0,0,0,0,0,0,0,0,0,0,0,0,0,0,0,0,0,0,0,1,1,1,False
8,474965,-14,05907,2,947006,-2,645571,-0,002766538,0,9994256,-0,0009107091,-0,03376253,0,0,0,0,0,0,0,0,0,0,0,0,0,0,0,0,0,0,0,0,0,0,1,1,1,False
8,482825,-14,05907,2,947006,-2,645571,-0,002766538,0,9994256,-0,0009107091,-0,03376253,0,0,0,0,0,0,0,0,0,0,0,0,0,0,0,0,0,0,0,0,0,0,1,1,1,False
8,491096,-14,05907,2,947006,-2,645571,-0,002766538,0,9994256,-0,0009107091,-0,03376253,0,0,0,0,0,0,0,0,0,0,0,0,0,0,0,0,0,0,0,0,0,0,1,1,1,False
8,498701,-14,05907,2,947006,-2,645571,-0,002766538,0,9994256,-0,0009107091,-0,03376253,0,0,0,0,0,0,0,0,0,0,0,0,0,0,0,0,0,0,0,0,0,0,1,1,1,False
8,506572,-14,05907,2,947006,-2,645571,-0,002766538,0,9994256,-0,0009107091,-0,03376253,0,0,0,0,0,0,0,0,0,0,0,0,0,0,0,0,0,0,0,0,0,0,1,1,1,False
8,514958,-14,05907,2,947006,-2,645571,-0,002766538,0,9994256,-0,0009107091,-0,03376253,0,0,0,0,0,0,0,0,0,0,0,0,0,0,0,0,0,0,0,0,0,0,1,1,1,False
8,524203,-14,05907,2,947006,-2,645571,-0,002766538,0,9994256,-0,0009107091,-0,03376253,0,0,0,0,0,0,0,0,0,0,0,0,0,0,0,0,0,0,0,0,0,0,1,1,1,False
8,534965,-14,05907,2,947006,-2,645571,-0,002766538,0,9994256,-0,0009107091,-0,03376253,0,0,0,0,0,0,0,0,0,0,0,0,0,0,0,0,0,0,0,0,0,0,1,1,1,False
8,542388,-14,05907,2,947006,-2,645571,-0,002766538,0,9994256,-0,0009107091,-0,03376253,0,0,0,0,0,0,0,0,0,0,0,0,0,0,0,0,0,0,0,0,0,0,1,1,1,False
8,550915,-14,05907,2,947006,-2,645571,-0,002766538,0,9994256,-0,0009107091,-0,03376253,0,0,0,0,0,0,0,0,0,0,0,0,0,0,0,0,0,0,0,0,0,0,1,1,1,False
8,558365,-14,05907,2,947006,-2,645571,-0,002766538,0,9994256,-0,0009107091,-0,03376253,0,0,0,0,0,0,0,0,0,0,0,0,0,0,0,0,0,0,0,0,0,0,1,1,1,False
8,565708,-14,05907,2,947006,-2,645571,-0,002766538,0,9994256,-0,0009107091,-0,03376253,0,0,0,0,0,0,0,0,0,0,0,0,0,0,0,0,0,0,0,0,0,0,1,1,1,False
8,573613,-14,05907,2,947006,-2,645571,-0,002766538,0,9994256,-0,0009107091,-0,03376253,0,0,0,0,0,0,0,0,0,0,0,0,0,0,0,0,0,0,0,0,0,0,1,1,1,False
8,581273,-14,05907,2,947006,-2,645571,-0,002766538,0,9994256,-0,0009107091,-0,03376253,0,0,0,0,0,0,0,0,0,0,0,0,0,0,0,0,0,0,0,0,0,0,1,1,1,False
8,589326,-14,05907,2,947006,-2,645571,-0,002766538,0,9994256,-0,0009107091,-0,03376253,0,0,0,0,0,0,0,0,0,0,0,0,0,0,0,0,0,0,0,0,0,0,1,1,1,False
8,596622,-14,05907,2,947006,-2,645571,-0,002766538,0,9994256,-0,0009107091,-0,03376253,0,0,0,0,0,0,0,0,0,0,0,0,0,0,0,0,0,0,0,0,0,0,1,1,1,False
8,603554,-14,05907,2,947006,-2,645571,-0,002766538,0,9994256,-0,0009107091,-0,03376253,0,0,0,0,0,0,0,0,0,0,0,0,0,0,0,0,0,0,0,0,0,0,1,1,1,False
8,614434,-14,05907,2,947006,-2,645571,-0,002766538,0,9994256,-0,0009107091,-0,03376253,0,0,0,0,0,0,0,0,0,0,0,0,0,0,0,0,0,0,0,0,0,0,1,1,1,False
8,624941,-14,05907,2,947006,-2,645571,-0,002766538,0,9994256,-0,0009107091,-0,03376253,0,0,0,0,0,0,0,0,0,0,0,0,0,0,0,0,0,0,0,0,0,0,1,1,1,False
8,632581,-14,05907,2,947006,-2,645571,-0,002766538,0,9994256,-0,0009107091,-0,03376253,0,0,0,0,0,0,0,0,0,0,0,0,0,0,0,0,0,0,0,0,0,0,1,1,1,False
8,639819,-14,05907,2,947006,-2,645571,-0,002766538,0,9994256,-0,0009107091,-0,03376253,0,0,0,0,0,0,0,0,0,0,0,0,0,0,0,0,0,0,0,0,0,0,1,1,1,False
8,647093,-14,05907,2,947006,-2,645571,-0,002766538,0,9994256,-0,0009107091,-0,03376253,0,0,0,0,0,0,0,0,0,0,0,0,0,0,0,0,0,0,0,0,0,0,1,1,1,False
8,655643,-14,05907,2,947006,-2,645571,-0,002766538,0,9994256,-0,0009107091,-0,03376253,0,0,0,0,0,0,0,0,0,0,0,0,0,0,0,0,0,0,0,0,0,0,1,1,1,False
8,662987,-14,05907,2,947006,-2,645571,-0,002766538,0,9994256,-0,0009107091,-0,03376253,0,0,0,0,0,0,0,0,0,0,0,0,0,0,0,0,0,0,0,0,0,0,1,1,1,False
8,671835,-14,05907,2,947006,-2,645571,-0,002766538,0,9994256,-0,0009107091,-0,03376253,0,0,0,0,0,0,0,0,0,0,0,0,0,0,0,0,0,0,0,0,0,0,1,1,1,False
8,679249,-14,05907,2,947006,-2,645571,-0,002766538,0,9994256,-0,0009107091,-0,03376253,0,0,0,0,0,0,0,0,0,0,0,0,0,0,0,0,0,0,0,0,0,0,1,1,1,False
8,686786,-14,05907,2,947006,-2,645571,-0,002766538,0,9994256,-0,0009107091,-0,03376253,0,0,0,0,0,0,0,0,0,0,0,0,0,0,0,0,0,0,0,0,0,0,1,1,1,False
8,694487,-14,05907,2,947006,-2,645571,-0,002766538,0,9994256,-0,0009107091,-0,03376253,0,0,0,0,0,0,0,0,0,0,0,0,0,0,0,0,0,0,0,0,0,0,1,1,1,False
8,701654,-14,05907,2,947006,-2,645571,-0,002766538,0,9994256,-0,0009107091,-0,03376253,0,0,0,0,0,0,0,0,0,0,0,0,0,0,0,0,0,0,0,0,0,0,1,1,1,False
8,70976,-14,05907,2,947006,-2,645571,-0,002766538,0,9994256,-0,0009107091,-0,03376253,0,0,0,0,0,0,0,0,0,0,0,0,0,0,0,0,0,0,0,0,0,0,1,1,1,False
8,717076,-14,05907,2,947006,-2,645571,-0,002766538,0,9994256,-0,0009107091,-0,03376253,0,0,0,0,0,0,0,0,0,0,0,0,0,0,0,0,0,0,0,0,0,0,1,1,1,False
8,724401,-14,05907,2,947006,-2,645571,-0,002766538,0,9994256,-0,0009107091,-0,03376253,0,0,0,0,0,0,0,0,0,0,0,0,0,0,0,0,0,0,0,0,0,0,1,1,1,False
8,732727,-14,05907,2,947006,-2,645571,-0,002766538,0,9994256,-0,0009107091,-0,03376253,0,0,0,0,0,0,0,0,0,0,0,0,0,0,0,0,0,0,0,0,0,0,1,1,1,False
8,739991,-14,05907,2,947006,-2,645571,-0,002766538,0,9994256,-0,0009107091,-0,03376253,0,0,0,0,0,0,0,0,0,0,0,0,0,0,0,0,0,0,0,0,0,0,1,1,1,False
8,747505,-14,05907,2,947006,-2,645571,-0,002766538,0,9994256,-0,0009107091,-0,03376253,0,0,0,0,0,0,0,0,0,0,0,0,0,0,0,0,0,0,0,0,0,0,1,1,1,False
8,755427,-14,05907,2,947006,-2,645571,-0,002766538,0,9994256,-0,0009107091,-0,03376253,0,0,0,0,0,0,0,0,0,0,0,0,0,0,0,0,0,0,0,0,0,0,1,1,1,False
8,762769,-14,05907,2,947006,-2,645571,-0,002766538,0,9994256,-0,0009107091,-0,03376253,0,0,0,0,0,0,0,0,0,0,0,0,0,0,0,0,0,0,0,0,0,0,1,1,1,False
8,771658,-14,05907,2,947006,-2,645571,-0,002766538,0,9994256,-0,0009107091,-0,03376253,0,0,0,0,0,0,0,0,0,0,0,0,0,0,0,0,0,0,0,0,0,0,1,1,1,False
8,779213,-14,05907,2,947006,-2,645571,-0,002766538,0,9994256,-0,0009107091,-0,03376253,0,0,0,0,0,0,0,0,0,0,0,0,0,0,0,0,0,0,0,0,0,0,1,1,1,False
8,788043,-14,05907,2,947006,-2,645571,-0,002766538,0,9994256,-0,0009107091,-0,03376253,0,0,0,0,0,0,0,0,0,0,0,0,0,0,0,0,0,0,0,0,0,0,1,1,1,False
8,79645,-14,05907,2,947006,-2,645571,-0,002766538,0,9994256,-0,0009107091,-0,03376253,0,0,0,0,0,0,0,0,0,0,0,0,0,0,0,0,0,0,0,0,0,0,1,1,1,False
8,80337,-14,05907,2,947006,-2,645571,-0,002766538,0,9994256,-0,0009107091,-0,03376253,0,0,0,0,0,0,0,0,0,0,0,0,0,0,0,0,0,0,0,0,0,0,1,1,1,False
8,811873,-14,05907,2,947006,-2,645571,-0,002766538,0,9994256,-0,0009107091,-0,03376253,0,0,0,0,0,0,0,0,0,0,0,0,0,0,0,0,0,0,0,0,0,0,1,1,1,False
8,819016,-14,05907,2,947006,-2,645571,-0,002766538,0,9994256,-0,0009107091,-0,03376253,0,0,0,0,0,0,0,0,0,0,0,0,0,0,0,0,0,0,0,0,0,0,1,1,1,False
8,82653,-14,05907,2,947006,-2,645571,-0,002766538,0,9994256,-0,0009107091,-0,03376253,0,0,0,0,0,0,0,0,0,0,0,0,0,0,0,0,0,0,0,0,0,0,1,1,1,False
8,835106,-14,05907,2,947006,-2,645571,-0,002766538,0,9994256,-0,0009107091,-0,03376253,0,0,0,0,0,0,0,0,0,0,0,0,0,0,0,0,0,0,0,0,0,0,1,1,1,False
8,842576,-14,05907,2,947006,-2,645571,-0,002766538,0,9994256,-0,0009107091,-0,03376253,0,0,0,0,0,0,0,0,0,0,0,0,0,0,0,0,0,0,0,0,0,0,1,1,1,False
8,850547,-14,05907,2,947006,-2,645571,-0,002766538,0,9994256,-0,0009107091,-0,03376253,0,0,0,0,0,0,0,0,0,0,0,0,0,0,0,0,0,0,0,0,0,0,1,1,1,False
8,857746,-14,05907,2,947006,-2,645571,-0,002766538,0,9994256,-0,0009107091,-0,03376253,0,0,0,0,0,0,0,0,0,0,0,0,0,0,0,0,0,0,0,0,0,0,1,1,1,False
8,86515,-14,05907,2,947006,-2,645571,-0,002766538,0,9994256,-0,0009107091,-0,03376253,0,0,0,0,0,0,0,0,0,0,0,0,0,0,0,0,0,0,0,0,0,0,1,1,1,False
8,873124,-14,05907,2,947006,-2,645571,-0,002766538,0,9994256,-0,0009107091,-0,03376253,0,0,0,0,0,0,0,0,0,0,0,0,0,0,0,0,0,0,0,0,0,0,1,1,1,False
8,880203,-14,05907,2,947006,-2,645571,-0,002766538,0,9994256,-0,0009107091,-0,03376253,0,0,0,0,0,0,0,0,0,0,0,0,0,0,0,0,0,0,0,0,0,0,1,1,1,False
8,889034,-14,05907,2,947006,-2,645571,-0,002766538,0,9994256,-0,0009107091,-0,03376253,0,0,0,0,0,0,0,0,0,0,0,0,0,0,0,0,0,0,0,0,0,0,1,1,1,False
8,896358,-14,05907,2,947006,-2,645571,-0,002766538,0,9994256,-0,0009107091,-0,03376253,0,0,0,0,0,0,0,0,0,0,0,0,0,0,0,0,0,0,0,0,0,0,1,1,1,False
8,904119,-14,05907,2,947006,-2,645571,-0,002766538,0,9994256,-0,0009107091,-0,03376253,0,0,0,0,0,0,0,0,0,0,0,0,0,0,0,0,0,0,0,0,0,0,1,1,1,False
8,912416,-14,05907,2,947006,-2,645571,-0,002766538,0,9994256,-0,0009107091,-0,03376253,0,0,0,0,0,0,0,0,0,0,0,0,0,0,0,0,0,0,0,0,0,0,1,1,1,False
8,920144,-14,05907,2,947006,-2,645571,-0,002766538,0,9994256,-0,0009107091,-0,03376253,0,0,0,0,0,0,0,0,0,0,0,0,0,0,0,0,0,0,0,0,0,0,1,1,1,False
8,928541,-14,05907,2,947006,-2,645571,-0,002766538,0,9994256,-0,0009107091,-0,03376253,0,0,0,0,0,0,0,0,0,0,0,0,0,0,0,0,0,0,0,0,0,0,1,1,1,False
8,936146,-14,05907,2,947006,-2,645571,-0,002766538,0,9994256,-0,0009107091,-0,03376253,0,0,0,0,0,0,0,0,0,0,0,0,0,0,0,0,0,0,0,0,0,0,1,1,1,False
8,943558,-14,05907,2,947006,-2,645571,-0,002766538,0,9994256,-0,0009107091,-0,03376253,0,0,0,0,0,0,0,0,0,0,0,0,0,0,0,0,0,0,0,0,0,0,1,1,1,False
8,952375,-14,05907,2,947006,-2,645571,-0,002766538,0,9994256,-0,0009107091,-0,03376253,0,0,0,0,0,0,0,0,0,0,0,0,0,0,0,0,0,0,0,0,0,0,1,1,1,False
8,959786,-14,05907,2,947006,-2,645571,-0,002766538,0,9994256,-0,0009107091,-0,03376253,0,0,0,0,0,0,0,0,0,0,0,0,0,0,0,0,0,0,0,0,0,0,1,1,1,False
8,967864,-14,05907,2,947006,-2,645571,-0,002766538,0,9994256,-0,0009107091,-0,03376253,0,0,0,0,0,0,0,0,0,0,0,0,0,0,0,0,0,0,0,0,0,0,1,1,1,False
8,976136,-14,05907,2,947006,-2,645571,-0,002766538,0,9994256,-0,0009107091,-0,03376253,0,0,0,0,0,0,0,0,0,0,0,0,0,0,0,0,0,0,0,0,0,0,1,1,1,False
8,984279,-14,05907,2,947006,-2,645571,-0,002766538,0,9994256,-0,0009107091,-0,03376253,0,0,0,0,0,0,0,0,0,0,0,0,0,0,0,0,0,0,0,0,0,0,1,1,1,False
8,992475,-14,05907,2,947006,-2,645571,-0,002766538,0,9994256,-0,0009107091,-0,03376253,0,0,0,0,0,0,0,0,0,0,0,0,0,0,0,0,0,0,0,0,0,0,1,1,1,False
9,00013,-14,05907,2,947006,-2,645571,-0,002766538,0,9994256,-0,0009107091,-0,03376253,0,0,0,0,0,0,0,0,0,0,0,0,0,0,0,0,0,0,0,0,0,0,1,1,1,False
9,008228,-14,05907,2,947006,-2,645571,-0,002766538,0,9994256,-0,0009107091,-0,03376253,0,0,0,0,0,0,0,0,0,0,0,0,0,0,0,0,0,0,0,0,0,0,1,1,1,False
9,015903,-14,05907,2,947006,-2,645571,-0,002766538,0,9994256,-0,0009107091,-0,03376253,0,0,0,0,0,0,0,0,0,0,0,0,0,0,0,0,0,0,0,0,0,0,1,1,1,False
9,023539,-14,05907,2,947006,-2,645571,-0,002766538,0,9994256,-0,0009107091,-0,03376253,0,0,0,0,0,0,0,0,0,0,0,0,0,0,0,0,0,0,0,0,0,0,1,1,1,False
9,032461,-14,05907,2,947006,-2,645571,-0,002766538,0,9994256,-0,0009107091,-0,03376253,0,0,0,0,0,0,0,0,0,0,0,0,0,0,0,0,0,0,0,0,0,0,1,1,1,False
9,039918,-14,05907,2,947006,-2,645571,-0,002766538,0,9994256,-0,0009107091,-0,03376253,0,0,0,0,0,0,0,0,0,0,0,0,0,0,0,0,0,0,0,0,0,0,1,1,1,False
9,048112,-14,05907,2,947006,-2,645571,-0,002766538,0,9994256,-0,0009107091,-0,03376253,0,0,0,0,0,0,0,0,0,0,0,0,0,0,0,0,0,0,0,0,0,0,1,1,1,False
9,056299,-14,05907,2,947006,-2,645571,-0,002766538,0,9994256,-0,0009107091,-0,03376253,0,0,0,0,0,0,0,0,0,0,0,0,0,0,0,0,0,0,0,0,0,0,1,1,1,False
9,064306,-14,05907,2,947006,-2,645571,-0,002766538,0,9994256,-0,0009107091,-0,03376253,0,0,0,0,0,0,0,0,0,0,0,0,0,0,0,0,0,0,0,0,0,0,1,1,1,False
9,072642,-14,05907,2,947006,-2,645571,-0,002766538,0,9994256,-0,0009107091,-0,03376253,0,0,0,0,0,0,0,0,0,0,0,0,0,0,0,0,0,0,0,0,0,0,1,1,1,False
9,08053,-14,05907,2,947006,-2,645571,-0,002766538,0,9994256,-0,0009107091,-0,03376253,0,0,0,0,0,0,0,0,0,0,0,0,0,0,0,0,0,0,0,0,0,0,1,1,1,False
9,089158,-14,05907,2,947006,-2,645571,-0,002766538,0,9994256,-0,0009107091,-0,03376253,0,0,0,0,0,0,0,0,0,0,0,0,0,0,0,0,0,0,0,0,0,0,1,1,1,False
9,096927,-14,05907,2,947006,-2,645571,-0,002766538,0,9994256,-0,0009107091,-0,03376253,0,0,0,0,0,0,0,0,0,0,0,0,0,0,0,0,0,0,0,0,0,0,1,1,1,False
9,104183,-14,05907,2,947006,-2,645571,-0,002766538,0,9994256,-0,0009107091,-0,03376253,0,0,0,0,0,0,0,0,0,0,0,0,0,0,0,0,0,0,0,0,0,0,1,1,1,False
9,113312,-14,05907,2,947006,-2,645571,-0,002766538,0,9994256,-0,0009107091,-0,03376253,0,0,0,0,0,0,0,0,0,0,0,0,0,0,0,0,0,0,0,0,0,0,1,1,1,False
9,121778,-14,05907,2,947006,-2,645571,-0,002766538,0,9994256,-0,0009107091,-0,03376253,0,0,0,0,0,0,0,0,0,0,0,0,0,0,0,0,0,0,0,0,0,0,1,1,1,False
9,140472,-14,05907,2,947006,-2,645571,-0,002766538,0,9994256,-0,0009107091,-0,03376253,0,0,0,0,0,0,0,0,0,0,0,0,0,0,0,0,0,0,0,0,0,0,1,1,1,False
9,151903,-14,05907,2,947006,-2,645571,-0,002766538,0,9994256,-0,0009107091,-0,03376253,0,0,0,0,0,0,0,0,0,0,0,0,0,0,0,0,0,0,0,0,0,0,1,1,1,False
9,159736,-14,05907,2,947006,-2,645571,-0,002766538,0,9994256,-0,0009107091,-0,03376253,0,0,0,0,0,0,0,0,0,0,0,0,0,0,0,0,0,0,0,0,0,0,1,1,1,False
9,167482,-14,05907,2,947006,-2,645571,-0,002766538,0,9994256,-0,0009107091,-0,03376253,0,0,0,0,0,0,0,0,0,0,0,0,0,0,0,0,0,0,0,0,0,0,1,1,1,False
9,176079,-14,05907,2,947006,-2,645571,-0,002766538,0,9994256,-0,0009107091,-0,03376253,0,0,0,0,0,0,0,0,0,0,0,0,0,0,0,0,0,0,0,0,0,0,1,1,1,False
9,18461,-14,05907,2,947006,-2,645571,-0,002766538,0,9994256,-0,0009107091,-0,03376253,0,0,0,0,0,0,0,0,0,0,0,0,0,0,0,0,0,0,0,0,0,0,1,1,1,False
9,192934,-14,05907,2,947006,-2,645571,-0,002766538,0,9994256,-0,0009107091,-0,03376253,0,0,0,0,0,0,0,0,0,0,0,0,0,0,0,0,0,0,0,0,0,0,1,1,1,False
9,20061,-14,05907,2,947006,-2,645571,-0,002766538,0,9994256,-0,0009107091,-0,03376253,0,0,0,0,0,0,0,0,0,0,0,0,0,0,0,0,0,0,0,0,0,0,1,1,1,False
9,208886,-14,05907,2,947006,-2,645571,-0,002766538,0,9994256,-0,0009107091,-0,03376253,0,0,0,0,0,0,0,0,0,0,0,0,0,0,0,0,0,0,0,0,0,0,1,1,1,False
9,216601,-14,05907,2,947006,-2,645571,-0,002766538,0,9994256,-0,0009107091,-0,03376253,0,0,0,0,0,0,0,0,0,0,0,0,0,0,0,0,0,0,0,0,0,0,1,1,1,False
9,223945,-14,05907,2,947006,-2,645571,-0,002766538,0,9994256,-0,0009107091,-0,03376253,0,0,0,0,0,0,0,0,0,0,0,0,0,0,0,0,0,0,0,0,0,0,1,1,1,False
9,232733,-14,05907,2,947006,-2,645571,-0,002766538,0,9994256,-0,0009107091,-0,03376253,0,0,0,0,0,0,0,0,0,0,0,0,0,0,0,0,0,0,0,0,0,0,1,1,1,False
9,240064,-14,05907,2,947006,-2,645571,-0,002766538,0,9994256,-0,0009107091,-0,03376253,0,0,0,0,0,0,0,0,0,0,0,0,0,0,0,0,0,0,0,0,0,0,1,1,1,False
9,249468,-14,05907,2,947006,-2,645571,-0,002766538,0,9994256,-0,0009107091,-0,03376253,0,0,0,0,0,0,0,0,0,0,0,0,0,0,0,0,0,0,0,0,0,0,1,1,1,False
9,257131,-14,05907,2,947006,-2,645571,-0,002766538,0,9994256,-0,0009107091,-0,03376253,0,0,0,0,0,0,0,0,0,0,0,0,0,0,0,0,0,0,0,0,0,0,1,1,1,False
9,265408,-14,05907,2,947006,-2,645571,-0,002766538,0,9994256,-0,0009107091,-0,03376253,0,0,0,0,0,0,0,0,0,0,0,0,0,0,0,0,0,0,0,0,0,0,1,1,1,False
9,273541,-14,05907,2,947006,-2,645571,-0,002766538,0,9994256,-0,0009107091,-0,03376253,0,0,0,0,0,0,0,0,0,0,0,0,0,0,0,0,0,0,0,0,0,0,1,1,1,False
9,281438,-14,05907,2,947006,-2,645571,-0,002766538,0,9994256,-0,0009107091,-0,03376253,0,0,0,0,0,0,0,0,0,0,0,0,0,0,0,0,0,0,0,0,0,0,1,1,1,False
9,29006,-14,05907,2,947006,-2,645571,-0,002766538,0,9994256,-0,0009107091,-0,03376253,0,0,0,0,0,0,0,0,0,0,0,0,0,0,0,0,0,0,0,0,0,0,1,1,1,False
9,298109,-14,05907,2,947006,-2,645571,-0,002766538,0,9994256,-0,0009107091,-0,03376253,0,0,0,0,0,0,0,0,0,0,0,0,0,0,0,0,0,0,0,0,0,0,1,1,1,False
9,305414,-14,05907,2,947006,-2,645571,-0,002766538,0,9994256,-0,0009107091,-0,03376253,0,0,0,0,0,0,0,0,0,0,0,0,0,0,0,0,0,0,0,0,0,0,1,1,1,False
9,313931,-14,05907,2,947006,-2,645571,-0,002766538,0,9994256,-0,0009107091,-0,03376253,0,0,0,0,0,0,0,0,0,0,0,0,0,0,0,0,0,0,0,0,0,0,1,1,1,False
9,32117,-14,05907,2,947006,-2,645571,-0,002766538,0,9994256,-0,0009107091,-0,03376253,0,0,0,0,0,0,0,0,0,0,0,0,0,0,0,0,0,0,0,0,0,0,1,1,1,False
9,329899,-14,05907,2,947006,-2,645571,-0,002766538,0,9994256,-0,0009107091,-0,03376253,0,0,0,0,0,0,0,0,0,0,0,0,0,0,0,0,0,0,0,0,0,0,1,1,1,False
9,337255,-14,05907,2,947006,-2,645571,-0,002766538,0,9994256,-0,0009107091,-0,03376253,0,0,0,0,0,0,0,0,0,0,0,0,0,0,0,0,0,0,0,0,0,0,1,1,1,False
9,344726,-14,05907,2,947006,-2,645571,-0,002766538,0,9994256,-0,0009107091,-0,03376253,0,0,0,0,0,0,0,0,0,0,0,0,0,0,0,0,0,0,0,0,0,0,1,1,1,False
9,352995,-14,05907,2,947006,-2,645571,-0,002766538,0,9994256,-0,0009107091,-0,03376253,0,0,0,0,0,0,0,0,0,0,0,0,0,0,0,0,0,0,0,0,0,0,1,1,1,False
9,360891,-14,05907,2,947006,-2,645571,-0,002766538,0,9994256,-0,0009107091,-0,03376253,0,0,0,0,0,0,0,0,0,0,0,0,0,0,0,0,0,0,0,0,0,0,1,1,1,False
9,3691,-14,05907,2,947006,-2,645571,-0,002766538,0,9994256,-0,0009107091,-0,03376253,0,0,0,0,0,0,0,0,0,0,0,0,0,0,0,0,0,0,0,0,0,0,1,1,1,False
9,376771,-14,05907,2,947006,-2,645571,-0,002766538,0,9994256,-0,0009107091,-0,03376253,0,0,0,0,0,0,0,0,0,0,0,0,0,0,0,0,0,0,0,0,0,0,1,1,1,False
9,3851,-14,05907,2,947006,-2,645571,-0,002766538,0,9994256,-0,0009107091,-0,03376253,0,0,0,0,0,0,0,0,0,0,0,0,0,0,0,0,0,0,0,0,0,0,1,1,1,False
9,393822,-14,05907,2,947006,-2,645571,-0,002766538,0,9994256,-0,0009107091,-0,03376253,0,0,0,0,0,0,0,0,0,0,0,0,0,0,0,0,0,0,0,0,0,0,1,1,1,False
9,401675,-14,05907,2,947006,-2,645571,-0,002766538,0,9994256,-0,0009107091,-0,03376253,0,0,0,0,0,0,0,0,0,0,0,0,0,0,0,0,0,0,0,0,0,0,1,1,1,False
9,410214,-14,05907,2,947006,-2,645571,-0,002766538,0,9994256,-0,0009107091,-0,03376253,0,0,0,0,0,0,0,0,0,0,0,0,0,0,0,0,0,0,0,0,0,0,1,1,1,False
9,417665,-14,05907,2,947006,-2,645571,-0,002766538,0,9994256,-0,0009107091,-0,03376253,0,0,0,0,0,0,0,0,0,0,0,0,0,0,0,0,0,0,0,0,0,0,1,1,1,False
9,425125,-14,05907,2,947006,-2,645571,-0,002766538,0,9994256,-0,0009107091,-0,03376253,0,0,0,0,0,0,0,0,0,0,0,0,0,0,0,0,0,0,0,0,0,0,1,1,1,False
9,433598,-14,05907,2,947006,-2,645571,-0,002766538,0,9994256,-0,0009107091,-0,03376253,0,0,0,0,0,0,0,0,0,0,0,0,0,0,0,0,0,0,0,0,0,0,1,1,1,False
9,441152,-14,05907,2,947006,-2,645571,-0,002766538,0,9994256,-0,0009107091,-0,03376253,0,0,0,0,0,0,0,0,0,0,0,0,0,0,0,0,0,0,0,0,0,0,1,1,1,False
9,449618,-14,05907,2,947006,-2,645571,-0,002766538,0,9994256,-0,0009107091,-0,03376253,0,0,0,0,0,0,0,0,0,0,0,0,0,0,0,0,0,0,0,0,0,0,1,1,1,False
9,457087,-14,05907,2,947006,-2,645571,-0,002766538,0,9994256,-0,0009107091,-0,03376253,0,0,0,0,0,0,0,0,0,0,0,0,0,0,0,0,0,0,0,0,0,0,1,1,1,False
9,464822,-14,05907,2,947006,-2,645571,-0,002766538,0,9994256,-0,0009107091,-0,03376253,0,0,0,0,0,0,0,0,0,0,0,0,0,0,0,0,0,0,0,0,0,0,1,1,1,False
9,492141,-14,05907,2,947006,-2,645571,-0,002766538,0,9994256,-0,0009107091,-0,03376253,0,0,0,0,0,0,0,0,0,0,0,0,0,0,0,0,0,0,0,0,0,0,1,1,1,False
9,505151,-14,05907,2,947006,-2,645571,-0,002766538,0,9994256,-0,0009107091,-0,03376253,0,0,0,0,0,0,0,0,0,0,0,0,0,0,0,0,0,0,0,0,0,0,1,1,1,False
9,513575,-14,05907,2,947006,-2,645571,-0,002766538,0,9994256,-0,0009107091,-0,03376253,0,0,0,0,0,0,0,0,0,0,0,0,0,0,0,0,0,0,0,0,0,0,1,1,1,False
9,521039,-14,05907,2,947006,-2,645571,-0,002766538,0,9994256,-0,0009107091,-0,03376253,0,0,0,0,0,0,0,0,0,0,0,0,0,0,0,0,0,0,0,0,0,0,1,1,1,False
9,529415,-14,05907,2,947006,-2,645571,-0,002766538,0,9994256,-0,0009107091,-0,03376253,0,0,0,0,0,0,0,0,0,0,0,0,0,0,0,0,0,0,0,0,0,0,1,1,1,False
9,536936,-14,05907,2,947006,-2,645571,-0,002766538,0,9994256,-0,0009107091,-0,03376253,0,0,0,0,0,0,0,0,0,0,0,0,0,0,0,0,0,0,0,0,0,0,1,1,1,False
9,544538,-14,05907,2,947006,-2,645571,-0,002766538,0,9994256,-0,0009107091,-0,03376253,0,0,0,0,0,0,0,0,0,0,0,0,0,0,0,0,0,0,0,0,0,0,1,1,1,False
9,55283,-14,05907,2,947006,-2,645571,-0,002766538,0,9994256,-0,0009107091,-0,03376253,0,0,0,0,0,0,0,0,0,0,0,0,0,0,0,0,0,0,0,0,0,0,1,1,1,False
9,560463,-14,05907,2,947006,-2,645571,-0,002766538,0,9994256,-0,0009107091,-0,03376253,0,0,0,0,0,0,0,0,0,0,0,0,0,0,0,0,0,0,0,0,0,0,1,1,1,False
9,569001,-14,05907,2,947006,-2,645571,-0,002766538,0,9994256,-0,0009107091,-0,03376253,0,0,0,0,0,0,0,0,0,0,0,0,0,0,0,0,0,0,0,0,0,0,1,1,1,False
9,576632,-14,05907,2,947006,-2,645571,-0,002766538,0,9994256,-0,0009107091,-0,03376253,0,0,0,0,0,0,0,0,0,0,0,0,0,0,0,0,0,0,0,0,0,0,1,1,1,False
9,58412,-14,05907,2,947006,-2,645571,-0,002766538,0,9994256,-0,0009107091,-0,03376253,0,0,0,0,0,0,0,0,0,0,0,0,0,0,0,0,0,0,0,0,0,0,1,1,1,False
9,592873,-14,05907,2,947006,-2,645571,-0,002766538,0,9994256,-0,0009107091,-0,03376253,0,0,0,0,0,0,0,0,0,0,0,0,0,0,0,0,0,0,0,0,0,0,1,1,1,False
9,601022,-14,05907,2,947006,-2,645571,-0,002766538,0,9994256,-0,0009107091,-0,03376253,0,0,0,0,0,0,0,0,0,0,0,0,0,0,0,0,0,0,0,0,0,0,1,1,1,False
9,609419,-14,05907,2,947006,-2,645571,-0,002766538,0,9994256,-0,0009107091,-0,03376253,0,0,0,0,0,0,0,0,0,0,0,0,0,0,0,0,0,0,0,0,0,0,1,1,1,False
9,618294,-14,05907,2,947006,-2,645571,-0,002766538,0,9994256,-0,0009107091,-0,03376253,0,0,0,0,0,0,0,0,0,0,0,0,0,0,0,0,0,0,0,0,0,0,1,1,1,False
9,62728,-14,05907,2,947006,-2,645571,-0,002766538,0,9994256,-0,0009107091,-0,03376253,0,0,0,0,0,0,0,0,0,0,0,0,0,0,0,0,0,0,0,0,0,0,1,1,1,False
9,636666,-14,05907,2,947006,-2,645571,-0,002766538,0,9994256,-0,0009107091,-0,03376253,0,0,0,0,0,0,0,0,0,0,0,0,0,0,0,0,0,0,0,0,0,0,1,1,1,False
9,645238,-14,05907,2,947006,-2,645571,-0,002766538,0,9994256,-0,0009107091,-0,03376253,0,0,0,0,0,0,0,0,0,0,0,0,0,0,0,0,0,0,0,0,0,0,1,1,1,False
9,654341,-14,05907,2,947006,-2,645571,-0,002766538,0,9994256,-0,0009107091,-0,03376253,0,0,0,0,0,0,0,0,0,0,0,0,0,0,0,0,0,0,0,0,0,0,1,1,1,False
9,662299,-14,05907,2,947006,-2,645571,-0,002766538,0,9994256,-0,0009107091,-0,03376253,0,0,0,0,0,0,0,0,0,0,0,0,0,0,0,0,0,0,0,0,0,0,1,1,1,False
9,67144,-14,05907,2,947006,-2,645571,-0,002766538,0,9994256,-0,0009107091,-0,03376253,0,0,0,0,0,0,0,0,0,0,0,0,0,0,0,0,0,0,0,0,0,0,1,1,1,False
9,679495,-14,05907,2,947006,-2,645571,-0,002766538,0,9994256,-0,0009107091,-0,03376253,0,0,0,0,0,0,0,0,0,0,0,0,0,0,0,0,0,0,0,0,0,0,1,1,1,False
9,688462,-14,05907,2,947006,-2,645571,-0,002766538,0,9994256,-0,0009107091,-0,03376253,0,0,0,0,0,0,0,0,0,0,0,0,0,0,0,0,0,0,0,0,0,0,1,1,1,False
9,697701,-14,05907,2,947006,-2,645571,-0,002766538,0,9994256,-0,0009107091,-0,03376253,0,0,0,0,0,0,0,0,0,0,0,0,0,0,0,0,0,0,0,0,0,0,1,1,1,False
9,705846,-14,05907,2,947006,-2,645571,-0,002766538,0,9994256,-0,0009107091,-0,03376253,0,0,0,0,0,0,0,0,0,0,0,0,0,0,0,0,0,0,0,0,0,0,1,1,1,False
9,715206,-14,05907,2,947006,-2,645571,-0,002766538,0,9994256,-0,0009107091,-0,03376253,0,0,0,0,0,0,0,0,0,0,0,0,0,0,0,0,0,0,0,0,0,0,1,1,1,False
9,723256,-14,05907,2,947006,-2,645571,-0,002766538,0,9994256,-0,0009107091,-0,03376253,0,0,0,0,0,0,0,0,0,0,0,0,0,0,0,0,0,0,0,0,0,0,1,1,1,False
9,737414,-14,05907,2,947006,-2,645571,-0,002766538,0,9994256,-0,0009107091,-0,03376253,0,0,0,0,0,0,0,0,0,0,0,0,0,0,0,0,0,0,0,0,0,0,1,1,1,False
9,745421,-14,05907,2,947006,-2,645571,-0,002766538,0,9994256,-0,0009107091,-0,03376253,0,0,0,0,0,0,0,0,0,0,0,0,0,0,0,0,0,0,0,0,0,0,1,1,1,False
9,754412,-14,05907,2,947006,-2,645571,-0,002766538,0,9994256,-0,0009107091,-0,03376253,0,0,0,0,0,0,0,0,0,0,0,0,0,0,0,0,0,0,0,0,0,0,1,1,1,False
9,76277,-14,05907,2,947006,-2,645571,-0,002766538,0,9994256,-0,0009107091,-0,03376253,0,0,0,0,0,0,0,0,0,0,0,0,0,0,0,0,0,0,0,0,0,0,1,1,1,False
9,771299,-14,05907,2,947006,-2,645571,-0,002766538,0,9994256,-0,0009107091,-0,03376253,0,0,0,0,0,0,0,0,0,0,0,0,0,0,0,0,0,0,0,0,0,0,1,1,1,False
9,778825,-14,05907,2,947006,-2,645571,-0,002766538,0,9994256,-0,0009107091,-0,03376253,0,0,0,0,0,0,0,0,0,0,0,0,0,0,0,0,0,0,0,0,0,0,1,1,1,False
9,786124,-14,05907,2,947006,-2,645571,-0,002766538,0,9994256,-0,0009107091,-0,03376253,0,0,0,0,0,0,0,0,0,0,0,0,0,0,0,0,0,0,0,0,0,0,1,1,1,False
9,794753,-14,05907,2,947006,-2,645571,-0,002766538,0,9994256,-0,0009107091,-0,03376253,0,0,0,0,0,0,0,0,0,0,0,0,0,0,0,0,0,0,0,0,0,0,1,1,1,False
9,802218,-14,05907,2,947006,-2,645571,-0,002766538,0,9994256,-0,0009107091,-0,03376253,0,0,0,0,0,0,0,0,0,0,0,0,0,0,0,0,0,0,0,0,0,0,1,1,1,False
9,811027,-14,05907,2,947006,-2,645571,-0,002766538,0,9994256,-0,0009107091,-0,03376253,0,0,0,0,0,0,0,0,0,0,0,0,0,0,0,0,0,0,0,0,0,0,1,1,1,False
9,818812,-14,05907,2,947006,-2,645571,-0,002766538,0,9994256,-0,0009107091,-0,03376253,0,0,0,0,0,0,0,0,0,0,0,0,0,0,0,0,0,0,0,0,0,0,1,1,1,False
9,826891,-14,05907,2,947006,-2,645571,-0,002766538,0,9994256,-0,0009107091,-0,03376253,0,0,0,0,0,0,0,0,0,0,0,0,0,0,0,0,0,0,0,0,0,0,1,1,1,False
9,835546,-14,05907,2,947006,-2,645571,-0,002766538,0,9994256,-0,0009107091,-0,03376253,0,0,0,0,0,0,0,0,0,0,0,0,0,0,0,0,0,0,0,0,0,0,1,1,1,False
9,843181,-14,05907,2,947006,-2,645571,-0,002766538,0,9994256,-0,0009107091,-0,03376253,0,0,0,0,0,0,0,0,0,0,0,0,0,0,0,0,0,0,0,0,0,0,1,1,1,False
9,851578,-14,05907,2,947006,-2,645571,-0,002766538,0,9994256,-0,0009107091,-0,03376253,0,0,0,0,0,0,0,0,0,0,0,0,0,0,0,0,0,0,0,0,0,0,1,1,1,False
9,859211,-14,05907,2,947006,-2,645571,-0,002766538,0,9994256,-0,0009107091,-0,03376253,0,0,0,0,0,0,0,0,0,0,0,0,0,0,0,0,0,0,0,0,0,0,1,1,1,False
9,866694,-14,05907,2,947006,-2,645571,-0,002766538,0,9994256,-0,0009107091,-0,03376253,0,0,0,0,0,0,0,0,0,0,0,0,0,0,0,0,0,0,0,0,0,0,1,1,1,False
9,875132,-14,05907,2,947006,-2,645571,-0,002766538,0,9994256,-0,0009107091,-0,03376253,0,0,0,0,0,0,0,0,0,0,0,0,0,0,0,0,0,0,0,0,0,0,1,1,1,False
9,883051,-14,05907,2,947006,-2,645571,-0,002766538,0,9994256,-0,0009107091,-0,03376253,0,0,0,0,0,0,0,0,0,0,0,0,0,0,0,0,0,0,0,0,0,0,1,1,1,False
9,891644,-14,05907,2,947006,-2,645571,-0,002766538,0,9994256,-0,0009107091,-0,03376253,0,0,0,0,0,0,0,0,0,0,0,0,0,0,0,0,0,0,0,0,0,0,1,1,1,False
9,899724,-14,05907,2,947006,-2,645571,-0,002766538,0,9994256,-0,0009107091,-0,03376253,0,0,0,0,0,0,0,0,0,0,0,0,0,0,0,0,0,0,0,0,0,0,1,1,1,False
9,907228,-14,05907,2,947006,-2,645571,-0,002766538,0,9994256,-0,0009107091,-0,03376253,0,0,0,0,0,0,0,0,0,0,0,0,0,0,0,0,0,0,0,0,0,0,1,1,1,False
9,915808,-14,05907,2,947006,-2,645571,-0,002766538,0,9994256,-0,0009107091,-0,03376253,0,0,0,0,0,0,0,0,0,0,0,0,0,0,0,0,0,0,0,0,0,0,1,1,1,False
9,923182,-14,05907,2,947006,-2,645571,-0,002766538,0,9994256,-0,0009107091,-0,03376253,0,0,0,0,0,0,0,0,0,0,0,0,0,0,0,0,0,0,0,0,0,0,1,1,1,False
9,932014,-14,05907,2,947006,-2,645571,-0,002766538,0,9994256,-0,0009107091,-0,03376253,0,0,0,0,0,0,0,0,0,0,0,0,0,0,0,0,0,0,0,0,0,0,1,1,1,False
9,939438,-14,05907,2,947006,-2,645571,-0,002766538,0,9994256,-0,0009107091,-0,03376253,0,0,0,0,0,0,0,0,0,0,0,0,0,0,0,0,0,0,0,0,0,0,1,1,1,False
9,947269,-14,05907,2,947006,-2,645571,-0,002766538,0,9994256,-0,0009107091,-0,03376253,0,0,0,0,0,0,0,0,0,0,0,0,0,0,0,0,0,0,0,0,0,0,1,1,1,False
9,955579,-14,05907,2,947006,-2,645571,-0,002766538,0,9994256,-0,0009107091,-0,03376253,0,0,0,0,0,0,0,0,0,0,0,0,0,0,0,0,0,0,0,0,0,0,1,1,1,False
9,963274,-14,05907,2,947006,-2,645571,-0,002766538,0,9994256,-0,0009107091,-0,03376253,0,0,0,0,0,0,0,0,0,0,0,0,0,0,0,0,0,0,0,0,0,0,1,1,1,False
9,971578,-14,05907,2,947006,-2,645571,-0,002766538,0,9994256,-0,0009107091,-0,03376253,0,0,0,0,0,0,0,0,0,0,0,0,0,0,0,0,0,0,0,0,0,0,1,1,1,False
9,979287,-14,05907,2,947006,-2,645571,-0,002766538,0,9994256,-0,0009107091,-0,03376253,0,0,0,0,0,0,0,0,0,0,0,0,0,0,0,0,0,0,0,0,0,0,1,1,1,False
9,986651,-14,05907,2,947006,-2,645571,-0,002766538,0,9994256,-0,0009107091,-0,03376253,0,0,0,0,0,0,0,0,0,0,0,0,0,0,0,0,0,0,0,0,0,0,1,1,1,False
9,995717,-14,05907,2,947006,-2,645571,-0,002766538,0,9994256,-0,0009107091,-0,03376253,0,0,0,0,0,0,0,0,0,0,0,0,0,0,0,0,0,0,0,0,0,0,1,1,1,False
10,00302,-14,05907,2,947006,-2,645571,-0,002766538,0,9994256,-0,0009107091,-0,03376253,0,0,0,0,0,0,0,0,0,0,0,0,0,0,0,0,0,0,0,0,0,0,1,1,1,False
10,0116,-14,05907,2,947006,-2,645571,-0,002766538,0,9994256,-0,0009107091,-0,03376253,0,0,0,0,0,0,0,0,0,0,0,0,0,0,0,0,0,0,0,0,0,0,1,1,1,False
10,01895,-14,05907,2,947006,-2,645571,-0,002766538,0,9994256,-0,0009107091,-0,03376253,0,0,0,0,0,0,0,0,0,0,0,0,0,0,0,0,0,0,0,0,0,0,1,1,1,False
10,0268,-14,05907,2,947006,-2,645571,-0,002766538,0,9994256,-0,0009107091,-0,03376253,0,0,0,0,0,0,0,0,0,0,0,0,0,0,0,0,0,0,0,0,0,0,1,1,1,False
10,03529,-14,05907,2,947006,-2,645571,-0,002766538,0,9994256,-0,0009107091,-0,03376253,0,0,0,0,0,0,0,0,0,0,0,0,0,0,0,0,0,0,0,0,0,0,1,1,1,False
10,04309,-14,05907,2,947006,-2,645571,-0,002766538,0,9994256,-0,0009107091,-0,03376253,0,0,0,0,0,0,0,0,0,0,0,0,0,0,0,0,0,0,0,0,0,0,1,1,1,False
10,05132,-14,05907,2,947006,-2,645571,-0,002766538,0,9994256,-0,0009107091,-0,03376253,0,0,0,0,0,0,0,0,0,0,0,0,0,0,0,0,0,0,0,0,0,0,1,1,1,False
10,05901,-14,05907,2,947006,-2,645571,-0,002766538,0,9994256,-0,0009107091,-0,03376253,0,0,0,0,0,0,0,0,0,0,0,0,0,0,0,0,0,0,0,0,0,0,1,1,1,False
10,06633,-14,05907,2,947006,-2,645571,-0,002766538,0,9994256,-0,0009107091,-0,03376253,0,0,0,0,0,0,0,0,0,0,0,0,0,0,0,0,0,0,0,0,0,0,1,1,1,False
10,07515,-14,05907,2,947006,-2,645571,-0,002766538,0,9994256,-0,0009107091,-0,03376253,0,0,0,0,0,0,0,0,0,0,0,0,0,0,0,0,0,0,0,0,0,0,1,1,1,False
10,0829,-14,05907,2,947006,-2,645571,-0,002766538,0,9994256,-0,0009107091,-0,03376253,0,0,0,0,0,0,0,0,0,0,0,0,0,0,0,0,0,0,0,0,0,0,1,1,1,False
10,09185,-14,05907,2,947006,-2,645571,-0,002766538,0,9994256,-0,0009107091,-0,03376253,0,0,0,0,0,0,0,0,0,0,0,0,0,0,0,0,0,0,0,0,0,0,1,1,1,False
10,09935,-14,05907,2,947006,-2,645571,-0,002766538,0,9994256,-0,0009107091,-0,03376253,0,0,0,0,0,0,0,0,0,0,0,0,0,0,0,0,0,0,0,0,0,0,1,1,1,False
10,10681,-14,05907,2,947006,-2,645571,-0,002766538,0,9994256,-0,0009107091,-0,03376253,0,0,0,0,0,0,0,0,0,0,0,0,0,0,0,0,0,0,0,0,0,0,1,1,1,False
10,11544,-14,05907,2,947006,-2,645571,-0,002766538,0,9994256,-0,0009107091,-0,03376253,0,0,0,0,0,0,0,0,0,0,0,0,0,0,0,0,0,0,0,0,0,0,1,1,1,False
10,12297,-14,05907,2,947006,-2,645571,-0,002766538,0,9994256,-0,0009107091,-0,03376253,0,0,0,0,0,0,0,0,0,0,0,0,0,0,0,0,0,0,0,0,0,0,1,1,1,False
10,13198,-14,05907,2,947006,-2,645571,-0,002766538,0,9994256,-0,0009107091,-0,03376253,0,0,0,0,0,0,0,0,0,0,0,0,0,0,0,0,0,0,0,0,0,0,1,1,1,False
10,13942,-14,05907,2,947006,-2,645571,-0,002766538,0,9994256,-0,0009107091,-0,03376253,0,0,0,0,0,0,0,0,0,0,0,0,0,0,0,0,0,0,0,0,0,0,1,1,1,False
10,14763,-14,05907,2,947006,-2,645571,-0,002766538,0,9994256,-0,0009107091,-0,03376253,0,0,0,0,0,0,0,0,0,0,0,0,0,0,0,0,0,0,0,0,0,0,1,1,1,False
10,15673,-14,05907,2,947006,-2,645571,-0,002766538,0,9994256,-0,0009107091,-0,03376253,0,0,0,0,0,0,0,0,0,0,0,0,0,0,0,0,0,0,0,0,0,0,1,1,1,False
10,16431,-14,05907,2,947006,-2,645571,-0,002766538,0,9994256,-0,0009107091,-0,03376253,0,0,0,0,0,0,0,0,0,0,0,0,0,0,0,0,0,0,0,0,0,0,1,1,1,False
10,17274,-14,05907,2,947006,-2,645571,-0,002766538,0,9994256,-0,0009107091,-0,03376253,0,0,0,0,0,0,0,0,0,0,0,0,0,0,0,0,0,0,0,0,0,0,1,1,1,False
10,18025,-14,05907,2,947006,-2,645571,-0,002766538,0,9994256,-0,0009107091,-0,03376253,0,0,0,0,0,0,0,0,0,0,0,0,0,0,0,0,0,0,0,0,0,0,1,1,1,False
10,18849,-14,05907,2,947006,-2,645571,-0,002766538,0,9994256,-0,0009107091,-0,03376253,0,0,0,0,0,0,0,0,0,0,0,0,0,0,0,0,0,0,0,0,0,0,1,1,1,False
10,19626,-14,05907,2,947006,-2,645571,-0,002766538,0,9994256,-0,0009107091,-0,03376253,0,0,0,0,0,0,0,0,0,0,0,0,0,0,0,0,0,0,0,0,0,0,1,1,1,False
10,20383,-14,05907,2,947006,-2,645571,-0,002766538,0,9994256,-0,0009107091,-0,03376253,0,0,0,0,0,0,0,0,0,0,0,0,0,0,0,0,0,0,0,0,0,0,1,1,1,False
10,2122,-14,05907,2,947006,-2,645571,-0,002766538,0,9994256,-0,0009107091,-0,03376253,0,0,0,0,0,0,0,0,0,0,0,0,0,0,0,0,0,0,0,0,0,0,1,1,1,False
10,21961,-14,05907,2,947006,-2,645571,-0,002766538,0,9994256,-0,0009107091,-0,03376253,0,0,0,0,0,0,0,0,0,0,0,0,0,0,0,0,0,0,0,0,0,0,1,1,1,False
10,2271,-14,05907,2,947006,-2,645571,-0,002766538,0,9994256,-0,0009107091,-0,03376253,0,0,0,0,0,0,0,0,0,0,0,0,0,0,0,0,0,0,0,0,0,0,1,1,1,False
10,2355,-14,05907,2,947006,-2,645571,-0,002766538,0,9994256,-0,0009107091,-0,03376253,0,0,0,0,0,0,0,0,0,0,0,0,0,0,0,0,0,0,0,0,0,0,1,1,1,False
10,24318,-14,05907,2,947006,-2,645571,-0,002766538,0,9994256,-0,0009107091,-0,03376253,0,0,0,0,0,0,0,0,0,0,0,0,0,0,0,0,0,0,0,0,0,0,1,1,1,False
10,25105,-14,05907,2,947006,-2,645571,-0,002766538,0,9994256,-0,0009107091,-0,03376253,0,0,0,0,0,0,0,0,0,0,0,0,0,0,0,0,0,0,0,0,0,0,1,1,1,False
10,25821,-14,05907,2,947006,-2,645571,-0,002766538,0,9994256,-0,0009107091,-0,03376253,0,0,0,0,0,0,0,0,0,0,0,0,0,0,0,0,0,0,0,0,0,0,1,1,1,False
10,27582,-14,05907,2,947006,-2,645571,-0,002766538,0,9994256,-0,0009107091,-0,03376253,0,0,0,0,0,0,0,0,0,0,0,0,0,0,0,0,0,0,0,0,0,0,1,1,1,False
10,28521,-14,05907,2,947006,-2,645571,-0,002766538,0,9994256,-0,0009107091,-0,03376253,0,0,0,0,0,0,0,0,0,0,0,0,0,0,0,0,0,0,0,0,0,0,1,1,1,False
10,29482,-14,05907,2,947006,-2,645571,-0,002766538,0,9994256,-0,0009107091,-0,03376253,0,0,0,0,0,0,0,0,0,0,0,0,0,0,0,0,0,0,0,0,0,0,1,1,1,False
10,30332,-14,05907,2,947006,-2,645571,-0,002766538,0,9994256,-0,0009107091,-0,03376253,0,0,0,0,0,0,0,0,0,0,0,0,0,0,0,0,0,0,0,0,0,0,1,1,1,False
10,3124,-14,05907,2,947006,-2,645571,-0,002766538,0,9994256,-0,0009107091,-0,03376253,0,0,0,0,0,0,0,0,0,0,0,0,0,0,0,0,0,0,0,0,0,0,1,1,1,False
10,32045,-14,05907,2,947006,-2,645571,-0,002766538,0,9994256,-0,0009107091,-0,03376253,0,0,0,0,0,0,0,0,0,0,0,0,0,0,0,0,0,0,0,0,0,0,1,1,1,False
10,32957,-14,05907,2,947006,-2,645571,-0,002766538,0,9994256,-0,0009107091,-0,03376253,0,0,0,0,0,0,0,0,0,0,0,0,0,0,0,0,0,0,0,0,0,0,1,1,1,False
10,33781,-14,05907,2,947006,-2,645571,-0,002766538,0,9994256,-0,0009107091,-0,03376253,0,0,0,0,0,0,0,0,0,0,0,0,0,0,0,0,0,0,0,0,0,0,1,1,1,False
10,34592,-14,05907,2,947006,-2,645571,-0,002766538,0,9994256,-0,0009107091,-0,03376253,0,0,0,0,0,0,0,0,0,0,0,0,0,0,0,0,0,0,0,0,0,0,1,1,1,False
10,35493,-14,05907,2,947006,-2,645571,-0,002766538,0,9994256,-0,0009107091,-0,03376253,0,0,0,0,0,0,0,0,0,0,0,0,0,0,0,0,0,0,0,0,0,0,1,1,1,False
10,3656,-14,05907,2,947006,-2,645571,-0,002766538,0,9994256,-0,0009107091,-0,03376253,0,0,0,0,0,0,0,0,0,0,0,0,0,0,0,0,0,0,0,0,0,0,1,1,1,False
10,37447,-14,05907,2,947006,-2,645571,-0,002766538,0,9994256,-0,0009107091,-0,03376253,0,0,0,0,0,0,0,0,0,0,0,0,0,0,0,0,0,0,0,0,0,0,1,1,1,False
10,38274,-14,05907,2,947006,-2,645571,-0,002766538,0,9994256,-0,0009107091,-0,03376253,0,0,0,0,0,0,0,0,0,0,0,0,0,0,0,0,0,0,0,0,0,0,1,1,1,False
10,39179,-14,05907,2,947006,-2,645571,-0,002766538,0,9994256,-0,0009107091,-0,03376253,0,0,0,0,0,0,0,0,0,0,0,0,0,0,0,0,0,0,0,0,0,0,1,1,1,False
10,40062,-14,05907,2,947006,-2,645571,-0,002766538,0,9994256,-0,0009107091,-0,03376253,0,0,0,0,0,0,0,0,0,0,0,0,0,0,0,0,0,0,0,0,0,0,1,1,1,False
10,40899,-14,05907,2,947006,-2,645571,-0,002766538,0,9994256,-0,0009107091,-0,03376253,0,0,0,0,0,0,0,0,0,0,0,0,0,0,0,0,0,0,0,0,0,0,1,1,1,False
10,41735,-14,05907,2,947006,-2,645571,-0,002766538,0,9994256,-0,0009107091,-0,03376253,0,0,0,0,0,0,0,0,0,0,0,0,0,0,0,0,0,0,0,0,0,0,1,1,1,False
10,42538,-14,05907,2,947006,-2,645571,-0,002766538,0,9994256,-0,0009107091,-0,03376253,0,0,0,0,0,0,0,0,0,0,0,0,0,0,0,0,0,0,0,0,0,0,1,1,1,False
10,43466,-14,05907,2,947006,-2,645571,-0,002766538,0,9994256,-0,0009107091,-0,03376253,0,0,0,0,0,0,0,0,0,0,0,0,0,0,0,0,0,0,0,0,0,0,1,1,1,False
10,44278,-14,05907,2,947006,-2,645571,-0,002766538,0,9994256,-0,0009107091,-0,03376253,0,0,0,0,0,0,0,0,0,0,0,0,0,0,0,0,0,0,0,0,0,0,1,1,1,False
10,45178,-14,05907,2,947006,-2,645571,-0,002766538,0,9994256,-0,0009107091,-0,03376253,0,0,0,0,0,0,0,0,0,0,0,0,0,0,0,0,0,0,0,0,0,0,1,1,1,False
10,45928,-14,05907,2,947006,-2,645571,-0,002766538,0,9994256,-0,0009107091,-0,03376253,0,0,0,0,0,0,0,0,0,0,0,0,0,0,0,0,0,0,0,0,0,0,1,1,1,False
10,46814,-14,05907,2,947006,-2,645571,-0,002766538,0,9994256,-0,0009107091,-0,03376253,0,0,0,0,0,0,0,0,0,0,0,0,0,0,0,0,0,0,0,0,0,0,1,1,1,False
10,47721,-14,05907,2,947006,-2,645571,-0,002766538,0,9994256,-0,0009107091,-0,03376253,0,0,0,0,0,0,0,0,0,0,0,0,0,0,0,0,0,0,0,0,0,0,1,1,1,False
10,4848,-14,05907,2,947006,-2,645571,-0,002766538,0,9994256,-0,0009107091,-0,03376253,0,0,0,0,0,0,0,0,0,0,0,0,0,0,0,0,0,0,0,0,0,0,1,1,1,False
10,49413,-14,05907,2,947006,-2,645571,-0,002766538,0,9994256,-0,0009107091,-0,03376253,0,0,0,0,0,0,0,0,0,0,0,0,0,0,0,0,0,0,0,0,0,0,1,1,1,False
10,50199,-14,05907,2,947006,-2,645571,-0,002766538,0,9994256,-0,0009107091,-0,03376253,0,0,0,0,0,0,0,0,0,0,0,0,0,0,0,0,0,0,0,0,0,0,1,1,1,False
10,51095,-14,05907,2,947006,-2,645571,-0,002766538,0,9994256,-0,0009107091,-0,03376253,0,0,0,0,0,0,0,0,0,0,0,0,0,0,0,0,0,0,0,0,0,0,1,1,1,False
10,51939,-14,05907,2,947006,-2,645571,-0,002766538,0,9994256,-0,0009107091,-0,03376253,0,0,0,0,0,0,0,0,0,0,0,0,0,0,0,0,0,0,0,0,0,0,1,1,1,False
10,52711,-14,05907,2,947006,-2,645571,-0,002766538,0,9994256,-0,0009107091,-0,03376253,0,0,0,0,0,0,0,0,0,0,0,0,0,0,0,0,0,0,0,0,0,0,1,1,1,False
10,53653,-14,05907,2,947006,-2,645571,-0,002766538,0,9994256,-0,0009107091,-0,03376253,0,0,0,0,0,0,0,0,0,0,0,0,0,0,0,0,0,0,0,0,0,0,1,1,1,False
10,54845,-14,05907,2,947006,-2,645571,-0,002766538,0,9994256,-0,0009107091,-0,03376253,0,0,0,0,0,0,0,0,0,0,0,0,0,0,0,0,0,0,0,0,0,0,1,1,1,False
10,55892,-14,05907,2,947006,-2,645571,-0,002766538,0,9994256,-0,0009107091,-0,03376253,0,0,0,0,0,0,0,0,0,0,0,0,0,0,0,0,0,0,0,0,0,0,1,1,1,False
10,56678,-14,05907,2,947006,-2,645571,-0,002766538,0,9994256,-0,0009107091,-0,03376253,0,0,0,0,0,0,0,0,0,0,0,0,0,0,0,0,0,0,0,0,0,0,1,1,1,False
10,57604,-14,05907,2,947006,-2,645571,-0,002766538,0,9994256,-0,0009107091,-0,03376253,0,0,0,0,0,0,0,0,0,0,0,0,0,0,0,0,0,0,0,0,0,0,1,1,1,False
10,58667,-14,05907,2,947006,-2,645571,-0,002766538,0,9994256,-0,0009107091,-0,03376253,0,0,0,0,0,0,0,0,0,0,0,0,0,0,0,0,0,0,0,0,0,0,1,1,1,False
10,59825,-14,05907,2,947006,-2,645571,-0,002766538,0,9994256,-0,0009107091,-0,03376253,0,0,0,0,0,0,0,0,0,0,0,0,0,0,0,0,0,0,0,0,0,0,1,1,1,False
10,60728,-14,05907,2,947006,-2,645571,-0,002766538,0,9994256,-0,0009107091,-0,03376253,0,0,0,0,0,0,0,0,0,0,0,0,0,0,0,0,0,0,0,0,0,0,1,1,1,False
10,617,-14,05907,2,947006,-2,645571,-0,002766538,0,9994256,-0,0009107091,-0,03376253,0,0,0,0,0,0,0,0,0,0,0,0,0,0,0,0,0,0,0,0,0,0,1,1,1,False
10,62783,-14,05907,2,947006,-2,645571,-0,002766538,0,9994256,-0,0009107091,-0,03376253,0,0,0,0,0,0,0,0,0,0,0,0,0,0,0,0,0,0,0,0,0,0,1,1,1,False
10,6369,-14,05907,2,947006,-2,645571,-0,002766538,0,9994256,-0,0009107091,-0,03376253,0,0,0,0,0,0,0,0,0,0,0,0,0,0,0,0,0,0,0,0,0,0,1,1,1,False
10,6453,-14,05907,2,947006,-2,645571,-0,002766538,0,9994256,-0,0009107091,-0,03376253,0,0,0,0,0,0,0,0,0,0,0,0,0,0,0,0,0,0,0,0,0,0,1,1,1,False
10,65477,-14,05907,2,947006,-2,645571,-0,002766538,0,9994256,-0,0009107091,-0,03376253,0,0,0,0,0,0,0,0,0,0,0,0,0,0,0,0,0,0,0,0,0,0,1,1,1,False
10,66313,-14,05907,2,947006,-2,645571,-0,002766538,0,9994256,-0,0009107091,-0,03376253,0,0,0,0,0,0,0,0,0,0,0,0,0,0,0,0,0,0,0,0,0,0,1,1,1,False
10,67214,-14,05907,2,947006,-2,645571,-0,002766538,0,9994256,-0,0009107091,-0,03376253,0,0,0,0,0,0,0,0,0,0,0,0,0,0,0,0,0,0,0,0,0,0,1,1,1,False
10,68033,-14,05907,2,947006,-2,645571,-0,002766538,0,9994256,-0,0009107091,-0,03376253,0,0,0,0,0,0,0,0,0,0,0,0,0,0,0,0,0,0,0,0,0,0,1,1,1,False
10,6895,-14,05907,2,947006,-2,645571,-0,002766538,0,9994256,-0,0009107091,-0,03376253,0,0,0,0,0,0,0,0,0,0,0,0,0,0,0,0,0,0,0,0,0,0,1,1,1,False
10,6989,-14,05907,2,947006,-2,645571,-0,002766538,0,9994256,-0,0009107091,-0,03376253,0,0,0,0,0,0,0,0,0,0,0,0,0,0,0,0,0,0,0,0,0,0,1,1,1,False
10,80821,-14,07889,2,898157,-2,644131,-0,002766538,0,9994256,-0,0009107091,-0,03376253,0,0,0,0,0,0,0,0,0,0,0,0,0,0,0,0,0,0,0,0,0,0,1,1,1,False
10,82832,-14,07704,2,89765,-2,644256,-0,002766538,0,9994256,-0,0009107091,-0,03376253,0,0,0,0,0,0,0,0,0,0,0,0,0,0,0,0,0,0,0,0,0,0,1,1,1,False
10,83944,-14,076,2,897428,-2,644325,-0,002766538,0,9994256,-0,0009107091,-0,03376253,0,0,0,0,0,0,0,0,0,0,0,0,0,0,0,0,0,0,0,0,0,0,1,1,1,False
10,8467,-14,07532,2,897305,-2,644371,-0,002766538,0,9994256,-0,0009107091,-0,03376253,0,0,0,0,0,0,0,0,0,0,0,0,0,0,0,0,0,0,0,0,0,0,1,1,1,False
10,8553,-14,07451,2,897183,-2,644426,-0,002766538,0,9994256,-0,0009107091,-0,03376253,0,0,0,0,0,0,0,0,0,0,0,0,0,0,0,0,0,0,0,0,0,0,1,1,1,False
10,86349,-14,07373,2,89709,-2,644478,-0,002766538,0,9994256,-0,0009107091,-0,03376253,0,0,0,0,0,0,0,0,0,0,0,0,0,0,0,0,0,0,0,0,0,0,1,1,1,False
10,87387,-14,07274,2,897004,-2,644545,-0,002766538,0,9994256,-0,0009107091,-0,03376253,0,0,0,0,0,0,0,0,0,0,0,0,0,0,0,0,0,0,0,0,0,0,1,1,1,False
10,8829,-14,07187,2,896958,-2,644604,-0,002766538,0,9994256,-0,0009107091,-0,03376253,0,0,0,0,0,0,0,0,0,0,0,0,0,0,0,0,0,0,0,0,0,0,1,1,1,False
10,89169,-14,07102,2,896941,-2,644661,-0,002766538,0,9994256,-0,0009107091,-0,03376253,0,0,0,0,0,0,0,0,0,0,0,0,0,0,0,0,0,0,0,0,0,0,1,1,1,False
10,90084,-14,07014,2,89695,-2,644721,-0,002766538,0,9994256,-0,0009107091,-0,03376253,0,0,0,0,0,0,0,0,0,0,0,0,0,0,0,0,0,0,0,0,0,0,1,1,1,False
10,91008,-14,06924,2,896989,-2,644782,-0,002766538,0,9994256,-0,0009107091,-0,03376253,0,0,0,0,0,0,0,0,0,0,0,0,0,0,0,0,0,0,0,0,0,0,1,1,1,False
10,91792,-14,06847,2,897044,-2,644834,-0,002766538,0,9994256,-0,0009107091,-0,03376253,0,0,0,0,0,0,0,0,0,0,0,0,0,0,0,0,0,0,0,0,0,0,1,1,1,False
10,94741,-14,06557,2,897437,-2,645031,-0,002766538,0,9994256,-0,0009107091,-0,03376253,0,0,0,0,0,0,0,0,0,0,0,0,0,0,0,0,0,0,0,0,0,0,1,1,1,False
10,95714,-14,06461,2,897631,-2,645096,-0,002766538,0,9994256,-0,0009107091,-0,03376253,0,0,0,0,0,0,0,0,0,0,0,0,0,0,0,0,0,0,0,0,0,0,1,1,1,False
10,96519,-14,06381,2,897815,-2,645151,-0,002766538,0,9994256,-0,0009107091,-0,03376253,0,0,0,0,0,0,0,0,0,0,0,0,0,0,0,0,0,0,0,0,0,0,1,1,1,False
10,97293,-14,06304,2,898013,-2,645203,-0,002766538,0,9994256,-0,0009107091,-0,03376253,0,0,0,0,0,0,0,0,0,0,0,0,0,0,0,0,0,0,0,0,0,0,1,1,1,False
10,98053,-14,06229,2,898226,-2,645255,-0,002766538,0,9994256,-0,0009107091,-0,03376253,0,0,0,0,0,0,0,0,0,0,0,0,0,0,0,0,0,0,0,0,0,0,1,1,1,False
10,99056,-14,06129,2,898536,-2,645323,-0,002766538,0,9994256,-0,0009107091,-0,03376253,0,0,0,0,0,0,0,0,0,0,0,0,0,0,0,0,0,0,0,0,0,0,1,1,1,False
10,99739,-14,06061,2,898766,-2,645369,-0,002766538,0,9994256,-0,0009107091,-0,03376253,0,0,0,0,0,0,0,0,0,0,0,0,0,0,0,0,0,0,0,0,0,0,1,1,1,False
11,00465,-14,05989,2,899028,-2,645418,-0,002766538,0,9994256,-0,0009107091,-0,03376253,0,0,0,0,0,0,0,0,0,0,0,0,0,0,0,0,0,0,0,0,0,0,1,1,1,False
11,01238,-14,05912,2,899325,-2,645471,-0,002766538,0,9994256,-0,0009107091,-0,03376253,0,0,0,0,0,0,0,0,0,0,0,0,0,0,0,0,0,0,0,0,0,0,1,1,1,False
11,01936,-14,05842,2,89961,-2,645519,-0,002766538,0,9994256,-0,0009107091,-0,03376253,0,0,0,0,0,0,0,0,0,0,0,0,0,0,0,0,0,0,0,0,0,0,1,1,1,False
11,02629,-14,05774,2,899908,-2,645566,-0,002766538,0,9994256,-0,0009107091,-0,03376253,0,0,0,0,0,0,0,0,0,0,0,0,0,0,0,0,0,0,0,0,0,0,1,1,1,False
11,03422,-14,05695,2,900268,-2,64562,-0,002766538,0,9994256,-0,0009107091,-0,03376253,0,0,0,0,0,0,0,0,0,0,0,0,0,0,0,0,0,0,0,0,0,0,1,1,1,False
11,04236,-14,05614,2,900658,-2,645675,-0,002766538,0,9994256,-0,0009107091,-0,03376253,0,0,0,0,0,0,0,0,0,0,0,0,0,0,0,0,0,0,0,0,0,0,1,1,1,False
11,05097,-14,05528,2,901094,-2,645734,-0,002766538,0,9994256,-0,0009107091,-0,03376253,0,0,0,0,0,0,0,0,0,0,0,0,0,0,0,0,0,0,0,0,0,0,1,1,1,False
11,0582,-14,05456,2,901477,-2,645783,-0,002766538,0,9994256,-0,0009107091,-0,03376253,0,0,0,0,0,0,0,0,0,0,0,0,0,0,0,0,0,0,0,0,0,0,1,1,1,False
11,06545,-14,05385,2,901878,-2,645833,-0,002766538,0,9994256,-0,0009107091,-0,03376253,0,0,0,0,0,0,0,0,0,0,0,0,0,0,0,0,0,0,0,0,0,0,1,1,1,False
11,07371,-14,05303,2,902354,-2,645889,-0,002766538,0,9994256,-0,0009107091,-0,03376253,0,0,0,0,0,0,0,0,0,0,0,0,0,0,0,0,0,0,0,0,0,0,1,1,1,False
11,08093,-14,05232,2,902786,-2,645938,-0,002766538,0,9994256,-0,0009107091,-0,03376253,0,0,0,0,0,0,0,0,0,0,0,0,0,0,0,0,0,0,0,0,0,0,1,1,1,False
11,08926,-14,0515,2,903305,-2,645995,-0,002766538,0,9994256,-0,0009107091,-0,03376253,0,0,0,0,0,0,0,0,0,0,0,0,0,0,0,0,0,0,0,0,0,0,1,1,1,False
11,09661,-14,05078,2,90378,-2,646044,-0,002766538,0,9994256,-0,0009107091,-0,03376253,0,0,0,0,0,0,0,0,0,0,0,0,0,0,0,0,0,0,0,0,0,0,1,1,1,False
11,10412,-14,05004,2,904282,-2,646095,-0,002766538,0,9994256,-0,0009107091,-0,03376253,0,0,0,0,0,0,0,0,0,0,0,0,0,0,0,0,0,0,0,0,0,0,1,1,1,False
11,11234,-14,04924,2,904849,-2,646151,-0,002766538,0,9994256,-0,0009107091,-0,03376253,0,0,0,0,0,0,0,0,0,0,0,0,0,0,0,0,0,0,0,0,0,0,1,1,1,False
11,11969,-14,04852,2,905373,-2,6462,-0,002766538,0,9994256,-0,0009107091,-0,03376253,0,0,0,0,0,0,0,0,0,0,0,0,0,0,0,0,0,0,0,0,0,0,1,1,1,False
11,12736,-14,04778,2,905936,-2,646251,-0,002766538,0,9994256,-0,0009107091,-0,03376253,0,0,0,0,0,0,0,0,0,0,0,0,0,0,0,0,0,0,0,0,0,0,1,1,1,False
11,13553,-14,04699,2,906553,-2,646306,-0,002766538,0,9994256,-0,0009107091,-0,03376253,0,0,0,0,0,0,0,0,0,0,0,0,0,0,0,0,0,0,0,0,0,0,1,1,1,False
11,14289,-14,04628,2,907125,-2,646355,-0,002766538,0,9994256,-0,0009107091,-0,03376253,0,0,0,0,0,0,0,0,0,0,0,0,0,0,0,0,0,0,0,0,0,0,1,1,1,False
11,15088,-14,04551,2,907763,-2,646408,-0,002766538,0,9994256,-0,0009107091,-0,03376253,0,0,0,0,0,0,0,0,0,0,0,0,0,0,0,0,0,0,0,0,0,0,1,1,1,False
11,15822,-14,04481,2,908363,-2,646457,-0,002766538,0,9994256,-0,0009107091,-0,03376253,0,0,0,0,0,0,0,0,0,0,0,0,0,0,0,0,0,0,0,0,0,0,1,1,1,False
11,16545,-14,04412,2,908968,-2,646505,-0,002766538,0,9994256,-0,0009107091,-0,03376253,0,0,0,0,0,0,0,0,0,0,0,0,0,0,0,0,0,0,0,0,0,0,1,1,1,False
11,17409,-14,04331,2,909709,-2,646561,-0,002766538,0,9994256,-0,0009107091,-0,03376253,0,0,0,0,0,0,0,0,0,0,0,0,0,0,0,0,0,0,0,0,0,0,1,1,1,False
11,18186,-14,04258,2,910391,-2,646612,-0,002766538,0,9994256,-0,0009107091,-0,03376253,0,0,0,0,0,0,0,0,0,0,0,0,0,0,0,0,0,0,0,0,0,0,1,1,1,False
11,19064,-14,04175,2,911181,-2,646669,-0,002766538,0,9994256,-0,0009107091,-0,03376253,0,0,0,0,0,0,0,0,0,0,0,0,0,0,0,0,0,0,0,0,0,0,1,1,1,False
11,1978,-14,04109,2,911838,-2,646716,-0,002766538,0,9994256,-0,0009107091,-0,03376253,0,0,0,0,0,0,0,0,0,0,0,0,0,0,0,0,0,0,0,0,0,0,1,1,1,False
11,20557,-14,04037,2,912565,-2,646766,-0,002766538,0,9994256,-0,0009107091,-0,03376253,0,0,0,0,0,0,0,0,0,0,0,0,0,0,0,0,0,0,0,0,0,0,1,1,1,False
11,21372,-14,03962,2,913343,-2,646818,-0,002766538,0,9994256,-0,0009107091,-0,03376253,0,0,0,0,0,0,0,0,0,0,0,0,0,0,0,0,0,0,0,0,0,0,1,1,1,False
11,22123,-14,03894,2,914073,-2,646866,-0,002766538,0,9994256,-0,0009107091,-0,03376253,0,0,0,0,0,0,0,0,0,0,0,0,0,0,0,0,0,0,0,0,0,0,1,1,1,False
11,22961,-14,03818,2,914902,-2,646919,-0,002766538,0,9994256,-0,0009107091,-0,03376253,0,0,0,0,0,0,0,0,0,0,0,0,0,0,0,0,0,0,0,0,0,0,1,1,1,False
11,23691,-14,03752,2,915638,-2,646965,-0,002766538,0,9994256,-0,0009107091,-0,03376253,0,0,0,0,0,0,0,0,0,0,0,0,0,0,0,0,0,0,0,0,0,0,1,1,1,False
11,24409,-14,03688,2,916372,-2,647009,-0,002766538,0,9994256,-0,0009107091,-0,03376253,0,0,0,0,0,0,0,0,0,0,0,0,0,0,0,0,0,0,0,0,0,0,1,1,1,False
11,25252,-14,03613,2,917247,-2,647062,-0,002766538,0,9994256,-0,0009107091,-0,03376253,0,0,0,0,0,0,0,0,0,0,0,0,0,0,0,0,0,0,0,0,0,0,1,1,1,False
11,25994,-14,03548,2,91803,-2,647107,-0,002766538,0,9994256,-0,0009107091,-0,03376253,0,0,0,0,0,0,0,0,0,0,0,0,0,0,0,0,0,0,0,0,0,0,1,1,1,False
11,2681,-14,03477,2,918903,-2,647157,-0,002766538,0,9994256,-0,0009107091,-0,03376253,0,0,0,0,0,0,0,0,0,0,0,0,0,0,0,0,0,0,0,0,0,0,1,1,1,False
11,27707,-14,034,2,919877,-2,647212,-0,002766538,0,9994256,-0,0009107091,-0,03376253,0,0,0,0,0,0,0,0,0,0,0,0,0,0,0,0,0,0,0,0,0,0,1,1,1,False
11,2853,-14,0333,2,920783,-2,647261,-0,002766538,0,9994256,-0,0009107091,-0,03376253,0,0,0,0,0,0,0,0,0,0,0,0,0,0,0,0,0,0,0,0,0,0,1,1,1,False
11,29396,-14,03256,2,921751,-2,647312,-0,002766538,0,9994256,-0,0009107091,-0,03376253,0,0,0,0,0,0,0,0,0,0,0,0,0,0,0,0,0,0,0,0,0,0,1,1,1,False
11,30206,-14,03189,2,922668,-2,64736,-0,002766538,0,9994256,-0,0009107091,-0,03376253,0,0,0,0,0,0,0,0,0,0,0,0,0,0,0,0,0,0,0,0,0,0,1,1,1,False
11,31039,-14,0312,2,923621,-2,647408,-0,002766538,0,9994256,-0,0009107091,-0,03376253,0,0,0,0,0,0,0,0,0,0,0,0,0,0,0,0,0,0,0,0,0,0,1,1,1,False
11,31879,-14,03051,2,924594,-2,647457,-0,002766538,0,9994256,-0,0009107091,-0,03376253,0,0,0,0,0,0,0,0,0,0,0,0,0,0,0,0,0,0,0,0,0,0,1,1,1,False
11,32631,-14,0299,2,925474,-2,6475,-0,002766538,0,9994256,-0,0009107091,-0,03376253,0,0,0,0,0,0,0,0,0,0,0,0,0,0,0,0,0,0,0,0,0,0,1,1,1,False
11,33618,-14,02911,2,926641,-2,647556,-0,002766538,0,9994256,-0,0009107091,-0,03376253,0,0,0,0,0,0,0,0,0,0,0,0,0,0,0,0,0,0,0,0,0,0,1,1,1,False
11,34527,-14,0284,2,927729,-2,647606,-0,002766538,0,9994256,-0,0009107091,-0,03376253,0,0,0,0,0,0,0,0,0,0,0,0,0,0,0,0,0,0,0,0,0,0,1,1,1,False
11,35407,-14,02771,2,928791,-2,647655,-0,002766538,0,9994256,-0,0009107091,-0,03376253,0,0,0,0,0,0,0,0,0,0,0,0,0,0,0,0,0,0,0,0,0,0,1,1,1,False
11,36127,-14,02716,2,929668,-2,647694,-0,002766538,0,9994256,-0,0009107091,-0,03376253,0,0,0,0,0,0,0,0,0,0,0,0,0,0,0,0,0,0,0,0,0,0,1,1,1,False
11,37056,-14,02646,2,930808,-2,647743,-0,002766538,0,9994256,-0,0009107091,-0,03376253,0,0,0,0,0,0,0,0,0,0,0,0,0,0,0,0,0,0,0,0,0,0,1,1,1,False
11,37802,-14,0259,2,931729,-2,647783,-0,002766538,0,9994256,-0,0009107091,-0,03376253,0,0,0,0,0,0,0,0,0,0,0,0,0,0,0,0,0,0,0,0,0,0,1,1,1,False
11,38522,-14,02537,2,932626,-2,64782,-0,002766538,0,9994256,-0,0009107091,-0,03376253,0,0,0,0,0,0,0,0,0,0,0,0,0,0,0,0,0,0,0,0,0,0,1,1,1,False
11,39323,-14,02479,2,933628,-2,647862,-0,002766538,0,9994256,-0,0009107091,-0,03376253,0,0,0,0,0,0,0,0,0,0,0,0,0,0,0,0,0,0,0,0,0,0,1,1,1,False
11,40062,-14,02427,2,934558,-2,647899,-0,002766538,0,9994256,-0,0009107091,-0,03376253,0,0,0,0,0,0,0,0,0,0,0,0,0,0,0,0,0,0,0,0,0,0,1,1,1,False
11,43552,-14,02188,2,939007,-2,64807,-0,002766538,0,9994256,-0,0009107091,-0,03376253,0,0,0,0,0,0,0,0,0,0,0,0,0,0,0,0,0,0,0,0,0,0,1,1,1,False
11,4708,-14,01965,2,943571,-2,64823,-0,002766538,0,9994256,-0,0009107091,-0,03376253,0,0,0,0,0,0,0,0,0,0,0,0,0,0,0,0,0,0,0,0,0,0,1,1,1,False
11,48859,-14,0186,2,945886,-2,648305,-0,002766538,0,9994256,-0,0009107091,-0,03376253,0,0,0,0,0,0,0,0,0,0,0,0,0,0,0,0,0,0,0,0,0,0,1,1,1,False
11,50384,-14,01774,2,947874,-2,648368,-0,002766538,0,9994256,-0,0009107091,-0,03376253,0,0,0,0,0,0,0,0,0,0,0,0,0,0,0,0,0,0,0,0,0,0,1,1,1,False
11,51241,-14,01727,2,948991,-2,648401,-0,002766538,0,9994256,-0,0009107091,-0,03376253,0,0,0,0,0,0,0,0,0,0,0,0,0,0,0,0,0,0,0,0,0,0,1,1,1,False
11,52016,-14,01686,2,949999,-2,648431,-0,002766538,0,9994256,-0,0009107091,-0,03376253,0,0,0,0,0,0,0,0,0,0,0,0,0,0,0,0,0,0,0,0,0,0,1,1,1,False
11,52866,-14,01642,2,951105,-2,648463,-0,002766538,0,9994256,-0,0009107091,-0,03376253,0,0,0,0,0,0,0,0,0,0,0,0,0,0,0,0,0,0,0,0,0,0,1,1,1,False
11,53632,-14,01604,2,952099,-2,648491,-0,002766538,0,9994256,-0,0009107091,-0,03376253,0,0,0,0,0,0,0,0,0,0,0,0,0,0,0,0,0,0,0,0,0,0,1,1,1,False
11,54382,-14,01567,2,95307,-2,648518,-0,002766538,0,9994256,-0,0009107091,-0,03376253,0,0,0,0,0,0,0,0,0,0,0,0,0,0,0,0,0,0,0,0,0,0,1,1,1,False
11,55232,-14,01526,2,954168,-2,648548,-0,002766538,0,9994256,-0,0009107091,-0,03376253,0,0,0,0,0,0,0,0,0,0,0,0,0,0,0,0,0,0,0,0,0,0,1,1,1,False
11,55973,-14,01492,2,955122,-2,648573,-0,002766538,0,9994256,-0,0009107091,-0,03376253,0,0,0,0,0,0,0,0,0,0,0,0,0,0,0,0,0,0,0,0,0,0,1,1,1,False
11,56731,-14,01458,2,956096,-2,648598,-0,002766538,0,9994256,-0,0009107091,-0,03376253,0,0,0,0,0,0,0,0,0,0,0,0,0,0,0,0,0,0,0,0,0,0,1,1,1,False
11,57589,-14,01421,2,957193,-2,648625,-0,002766538,0,9994256,-0,0009107091,-0,03376253,0,0,0,0,0,0,0,0,0,0,0,0,0,0,0,0,0,0,0,0,0,0,1,1,1,False
11,59159,-14,01356,2,959188,-2,648673,-0,002766538,0,9994256,-0,0009107091,-0,03376253,0,0,0,0,0,0,0,0,0,0,0,0,0,0,0,0,0,0,0,0,0,0,1,1,1,False
11,61052,-14,01284,2,961567,-2,648727,-0,002766538,0,9994256,-0,0009107091,-0,03376253,0,0,0,0,0,0,0,0,0,0,0,0,0,0,0,0,0,0,0,0,0,0,1,1,1,False
11,62133,-14,01245,2,96291,-2,648755,-0,002766538,0,9994256,-0,0009107091,-0,03376253,0,0,0,0,0,0,0,0,0,0,0,0,0,0,0,0,0,0,0,0,0,0,1,1,1,False
11,63216,-14,01209,2,964242,-2,648782,-0,002766538,0,9994256,-0,0009107091,-0,03376253,0,0,0,0,0,0,0,0,0,0,0,0,0,0,0,0,0,0,0,0,0,0,1,1,1,False
11,6419,-14,01179,2,96543,-2,648805,-0,002766538,0,9994256,-0,0009107091,-0,03376253,0,0,0,0,0,0,0,0,0,0,0,0,0,0,0,0,0,0,0,0,0,0,1,1,1,False
11,65158,-14,0115,2,966598,-2,648827,-0,002766538,0,9994256,-0,0009107091,-0,03376253,0,0,0,0,0,0,0,0,0,0,0,0,0,0,0,0,0,0,0,0,0,0,1,1,1,False
11,65985,-14,01127,2,967586,-2,648845,-0,002766538,0,9994256,-0,0009107091,-0,03376253,0,0,0,0,0,0,0,0,0,0,0,0,0,0,0,0,0,0,0,0,0,0,1,1,1,False
11,66994,-14,01101,2,968779,-2,648865,-0,002766538,0,9994256,-0,0009107091,-0,03376253,0,0,0,0,0,0,0,0,0,0,0,0,0,0,0,0,0,0,0,0,0,0,1,1,1,False
11,68038,-14,01075,2,969998,-2,648885,-0,002766538,0,9994256,-0,0009107091,-0,03376253,0,0,0,0,0,0,0,0,0,0,0,0,0,0,0,0,0,0,0,0,0,0,1,1,1,False
11,68932,-14,01055,2,971027,-2,6489,-0,002766538,0,9994256,-0,0009107091,-0,03376253,0,0,0,0,0,0,0,0,0,0,0,0,0,0,0,0,0,0,0,0,0,0,1,1,1,False
11,69764,-14,01038,2,971974,-2,648914,-0,002766538,0,9994256,-0,0009107091,-0,03376253,0,0,0,0,0,0,0,0,0,0,0,0,0,0,0,0,0,0,0,0,0,0,1,1,1,False
11,70584,-14,01023,2,972897,-2,648926,-0,002766538,0,9994256,-0,0009107091,-0,03376253,0,0,0,0,0,0,0,0,0,0,0,0,0,0,0,0,0,0,0,0,0,0,1,1,1,False
11,71588,-14,01005,2,97401,-2,64894,-0,002766538,0,9994256,-0,0009107091,-0,03376253,0,0,0,0,0,0,0,0,0,0,0,0,0,0,0,0,0,0,0,0,0,0,1,1,1,False
11,72482,-14,00991,2,974984,-2,648951,-0,002766538,0,9994256,-0,0009107091,-0,03376253,0,0,0,0,0,0,0,0,0,0,0,0,0,0,0,0,0,0,0,0,0,0,1,1,1,False
11,7344,-14,00978,2,976014,-2,648962,-0,002766538,0,9994256,-0,0009107091,-0,03376253,0,0,0,0,0,0,0,0,0,0,0,0,0,0,0,0,0,0,0,0,0,0,1,1,1,False
11,74283,-14,00968,2,976903,-2,648971,-0,002766538,0,9994256,-0,0009107091,-0,03376253,0,0,0,0,0,0,0,0,0,0,0,0,0,0,0,0,0,0,0,0,0,0,1,1,1,False
11,752,-14,00959,2,977856,-2,648979,-0,002766538,0,9994256,-0,0009107091,-0,03376253,0,0,0,0,0,0,0,0,0,0,0,0,0,0,0,0,0,0,0,0,0,0,1,1,1,False
11,76042,-14,00952,2,978716,-2,648985,-0,002766538,0,9994256,-0,0009107091,-0,03376253,0,0,0,0,0,0,0,0,0,0,0,0,0,0,0,0,0,0,0,0,0,0,1,1,1,False
11,76988,-14,00946,2,979662,-2,648992,-0,002766538,0,9994256,-0,0009107091,-0,03376253,0,0,0,0,0,0,0,0,0,0,0,0,0,0,0,0,0,0,0,0,0,0,1,1,1,False
11,77824,-14,00942,2,980484,-2,648996,-0,002766538,0,9994256,-0,0009107091,-0,03376253,0,0,0,0,0,0,0,0,0,0,0,0,0,0,0,0,0,0,0,0,0,0,1,1,1,False
11,78684,-14,00939,2,981311,-2,648999,-0,002766538,0,9994256,-0,0009107091,-0,03376253,0,0,0,0,0,0,0,0,0,0,0,0,0,0,0,0,0,0,0,0,0,0,1,1,1,False
11,79587,-14,00938,2,982162,-2,649002,-0,002766538,0,9994256,-0,0009107091,-0,03376253,0,0,0,0,0,0,0,0,0,0,0,0,0,0,0,0,0,0,0,0,0,0,1,1,1,False
11,80423,-14,00938,2,982931,-2,649003,-0,002766538,0,9994256,-0,0009107091,-0,03376253,0,0,0,0,0,0,0,0,0,0,0,0,0,0,0,0,0,0,0,0,0,0,1,1,1,False
11,81347,-14,0094,2,983763,-2,649004,-0,002766538,0,9994256,-0,0009107091,-0,03376253,0,0,0,0,0,0,0,0,0,0,0,0,0,0,0,0,0,0,0,0,0,0,1,1,1,False
11,82301,-14,00944,2,9846,-2,649003,-0,002766538,0,9994256,-0,0009107091,-0,03376253,0,0,0,0,0,0,0,0,0,0,0,0,0,0,0,0,0,0,0,0,0,0,1,1,1,False
11,83244,-14,00949,2,985404,-2,649001,-0,002766538,0,9994256,-0,0009107091,-0,03376253,0,0,0,0,0,0,0,0,0,0,0,0,0,0,0,0,0,0,0,0,0,0,1,1,1,False
11,84093,-14,00956,2,986108,-2,648998,-0,002766538,0,9994256,-0,0009107091,-0,03376253,0,0,0,0,0,0,0,0,0,0,0,0,0,0,0,0,0,0,0,0,0,0,1,1,1,False
11,84967,-14,00964,2,986813,-2,648994,-0,002766538,0,9994256,-0,0009107091,-0,03376253,0,0,0,0,0,0,0,0,0,0,0,0,0,0,0,0,0,0,0,0,0,0,1,1,1,False
11,85696,-14,00972,2,987386,-2,648989,-0,002766538,0,9994256,-0,0009107091,-0,03376253,0,0,0,0,0,0,0,0,0,0,0,0,0,0,0,0,0,0,0,0,0,0,1,1,1,False
11,86479,-14,00981,2,987985,-2,648984,-0,002766538,0,9994256,-0,0009107091,-0,03376253,0,0,0,0,0,0,0,0,0,0,0,0,0,0,0,0,0,0,0,0,0,0,1,1,1,False
11,87374,-14,00994,2,988648,-2,648977,-0,002766538,0,9994256,-0,0009107091,-0,03376253,0,0,0,0,0,0,0,0,0,0,0,0,0,0,0,0,0,0,0,0,0,0,1,1,1,False
11,88159,-14,01006,2,989213,-2,64897,-0,002766538,0,9994256,-0,0009107091,-0,03376253,0,0,0,0,0,0,0,0,0,0,0,0,0,0,0,0,0,0,0,0,0,0,1,1,1,False
11,88971,-14,0102,2,989777,-2,648962,-0,002766538,0,9994256,-0,0009107091,-0,03376253,0,0,0,0,0,0,0,0,0,0,0,0,0,0,0,0,0,0,0,0,0,0,1,1,1,False
11,897,-14,01034,2,990268,-2,648953,-0,002766538,0,9994256,-0,0009107091,-0,03376253,0,0,0,0,0,0,0,0,0,0,0,0,0,0,0,0,0,0,0,0,0,0,1,1,1,False
11,90467,-14,01049,2,990767,-2,648944,-0,002766538,0,9994256,-0,0009107091,-0,03376253,0,0,0,0,0,0,0,0,0,0,0,0,0,0,0,0,0,0,0,0,0,0,1,1,1,False
11,91317,-14,01068,2,991301,-2,648932,-0,002766538,0,9994256,-0,0009107091,-0,03376253,0,0,0,0,0,0,0,0,0,0,0,0,0,0,0,0,0,0,0,0,0,0,1,1,1,False
11,92043,-14,01085,2,991739,-2,648922,-0,002766538,0,9994256,-0,0009107091,-0,03376253,0,0,0,0,0,0,0,0,0,0,0,0,0,0,0,0,0,0,0,0,0,0,1,1,1,False
11,92867,-14,01105,2,992218,-2,648909,-0,002766538,0,9994256,-0,0009107091,-0,03376253,0,0,0,0,0,0,0,0,0,0,0,0,0,0,0,0,0,0,0,0,0,0,1,1,1,False
11,936,-14,01124,2,992626,-2,648897,-0,002766538,0,9994256,-0,0009107091,-0,03376253,0,0,0,0,0,0,0,0,0,0,0,0,0,0,0,0,0,0,0,0,0,0,1,1,1,False
11,94329,-14,01144,2,993015,-2,648884,-0,002766538,0,9994256,-0,0009107091,-0,03376253,0,0,0,0,0,0,0,0,0,0,0,0,0,0,0,0,0,0,0,0,0,0,1,1,1,False
11,95159,-14,01169,2,993438,-2,648869,-0,002766538,0,9994256,-0,0009107091,-0,03376253,0,0,0,0,0,0,0,0,0,0,0,0,0,0,0,0,0,0,0,0,0,0,1,1,1,False
11,95893,-14,01191,2,993795,-2,648854,-0,002766538,0,9994256,-0,0009107091,-0,03376253,0,0,0,0,0,0,0,0,0,0,0,0,0,0,0,0,0,0,0,0,0,0,1,1,1,False
11,96619,-14,01214,2,994131,-2,648839,-0,002766538,0,9994256,-0,0009107091,-0,03376253,0,0,0,0,0,0,0,0,0,0,0,0,0,0,0,0,0,0,0,0,0,0,1,1,1,False
11,97499,-14,01244,2,994515,-2,64882,-0,002766538,0,9994256,-0,0009107091,-0,03376253,0,0,0,0,0,0,0,0,0,0,0,0,0,0,0,0,0,0,0,0,0,0,1,1,1,False
11,98256,-14,0127,2,994827,-2,648803,-0,002766538,0,9994256,-0,0009107091,-0,03376253,0,0,0,0,0,0,0,0,0,0,0,0,0,0,0,0,0,0,0,0,0,0,1,1,1,False
11,99101,-14,01301,2,995152,-2,648782,-0,002766538,0,9994256,-0,0009107091,-0,03376253,0,0,0,0,0,0,0,0,0,0,0,0,0,0,0,0,0,0,0,0,0,0,1,1,1,False
11,9983,-14,01329,2,995414,-2,648764,-0,002766538,0,9994256,-0,0009107091,-0,03376253,0,0,0,0,0,0,0,0,0,0,0,0,0,0,0,0,0,0,0,0,0,0,1,1,1,False
12,00562,-14,01357,2,99566,-2,648746,-0,002766538,0,9994256,-0,0009107091,-0,03376253,0,0,0,0,0,0,0,0,0,0,0,0,0,0,0,0,0,0,0,0,0,0,1,1,1,False
12,0141,-14,01392,2,995923,-2,648723,-0,002766538,0,9994256,-0,0009107091,-0,03376253,0,0,0,0,0,0,0,0,0,0,0,0,0,0,0,0,0,0,0,0,0,0,1,1,1,False
12,0532,-14,01567,2,996825,-2,648606,-0,002766538,0,9994256,-0,0009107091,-0,03376253,0,0,0,0,0,0,0,0,0,0,0,0,0,0,0,0,0,0,0,0,0,0,1,1,1,False
12,06253,-14,01613,2,996964,-2,648575,-0,002766538,0,9994256,-0,0009107091,-0,03376253,0,0,0,0,0,0,0,0,0,0,0,0,0,0,0,0,0,0,0,0,0,0,1,1,1,False
12,07158,-14,01659,2,997072,-2,648544,-0,002766538,0,9994256,-0,0009107091,-0,03376253,0,0,0,0,0,0,0,0,0,0,0,0,0,0,0,0,0,0,0,0,0,0,1,1,1,False
12,07949,-14,017,2,997143,-2,648516,-0,002766538,0,9994256,-0,0009107091,-0,03376253,0,0,0,0,0,0,0,0,0,0,0,0,0,0,0,0,0,0,0,0,0,0,1,1,1,False
12,08762,-14,01744,2,997194,-2,648487,-0,002766538,0,9994256,-0,0009107091,-0,03376253,0,0,0,0,0,0,0,0,0,0,0,0,0,0,0,0,0,0,0,0,0,0,1,1,1,False
12,09592,-14,01789,2,997223,-2,648457,-0,002766538,0,9994256,-0,0009107091,-0,03376253,0,0,0,0,0,0,0,0,0,0,0,0,0,0,0,0,0,0,0,0,0,0,1,1,1,False
12,1489,-14,02106,2,99686,-2,648242,-0,002766538,0,9994256,-0,0009107091,-0,03376253,0,0,0,0,0,0,0,0,0,0,0,0,0,0,0,0,0,0,0,0,0,0,1,1,1,False
12,16032,-14,0218,2,996657,-2,648191,-0,002766538,0,9994256,-0,0009107091,-0,03376253,0,0,0,0,0,0,0,0,0,0,0,0,0,0,0,0,0,0,0,0,0,0,1,1,1,False
12,16961,-14,02241,2,99646,-2,648149,-0,002766538,0,9994256,-0,0009107091,-0,03376253,0,0,0,0,0,0,0,0,0,0,0,0,0,0,0,0,0,0,0,0,0,0,1,1,1,False
12,17866,-14,02302,2,996241,-2,648107,-0,002766538,0,9994256,-0,0009107091,-0,03376253,0,0,0,0,0,0,0,0,0,0,0,0,0,0,0,0,0,0,0,0,0,0,1,1,1,False
12,18669,-14,02358,2,996023,-2,64807,-0,002766538,0,9994256,-0,0009107091,-0,03376253,0,0,0,0,0,0,0,0,0,0,0,0,0,0,0,0,0,0,0,0,0,0,1,1,1,False
12,19821,-14,02439,2,995674,-2,648014,-0,002766538,0,9994256,-0,0009107091,-0,03376253,0,0,0,0,0,0,0,0,0,0,0,0,0,0,0,0,0,0,0,0,0,0,1,1,1,False
12,20857,-14,02513,2,995322,-2,647963,-0,002766538,0,9994256,-0,0009107091,-0,03376253,0,0,0,0,0,0,0,0,0,0,0,0,0,0,0,0,0,0,0,0,0,0,1,1,1,False
12,21902,-14,02589,2,994932,-2,647911,-0,002766538,0,9994256,-0,0009107091,-0,03376253,0,0,0,0,0,0,0,0,0,0,0,0,0,0,0,0,0,0,0,0,0,0,1,1,1,False
12,22728,-14,02651,2,994599,-2,647869,-0,002766538,0,9994256,-0,0009107091,-0,03376253,0,0,0,0,0,0,0,0,0,0,0,0,0,0,0,0,0,0,0,0,0,0,1,1,1,False
12,23689,-14,02723,2,994184,-2,647819,-0,002766538,0,9994256,-0,0009107091,-0,03376253,0,0,0,0,0,0,0,0,0,0,0,0,0,0,0,0,0,0,0,0,0,0,1,1,1,False
12,24502,-14,02785,2,99381,-2,647776,-0,002766538,0,9994256,-0,0009107091,-0,03376253,0,0,0,0,0,0,0,0,0,0,0,0,0,0,0,0,0,0,0,0,0,0,1,1,1,False
12,25432,-14,02858,2,993356,-2,647726,-0,002766538,0,9994256,-0,0009107091,-0,03376253,0,0,0,0,0,0,0,0,0,0,0,0,0,0,0,0,0,0,0,0,0,0,1,1,1,False
12,26289,-14,02925,2,992914,-2,647679,-0,002766538,0,9994256,-0,0009107091,-0,03376253,0,0,0,0,0,0,0,0,0,0,0,0,0,0,0,0,0,0,0,0,0,0,1,1,1,False
12,27203,-14,02998,2,992417,-2,647629,-0,002766538,0,9994256,-0,0009107091,-0,03376253,0,0,0,0,0,0,0,0,0,0,0,0,0,0,0,0,0,0,0,0,0,0,1,1,1,False
12,28465,-14,03101,2,99169,-2,647558,-0,002766538,0,9994256,-0,0009107091,-0,03376253,0,0,0,0,0,0,0,0,0,0,0,0,0,0,0,0,0,0,0,0,0,0,1,1,1,False
12,29816,-14,03212,2,990858,-2,647481,-0,002766538,0,9994256,-0,0009107091,-0,03376253,0,0,0,0,0,0,0,0,0,0,0,0,0,0,0,0,0,0,0,0,0,0,1,1,1,False
12,30797,-14,03294,2,990219,-2,647424,-0,002766538,0,9994256,-0,0009107091,-0,03376253,0,0,0,0,0,0,0,0,0,0,0,0,0,0,0,0,0,0,0,0,0,0,1,1,1,False
12,31858,-14,03384,2,989497,-2,647362,-0,002766538,0,9994256,-0,0009107091,-0,03376253,0,0,0,0,0,0,0,0,0,0,0,0,0,0,0,0,0,0,0,0,0,0,1,1,1,False
12,32812,-14,03466,2,988821,-2,647305,-0,002766538,0,9994256,-0,0009107091,-0,03376253,0,0,0,0,0,0,0,0,0,0,0,0,0,0,0,0,0,0,0,0,0,0,1,1,1,False
12,3384,-14,03556,2,988063,-2,647243,-0,002766538,0,9994256,-0,0009107091,-0,03376253,0,0,0,0,0,0,0,0,0,0,0,0,0,0,0,0,0,0,0,0,0,0,1,1,1,False
12,348,-14,0364,2,987328,-2,647185,-0,002766538,0,9994256,-0,0009107091,-0,03376253,0,0,0,0,0,0,0,0,0,0,0,0,0,0,0,0,0,0,0,0,0,0,1,1,1,False
12,35828,-14,03731,2,986515,-2,647121,-0,002766538,0,9994256,-0,0009107091,-0,03376253,0,0,0,0,0,0,0,0,0,0,0,0,0,0,0,0,0,0,0,0,0,0,1,1,1,False
12,36798,-14,03818,2,98572,-2,647061,-0,002766538,0,9994256,-0,0009107091,-0,03376253,0,0,0,0,0,0,0,0,0,0,0,0,0,0,0,0,0,0,0,0,0,0,1,1,1,False
12,38005,-14,03927,2,984699,-2,646985,-0,002766538,0,9994256,-0,0009107091,-0,03376253,0,0,0,0,0,0,0,0,0,0,0,0,0,0,0,0,0,0,0,0,0,0,1,1,1,False
12,3904,-14,04022,2,983793,-2,646919,-0,002766538,0,9994256,-0,0009107091,-0,03376253,0,0,0,0,0,0,0,0,0,0,0,0,0,0,0,0,0,0,0,0,0,0,1,1,1,False
12,39989,-14,04109,2,982939,-2,646859,-0,002766538,0,9994256,-0,0009107091,-0,03376253,0,0,0,0,0,0,0,0,0,0,0,0,0,0,0,0,0,0,0,0,0,0,1,1,1,False
12,40935,-14,04197,2,982065,-2,646798,-0,002766538,0,9994256,-0,0009107091,-0,03376253,0,0,0,0,0,0,0,0,0,0,0,0,0,0,0,0,0,0,0,0,0,0,1,1,1,False
12,42041,-14,043,2,981017,-2,646726,-0,002766538,0,9994256,-0,0009107091,-0,03376253,0,0,0,0,0,0,0,0,0,0,0,0,0,0,0,0,0,0,0,0,0,0,1,1,1,False
12,43103,-14,044,2,979985,-2,646656,-0,002766538,0,9994256,-0,0009107091,-0,03376253,0,0,0,0,0,0,0,0,0,0,0,0,0,0,0,0,0,0,0,0,0,0,1,1,1,False
12,4413,-14,04497,2,978962,-2,646588,-0,002766538,0,9994256,-0,0009107091,-0,03376253,0,0,0,0,0,0,0,0,0,0,0,0,0,0,0,0,0,0,0,0,0,0,1,1,1,False
12,45192,-14,04599,2,977881,-2,646517,-0,002766538,0,9994256,-0,0009107091,-0,03376253,0,0,0,0,0,0,0,0,0,0,0,0,0,0,0,0,0,0,0,0,0,0,1,1,1,False
12,46107,-14,04686,2,97693,-2,646456,-0,002766538,0,9994256,-0,0009107091,-0,03376253,0,0,0,0,0,0,0,0,0,0,0,0,0,0,0,0,0,0,0,0,0,0,1,1,1,False
12,47172,-14,04789,2,975803,-2,646384,-0,002766538,0,9994256,-0,0009107091,-0,03376253,0,0,0,0,0,0,0,0,0,0,0,0,0,0,0,0,0,0,0,0,0,0,1,1,1,False
12,48147,-14,04883,2,974752,-2,646319,-0,002766538,0,9994256,-0,0009107091,-0,03376253,0,0,0,0,0,0,0,0,0,0,0,0,0,0,0,0,0,0,0,0,0,0,1,1,1,False
12,49189,-14,04984,2,973607,-2,646248,-0,002766538,0,9994256,-0,0009107091,-0,03376253,0,0,0,0,0,0,0,0,0,0,0,0,0,0,0,0,0,0,0,0,0,0,1,1,1,False
12,50111,-14,05074,2,97258,-2,646185,-0,002766538,0,9994256,-0,0009107091,-0,03376253,0,0,0,0,0,0,0,0,0,0,0,0,0,0,0,0,0,0,0,0,0,0,1,1,1,False
12,51158,-14,05177,2,971394,-2,646113,-0,002766538,0,9994256,-0,0009107091,-0,03376253,0,0,0,0,0,0,0,0,0,0,0,0,0,0,0,0,0,0,0,0,0,0,1,1,1,False
12,52135,-14,05273,2,970272,-2,646046,-0,002766538,0,9994256,-0,0009107091,-0,03376253,0,0,0,0,0,0,0,0,0,0,0,0,0,0,0,0,0,0,0,0,0,0,1,1,1,False
12,53185,-14,05376,2,969049,-2,645974,-0,002766538,0,9994256,-0,0009107091,-0,03376253,0,0,0,0,0,0,0,0,0,0,0,0,0,0,0,0,0,0,0,0,0,0,1,1,1,False
12,54159,-14,05472,2,9679,-2,645906,-0,002766538,0,9994256,-0,0009107091,-0,03376253,0,0,0,0,0,0,0,0,0,0,0,0,0,0,0,0,0,0,0,0,0,0,1,1,1,False
12,55069,-14,05562,2,966815,-2,645844,-0,002766538,0,9994256,-0,0009107091,-0,03376253,0,0,0,0,0,0,0,0,0,0,0,0,0,0,0,0,0,0,0,0,0,0,1,1,1,False
12,56933,-14,05747,2,964556,-2,645714,-0,002766538,0,9994256,-0,0009107091,-0,03376253,0,0,0,0,0,0,0,0,0,0,0,0,0,0,0,0,0,0,0,0,0,0,1,1,1,False
12,57953,-14,05847,2,963304,-2,645643,-0,002766538,0,9994256,-0,0009107091,-0,03376253,0,0,0,0,0,0,0,0,0,0,0,0,0,0,0,0,0,0,0,0,0,0,1,1,1,False
12,58826,-14,05934,2,962221,-2,645583,-0,002766538,0,9994256,-0,0009107091,-0,03376253,0,0,0,0,0,0,0,0,0,0,0,0,0,0,0,0,0,0,0,0,0,0,1,1,1,False
12,59694,-14,0602,2,961138,-2,645522,-0,002766538,0,9994256,-0,0009107091,-0,03376253,0,0,0,0,0,0,0,0,0,0,0,0,0,0,0,0,0,0,0,0,0,0,1,1,1,False
12,60461,-14,06096,2,960174,-2,645469,-0,002766538,0,9994256,-0,0009107091,-0,03376253,0,0,0,0,0,0,0,0,0,0,0,0,0,0,0,0,0,0,0,0,0,0,1,1,1,False
12,61402,-14,06189,2,958986,-2,645404,-0,002766538,0,9994256,-0,0009107091,-0,03376253,0,0,0,0,0,0,0,0,0,0,0,0,0,0,0,0,0,0,0,0,0,0,1,1,1,False
12,62297,-14,06278,2,957848,-2,645341,-0,002766538,0,9994256,-0,0009107091,-0,03376253,0,0,0,0,0,0,0,0,0,0,0,0,0,0,0,0,0,0,0,0,0,0,1,1,1,False
12,63178,-14,06365,2,956723,-2,64528,-0,002766538,0,9994256,-0,0009107091,-0,03376253,0,0,0,0,0,0,0,0,0,0,0,0,0,0,0,0,0,0,0,0,0,0,1,1,1,False
12,64033,-14,06449,2,955625,-2,645221,-0,002766538,0,9994256,-0,0009107091,-0,03376253,0,0,0,0,0,0,0,0,0,0,0,0,0,0,0,0,0,0,0,0,0,0,1,1,1,False
12,64998,-14,06544,2,954383,-2,645154,-0,002766538,0,9994256,-0,0009107091,-0,03376253,0,0,0,0,0,0,0,0,0,0,0,0,0,0,0,0,0,0,0,0,0,0,1,1,1,False
12,65789,-14,06621,2,95336,-2,6451,-0,002766538,0,9994256,-0,0009107091,-0,03376253,0,0,0,0,0,0,0,0,0,0,0,0,0,0,0,0,0,0,0,0,0,0,1,1,1,False
12,66636,-14,06704,2,952261,-2,645042,-0,002766538,0,9994256,-0,0009107091,-0,03376253,0,0,0,0,0,0,0,0,0,0,0,0,0,0,0,0,0,0,0,0,0,0,1,1,1,False
12,67498,-14,06788,2,951142,-2,644983,-0,002766538,0,9994256,-0,0009107091,-0,03376253,0,0,0,0,0,0,0,0,0,0,0,0,0,0,0,0,0,0,0,0,0,0,1,1,1,False
12,68249,-14,06861,2,950164,-2,644931,-0,002766538,0,9994256,-0,0009107091,-0,03376253,0,0,0,0,0,0,0,0,0,0,0,0,0,0,0,0,0,0,0,0,0,0,1,1,1,False
12,69082,-14,06942,2,949078,-2,644874,-0,002766538,0,9994256,-0,0009107091,-0,03376253,0,0,0,0,0,0,0,0,0,0,0,0,0,0,0,0,0,0,0,0,0,0,1,1,1,False
12,69932,-14,07025,2,947969,-2,644816,-0,002766538,0,9994256,-0,0009107091,-0,03376253,0,0,0,0,0,0,0,0,0,0,0,0,0,0,0,0,0,0,0,0,0,0,1,1,1,False
12,70711,-14,071,2,946953,-2,644764,-0,002766538,0,9994256,-0,0009107091,-0,03376253,0,0,0,0,0,0,0,0,0,0,0,0,0,0,0,0,0,0,0,0,0,0,1,1,1,False
12,71543,-14,07179,2,945866,-2,644707,-0,002766538,0,9994256,-0,0009107091,-0,03376253,0,0,0,0,0,0,0,0,0,0,0,0,0,0,0,0,0,0,0,0,0,0,1,1,1,False
12,73282,-14,07345,2,9436,-2,644591,-0,002766538,0,9994256,-0,0009107091,-0,03376253,0,0,0,0,0,0,0,0,0,0,0,0,0,0,0,0,0,0,0,0,0,0,1,1,1,False
12,74137,-14,07426,2,942487,-2,644534,-0,002766538,0,9994256,-0,0009107091,-0,03376253,0,0,0,0,0,0,0,0,0,0,0,0,0,0,0,0,0,0,0,0,0,0,1,1,1,False
12,75003,-14,07507,2,941362,-2,644477,-0,002766538,0,9994256,-0,0009107091,-0,03376253,0,0,0,0,0,0,0,0,0,0,0,0,0,0,0,0,0,0,0,0,0,0,1,1,1,False
12,75725,-14,07575,2,940427,-2,644429,-0,002766538,0,9994256,-0,0009107091,-0,03376253,0,0,0,0,0,0,0,0,0,0,0,0,0,0,0,0,0,0,0,0,0,0,1,1,1,False
12,76485,-14,07646,2,939445,-2,644379,-0,002766538,0,9994256,-0,0009107091,-0,03376253,0,0,0,0,0,0,0,0,0,0,0,0,0,0,0,0,0,0,0,0,0,0,1,1,1,False
12,77298,-14,07721,2,938396,-2,644326,-0,002766538,0,9994256,-0,0009107091,-0,03376253,0,0,0,0,0,0,0,0,0,0,0,0,0,0,0,0,0,0,0,0,0,0,1,1,1,False
12,78062,-14,07791,2,937416,-2,644277,-0,002766538,0,9994256,-0,0009107091,-0,03376253,0,0,0,0,0,0,0,0,0,0,0,0,0,0,0,0,0,0,0,0,0,0,1,1,1,False
12,78894,-14,07867,2,936352,-2,644223,-0,002766538,0,9994256,-0,0009107091,-0,03376253,0,0,0,0,0,0,0,0,0,0,0,0,0,0,0,0,0,0,0,0,0,0,1,1,1,False
12,79676,-14,07938,2,935357,-2,644173,-0,002766538,0,9994256,-0,0009107091,-0,03376253,0,0,0,0,0,0,0,0,0,0,0,0,0,0,0,0,0,0,0,0,0,0,1,1,1,False
12,80406,-14,08004,2,934432,-2,644127,-0,002766538,0,9994256,-0,0009107091,-0,03376253,0,0,0,0,0,0,0,0,0,0,0,0,0,0,0,0,0,0,0,0,0,0,1,1,1,False
12,81281,-14,08082,2,933328,-2,644072,-0,002766538,0,9994256,-0,0009107091,-0,03376253,0,0,0,0,0,0,0,0,0,0,0,0,0,0,0,0,0,0,0,0,0,0,1,1,1,False
12,82055,-14,0815,2,932359,-2,644023,-0,002766538,0,9994256,-0,0009107091,-0,03376253,0,0,0,0,0,0,0,0,0,0,0,0,0,0,0,0,0,0,0,0,0,0,1,1,1,False
12,82917,-14,08226,2,931287,-2,64397,-0,002766538,0,9994256,-0,0009107091,-0,03376253,0,0,0,0,0,0,0,0,0,0,0,0,0,0,0,0,0,0,0,0,0,0,1,1,1,False
12,83672,-14,08292,2,930353,-2,643924,-0,002766538,0,9994256,-0,0009107091,-0,03376253,0,0,0,0,0,0,0,0,0,0,0,0,0,0,0,0,0,0,0,0,0,0,1,1,1,False
12,84433,-14,08358,2,92942,-2,643877,-0,002766538,0,9994256,-0,0009107091,-0,03376253,0,0,0,0,0,0,0,0,0,0,0,0,0,0,0,0,0,0,0,0,0,0,1,1,1,False
12,85264,-14,08429,2,928407,-2,643827,-0,002766538,0,9994256,-0,0009107091,-0,03376253,0,0,0,0,0,0,0,0,0,0,0,0,0,0,0,0,0,0,0,0,0,0,1,1,1,False
12,8603,-14,08494,2,927482,-2,643781,-0,002766538,0,9994256,-0,0009107091,-0,03376253,0,0,0,0,0,0,0,0,0,0,0,0,0,0,0,0,0,0,0,0,0,0,1,1,1,False
12,86837,-14,08562,2,926516,-2,643733,-0,002766538,0,9994256,-0,0009107091,-0,03376253,0,0,0,0,0,0,0,0,0,0,0,0,0,0,0,0,0,0,0,0,0,0,1,1,1,False
12,87616,-14,08627,2,925591,-2,643688,-0,002766538,0,9994256,-0,0009107091,-0,03376253,0,0,0,0,0,0,0,0,0,0,0,0,0,0,0,0,0,0,0,0,0,0,1,1,1,False
12,88342,-14,08687,2,924738,-2,643646,-0,002766538,0,9994256,-0,0009107091,-0,03376253,0,0,0,0,0,0,0,0,0,0,0,0,0,0,0,0,0,0,0,0,0,0,1,1,1,False
12,89299,-14,08765,2,923625,-2,64359,-0,002766538,0,9994256,-0,0009107091,-0,03376253,0,0,0,0,0,0,0,0,0,0,0,0,0,0,0,0,0,0,0,0,0,0,1,1,1,False
12,90119,-14,08831,2,922682,-2,643544,-0,002766538,0,9994256,-0,0009107091,-0,03376253,0,0,0,0,0,0,0,0,0,0,0,0,0,0,0,0,0,0,0,0,0,0,1,1,1,False
12,91067,-14,08906,2,921607,-2,643491,-0,002766538,0,9994256,-0,0009107091,-0,03376253,0,0,0,0,0,0,0,0,0,0,0,0,0,0,0,0,0,0,0,0,0,0,1,1,1,False
12,91797,-14,08963,2,920789,-2,64345,-0,002766538,0,9994256,-0,0009107091,-0,03376253,0,0,0,0,0,0,0,0,0,0,0,0,0,0,0,0,0,0,0,0,0,0,1,1,1,False
12,92571,-14,09023,2,919931,-2,643408,-0,002766538,0,9994256,-0,0009107091,-0,03376253,0,0,0,0,0,0,0,0,0,0,0,0,0,0,0,0,0,0,0,0,0,0,1,1,1,False
12,9338,-14,09085,2,919049,-2,643364,-0,002766538,0,9994256,-0,0009107091,-0,03376253,0,0,0,0,0,0,0,0,0,0,0,0,0,0,0,0,0,0,0,0,0,0,1,1,1,False
12,94129,-14,09142,2,918241,-2,643325,-0,002766538,0,9994256,-0,0009107091,-0,03376253,0,0,0,0,0,0,0,0,0,0,0,0,0,0,0,0,0,0,0,0,0,0,1,1,1,False
12,94951,-14,09203,2,917367,-2,643281,-0,002766538,0,9994256,-0,0009107091,-0,03376253,0,0,0,0,0,0,0,0,0,0,0,0,0,0,0,0,0,0,0,0,0,0,1,1,1,False
12,95704,-14,09258,2,916579,-2,643242,-0,002766538,0,9994256,-0,0009107091,-0,03376253,0,0,0,0,0,0,0,0,0,0,0,0,0,0,0,0,0,0,0,0,0,0,1,1,1,False
12,9649,-14,09315,2,915769,-2,643202,-0,002766538,0,9994256,-0,0009107091,-0,03376253,0,0,0,0,0,0,0,0,0,0,0,0,0,0,0,0,0,0,0,0,0,0,1,1,1,False
12,97308,-14,09374,2,914939,-2,643161,-0,002766538,0,9994256,-0,0009107091,-0,03376253,0,0,0,0,0,0,0,0,0,0,0,0,0,0,0,0,0,0,0,0,0,0,1,1,1,False
12,98066,-14,09427,2,914183,-2,643123,-0,002766538,0,9994256,-0,0009107091,-0,03376253,0,0,0,0,0,0,0,0,0,0,0,0,0,0,0,0,0,0,0,0,0,0,1,1,1,False
12,98893,-14,09484,2,913373,-2,643083,-0,002766538,0,9994256,-0,0009107091,-0,03376253,0,0,0,0,0,0,0,0,0,0,0,0,0,0,0,0,0,0,0,0,0,0,1,1,1,False
12,99633,-14,09535,2,912661,-2,643048,-0,002766538,0,9994256,-0,0009107091,-0,03376253,0,0,0,0,0,0,0,0,0,0,0,0,0,0,0,0,0,0,0,0,0,0,1,1,1,False
13,00394,-14,09586,2,911942,-2,643012,-0,002766538,0,9994256,-0,0009107091,-0,03376253,0,0,0,0,0,0,0,0,0,0,0,0,0,0,0,0,0,0,0,0,0,0,1,1,1,False
13,01313,-14,09646,2,911092,-2,642969,-0,002766538,0,9994256,-0,0009107091,-0,03376253,0,0,0,0,0,0,0,0,0,0,0,0,0,0,0,0,0,0,0,0,0,0,1,1,1,False
13,02231,-14,09705,2,910264,-2,642927,-0,002766538,0,9994256,-0,0009107091,-0,03376253,0,0,0,0,0,0,0,0,0,0,0,0,0,0,0,0,0,0,0,0,0,0,1,1,1,False
13,0313,-14,09762,2,909474,-2,642888,-0,002766538,0,9994256,-0,0009107091,-0,03376253,0,0,0,0,0,0,0,0,0,0,0,0,0,0,0,0,0,0,0,0,0,0,1,1,1,False
13,03876,-14,09808,2,908832,-2,642855,-0,002766538,0,9994256,-0,0009107091,-0,03376253,0,0,0,0,0,0,0,0,0,0,0,0,0,0,0,0,0,0,0,0,0,0,1,1,1,False
13,04612,-14,09852,2,908214,-2,642824,-0,002766538,0,9994256,-0,0009107091,-0,03376253,0,0,0,0,0,0,0,0,0,0,0,0,0,0,0,0,0,0,0,0,0,0,1,1,1,False
13,05493,-14,09905,2,907493,-2,642787,-0,002766538,0,9994256,-0,0009107091,-0,03376253,0,0,0,0,0,0,0,0,0,0,0,0,0,0,0,0,0,0,0,0,0,0,1,1,1,False
13,06312,-14,09952,2,90684,-2,642754,-0,002766538,0,9994256,-0,0009107091,-0,03376253,0,0,0,0,0,0,0,0,0,0,0,0,0,0,0,0,0,0,0,0,0,0,1,1,1,False
13,07161,-14,1,2,906184,-2,64272,-0,002766538,0,9994256,-0,0009107091,-0,03376253,0,0,0,0,0,0,0,0,0,0,0,0,0,0,0,0,0,0,0,0,0,0,1,1,1,False
13,07902,-14,10041,2,905627,-2,642691,-0,002766538,0,9994256,-0,0009107091,-0,03376253,0,0,0,0,0,0,0,0,0,0,0,0,0,0,0,0,0,0,0,0,0,0,1,1,1,False
13,08647,-14,10082,2,905082,-2,642663,-0,002766538,0,9994256,-0,0009107091,-0,03376253,0,0,0,0,0,0,0,0,0,0,0,0,0,0,0,0,0,0,0,0,0,0,1,1,1,False
13,09565,-14,1013,2,904433,-2,642628,-0,002766538,0,9994256,-0,0009107091,-0,03376253,0,0,0,0,0,0,0,0,0,0,0,0,0,0,0,0,0,0,0,0,0,0,1,1,1,False
13,10322,-14,10169,2,903916,-2,642601,-0,002766538,0,9994256,-0,0009107091,-0,03376253,0,0,0,0,0,0,0,0,0,0,0,0,0,0,0,0,0,0,0,0,0,0,1,1,1,False
13,1114,-14,1021,2,903375,-2,642572,-0,002766538,0,9994256,-0,0009107091,-0,03376253,0,0,0,0,0,0,0,0,0,0,0,0,0,0,0,0,0,0,0,0,0,0,1,1,1,False
13,11872,-14,10245,2,902908,-2,642547,-0,002766538,0,9994256,-0,0009107091,-0,03376253,0,0,0,0,0,0,0,0,0,0,0,0,0,0,0,0,0,0,0,0,0,0,1,1,1,False
13,12653,-14,10282,2,902428,-2,642521,-0,002766538,0,9994256,-0,0009107091,-0,03376253,0,0,0,0,0,0,0,0,0,0,0,0,0,0,0,0,0,0,0,0,0,0,1,1,1,False
13,13479,-14,1032,2,90194,-2,642495,-0,002766538,0,9994256,-0,0009107091,-0,03376253,0,0,0,0,0,0,0,0,0,0,0,0,0,0,0,0,0,0,0,0,0,0,1,1,1,False
13,14226,-14,10353,2,901516,-2,642471,-0,002766538,0,9994256,-0,0009107091,-0,03376253,0,0,0,0,0,0,0,0,0,0,0,0,0,0,0,0,0,0,0,0,0,0,1,1,1,False
13,15049,-14,10389,2,90107,-2,642447,-0,002766538,0,9994256,-0,0009107091,-0,03376253,0,0,0,0,0,0,0,0,0,0,0,0,0,0,0,0,0,0,0,0,0,0,1,1,1,False
13,15848,-14,10422,2,900656,-2,642423,-0,002766538,0,9994256,-0,0009107091,-0,03376253,0,0,0,0,0,0,0,0,0,0,0,0,0,0,0,0,0,0,0,0,0,0,1,1,1,False
13,16617,-14,10453,2,900276,-2,642401,-0,002766538,0,9994256,-0,0009107091,-0,03376253,0,0,0,0,0,0,0,0,0,0,0,0,0,0,0,0,0,0,0,0,0,0,1,1,1,False
13,17417,-14,10485,2,899901,-2,64238,-0,002766538,0,9994256,-0,0009107091,-0,03376253,0,0,0,0,0,0,0,0,0,0,0,0,0,0,0,0,0,0,0,0,0,0,1,1,1,False
13,18169,-14,10513,2,899567,-2,64236,-0,002766538,0,9994256,-0,0009107091,-0,03376253,0,0,0,0,0,0,0,0,0,0,0,0,0,0,0,0,0,0,0,0,0,0,1,1,1,False
13,18977,-14,10542,2,899229,-2,642339,-0,002766538,0,9994256,-0,0009107091,-0,03376253,0,0,0,0,0,0,0,0,0,0,0,0,0,0,0,0,0,0,0,0,0,0,1,1,1,False
13,19808,-14,1057,2,898902,-2,642319,-0,002766538,0,9994256,-0,0009107091,-0,03376253,0,0,0,0,0,0,0,0,0,0,0,0,0,0,0,0,0,0,0,0,0,0,1,1,1,False
13,20572,-14,10596,2,898622,-2,642302,-0,002766538,0,9994256,-0,0009107091,-0,03376253,0,0,0,0,0,0,0,0,0,0,0,0,0,0,0,0,0,0,0,0,0,0,1,1,1,False
13,21416,-14,10622,2,898335,-2,642283,-0,002766538,0,9994256,-0,0009107091,-0,03376253,0,0,0,0,0,0,0,0,0,0,0,0,0,0,0,0,0,0,0,0,0,0,1,1,1,False
13,22262,-14,10648,2,89807,-2,642266,-0,002766538,0,9994256,-0,0009107091,-0,03376253,0,0,0,0,0,0,0,0,0,0,0,0,0,0,0,0,0,0,0,0,0,0,1,1,1,False
13,23254,-14,10676,2,89779,-2,642246,-0,002766538,0,9994256,-0,0009107091,-0,03376253,0,0,0,0,0,0,0,0,0,0,0,0,0,0,0,0,0,0,0,0,0,0,1,1,1,False
13,24162,-14,107,2,897562,-2,642229,-0,002766538,0,9994256,-0,0009107091,-0,03376253,0,0,0,0,0,0,0,0,0,0,0,0,0,0,0,0,0,0,0,0,0,0,1,1,1,False
13,25112,-14,10723,2,897353,-2,642213,-0,002766538,0,9994256,-0,0009107091,-0,03376253,0,0,0,0,0,0,0,0,0,0,0,0,0,0,0,0,0,0,0,0,0,0,1,1,1,False
13,26005,-14,10743,2,897184,-2,642199,-0,002766538,0,9994256,-0,0009107091,-0,03376253,0,0,0,0,0,0,0,0,0,0,0,0,0,0,0,0,0,0,0,0,0,0,1,1,1,False
13,26899,-14,10762,2,897042,-2,642186,-0,002766538,0,9994256,-0,0009107091,-0,03376253,0,0,0,0,0,0,0,0,0,0,0,0,0,0,0,0,0,0,0,0,0,0,1,1,1,False
13,2776,-14,10779,2,89693,-2,642174,-0,002766538,0,9994256,-0,0009107091,-0,03376253,0,0,0,0,0,0,0,0,0,0,0,0,0,0,0,0,0,0,0,0,0,0,1,1,1,False
13,28686,-14,10795,2,896838,-2,642163,-0,002766538,0,9994256,-0,0009107091,-0,03376253,0,0,0,0,0,0,0,0,0,0,0,0,0,0,0,0,0,0,0,0,0,0,1,1,1,False
13,29646,-14,10811,2,896774,-2,642153,-0,002766538,0,9994256,-0,0009107091,-0,03376253,0,0,0,0,0,0,0,0,0,0,0,0,0,0,0,0,0,0,0,0,0,0,1,1,1,False
13,30462,-14,10822,2,896743,-2,642145,-0,002766538,0,9994256,-0,0009107091,-0,03376253,0,0,0,0,0,0,0,0,0,0,0,0,0,0,0,0,0,0,0,0,0,0,1,1,1,False
13,31426,-14,10834,2,896736,-2,642137,-0,002766538,0,9994256,-0,0009107091,-0,03376253,0,0,0,0,0,0,0,0,0,0,0,0,0,0,0,0,0,0,0,0,0,0,1,1,1,False
13,32661,-14,10847,2,896774,-2,642128,-0,002766538,0,9994256,-0,0009107091,-0,03376253,0,0,0,0,0,0,0,0,0,0,0,0,0,0,0,0,0,0,0,0,0,0,1,1,1,False
13,33609,-14,10855,2,896837,-2,642123,-0,002766538,0,9994256,-0,0009107091,-0,03376253,0,0,0,0,0,0,0,0,0,0,0,0,0,0,0,0,0,0,0,0,0,0,1,1,1,False
13,34594,-14,10861,2,896935,-2,642119,-0,002766538,0,9994256,-0,0009107091,-0,03376253,0,0,0,0,0,0,0,0,0,0,0,0,0,0,0,0,0,0,0,0,0,0,1,1,1,False
13,35538,-14,10865,2,89706,-2,642117,-0,002766538,0,9994256,-0,0009107091,-0,03376253,0,0,0,0,0,0,0,0,0,0,0,0,0,0,0,0,0,0,0,0,0,0,1,1,1,False
13,36375,-14,10867,2,897196,-2,642116,-0,002766538,0,9994256,-0,0009107091,-0,03376253,0,0,0,0,0,0,0,0,0,0,0,0,0,0,0,0,0,0,0,0,0,0,1,1,1,False
13,37319,-14,10868,2,897378,-2,642115,-0,002766538,0,9994256,-0,0009107091,-0,03376253,0,0,0,0,0,0,0,0,0,0,0,0,0,0,0,0,0,0,0,0,0,0,1,1,1,False
13,38219,-14,10867,2,897579,-2,642116,-0,002766538,0,9994256,-0,0009107091,-0,03376253,0,0,0,0,0,0,0,0,0,0,0,0,0,0,0,0,0,0,0,0,0,0,1,1,1,False
13,39139,-14,10864,2,897812,-2,642119,-0,002766538,0,9994256,-0,0009107091,-0,03376253,0,0,0,0,0,0,0,0,0,0,0,0,0,0,0,0,0,0,0,0,0,0,1,1,1,False
13,40052,-14,1086,2,898071,-2,642122,-0,002766538,0,9994256,-0,0009107091,-0,03376253,0,0,0,0,0,0,0,0,0,0,0,0,0,0,0,0,0,0,0,0,0,0,1,1,1,False
13,40982,-14,10854,2,898364,-2,642127,-0,002766538,0,9994256,-0,0009107091,-0,03376253,0,0,0,0,0,0,0,0,0,0,0,0,0,0,0,0,0,0,0,0,0,0,1,1,1,False
13,41799,-14,10847,2,898643,-2,642132,-0,002766538,0,9994256,-0,0009107091,-0,03376253,0,0,0,0,0,0,0,0,0,0,0,0,0,0,0,0,0,0,0,0,0,0,1,1,1,False
13,42757,-14,10837,2,899,-2,642139,-0,002766538,0,9994256,-0,0009107091,-0,03376253,0,0,0,0,0,0,0,0,0,0,0,0,0,0,0,0,0,0,0,0,0,0,1,1,1,False
13,43742,-14,10826,2,899397,-2,642148,-0,002766538,0,9994256,-0,0009107091,-0,03376253,0,0,0,0,0,0,0,0,0,0,0,0,0,0,0,0,0,0,0,0,0,0,1,1,1,False
13,44587,-14,10814,2,899763,-2,642156,-0,002766538,0,9994256,-0,0009107091,-0,03376253,0,0,0,0,0,0,0,0,0,0,0,0,0,0,0,0,0,0,0,0,0,0,1,1,1,False
13,45611,-14,10798,2,900237,-2,642168,-0,002766538,0,9994256,-0,0009107091,-0,03376253,0,0,0,0,0,0,0,0,0,0,0,0,0,0,0,0,0,0,0,0,0,0,1,1,1,False
13,46488,-14,10783,2,900668,-2,642179,-0,002766538,0,9994256,-0,0009107091,-0,03376253,0,0,0,0,0,0,0,0,0,0,0,0,0,0,0,0,0,0,0,0,0,0,1,1,1,False
13,47457,-14,10765,2,901174,-2,642193,-0,002766538,0,9994256,-0,0009107091,-0,03376253,0,0,0,0,0,0,0,0,0,0,0,0,0,0,0,0,0,0,0,0,0,0,1,1,1,False
13,48392,-14,10745,2,901689,-2,642207,-0,002766538,0,9994256,-0,0009107091,-0,03376253,0,0,0,0,0,0,0,0,0,0,0,0,0,0,0,0,0,0,0,0,0,0,1,1,1,False
13,49388,-14,10722,2,902267,-2,642223,-0,002766538,0,9994256,-0,0009107091,-0,03376253,0,0,0,0,0,0,0,0,0,0,0,0,0,0,0,0,0,0,0,0,0,0,1,1,1,False
13,50252,-14,10701,2,902792,-2,642239,-0,002766538,0,9994256,-0,0009107091,-0,03376253,0,0,0,0,0,0,0,0,0,0,0,0,0,0,0,0,0,0,0,0,0,0,1,1,1,False
13,51129,-14,10678,2,903348,-2,642256,-0,002766538,0,9994256,-0,0009107091,-0,03376253,0,0,0,0,0,0,0,0,0,0,0,0,0,0,0,0,0,0,0,0,0,0,1,1,1,False
13,5199,-14,10654,2,903916,-2,642273,-0,002766538,0,9994256,-0,0009107091,-0,03376253,0,0,0,0,0,0,0,0,0,0,0,0,0,0,0,0,0,0,0,0,0,0,1,1,1,False
13,52948,-14,10625,2,904574,-2,642294,-0,002766538,0,9994256,-0,0009107091,-0,03376253,0,0,0,0,0,0,0,0,0,0,0,0,0,0,0,0,0,0,0,0,0,0,1,1,1,False
13,53877,-14,10596,2,905237,-2,642315,-0,002766538,0,9994256,-0,0009107091,-0,03376253,0,0,0,0,0,0,0,0,0,0,0,0,0,0,0,0,0,0,0,0,0,0,1,1,1,False
13,5464,-14,10571,2,905799,-2,642333,-0,002766538,0,9994256,-0,0009107091,-0,03376253,0,0,0,0,0,0,0,0,0,0,0,0,0,0,0,0,0,0,0,0,0,0,1,1,1,False
13,55503,-14,10541,2,906455,-2,642354,-0,002766538,0,9994256,-0,0009107091,-0,03376253,0,0,0,0,0,0,0,0,0,0,0,0,0,0,0,0,0,0,0,0,0,0,1,1,1,False
13,56293,-14,10513,2,907073,-2,642375,-0,002766538,0,9994256,-0,0009107091,-0,03376253,0,0,0,0,0,0,0,0,0,0,0,0,0,0,0,0,0,0,0,0,0,0,1,1,1,False
13,57196,-14,10479,2,9078,-2,642399,-0,002766538,0,9994256,-0,0009107091,-0,03376253,0,0,0,0,0,0,0,0,0,0,0,0,0,0,0,0,0,0,0,0,0,0,1,1,1,False
13,57995,-14,10448,2,908461,-2,642422,-0,002766538,0,9994256,-0,0009107091,-0,03376253,0,0,0,0,0,0,0,0,0,0,0,0,0,0,0,0,0,0,0,0,0,0,1,1,1,False
13,58763,-14,10416,2,909112,-2,642444,-0,002766538,0,9994256,-0,0009107091,-0,03376253,0,0,0,0,0,0,0,0,0,0,0,0,0,0,0,0,0,0,0,0,0,0,1,1,1,False
13,59609,-14,10381,2,909847,-2,64247,-0,002766538,0,9994256,-0,0009107091,-0,03376253,0,0,0,0,0,0,0,0,0,0,0,0,0,0,0,0,0,0,0,0,0,0,1,1,1,False
13,60353,-14,10349,2,910508,-2,642493,-0,002766538,0,9994256,-0,0009107091,-0,03376253,0,0,0,0,0,0,0,0,0,0,0,0,0,0,0,0,0,0,0,0,0,0,1,1,1,False
13,61176,-14,10312,2,911255,-2,642519,-0,002766538,0,9994256,-0,0009107091,-0,03376253,0,0,0,0,0,0,0,0,0,0,0,0,0,0,0,0,0,0,0,0,0,0,1,1,1,False
13,61928,-14,10277,2,911952,-2,642544,-0,002766538,0,9994256,-0,0009107091,-0,03376253,0,0,0,0,0,0,0,0,0,0,0,0,0,0,0,0,0,0,0,0,0,0,1,1,1,False
13,62686,-14,10241,2,912668,-2,64257,-0,002766538,0,9994256,-0,0009107091,-0,03376253,0,0,0,0,0,0,0,0,0,0,0,0,0,0,0,0,0,0,0,0,0,0,1,1,1,False
13,63599,-14,10196,2,913549,-2,642602,-0,002766538,0,9994256,-0,0009107091,-0,03376253,0,0,0,0,0,0,0,0,0,0,0,0,0,0,0,0,0,0,0,0,0,0,1,1,1,False
13,64392,-14,10156,2,914327,-2,642631,-0,002766538,0,9994256,-0,0009107091,-0,03376253,0,0,0,0,0,0,0,0,0,0,0,0,0,0,0,0,0,0,0,0,0,0,1,1,1,False
13,65259,-14,10111,2,915196,-2,642663,-0,002766538,0,9994256,-0,0009107091,-0,03376253,0,0,0,0,0,0,0,0,0,0,0,0,0,0,0,0,0,0,0,0,0,0,1,1,1,False
13,66043,-14,10069,2,915995,-2,642693,-0,002766538,0,9994256,-0,0009107091,-0,03376253,0,0,0,0,0,0,0,0,0,0,0,0,0,0,0,0,0,0,0,0,0,0,1,1,1,False
13,6689,-14,10023,2,916873,-2,642726,-0,002766538,0,9994256,-0,0009107091,-0,03376253,0,0,0,0,0,0,0,0,0,0,0,0,0,0,0,0,0,0,0,0,0,0,1,1,1,False
13,67618,-14,09983,2,917638,-2,642755,-0,002766538,0,9994256,-0,0009107091,-0,03376253,0,0,0,0,0,0,0,0,0,0,0,0,0,0,0,0,0,0,0,0,0,0,1,1,1,False
13,68353,-14,09941,2,918422,-2,642785,-0,002766538,0,9994256,-0,0009107091,-0,03376253,0,0,0,0,0,0,0,0,0,0,0,0,0,0,0,0,0,0,0,0,0,0,1,1,1,False
13,69182,-14,09892,2,919319,-2,642819,-0,002766538,0,9994256,-0,0009107091,-0,03376253,0,0,0,0,0,0,0,0,0,0,0,0,0,0,0,0,0,0,0,0,0,0,1,1,1,False
13,69916,-14,09849,2,920124,-2,64285,-0,002766538,0,9994256,-0,0009107091,-0,03376253,0,0,0,0,0,0,0,0,0,0,0,0,0,0,0,0,0,0,0,0,0,0,1,1,1,False
13,70659,-14,09803,2,920948,-2,642883,-0,002766538,0,9994256,-0,0009107091,-0,03376253,0,0,0,0,0,0,0,0,0,0,0,0,0,0,0,0,0,0,0,0,0,0,1,1,1,False
13,7148,-14,09753,2,921871,-2,642919,-0,002766538,0,9994256,-0,0009107091,-0,03376253,0,0,0,0,0,0,0,0,0,0,0,0,0,0,0,0,0,0,0,0,0,0,1,1,1,False
13,72235,-14,09705,2,922729,-2,642953,-0,002766538,0,9994256,-0,0009107091,-0,03376253,0,0,0,0,0,0,0,0,0,0,0,0,0,0,0,0,0,0,0,0,0,0,1,1,1,False
13,73141,-14,09647,2,923771,-2,642994,-0,002766538,0,9994256,-0,0009107091,-0,03376253,0,0,0,0,0,0,0,0,0,0,0,0,0,0,0,0,0,0,0,0,0,0,1,1,1,False
13,73921,-14,09595,2,924679,-2,643031,-0,002766538,0,9994256,-0,0009107091,-0,03376253,0,0,0,0,0,0,0,0,0,0,0,0,0,0,0,0,0,0,0,0,0,0,1,1,1,False
13,74759,-14,09539,2,925664,-2,643071,-0,002766538,0,9994256,-0,0009107091,-0,03376253,0,0,0,0,0,0,0,0,0,0,0,0,0,0,0,0,0,0,0,0,0,0,1,1,1,False
13,75691,-14,09476,2,926771,-2,643116,-0,002766538,0,9994256,-0,0009107091,-0,03376253,0,0,0,0,0,0,0,0,0,0,0,0,0,0,0,0,0,0,0,0,0,0,1,1,1,False
13,76464,-14,09422,2,927699,-2,643154,-0,002766538,0,9994256,-0,0009107091,-0,03376253,0,0,0,0,0,0,0,0,0,0,0,0,0,0,0,0,0,0,0,0,0,0,1,1,1,False
13,7733,-14,09361,2,928748,-2,643197,-0,002766538,0,9994256,-0,0009107091,-0,03376253,0,0,0,0,0,0,0,0,0,0,0,0,0,0,0,0,0,0,0,0,0,0,1,1,1,False
13,7806,-14,09309,2,929638,-2,643234,-0,002766538,0,9994256,-0,0009107091,-0,03376253,0,0,0,0,0,0,0,0,0,0,0,0,0,0,0,0,0,0,0,0,0,0,1,1,1,False
13,78923,-14,09246,2,930699,-2,643279,-0,002766538,0,9994256,-0,0009107091,-0,03376253,0,0,0,0,0,0,0,0,0,0,0,0,0,0,0,0,0,0,0,0,0,0,1,1,1,False
13,79653,-14,09192,2,931604,-2,643317,-0,002766538,0,9994256,-0,0009107091,-0,03376253,0,0,0,0,0,0,0,0,0,0,0,0,0,0,0,0,0,0,0,0,0,0,1,1,1,False
13,80417,-14,09135,2,932556,-2,643358,-0,002766538,0,9994256,-0,0009107091,-0,03376253,0,0,0,0,0,0,0,0,0,0,0,0,0,0,0,0,0,0,0,0,0,0,1,1,1,False
13,81256,-14,09072,2,933608,-2,643403,-0,002766538,0,9994256,-0,0009107091,-0,03376253,0,0,0,0,0,0,0,0,0,0,0,0,0,0,0,0,0,0,0,0,0,0,1,1,1,False
13,8215,-14,09003,2,934736,-2,643452,-0,002766538,0,9994256,-0,0009107091,-0,03376253,0,0,0,0,0,0,0,0,0,0,0,0,0,0,0,0,0,0,0,0,0,0,1,1,1,False
13,83068,-14,08931,2,935902,-2,643502,-0,002766538,0,9994256,-0,0009107091,-0,03376253,0,0,0,0,0,0,0,0,0,0,0,0,0,0,0,0,0,0,0,0,0,0,1,1,1,False
13,83899,-14,08866,2,936961,-2,643549,-0,002766538,0,9994256,-0,0009107091,-0,03376253,0,0,0,0,0,0,0,0,0,0,0,0,0,0,0,0,0,0,0,0,0,0,1,1,1,False
13,84724,-14,088,2,938018,-2,643596,-0,002766538,0,9994256,-0,0009107091,-0,03376253,0,0,0,0,0,0,0,0,0,0,0,0,0,0,0,0,0,0,0,0,0,0,1,1,1,False
13,8564,-14,08725,2,939197,-2,643648,-0,002766538,0,9994256,-0,0009107091,-0,03376253,0,0,0,0,0,0,0,0,0,0,0,0,0,0,0,0,0,0,0,0,0,0,1,1,1,False
13,86447,-14,08659,2,940239,-2,643695,-0,002766538,0,9994256,-0,0009107091,-0,03376253,0,0,0,0,0,0,0,0,0,0,0,0,0,0,0,0,0,0,0,0,0,0,1,1,1,False
13,87357,-14,08584,2,941417,-2,643749,-0,002766538,0,9994256,-0,0009107091,-0,03376253,0,0,0,0,0,0,0,0,0,0,0,0,0,0,0,0,0,0,0,0,0,0,1,1,1,False
13,88213,-14,08512,2,942529,-2,643799,-0,002766538,0,9994256,-0,0009107091,-0,03376253,0,0,0,0,0,0,0,0,0,0,0,0,0,0,0,0,0,0,0,0,0,0,1,1,1,False
13,89144,-14,08433,2,94374,-2,643855,-0,002766538,0,9994256,-0,0009107091,-0,03376253,0,0,0,0,0,0,0,0,0,0,0,0,0,0,0,0,0,0,0,0,0,0,1,1,1,False
13,90012,-14,08359,2,944871,-2,643908,-0,002766538,0,9994256,-0,0009107091,-0,03376253,0,0,0,0,0,0,0,0,0,0,0,0,0,0,0,0,0,0,0,0,0,0,1,1,1,False
13,90947,-14,08278,2,946091,-2,643965,-0,002766538,0,9994256,-0,0009107091,-0,03376253,0,0,0,0,0,0,0,0,0,0,0,0,0,0,0,0,0,0,0,0,0,0,1,1,1,False
13,91829,-14,082,2,947242,-2,64402,-0,002766538,0,9994256,-0,0009107091,-0,03376253,0,0,0,0,0,0,0,0,0,0,0,0,0,0,0,0,0,0,0,0,0,0,1,1,1,False
13,92731,-14,08121,2,948419,-2,644076,-0,002766538,0,9994256,-0,0009107091,-0,03376253,0,0,0,0,0,0,0,0,0,0,0,0,0,0,0,0,0,0,0,0,0,0,1,1,1,False
13,93656,-14,08039,2,949624,-2,644134,-0,002766538,0,9994256,-0,0009107091,-0,03376253,0,0,0,0,0,0,0,0,0,0,0,0,0,0,0,0,0,0,0,0,0,0,1,1,1,False
13,94524,-14,0796,2,950755,-2,644189,-0,002766538,0,9994256,-0,0009107091,-0,03376253,0,0,0,0,0,0,0,0,0,0,0,0,0,0,0,0,0,0,0,0,0,0,1,1,1,False
13,95426,-14,07879,2,951927,-2,644247,-0,002766538,0,9994256,-0,0009107091,-0,03376253,0,0,0,0,0,0,0,0,0,0,0,0,0,0,0,0,0,0,0,0,0,0,1,1,1,False
13,96294,-14,078,2,953053,-2,644302,-0,002766538,0,9994256,-0,0009107091,-0,03376253,0,0,0,0,0,0,0,0,0,0,0,0,0,0,0,0,0,0,0,0,0,0,1,1,1,False
13,97215,-14,07715,2,954244,-2,644362,-0,002766538,0,9994256,-0,0009107091,-0,03376253,0,0,0,0,0,0,0,0,0,0,0,0,0,0,0,0,0,0,0,0,0,0,1,1,1,False
13,98133,-14,0763,2,955427,-2,644422,-0,002766538,0,9994256,-0,0009107091,-0,03376253,0,0,0,0,0,0,0,0,0,0,0,0,0,0,0,0,0,0,0,0,0,0,1,1,1,False
13,99074,-14,07542,2,956634,-2,644484,-0,002766538,0,9994256,-0,0009107091,-0,03376253,0,0,0,0,0,0,0,0,0,0,0,0,0,0,0,0,0,0,0,0,0,0,1,1,1,False
13,99902,-14,07464,2,957692,-2,644538,-0,002766538,0,9994256,-0,0009107091,-0,03376253,0,0,0,0,0,0,0,0,0,0,0,0,0,0,0,0,0,0,0,0,0,0,1,1,1,False
14,00796,-14,0738,2,958829,-2,644598,-0,002766538,0,9994256,-0,0009107091,-0,03376253,0,0,0,0,0,0,0,0,0,0,0,0,0,0,0,0,0,0,0,0,0,0,1,1,1,False
14,01769,-14,07288,2,960058,-2,644663,-0,002766538,0,9994256,-0,0009107091,-0,03376253,0,0,0,0,0,0,0,0,0,0,0,0,0,0,0,0,0,0,0,0,0,0,1,1,1,False
14,02592,-14,07209,2,961092,-2,644718,-0,002766538,0,9994256,-0,0009107091,-0,03376253,0,0,0,0,0,0,0,0,0,0,0,0,0,0,0,0,0,0,0,0,0,0,1,1,1,False
14,03602,-14,07112,2,962352,-2,644786,-0,002766538,0,9994256,-0,0009107091,-0,03376253,0,0,0,0,0,0,0,0,0,0,0,0,0,0,0,0,0,0,0,0,0,0,1,1,1,False
14,04458,-14,0703,2,963411,-2,644844,-0,002766538,0,9994256,-0,0009107091,-0,03376253,0,0,0,0,0,0,0,0,0,0,0,0,0,0,0,0,0,0,0,0,0,0,1,1,1,False
14,05377,-14,06941,2,964539,-2,644906,-0,002766538,0,9994256,-0,0009107091,-0,03376253,0,0,0,0,0,0,0,0,0,0,0,0,0,0,0,0,0,0,0,0,0,0,1,1,1,False
14,062,-14,06861,2,965541,-2,644963,-0,002766538,0,9994256,-0,0009107091,-0,03376253,0,0,0,0,0,0,0,0,0,0,0,0,0,0,0,0,0,0,0,0,0,0,1,1,1,False
14,07151,-14,06768,2,966687,-2,645027,-0,002766538,0,9994256,-0,0009107091,-0,03376253,0,0,0,0,0,0,0,0,0,0,0,0,0,0,0,0,0,0,0,0,0,0,1,1,1,False
14,07906,-14,06694,2,967591,-2,645079,-0,002766538,0,9994256,-0,0009107091,-0,03376253,0,0,0,0,0,0,0,0,0,0,0,0,0,0,0,0,0,0,0,0,0,0,1,1,1,False
14,08807,-14,06606,2,968655,-2,645141,-0,002766538,0,9994256,-0,0009107091,-0,03376253,0,0,0,0,0,0,0,0,0,0,0,0,0,0,0,0,0,0,0,0,0,0,1,1,1,False
14,09669,-14,06521,2,969665,-2,6452,-0,002766538,0,9994256,-0,0009107091,-0,03376253,0,0,0,0,0,0,0,0,0,0,0,0,0,0,0,0,0,0,0,0,0,0,1,1,1,False
14,10567,-14,06433,2,970704,-2,645262,-0,002766538,0,9994256,-0,0009107091,-0,03376253,0,0,0,0,0,0,0,0,0,0,0,0,0,0,0,0,0,0,0,0,0,0,1,1,1,False
14,11558,-14,06335,2,971835,-2,645331,-0,002766538,0,9994256,-0,0009107091,-0,03376253,0,0,0,0,0,0,0,0,0,0,0,0,0,0,0,0,0,0,0,0,0,0,1,1,1,False
14,12366,-14,06255,2,972745,-2,645387,-0,002766538,0,9994256,-0,0009107091,-0,03376253,0,0,0,0,0,0,0,0,0,0,0,0,0,0,0,0,0,0,0,0,0,0,1,1,1,False
14,133,-14,06163,2,973783,-2,645451,-0,002766538,0,9994256,-0,0009107091,-0,03376253,0,0,0,0,0,0,0,0,0,0,0,0,0,0,0,0,0,0,0,0,0,0,1,1,1,False
14,14135,-14,0608,2,974698,-2,645509,-0,002766538,0,9994256,-0,0009107091,-0,03376253,0,0,0,0,0,0,0,0,0,0,0,0,0,0,0,0,0,0,0,0,0,0,1,1,1,False
14,15186,-14,05976,2,975831,-2,645582,-0,002766538,0,9994256,-0,0009107091,-0,03376253,0,0,0,0,0,0,0,0,0,0,0,0,0,0,0,0,0,0,0,0,0,0,1,1,1,False
14,16055,-14,0589,2,97675,-2,645642,-0,002766538,0,9994256,-0,0009107091,-0,03376253,0,0,0,0,0,0,0,0,0,0,0,0,0,0,0,0,0,0,0,0,0,0,1,1,1,False
14,1698,-14,05798,2,977714,-2,645706,-0,002766538,0,9994256,-0,0009107091,-0,03376253,0,0,0,0,0,0,0,0,0,0,0,0,0,0,0,0,0,0,0,0,0,0,1,1,1,False
14,17756,-14,05721,2,978508,-2,64576,-0,002766538,0,9994256,-0,0009107091,-0,03376253,0,0,0,0,0,0,0,0,0,0,0,0,0,0,0,0,0,0,0,0,0,0,1,1,1,False
14,18534,-14,05644,2,979291,-2,645813,-0,002766538,0,9994256,-0,0009107091,-0,03376253,0,0,0,0,0,0,0,0,0,0,0,0,0,0,0,0,0,0,0,0,0,0,1,1,1,False
14,19359,-14,05562,2,980107,-2,64587,-0,002766538,0,9994256,-0,0009107091,-0,03376253,0,0,0,0,0,0,0,0,0,0,0,0,0,0,0,0,0,0,0,0,0,0,1,1,1,False
14,20107,-14,05488,2,980835,-2,645922,-0,002766538,0,9994256,-0,0009107091,-0,03376253,0,0,0,0,0,0,0,0,0,0,0,0,0,0,0,0,0,0,0,0,0,0,1,1,1,False
14,20917,-14,05408,2,981607,-2,645977,-0,002766538,0,9994256,-0,0009107091,-0,03376253,0,0,0,0,0,0,0,0,0,0,0,0,0,0,0,0,0,0,0,0,0,0,1,1,1,False
14,21659,-14,05335,2,982301,-2,646028,-0,002766538,0,9994256,-0,0009107091,-0,03376253,0,0,0,0,0,0,0,0,0,0,0,0,0,0,0,0,0,0,0,0,0,0,1,1,1,False
14,22397,-14,05262,2,98298,-2,646079,-0,002766538,0,9994256,-0,0009107091,-0,03376253,0,0,0,0,0,0,0,0,0,0,0,0,0,0,0,0,0,0,0,0,0,0,1,1,1,False
14,2327,-14,05176,2,983763,-2,646138,-0,002766538,0,9994256,-0,0009107091,-0,03376253,0,0,0,0,0,0,0,0,0,0,0,0,0,0,0,0,0,0,0,0,0,0,1,1,1,False
14,24039,-14,05101,2,984439,-2,646191,-0,002766538,0,9994256,-0,0009107091,-0,03376253,0,0,0,0,0,0,0,0,0,0,0,0,0,0,0,0,0,0,0,0,0,0,1,1,1,False
14,24866,-14,0502,2,985148,-2,646247,-0,002766538,0,9994256,-0,0009107091,-0,03376253,0,0,0,0,0,0,0,0,0,0,0,0,0,0,0,0,0,0,0,0,0,0,1,1,1,False
14,25643,-14,04944,2,985799,-2,646299,-0,002766538,0,9994256,-0,0009107091,-0,03376253,0,0,0,0,0,0,0,0,0,0,0,0,0,0,0,0,0,0,0,0,0,0,1,1,1,False
14,26433,-14,04868,2,986444,-2,646353,-0,002766538,0,9994256,-0,0009107091,-0,03376253,0,0,0,0,0,0,0,0,0,0,0,0,0,0,0,0,0,0,0,0,0,0,1,1,1,False
14,27332,-14,04781,2,987159,-2,646413,-0,002766538,0,9994256,-0,0009107091,-0,03376253,0,0,0,0,0,0,0,0,0,0,0,0,0,0,0,0,0,0,0,0,0,0,1,1,1,False
14,28212,-14,04696,2,987836,-2,646472,-0,002766538,0,9994256,-0,0009107091,-0,03376253,0,0,0,0,0,0,0,0,0,0,0,0,0,0,0,0,0,0,0,0,0,0,1,1,1,False
14,29131,-14,04607,2,988521,-2,646533,-0,002766538,0,9994256,-0,0009107091,-0,03376253,0,0,0,0,0,0,0,0,0,0,0,0,0,0,0,0,0,0,0,0,0,0,1,1,1,False
14,29976,-14,04527,2,98913,-2,646589,-0,002766538,0,9994256,-0,0009107091,-0,03376253,0,0,0,0,0,0,0,0,0,0,0,0,0,0,0,0,0,0,0,0,0,0,1,1,1,False
14,30822,-14,04446,2,989719,-2,646644,-0,002766538,0,9994256,-0,0009107091,-0,03376253,0,0,0,0,0,0,0,0,0,0,0,0,0,0,0,0,0,0,0,0,0,0,1,1,1,False
14,31743,-14,04359,2,990337,-2,646704,-0,002766538,0,9994256,-0,0009107091,-0,03376253,0,0,0,0,0,0,0,0,0,0,0,0,0,0,0,0,0,0,0,0,0,0,1,1,1,False
14,32601,-14,04278,2,990891,-2,64676,-0,002766538,0,9994256,-0,0009107091,-0,03376253,0,0,0,0,0,0,0,0,0,0,0,0,0,0,0,0,0,0,0,0,0,0,1,1,1,False
14,33575,-14,04187,2,991493,-2,646823,-0,002766538,0,9994256,-0,0009107091,-0,03376253,0,0,0,0,0,0,0,0,0,0,0,0,0,0,0,0,0,0,0,0,0,0,1,1,1,False
14,34438,-14,04107,2,992002,-2,646878,-0,002766538,0,9994256,-0,0009107091,-0,03376253,0,0,0,0,0,0,0,0,0,0,0,0,0,0,0,0,0,0,0,0,0,0,1,1,1,False
14,35359,-14,04022,2,992521,-2,646937,-0,002766538,0,9994256,-0,0009107091,-0,03376253,0,0,0,0,0,0,0,0,0,0,0,0,0,0,0,0,0,0,0,0,0,0,1,1,1,False
14,3628,-14,03938,2,993013,-2,646995,-0,002766538,0,9994256,-0,0009107091,-0,03376253,0,0,0,0,0,0,0,0,0,0,0,0,0,0,0,0,0,0,0,0,0,0,1,1,1,False
14,37386,-14,03838,2,99357,-2,647063,-0,002766538,0,9994256,-0,0009107091,-0,03376253,0,0,0,0,0,0,0,0,0,0,0,0,0,0,0,0,0,0,0,0,0,0,1,1,1,False
14,38204,-14,03764,2,993957,-2,647114,-0,002766538,0,9994256,-0,0009107091,-0,03376253,0,0,0,0,0,0,0,0,0,0,0,0,0,0,0,0,0,0,0,0,0,0,1,1,1,False
14,39162,-14,03679,2,994384,-2,647173,-0,002766538,0,9994256,-0,0009107091,-0,03376253,0,0,0,0,0,0,0,0,0,0,0,0,0,0,0,0,0,0,0,0,0,0,1,1,1,False
14,4014,-14,03592,2,994788,-2,647232,-0,002766538,0,9994256,-0,0009107091,-0,03376253,0,0,0,0,0,0,0,0,0,0,0,0,0,0,0,0,0,0,0,0,0,0,1,1,1,False
14,41176,-14,03502,2,995183,-2,647294,-0,002766538,0,9994256,-0,0009107091,-0,03376253,0,0,0,0,0,0,0,0,0,0,0,0,0,0,0,0,0,0,0,0,0,0,1,1,1,False
14,41969,-14,03433,2,995462,-2,647341,-0,002766538,0,9994256,-0,0009107091,-0,03376253,0,0,0,0,0,0,0,0,0,0,0,0,0,0,0,0,0,0,0,0,0,0,1,1,1,False
14,42791,-14,03363,2,99573,-2,647389,-0,002766538,0,9994256,-0,0009107091,-0,03376253,0,0,0,0,0,0,0,0,0,0,0,0,0,0,0,0,0,0,0,0,0,0,1,1,1,False
14,43693,-14,03286,2,995998,-2,647442,-0,002766538,0,9994256,-0,0009107091,-0,03376253,0,0,0,0,0,0,0,0,0,0,0,0,0,0,0,0,0,0,0,0,0,0,1,1,1,False
14,44498,-14,03218,2,996214,-2,647488,-0,002766538,0,9994256,-0,0009107091,-0,03376253,0,0,0,0,0,0,0,0,0,0,0,0,0,0,0,0,0,0,0,0,0,0,1,1,1,False
14,45391,-14,03144,2,996429,-2,647538,-0,002766538,0,9994256,-0,0009107091,-0,03376253,0,0,0,0,0,0,0,0,0,0,0,0,0,0,0,0,0,0,0,0,0,0,1,1,1,False
14,46224,-14,03076,2,996605,-2,647585,-0,002766538,0,9994256,-0,0009107091,-0,03376253,0,0,0,0,0,0,0,0,0,0,0,0,0,0,0,0,0,0,0,0,0,0,1,1,1,False
14,47235,-14,02994,2,996788,-2,647641,-0,002766538,0,9994256,-0,0009107091,-0,03376253,0,0,0,0,0,0,0,0,0,0,0,0,0,0,0,0,0,0,0,0,0,0,1,1,1,False
14,48016,-14,02931,2,996906,-2,647683,-0,002766538,0,9994256,-0,0009107091,-0,03376253,0,0,0,0,0,0,0,0,0,0,0,0,0,0,0,0,0,0,0,0,0,0,1,1,1,False
14,49076,-14,02848,2,997033,-2,64774,-0,002766538,0,9994256,-0,0009107091,-0,03376253,0,0,0,0,0,0,0,0,0,0,0,0,0,0,0,0,0,0,0,0,0,0,1,1,1,False
14,49906,-14,02783,2,997106,-2,647784,-0,002766538,0,9994256,-0,0009107091,-0,03376253,0,0,0,0,0,0,0,0,0,0,0,0,0,0,0,0,0,0,0,0,0,0,1,1,1,False
14,50737,-14,02719,2,997155,-2,647827,-0,002766538,0,9994256,-0,0009107091,-0,03376253,0,0,0,0,0,0,0,0,0,0,0,0,0,0,0,0,0,0,0,0,0,0,1,1,1,False
14,51627,-14,02652,2,997183,-2,647873,-0,002766538,0,9994256,-0,0009107091,-0,03376253,0,0,0,0,0,0,0,0,0,0,0,0,0,0,0,0,0,0,0,0,0,0,1,1,1,False
14,52457,-14,0259,2,997184,-2,647915,-0,002766538,0,9994256,-0,0009107091,-0,03376253,0,0,0,0,0,0,0,0,0,0,0,0,0,0,0,0,0,0,0,0,0,0,1,1,1,False
14,53411,-14,0252,2,997157,-2,647962,-0,002766538,0,9994256,-0,0009107091,-0,03376253,0,0,0,0,0,0,0,0,0,0,0,0,0,0,0,0,0,0,0,0,0,0,1,1,1,False
14,5427,-14,02458,2,997106,-2,648004,-0,002766538,0,9994256,-0,0009107091,-0,03376253,0,0,0,0,0,0,0,0,0,0,0,0,0,0,0,0,0,0,0,0,0,0,1,1,1,False
14,55163,-14,02395,2,997026,-2,648046,-0,002766538,0,9994256,-0,0009107091,-0,03376253,0,0,0,0,0,0,0,0,0,0,0,0,0,0,0,0,0,0,0,0,0,0,1,1,1,False
14,56035,-14,02334,2,996923,-2,648088,-0,002766538,0,9994256,-0,0009107091,-0,03376253,0,0,0,0,0,0,0,0,0,0,0,0,0,0,0,0,0,0,0,0,0,0,1,1,1,False
14,56894,-14,02275,2,996795,-2,648127,-0,002766538,0,9994256,-0,0009107091,-0,03376253,0,0,0,0,0,0,0,0,0,0,0,0,0,0,0,0,0,0,0,0,0,0,1,1,1,False
14,57692,-14,02221,2,996655,-2,648163,-0,002766538,0,9994256,-0,0009107091,-0,03376253,0,0,0,0,0,0,0,0,0,0,0,0,0,0,0,0,0,0,0,0,0,0,1,1,1,False
14,5854,-14,02165,2,996483,-2,648201,-0,002766538,0,9994256,-0,0009107091,-0,03376253,0,0,0,0,0,0,0,0,0,0,0,0,0,0,0,0,0,0,0,0,0,0,1,1,1,False
14,59422,-14,02108,2,996278,-2,648239,-0,002766538,0,9994256,-0,0009107091,-0,03376253,0,0,0,0,0,0,0,0,0,0,0,0,0,0,0,0,0,0,0,0,0,0,1,1,1,False
14,60373,-14,02048,2,996028,-2,648279,-0,002766538,0,9994256,-0,0009107091,-0,03376253,0,0,0,0,0,0,0,0,0,0,0,0,0,0,0,0,0,0,0,0,0,0,1,1,1,False
14,61377,-14,01986,2,995732,-2,648321,-0,002766538,0,9994256,-0,0009107091,-0,03376253,0,0,0,0,0,0,0,0,0,0,0,0,0,0,0,0,0,0,0,0,0,0,1,1,1,False
14,62305,-14,01929,2,995429,-2,648358,-0,002766538,0,9994256,-0,0009107091,-0,03376253,0,0,0,0,0,0,0,0,0,0,0,0,0,0,0,0,0,0,0,0,0,0,1,1,1,False
14,63226,-14,01875,2,9951,-2,648394,-0,002766538,0,9994256,-0,0009107091,-0,03376253,0,0,0,0,0,0,0,0,0,0,0,0,0,0,0,0,0,0,0,0,0,0,1,1,1,False
14,64067,-14,01827,2,994776,-2,648426,-0,002766538,0,9994256,-0,0009107091,-0,03376253,0,0,0,0,0,0,0,0,0,0,0,0,0,0,0,0,0,0,0,0,0,0,1,1,1,False
14,65002,-14,01774,2,994388,-2,648461,-0,002766538,0,9994256,-0,0009107091,-0,03376253,0,0,0,0,0,0,0,0,0,0,0,0,0,0,0,0,0,0,0,0,0,0,1,1,1,False
14,6586,-14,01727,2,994008,-2,648492,-0,002766538,0,9994256,-0,0009107091,-0,03376253,0,0,0,0,0,0,0,0,0,0,0,0,0,0,0,0,0,0,0,0,0,0,1,1,1,False
14,66696,-14,01683,2,993616,-2,648521,-0,002766538,0,9994256,-0,0009107091,-0,03376253,0,0,0,0,0,0,0,0,0,0,0,0,0,0,0,0,0,0,0,0,0,0,1,1,1,False
14,67584,-14,01637,2,993174,-2,648551,-0,002766538,0,9994256,-0,0009107091,-0,03376253,0,0,0,0,0,0,0,0,0,0,0,0,0,0,0,0,0,0,0,0,0,0,1,1,1,False
14,68405,-14,01596,2,992744,-2,648578,-0,002766538,0,9994256,-0,0009107091,-0,03376253,0,0,0,0,0,0,0,0,0,0,0,0,0,0,0,0,0,0,0,0,0,0,1,1,1,False
14,69303,-14,01552,2,992251,-2,648607,-0,002766538,0,9994256,-0,0009107091,-0,03376253,0,0,0,0,0,0,0,0,0,0,0,0,0,0,0,0,0,0,0,0,0,0,1,1,1,False
14,7014,-14,01512,2,991768,-2,648633,-0,002766538,0,9994256,-0,0009107091,-0,03376253,0,0,0,0,0,0,0,0,0,0,0,0,0,0,0,0,0,0,0,0,0,0,1,1,1,False
14,71093,-14,01468,2,991193,-2,648661,-0,002766538,0,9994256,-0,0009107091,-0,03376253,0,0,0,0,0,0,0,0,0,0,0,0,0,0,0,0,0,0,0,0,0,0,1,1,1,False
14,72001,-14,01428,2,99062,-2,648687,-0,002766538,0,9994256,-0,0009107091,-0,03376253,0,0,0,0,0,0,0,0,0,0,0,0,0,0,0,0,0,0,0,0,0,0,1,1,1,False
14,7291,-14,0139,2,990022,-2,648712,-0,002766538,0,9994256,-0,0009107091,-0,03376253,0,0,0,0,0,0,0,0,0,0,0,0,0,0,0,0,0,0,0,0,0,0,1,1,1,False
14,73691,-14,01358,2,989488,-2,648733,-0,002766538,0,9994256,-0,0009107091,-0,03376253,0,0,0,0,0,0,0,0,0,0,0,0,0,0,0,0,0,0,0,0,0,0,1,1,1,False
14,74619,-14,01321,2,988833,-2,648756,-0,002766538,0,9994256,-0,0009107091,-0,03376253,0,0,0,0,0,0,0,0,0,0,0,0,0,0,0,0,0,0,0,0,0,0,1,1,1,False
14,75495,-14,01288,2,988191,-2,648777,-0,002766538,0,9994256,-0,0009107091,-0,03376253,0,0,0,0,0,0,0,0,0,0,0,0,0,0,0,0,0,0,0,0,0,0,1,1,1,False
14,76281,-14,0126,2,987597,-2,648795,-0,002766538,0,9994256,-0,0009107091,-0,03376253,0,0,0,0,0,0,0,0,0,0,0,0,0,0,0,0,0,0,0,0,0,0,1,1,1,False
14,77112,-14,01231,2,986951,-2,648813,-0,002766538,0,9994256,-0,0009107091,-0,03376253,0,0,0,0,0,0,0,0,0,0,0,0,0,0,0,0,0,0,0,0,0,0,1,1,1,False
14,77836,-14,01207,2,986373,-2,648829,-0,002766538,0,9994256,-0,0009107091,-0,03376253,0,0,0,0,0,0,0,0,0,0,0,0,0,0,0,0,0,0,0,0,0,0,1,1,1,False
14,78589,-14,01183,2,985757,-2,648844,-0,002766538,0,9994256,-0,0009107091,-0,03376253,0,0,0,0,0,0,0,0,0,0,0,0,0,0,0,0,0,0,0,0,0,0,1,1,1,False
14,794,-14,01158,2,985078,-2,648859,-0,002766538,0,9994256,-0,0009107091,-0,03376253,0,0,0,0,0,0,0,0,0,0,0,0,0,0,0,0,0,0,0,0,0,0,1,1,1,False
14,80158,-14,01136,2,984426,-2,648873,-0,002766538,0,9994256,-0,0009107091,-0,03376253,0,0,0,0,0,0,0,0,0,0,0,0,0,0,0,0,0,0,0,0,0,0,1,1,1,False
14,81012,-14,01112,2,983676,-2,648887,-0,002766538,0,9994256,-0,0009107091,-0,03376253,0,0,0,0,0,0,0,0,0,0,0,0,0,0,0,0,0,0,0,0,0,0,1,1,1,False
14,81841,-14,01091,2,98293,-2,6489,-0,002766538,0,9994256,-0,0009107091,-0,03376253,0,0,0,0,0,0,0,0,0,0,0,0,0,0,0,0,0,0,0,0,0,0,1,1,1,False
14,82608,-14,01072,2,982225,-2,648911,-0,002766538,0,9994256,-0,0009107091,-0,03376253,0,0,0,0,0,0,0,0,0,0,0,0,0,0,0,0,0,0,0,0,0,0,1,1,1,False
14,83455,-14,01053,2,98143,-2,648922,-0,002766538,0,9994256,-0,0009107091,-0,03376253,0,0,0,0,0,0,0,0,0,0,0,0,0,0,0,0,0,0,0,0,0,0,1,1,1,False
14,84201,-14,01037,2,980716,-2,648932,-0,002766538,0,9994256,-0,0009107091,-0,03376253,0,0,0,0,0,0,0,0,0,0,0,0,0,0,0,0,0,0,0,0,0,0,1,1,1,False
14,85138,-14,01019,2,979802,-2,648942,-0,002766538,0,9994256,-0,0009107091,-0,03376253,0,0,0,0,0,0,0,0,0,0,0,0,0,0,0,0,0,0,0,0,0,0,1,1,1,False
14,85864,-14,01006,2,97908,-2,64895,-0,002766538,0,9994256,-0,0009107091,-0,03376253,0,0,0,0,0,0,0,0,0,0,0,0,0,0,0,0,0,0,0,0,0,0,1,1,1,False
14,8664,-14,00993,2,978296,-2,648957,-0,002766538,0,9994256,-0,0009107091,-0,03376253,0,0,0,0,0,0,0,0,0,0,0,0,0,0,0,0,0,0,0,0,0,0,1,1,1,False
14,87591,-14,00979,2,977317,-2,648964,-0,002766538,0,9994256,-0,0009107091,-0,03376253,0,0,0,0,0,0,0,0,0,0,0,0,0,0,0,0,0,0,0,0,0,0,1,1,1,False
14,88379,-14,00969,2,976493,-2,64897,-0,002766538,0,9994256,-0,0009107091,-0,03376253,0,0,0,0,0,0,0,0,0,0,0,0,0,0,0,0,0,0,0,0,0,0,1,1,1,False
14,89262,-14,00959,2,975554,-2,648974,-0,002766538,0,9994256,-0,0009107091,-0,03376253,0,0,0,0,0,0,0,0,0,0,0,0,0,0,0,0,0,0,0,0,0,0,1,1,1,False
14,90042,-14,00951,2,974713,-2,648978,-0,002766538,0,9994256,-0,0009107091,-0,03376253,0,0,0,0,0,0,0,0,0,0,0,0,0,0,0,0,0,0,0,0,0,0,1,1,1,False
14,90868,-14,00944,2,973809,-2,648981,-0,002766538,0,9994256,-0,0009107091,-0,03376253,0,0,0,0,0,0,0,0,0,0,0,0,0,0,0,0,0,0,0,0,0,0,1,1,1,False
14,91617,-14,00939,2,972979,-2,648982,-0,002766538,0,9994256,-0,0009107091,-0,03376253,0,0,0,0,0,0,0,0,0,0,0,0,0,0,0,0,0,0,0,0,0,0,1,1,1,False
14,92346,-14,00936,2,972162,-2,648983,-0,002766538,0,9994256,-0,0009107091,-0,03376253,0,0,0,0,0,0,0,0,0,0,0,0,0,0,0,0,0,0,0,0,0,0,1,1,1,False
14,93212,-14,00933,2,97118,-2,648983,-0,002766538,0,9994256,-0,0009107091,-0,03376253,0,0,0,0,0,0,0,0,0,0,0,0,0,0,0,0,0,0,0,0,0,0,1,1,1,False
14,94043,-14,00931,2,970226,-2,648983,-0,002766538,0,9994256,-0,0009107091,-0,03376253,0,0,0,0,0,0,0,0,0,0,0,0,0,0,0,0,0,0,0,0,0,0,1,1,1,False
14,94979,-14,00931,2,969137,-2,64898,-0,002766538,0,9994256,-0,0009107091,-0,03376253,0,0,0,0,0,0,0,0,0,0,0,0,0,0,0,0,0,0,0,0,0,0,1,1,1,False
14,95723,-14,00932,2,968264,-2,648978,-0,002766538,0,9994256,-0,0009107091,-0,03376253,0,0,0,0,0,0,0,0,0,0,0,0,0,0,0,0,0,0,0,0,0,0,1,1,1,False
14,96482,-14,00934,2,967364,-2,648975,-0,002766538,0,9994256,-0,0009107091,-0,03376253,0,0,0,0,0,0,0,0,0,0,0,0,0,0,0,0,0,0,0,0,0,0,1,1,1,False
14,97382,-14,00939,2,966286,-2,64897,-0,002766538,0,9994256,-0,0009107091,-0,03376253,0,0,0,0,0,0,0,0,0,0,0,0,0,0,0,0,0,0,0,0,0,0,1,1,1,False
14,98223,-14,00944,2,965271,-2,648964,-0,002766538,0,9994256,-0,0009107091,-0,03376253,0,0,0,0,0,0,0,0,0,0,0,0,0,0,0,0,0,0,0,0,0,0,1,1,1,False
14,99109,-14,00951,2,964191,-2,648957,-0,002766538,0,9994256,-0,0009107091,-0,03376253,0,0,0,0,0,0,0,0,0,0,0,0,0,0,0,0,0,0,0,0,0,0,1,1,1,False
15,00033,-14,0096,2,963055,-2,648948,-0,002766538,0,9994256,-0,0009107091,-0,03376253,0,0,0,0,0,0,0,0,0,0,0,0,0,0,0,0,0,0,0,0,0,0,1,1,1,False
15,00922,-14,00971,2,961954,-2,648939,-0,002766538,0,9994256,-0,0009107091,-0,03376253,0,0,0,0,0,0,0,0,0,0,0,0,0,0,0,0,0,0,0,0,0,0,1,1,1,False
15,01791,-14,00982,2,96087,-2,648929,-0,002766538,0,9994256,-0,0009107091,-0,03376253,0,0,0,0,0,0,0,0,0,0,0,0,0,0,0,0,0,0,0,0,0,0,1,1,1,False
15,02646,-14,00995,2,959796,-2,648918,-0,002766538,0,9994256,-0,0009107091,-0,03376253,0,0,0,0,0,0,0,0,0,0,0,0,0,0,0,0,0,0,0,0,0,0,1,1,1,False
15,03553,-14,01011,2,958649,-2,648906,-0,002766538,0,9994256,-0,0009107091,-0,03376253,0,0,0,0,0,0,0,0,0,0,0,0,0,0,0,0,0,0,0,0,0,0,1,1,1,False
15,04409,-14,01026,2,957562,-2,648893,-0,002766538,0,9994256,-0,0009107091,-0,03376253,0,0,0,0,0,0,0,0,0,0,0,0,0,0,0,0,0,0,0,0,0,0,1,1,1,False
15,05309,-14,01045,2,956415,-2,648878,-0,002766538,0,9994256,-0,0009107091,-0,03376253,0,0,0,0,0,0,0,0,0,0,0,0,0,0,0,0,0,0,0,0,0,0,1,1,1,False
15,06056,-14,01061,2,955457,-2,648865,-0,002766538,0,9994256,-0,0009107091,-0,03376253,0,0,0,0,0,0,0,0,0,0,0,0,0,0,0,0,0,0,0,0,0,0,1,1,1,False
15,07066,-14,01085,2,954158,-2,648846,-0,002766538,0,9994256,-0,0009107091,-0,03376253,0,0,0,0,0,0,0,0,0,0,0,0,0,0,0,0,0,0,0,0,0,0,1,1,1,False
15,07842,-14,01104,2,953156,-2,648831,-0,002766538,0,9994256,-0,0009107091,-0,03376253,0,0,0,0,0,0,0,0,0,0,0,0,0,0,0,0,0,0,0,0,0,0,1,1,1,False
15,08664,-14,01126,2,952093,-2,648814,-0,002766538,0,9994256,-0,0009107091,-0,03376253,0,0,0,0,0,0,0,0,0,0,0,0,0,0,0,0,0,0,0,0,0,0,1,1,1,False
15,0954,-14,01151,2,950956,-2,648795,-0,002766538,0,9994256,-0,0009107091,-0,03376253,0,0,0,0,0,0,0,0,0,0,0,0,0,0,0,0,0,0,0,0,0,0,1,1,1,False
15,10363,-14,01176,2,949887,-2,648776,-0,002766538,0,9994256,-0,0009107091,-0,03376253,0,0,0,0,0,0,0,0,0,0,0,0,0,0,0,0,0,0,0,0,0,0,1,1,1,False
15,11174,-14,01202,2,948833,-2,648756,-0,002766538,0,9994256,-0,0009107091,-0,03376253,0,0,0,0,0,0,0,0,0,0,0,0,0,0,0,0,0,0,0,0,0,0,1,1,1,False
15,11982,-14,01229,2,947781,-2,648736,-0,002766538,0,9994256,-0,0009107091,-0,03376253,0,0,0,0,0,0,0,0,0,0,0,0,0,0,0,0,0,0,0,0,0,0,1,1,1,False
15,12827,-14,01258,2,946681,-2,648714,-0,002766538,0,9994256,-0,0009107091,-0,03376253,0,0,0,0,0,0,0,0,0,0,0,0,0,0,0,0,0,0,0,0,0,0,1,1,1,False
15,13675,-14,01289,2,945577,-2,648691,-0,002766538,0,9994256,-0,0009107091,-0,03376253,0,0,0,0,0,0,0,0,0,0,0,0,0,0,0,0,0,0,0,0,0,0,1,1,1,False
15,14544,-14,01322,2,944446,-2,648667,-0,002766538,0,9994256,-0,0009107091,-0,03376253,0,0,0,0,0,0,0,0,0,0,0,0,0,0,0,0,0,0,0,0,0,0,1,1,1,False
15,15481,-14,01359,2,943229,-2,648639,-0,002766538,0,9994256,-0,0009107091,-0,03376253,0,0,0,0,0,0,0,0,0,0,0,0,0,0,0,0,0,0,0,0,0,0,1,1,1,False
15,16379,-14,01396,2,942065,-2,648612,-0,002766538,0,9994256,-0,0009107091,-0,03376253,0,0,0,0,0,0,0,0,0,0,0,0,0,0,0,0,0,0,0,0,0,0,1,1,1,False
15,17277,-14,01434,2,940903,-2,648583,-0,002766538,0,9994256,-0,0009107091,-0,03376253,0,0,0,0,0,0,0,0,0,0,0,0,0,0,0,0,0,0,0,0,0,0,1,1,1,False
15,18082,-14,0147,2,939865,-2,648557,-0,002766538,0,9994256,-0,0009107091,-0,03376253,0,0,0,0,0,0,0,0,0,0,0,0,0,0,0,0,0,0,0,0,0,0,1,1,1,False
15,19061,-14,01515,2,938606,-2,648524,-0,002766538,0,9994256,-0,0009107091,-0,03376253,0,0,0,0,0,0,0,0,0,0,0,0,0,0,0,0,0,0,0,0,0,0,1,1,1,False
15,20105,-14,01565,2,937269,-2,648488,-0,002766538,0,9994256,-0,0009107091,-0,03376253,0,0,0,0,0,0,0,0,0,0,0,0,0,0,0,0,0,0,0,0,0,0,1,1,1,False
15,21107,-14,01614,2,935993,-2,648452,-0,002766538,0,9994256,-0,0009107091,-0,03376253,0,0,0,0,0,0,0,0,0,0,0,0,0,0,0,0,0,0,0,0,0,0,1,1,1,False
15,21924,-14,01656,2,93496,-2,648422,-0,002766538,0,9994256,-0,0009107091,-0,03376253,0,0,0,0,0,0,0,0,0,0,0,0,0,0,0,0,0,0,0,0,0,0,1,1,1,False
15,22747,-14,01699,2,933923,-2,64839,-0,002766538,0,9994256,-0,0009107091,-0,03376253,0,0,0,0,0,0,0,0,0,0,0,0,0,0,0,0,0,0,0,0,0,0,1,1,1,False
15,23681,-14,01749,2,932754,-2,648354,-0,002766538,0,9994256,-0,0009107091,-0,03376253,0,0,0,0,0,0,0,0,0,0,0,0,0,0,0,0,0,0,0,0,0,0,1,1,1,False
15,24661,-14,01804,2,931535,-2,648314,-0,002766538,0,9994256,-0,0009107091,-0,03376253,0,0,0,0,0,0,0,0,0,0,0,0,0,0,0,0,0,0,0,0,0,0,1,1,1,False
15,25577,-14,01856,2,930407,-2,648277,-0,002766538,0,9994256,-0,0009107091,-0,03376253,0,0,0,0,0,0,0,0,0,0,0,0,0,0,0,0,0,0,0,0,0,0,1,1,1,False
15,26495,-14,0191,2,929286,-2,648238,-0,002766538,0,9994256,-0,0009107091,-0,03376253,0,0,0,0,0,0,0,0,0,0,0,0,0,0,0,0,0,0,0,0,0,0,1,1,1,False
15,27507,-14,0197,2,92806,-2,648195,-0,002766538,0,9994256,-0,0009107091,-0,03376253,0,0,0,0,0,0,0,0,0,0,0,0,0,0,0,0,0,0,0,0,0,0,1,1,1,False
15,28378,-14,02024,2,927016,-2,648156,-0,002766538,0,9994256,-0,0009107091,-0,03376253,0,0,0,0,0,0,0,0,0,0,0,0,0,0,0,0,0,0,0,0,0,0,1,1,1,False
15,29306,-14,02083,2,925915,-2,648115,-0,002766538,0,9994256,-0,0009107091,-0,03376253,0,0,0,0,0,0,0,0,0,0,0,0,0,0,0,0,0,0,0,0,0,0,1,1,1,False
15,30271,-14,02145,2,924784,-2,64807,-0,002766538,0,9994256,-0,0009107091,-0,03376253,0,0,0,0,0,0,0,0,0,0,0,0,0,0,0,0,0,0,0,0,0,0,1,1,1,False
15,3118,-14,02205,2,923732,-2,648028,-0,002766538,0,9994256,-0,0009107091,-0,03376253,0,0,0,0,0,0,0,0,0,0,0,0,0,0,0,0,0,0,0,0,0,0,1,1,1,False
15,32012,-14,0226,2,922778,-2,647988,-0,002766538,0,9994256,-0,0009107091,-0,03376253,0,0,0,0,0,0,0,0,0,0,0,0,0,0,0,0,0,0,0,0,0,0,1,1,1,False
15,32928,-14,02323,2,921744,-2,647943,-0,002766538,0,9994256,-0,0009107091,-0,03376253,0,0,0,0,0,0,0,0,0,0,0,0,0,0,0,0,0,0,0,0,0,0,1,1,1,False
15,33789,-14,02383,2,920783,-2,647901,-0,002766538,0,9994256,-0,0009107091,-0,03376253,0,0,0,0,0,0,0,0,0,0,0,0,0,0,0,0,0,0,0,0,0,0,1,1,1,False
15,34719,-14,02449,2,91976,-2,647854,-0,002766538,0,9994256,-0,0009107091,-0,03376253,0,0,0,0,0,0,0,0,0,0,0,0,0,0,0,0,0,0,0,0,0,0,1,1,1,False
15,3567,-14,02518,2,918731,-2,647806,-0,002766538,0,9994256,-0,0009107091,-0,03376253,0,0,0,0,0,0,0,0,0,0,0,0,0,0,0,0,0,0,0,0,0,0,1,1,1,False
15,3654,-14,02582,2,917806,-2,647761,-0,002766538,0,9994256,-0,0009107091,-0,03376253,0,0,0,0,0,0,0,0,0,0,0,0,0,0,0,0,0,0,0,0,0,0,1,1,1,False
15,37712,-14,02669,2,916582,-2,647699,-0,002766538,0,9994256,-0,0009107091,-0,03376253,0,0,0,0,0,0,0,0,0,0,0,0,0,0,0,0,0,0,0,0,0,0,1,1,1,False
15,38668,-14,02742,2,915605,-2,647648,-0,002766538,0,9994256,-0,0009107091,-0,03376253,0,0,0,0,0,0,0,0,0,0,0,0,0,0,0,0,0,0,0,0,0,0,1,1,1,False
15,39603,-14,02815,2,914668,-2,647597,-0,002766538,0,9994256,-0,0009107091,-0,03376253,0,0,0,0,0,0,0,0,0,0,0,0,0,0,0,0,0,0,0,0,0,0,1,1,1,False
15,40448,-14,02881,2,913837,-2,64755,-0,002766538,0,9994256,-0,0009107091,-0,03376253,0,0,0,0,0,0,0,0,0,0,0,0,0,0,0,0,0,0,0,0,0,0,1,1,1,False
15,41356,-14,02953,2,912963,-2,6475,-0,002766538,0,9994256,-0,0009107091,-0,03376253,0,0,0,0,0,0,0,0,0,0,0,0,0,0,0,0,0,0,0,0,0,0,1,1,1,False
15,42233,-14,03024,2,912136,-2,64745,-0,002766538,0,9994256,-0,0009107091,-0,03376253,0,0,0,0,0,0,0,0,0,0,0,0,0,0,0,0,0,0,0,0,0,0,1,1,1,False
15,43188,-14,03102,2,911257,-2,647395,-0,002766538,0,9994256,-0,0009107091,-0,03376253,0,0,0,0,0,0,0,0,0,0,0,0,0,0,0,0,0,0,0,0,0,0,1,1,1,False
15,4419,-14,03185,2,910358,-2,647337,-0,002766538,0,9994256,-0,0009107091,-0,03376253,0,0,0,0,0,0,0,0,0,0,0,0,0,0,0,0,0,0,0,0,0,0,1,1,1,False
15,45201,-14,0327,2,909476,-2,647278,-0,002766538,0,9994256,-0,0009107091,-0,03376253,0,0,0,0,0,0,0,0,0,0,0,0,0,0,0,0,0,0,0,0,0,0,1,1,1,False
15,46031,-14,03341,2,908772,-2,647229,-0,002766538,0,9994256,-0,0009107091,-0,03376253,0,0,0,0,0,0,0,0,0,0,0,0,0,0,0,0,0,0,0,0,0,0,1,1,1,False
15,46943,-14,03419,2,908019,-2,647175,-0,002766538,0,9994256,-0,0009107091,-0,03376253,0,0,0,0,0,0,0,0,0,0,0,0,0,0,0,0,0,0,0,0,0,0,1,1,1,False
15,47755,-14,03489,2,907366,-2,647126,-0,002766538,0,9994256,-0,0009107091,-0,03376253,0,0,0,0,0,0,0,0,0,0,0,0,0,0,0,0,0,0,0,0,0,0,1,1,1,False
15,48525,-14,03557,2,906764,-2,647079,-0,002766538,0,9994256,-0,0009107091,-0,03376253,0,0,0,0,0,0,0,0,0,0,0,0,0,0,0,0,0,0,0,0,0,0,1,1,1,False
15,49323,-14,03627,2,906156,-2,64703,-0,002766538,0,9994256,-0,0009107091,-0,03376253,0,0,0,0,0,0,0,0,0,0,0,0,0,0,0,0,0,0,0,0,0,0,1,1,1,False
15,50077,-14,03694,2,905599,-2,646984,-0,002766538,0,9994256,-0,0009107091,-0,03376253,0,0,0,0,0,0,0,0,0,0,0,0,0,0,0,0,0,0,0,0,0,0,1,1,1,False
15,5104,-14,0378,2,90491,-2,646924,-0,002766538,0,9994256,-0,0009107091,-0,03376253,0,0,0,0,0,0,0,0,0,0,0,0,0,0,0,0,0,0,0,0,0,0,1,1,1,False
15,51848,-14,03853,2,904352,-2,646873,-0,002766538,0,9994256,-0,0009107091,-0,03376253,0,0,0,0,0,0,0,0,0,0,0,0,0,0,0,0,0,0,0,0,0,0,1,1,1,False
15,52622,-14,03924,2,903836,-2,646825,-0,002766538,0,9994256,-0,0009107091,-0,03376253,0,0,0,0,0,0,0,0,0,0,0,0,0,0,0,0,0,0,0,0,0,0,1,1,1,False
15,53482,-14,04003,2,903282,-2,64677,-0,002766538,0,9994256,-0,0009107091,-0,03376253,0,0,0,0,0,0,0,0,0,0,0,0,0,0,0,0,0,0,0,0,0,0,1,1,1,False
15,54213,-14,0407,2,902829,-2,646724,-0,002766538,0,9994256,-0,0009107091,-0,03376253,0,0,0,0,0,0,0,0,0,0,0,0,0,0,0,0,0,0,0,0,0,0,1,1,1,False
15,55141,-14,04156,2,902277,-2,646664,-0,002766538,0,9994256,-0,0009107091,-0,03376253,0,0,0,0,0,0,0,0,0,0,0,0,0,0,0,0,0,0,0,0,0,0,1,1,1,False
15,55894,-14,04227,2,901848,-2,646616,-0,002766538,0,9994256,-0,0009107091,-0,03376253,0,0,0,0,0,0,0,0,0,0,0,0,0,0,0,0,0,0,0,0,0,0,1,1,1,False
15,56697,-14,04303,2,90141,-2,646564,-0,002766538,0,9994256,-0,0009107091,-0,03376253,0,0,0,0,0,0,0,0,0,0,0,0,0,0,0,0,0,0,0,0,0,0,1,1,1,False
15,57547,-14,04383,2,900967,-2,646508,-0,002766538,0,9994256,-0,0009107091,-0,03376253,0,0,0,0,0,0,0,0,0,0,0,0,0,0,0,0,0,0,0,0,0,0,1,1,1,False
15,58341,-14,04458,2,900574,-2,646457,-0,002766538,0,9994256,-0,0009107091,-0,03376253,0,0,0,0,0,0,0,0,0,0,0,0,0,0,0,0,0,0,0,0,0,0,1,1,1,False
15,59209,-14,04541,2,900168,-2,6464,-0,002766538,0,9994256,-0,0009107091,-0,03376253,0,0,0,0,0,0,0,0,0,0,0,0,0,0,0,0,0,0,0,0,0,0,1,1,1,False
15,60042,-14,04622,2,8998,-2,646345,-0,002766538,0,9994256,-0,0009107091,-0,03376253,0,0,0,0,0,0,0,0,0,0,0,0,0,0,0,0,0,0,0,0,0,0,1,1,1,False
15,60892,-14,04704,2,899447,-2,646289,-0,002766538,0,9994256,-0,0009107091,-0,03376253,0,0,0,0,0,0,0,0,0,0,0,0,0,0,0,0,0,0,0,0,0,0,1,1,1,False
15,61689,-14,04781,2,899137,-2,646236,-0,002766538,0,9994256,-0,0009107091,-0,03376253,0,0,0,0,0,0,0,0,0,0,0,0,0,0,0,0,0,0,0,0,0,0,1,1,1,False
15,62444,-14,04854,2,898863,-2,646186,-0,002766538,0,9994256,-0,0009107091,-0,03376253,0,0,0,0,0,0,0,0,0,0,0,0,0,0,0,0,0,0,0,0,0,0,1,1,1,False
15,63299,-14,04938,2,898575,-2,646128,-0,002766538,0,9994256,-0,0009107091,-0,03376253,0,0,0,0,0,0,0,0,0,0,0,0,0,0,0,0,0,0,0,0,0,0,1,1,1,False
15,64219,-14,05028,2,898291,-2,646067,-0,002766538,0,9994256,-0,0009107091,-0,03376253,0,0,0,0,0,0,0,0,0,0,0,0,0,0,0,0,0,0,0,0,0,0,1,1,1,False
15,65113,-14,05116,2,898043,-2,646007,-0,002766538,0,9994256,-0,0009107091,-0,03376253,0,0,0,0,0,0,0,0,0,0,0,0,0,0,0,0,0,0,0,0,0,0,1,1,1,False
15,65904,-14,05194,2,897845,-2,645954,-0,002766538,0,9994256,-0,0009107091,-0,03376253,0,0,0,0,0,0,0,0,0,0,0,0,0,0,0,0,0,0,0,0,0,0,1,1,1,False
15,66692,-14,05272,2,897668,-2,645901,-0,002766538,0,9994256,-0,0009107091,-0,03376253,0,0,0,0,0,0,0,0,0,0,0,0,0,0,0,0,0,0,0,0,0,0,1,1,1,False
15,67602,-14,05362,2,89749,-2,645839,-0,002766538,0,9994256,-0,0009107091,-0,03376253,0,0,0,0,0,0,0,0,0,0,0,0,0,0,0,0,0,0,0,0,0,0,1,1,1,False
15,68383,-14,05439,2,897359,-2,645787,-0,002766538,0,9994256,-0,0009107091,-0,03376253,0,0,0,0,0,0,0,0,0,0,0,0,0,0,0,0,0,0,0,0,0,0,1,1,1,False
15,69258,-14,05526,2,897237,-2,645728,-0,002766538,0,9994256,-0,0009107091,-0,03376253,0,0,0,0,0,0,0,0,0,0,0,0,0,0,0,0,0,0,0,0,0,0,1,1,1,False
15,70083,-14,05608,2,897146,-2,645672,-0,002766538,0,9994256,-0,0009107091,-0,03376253,0,0,0,0,0,0,0,0,0,0,0,0,0,0,0,0,0,0,0,0,0,0,1,1,1,False
15,70954,-14,05695,2,897074,-2,645613,-0,002766538,0,9994256,-0,0009107091,-0,03376253,0,0,0,0,0,0,0,0,0,0,0,0,0,0,0,0,0,0,0,0,0,0,1,1,1,False
15,71709,-14,0577,2,897032,-2,645562,-0,002766538,0,9994256,-0,0009107091,-0,03376253,0,0,0,0,0,0,0,0,0,0,0,0,0,0,0,0,0,0,0,0,0,0,1,1,1,False
15,72451,-14,05844,2,89701,-2,645512,-0,002766538,0,9994256,-0,0009107091,-0,03376253,0,0,0,0,0,0,0,0,0,0,0,0,0,0,0,0,0,0,0,0,0,0,1,1,1,False
15,73336,-14,05933,2,897009,-2,645452,-0,002766538,0,9994256,-0,0009107091,-0,03376253,0,0,0,0,0,0,0,0,0,0,0,0,0,0,0,0,0,0,0,0,0,0,1,1,1,False
15,74098,-14,06009,2,897028,-2,645401,-0,002766538,0,9994256,-0,0009107091,-0,03376253,0,0,0,0,0,0,0,0,0,0,0,0,0,0,0,0,0,0,0,0,0,0,1,1,1,False
15,75047,-14,06103,2,89708,-2,645337,-0,002766538,0,9994256,-0,0009107091,-0,03376253,0,0,0,0,0,0,0,0,0,0,0,0,0,0,0,0,0,0,0,0,0,0,1,1,1,False
15,75803,-14,06179,2,897143,-2,645286,-0,002766538,0,9994256,-0,0009107091,-0,03376253,0,0,0,0,0,0,0,0,0,0,0,0,0,0,0,0,0,0,0,0,0,0,1,1,1,False
15,76597,-14,06258,2,89723,-2,645233,-0,002766538,0,9994256,-0,0009107091,-0,03376253,0,0,0,0,0,0,0,0,0,0,0,0,0,0,0,0,0,0,0,0,0,0,1,1,1,False
15,77454,-14,06343,2,897347,-2,645176,-0,002766538,0,9994256,-0,0009107091,-0,03376253,0,0,0,0,0,0,0,0,0,0,0,0,0,0,0,0,0,0,0,0,0,0,1,1,1,False
15,78227,-14,0642,2,897475,-2,645124,-0,002766538,0,9994256,-0,0009107091,-0,03376253,0,0,0,0,0,0,0,0,0,0,0,0,0,0,0,0,0,0,0,0,0,0,1,1,1,False
15,79121,-14,06508,2,897646,-2,645064,-0,002766538,0,9994256,-0,0009107091,-0,03376253,0,0,0,0,0,0,0,0,0,0,0,0,0,0,0,0,0,0,0,0,0,0,1,1,1,False
15,79949,-14,0659,2,89783,-2,645009,-0,002766538,0,9994256,-0,0009107091,-0,03376253,0,0,0,0,0,0,0,0,0,0,0,0,0,0,0,0,0,0,0,0,0,0,1,1,1,False
15,80726,-14,06667,2,898022,-2,644958,-0,002766538,0,9994256,-0,0009107091,-0,03376253,0,0,0,0,0,0,0,0,0,0,0,0,0,0,0,0,0,0,0,0,0,0,1,1,1,False
15,81596,-14,06753,2,898262,-2,6449,-0,002766538,0,9994256,-0,0009107091,-0,03376253,0,0,0,0,0,0,0,0,0,0,0,0,0,0,0,0,0,0,0,0,0,0,1,1,1,False
15,82333,-14,06825,2,898484,-2,644852,-0,002766538,0,9994256,-0,0009107091,-0,03376253,0,0,0,0,0,0,0,0,0,0,0,0,0,0,0,0,0,0,0,0,0,0,1,1,1,False
15,83206,-14,06911,2,89877,-2,644794,-0,002766538,0,9994256,-0,0009107091,-0,03376253,0,0,0,0,0,0,0,0,0,0,0,0,0,0,0,0,0,0,0,0,0,0,1,1,1,False
15,84007,-14,06989,2,899055,-2,644742,-0,002766538,0,9994256,-0,0009107091,-0,03376253,0,0,0,0,0,0,0,0,0,0,0,0,0,0,0,0,0,0,0,0,0,0,1,1,1,False
15,84913,-14,07077,2,899402,-2,644683,-0,002766538,0,9994256,-0,0009107091,-0,03376253,0,0,0,0,0,0,0,0,0,0,0,0,0,0,0,0,0,0,0,0,0,0,1,1,1,False
15,85679,-14,07151,2,899715,-2,644634,-0,002766538,0,9994256,-0,0009107091,-0,03376253,0,0,0,0,0,0,0,0,0,0,0,0,0,0,0,0,0,0,0,0,0,0,1,1,1,False
15,86475,-14,07228,2,900062,-2,644582,-0,002766538,0,9994256,-0,0009107091,-0,03376253,0,0,0,0,0,0,0,0,0,0,0,0,0,0,0,0,0,0,0,0,0,0,1,1,1,False
15,87357,-14,07313,2,900468,-2,644526,-0,002766538,0,9994256,-0,0009107091,-0,03376253,0,0,0,0,0,0,0,0,0,0,0,0,0,0,0,0,0,0,0,0,0,0,1,1,1,False
15,88166,-14,0739,2,900863,-2,644474,-0,002766538,0,9994256,-0,0009107091,-0,03376253,0,0,0,0,0,0,0,0,0,0,0,0,0,0,0,0,0,0,0,0,0,0,1,1,1,False
15,8902,-14,07472,2,901302,-2,64442,-0,002766538,0,9994256,-0,0009107091,-0,03376253,0,0,0,0,0,0,0,0,0,0,0,0,0,0,0,0,0,0,0,0,0,0,1,1,1,False
15,89775,-14,07543,2,901709,-2,644373,-0,002766538,0,9994256,-0,0009107091,-0,03376253,0,0,0,0,0,0,0,0,0,0,0,0,0,0,0,0,0,0,0,0,0,0,1,1,1,False
15,90544,-14,07615,2,902141,-2,644325,-0,002766538,0,9994256,-0,0009107091,-0,03376253,0,0,0,0,0,0,0,0,0,0,0,0,0,0,0,0,0,0,0,0,0,0,1,1,1,False
15,91402,-14,07696,2,902644,-2,644271,-0,002766538,0,9994256,-0,0009107091,-0,03376253,0,0,0,0,0,0,0,0,0,0,0,0,0,0,0,0,0,0,0,0,0,0,1,1,1,False
15,92249,-14,07774,2,903163,-2,644219,-0,002766538,0,9994256,-0,0009107091,-0,03376253,0,0,0,0,0,0,0,0,0,0,0,0,0,0,0,0,0,0,0,0,0,0,1,1,1,False
15,93187,-14,07861,2,903762,-2,644162,-0,002766538,0,9994256,-0,0009107091,-0,03376253,0,0,0,0,0,0,0,0,0,0,0,0,0,0,0,0,0,0,0,0,0,0,1,1,1,False
15,9401,-14,07936,2,904308,-2,644112,-0,002766538,0,9994256,-0,0009107091,-0,03376253,0,0,0,0,0,0,0,0,0,0,0,0,0,0,0,0,0,0,0,0,0,0,1,1,1,False
15,94939,-14,08021,2,904949,-2,644056,-0,002766538,0,9994256,-0,0009107091,-0,03376253,0,0,0,0,0,0,0,0,0,0,0,0,0,0,0,0,0,0,0,0,0,0,1,1,1,False
15,95743,-14,08093,2,905523,-2,644008,-0,002766538,0,9994256,-0,0009107091,-0,03376253,0,0,0,0,0,0,0,0,0,0,0,0,0,0,0,0,0,0,0,0,0,0,1,1,1,False
15,96649,-14,08174,2,906191,-2,643955,-0,002766538,0,9994256,-0,0009107091,-0,03376253,0,0,0,0,0,0,0,0,0,0,0,0,0,0,0,0,0,0,0,0,0,0,1,1,1,False
15,97607,-14,08259,2,906923,-2,643899,-0,002766538,0,9994256,-0,0009107091,-0,03376253,0,0,0,0,0,0,0,0,0,0,0,0,0,0,0,0,0,0,0,0,0,0,1,1,1,False
15,98516,-14,08339,2,907641,-2,643846,-0,002766538,0,9994256,-0,0009107091,-0,03376253,0,0,0,0,0,0,0,0,0,0,0,0,0,0,0,0,0,0,0,0,0,0,1,1,1,False
15,99486,-14,08423,2,90843,-2,643791,-0,002766538,0,9994256,-0,0009107091,-0,03376253,0,0,0,0,0,0,0,0,0,0,0,0,0,0,0,0,0,0,0,0,0,0,1,1,1,False
16,00422,-14,08504,2,909215,-2,643738,-0,002766538,0,9994256,-0,0009107091,-0,03376253,0,0,0,0,0,0,0,0,0,0,0,0,0,0,0,0,0,0,0,0,0,0,1,1,1,False
16,01385,-14,08586,2,910047,-2,643684,-0,002766538,0,9994256,-0,0009107091,-0,03376253,0,0,0,0,0,0,0,0,0,0,0,0,0,0,0,0,0,0,0,0,0,0,1,1,1,False
16,02194,-14,08653,2,910763,-2,64364,-0,002766538,0,9994256,-0,0009107091,-0,03376253,0,0,0,0,0,0,0,0,0,0,0,0,0,0,0,0,0,0,0,0,0,0,1,1,1,False
16,03149,-14,08733,2,911628,-2,643588,-0,002766538,0,9994256,-0,0009107091,-0,03376253,0,0,0,0,0,0,0,0,0,0,0,0,0,0,0,0,0,0,0,0,0,0,1,1,1,False
16,03998,-14,08802,2,912416,-2,643543,-0,002766538,0,9994256,-0,0009107091,-0,03376253,0,0,0,0,0,0,0,0,0,0,0,0,0,0,0,0,0,0,0,0,0,0,1,1,1,False
16,04933,-14,08878,2,913304,-2,643493,-0,002766538,0,9994256,-0,0009107091,-0,03376253,0,0,0,0,0,0,0,0,0,0,0,0,0,0,0,0,0,0,0,0,0,0,1,1,1,False
16,05906,-14,08956,2,914248,-2,643442,-0,002766538,0,9994256,-0,0009107091,-0,03376253,0,0,0,0,0,0,0,0,0,0,0,0,0,0,0,0,0,0,0,0,0,0,1,1,1,False
16,06753,-14,09022,2,915087,-2,643399,-0,002766538,0,9994256,-0,0009107091,-0,03376253,0,0,0,0,0,0,0,0,0,0,0,0,0,0,0,0,0,0,0,0,0,0,1,1,1,False
16,07737,-14,09099,2,916082,-2,643349,-0,002766538,0,9994256,-0,0009107091,-0,03376253,0,0,0,0,0,0,0,0,0,0,0,0,0,0,0,0,0,0,0,0,0,0,1,1,1,False
16,08573,-14,09163,2,916943,-2,643308,-0,002766538,0,9994256,-0,0009107091,-0,03376253,0,0,0,0,0,0,0,0,0,0,0,0,0,0,0,0,0,0,0,0,0,0,1,1,1,False
16,09467,-14,0923,2,917879,-2,643264,-0,002766538,0,9994256,-0,0009107091,-0,03376253,0,0,0,0,0,0,0,0,0,0,0,0,0,0,0,0,0,0,0,0,0,0,1,1,1,False
16,1025,-14,09288,2,918711,-2,643227,-0,002766538,0,9994256,-0,0009107091,-0,03376253,0,0,0,0,0,0,0,0,0,0,0,0,0,0,0,0,0,0,0,0,0,0,1,1,1,False
16,11189,-14,09356,2,919726,-2,643182,-0,002766538,0,9994256,-0,0009107091,-0,03376253,0,0,0,0,0,0,0,0,0,0,0,0,0,0,0,0,0,0,0,0,0,0,1,1,1,False
16,11969,-14,09412,2,92058,-2,643146,-0,002766538,0,9994256,-0,0009107091,-0,03376253,0,0,0,0,0,0,0,0,0,0,0,0,0,0,0,0,0,0,0,0,0,0,1,1,1,False
16,12799,-14,09471,2,921501,-2,643108,-0,002766538,0,9994256,-0,0009107091,-0,03376253,0,0,0,0,0,0,0,0,0,0,0,0,0,0,0,0,0,0,0,0,0,0,1,1,1,False
16,13759,-14,09538,2,922582,-2,643065,-0,002766538,0,9994256,-0,0009107091,-0,03376253,0,0,0,0,0,0,0,0,0,0,0,0,0,0,0,0,0,0,0,0,0,0,1,1,1,False
16,1451,-14,09589,2,923438,-2,643033,-0,002766538,0,9994256,-0,0009107091,-0,03376253,0,0,0,0,0,0,0,0,0,0,0,0,0,0,0,0,0,0,0,0,0,0,1,1,1,False
16,15435,-14,09651,2,924504,-2,642993,-0,002766538,0,9994256,-0,0009107091,-0,03376253,0,0,0,0,0,0,0,0,0,0,0,0,0,0,0,0,0,0,0,0,0,0,1,1,1,False
16,16261,-14,09705,2,925467,-2,642958,-0,002766538,0,9994256,-0,0009107091,-0,03376253,0,0,0,0,0,0,0,0,0,0,0,0,0,0,0,0,0,0,0,0,0,0,1,1,1,False
16,17156,-14,09763,2,926523,-2,642921,-0,002766538,0,9994256,-0,0009107091,-0,03376253,0,0,0,0,0,0,0,0,0,0,0,0,0,0,0,0,0,0,0,0,0,0,1,1,1,False
16,18011,-14,09817,2,927541,-2,642887,-0,002766538,0,9994256,-0,0009107091,-0,03376253,0,0,0,0,0,0,0,0,0,0,0,0,0,0,0,0,0,0,0,0,0,0,1,1,1,False
16,19014,-14,09879,2,928748,-2,642847,-0,002766538,0,9994256,-0,0009107091,-0,03376253,0,0,0,0,0,0,0,0,0,0,0,0,0,0,0,0,0,0,0,0,0,0,1,1,1,False
16,19874,-14,0993,2,929791,-2,642815,-0,002766538,0,9994256,-0,0009107091,-0,03376253,0,0,0,0,0,0,0,0,0,0,0,0,0,0,0,0,0,0,0,0,0,0,1,1,1,False
16,20629,-14,09975,2,930716,-2,642786,-0,002766538,0,9994256,-0,0009107091,-0,03376253,0,0,0,0,0,0,0,0,0,0,0,0,0,0,0,0,0,0,0,0,0,0,1,1,1,False
16,21512,-14,10025,2,931804,-2,642754,-0,002766538,0,9994256,-0,0009107091,-0,03376253,0,0,0,0,0,0,0,0,0,0,0,0,0,0,0,0,0,0,0,0,0,0,1,1,1,False
16,22317,-14,10071,2,932803,-2,642726,-0,002766538,0,9994256,-0,0009107091,-0,03376253,0,0,0,0,0,0,0,0,0,0,0,0,0,0,0,0,0,0,0,0,0,0,1,1,1,False
16,23211,-14,10119,2,93392,-2,642695,-0,002766538,0,9994256,-0,0009107091,-0,03376253,0,0,0,0,0,0,0,0,0,0,0,0,0,0,0,0,0,0,0,0,0,0,1,1,1,False
16,24065,-14,10165,2,934994,-2,642666,-0,002766538,0,9994256,-0,0009107091,-0,03376253,0,0,0,0,0,0,0,0,0,0,0,0,0,0,0,0,0,0,0,0,0,0,1,1,1,False
16,2498,-14,10212,2,93615,-2,642637,-0,002766538,0,9994256,-0,0009107091,-0,03376253,0,0,0,0,0,0,0,0,0,0,0,0,0,0,0,0,0,0,0,0,0,0,1,1,1,False
16,25786,-14,10253,2,937173,-2,642612,-0,002766538,0,9994256,-0,0009107091,-0,03376253,0,0,0,0,0,0,0,0,0,0,0,0,0,0,0,0,0,0,0,0,0,0,1,1,1,False
16,26602,-14,10292,2,938215,-2,642586,-0,002766538,0,9994256,-0,0009107091,-0,03376253,0,0,0,0,0,0,0,0,0,0,0,0,0,0,0,0,0,0,0,0,0,0,1,1,1,False
16,2751,-14,10335,2,939378,-2,64256,-0,002766538,0,9994256,-0,0009107091,-0,03376253,0,0,0,0,0,0,0,0,0,0,0,0,0,0,0,0,0,0,0,0,0,0,1,1,1,False
16,28456,-14,10378,2,940594,-2,642533,-0,002766538,0,9994256,-0,0009107091,-0,03376253,0,0,0,0,0,0,0,0,0,0,0,0,0,0,0,0,0,0,0,0,0,0,1,1,1,False
16,29402,-14,1042,2,941814,-2,642508,-0,002766538,0,9994256,-0,0009107091,-0,03376253,0,0,0,0,0,0,0,0,0,0,0,0,0,0,0,0,0,0,0,0,0,0,1,1,1,False
16,30224,-14,10455,2,942877,-2,642486,-0,002766538,0,9994256,-0,0009107091,-0,03376253,0,0,0,0,0,0,0,0,0,0,0,0,0,0,0,0,0,0,0,0,0,0,1,1,1,False
16,31155,-14,10493,2,944081,-2,642463,-0,002766538,0,9994256,-0,0009107091,-0,03376253,0,0,0,0,0,0,0,0,0,0,0,0,0,0,0,0,0,0,0,0,0,0,1,1,1,False
16,31977,-14,10525,2,945148,-2,642443,-0,002766538,0,9994256,-0,0009107091,-0,03376253,0,0,0,0,0,0,0,0,0,0,0,0,0,0,0,0,0,0,0,0,0,0,1,1,1,False
16,32735,-14,10554,2,946131,-2,642426,-0,002766538,0,9994256,-0,0009107091,-0,03376253,0,0,0,0,0,0,0,0,0,0,0,0,0,0,0,0,0,0,0,0,0,0,1,1,1,False
16,33619,-14,10586,2,947278,-2,642406,-0,002766538,0,9994256,-0,0009107091,-0,03376253,0,0,0,0,0,0,0,0,0,0,0,0,0,0,0,0,0,0,0,0,0,0,1,1,1,False
16,34451,-14,10614,2,948359,-2,642389,-0,002766538,0,9994256,-0,0009107091,-0,03376253,0,0,0,0,0,0,0,0,0,0,0,0,0,0,0,0,0,0,0,0,0,0,1,1,1,False
16,35357,-14,10644,2,949533,-2,642371,-0,002766538,0,9994256,-0,0009107091,-0,03376253,0,0,0,0,0,0,0,0,0,0,0,0,0,0,0,0,0,0,0,0,0,0,1,1,1,False
16,36176,-14,1067,2,950595,-2,642356,-0,002766538,0,9994256,-0,0009107091,-0,03376253,0,0,0,0,0,0,0,0,0,0,0,0,0,0,0,0,0,0,0,0,0,0,1,1,1,False
16,37208,-14,107,2,95193,-2,642338,-0,002766538,0,9994256,-0,0009107091,-0,03376253,0,0,0,0,0,0,0,0,0,0,0,0,0,0,0,0,0,0,0,0,0,0,1,1,1,False
16,37972,-14,10721,2,952914,-2,642326,-0,002766538,0,9994256,-0,0009107091,-0,03376253,0,0,0,0,0,0,0,0,0,0,0,0,0,0,0,0,0,0,0,0,0,0,1,1,1,False
16,38739,-14,10742,2,953902,-2,642314,-0,002766538,0,9994256,-0,0009107091,-0,03376253,0,0,0,0,0,0,0,0,0,0,0,0,0,0,0,0,0,0,0,0,0,0,1,1,1,False
16,39619,-14,10763,2,95503,-2,642302,-0,002766538,0,9994256,-0,0009107091,-0,03376253,0,0,0,0,0,0,0,0,0,0,0,0,0,0,0,0,0,0,0,0,0,0,1,1,1,False
16,40442,-14,10782,2,956083,-2,642291,-0,002766538,0,9994256,-0,0009107091,-0,03376253,0,0,0,0,0,0,0,0,0,0,0,0,0,0,0,0,0,0,0,0,0,0,1,1,1,False
16,41366,-14,10802,2,957259,-2,64228,-0,002766538,0,9994256,-0,0009107091,-0,03376253,0,0,0,0,0,0,0,0,0,0,0,0,0,0,0,0,0,0,0,0,0,0,1,1,1,False
16,42132,-14,10817,2,958229,-2,642272,-0,002766538,0,9994256,-0,0009107091,-0,03376253,0,0,0,0,0,0,0,0,0,0,0,0,0,0,0,0,0,0,0,0,0,0,1,1,1,False
16,42974,-14,10833,2,959291,-2,642264,-0,002766538,0,9994256,-0,0009107091,-0,03376253,0,0,0,0,0,0,0,0,0,0,0,0,0,0,0,0,0,0,0,0,0,0,1,1,1,False
16,43803,-14,10846,2,96033,-2,642256,-0,002766538,0,9994256,-0,0009107091,-0,03376253,0,0,0,0,0,0,0,0,0,0,0,0,0,0,0,0,0,0,0,0,0,0,1,1,1,False
16,44585,-14,10858,2,961305,-2,642251,-0,002766538,0,9994256,-0,0009107091,-0,03376253,0,0,0,0,0,0,0,0,0,0,0,0,0,0,0,0,0,0,0,0,0,0,1,1,1,False
16,45614,-14,10871,2,962579,-2,642244,-0,002766538,0,9994256,-0,0009107091,-0,03376253,0,0,0,0,0,0,0,0,0,0,0,0,0,0,0,0,0,0,0,0,0,0,1,1,1,False
16,46395,-14,1088,2,963537,-2,64224,-0,002766538,0,9994256,-0,0009107091,-0,03376253,0,0,0,0,0,0,0,0,0,0,0,0,0,0,0,0,0,0,0,0,0,0,1,1,1,False
16,47285,-14,10889,2,964622,-2,642236,-0,002766538,0,9994256,-0,0009107091,-0,03376253,0,0,0,0,0,0,0,0,0,0,0,0,0,0,0,0,0,0,0,0,0,0,1,1,1,False
16,48132,-14,10896,2,965646,-2,642234,-0,002766538,0,9994256,-0,0009107091,-0,03376253,0,0,0,0,0,0,0,0,0,0,0,0,0,0,0,0,0,0,0,0,0,0,1,1,1,False
16,49013,-14,10901,2,966701,-2,642232,-0,002766538,0,9994256,-0,0009107091,-0,03376253,0,0,0,0,0,0,0,0,0,0,0,0,0,0,0,0,0,0,0,0,0,0,1,1,1,False
16,50224,-14,10906,2,968133,-2,642232,-0,002766538,0,9994256,-0,0009107091,-0,03376253,0,0,0,0,0,0,0,0,0,0,0,0,0,0,0,0,0,0,0,0,0,0,1,1,1,False
16,51101,-14,10908,2,969158,-2,642233,-0,002766538,0,9994256,-0,0009107091,-0,03376253,0,0,0,0,0,0,0,0,0,0,0,0,0,0,0,0,0,0,0,0,0,0,1,1,1,False
16,51937,-14,10908,2,970124,-2,642234,-0,002766538,0,9994256,-0,0009107091,-0,03376253,0,0,0,0,0,0,0,0,0,0,0,0,0,0,0,0,0,0,0,0,0,0,1,1,1,False
16,52809,-14,10907,2,97112,-2,642237,-0,002766538,0,9994256,-0,0009107091,-0,03376253,0,0,0,0,0,0,0,0,0,0,0,0,0,0,0,0,0,0,0,0,0,0,1,1,1,False
16,53636,-14,10904,2,972053,-2,642241,-0,002766538,0,9994256,-0,0009107091,-0,03376253,0,0,0,0,0,0,0,0,0,0,0,0,0,0,0,0,0,0,0,0,0,0,1,1,1,False
16,544,-14,109,2,972905,-2,642245,-0,002766538,0,9994256,-0,0009107091,-0,03376253,0,0,0,0,0,0,0,0,0,0,0,0,0,0,0,0,0,0,0,0,0,0,1,1,1,False
16,55387,-14,10894,2,973989,-2,642251,-0,002766538,0,9994256,-0,0009107091,-0,03376253,0,0,0,0,0,0,0,0,0,0,0,0,0,0,0,0,0,0,0,0,0,0,1,1,1,False
16,56235,-14,10887,2,974908,-2,642258,-0,002766538,0,9994256,-0,0009107091,-0,03376253,0,0,0,0,0,0,0,0,0,0,0,0,0,0,0,0,0,0,0,0,0,0,1,1,1,False
16,57483,-14,10874,2,976233,-2,64227,-0,002766538,0,9994256,-0,0009107091,-0,03376253,0,0,0,0,0,0,0,0,0,0,0,0,0,0,0,0,0,0,0,0,0,0,1,1,1,False
16,58347,-14,10863,2,977133,-2,642279,-0,002766538,0,9994256,-0,0009107091,-0,03376253,0,0,0,0,0,0,0,0,0,0,0,0,0,0,0,0,0,0,0,0,0,0,1,1,1,False
16,59213,-14,10851,2,97802,-2,642289,-0,002766538,0,9994256,-0,0009107091,-0,03376253,0,0,0,0,0,0,0,0,0,0,0,0,0,0,0,0,0,0,0,0,0,0,1,1,1,False
16,59927,-14,1084,2,97874,-2,642298,-0,002766538,0,9994256,-0,0009107091,-0,03376253,0,0,0,0,0,0,0,0,0,0,0,0,0,0,0,0,0,0,0,0,0,0,1,1,1,False
16,60701,-14,10826,2,979507,-2,642308,-0,002766538,0,9994256,-0,0009107091,-0,03376253,0,0,0,0,0,0,0,0,0,0,0,0,0,0,0,0,0,0,0,0,0,0,1,1,1,False
16,6151,-14,10811,2,980295,-2,64232,-0,002766538,0,9994256,-0,0009107091,-0,03376253,0,0,0,0,0,0,0,0,0,0,0,0,0,0,0,0,0,0,0,0,0,0,1,1,1,False
16,623,-14,10795,2,981049,-2,642333,-0,002766538,0,9994256,-0,0009107091,-0,03376253,0,0,0,0,0,0,0,0,0,0,0,0,0,0,0,0,0,0,0,0,0,0,1,1,1,False
16,63239,-14,10774,2,981928,-2,642349,-0,002766538,0,9994256,-0,0009107091,-0,03376253,0,0,0,0,0,0,0,0,0,0,0,0,0,0,0,0,0,0,0,0,0,0,1,1,1,False
16,64092,-14,10754,2,982709,-2,642364,-0,002766538,0,9994256,-0,0009107091,-0,03376253,0,0,0,0,0,0,0,0,0,0,0,0,0,0,0,0,0,0,0,0,0,0,1,1,1,False
16,6506,-14,10729,2,983573,-2,642382,-0,002766538,0,9994256,-0,0009107091,-0,03376253,0,0,0,0,0,0,0,0,0,0,0,0,0,0,0,0,0,0,0,0,0,0,1,1,1,False
16,66193,-14,10698,2,984554,-2,642406,-0,002766538,0,9994256,-0,0009107091,-0,03376253,0,0,0,0,0,0,0,0,0,0,0,0,0,0,0,0,0,0,0,0,0,0,1,1,1,False
16,67122,-14,1067,2,985335,-2,642426,-0,002766538,0,9994256,-0,0009107091,-0,03376253,0,0,0,0,0,0,0,0,0,0,0,0,0,0,0,0,0,0,0,0,0,0,1,1,1,False
16,67991,-14,10643,2,986045,-2,642446,-0,002766538,0,9994256,-0,0009107091,-0,03376253,0,0,0,0,0,0,0,0,0,0,0,0,0,0,0,0,0,0,0,0,0,0,1,1,1,False
16,68851,-14,10615,2,986727,-2,642466,-0,002766538,0,9994256,-0,0009107091,-0,03376253,0,0,0,0,0,0,0,0,0,0,0,0,0,0,0,0,0,0,0,0,0,0,1,1,1,False
16,69787,-14,10582,2,987448,-2,64249,-0,002766538,0,9994256,-0,0009107091,-0,03376253,0,0,0,0,0,0,0,0,0,0,0,0,0,0,0,0,0,0,0,0,0,0,1,1,1,False
16,70606,-14,10552,2,988059,-2,642511,-0,002766538,0,9994256,-0,0009107091,-0,03376253,0,0,0,0,0,0,0,0,0,0,0,0,0,0,0,0,0,0,0,0,0,0,1,1,1,False
16,7151,-14,10518,2,988712,-2,642535,-0,002766538,0,9994256,-0,0009107091,-0,03376253,0,0,0,0,0,0,0,0,0,0,0,0,0,0,0,0,0,0,0,0,0,0,1,1,1,False
16,72374,-14,10484,2,989314,-2,64256,-0,002766538,0,9994256,-0,0009107091,-0,03376253,0,0,0,0,0,0,0,0,0,0,0,0,0,0,0,0,0,0,0,0,0,0,1,1,1,False
16,7339,-14,10442,2,989995,-2,64259,-0,002766538,0,9994256,-0,0009107091,-0,03376253,0,0,0,0,0,0,0,0,0,0,0,0,0,0,0,0,0,0,0,0,0,0,1,1,1,False
16,74237,-14,10406,2,990539,-2,642615,-0,002766538,0,9994256,-0,0009107091,-0,03376253,0,0,0,0,0,0,0,0,0,0,0,0,0,0,0,0,0,0,0,0,0,0,1,1,1,False
16,75177,-14,10364,2,991119,-2,642645,-0,002766538,0,9994256,-0,0009107091,-0,03376253,0,0,0,0,0,0,0,0,0,0,0,0,0,0,0,0,0,0,0,0,0,0,1,1,1,False
16,76142,-14,10319,2,991686,-2,642676,-0,002766538,0,9994256,-0,0009107091,-0,03376253,0,0,0,0,0,0,0,0,0,0,0,0,0,0,0,0,0,0,0,0,0,0,1,1,1,False
16,77119,-14,10272,2,992232,-2,642709,-0,002766538,0,9994256,-0,0009107091,-0,03376253,0,0,0,0,0,0,0,0,0,0,0,0,0,0,0,0,0,0,0,0,0,0,1,1,1,False
16,77992,-14,10229,2,992694,-2,642739,-0,002766538,0,9994256,-0,0009107091,-0,03376253,0,0,0,0,0,0,0,0,0,0,0,0,0,0,0,0,0,0,0,0,0,0,1,1,1,False
16,78881,-14,10183,2,993142,-2,642771,-0,002766538,0,9994256,-0,0009107091,-0,03376253,0,0,0,0,0,0,0,0,0,0,0,0,0,0,0,0,0,0,0,0,0,0,1,1,1,False
16,79904,-14,10129,2,993626,-2,642808,-0,002766538,0,9994256,-0,0009107091,-0,03376253,0,0,0,0,0,0,0,0,0,0,0,0,0,0,0,0,0,0,0,0,0,0,1,1,1,False
16,80744,-14,10083,2,993999,-2,64284,-0,002766538,0,9994256,-0,0009107091,-0,03376253,0,0,0,0,0,0,0,0,0,0,0,0,0,0,0,0,0,0,0,0,0,0,1,1,1,False
16,81789,-14,10025,2,994431,-2,642881,-0,002766538,0,9994256,-0,0009107091,-0,03376253,0,0,0,0,0,0,0,0,0,0,0,0,0,0,0,0,0,0,0,0,0,0,1,1,1,False
16,82544,-14,09981,2,994721,-2,64291,-0,002766538,0,9994256,-0,0009107091,-0,03376253,0,0,0,0,0,0,0,0,0,0,0,0,0,0,0,0,0,0,0,0,0,0,1,1,1,False
16,83479,-14,09926,2,995056,-2,642948,-0,002766538,0,9994256,-0,0009107091,-0,03376253,0,0,0,0,0,0,0,0,0,0,0,0,0,0,0,0,0,0,0,0,0,0,1,1,1,False
16,84379,-14,09872,2,995351,-2,642986,-0,002766538,0,9994256,-0,0009107091,-0,03376253,0,0,0,0,0,0,0,0,0,0,0,0,0,0,0,0,0,0,0,0,0,0,1,1,1,False
16,85337,-14,09813,2,995635,-2,643026,-0,002766538,0,9994256,-0,0009107091,-0,03376253,0,0,0,0,0,0,0,0,0,0,0,0,0,0,0,0,0,0,0,0,0,0,1,1,1,False
16,86202,-14,09758,2,995867,-2,643064,-0,002766538,0,9994256,-0,0009107091,-0,03376253,0,0,0,0,0,0,0,0,0,0,0,0,0,0,0,0,0,0,0,0,0,0,1,1,1,False
16,87099,-14,097,2,99608,-2,643103,-0,002766538,0,9994256,-0,0009107091,-0,03376253,0,0,0,0,0,0,0,0,0,0,0,0,0,0,0,0,0,0,0,0,0,0,1,1,1,False
16,87952,-14,09644,2,996258,-2,643142,-0,002766538,0,9994256,-0,0009107091,-0,03376253,0,0,0,0,0,0,0,0,0,0,0,0,0,0,0,0,0,0,0,0,0,0,1,1,1,False
16,88746,-14,09591,2,996402,-2,643178,-0,002766538,0,9994256,-0,0009107091,-0,03376253,0,0,0,0,0,0,0,0,0,0,0,0,0,0,0,0,0,0,0,0,0,0,1,1,1,False
16,8968,-14,09527,2,996545,-2,643222,-0,002766538,0,9994256,-0,0009107091,-0,03376253,0,0,0,0,0,0,0,0,0,0,0,0,0,0,0,0,0,0,0,0,0,0,1,1,1,False
16,90527,-14,09468,2,996649,-2,643262,-0,002766538,0,9994256,-0,0009107091,-0,03376253,0,0,0,0,0,0,0,0,0,0,0,0,0,0,0,0,0,0,0,0,0,0,1,1,1,False
16,91425,-14,09404,2,996733,-2,643305,-0,002766538,0,9994256,-0,0009107091,-0,03376253,0,0,0,0,0,0,0,0,0,0,0,0,0,0,0,0,0,0,0,0,0,0,1,1,1,False
16,9242,-14,09332,2,996794,-2,643354,-0,002766538,0,9994256,-0,0009107091,-0,03376253,0,0,0,0,0,0,0,0,0,0,0,0,0,0,0,0,0,0,0,0,0,0,1,1,1,False
16,93291,-14,09268,2,99682,-2,643398,-0,002766538,0,9994256,-0,0009107091,-0,03376253,0,0,0,0,0,0,0,0,0,0,0,0,0,0,0,0,0,0,0,0,0,0,1,1,1,False
16,94132,-14,09205,2,996821,-2,64344,-0,002766538,0,9994256,-0,0009107091,-0,03376253,0,0,0,0,0,0,0,0,0,0,0,0,0,0,0,0,0,0,0,0,0,0,1,1,1,False
16,95045,-14,09135,2,996795,-2,643487,-0,002766538,0,9994256,-0,0009107091,-0,03376253,0,0,0,0,0,0,0,0,0,0,0,0,0,0,0,0,0,0,0,0,0,0,1,1,1,False
16,95924,-14,09068,2,996744,-2,643533,-0,002766538,0,9994256,-0,0009107091,-0,03376253,0,0,0,0,0,0,0,0,0,0,0,0,0,0,0,0,0,0,0,0,0,0,1,1,1,False
16,9686,-14,08994,2,996661,-2,643582,-0,002766538,0,9994256,-0,0009107091,-0,03376253,0,0,0,0,0,0,0,0,0,0,0,0,0,0,0,0,0,0,0,0,0,0,1,1,1,False
16,97791,-14,0892,2,996549,-2,643632,-0,002766538,0,9994256,-0,0009107091,-0,03376253,0,0,0,0,0,0,0,0,0,0,0,0,0,0,0,0,0,0,0,0,0,0,1,1,1,False
16,98681,-14,08849,2,996414,-2,64368,-0,002766538,0,9994256,-0,0009107091,-0,03376253,0,0,0,0,0,0,0,0,0,0,0,0,0,0,0,0,0,0,0,0,0,0,1,1,1,False
16,99619,-14,08772,2,996244,-2,643732,-0,002766538,0,9994256,-0,0009107091,-0,03376253,0,0,0,0,0,0,0,0,0,0,0,0,0,0,0,0,0,0,0,0,0,0,1,1,1,False
17,00453,-14,08703,2,996068,-2,643778,-0,002766538,0,9994256,-0,0009107091,-0,03376253,0,0,0,0,0,0,0,0,0,0,0,0,0,0,0,0,0,0,0,0,0,0,1,1,1,False
17,01375,-14,08626,2,995846,-2,64383,-0,002766538,0,9994256,-0,0009107091,-0,03376253,0,0,0,0,0,0,0,0,0,0,0,0,0,0,0,0,0,0,0,0,0,0,1,1,1,False
17,02249,-14,08552,2,99561,-2,643879,-0,002766538,0,9994256,-0,0009107091,-0,03376253,0,0,0,0,0,0,0,0,0,0,0,0,0,0,0,0,0,0,0,0,0,0,1,1,1,False
17,03171,-14,08473,2,995334,-2,643932,-0,002766538,0,9994256,-0,0009107091,-0,03376253,0,0,0,0,0,0,0,0,0,0,0,0,0,0,0,0,0,0,0,0,0,0,1,1,1,False
17,04018,-14,084,2,995056,-2,643981,-0,002766538,0,9994256,-0,0009107091,-0,03376253,0,0,0,0,0,0,0,0,0,0,0,0,0,0,0,0,0,0,0,0,0,0,1,1,1,False
17,05024,-14,08312,2,994695,-2,64404,-0,002766538,0,9994256,-0,0009107091,-0,03376253,0,0,0,0,0,0,0,0,0,0,0,0,0,0,0,0,0,0,0,0,0,0,1,1,1,False
17,05886,-14,08236,2,994361,-2,64409,-0,002766538,0,9994256,-0,0009107091,-0,03376253,0,0,0,0,0,0,0,0,0,0,0,0,0,0,0,0,0,0,0,0,0,0,1,1,1,False
17,06794,-14,08155,2,993982,-2,644144,-0,002766538,0,9994256,-0,0009107091,-0,03376253,0,0,0,0,0,0,0,0,0,0,0,0,0,0,0,0,0,0,0,0,0,0,1,1,1,False
17,07752,-14,08069,2,993554,-2,644202,-0,002766538,0,9994256,-0,0009107091,-0,03376253,0,0,0,0,0,0,0,0,0,0,0,0,0,0,0,0,0,0,0,0,0,0,1,1,1,False
17,08578,-14,07994,2,993161,-2,644252,-0,002766538,0,9994256,-0,0009107091,-0,03376253,0,0,0,0,0,0,0,0,0,0,0,0,0,0,0,0,0,0,0,0,0,0,1,1,1,False
17,09425,-14,07916,2,992737,-2,644303,-0,002766538,0,9994256,-0,0009107091,-0,03376253,0,0,0,0,0,0,0,0,0,0,0,0,0,0,0,0,0,0,0,0,0,0,1,1,1,False
17,10175,-14,07847,2,992343,-2,644349,-0,002766538,0,9994256,-0,0009107091,-0,03376253,0,0,0,0,0,0,0,0,0,0,0,0,0,0,0,0,0,0,0,0,0,0,1,1,1,False
17,11023,-14,07769,2,991876,-2,644402,-0,002766538,0,9994256,-0,0009107091,-0,03376253,0,0,0,0,0,0,0,0,0,0,0,0,0,0,0,0,0,0,0,0,0,0,1,1,1,False
17,1176,-14,077,2,991453,-2,644447,-0,002766538,0,9994256,-0,0009107091,-0,03376253,0,0,0,0,0,0,0,0,0,0,0,0,0,0,0,0,0,0,0,0,0,0,1,1,1,False
17,12491,-14,07631,2,991018,-2,644493,-0,002766538,0,9994256,-0,0009107091,-0,03376253,0,0,0,0,0,0,0,0,0,0,0,0,0,0,0,0,0,0,0,0,0,0,1,1,1,False
17,13306,-14,07554,2,990513,-2,644544,-0,002766538,0,9994256,-0,0009107091,-0,03376253,0,0,0,0,0,0,0,0,0,0,0,0,0,0,0,0,0,0,0,0,0,0,1,1,1,False
17,1407,-14,07482,2,990022,-2,644592,-0,002766538,0,9994256,-0,0009107091,-0,03376253,0,0,0,0,0,0,0,0,0,0,0,0,0,0,0,0,0,0,0,0,0,0,1,1,1,False
17,15034,-14,0739,2,989378,-2,644653,-0,002766538,0,9994256,-0,0009107091,-0,03376253,0,0,0,0,0,0,0,0,0,0,0,0,0,0,0,0,0,0,0,0,0,0,1,1,1,False
17,15865,-14,0731,2,988802,-2,644706,-0,002766538,0,9994256,-0,0009107091,-0,03376253,0,0,0,0,0,0,0,0,0,0,0,0,0,0,0,0,0,0,0,0,0,0,1,1,1,False
17,16749,-14,07224,2,988168,-2,644762,-0,002766538,0,9994256,-0,0009107091,-0,03376253,0,0,0,0,0,0,0,0,0,0,0,0,0,0,0,0,0,0,0,0,0,0,1,1,1,False
17,17668,-14,07135,2,987485,-2,644821,-0,002766538,0,9994256,-0,0009107091,-0,03376253,0,0,0,0,0,0,0,0,0,0,0,0,0,0,0,0,0,0,0,0,0,0,1,1,1,False
17,18555,-14,07049,2,986805,-2,644878,-0,002766538,0,9994256,-0,0009107091,-0,03376253,0,0,0,0,0,0,0,0,0,0,0,0,0,0,0,0,0,0,0,0,0,0,1,1,1,False
17,19394,-14,06967,2,986141,-2,644932,-0,002766538,0,9994256,-0,0009107091,-0,03376253,0,0,0,0,0,0,0,0,0,0,0,0,0,0,0,0,0,0,0,0,0,0,1,1,1,False
17,20282,-14,0688,2,985419,-2,64499,-0,002766538,0,9994256,-0,0009107091,-0,03376253,0,0,0,0,0,0,0,0,0,0,0,0,0,0,0,0,0,0,0,0,0,0,1,1,1,False
17,21178,-14,06791,2,984669,-2,645048,-0,002766538,0,9994256,-0,0009107091,-0,03376253,0,0,0,0,0,0,0,0,0,0,0,0,0,0,0,0,0,0,0,0,0,0,1,1,1,False
17,21984,-14,06711,2,983977,-2,645101,-0,002766538,0,9994256,-0,0009107091,-0,03376253,0,0,0,0,0,0,0,0,0,0,0,0,0,0,0,0,0,0,0,0,0,0,1,1,1,False
17,22889,-14,06622,2,983181,-2,64516,-0,002766538,0,9994256,-0,0009107091,-0,03376253,0,0,0,0,0,0,0,0,0,0,0,0,0,0,0,0,0,0,0,0,0,0,1,1,1,False
17,23823,-14,06529,2,982339,-2,645221,-0,002766538,0,9994256,-0,0009107091,-0,03376253,0,0,0,0,0,0,0,0,0,0,0,0,0,0,0,0,0,0,0,0,0,0,1,1,1,False
17,24739,-14,06438,2,981491,-2,645281,-0,002766538,0,9994256,-0,0009107091,-0,03376253,0,0,0,0,0,0,0,0,0,0,0,0,0,0,0,0,0,0,0,0,0,0,1,1,1,False
17,25648,-14,06347,2,980632,-2,64534,-0,002766538,0,9994256,-0,0009107091,-0,03376253,0,0,0,0,0,0,0,0,0,0,0,0,0,0,0,0,0,0,0,0,0,0,1,1,1,False
17,2685,-14,06227,2,979466,-2,64542,-0,002766538,0,9994256,-0,0009107091,-0,03376253,0,0,0,0,0,0,0,0,0,0,0,0,0,0,0,0,0,0,0,0,0,0,1,1,1,False
17,27829,-14,06129,2,978494,-2,645484,-0,002766538,0,9994256,-0,0009107091,-0,03376253,0,0,0,0,0,0,0,0,0,0,0,0,0,0,0,0,0,0,0,0,0,0,1,1,1,False
17,28625,-14,06049,2,977687,-2,645536,-0,002766538,0,9994256,-0,0009107091,-0,03376253,0,0,0,0,0,0,0,0,0,0,0,0,0,0,0,0,0,0,0,0,0,0,1,1,1,False
17,29572,-14,05954,2,976712,-2,645599,-0,002766538,0,9994256,-0,0009107091,-0,03376253,0,0,0,0,0,0,0,0,0,0,0,0,0,0,0,0,0,0,0,0,0,0,1,1,1,False
17,30315,-14,05879,2,975934,-2,645647,-0,002766538,0,9994256,-0,0009107091,-0,03376253,0,0,0,0,0,0,0,0,0,0,0,0,0,0,0,0,0,0,0,0,0,0,1,1,1,False
17,31223,-14,05788,2,974968,-2,645707,-0,002766538,0,9994256,-0,0009107091,-0,03376253,0,0,0,0,0,0,0,0,0,0,0,0,0,0,0,0,0,0,0,0,0,0,1,1,1,False
17,32018,-14,05708,2,974109,-2,645759,-0,002766538,0,9994256,-0,0009107091,-0,03376253,0,0,0,0,0,0,0,0,0,0,0,0,0,0,0,0,0,0,0,0,0,0,1,1,1,False
17,32989,-14,05611,2,973046,-2,645823,-0,002766538,0,9994256,-0,0009107091,-0,03376253,0,0,0,0,0,0,0,0,0,0,0,0,0,0,0,0,0,0,0,0,0,0,1,1,1,False
17,33934,-14,05516,2,971994,-2,645885,-0,002766538,0,9994256,-0,0009107091,-0,03376253,0,0,0,0,0,0,0,0,0,0,0,0,0,0,0,0,0,0,0,0,0,0,1,1,1,False
17,34837,-14,05426,2,970975,-2,645944,-0,002766538,0,9994256,-0,0009107091,-0,03376253,0,0,0,0,0,0,0,0,0,0,0,0,0,0,0,0,0,0,0,0,0,0,1,1,1,False
17,35816,-14,05328,2,969855,-2,646008,-0,002766538,0,9994256,-0,0009107091,-0,03376253,0,0,0,0,0,0,0,0,0,0,0,0,0,0,0,0,0,0,0,0,0,0,1,1,1,False
17,36587,-14,05251,2,968963,-2,646058,-0,002766538,0,9994256,-0,0009107091,-0,03376253,0,0,0,0,0,0,0,0,0,0,0,0,0,0,0,0,0,0,0,0,0,0,1,1,1,False
17,37589,-14,05152,2,967791,-2,646123,-0,002766538,0,9994256,-0,0009107091,-0,03376253,0,0,0,0,0,0,0,0,0,0,0,0,0,0,0,0,0,0,0,0,0,0,1,1,1,False
17,38374,-14,05074,2,966861,-2,646174,-0,002766538,0,9994256,-0,0009107091,-0,03376253,0,0,0,0,0,0,0,0,0,0,0,0,0,0,0,0,0,0,0,0,0,0,1,1,1,False
17,39285,-14,04984,2,965774,-2,646232,-0,002766538,0,9994256,-0,0009107091,-0,03376253,0,0,0,0,0,0,0,0,0,0,0,0,0,0,0,0,0,0,0,0,0,0,1,1,1,False
17,4004,-14,0491,2,964865,-2,646281,-0,002766538,0,9994256,-0,0009107091,-0,03376253,0,0,0,0,0,0,0,0,0,0,0,0,0,0,0,0,0,0,0,0,0,0,1,1,1,False
17,40919,-14,04823,2,963797,-2,646337,-0,002766538,0,9994256,-0,0009107091,-0,03376253,0,0,0,0,0,0,0,0,0,0,0,0,0,0,0,0,0,0,0,0,0,0,1,1,1,False
17,41705,-14,04746,2,962834,-2,646387,-0,002766538,0,9994256,-0,0009107091,-0,03376253,0,0,0,0,0,0,0,0,0,0,0,0,0,0,0,0,0,0,0,0,0,0,1,1,1,False
17,42605,-14,04659,2,961725,-2,646444,-0,002766538,0,9994256,-0,0009107091,-0,03376253,0,0,0,0,0,0,0,0,0,0,0,0,0,0,0,0,0,0,0,0,0,0,1,1,1,False
17,43596,-14,04562,2,960494,-2,646507,-0,002766538,0,9994256,-0,0009107091,-0,03376253,0,0,0,0,0,0,0,0,0,0,0,0,0,0,0,0,0,0,0,0,0,0,1,1,1,False
17,44511,-14,04474,2,959349,-2,646564,-0,002766538,0,9994256,-0,0009107091,-0,03376253,0,0,0,0,0,0,0,0,0,0,0,0,0,0,0,0,0,0,0,0,0,0,1,1,1,False
17,45488,-14,0438,2,958118,-2,646625,-0,002766538,0,9994256,-0,0009107091,-0,03376253,0,0,0,0,0,0,0,0,0,0,0,0,0,0,0,0,0,0,0,0,0,0,1,1,1,False
17,46429,-14,04291,2,956927,-2,646683,-0,002766538,0,9994256,-0,0009107091,-0,03376253,0,0,0,0,0,0,0,0,0,0,0,0,0,0,0,0,0,0,0,0,0,0,1,1,1,False
17,47381,-14,042,2,955716,-2,646742,-0,002766538,0,9994256,-0,0009107091,-0,03376253,0,0,0,0,0,0,0,0,0,0,0,0,0,0,0,0,0,0,0,0,0,0,1,1,1,False
17,48265,-14,04117,2,954587,-2,646796,-0,002766538,0,9994256,-0,0009107091,-0,03376253,0,0,0,0,0,0,0,0,0,0,0,0,0,0,0,0,0,0,0,0,0,0,1,1,1,False
17,49187,-14,04031,2,953405,-2,646852,-0,002766538,0,9994256,-0,0009107091,-0,03376253,0,0,0,0,0,0,0,0,0,0,0,0,0,0,0,0,0,0,0,0,0,0,1,1,1,False
17,50126,-14,03944,2,952196,-2,646909,-0,002766538,0,9994256,-0,0009107091,-0,03376253,0,0,0,0,0,0,0,0,0,0,0,0,0,0,0,0,0,0,0,0,0,0,1,1,1,False
17,51143,-14,0385,2,950884,-2,646969,-0,002766538,0,9994256,-0,0009107091,-0,03376253,0,0,0,0,0,0,0,0,0,0,0,0,0,0,0,0,0,0,0,0,0,0,1,1,1,False
17,52027,-14,0377,2,949742,-2,647021,-0,002766538,0,9994256,-0,0009107091,-0,03376253,0,0,0,0,0,0,0,0,0,0,0,0,0,0,0,0,0,0,0,0,0,0,1,1,1,False
17,52986,-14,03683,2,948501,-2,647078,-0,002766538,0,9994256,-0,0009107091,-0,03376253,0,0,0,0,0,0,0,0,0,0,0,0,0,0,0,0,0,0,0,0,0,0,1,1,1,False
17,53827,-14,03608,2,947411,-2,647126,-0,002766538,0,9994256,-0,0009107091,-0,03376253,0,0,0,0,0,0,0,0,0,0,0,0,0,0,0,0,0,0,0,0,0,0,1,1,1,False
17,54719,-14,03528,2,946256,-2,647178,-0,002766538,0,9994256,-0,0009107091,-0,03376253,0,0,0,0,0,0,0,0,0,0,0,0,0,0,0,0,0,0,0,0,0,0,1,1,1,False
17,55685,-14,03443,2,945006,-2,647233,-0,002766538,0,9994256,-0,0009107091,-0,03376253,0,0,0,0,0,0,0,0,0,0,0,0,0,0,0,0,0,0,0,0,0,0,1,1,1,False
17,56681,-14,03357,2,943719,-2,647289,-0,002766538,0,9994256,-0,0009107091,-0,03376253,0,0,0,0,0,0,0,0,0,0,0,0,0,0,0,0,0,0,0,0,0,0,1,1,1,False
17,57681,-14,03271,2,942427,-2,647344,-0,002766538,0,9994256,-0,0009107091,-0,03376253,0,0,0,0,0,0,0,0,0,0,0,0,0,0,0,0,0,0,0,0,0,0,1,1,1,False
17,58431,-14,03207,2,941461,-2,647385,-0,002766538,0,9994256,-0,0009107091,-0,03376253,0,0,0,0,0,0,0,0,0,0,0,0,0,0,0,0,0,0,0,0,0,0,1,1,1,False
17,59345,-14,0313,2,940286,-2,647435,-0,002766538,0,9994256,-0,0009107091,-0,03376253,0,0,0,0,0,0,0,0,0,0,0,0,0,0,0,0,0,0,0,0,0,0,1,1,1,False
17,60087,-14,03068,2,939336,-2,647475,-0,002766538,0,9994256,-0,0009107091,-0,03376253,0,0,0,0,0,0,0,0,0,0,0,0,0,0,0,0,0,0,0,0,0,0,1,1,1,False
17,60946,-14,02998,2,938239,-2,647521,-0,002766538,0,9994256,-0,0009107091,-0,03376253,0,0,0,0,0,0,0,0,0,0,0,0,0,0,0,0,0,0,0,0,0,0,1,1,1,False
17,61705,-14,02936,2,937274,-2,64756,-0,002766538,0,9994256,-0,0009107091,-0,03376253,0,0,0,0,0,0,0,0,0,0,0,0,0,0,0,0,0,0,0,0,0,0,1,1,1,False
17,62579,-14,02866,2,936166,-2,647606,-0,002766538,0,9994256,-0,0009107091,-0,03376253,0,0,0,0,0,0,0,0,0,0,0,0,0,0,0,0,0,0,0,0,0,0,1,1,1,False
17,6356,-14,02788,2,934929,-2,647656,-0,002766538,0,9994256,-0,0009107091,-0,03376253,0,0,0,0,0,0,0,0,0,0,0,0,0,0,0,0,0,0,0,0,0,0,1,1,1,False
17,64449,-14,02718,2,933816,-2,647701,-0,002766538,0,9994256,-0,0009107091,-0,03376253,0,0,0,0,0,0,0,0,0,0,0,0,0,0,0,0,0,0,0,0,0,0,1,1,1,False
17,65403,-14,02645,2,932629,-2,647748,-0,002766538,0,9994256,-0,0009107091,-0,03376253,0,0,0,0,0,0,0,0,0,0,0,0,0,0,0,0,0,0,0,0,0,0,1,1,1,False
17,66454,-14,02565,2,931332,-2,647799,-0,002766538,0,9994256,-0,0009107091,-0,03376253,0,0,0,0,0,0,0,0,0,0,0,0,0,0,0,0,0,0,0,0,0,0,1,1,1,False
17,6744,-14,02492,2,930126,-2,647846,-0,002766538,0,9994256,-0,0009107091,-0,03376253,0,0,0,0,0,0,0,0,0,0,0,0,0,0,0,0,0,0,0,0,0,0,1,1,1,False
17,68335,-14,02427,2,929041,-2,647888,-0,002766538,0,9994256,-0,0009107091,-0,03376253,0,0,0,0,0,0,0,0,0,0,0,0,0,0,0,0,0,0,0,0,0,0,1,1,1,False
17,69329,-14,02356,2,927847,-2,647934,-0,002766538,0,9994256,-0,0009107091,-0,03376253,0,0,0,0,0,0,0,0,0,0,0,0,0,0,0,0,0,0,0,0,0,0,1,1,1,False
17,70203,-14,02294,2,926807,-2,647973,-0,002766538,0,9994256,-0,0009107091,-0,03376253,0,0,0,0,0,0,0,0,0,0,0,0,0,0,0,0,0,0,0,0,0,0,1,1,1,False
17,71076,-14,02234,2,92578,-2,648012,-0,002766538,0,9994256,-0,0009107091,-0,03376253,0,0,0,0,0,0,0,0,0,0,0,0,0,0,0,0,0,0,0,0,0,0,1,1,1,False
17,71848,-14,02181,2,924881,-2,648046,-0,002766538,0,9994256,-0,0009107091,-0,03376253,0,0,0,0,0,0,0,0,0,0,0,0,0,0,0,0,0,0,0,0,0,0,1,1,1,False
17,72596,-14,02132,2,924018,-2,648078,-0,002766538,0,9994256,-0,0009107091,-0,03376253,0,0,0,0,0,0,0,0,0,0,0,0,0,0,0,0,0,0,0,0,0,0,1,1,1,False
17,73408,-14,02078,2,92309,-2,648112,-0,002766538,0,9994256,-0,0009107091,-0,03376253,0,0,0,0,0,0,0,0,0,0,0,0,0,0,0,0,0,0,0,0,0,0,1,1,1,False
17,74151,-14,0203,2,922251,-2,648142,-0,002766538,0,9994256,-0,0009107091,-0,03376253,0,0,0,0,0,0,0,0,0,0,0,0,0,0,0,0,0,0,0,0,0,0,1,1,1,False
17,74967,-14,01979,2,92134,-2,648175,-0,002766538,0,9994256,-0,0009107091,-0,03376253,0,0,0,0,0,0,0,0,0,0,0,0,0,0,0,0,0,0,0,0,0,0,1,1,1,False
17,75712,-14,01933,2,920519,-2,648205,-0,002766538,0,9994256,-0,0009107091,-0,03376253,0,0,0,0,0,0,0,0,0,0,0,0,0,0,0,0,0,0,0,0,0,0,1,1,1,False
17,76478,-14,01886,2,919686,-2,648235,-0,002766538,0,9994256,-0,0009107091,-0,03376253,0,0,0,0,0,0,0,0,0,0,0,0,0,0,0,0,0,0,0,0,0,0,1,1,1,False
17,77407,-14,01831,2,918688,-2,64827,-0,002766538,0,9994256,-0,0009107091,-0,03376253,0,0,0,0,0,0,0,0,0,0,0,0,0,0,0,0,0,0,0,0,0,0,1,1,1,False
17,78232,-14,01783,2,917817,-2,648301,-0,002766538,0,9994256,-0,0009107091,-0,03376253,0,0,0,0,0,0,0,0,0,0,0,0,0,0,0,0,0,0,0,0,0,0,1,1,1,False
17,79165,-14,01731,2,916848,-2,648334,-0,002766538,0,9994256,-0,0009107091,-0,03376253,0,0,0,0,0,0,0,0,0,0,0,0,0,0,0,0,0,0,0,0,0,0,1,1,1,False
17,79992,-14,01685,2,916003,-2,648363,-0,002766538,0,9994256,-0,0009107091,-0,03376253,0,0,0,0,0,0,0,0,0,0,0,0,0,0,0,0,0,0,0,0,0,0,1,1,1,False
17,80926,-14,01635,2,915068,-2,648395,-0,002766538,0,9994256,-0,0009107091,-0,03376253,0,0,0,0,0,0,0,0,0,0,0,0,0,0,0,0,0,0,0,0,0,0,1,1,1,False
17,81884,-14,01586,2,914127,-2,648427,-0,002766538,0,9994256,-0,0009107091,-0,03376253,0,0,0,0,0,0,0,0,0,0,0,0,0,0,0,0,0,0,0,0,0,0,1,1,1,False
17,82701,-14,01544,2,913341,-2,648453,-0,002766538,0,9994256,-0,0009107091,-0,03376253,0,0,0,0,0,0,0,0,0,0,0,0,0,0,0,0,0,0,0,0,0,0,1,1,1,False
17,83794,-14,01491,2,912313,-2,648487,-0,002766538,0,9994256,-0,0009107091,-0,03376253,0,0,0,0,0,0,0,0,0,0,0,0,0,0,0,0,0,0,0,0,0,0,1,1,1,False
17,8464,-14,01452,2,911537,-2,648512,-0,002766538,0,9994256,-0,0009107091,-0,03376253,0,0,0,0,0,0,0,0,0,0,0,0,0,0,0,0,0,0,0,0,0,0,1,1,1,False
17,8565,-14,01406,2,910633,-2,648541,-0,002766538,0,9994256,-0,0009107091,-0,03376253,0,0,0,0,0,0,0,0,0,0,0,0,0,0,0,0,0,0,0,0,0,0,1,1,1,False
17,86528,-14,01368,2,909868,-2,648566,-0,002766538,0,9994256,-0,0009107091,-0,03376253,0,0,0,0,0,0,0,0,0,0,0,0,0,0,0,0,0,0,0,0,0,0,1,1,1,False
17,87526,-14,01326,2,909021,-2,648592,-0,002766538,0,9994256,-0,0009107091,-0,03376253,0,0,0,0,0,0,0,0,0,0,0,0,0,0,0,0,0,0,0,0,0,0,1,1,1,False
17,88438,-14,01289,2,90827,-2,648616,-0,002766538,0,9994256,-0,0009107091,-0,03376253,0,0,0,0,0,0,0,0,0,0,0,0,0,0,0,0,0,0,0,0,0,0,1,1,1,False
17,89342,-14,01255,2,907547,-2,648638,-0,002766538,0,9994256,-0,0009107091,-0,03376253,0,0,0,0,0,0,0,0,0,0,0,0,0,0,0,0,0,0,0,0,0,0,1,1,1,False
17,90166,-14,01224,2,906907,-2,648657,-0,002766538,0,9994256,-0,0009107091,-0,03376253,0,0,0,0,0,0,0,0,0,0,0,0,0,0,0,0,0,0,0,0,0,0,1,1,1,False
17,91072,-14,01192,2,906224,-2,648677,-0,002766538,0,9994256,-0,0009107091,-0,03376253,0,0,0,0,0,0,0,0,0,0,0,0,0,0,0,0,0,0,0,0,0,0,1,1,1,False
17,9347,-14,01115,2,904529,-2,648726,-0,002766538,0,9994256,-0,0009107091,-0,03376253,0,0,0,0,0,0,0,0,0,0,0,0,0,0,0,0,0,0,0,0,0,0,1,1,1,False
17,94409,-14,01088,2,90391,-2,648743,-0,002766538,0,9994256,-0,0009107091,-0,03376253,0,0,0,0,0,0,0,0,0,0,0,0,0,0,0,0,0,0,0,0,0,0,1,1,1,False
17,95339,-14,01063,2,903322,-2,648759,-0,002766538,0,9994256,-0,0009107091,-0,03376253,0,0,0,0,0,0,0,0,0,0,0,0,0,0,0,0,0,0,0,0,0,0,1,1,1,False
17,96094,-14,01044,2,902863,-2,648771,-0,002766538,0,9994256,-0,0009107091,-0,03376253,0,0,0,0,0,0,0,0,0,0,0,0,0,0,0,0,0,0,0,0,0,0,1,1,1,False
17,96949,-14,01024,2,902364,-2,648783,-0,002766538,0,9994256,-0,0009107091,-0,03376253,0,0,0,0,0,0,0,0,0,0,0,0,0,0,0,0,0,0,0,0,0,0,1,1,1,False
17,97694,-14,01007,2,901948,-2,648794,-0,002766538,0,9994256,-0,0009107091,-0,03376253,0,0,0,0,0,0,0,0,0,0,0,0,0,0,0,0,0,0,0,0,0,0,1,1,1,False
17,98431,-14,00992,2,901553,-2,648803,-0,002766538,0,9994256,-0,0009107091,-0,03376253,0,0,0,0,0,0,0,0,0,0,0,0,0,0,0,0,0,0,0,0,0,0,1,1,1,False
17,99315,-14,00975,2,901101,-2,648814,-0,002766538,0,9994256,-0,0009107091,-0,03376253,0,0,0,0,0,0,0,0,0,0,0,0,0,0,0,0,0,0,0,0,0,0,1,1,1,False
18,00103,-14,00961,2,900718,-2,648823,-0,002766538,0,9994256,-0,0009107091,-0,03376253,0,0,0,0,0,0,0,0,0,0,0,0,0,0,0,0,0,0,0,0,0,0,1,1,1,False
18,01126,-14,00945,2,900251,-2,648833,-0,002766538,0,9994256,-0,0009107091,-0,03376253,0,0,0,0,0,0,0,0,0,0,0,0,0,0,0,0,0,0,0,0,0,0,1,1,1,False
18,01893,-14,00934,2,899922,-2,648839,-0,002766538,0,9994256,-0,0009107091,-0,03376253,0,0,0,0,0,0,0,0,0,0,0,0,0,0,0,0,0,0,0,0,0,0,1,1,1,False
18,0272,-14,00924,2,899588,-2,648845,-0,002766538,0,9994256,-0,0009107091,-0,03376253,0,0,0,0,0,0,0,0,0,0,0,0,0,0,0,0,0,0,0,0,0,0,1,1,1,False
18,03546,-14,00915,2,899277,-2,648851,-0,002766538,0,9994256,-0,0009107091,-0,03376253,0,0,0,0,0,0,0,0,0,0,0,0,0,0,0,0,0,0,0,0,0,0,1,1,1,False
18,04306,-14,00908,2,899011,-2,648855,-0,002766538,0,9994256,-0,0009107091,-0,03376253,0,0,0,0,0,0,0,0,0,0,0,0,0,0,0,0,0,0,0,0,0,0,1,1,1,False
18,05112,-14,00902,2,898748,-2,648859,-0,002766538,0,9994256,-0,0009107091,-0,03376253,0,0,0,0,0,0,0,0,0,0,0,0,0,0,0,0,0,0,0,0,0,0,1,1,1,False
18,05878,-14,00897,2,898518,-2,648861,-0,002766538,0,9994256,-0,0009107091,-0,03376253,0,0,0,0,0,0,0,0,0,0,0,0,0,0,0,0,0,0,0,0,0,0,1,1,1,False
18,0664,-14,00894,2,898309,-2,648863,-0,002766538,0,9994256,-0,0009107091,-0,03376253,0,0,0,0,0,0,0,0,0,0,0,0,0,0,0,0,0,0,0,0,0,0,1,1,1,False
18,07485,-14,00891,2,898099,-2,648864,-0,002766538,0,9994256,-0,0009107091,-0,03376253,0,0,0,0,0,0,0,0,0,0,0,0,0,0,0,0,0,0,0,0,0,0,1,1,1,False
18,08214,-14,00891,2,897937,-2,648865,-0,002766538,0,9994256,-0,0009107091,-0,03376253,0,0,0,0,0,0,0,0,0,0,0,0,0,0,0,0,0,0,0,0,0,0,1,1,1,False
18,09056,-14,00891,2,897772,-2,648864,-0,002766538,0,9994256,-0,0009107091,-0,03376253,0,0,0,0,0,0,0,0,0,0,0,0,0,0,0,0,0,0,0,0,0,0,1,1,1,False
18,10297,-14,00894,2,897572,-2,648861,-0,002766538,0,9994256,-0,0009107091,-0,03376253,0,0,0,0,0,0,0,0,0,0,0,0,0,0,0,0,0,0,0,0,0,0,1,1,1,False
18,13295,-14,00914,2,897301,-2,648847,-0,002766538,0,9994256,-0,0009107091,-0,03376253,0,0,0,0,0,0,0,0,0,0,0,0,0,0,0,0,0,0,0,0,0,0,1,1,1,False
18,14172,-14,00923,2,89728,-2,648841,-0,002766538,0,9994256,-0,0009107091,-0,03376253,0,0,0,0,0,0,0,0,0,0,0,0,0,0,0,0,0,0,0,0,0,0,1,1,1,False
18,15031,-14,00934,2,897283,-2,648834,-0,002766538,0,9994256,-0,0009107091,-0,03376253,0,0,0,0,0,0,0,0,0,0,0,0,0,0,0,0,0,0,0,0,0,0,1,1,1,False
18,15768,-14,00944,2,897306,-2,648827,-0,002766538,0,9994256,-0,0009107091,-0,03376253,0,0,0,0,0,0,0,0,0,0,0,0,0,0,0,0,0,0,0,0,0,0,1,1,1,False
18,16561,-14,00956,2,897351,-2,648819,-0,002766538,0,9994256,-0,0009107091,-0,03376253,0,0,0,0,0,0,0,0,0,0,0,0,0,0,0,0,0,0,0,0,0,0,1,1,1,False
18,17426,-14,00971,2,897424,-2,648809,-0,002766538,0,9994256,-0,0009107091,-0,03376253,0,0,0,0,0,0,0,0,0,0,0,0,0,0,0,0,0,0,0,0,0,0,1,1,1,False
18,18226,-14,00986,2,897515,-2,648799,-0,002766538,0,9994256,-0,0009107091,-0,03376253,0,0,0,0,0,0,0,0,0,0,0,0,0,0,0,0,0,0,0,0,0,0,1,1,1,False
18,19102,-14,01004,2,897638,-2,648787,-0,002766538,0,9994256,-0,0009107091,-0,03376253,0,0,0,0,0,0,0,0,0,0,0,0,0,0,0,0,0,0,0,0,0,0,1,1,1,False
18,19977,-14,01023,2,897787,-2,648774,-0,002766538,0,9994256,-0,0009107091,-0,03376253,0,0,0,0,0,0,0,0,0,0,0,0,0,0,0,0,0,0,0,0,0,0,1,1,1,False
18,2095,-14,01046,2,897982,-2,648759,-0,002766538,0,9994256,-0,0009107091,-0,03376253,0,0,0,0,0,0,0,0,0,0,0,0,0,0,0,0,0,0,0,0,0,0,1,1,1,False
18,22111,-14,01077,2,898257,-2,648739,-0,002766538,0,9994256,-0,0009107091,-0,03376253,0,0,0,0,0,0,0,0,0,0,0,0,0,0,0,0,0,0,0,0,0,0,1,1,1,False
18,2303,-14,01102,2,898505,-2,648722,-0,002766538,0,9994256,-0,0009107091,-0,03376253,0,0,0,0,0,0,0,0,0,0,0,0,0,0,0,0,0,0,0,0,0,0,1,1,1,False
18,23909,-14,01129,2,898769,-2,648705,-0,002766538,0,9994256,-0,0009107091,-0,03376253,0,0,0,0,0,0,0,0,0,0,0,0,0,0,0,0,0,0,0,0,0,0,1,1,1,False
18,24722,-14,01154,2,899036,-2,648689,-0,002766538,0,9994256,-0,0009107091,-0,03376253,0,0,0,0,0,0,0,0,0,0,0,0,0,0,0,0,0,0,0,0,0,0,1,1,1,False
18,25646,-14,01185,2,899365,-2,648669,-0,002766538,0,9994256,-0,0009107091,-0,03376253,0,0,0,0,0,0,0,0,0,0,0,0,0,0,0,0,0,0,0,0,0,0,1,1,1,False
18,26571,-14,01217,2,899722,-2,648647,-0,002766538,0,9994256,-0,0009107091,-0,03376253,0,0,0,0,0,0,0,0,0,0,0,0,0,0,0,0,0,0,0,0,0,0,1,1,1,False
18,27537,-14,01252,2,900124,-2,648624,-0,002766538,0,9994256,-0,0009107091,-0,03376253,0,0,0,0,0,0,0,0,0,0,0,0,0,0,0,0,0,0,0,0,0,0,1,1,1,False
18,2844,-14,01287,2,900526,-2,648602,-0,002766538,0,9994256,-0,0009107091,-0,03376253,0,0,0,0,0,0,0,0,0,0,0,0,0,0,0,0,0,0,0,0,0,0,1,1,1,False
18,29415,-14,01326,2,90099,-2,648576,-0,002766538,0,9994256,-0,0009107091,-0,03376253,0,0,0,0,0,0,0,0,0,0,0,0,0,0,0,0,0,0,0,0,0,0,1,1,1,False
18,30306,-14,01363,2,90144,-2,648552,-0,002766538,0,9994256,-0,0009107091,-0,03376253,0,0,0,0,0,0,0,0,0,0,0,0,0,0,0,0,0,0,0,0,0,0,1,1,1,False
18,31253,-14,01404,2,901944,-2,648525,-0,002766538,0,9994256,-0,0009107091,-0,03376253,0,0,0,0,0,0,0,0,0,0,0,0,0,0,0,0,0,0,0,0,0,0,1,1,1,False
18,33395,-14,01503,2,903186,-2,648461,-0,002766538,0,9994256,-0,0009107091,-0,03376253,0,0,0,0,0,0,0,0,0,0,0,0,0,0,0,0,0,0,0,0,0,0,1,1,1,False
18,34322,-14,01549,2,903766,-2,648431,-0,002766538,0,9994256,-0,0009107091,-0,03376253,0,0,0,0,0,0,0,0,0,0,0,0,0,0,0,0,0,0,0,0,0,0,1,1,1,False
18,35237,-14,01595,2,904363,-2,648401,-0,002766538,0,9994256,-0,0009107091,-0,03376253,0,0,0,0,0,0,0,0,0,0,0,0,0,0,0,0,0,0,0,0,0,0,1,1,1,False
18,3605,-14,01637,2,904914,-2,648374,-0,002766538,0,9994256,-0,0009107091,-0,03376253,0,0,0,0,0,0,0,0,0,0,0,0,0,0,0,0,0,0,0,0,0,0,1,1,1,False
18,37078,-14,01692,2,905638,-2,648338,-0,002766538,0,9994256,-0,0009107091,-0,03376253,0,0,0,0,0,0,0,0,0,0,0,0,0,0,0,0,0,0,0,0,0,0,1,1,1,False
18,38004,-14,01744,2,906315,-2,648304,-0,002766538,0,9994256,-0,0009107091,-0,03376253,0,0,0,0,0,0,0,0,0,0,0,0,0,0,0,0,0,0,0,0,0,0,1,1,1,False
18,3901,-14,01801,2,907078,-2,648267,-0,002766538,0,9994256,-0,0009107091,-0,03376253,0,0,0,0,0,0,0,0,0,0,0,0,0,0,0,0,0,0,0,0,0,0,1,1,1,False
18,39823,-14,01848,2,907713,-2,648237,-0,002766538,0,9994256,-0,0009107091,-0,03376253,0,0,0,0,0,0,0,0,0,0,0,0,0,0,0,0,0,0,0,0,0,0,1,1,1,False
18,40652,-14,01898,2,908381,-2,648204,-0,002766538,0,9994256,-0,0009107091,-0,03376253,0,0,0,0,0,0,0,0,0,0,0,0,0,0,0,0,0,0,0,0,0,0,1,1,1,False
18,41607,-14,01956,2,90917,-2,648166,-0,002766538,0,9994256,-0,0009107091,-0,03376253,0,0,0,0,0,0,0,0,0,0,0,0,0,0,0,0,0,0,0,0,0,0,1,1,1,False
18,42437,-14,02008,2,909876,-2,648133,-0,002766538,0,9994256,-0,0009107091,-0,03376253,0,0,0,0,0,0,0,0,0,0,0,0,0,0,0,0,0,0,0,0,0,0,1,1,1,False
18,43353,-14,02067,2,910675,-2,648095,-0,002766538,0,9994256,-0,0009107091,-0,03376253,0,0,0,0,0,0,0,0,0,0,0,0,0,0,0,0,0,0,0,0,0,0,1,1,1,False
18,44267,-14,02127,2,911493,-2,648056,-0,002766538,0,9994256,-0,0009107091,-0,03376253,0,0,0,0,0,0,0,0,0,0,0,0,0,0,0,0,0,0,0,0,0,0,1,1,1,False
18,4519,-14,02188,2,91234,-2,648016,-0,002766538,0,9994256,-0,0009107091,-0,03376253,0,0,0,0,0,0,0,0,0,0,0,0,0,0,0,0,0,0,0,0,0,0,1,1,1,False
18,46064,-14,02248,2,91316,-2,647977,-0,002766538,0,9994256,-0,0009107091,-0,03376253,0,0,0,0,0,0,0,0,0,0,0,0,0,0,0,0,0,0,0,0,0,0,1,1,1,False
18,46991,-14,02312,2,914049,-2,647935,-0,002766538,0,9994256,-0,0009107091,-0,03376253,0,0,0,0,0,0,0,0,0,0,0,0,0,0,0,0,0,0,0,0,0,0,1,1,1,False
18,47875,-14,02375,2,914915,-2,647895,-0,002766538,0,9994256,-0,0009107091,-0,03376253,0,0,0,0,0,0,0,0,0,0,0,0,0,0,0,0,0,0,0,0,0,0,1,1,1,False
18,48738,-14,02437,2,915776,-2,647855,-0,002766538,0,9994256,-0,0009107091,-0,03376253,0,0,0,0,0,0,0,0,0,0,0,0,0,0,0,0,0,0,0,0,0,0,1,1,1,False
18,49668,-14,02505,2,916722,-2,64781,-0,002766538,0,9994256,-0,0009107091,-0,03376253,0,0,0,0,0,0,0,0,0,0,0,0,0,0,0,0,0,0,0,0,0,0,1,1,1,False
18,50579,-14,02573,2,917666,-2,647766,-0,002766538,0,9994256,-0,0009107091,-0,03376253,0,0,0,0,0,0,0,0,0,0,0,0,0,0,0,0,0,0,0,0,0,0,1,1,1,False
18,51546,-14,02646,2,918686,-2,647719,-0,002766538,0,9994256,-0,0009107091,-0,03376253,0,0,0,0,0,0,0,0,0,0,0,0,0,0,0,0,0,0,0,0,0,0,1,1,1,False
18,52602,-14,02727,2,919819,-2,647666,-0,002766538,0,9994256,-0,0009107091,-0,03376253,0,0,0,0,0,0,0,0,0,0,0,0,0,0,0,0,0,0,0,0,0,0,1,1,1,False
18,53476,-14,02796,2,920774,-2,647622,-0,002766538,0,9994256,-0,0009107091,-0,03376253,0,0,0,0,0,0,0,0,0,0,0,0,0,0,0,0,0,0,0,0,0,0,1,1,1,False
18,54309,-14,02862,2,921696,-2,647579,-0,002766538,0,9994256,-0,0009107091,-0,03376253,0,0,0,0,0,0,0,0,0,0,0,0,0,0,0,0,0,0,0,0,0,0,1,1,1,False
18,5527,-14,02939,2,922775,-2,647529,-0,002766538,0,9994256,-0,0009107091,-0,03376253,0,0,0,0,0,0,0,0,0,0,0,0,0,0,0,0,0,0,0,0,0,0,1,1,1,False
18,56086,-14,03006,2,923702,-2,647486,-0,002766538,0,9994256,-0,0009107091,-0,03376253,0,0,0,0,0,0,0,0,0,0,0,0,0,0,0,0,0,0,0,0,0,0,1,1,1,False
18,57191,-14,03097,2,924976,-2,647427,-0,002766538,0,9994256,-0,0009107091,-0,03376253,0,0,0,0,0,0,0,0,0,0,0,0,0,0,0,0,0,0,0,0,0,0,1,1,1,False
18,58227,-14,03184,2,926185,-2,64737,-0,002766538,0,9994256,-0,0009107091,-0,03376253,0,0,0,0,0,0,0,0,0,0,0,0,0,0,0,0,0,0,0,0,0,0,1,1,1,False
18,59185,-14,03265,2,927318,-2,647317,-0,002766538,0,9994256,-0,0009107091,-0,03376253,0,0,0,0,0,0,0,0,0,0,0,0,0,0,0,0,0,0,0,0,0,0,1,1,1,False
18,60045,-14,03339,2,928345,-2,647269,-0,002766538,0,9994256,-0,0009107091,-0,03376253,0,0,0,0,0,0,0,0,0,0,0,0,0,0,0,0,0,0,0,0,0,0,1,1,1,False
18,60936,-14,03416,2,92942,-2,647219,-0,002766538,0,9994256,-0,0009107091,-0,03376253,0,0,0,0,0,0,0,0,0,0,0,0,0,0,0,0,0,0,0,0,0,0,1,1,1,False
18,61846,-14,03496,2,930526,-2,647168,-0,002766538,0,9994256,-0,0009107091,-0,03376253,0,0,0,0,0,0,0,0,0,0,0,0,0,0,0,0,0,0,0,0,0,0,1,1,1,False
18,62649,-14,03567,2,93151,-2,647122,-0,002766538,0,9994256,-0,0009107091,-0,03376253,0,0,0,0,0,0,0,0,0,0,0,0,0,0,0,0,0,0,0,0,0,0,1,1,1,False
18,6363,-14,03655,2,932722,-2,647065,-0,002766538,0,9994256,-0,0009107091,-0,03376253,0,0,0,0,0,0,0,0,0,0,0,0,0,0,0,0,0,0,0,0,0,0,1,1,1,False
18,64494,-14,03733,2,933797,-2,647014,-0,002766538,0,9994256,-0,0009107091,-0,03376253,0,0,0,0,0,0,0,0,0,0,0,0,0,0,0,0,0,0,0,0,0,0,1,1,1,False
18,65406,-14,03816,2,934938,-2,64696,-0,002766538,0,9994256,-0,0009107091,-0,03376253,0,0,0,0,0,0,0,0,0,0,0,0,0,0,0,0,0,0,0,0,0,0,1,1,1,False
18,66294,-14,03897,2,936057,-2,646908,-0,002766538,0,9994256,-0,0009107091,-0,03376253,0,0,0,0,0,0,0,0,0,0,0,0,0,0,0,0,0,0,0,0,0,0,1,1,1,False
18,67283,-14,03989,2,93731,-2,646848,-0,002766538,0,9994256,-0,0009107091,-0,03376253,0,0,0,0,0,0,0,0,0,0,0,0,0,0,0,0,0,0,0,0,0,0,1,1,1,False
18,68123,-14,04067,2,938378,-2,646797,-0,002766538,0,9994256,-0,0009107091,-0,03376253,0,0,0,0,0,0,0,0,0,0,0,0,0,0,0,0,0,0,0,0,0,0,1,1,1,False
18,69092,-14,04158,2,939616,-2,646739,-0,002766538,0,9994256,-0,0009107091,-0,03376253,0,0,0,0,0,0,0,0,0,0,0,0,0,0,0,0,0,0,0,0,0,0,1,1,1,False
18,69975,-14,04241,2,940748,-2,646684,-0,002766538,0,9994256,-0,0009107091,-0,03376253,0,0,0,0,0,0,0,0,0,0,0,0,0,0,0,0,0,0,0,0,0,0,1,1,1,False
18,70823,-14,04322,2,941839,-2,646632,-0,002766538,0,9994256,-0,0009107091,-0,03376253,0,0,0,0,0,0,0,0,0,0,0,0,0,0,0,0,0,0,0,0,0,0,1,1,1,False
18,71875,-14,04423,2,943196,-2,646567,-0,002766538,0,9994256,-0,0009107091,-0,03376253,0,0,0,0,0,0,0,0,0,0,0,0,0,0,0,0,0,0,0,0,0,0,1,1,1,False
18,72794,-14,04511,2,944383,-2,646509,-0,002766538,0,9994256,-0,0009107091,-0,03376253,0,0,0,0,0,0,0,0,0,0,0,0,0,0,0,0,0,0,0,0,0,0,1,1,1,False
18,73715,-14,046,2,945574,-2,646451,-0,002766538,0,9994256,-0,0009107091,-0,03376253,0,0,0,0,0,0,0,0,0,0,0,0,0,0,0,0,0,0,0,0,0,0,1,1,1,False
18,7457,-14,04683,2,946681,-2,646397,-0,002766538,0,9994256,-0,0009107091,-0,03376253,0,0,0,0,0,0,0,0,0,0,0,0,0,0,0,0,0,0,0,0,0,0,1,1,1,False
18,75528,-14,04777,2,947922,-2,646336,-0,002766538,0,9994256,-0,0009107091,-0,03376253,0,0,0,0,0,0,0,0,0,0,0,0,0,0,0,0,0,0,0,0,0,0,1,1,1,False
18,76447,-14,04867,2,94911,-2,646278,-0,002766538,0,9994256,-0,0009107091,-0,03376253,0,0,0,0,0,0,0,0,0,0,0,0,0,0,0,0,0,0,0,0,0,0,1,1,1,False
18,77459,-14,04967,2,950419,-2,646213,-0,002766538,0,9994256,-0,0009107091,-0,03376253,0,0,0,0,0,0,0,0,0,0,0,0,0,0,0,0,0,0,0,0,0,0,1,1,1,False
18,7829,-14,05049,2,951491,-2,64616,-0,002766538,0,9994256,-0,0009107091,-0,03376253,0,0,0,0,0,0,0,0,0,0,0,0,0,0,0,0,0,0,0,0,0,0,1,1,1,False
18,79358,-14,05155,2,952867,-2,646091,-0,002766538,0,9994256,-0,0009107091,-0,03376253,0,0,0,0,0,0,0,0,0,0,0,0,0,0,0,0,0,0,0,0,0,0,1,1,1,False
18,80255,-14,05244,2,954019,-2,646033,-0,002766538,0,9994256,-0,0009107091,-0,03376253,0,0,0,0,0,0,0,0,0,0,0,0,0,0,0,0,0,0,0,0,0,0,1,1,1,False
18,81255,-14,05344,2,955298,-2,645968,-0,002766538,0,9994256,-0,0009107091,-0,03376253,0,0,0,0,0,0,0,0,0,0,0,0,0,0,0,0,0,0,0,0,0,0,1,1,1,False
18,8216,-14,05434,2,956451,-2,645909,-0,002766538,0,9994256,-0,0009107091,-0,03376253,0,0,0,0,0,0,0,0,0,0,0,0,0,0,0,0,0,0,0,0,0,0,1,1,1,False
18,83105,-14,05529,2,957649,-2,645848,-0,002766538,0,9994256,-0,0009107091,-0,03376253,0,0,0,0,0,0,0,0,0,0,0,0,0,0,0,0,0,0,0,0,0,0,1,1,1,False
18,8395,-14,05614,2,958716,-2,645792,-0,002766538,0,9994256,-0,0009107091,-0,03376253,0,0,0,0,0,0,0,0,0,0,0,0,0,0,0,0,0,0,0,0,0,0,1,1,1,False
18,84808,-14,057,2,959792,-2,645736,-0,002766538,0,9994256,-0,0009107091,-0,03376253,0,0,0,0,0,0,0,0,0,0,0,0,0,0,0,0,0,0,0,0,0,0,1,1,1,False
18,85707,-14,0579,2,960913,-2,645677,-0,002766538,0,9994256,-0,0009107091,-0,03376253,0,0,0,0,0,0,0,0,0,0,0,0,0,0,0,0,0,0,0,0,0,0,1,1,1,False
18,86509,-14,05871,2,961907,-2,645625,-0,002766538,0,9994256,-0,0009107091,-0,03376253,0,0,0,0,0,0,0,0,0,0,0,0,0,0,0,0,0,0,0,0,0,0,1,1,1,False
18,87434,-14,05964,2,963045,-2,645564,-0,002766538,0,9994256,-0,0009107091,-0,03376253,0,0,0,0,0,0,0,0,0,0,0,0,0,0,0,0,0,0,0,0,0,0,1,1,1,False
18,88253,-14,06046,2,964046,-2,645511,-0,002766538,0,9994256,-0,0009107091,-0,03376253,0,0,0,0,0,0,0,0,0,0,0,0,0,0,0,0,0,0,0,0,0,0,1,1,1,False
18,89158,-14,06137,2,965142,-2,645452,-0,002766538,0,9994256,-0,0009107091,-0,03376253,0,0,0,0,0,0,0,0,0,0,0,0,0,0,0,0,0,0,0,0,0,0,1,1,1,False
18,89971,-14,06218,2,966118,-2,645398,-0,002766538,0,9994256,-0,0009107091,-0,03376253,0,0,0,0,0,0,0,0,0,0,0,0,0,0,0,0,0,0,0,0,0,0,1,1,1,False
18,90775,-14,06299,2,967075,-2,645346,-0,002766538,0,9994256,-0,0009107091,-0,03376253,0,0,0,0,0,0,0,0,0,0,0,0,0,0,0,0,0,0,0,0,0,0,1,1,1,False
18,91655,-14,06387,2,968113,-2,645288,-0,002766538,0,9994256,-0,0009107091,-0,03376253,0,0,0,0,0,0,0,0,0,0,0,0,0,0,0,0,0,0,0,0,0,0,1,1,1,False
18,93289,-14,0655,2,970009,-2,645182,-0,002766538,0,9994256,-0,0009107091,-0,03376253,0,0,0,0,0,0,0,0,0,0,0,0,0,0,0,0,0,0,0,0,0,0,1,1,1,False
18,94167,-14,06637,2,971011,-2,645125,-0,002766538,0,9994256,-0,0009107091,-0,03376253,0,0,0,0,0,0,0,0,0,0,0,0,0,0,0,0,0,0,0,0,0,0,1,1,1,False
18,95044,-14,06724,2,971999,-2,645068,-0,002766538,0,9994256,-0,0009107091,-0,03376253,0,0,0,0,0,0,0,0,0,0,0,0,0,0,0,0,0,0,0,0,0,0,1,1,1,False
18,95831,-14,06802,2,972876,-2,645017,-0,002766538,0,9994256,-0,0009107091,-0,03376253,0,0,0,0,0,0,0,0,0,0,0,0,0,0,0,0,0,0,0,0,0,0,1,1,1,False
18,96635,-14,06882,2,97376,-2,644965,-0,002766538,0,9994256,-0,0009107091,-0,03376253,0,0,0,0,0,0,0,0,0,0,0,0,0,0,0,0,0,0,0,0,0,0,1,1,1,False
18,97569,-14,06973,2,974771,-2,644905,-0,002766538,0,9994256,-0,0009107091,-0,03376253,0,0,0,0,0,0,0,0,0,0,0,0,0,0,0,0,0,0,0,0,0,0,1,1,1,False
18,98363,-14,07051,2,975619,-2,644854,-0,002766538,0,9994256,-0,0009107091,-0,03376253,0,0,0,0,0,0,0,0,0,0,0,0,0,0,0,0,0,0,0,0,0,0,1,1,1,False
18,99264,-14,07139,2,976566,-2,644796,-0,002766538,0,9994256,-0,0009107091,-0,03376253,0,0,0,0,0,0,0,0,0,0,0,0,0,0,0,0,0,0,0,0,0,0,1,1,1,False
19,0008,-14,07218,2,977409,-2,644745,-0,002766538,0,9994256,-0,0009107091,-0,03376253,0,0,0,0,0,0,0,0,0,0,0,0,0,0,0,0,0,0,0,0,0,0,1,1,1,False
19,01007,-14,07308,2,978351,-2,644686,-0,002766538,0,9994256,-0,0009107091,-0,03376253,0,0,0,0,0,0,0,0,0,0,0,0,0,0,0,0,0,0,0,0,0,0,1,1,1,False
19,01848,-14,07389,2,97919,-2,644633,-0,002766538,0,9994256,-0,0009107091,-0,03376253,0,0,0,0,0,0,0,0,0,0,0,0,0,0,0,0,0,0,0,0,0,0,1,1,1,False
19,02632,-14,07464,2,979957,-2,644584,-0,002766538,0,9994256,-0,0009107091,-0,03376253,0,0,0,0,0,0,0,0,0,0,0,0,0,0,0,0,0,0,0,0,0,0,1,1,1,False
19,03522,-14,07549,2,980812,-2,644528,-0,002766538,0,9994256,-0,0009107091,-0,03376253,0,0,0,0,0,0,0,0,0,0,0,0,0,0,0,0,0,0,0,0,0,0,1,1,1,False
19,04297,-14,07622,2,981541,-2,64448,-0,002766538,0,9994256,-0,0009107091,-0,03376253,0,0,0,0,0,0,0,0,0,0,0,0,0,0,0,0,0,0,0,0,0,0,1,1,1,False
19,05227,-14,07709,2,982399,-2,644423,-0,002766538,0,9994256,-0,0009107091,-0,03376253,0,0,0,0,0,0,0,0,0,0,0,0,0,0,0,0,0,0,0,0,0,0,1,1,1,False
19,06043,-14,07786,2,983134,-2,644372,-0,002766538,0,9994256,-0,0009107091,-0,03376253,0,0,0,0,0,0,0,0,0,0,0,0,0,0,0,0,0,0,0,0,0,0,1,1,1,False
19,0695,-14,0787,2,983932,-2,644317,-0,002766538,0,9994256,-0,0009107091,-0,03376253,0,0,0,0,0,0,0,0,0,0,0,0,0,0,0,0,0,0,0,0,0,0,1,1,1,False
19,07744,-14,07943,2,984613,-2,644269,-0,002766538,0,9994256,-0,0009107091,-0,03376253,0,0,0,0,0,0,0,0,0,0,0,0,0,0,0,0,0,0,0,0,0,0,1,1,1,False
19,08551,-14,08016,2,98529,-2,644221,-0,002766538,0,9994256,-0,0009107091,-0,03376253,0,0,0,0,0,0,0,0,0,0,0,0,0,0,0,0,0,0,0,0,0,0,1,1,1,False
19,09424,-14,08096,2,986002,-2,644168,-0,002766538,0,9994256,-0,0009107091,-0,03376253,0,0,0,0,0,0,0,0,0,0,0,0,0,0,0,0,0,0,0,0,0,0,1,1,1,False
19,10243,-14,08169,2,986653,-2,64412,-0,002766538,0,9994256,-0,0009107091,-0,03376253,0,0,0,0,0,0,0,0,0,0,0,0,0,0,0,0,0,0,0,0,0,0,1,1,1,False
19,11132,-14,08249,2,987338,-2,644068,-0,002766538,0,9994256,-0,0009107091,-0,03376253,0,0,0,0,0,0,0,0,0,0,0,0,0,0,0,0,0,0,0,0,0,0,1,1,1,False
19,13337,-14,08442,2,988944,-2,64394,-0,002766538,0,9994256,-0,0009107091,-0,03376253,0,0,0,0,0,0,0,0,0,0,0,0,0,0,0,0,0,0,0,0,0,0,1,1,1,False
19,14215,-14,08518,2,989545,-2,64389,-0,002766538,0,9994256,-0,0009107091,-0,03376253,0,0,0,0,0,0,0,0,0,0,0,0,0,0,0,0,0,0,0,0,0,0,1,1,1,False
19,15096,-14,08593,2,990127,-2,643841,-0,002766538,0,9994256,-0,0009107091,-0,03376253,0,0,0,0,0,0,0,0,0,0,0,0,0,0,0,0,0,0,0,0,0,0,1,1,1,False
19,15902,-14,08661,2,990638,-2,643796,-0,002766538,0,9994256,-0,0009107091,-0,03376253,0,0,0,0,0,0,0,0,0,0,0,0,0,0,0,0,0,0,0,0,0,0,1,1,1,False
19,16684,-14,08726,2,991117,-2,643753,-0,002766538,0,9994256,-0,0009107091,-0,03376253,0,0,0,0,0,0,0,0,0,0,0,0,0,0,0,0,0,0,0,0,0,0,1,1,1,False
19,17576,-14,08799,2,99164,-2,643704,-0,002766538,0,9994256,-0,0009107091,-0,03376253,0,0,0,0,0,0,0,0,0,0,0,0,0,0,0,0,0,0,0,0,0,0,1,1,1,False
19,18375,-14,08865,2,992089,-2,643661,-0,002766538,0,9994256,-0,0009107091,-0,03376253,0,0,0,0,0,0,0,0,0,0,0,0,0,0,0,0,0,0,0,0,0,0,1,1,1,False
19,19321,-14,08941,2,992594,-2,64361,-0,002766538,0,9994256,-0,0009107091,-0,03376253,0,0,0,0,0,0,0,0,0,0,0,0,0,0,0,0,0,0,0,0,0,0,1,1,1,False
19,20153,-14,09007,2,993016,-2,643566,-0,002766538,0,9994256,-0,0009107091,-0,03376253,0,0,0,0,0,0,0,0,0,0,0,0,0,0,0,0,0,0,0,0,0,0,1,1,1,False
19,21082,-14,09079,2,993461,-2,643518,-0,002766538,0,9994256,-0,0009107091,-0,03376253,0,0,0,0,0,0,0,0,0,0,0,0,0,0,0,0,0,0,0,0,0,0,1,1,1,False
19,21859,-14,09139,2,993813,-2,643478,-0,002766538,0,9994256,-0,0009107091,-0,03376253,0,0,0,0,0,0,0,0,0,0,0,0,0,0,0,0,0,0,0,0,0,0,1,1,1,False
19,22687,-14,09202,2,994167,-2,643436,-0,002766538,0,9994256,-0,0009107091,-0,03376253,0,0,0,0,0,0,0,0,0,0,0,0,0,0,0,0,0,0,0,0,0,0,1,1,1,False
19,23612,-14,09272,2,994536,-2,64339,-0,002766538,0,9994256,-0,0009107091,-0,03376253,0,0,0,0,0,0,0,0,0,0,0,0,0,0,0,0,0,0,0,0,0,0,1,1,1,False
19,24392,-14,09329,2,994826,-2,643352,-0,002766538,0,9994256,-0,0009107091,-0,03376253,0,0,0,0,0,0,0,0,0,0,0,0,0,0,0,0,0,0,0,0,0,0,1,1,1,False
19,2527,-14,09393,2,99513,-2,643309,-0,002766538,0,9994256,-0,0009107091,-0,03376253,0,0,0,0,0,0,0,0,0,0,0,0,0,0,0,0,0,0,0,0,0,0,1,1,1,False
19,26073,-14,09451,2,995385,-2,643271,-0,002766538,0,9994256,-0,0009107091,-0,03376253,0,0,0,0,0,0,0,0,0,0,0,0,0,0,0,0,0,0,0,0,0,0,1,1,1,False
19,26999,-14,09516,2,995652,-2,643228,-0,002766538,0,9994256,-0,0009107091,-0,03376253,0,0,0,0,0,0,0,0,0,0,0,0,0,0,0,0,0,0,0,0,0,0,1,1,1,False
19,27906,-14,09578,2,995887,-2,643186,-0,002766538,0,9994256,-0,0009107091,-0,03376253,0,0,0,0,0,0,0,0,0,0,0,0,0,0,0,0,0,0,0,0,0,0,1,1,1,False
19,28795,-14,09638,2,996091,-2,643145,-0,002766538,0,9994256,-0,0009107091,-0,03376253,0,0,0,0,0,0,0,0,0,0,0,0,0,0,0,0,0,0,0,0,0,0,1,1,1,False
19,29669,-14,09696,2,996266,-2,643106,-0,002766538,0,9994256,-0,0009107091,-0,03376253,0,0,0,0,0,0,0,0,0,0,0,0,0,0,0,0,0,0,0,0,0,0,1,1,1,False
19,3051,-14,09751,2,996411,-2,64307,-0,002766538,0,9994256,-0,0009107091,-0,03376253,0,0,0,0,0,0,0,0,0,0,0,0,0,0,0,0,0,0,0,0,0,0,1,1,1,False
19,31462,-14,09811,2,996546,-2,643029,-0,002766538,0,9994256,-0,0009107091,-0,03376253,0,0,0,0,0,0,0,0,0,0,0,0,0,0,0,0,0,0,0,0,0,0,1,1,1,False
19,3339,-14,0993,2,996725,-2,64295,-0,002766538,0,9994256,-0,0009107091,-0,03376253,0,0,0,0,0,0,0,0,0,0,0,0,0,0,0,0,0,0,0,0,0,0,1,1,1,False
19,34269,-14,09982,2,996766,-2,642915,-0,002766538,0,9994256,-0,0009107091,-0,03376253,0,0,0,0,0,0,0,0,0,0,0,0,0,0,0,0,0,0,0,0,0,0,1,1,1,False
19,35163,-14,10033,2,99678,-2,64288,-0,002766538,0,9994256,-0,0009107091,-0,03376253,0,0,0,0,0,0,0,0,0,0,0,0,0,0,0,0,0,0,0,0,0,0,1,1,1,False
19,35944,-14,10077,2,996771,-2,64285,-0,002766538,0,9994256,-0,0009107091,-0,03376253,0,0,0,0,0,0,0,0,0,0,0,0,0,0,0,0,0,0,0,0,0,0,1,1,1,False
19,36804,-14,10124,2,996736,-2,642818,-0,002766538,0,9994256,-0,0009107091,-0,03376253,0,0,0,0,0,0,0,0,0,0,0,0,0,0,0,0,0,0,0,0,0,0,1,1,1,False
19,37643,-14,10169,2,996679,-2,642788,-0,002766538,0,9994256,-0,0009107091,-0,03376253,0,0,0,0,0,0,0,0,0,0,0,0,0,0,0,0,0,0,0,0,0,0,1,1,1,False
19,38394,-14,10208,2,996608,-2,642761,-0,002766538,0,9994256,-0,0009107091,-0,03376253,0,0,0,0,0,0,0,0,0,0,0,0,0,0,0,0,0,0,0,0,0,0,1,1,1,False
19,39336,-14,10256,2,996491,-2,642729,-0,002766538,0,9994256,-0,0009107091,-0,03376253,0,0,0,0,0,0,0,0,0,0,0,0,0,0,0,0,0,0,0,0,0,0,1,1,1,False
19,40248,-14,103,2,99635,-2,642698,-0,002766538,0,9994256,-0,0009107091,-0,03376253,0,0,0,0,0,0,0,0,0,0,0,0,0,0,0,0,0,0,0,0,0,0,1,1,1,False
19,41073,-14,1034,2,996198,-2,642671,-0,002766538,0,9994256,-0,0009107091,-0,03376253,0,0,0,0,0,0,0,0,0,0,0,0,0,0,0,0,0,0,0,0,0,0,1,1,1,False
19,41841,-14,10375,2,996037,-2,642647,-0,002766538,0,9994256,-0,0009107091,-0,03376253,0,0,0,0,0,0,0,0,0,0,0,0,0,0,0,0,0,0,0,0,0,0,1,1,1,False
19,4268,-14,10412,2,995838,-2,642621,-0,002766538,0,9994256,-0,0009107091,-0,03376253,0,0,0,0,0,0,0,0,0,0,0,0,0,0,0,0,0,0,0,0,0,0,1,1,1,False
19,43519,-14,10448,2,995616,-2,642596,-0,002766538,0,9994256,-0,0009107091,-0,03376253,0,0,0,0,0,0,0,0,0,0,0,0,0,0,0,0,0,0,0,0,0,0,1,1,1,False
19,44272,-14,1048,2,995397,-2,642575,-0,002766538,0,9994256,-0,0009107091,-0,03376253,0,0,0,0,0,0,0,0,0,0,0,0,0,0,0,0,0,0,0,0,0,0,1,1,1,False
19,45206,-14,10517,2,9951,-2,642549,-0,002766538,0,9994256,-0,0009107091,-0,03376253,0,0,0,0,0,0,0,0,0,0,0,0,0,0,0,0,0,0,0,0,0,0,1,1,1,False
19,45994,-14,10548,2,994827,-2,642528,-0,002766538,0,9994256,-0,0009107091,-0,03376253,0,0,0,0,0,0,0,0,0,0,0,0,0,0,0,0,0,0,0,0,0,0,1,1,1,False
19,46904,-14,10581,2,994486,-2,642504,-0,002766538,0,9994256,-0,0009107091,-0,03376253,0,0,0,0,0,0,0,0,0,0,0,0,0,0,0,0,0,0,0,0,0,0,1,1,1,False
19,47798,-14,10612,2,994126,-2,642483,-0,002766538,0,9994256,-0,0009107091,-0,03376253,0,0,0,0,0,0,0,0,0,0,0,0,0,0,0,0,0,0,0,0,0,0,1,1,1,False
19,48612,-14,1064,2,993775,-2,642463,-0,002766538,0,9994256,-0,0009107091,-0,03376253,0,0,0,0,0,0,0,0,0,0,0,0,0,0,0,0,0,0,0,0,0,0,1,1,1,False
19,49518,-14,10669,2,993361,-2,642443,-0,002766538,0,9994256,-0,0009107091,-0,03376253,0,0,0,0,0,0,0,0,0,0,0,0,0,0,0,0,0,0,0,0,0,0,1,1,1,False
19,50351,-14,10694,2,992957,-2,642425,-0,002766538,0,9994256,-0,0009107091,-0,03376253,0,0,0,0,0,0,0,0,0,0,0,0,0,0,0,0,0,0,0,0,0,0,1,1,1,False
19,51352,-14,10723,2,992443,-2,642405,-0,002766538,0,9994256,-0,0009107091,-0,03376253,0,0,0,0,0,0,0,0,0,0,0,0,0,0,0,0,0,0,0,0,0,0,1,1,1,False
19,52165,-14,10744,2,992003,-2,642389,-0,002766538,0,9994256,-0,0009107091,-0,03376253,0,0,0,0,0,0,0,0,0,0,0,0,0,0,0,0,0,0,0,0,0,0,1,1,1,False
19,53034,-14,10766,2,99151,-2,642373,-0,002766538,0,9994256,-0,0009107091,-0,03376253,0,0,0,0,0,0,0,0,0,0,0,0,0,0,0,0,0,0,0,0,0,0,1,1,1,False
19,53817,-14,10785,2,991046,-2,64236,-0,002766538,0,9994256,-0,0009107091,-0,03376253,0,0,0,0,0,0,0,0,0,0,0,0,0,0,0,0,0,0,0,0,0,0,1,1,1,False
19,54608,-14,10802,2,99056,-2,642347,-0,002766538,0,9994256,-0,0009107091,-0,03376253,0,0,0,0,0,0,0,0,0,0,0,0,0,0,0,0,0,0,0,0,0,0,1,1,1,False
19,55426,-14,10819,2,990037,-2,642335,-0,002766538,0,9994256,-0,0009107091,-0,03376253,0,0,0,0,0,0,0,0,0,0,0,0,0,0,0,0,0,0,0,0,0,0,1,1,1,False
19,5619,-14,10833,2,989531,-2,642324,-0,002766538,0,9994256,-0,0009107091,-0,03376253,0,0,0,0,0,0,0,0,0,0,0,0,0,0,0,0,0,0,0,0,0,0,1,1,1,False
19,57164,-14,1085,2,988862,-2,642312,-0,002766538,0,9994256,-0,0009107091,-0,03376253,0,0,0,0,0,0,0,0,0,0,0,0,0,0,0,0,0,0,0,0,0,0,1,1,1,False
19,58145,-14,10865,2,98816,-2,6423,-0,002766538,0,9994256,-0,0009107091,-0,03376253,0,0,0,0,0,0,0,0,0,0,0,0,0,0,0,0,0,0,0,0,0,0,1,1,1,False
19,59091,-14,10877,2,987458,-2,64229,-0,002766538,0,9994256,-0,0009107091,-0,03376253,0,0,0,0,0,0,0,0,0,0,0,0,0,0,0,0,0,0,0,0,0,0,1,1,1,False
19,59953,-14,10887,2,986797,-2,642282,-0,002766538,0,9994256,-0,0009107091,-0,03376253,0,0,0,0,0,0,0,0,0,0,0,0,0,0,0,0,0,0,0,0,0,0,1,1,1,False
19,60678,-14,10894,2,986226,-2,642276,-0,002766538,0,9994256,-0,0009107091,-0,03376253,0,0,0,0,0,0,0,0,0,0,0,0,0,0,0,0,0,0,0,0,0,0,1,1,1,False
19,61592,-14,10902,2,985487,-2,64227,-0,002766538,0,9994256,-0,0009107091,-0,03376253,0,0,0,0,0,0,0,0,0,0,0,0,0,0,0,0,0,0,0,0,0,0,1,1,1,False
19,62401,-14,10907,2,984813,-2,642265,-0,002766538,0,9994256,-0,0009107091,-0,03376253,0,0,0,0,0,0,0,0,0,0,0,0,0,0,0,0,0,0,0,0,0,0,1,1,1,False
19,63309,-14,10911,2,984037,-2,64226,-0,002766538,0,9994256,-0,0009107091,-0,03376253,0,0,0,0,0,0,0,0,0,0,0,0,0,0,0,0,0,0,0,0,0,0,1,1,1,False
19,64091,-14,10914,2,983352,-2,642257,-0,002766538,0,9994256,-0,0009107091,-0,03376253,0,0,0,0,0,0,0,0,0,0,0,0,0,0,0,0,0,0,0,0,0,0,1,1,1,False
19,64986,-14,10915,2,98255,-2,642255,-0,002766538,0,9994256,-0,0009107091,-0,03376253,0,0,0,0,0,0,0,0,0,0,0,0,0,0,0,0,0,0,0,0,0,0,1,1,1,False
19,65801,-14,10915,2,981803,-2,642253,-0,002766538,0,9994256,-0,0009107091,-0,03376253,0,0,0,0,0,0,0,0,0,0,0,0,0,0,0,0,0,0,0,0,0,0,1,1,1,False
19,66603,-14,10913,2,981052,-2,642253,-0,002766538,0,9994256,-0,0009107091,-0,03376253,0,0,0,0,0,0,0,0,0,0,0,0,0,0,0,0,0,0,0,0,0,0,1,1,1,False
19,67478,-14,1091,2,980216,-2,642253,-0,002766538,0,9994256,-0,0009107091,-0,03376253,0,0,0,0,0,0,0,0,0,0,0,0,0,0,0,0,0,0,0,0,0,0,1,1,1,False
19,68311,-14,10906,2,979405,-2,642255,-0,002766538,0,9994256,-0,0009107091,-0,03376253,0,0,0,0,0,0,0,0,0,0,0,0,0,0,0,0,0,0,0,0,0,0,1,1,1,False
19,69226,-14,10899,2,978495,-2,642257,-0,002766538,0,9994256,-0,0009107091,-0,03376253,0,0,0,0,0,0,0,0,0,0,0,0,0,0,0,0,0,0,0,0,0,0,1,1,1,False
19,70028,-14,10892,2,977684,-2,64226,-0,002766538,0,9994256,-0,0009107091,-0,03376253,0,0,0,0,0,0,0,0,0,0,0,0,0,0,0,0,0,0,0,0,0,0,1,1,1,False
19,70895,-14,10883,2,976791,-2,642265,-0,002766538,0,9994256,-0,0009107091,-0,03376253,0,0,0,0,0,0,0,0,0,0,0,0,0,0,0,0,0,0,0,0,0,0,1,1,1,False
19,71673,-14,10874,2,975977,-2,64227,-0,002766538,0,9994256,-0,0009107091,-0,03376253,0,0,0,0,0,0,0,0,0,0,0,0,0,0,0,0,0,0,0,0,0,0,1,1,1,False
19,72445,-14,10863,2,975158,-2,642275,-0,002766538,0,9994256,-0,0009107091,-0,03376253,0,0,0,0,0,0,0,0,0,0,0,0,0,0,0,0,0,0,0,0,0,0,1,1,1,False
19,73351,-14,10849,2,974183,-2,642282,-0,002766538,0,9994256,-0,0009107091,-0,03376253,0,0,0,0,0,0,0,0,0,0,0,0,0,0,0,0,0,0,0,0,0,0,1,1,1,False
19,74197,-14,10835,2,973258,-2,64229,-0,002766538,0,9994256,-0,0009107091,-0,03376253,0,0,0,0,0,0,0,0,0,0,0,0,0,0,0,0,0,0,0,0,0,0,1,1,1,False
19,75131,-14,10817,2,972221,-2,6423,-0,002766538,0,9994256,-0,0009107091,-0,03376253,0,0,0,0,0,0,0,0,0,0,0,0,0,0,0,0,0,0,0,0,0,0,1,1,1,False
19,75909,-14,10801,2,971348,-2,642309,-0,002766538,0,9994256,-0,0009107091,-0,03376253,0,0,0,0,0,0,0,0,0,0,0,0,0,0,0,0,0,0,0,0,0,0,1,1,1,False
19,76708,-14,10783,2,970438,-2,642319,-0,002766538,0,9994256,-0,0009107091,-0,03376253,0,0,0,0,0,0,0,0,0,0,0,0,0,0,0,0,0,0,0,0,0,0,1,1,1,False
19,77574,-14,10763,2,969442,-2,642331,-0,002766538,0,9994256,-0,0009107091,-0,03376253,0,0,0,0,0,0,0,0,0,0,0,0,0,0,0,0,0,0,0,0,0,0,1,1,1,False
19,78493,-14,1074,2,968373,-2,642345,-0,002766538,0,9994256,-0,0009107091,-0,03376253,0,0,0,0,0,0,0,0,0,0,0,0,0,0,0,0,0,0,0,0,0,0,1,1,1,False
19,7936,-14,10716,2,967352,-2,642359,-0,002766538,0,9994256,-0,0009107091,-0,03376253,0,0,0,0,0,0,0,0,0,0,0,0,0,0,0,0,0,0,0,0,0,0,1,1,1,False
19,80202,-14,10692,2,966351,-2,642373,-0,002766538,0,9994256,-0,0009107091,-0,03376253,0,0,0,0,0,0,0,0,0,0,0,0,0,0,0,0,0,0,0,0,0,0,1,1,1,False
19,81084,-14,10665,2,965293,-2,642389,-0,002766538,0,9994256,-0,0009107091,-0,03376253,0,0,0,0,0,0,0,0,0,0,0,0,0,0,0,0,0,0,0,0,0,0,1,1,1,False
19,81933,-14,10638,2,964265,-2,642405,-0,002766538,0,9994256,-0,0009107091,-0,03376253,0,0,0,0,0,0,0,0,0,0,0,0,0,0,0,0,0,0,0,0,0,0,1,1,1,False
19,82784,-14,10609,2,963226,-2,642423,-0,002766538,0,9994256,-0,0009107091,-0,03376253,0,0,0,0,0,0,0,0,0,0,0,0,0,0,0,0,0,0,0,0,0,0,1,1,1,False
19,83667,-14,10578,2,96214,-2,642442,-0,002766538,0,9994256,-0,0009107091,-0,03376253,0,0,0,0,0,0,0,0,0,0,0,0,0,0,0,0,0,0,0,0,0,0,1,1,1,False
19,84491,-14,10547,2,961119,-2,64246,-0,002766538,0,9994256,-0,0009107091,-0,03376253,0,0,0,0,0,0,0,0,0,0,0,0,0,0,0,0,0,0,0,0,0,0,1,1,1,False
19,8537,-14,10514,2,960023,-2,642481,-0,002766538,0,9994256,-0,0009107091,-0,03376253,0,0,0,0,0,0,0,0,0,0,0,0,0,0,0,0,0,0,0,0,0,0,1,1,1,False
19,86183,-14,10481,2,959003,-2,642501,-0,002766538,0,9994256,-0,0009107091,-0,03376253,0,0,0,0,0,0,0,0,0,0,0,0,0,0,0,0,0,0,0,0,0,0,1,1,1,False
19,87086,-14,10443,2,957863,-2,642524,-0,002766538,0,9994256,-0,0009107091,-0,03376253,0,0,0,0,0,0,0,0,0,0,0,0,0,0,0,0,0,0,0,0,0,0,1,1,1,False
19,87912,-14,10408,2,956816,-2,642546,-0,002766538,0,9994256,-0,0009107091,-0,03376253,0,0,0,0,0,0,0,0,0,0,0,0,0,0,0,0,0,0,0,0,0,0,1,1,1,False
19,88811,-14,10367,2,95567,-2,642571,-0,002766538,0,9994256,-0,0009107091,-0,03376253,0,0,0,0,0,0,0,0,0,0,0,0,0,0,0,0,0,0,0,0,0,0,1,1,1,False
19,89675,-14,10327,2,954566,-2,642596,-0,002766538,0,9994256,-0,0009107091,-0,03376253,0,0,0,0,0,0,0,0,0,0,0,0,0,0,0,0,0,0,0,0,0,0,1,1,1,False
19,90613,-14,10282,2,953361,-2,642624,-0,002766538,0,9994256,-0,0009107091,-0,03376253,0,0,0,0,0,0,0,0,0,0,0,0,0,0,0,0,0,0,0,0,0,0,1,1,1,False
19,91457,-14,10241,2,952275,-2,64265,-0,002766538,0,9994256,-0,0009107091,-0,03376253,0,0,0,0,0,0,0,0,0,0,0,0,0,0,0,0,0,0,0,0,0,0,1,1,1,False
19,92238,-14,10201,2,951266,-2,642675,-0,002766538,0,9994256,-0,0009107091,-0,03376253,0,0,0,0,0,0,0,0,0,0,0,0,0,0,0,0,0,0,0,0,0,0,1,1,1,False
19,93668,-14,10125,2,949417,-2,642722,-0,002766538,0,9994256,-0,0009107091,-0,03376253,0,0,0,0,0,0,0,0,0,0,0,0,0,0,0,0,0,0,0,0,0,0,1,1,1,False
19,94484,-14,10081,2,948359,-2,64275,-0,002766538,0,9994256,-0,0009107091,-0,03376253,0,0,0,0,0,0,0,0,0,0,0,0,0,0,0,0,0,0,0,0,0,0,1,1,1,False
19,9547,-14,10025,2,947081,-2,642785,-0,002766538,0,9994256,-0,0009107091,-0,03376253,0,0,0,0,0,0,0,0,0,0,0,0,0,0,0,0,0,0,0,0,0,0,1,1,1,False
19,96205,-14,09983,2,946126,-2,642812,-0,002766538,0,9994256,-0,0009107091,-0,03376253,0,0,0,0,0,0,0,0,0,0,0,0,0,0,0,0,0,0,0,0,0,0,1,1,1,False
19,97042,-14,09934,2,945042,-2,642843,-0,002766538,0,9994256,-0,0009107091,-0,03376253,0,0,0,0,0,0,0,0,0,0,0,0,0,0,0,0,0,0,0,0,0,0,1,1,1,False
19,97792,-14,09889,2,944071,-2,642871,-0,002766538,0,9994256,-0,0009107091,-0,03376253,0,0,0,0,0,0,0,0,0,0,0,0,0,0,0,0,0,0,0,0,0,0,1,1,1,False
19,98567,-14,09841,2,943068,-2,642902,-0,002766538,0,9994256,-0,0009107091,-0,03376253,0,0,0,0,0,0,0,0,0,0,0,0,0,0,0,0,0,0,0,0,0,0,1,1,1,False
19,99419,-14,09788,2,941967,-2,642936,-0,002766538,0,9994256,-0,0009107091,-0,03376253,0,0,0,0,0,0,0,0,0,0,0,0,0,0,0,0,0,0,0,0,0,0,1,1,1,False
20,00226,-14,09736,2,940927,-2,642968,-0,002766538,0,9994256,-0,0009107091,-0,03376253,0,0,0,0,0,0,0,0,0,0,0,0,0,0,0,0,0,0,0,0,0,0,1,1,1,False
20,01102,-14,09679,2,9398,-2,643005,-0,002766538,0,9994256,-0,0009107091,-0,03376253,0,0,0,0,0,0,0,0,0,0,0,0,0,0,0,0,0,0,0,0,0,0,1,1,1,False
20,01941,-14,09623,2,938726,-2,64304,-0,002766538,0,9994256,-0,0009107091,-0,03376253,0,0,0,0,0,0,0,0,0,0,0,0,0,0,0,0,0,0,0,0,0,0,1,1,1,False
20,02715,-14,09571,2,937737,-2,643074,-0,002766538,0,9994256,-0,0009107091,-0,03376253,0,0,0,0,0,0,0,0,0,0,0,0,0,0,0,0,0,0,0,0,0,0,1,1,1,False
20,03633,-14,09507,2,93657,-2,643114,-0,002766538,0,9994256,-0,0009107091,-0,03376253,0,0,0,0,0,0,0,0,0,0,0,0,0,0,0,0,0,0,0,0,0,0,1,1,1,False
20,04383,-14,09455,2,93562,-2,643148,-0,002766538,0,9994256,-0,0009107091,-0,03376253,0,0,0,0,0,0,0,0,0,0,0,0,0,0,0,0,0,0,0,0,0,0,1,1,1,False
20,05289,-14,0939,2,934479,-2,643189,-0,002766538,0,9994256,-0,0009107091,-0,03376253,0,0,0,0,0,0,0,0,0,0,0,0,0,0,0,0,0,0,0,0,0,0,1,1,1,False
20,06048,-14,09335,2,933528,-2,643225,-0,002766538,0,9994256,-0,0009107091,-0,03376253,0,0,0,0,0,0,0,0,0,0,0,0,0,0,0,0,0,0,0,0,0,0,1,1,1,False
20,07013,-14,09264,2,932327,-2,64327,-0,002766538,0,9994256,-0,0009107091,-0,03376253,0,0,0,0,0,0,0,0,0,0,0,0,0,0,0,0,0,0,0,0,0,0,1,1,1,False
20,07824,-14,09203,2,931324,-2,64331,-0,002766538,0,9994256,-0,0009107091,-0,03376253,0,0,0,0,0,0,0,0,0,0,0,0,0,0,0,0,0,0,0,0,0,0,1,1,1,False
20,08631,-14,09142,2,930334,-2,643349,-0,002766538,0,9994256,-0,0009107091,-0,03376253,0,0,0,0,0,0,0,0,0,0,0,0,0,0,0,0,0,0,0,0,0,0,1,1,1,False
20,09508,-14,09074,2,929266,-2,643393,-0,002766538,0,9994256,-0,0009107091,-0,03376253,0,0,0,0,0,0,0,0,0,0,0,0,0,0,0,0,0,0,0,0,0,0,1,1,1,False
20,10299,-14,09012,2,92831,-2,643432,-0,002766538,0,9994256,-0,0009107091,-0,03376253,0,0,0,0,0,0,0,0,0,0,0,0,0,0,0,0,0,0,0,0,0,0,1,1,1,False
20,112,-14,08941,2,927232,-2,643478,-0,002766538,0,9994256,-0,0009107091,-0,03376253,0,0,0,0,0,0,0,0,0,0,0,0,0,0,0,0,0,0,0,0,0,0,1,1,1,False
20,1198,-14,08879,2,926306,-2,643519,-0,002766538,0,9994256,-0,0009107091,-0,03376253,0,0,0,0,0,0,0,0,0,0,0,0,0,0,0,0,0,0,0,0,0,0,1,1,1,False
20,13133,-14,08785,2,924954,-2,643579,-0,002766538,0,9994256,-0,0009107091,-0,03376253,0,0,0,0,0,0,0,0,0,0,0,0,0,0,0,0,0,0,0,0,0,0,1,1,1,False
20,14007,-14,08713,2,923942,-2,643626,-0,002766538,0,9994256,-0,0009107091,-0,03376253,0,0,0,0,0,0,0,0,0,0,0,0,0,0,0,0,0,0,0,0,0,0,1,1,1,False
20,14882,-14,0864,2,922942,-2,643674,-0,002766538,0,9994256,-0,0009107091,-0,03376253,0,0,0,0,0,0,0,0,0,0,0,0,0,0,0,0,0,0,0,0,0,0,1,1,1,False
20,15709,-14,0857,2,922006,-2,643719,-0,002766538,0,9994256,-0,0009107091,-0,03376253,0,0,0,0,0,0,0,0,0,0,0,0,0,0,0,0,0,0,0,0,0,0,1,1,1,False
20,16497,-14,08503,2,921126,-2,643763,-0,002766538,0,9994256,-0,0009107091,-0,03376253,0,0,0,0,0,0,0,0,0,0,0,0,0,0,0,0,0,0,0,0,0,0,1,1,1,False
20,17388,-14,08426,2,920144,-2,643812,-0,002766538,0,9994256,-0,0009107091,-0,03376253,0,0,0,0,0,0,0,0,0,0,0,0,0,0,0,0,0,0,0,0,0,0,1,1,1,False
20,18705,-14,08311,2,91872,-2,645887,-0,002766538,0,9994256,-0,0009107091,-0,03376253,0,0,0,0,0,0,0,0,0,0,0,0,0,0,0,0,0,0,0,0,0,0,1,1,1,False
20,20103,-14,08187,2,917243,-2,645968,-0,002766538,0,9994256,-0,0009107091,-0,03376253,0,0,0,0,0,0,0,0,0,0,0,0,0,0,0,0,0,0,0,0,0,0,1,1,1,False
20,21137,-14,08095,2,916177,-2,649028,-0,002766538,0,9994256,-0,0009107091,-0,03376253,0,0,0,0,0,0,0,0,0,0,0,0,0,0,0,0,0,0,0,0,0,0,1,1,1,False
20,22062,-14,08011,2,915241,-2,651083,-0,002766538,0,9994256,-0,0009107091,-0,03376253,0,0,0,0,0,0,0,0,0,0,0,0,0,0,0,0,0,0,0,0,0,0,1,1,1,False
20,22938,-14,07931,2,914372,-2,651135,-0,002766538,0,9994256,-0,0009107091,-0,03376253,0,0,0,0,0,0,0,0,0,0,0,0,0,0,0,0,0,0,0,0,0,0,1,1,1,False
20,2383,-14,07849,2,913504,-2,654189,-0,002766538,0,9994256,-0,0009107091,-0,03376253,0,0,0,0,0,0,0,0,0,0,0,0,0,0,0,0,0,0,0,0,0,0,1,1,1,False
20,24632,-14,07775,2,91274,-2,654238,-0,002766538,0,9994256,-0,0009107091,-0,03376253,0,0,0,0,0,0,0,0,0,0,0,0,0,0,0,0,0,0,0,0,0,0,1,1,1,False
20,25492,-14,07695,2,911936,-2,654291,-0,002766538,0,9994256,-0,0009107091,-0,03376253,0,0,0,0,0,0,0,0,0,0,0,0,0,0,0,0,0,0,0,0,0,0,1,1,1,False
20,26311,-14,07618,2,911187,-2,654341,-0,002766538,0,9994256,-0,0009107091,-0,03376253,0,0,0,0,0,0,0,0,0,0,0,0,0,0,0,0,0,0,0,0,0,0,1,1,1,False
20,2719,-14,07535,2,910402,-2,654396,-0,002766538,0,9994256,-0,0009107091,-0,03376253,0,0,0,0,0,0,0,0,0,0,0,0,0,0,0,0,0,0,0,0,0,0,1,1,1,False
20,28,-14,07458,2,909695,-2,654446,-0,002766538,0,9994256,-0,0009107091,-0,03376253,0,0,0,0,0,0,0,0,0,0,0,0,0,0,0,0,0,0,0,0,0,0,1,1,1,False
20,28894,-14,07373,2,908934,-2,654502,-0,002766538,0,9994256,-0,0009107091,-0,03376253,0,0,0,0,0,0,0,0,0,0,0,0,0,0,0,0,0,0,0,0,0,0,1,1,1,False
20,3035,-14,07233,2,907739,-2,654594,-0,002766538,0,9994256,-0,0009107091,-0,03376253,0,0,0,0,0,0,0,0,0,0,0,0,0,0,0,0,0,0,0,0,0,0,1,1,1,False
20,31251,-14,07146,2,907027,-2,654652,-0,002766538,0,9994256,-0,0009107091,-0,03376253,0,0,0,0,0,0,0,0,0,0,0,0,0,0,0,0,0,0,0,0,0,0,1,1,1,False
20,32034,-14,0707,2,906426,-2,654702,-0,002766538,0,9994256,-0,0009107091,-0,03376253,0,0,0,0,0,0,0,0,0,0,0,0,0,0,0,0,0,0,0,0,0,0,1,1,1,False
20,33275,-14,06949,2,905509,-2,654782,-0,002766538,0,9994256,-0,0009107091,-0,03376253,0,0,0,0,0,0,0,0,0,0,0,0,0,0,0,0,0,0,0,0,0,0,1,1,1,False
20,34055,-14,06872,2,904954,-2,654833,-0,002766538,0,9994256,-0,0009107091,-0,03376253,0,0,0,0,0,0,0,0,0,0,0,0,0,0,0,0,0,0,0,0,0,0,1,1,1,False
20,34915,-14,06787,2,904363,-2,654889,-0,002766538,0,9994256,-0,0009107091,-0,03376253,0,0,0,0,0,0,0,0,0,0,0,0,0,0,0,0,0,0,0,0,0,0,1,1,1,False
20,357,-14,0671,2,903841,-2,65494,-0,002766538,0,9994256,-0,0009107091,-0,03376253,0,0,0,0,0,0,0,0,0,0,0,0,0,0,0,0,0,0,0,0,0,0,1,1,1,False
20,36597,-14,06621,2,903268,-2,656999,-0,002766538,0,9994256,-0,0009107091,-0,03376253,0,0,0,0,0,0,0,0,0,0,0,0,0,0,0,0,0,0,0,0,0,0,1,1,1,False
20,37491,-14,06533,2,902719,-2,657058,-0,002766538,0,9994256,-0,0009107091,-0,03376253,0,0,0,0,0,0,0,0,0,0,0,0,0,0,0,0,0,0,0,0,0,0,1,1,1,False
20,38309,-14,06452,2,902239,-2,657112,-0,002766538,0,9994256,-0,0009107091,-0,03376253,0,0,0,0,0,0,0,0,0,0,0,0,0,0,0,0,0,0,0,0,0,0,1,1,1,False
20,39323,-14,06351,2,901671,-2,659179,-0,002766538,0,9994256,-0,0009107091,-0,03376253,0,0,0,0,0,0,0,0,0,0,0,0,0,0,0,0,0,0,0,0,0,0,1,1,1,False
20,40119,-14,06271,2,901248,-2,659232,-0,002766538,0,9994256,-0,0009107091,-0,03376253,0,0,0,0,0,0,0,0,0,0,0,0,0,0,0,0,0,0,0,0,0,0,1,1,1,False
20,41112,-14,06172,2,900747,-2,662298,-0,002766538,0,9994256,-0,0009107091,-0,03376253,0,0,0,0,0,0,0,0,0,0,0,0,0,0,0,0,0,0,0,0,0,0,1,1,1,False
20,4202,-14,06081,2,900316,-2,664358,-0,002766538,0,9994256,-0,0009107091,-0,03376253,0,0,0,0,0,0,0,0,0,0,0,0,0,0,0,0,0,0,0,0,0,0,1,1,1,False
20,43005,-14,05983,2,899878,-2,667424,-0,002766538,0,9994256,-0,0009107091,-0,03376253,0,0,0,0,0,0,0,0,0,0,0,0,0,0,0,0,0,0,0,0,0,0,1,1,1,False
20,43801,-14,05903,2,899547,-2,667477,-0,002766538,0,9994256,-0,0009107091,-0,03376253,0,0,0,0,0,0,0,0,0,0,0,0,0,0,0,0,0,0,0,0,0,0,1,1,1,False
20,44724,-14,05811,2,899187,-2,669539,-0,002766538,0,9994256,-0,0009107091,-0,03376253,0,0,0,0,0,0,0,0,0,0,0,0,0,0,0,0,0,0,0,0,0,0,1,1,1,False
20,4641,-14,05643,2,898603,-2,673652,-0,002766538,0,9994256,-0,0009107091,-0,03376253,0,0,0,0,0,0,0,0,0,0,0,0,0,0,0,0,0,0,0,0,0,0,1,1,1,False
20,4741,-14,05543,2,8983,-2,675719,-0,002766538,0,9994256,-0,0009107091,-0,03376253,0,0,0,0,0,0,0,0,0,0,0,0,0,0,0,0,0,0,0,0,0,0,1,1,1,False
20,48343,-14,0545,2,898048,-2,680781,-0,002766538,0,9994256,-0,0009107091,-0,03376253,0,0,0,0,0,0,0,0,0,0,0,0,0,0,0,0,0,0,0,0,0,0,1,1,1,False
20,49349,-14,0535,2,897807,-2,684848,-0,002766538,0,9994256,-0,0009107091,-0,03376253,0,0,0,0,0,0,0,0,0,0,0,0,0,0,0,0,0,0,0,0,0,0,1,1,1,False
20,50248,-14,05261,2,897621,-2,689908,-0,002766538,0,9994256,-0,0009107091,-0,03376253,0,0,0,0,0,0,0,0,0,0,0,0,0,0,0,0,0,0,0,0,0,0,1,1,1,False
20,51251,-14,05161,2,897445,-2,690975,-0,002766538,0,9994256,-0,0009107091,-0,03376253,0,0,0,0,0,0,0,0,0,0,0,0,0,0,0,0,0,0,0,0,0,0,1,1,1,False
20,52179,-14,0507,2,897313,-2,697037,-0,002766538,0,9994256,-0,0009107091,-0,03376253,0,0,0,0,0,0,0,0,0,0,0,0,0,0,0,0,0,0,0,0,0,0,1,1,1,False
20,53421,-14,04948,2,89718,-2,706119,-0,002766538,0,9994256,-0,0009107091,-0,03376253,0,0,0,0,0,0,0,0,0,0,0,0,0,0,0,0,0,0,0,0,0,0,1,1,1,False
20,54317,-14,0486,2,897117,-2,711178,-0,002766538,0,9994256,-0,0009107091,-0,03376253,0,0,0,0,0,0,0,0,0,0,0,0,0,0,0,0,0,0,0,0,0,0,1,1,1,False
20,55318,-14,04762,2,897079,-2,714244,-0,002766538,0,9994256,-0,0009107091,-0,03376253,0,0,0,0,0,0,0,0,0,0,0,0,0,0,0,0,0,0,0,0,0,0,1,1,1,False
20,56252,-14,04672,2,897073,-2,720305,-0,002766538,0,9994256,-0,0009107091,-0,03376253,0,0,0,0,0,0,0,0,0,0,0,0,0,0,0,0,0,0,0,0,0,0,1,1,1,False
20,57253,-14,04575,2,8971,-2,729371,-0,002766538,0,9994256,-0,0009107091,-0,03376253,0,0,0,0,0,0,0,0,0,0,0,0,0,0,0,0,0,0,0,0,0,0,1,1,1,False
20,58174,-14,04487,2,897154,-2,735431,-0,002766538,0,9994256,-0,0009107091,-0,03376253,0,0,0,0,0,0,0,0,0,0,0,0,0,0,0,0,0,0,0,0,0,0,1,1,1,False
20,59248,-14,04384,2,897254,-2,7555,-0,002766538,0,9994256,-0,0009107091,-0,03376253,0,0,0,0,0,0,0,0,0,0,0,0,0,0,0,0,0,0,0,0,0,0,1,1,1,False
20,60152,-14,04298,2,897368,-2,764558,-0,002766538,0,9994256,-0,0009107091,-0,03376253,0,0,0,0,0,0,0,0,0,0,0,0,0,0,0,0,0,0,0,0,0,0,1,1,1,False
20,61801,-14,04143,2,897647,-2,779664,-0,002766538,0,9994256,-0,0009107091,-0,03376253,0,0,0,0,0,0,0,0,0,0,0,0,0,0,0,0,0,0,0,0,0,0,1,1,1,False
20,62705,-14,04059,2,897838,-2,782721,-0,002766538,0,9994256,-0,0009107091,-0,03376253,0,0,0,0,0,0,0,0,0,0,0,0,0,0,0,0,0,0,0,0,0,0,1,1,1,False
20,6367,-14,0397,2,898072,-2,791782,-0,002766538,0,9994256,-0,0009107091,-0,03376253,0,0,0,0,0,0,0,0,0,0,0,0,0,0,0,0,0,0,0,0,0,0,1,1,1,False
20,64619,-14,03883,2,898333,-2,799841,-0,002766538,0,9994256,-0,0009107091,-0,03376253,0,0,0,0,0,0,0,0,0,0,0,0,0,0,0,0,0,0,0,0,0,0,1,1,1,False
20,65565,-14,03797,2,898622,-2,8069,-0,002766538,0,9994256,-0,0009107091,-0,03376253,0,0,0,0,0,0,0,0,0,0,0,0,0,0,0,0,0,0,0,0,0,0,1,1,1,False
20,66421,-14,0372,2,898909,-2,810953,-0,002766538,0,9994256,-0,0009107091,-0,03376253,0,0,0,0,0,0,0,0,0,0,0,0,0,0,0,0,0,0,0,0,0,0,1,1,1,False
20,67417,-14,03631,2,899273,-2,813014,-0,002766538,0,9994256,-0,0009107091,-0,03376253,0,0,0,0,0,0,0,0,0,0,0,0,0,0,0,0,0,0,0,0,0,0,1,1,1,False
20,68363,-14,03547,2,899648,-2,820071,-0,002766538,0,9994256,-0,0009107091,-0,03376253,0,0,0,0,0,0,0,0,0,0,0,0,0,0,0,0,0,0,0,0,0,0,1,1,1,False
20,69328,-14,03463,2,90006,-2,823129,-0,002766538,0,9994256,-0,0009107091,-0,03376253,0,0,0,0,0,0,0,0,0,0,0,0,0,0,0,0,0,0,0,0,0,0,1,1,1,False
20,70218,-14,03386,2,900467,-2,836182,-0,002766538,0,9994256,-0,0009107091,-0,03376253,0,0,0,0,0,0,0,0,0,0,0,0,0,0,0,0,0,0,0,0,0,0,1,1,1,False
20,71216,-14,033,2,900952,-2,839241,-0,002766538,0,9994256,-0,0009107091,-0,03376253,0,0,0,0,0,0,0,0,0,0,0,0,0,0,0,0,0,0,0,0,0,0,1,1,1,False
20,72154,-14,03221,2,901437,-2,844295,-0,002766538,0,9994256,-0,0009107091,-0,03376253,0,0,0,0,0,0,0,0,0,0,0,0,0,0,0,0,0,0,0,0,0,0,1,1,1,False
20,7322,-14,03132,2,90202,-2,854357,-0,002766538,0,9994256,-0,0009107091,-0,03376253,0,0,0,0,0,0,0,0,0,0,0,0,0,0,0,0,0,0,0,0,0,0,1,1,1,False
20,74096,-14,0306,2,902526,-2,863406,-0,002766538,0,9994256,-0,0009107091,-0,03376253,0,0,0,0,0,0,0,0,0,0,0,0,0,0,0,0,0,0,0,0,0,0,1,1,1,False
20,75089,-14,02979,2,903127,-2,880462,-0,002766538,0,9994256,-0,0009107091,-0,03376253,0,0,0,0,0,0,0,0,0,0,0,0,0,0,0,0,0,0,0,0,0,0,1,1,1,False
20,76017,-14,02905,2,903715,-2,887514,-0,002766538,0,9994256,-0,0009107091,-0,03376253,0,0,0,0,0,0,0,0,0,0,0,0,0,0,0,0,0,0,0,0,0,0,1,1,1,False
20,77617,-14,02779,2,904788,-2,904601,-0,002766538,0,9994256,-0,0009107091,-0,03376253,0,0,0,0,0,0,0,0,0,0,0,0,0,0,0,0,0,0,0,0,0,0,1,1,1,False
20,785,-14,0271,2,905412,-2,906648,-0,002766538,0,9994256,-0,0009107091,-0,03376253,0,0,0,0,0,0,0,0,0,0,0,0,0,0,0,0,0,0,0,0,0,0,1,1,1,False
20,79471,-14,02637,2,906123,-2,9167,-0,002766538,0,9994256,-0,0009107091,-0,03376253,0,0,0,0,0,0,0,0,0,0,0,0,0,0,0,0,0,0,0,0,0,0,1,1,1,False
20,80336,-14,02572,2,906778,-2,919745,-0,002766538,0,9994256,-0,0009107091,-0,03376253,0,0,0,0,0,0,0,0,0,0,0,0,0,0,0,0,0,0,0,0,0,0,1,1,1,False
20,81329,-14,02499,2,907556,-2,929796,-0,002766538,0,9994256,-0,0009107091,-0,03376253,0,0,0,0,0,0,0,0,0,0,0,0,0,0,0,0,0,0,0,0,0,0,1,1,1,False
20,82265,-14,02431,2,908313,-2,936843,-0,002766538,0,9994256,-0,0009107091,-0,03376253,0,0,0,0,0,0,0,0,0,0,0,0,0,0,0,0,0,0,0,0,0,0,1,1,1,False
20,83214,-14,02364,2,909104,-2,94389,-0,002766538,0,9994256,-0,0009107091,-0,03376253,0,0,0,0,0,0,0,0,0,0,0,0,0,0,0,0,0,0,0,0,0,0,1,1,1,False
20,84153,-14,02299,2,909909,-2,953936,-0,002766538,0,9994256,-0,0009107091,-0,03376253,0,0,0,0,0,0,0,0,0,0,0,0,0,0,0,0,0,0,0,0,0,0,1,1,1,False
20,85149,-14,02231,2,910788,-2,958984,-0,002766538,0,9994256,-0,0009107091,-0,03376253,0,0,0,0,0,0,0,0,0,0,0,0,0,0,0,0,0,0,0,0,0,0,1,1,1,False
20,85988,-14,02175,2,911547,-2,969023,-0,002766538,0,9994256,-0,0009107091,-0,03376253,0,0,0,0,0,0,0,0,0,0,0,0,0,0,0,0,0,0,0,0,0,0,1,1,1,False
20,86863,-14,02118,2,912357,-2,979063,-0,002766538,0,9994256,-0,0009107091,-0,03376253,0,0,0,0,0,0,0,0,0,0,0,0,0,0,0,0,0,0,0,0,0,0,1,1,1,False
20,87817,-14,02057,2,91326,-2,988106,-0,002766538,0,9994256,-0,0009107091,-0,03376253,0,0,0,0,0,0,0,0,0,0,0,0,0,0,0,0,0,0,0,0,0,0,1,1,1,False
20,88738,-14,01999,2,914152,-2,995147,-0,002766538,0,9994256,-0,0009107091,-0,03376253,0,0,0,0,0,0,0,0,0,0,0,0,0,0,0,0,0,0,0,0,0,0,1,1,1,False
20,89718,-14,01939,2,915121,-3,01819,-0,002766538,0,9994256,-0,0009107091,-0,03376253,0,0,0,0,0,0,0,0,0,0,0,0,0,0,0,0,0,0,0,0,0,0,1,1,1,False
20,90637,-14,01884,2,91605,-3,036229,-0,002766538,0,9994256,-0,0009107091,-0,03376253,0,0,0,0,0,0,0,0,0,0,0,0,0,0,0,0,0,0,0,0,0,0,1,1,1,False
20,91608,-14,01828,2,917049,-3,046269,-0,002766538,0,9994256,-0,0009107091,-0,03376253,0,0,0,0,0,0,0,0,0,0,0,0,0,0,0,0,0,0,0,0,0,0,1,1,1,False
20,93152,-14,01741,2,918678,-3,072331,-0,002766538,0,9994256,-0,0009107091,-0,03376253,0,0,0,0,0,0,0,0,0,0,0,0,0,0,0,0,0,0,0,0,0,0,1,1,1,False
20,94109,-14,01689,2,919711,-3,091368,-0,002766538,0,9994256,-0,0009107091,-0,03376253,0,0,0,0,0,0,0,0,0,0,0,0,0,0,0,0,0,0,0,0,0,0,1,1,1,False
20,95128,-14,01636,2,920829,-3,106406,-0,002766538,0,9994256,-0,0009107091,-0,03376253,0,0,0,0,0,0,0,0,0,0,0,0,0,0,0,0,0,0,0,0,0,0,1,1,1,False
20,96016,-14,01591,2,921819,-3,130439,-0,002766538,0,9994256,-0,0009107091,-0,03376253,0,0,0,0,0,0,0,0,0,0,0,0,0,0,0,0,0,0,0,0,0,0,1,1,1,False
20,97051,-14,0154,2,92299,-3,138475,-0,002766538,0,9994256,-0,0009107091,-0,03376253,0,0,0,0,0,0,0,0,0,0,0,0,0,0,0,0,0,0,0,0,0,0,1,1,1,False
20,98011,-14,01495,2,924091,-3,165508,-0,002766538,0,9994256,-0,0009107091,-0,03376253,0,0,0,0,0,0,0,0,0,0,0,0,0,0,0,0,0,0,0,0,0,0,1,1,1,False
20,99045,-14,01448,2,925293,-3,177542,-0,002766538,0,9994256,-0,0009107091,-0,03376253,0,0,0,0,0,0,0,0,0,0,0,0,0,0,0,0,0,0,0,0,0,0,1,1,1,False
20,99983,-14,01407,2,926397,-3,213572,-0,002766538,0,9994256,-0,0009107091,-0,03376253,0,0,0,0,0,0,0,0,0,0,0,0,0,0,0,0,0,0,0,0,0,0,1,1,1,False
21,00866,-14,0137,2,927448,-3,226599,-0,002766538,0,9994256,-0,0009107091,-0,03376253,0,0,0,0,0,0,0,0,0,0,0,0,0,0,0,0,0,0,0,0,0,0,1,1,1,False
21,01851,-14,0133,2,928632,-3,246629,-0,002766538,0,9994256,-0,0009107091,-0,03376253,0,0,0,0,0,0,0,0,0,0,0,0,0,0,0,0,0,0,0,0,0,0,1,1,1,False
21,02765,-14,01295,2,929742,-3,263655,-0,002766538,0,9994256,-0,0009107091,-0,03376253,0,0,0,0,0,0,0,0,0,0,0,0,0,0,0,0,0,0,0,0,0,0,1,1,1,False
21,03706,-14,0126,2,930895,-3,278681,-0,002766538,0,9994256,-0,0009107091,-0,03376253,0,0,0,0,0,0,0,0,0,0,0,0,0,0,0,0,0,0,0,0,0,0,1,1,1,False
21,04726,-14,01224,2,932155,-3,292707,-0,002766538,0,9994256,-0,0009107091,-0,03376253,0,0,0,0,0,0,0,0,0,0,0,0,0,0,0,0,0,0,0,0,0,0,1,1,1,False
21,05697,-14,01192,2,933365,-3,325732,-0,002766538,0,9994256,-0,0009107091,-0,03376253,0,0,0,0,0,0,0,0,0,0,0,0,0,0,0,0,0,0,0,0,0,0,1,1,1,False
21,06524,-14,01166,2,934402,-3,343752,-0,002766538,0,9994256,-0,0009107091,-0,03376253,0,0,0,0,0,0,0,0,0,0,0,0,0,0,0,0,0,0,0,0,0,0,1,1,1,False
21,07485,-14,01137,2,935614,-3,355773,-0,002766538,0,9994256,-0,0009107091,-0,03376253,0,0,0,0,0,0,0,0,0,0,0,0,0,0,0,0,0,0,0,0,0,0,1,1,1,False
21,08909,-14,01098,2,937425,-3,386804,-0,002766538,0,9994256,-0,0009107091,-0,03376253,0,0,0,0,0,0,0,0,0,0,0,0,0,0,0,0,0,0,0,0,0,0,1,1,1,False
21,0982,-14,01075,2,938589,-3,397822,-0,002766538,0,9994256,-0,0009107091,-0,03376253,0,0,0,0,0,0,0,0,0,0,0,0,0,0,0,0,0,0,0,0,0,0,1,1,1,False
21,10758,-14,01053,2,939795,-3,413839,-0,002766538,0,9994256,-0,0009107091,-0,03376253,0,0,0,0,0,0,0,0,0,0,0,0,0,0,0,0,0,0,0,0,0,0,1,1,1,False
21,11742,-14,01031,2,941062,-3,431856,-0,002766538,0,9994256,-0,0009107091,-0,03376253,0,0,0,0,0,0,0,0,0,0,0,0,0,0,0,0,0,0,0,0,0,0,1,1,1,False
21,12609,-14,01014,2,942184,-3,45487,-0,002766538,0,9994256,-0,0009107091,-0,03376253,0,0,0,0,0,0,0,0,0,0,0,0,0,0,0,0,0,0,0,0,0,0,1,1,1,False
21,13619,-14,00996,2,943492,-3,484885,-0,002766538,0,9994256,-0,0009107091,-0,03376253,0,0,0,0,0,0,0,0,0,0,0,0,0,0,0,0,0,0,0,0,0,0,1,1,1,False
21,14501,-14,00982,2,944637,-3,499897,-0,002766538,0,9994256,-0,0009107091,-0,03376253,0,0,0,0,0,0,0,0,0,0,0,0,0,0,0,0,0,0,0,0,0,0,1,1,1,False
21,15524,-14,00967,2,945967,-3,532909,-0,002766538,0,9994256,-0,0009107091,-0,03376253,0,0,0,0,0,0,0,0,0,0,0,0,0,0,0,0,0,0,0,0,0,0,1,1,1,False
21,16694,-14,00953,2,947489,-3,555922,-0,002766538,0,9994256,-0,0009107091,-0,03376253,0,0,0,0,0,0,0,0,0,0,0,0,0,0,0,0,0,0,0,0,0,0,1,1,1,False
21,17641,-14,00943,2,94872,-3,583931,-0,002766538,0,9994256,-0,0009107091,-0,03376253,0,0,0,0,0,0,0,0,0,0,0,0,0,0,0,0,0,0,0,0,0,0,1,1,1,False
21,18537,-14,00936,2,949884,-3,599938,-0,002766538,0,9994256,-0,0009107091,-0,03376253,0,0,0,0,0,0,0,0,0,0,0,0,0,0,0,0,0,0,0,0,0,0,1,1,1,False
21,19548,-14,00929,2,951196,-3,637945,-0,002766538,0,9994256,-0,0009107091,-0,03376253,0,0,0,0,0,0,0,0,0,0,0,0,0,0,0,0,0,0,0,0,0,0,1,1,1,False
21,2044,-14,00926,2,952352,-3,65395,-0,002766538,0,9994256,-0,0009107091,-0,03376253,0,0,0,0,0,0,0,0,0,0,0,0,0,0,0,0,0,0,0,0,0,0,1,1,1,False
21,21432,-14,00923,2,953633,-3,668955,-0,002766538,0,9994256,-0,0009107091,-0,03376253,0,0,0,0,0,0,0,0,0,0,0,0,0,0,0,0,0,0,0,0,0,0,1,1,1,False
21,2234,-14,00922,2,954802,-3,689957,-0,002766538,0,9994256,-0,0009107091,-0,03376253,0,0,0,0,0,0,0,0,0,0,0,0,0,0,0,0,0,0,0,0,0,0,1,1,1,False
21,23347,-14,00924,2,956093,-3,701959,-0,002766538,0,9994256,-0,0009107091,-0,03376253,0,0,0,0,0,0,0,0,0,0,0,0,0,0,0,0,0,0,0,0,0,0,1,1,1,False
21,24924,-14,0093,2,958103,-3,735959,-0,002766538,0,9994256,-0,0009107091,-0,03376253,0,0,0,0,0,0,0,0,0,0,0,0,0,0,0,0,0,0,0,0,0,0,1,1,1,False
21,25894,-14,00936,2,959329,-3,763957,-0,002766538,0,9994256,-0,0009107091,-0,03376253,0,0,0,0,0,0,0,0,0,0,0,0,0,0,0,0,0,0,0,0,0,0,1,1,1,False
21,26767,-14,00943,2,960428,-3,770955,-0,002766538,0,9994256,-0,0009107091,-0,03376253,0,0,0,0,0,0,0,0,0,0,0,0,0,0,0,0,0,0,0,0,0,0,1,1,1,False
21,27755,-14,00953,2,961662,-3,78595,-0,002766538,0,9994256,-0,0009107091,-0,03376253,0,0,0,0,0,0,0,0,0,0,0,0,0,0,0,0,0,0,0,0,0,0,1,1,1,False
21,28626,-14,00963,2,962742,-3,796946,-0,002766538,0,9994256,-0,0009107091,-0,03376253,0,0,0,0,0,0,0,0,0,0,0,0,0,0,0,0,0,0,0,0,0,0,1,1,1,False
21,29712,-14,00978,2,964077,-3,802938,-0,002766538,0,9994256,-0,0009107091,-0,03376253,0,0,0,0,0,0,0,0,0,0,0,0,0,0,0,0,0,0,0,0,0,0,1,1,1,False
21,30591,-14,00992,2,965148,-3,827931,-0,002766538,0,9994256,-0,0009107091,-0,03376253,0,0,0,0,0,0,0,0,0,0,0,0,0,0,0,0,0,0,0,0,0,0,1,1,1,False
21,31576,-14,01009,2,966338,-3,838922,-0,002766538,0,9994256,-0,0009107091,-0,03376253,0,0,0,0,0,0,0,0,0,0,0,0,0,0,0,0,0,0,0,0,0,0,1,1,1,False
21,32445,-14,01026,2,967376,-3,849912,-0,002766538,0,9994256,-0,0009107091,-0,03376253,0,0,0,0,0,0,0,0,0,0,0,0,0,0,0,0,0,0,0,0,0,0,1,1,1,False
21,33409,-14,01047,2,968516,-3,867901,-0,002766538,0,9994256,-0,0009107091,-0,03376253,0,0,0,0,0,0,0,0,0,0,0,0,0,0,0,0,0,0,0,0,0,0,1,1,1,False
21,34304,-14,01067,2,969562,-3,878889,-0,002766538,0,9994256,-0,0009107091,-0,03376253,0,0,0,0,0,0,0,0,0,0,0,0,0,0,0,0,0,0,0,0,0,0,1,1,1,False
21,35236,-14,0109,2,970639,-3,897876,-0,002766538,0,9994256,-0,0009107091,-0,03376253,0,0,0,0,0,0,0,0,0,0,0,0,0,0,0,0,0,0,0,0,0,0,1,1,1,False
21,36144,-14,01114,2,971674,-3,910861,-0,002766538,0,9994256,-0,0009107091,-0,03376253,0,0,0,0,0,0,0,0,0,0,0,0,0,0,0,0,0,0,0,0,0,0,1,1,1,False
21,37135,-14,01143,2,972789,-3,941845,-0,002766538,0,9994256,-0,0009107091,-0,03376253,0,0,0,0,0,0,0,0,0,0,0,0,0,0,0,0,0,0,0,0,0,0,1,1,1,False
21,38006,-14,01169,2,973755,-3,957829,-0,002766538,0,9994256,-0,0009107091,-0,03376253,0,0,0,0,0,0,0,0,0,0,0,0,0,0,0,0,0,0,0,0,0,0,1,1,1,False
21,39024,-14,01201,2,974866,-3,973809,-0,002766538,0,9994256,-0,0009107091,-0,03376253,0,0,0,0,0,0,0,0,0,0,0,0,0,0,0,0,0,0,0,0,0,0,1,1,1,False
21,40571,-14,01254,2,976517,-4,021777,-0,002766538,0,9994256,-0,0009107091,-0,03376253,0,0,0,0,0,0,0,0,0,0,0,0,0,0,0,0,0,0,0,0,0,0,1,1,1,False
21,41543,-14,0129,2,97753,-4,033754,-0,002766538,0,9994256,-0,0009107091,-0,03376253,0,0,0,0,0,0,0,0,0,0,0,0,0,0,0,0,0,0,0,0,0,0,1,1,1,False
21,42427,-14,01324,2,978435,-4,045733,-0,002766538,0,9994256,-0,0009107091,-0,03376253,0,0,0,0,0,0,0,0,0,0,0,0,0,0,0,0,0,0,0,0,0,0,1,1,1,False
21,4343,-14,01364,2,979442,-4,065708,-0,002766538,0,9994256,-0,0009107091,-0,03376253,0,0,0,0,0,0,0,0,0,0,0,0,0,0,0,0,0,0,0,0,0,0,1,1,1,False
21,44335,-14,01402,2,980331,-4,097685,-0,002766538,0,9994256,-0,0009107091,-0,03376253,0,0,0,0,0,0,0,0,0,0,0,0,0,0,0,0,0,0,0,0,0,0,1,1,1,False
21,45372,-14,01447,2,981328,-4,145656,-0,002766538,0,9994256,-0,0009107091,-0,03376253,0,0,0,0,0,0,0,0,0,0,0,0,0,0,0,0,0,0,0,0,0,0,1,1,1,False
21,46265,-14,01487,2,982165,-4,17663,-0,002766538,0,9994256,-0,0009107091,-0,03376253,0,0,0,0,0,0,0,0,0,0,0,0,0,0,0,0,0,0,0,0,0,0,1,1,1,False
21,47267,-14,01534,2,983083,-4,2026,-0,002766538,0,9994256,-0,0009107091,-0,03376253,0,0,0,0,0,0,0,0,0,0,0,0,0,0,0,0,0,0,0,0,0,0,1,1,1,False
21,48236,-14,01581,2,983948,-4,23157,-0,002766538,0,9994256,-0,0009107091,-0,03376253,0,0,0,0,0,0,0,0,0,0,0,0,0,0,0,0,0,0,0,0,0,0,1,1,1,False
21,49249,-14,01632,2,984827,-4,300537,-0,002766538,0,9994256,-0,0009107091,-0,03376253,0,0,0,0,0,0,0,0,0,0,0,0,0,0,0,0,0,0,0,0,0,0,1,1,1,False
21,50137,-14,01679,2,985575,-4,338508,-0,002766538,0,9994256,-0,0009107091,-0,03376253,0,0,0,0,0,0,0,0,0,0,0,0,0,0,0,0,0,0,0,0,0,0,1,1,1,False
21,51164,-14,01734,2,986416,-4,388472,-0,002766538,0,9994256,-0,0009107091,-0,03376253,0,0,0,0,0,0,0,0,0,0,0,0,0,0,0,0,0,0,0,0,0,0,1,1,1,False
21,52049,-14,01783,2,987117,-4,413441,-0,002766538,0,9994256,-0,0009107091,-0,03376253,0,0,0,0,0,0,0,0,0,0,0,0,0,0,0,0,0,0,0,0,0,0,1,1,1,False
21,53026,-14,01838,2,987867,-4,479405,-0,002766538,0,9994256,-0,0009107091,-0,03376253,0,0,0,0,0,0,0,0,0,0,0,0,0,0,0,0,0,0,0,0,0,0,1,1,1,False
21,53884,-14,01888,2,988504,-4,520372,-0,002766538,0,9994256,-0,0009107091,-0,03376253,0,0,0,0,0,0,0,0,0,0,0,0,0,0,0,0,0,0,0,0,0,0,1,1,1,False
21,54836,-14,01945,2,989186,-4,613335,-0,002766538,0,9994256,-0,0009107091,-0,03376253,0,0,0,0,0,0,0,0,0,0,0,0,0,0,0,0,0,0,0,0,0,0,1,1,1,False
21,56435,-14,02043,2,990274,-4,697271,-0,002766538,0,9994256,-0,0009107091,-0,03376253,0,0,0,0,0,0,0,0,0,0,0,0,0,0,0,0,0,0,0,0,0,0,1,1,1,False
21,57421,-14,02106,2,990908,-4,729229,-0,002766538,0,9994256,-0,0009107091,-0,03376253,0,0,0,0,0,0,0,0,0,0,0,0,0,0,0,0,0,0,0,0,0,0,1,1,1,False
21,58358,-14,02167,2,991484,-4,784189,-0,002766538,0,9994256,-0,0009107091,-0,03376253,0,0,0,0,0,0,0,0,0,0,0,0,0,0,0,0,0,0,0,0,0,0,1,1,1,False
21,59336,-14,02232,2,992058,-4,833146,-0,002766538,0,9994256,-0,0009107091,-0,03376253,0,0,0,0,0,0,0,0,0,0,0,0,0,0,0,0,0,0,0,0,0,0,1,1,1,False
21,60234,-14,02293,2,992558,-4,880106,-0,002766538,0,9994256,-0,0009107091,-0,03376253,0,0,0,0,0,0,0,0,0,0,0,0,0,0,0,0,0,0,0,0,0,0,1,1,1,False
21,61256,-14,02364,2,993097,-4,95506,-0,002766538,0,9994256,-0,0009107091,-0,03376253,0,0,0,0,0,0,0,0,0,0,0,0,0,0,0,0,0,0,0,0,0,0,1,1,1,False
21,6215,-14,02427,2,993543,-5,004017,-0,002766538,0,9994256,-0,0009107091,-0,03376253,0,0,0,0,0,0,0,0,0,0,0,0,0,0,0,0,0,0,0,0,0,0,1,1,1,False
21,63112,-14,02496,2,993994,-5,081972,-0,002766538,0,9994256,-0,0009107091,-0,03376253,0,0,0,0,0,0,0,0,0,0,0,0,0,0,0,0,0,0,0,0,0,0,1,1,1,False
21,64011,-14,02562,2,994389,-5,118928,-0,002766538,0,9994256,-0,0009107091,-0,03376253,0,0,0,0,0,0,0,0,0,0,0,0,0,0,0,0,0,0,0,0,0,0,1,1,1,False
21,65001,-14,02636,2,994793,-5,155879,-0,002766538,0,9994256,-0,0009107091,-0,03376253,0,0,0,0,0,0,0,0,0,0,0,0,0,0,0,0,0,0,0,0,0,0,1,1,1,False
21,65875,-14,02702,2,995125,-5,181835,-0,002766538,0,9994256,-0,0009107091,-0,03376253,0,0,0,0,0,0,0,0,0,0,0,0,0,0,0,0,0,0,0,0,0,0,1,1,1,False
21,66783,-14,02771,2,995443,-5,219788,-0,002766538,0,9994256,-0,0009107091,-0,03376253,0,0,0,0,0,0,0,0,0,0,0,0,0,0,0,0,0,0,0,0,0,0,1,1,1,False
21,67744,-14,02846,2,99575,-5,257738,-0,002766538,0,9994256,-0,0009107091,-0,03376253,0,0,0,0,0,0,0,0,0,0,0,0,0,0,0,0,0,0,0,0,0,0,1,1,1,False
21,68669,-14,02919,2,996017,-5,27669,-0,002766538,0,9994256,-0,0009107091,-0,03376253,0,0,0,0,0,0,0,0,0,0,0,0,0,0,0,0,0,0,0,0,0,0,1,1,1,False
21,69683,-14,03001,2,996277,-5,296635,-0,002766538,0,9994256,-0,0009107091,-0,03376253,0,0,0,0,0,0,0,0,0,0,0,0,0,0,0,0,0,0,0,0,0,0,1,1,1,False
21,70563,-14,03072,2,996475,-5,307587,-0,002766538,0,9994256,-0,0009107091,-0,03376253,0,0,0,0,0,0,0,0,0,0,0,0,0,0,0,0,0,0,0,0,0,0,1,1,1,False
21,72249,-14,03212,2,996782,-5,327493,-0,002766538,0,9994256,-0,0009107091,-0,03376253,0,0,0,0,0,0,0,0,0,0,0,0,0,0,0,0,0,0,0,0,0,0,1,1,1,False
21,7322,-14,03294,2,996915,-5,339438,-0,002766538,0,9994256,-0,0009107091,-0,03376253,0,0,0,0,0,0,0,0,0,0,0,0,0,0,0,0,0,0,0,0,0,0,1,1,1,False
21,74198,-14,03377,2,997017,-5,343382,-0,002766538,0,9994256,-0,0009107091,-0,03376253,0,0,0,0,0,0,0,0,0,0,0,0,0,0,0,0,0,0,0,0,0,0,1,1,1,False
21,75168,-14,03461,2,997087,-5,351326,-0,002766538,0,9994256,-0,0009107091,-0,03376253,0,0,0,0,0,0,0,0,0,0,0,0,0,0,0,0,0,0,0,0,0,0,1,1,1,False
21,76117,-14,03543,2,997124,-5,35927,-0,002766538,0,9994256,-0,0009107091,-0,03376253,0,0,0,0,0,0,0,0,0,0,0,0,0,0,0,0,0,0,0,0,0,0,1,1,1,False
21,77003,-14,03621,2,997132,-5,359217,-0,002766538,0,9994256,-0,0009107091,-0,03376253,0,0,0,0,0,0,0,0,0,0,0,0,0,0,0,0,0,0,0,0,0,0,1,1,1,False
21,77911,-14,03702,2,997111,-5,367163,-0,002766538,0,9994256,-0,0009107091,-0,03376253,0,0,0,0,0,0,0,0,0,0,0,0,0,0,0,0,0,0,0,0,0,0,1,1,1,False
21,78684,-14,03771,2,997072,-5,367115,-0,002766538,0,9994256,-0,0009107091,-0,03376253,0,0,0,0,0,0,0,0,0,0,0,0,0,0,0,0,0,0,0,0,0,0,1,1,1,False
21,79736,-14,03866,2,996987,-5,367051,-0,002766538,0,9994256,-0,0009107091,-0,03376253,0,0,0,0,0,0,0,0,0,0,0,0,0,0,0,0,0,0,0,0,0,0,1,1,1,False
21,80658,-14,0395,2,996881,-5,370994,-0,002766538,0,9994256,-0,0009107091,-0,03376253,0,0,0,0,0,0,0,0,0,0,0,0,0,0,0,0,0,0,0,0,0,0,1,1,1,False
21,81566,-14,04034,2,996749,-5,370937,-0,002766538,0,9994256,-0,0009107091,-0,03376253,0,0,0,0,0,0,0,0,0,0,0,0,0,0,0,0,0,0,0,0,0,0,1,1,1,False
21,82338,-14,04105,2,996615,-5,370889,-0,002766538,0,9994256,-0,0009107091,-0,03376253,0,0,0,0,0,0,0,0,0,0,0,0,0,0,0,0,0,0,0,0,0,0,1,1,1,False
21,8317,-14,04182,2,996448,-5,370836,-0,002766538,0,9994256,-0,0009107091,-0,03376253,0,0,0,0,0,0,0,0,0,0,0,0,0,0,0,0,0,0,0,0,0,0,1,1,1,False
21,83923,-14,04253,2,996277,-5,370788,-0,002766538,0,9994256,-0,0009107091,-0,03376253,0,0,0,0,0,0,0,0,0,0,0,0,0,0,0,0,0,0,0,0,0,0,1,1,1,False
21,84656,-14,04322,2,996092,-5,370741,-0,002766538,0,9994256,-0,0009107091,-0,03376253,0,0,0,0,0,0,0,0,0,0,0,0,0,0,0,0,0,0,0,0,0,0,1,1,1,False
21,85466,-14,04398,2,995867,-5,370689,-0,002766538,0,9994256,-0,0009107091,-0,03376253,0,0,0,0,0,0,0,0,0,0,0,0,0,0,0,0,0,0,0,0,0,0,1,1,1,False
21,86202,-14,04468,2,995644,-5,370641,-0,002766538,0,9994256,-0,0009107091,-0,03376253,0,0,0,0,0,0,0,0,0,0,0,0,0,0,0,0,0,0,0,0,0,0,1,1,1,False
21,87823,-14,04623,2,99509,-5,370535,-0,002766538,0,9994256,-0,0009107091,-0,03376253,0,0,0,0,0,0,0,0,0,0,0,0,0,0,0,0,0,0,0,0,0,0,1,1,1,False
21,88636,-14,04701,2,994781,-5,370481,-0,002766538,0,9994256,-0,0009107091,-0,03376253,0,0,0,0,0,0,0,0,0,0,0,0,0,0,0,0,0,0,0,0,0,0,1,1,1,False
21,89532,-14,04788,2,994414,-5,370422,-0,002766538,0,9994256,-0,0009107091,-0,03376253,0,0,0,0,0,0,0,0,0,0,0,0,0,0,0,0,0,0,0,0,0,0,1,1,1,False
21,90356,-14,04868,2,994055,-5,370368,-0,002766538,0,9994256,-0,0009107091,-0,03376253,0,0,0,0,0,0,0,0,0,0,0,0,0,0,0,0,0,0,0,0,0,0,1,1,1,False
21,91208,-14,04951,2,99366,-5,37031,-0,002766538,0,9994256,-0,0009107091,-0,03376253,0,0,0,0,0,0,0,0,0,0,0,0,0,0,0,0,0,0,0,0,0,0,1,1,1,False
21,91983,-14,05027,2,993281,-5,370258,-0,002766538,0,9994256,-0,0009107091,-0,03376253,0,0,0,0,0,0,0,0,0,0,0,0,0,0,0,0,0,0,0,0,0,0,1,1,1,False
21,92887,-14,05115,2,992816,-5,370198,-0,002766538,0,9994256,-0,0009107091,-0,03376253,0,0,0,0,0,0,0,0,0,0,0,0,0,0,0,0,0,0,0,0,0,0,1,1,1,False
21,93798,-14,05205,2,992322,-5,370136,-0,002766538,0,9994256,-0,0009107091,-0,03376253,0,0,0,0,0,0,0,0,0,0,0,0,0,0,0,0,0,0,0,0,0,0,1,1,1,False
21,9472,-14,05296,2,991795,-5,370074,-0,002766538,0,9994256,-0,0009107091,-0,03376253,0,0,0,0,0,0,0,0,0,0,0,0,0,0,0,0,0,0,0,0,0,0,1,1,1,False
21,95627,-14,05385,2,991252,-5,370012,-0,002766538,0,9994256,-0,0009107091,-0,03376253,0,0,0,0,0,0,0,0,0,0,0,0,0,0,0,0,0,0,0,0,0,0,1,1,1,False
21,9647,-14,05469,2,990725,-5,369955,-0,002766538,0,9994256,-0,0009107091,-0,03376253,0,0,0,0,0,0,0,0,0,0,0,0,0,0,0,0,0,0,0,0,0,0,1,1,1,False
21,9744,-14,05565,2,990093,-5,369888,-0,002766538,0,9994256,-0,0009107091,-0,03376253,0,0,0,0,0,0,0,0,0,0,0,0,0,0,0,0,0,0,0,0,0,0,1,1,1,False
21,98186,-14,05639,2,989588,-5,369837,-0,002766538,0,9994256,-0,0009107091,-0,03376253,0,0,0,0,0,0,0,0,0,0,0,0,0,0,0,0,0,0,0,0,0,0,1,1,1,False
21,99104,-14,0573,2,988945,-5,369774,-0,002766538,0,9994256,-0,0009107091,-0,03376253,0,0,0,0,0,0,0,0,0,0,0,0,0,0,0,0,0,0,0,0,0,0,1,1,1,False
21,9985,-14,05804,2,988405,-5,369723,-0,002766538,0,9994256,-0,0009107091,-0,03376253,0,0,0,0,0,0,0,0,0,0,0,0,0,0,0,0,0,0,0,0,0,0,1,1,1,False
22,00992,-14,05917,2,987548,-5,369645,-0,002766538,0,9994256,-0,0009107091,-0,03376253,0,0,0,0,0,0,0,0,0,0,0,0,0,0,0,0,0,0,0,0,0,0,1,1,1,False
22,02999,-14,06117,2,985956,-5,369507,-0,002766538,0,9994256,-0,0009107091,-0,03376253,0,0,0,0,0,0,0,0,0,0,0,0,0,0,0,0,0,0,0,0,0,0,1,1,1,False
22,04015,-14,06217,2,985109,-5,369437,-0,002766538,0,9994256,-0,0009107091,-0,03376253,0,0,0,0,0,0,0,0,0,0,0,0,0,0,0,0,0,0,0,0,0,0,1,1,1,False
22,04927,-14,06308,2,984326,-5,369374,-0,002766538,0,9994256,-0,0009107091,-0,03376253,0,0,0,0,0,0,0,0,0,0,0,0,0,0,0,0,0,0,0,0,0,0,1,1,1,False
22,05828,-14,06397,2,983532,-5,369312,-0,002766538,0,9994256,-0,0009107091,-0,03376253,0,0,0,0,0,0,0,0,0,0,0,0,0,0,0,0,0,0,0,0,0,0,1,1,1,False
22,06683,-14,06481,2,982761,-5,369254,-0,002766538,0,9994256,-0,0009107091,-0,03376253,0,0,0,0,0,0,0,0,0,0,0,0,0,0,0,0,0,0,0,0,0,0,1,1,1,False
22,07646,-14,06576,2,98187,-5,369188,-0,002766538,0,9994256,-0,0009107091,-0,03376253,0,0,0,0,0,0,0,0,0,0,0,0,0,0,0,0,0,0,0,0,0,0,1,1,1,False
22,0856,-14,06666,2,981004,-5,369125,-0,002766538,0,9994256,-0,0009107091,-0,03376253,0,0,0,0,0,0,0,0,0,0,0,0,0,0,0,0,0,0,0,0,0,0,1,1,1,False
22,09465,-14,06755,2,980128,-5,369063,-0,002766538,0,9994256,-0,0009107091,-0,03376253,0,0,0,0,0,0,0,0,0,0,0,0,0,0,0,0,0,0,0,0,0,0,1,1,1,False
22,10318,-14,06838,2,979285,-5,369005,-0,002766538,0,9994256,-0,0009107091,-0,03376253,0,0,0,0,0,0,0,0,0,0,0,0,0,0,0,0,0,0,0,0,0,0,1,1,1,False
22,11152,-14,06919,2,978446,-5,368948,-0,002766538,0,9994256,-0,0009107091,-0,03376253,0,0,0,0,0,0,0,0,0,0,0,0,0,0,0,0,0,0,0,0,0,0,1,1,1,False
22,11942,-14,06996,2,977638,-5,368895,-0,002766538,0,9994256,-0,0009107091,-0,03376253,0,0,0,0,0,0,0,0,0,0,0,0,0,0,0,0,0,0,0,0,0,0,1,1,1,False
22,12736,-14,07073,2,976812,-5,368842,-0,002766538,0,9994256,-0,0009107091,-0,03376253,0,0,0,0,0,0,0,0,0,0,0,0,0,0,0,0,0,0,0,0,0,0,1,1,1,False
22,1367,-14,07163,2,975825,-5,368779,-0,002766538,0,9994256,-0,0009107091,-0,03376253,0,0,0,0,0,0,0,0,0,0,0,0,0,0,0,0,0,0,0,0,0,0,1,1,1,False
22,14841,-14,07275,2,974563,-5,368701,-0,002766538,0,9994256,-0,0009107091,-0,03376253,0,0,0,0,0,0,0,0,0,0,0,0,0,0,0,0,0,0,0,0,0,0,1,1,1,False
22,1567,-14,07354,2,973654,-5,368645,-0,002766538,0,9994256,-0,0009107091,-0,03376253,0,0,0,0,0,0,0,0,0,0,0,0,0,0,0,0,0,0,0,0,0,0,1,1,1,False
22,16425,-14,07425,2,972816,-5,368595,-0,002766538,0,9994256,-0,0009107091,-0,03376253,0,0,0,0,0,0,0,0,0,0,0,0,0,0,0,0,0,0,0,0,0,0,1,1,1,False
22,17257,-14,07504,2,97188,-5,36854,-0,002766538,0,9994256,-0,0009107091,-0,03376253,0,0,0,0,0,0,0,0,0,0,0,0,0,0,0,0,0,0,0,0,0,0,1,1,1,False
22,18205,-14,07592,2,970799,-5,368478,-0,002766538,0,9994256,-0,0009107091,-0,03376253,0,0,0,0,0,0,0,0,0,0,0,0,0,0,0,0,0,0,0,0,0,0,1,1,1,False
22,19652,-14,07727,2,969123,-5,368384,-0,002766538,0,9994256,-0,0009107091,-0,03376253,0,0,0,0,0,0,0,0,0,0,0,0,0,0,0,0,0,0,0,0,0,0,1,1,1,False
22,20735,-14,07826,2,967848,-5,368314,-0,002766538,0,9994256,-0,0009107091,-0,03376253,0,0,0,0,0,0,0,0,0,0,0,0,0,0,0,0,0,0,0,0,0,0,1,1,1,False
22,21693,-14,07914,2,966706,-5,368253,-0,002766538,0,9994256,-0,0009107091,-0,03376253,0,0,0,0,0,0,0,0,0,0,0,0,0,0,0,0,0,0,0,0,0,0,1,1,1,False
22,22579,-14,07994,2,965639,-5,368196,-0,002766538,0,9994256,-0,0009107091,-0,03376253,0,0,0,0,0,0,0,0,0,0,0,0,0,0,0,0,0,0,0,0,0,0,1,1,1,False
22,23534,-14,08079,2,964478,-5,368136,-0,002766538,0,9994256,-0,0009107091,-0,03376253,0,0,0,0,0,0,0,0,0,0,0,0,0,0,0,0,0,0,0,0,0,0,1,1,1,False
22,2456,-14,0817,2,963218,-5,368072,-0,002766538,0,9994256,-0,0009107091,-0,03376253,0,0,0,0,0,0,0,0,0,0,0,0,0,0,0,0,0,0,0,0,0,0,1,1,1,False
22,25513,-14,08254,2,962038,-5,368013,-0,002766538,0,9994256,-0,0009107091,-0,03376253,0,0,0,0,0,0,0,0,0,0,0,0,0,0,0,0,0,0,0,0,0,0,1,1,1,False
22,26381,-14,0833,2,960954,-5,367959,-0,002766538,0,9994256,-0,0009107091,-0,03376253,0,0,0,0,0,0,0,0,0,0,0,0,0,0,0,0,0,0,0,0,0,0,1,1,1,False
22,27363,-14,08414,2,95972,-5,3679,-0,002766538,0,9994256,-0,0009107091,-0,03376253,0,0,0,0,0,0,0,0,0,0,0,0,0,0,0,0,0,0,0,0,0,0,1,1,1,False
22,28259,-14,08491,2,958586,-5,367846,-0,002766538,0,9994256,-0,0009107091,-0,03376253,0,0,0,0,0,0,0,0,0,0,0,0,0,0,0,0,0,0,0,0,0,0,1,1,1,False
22,29228,-14,08572,2,957355,-5,367788,-0,002766538,0,9994256,-0,0009107091,-0,03376253,0,0,0,0,0,0,0,0,0,0,0,0,0,0,0,0,0,0,0,0,0,0,1,1,1,False
22,30205,-14,08653,2,956105,-5,367731,-0,002766538,0,9994256,-0,0009107091,-0,03376253,0,0,0,0,0,0,0,0,0,0,0,0,0,0,0,0,0,0,0,0,0,0,1,1,1,False
22,31231,-14,08738,2,954786,-5,367671,-0,002766538,0,9994256,-0,0009107091,-0,03376253,0,0,0,0,0,0,0,0,0,0,0,0,0,0,0,0,0,0,0,0,0,0,1,1,1,False
22,32174,-14,08814,2,953569,-5,367617,-0,002766538,0,9994256,-0,0009107091,-0,03376253,0,0,0,0,0,0,0,0,0,0,0,0,0,0,0,0,0,0,0,0,0,0,1,1,1,False
22,33168,-14,08893,2,952282,-5,367561,-0,002766538,0,9994256,-0,0009107091,-0,03376253,0,0,0,0,0,0,0,0,0,0,0,0,0,0,0,0,0,0,0,0,0,0,1,1,1,False
22,34148,-14,0897,2,95101,-5,367506,-0,002766538,0,9994256,-0,0009107091,-0,03376253,0,0,0,0,0,0,0,0,0,0,0,0,0,0,0,0,0,0,0,0,0,0,1,1,1,False
22,35086,-14,09043,2,94979,-5,367455,-0,002766538,0,9994256,-0,0009107091,-0,03376253,0,0,0,0,0,0,0,0,0,0,0,0,0,0,0,0,0,0,0,0,0,0,1,1,1,False
22,35868,-14,09103,2,94877,-5,367412,-0,002766538,0,9994256,-0,0009107091,-0,03376253,0,0,0,0,0,0,0,0,0,0,0,0,0,0,0,0,0,0,0,0,0,0,1,1,1,False
22,3686,-14,09177,2,947477,-5,367359,-0,002766538,0,9994256,-0,0009107091,-0,03376253,0,0,0,0,0,0,0,0,0,0,0,0,0,0,0,0,0,0,0,0,0,0,1,1,1,False
22,38077,-14,09267,2,94589,-5,367295,-0,002766538,0,9994256,-0,0009107091,-0,03376253,0,0,0,0,0,0,0,0,0,0,0,0,0,0,0,0,0,0,0,0,0,0,1,1,1,False
22,38927,-14,09329,2,944783,-5,367251,-0,002766538,0,9994256,-0,0009107091,-0,03376253,0,0,0,0,0,0,0,0,0,0,0,0,0,0,0,0,0,0,0,0,0,0,1,1,1,False
22,39742,-14,09387,2,943723,-5,36721,-0,002766538,0,9994256,-0,0009107091,-0,03376253,0,0,0,0,0,0,0,0,0,0,0,0,0,0,0,0,0,0,0,0,0,0,1,1,1,False
22,40553,-14,09444,2,942667,-5,367169,-0,002766538,0,9994256,-0,0009107091,-0,03376253,0,0,0,0,0,0,0,0,0,0,0,0,0,0,0,0,0,0,0,0,0,0,1,1,1,False
22,41508,-14,0951,2,941428,-5,367122,-0,002766538,0,9994256,-0,0009107091,-0,03376253,0,0,0,0,0,0,0,0,0,0,0,0,0,0,0,0,0,0,0,0,0,0,1,1,1,False
22,42356,-14,09567,2,94033,-5,367081,-0,002766538,0,9994256,-0,0009107091,-0,03376253,0,0,0,0,0,0,0,0,0,0,0,0,0,0,0,0,0,0,0,0,0,0,1,1,1,False
22,4323,-14,09625,2,939202,-5,36704,-0,002766538,0,9994256,-0,0009107091,-0,03376253,0,0,0,0,0,0,0,0,0,0,0,0,0,0,0,0,0,0,0,0,0,0,1,1,1,False
22,44016,-14,09676,2,938191,-5,367003,-0,002766538,0,9994256,-0,0009107091,-0,03376253,0,0,0,0,0,0,0,0,0,0,0,0,0,0,0,0,0,0,0,0,0,0,1,1,1,False
22,4489,-14,09732,2,937071,-5,366963,-0,002766538,0,9994256,-0,0009107091,-0,03376253,0,0,0,0,0,0,0,0,0,0,0,0,0,0,0,0,0,0,0,0,0,0,1,1,1,False
22,45748,-14,09786,2,935976,-5,366925,-0,002766538,0,9994256,-0,0009107091,-0,03376253,0,0,0,0,0,0,0,0,0,0,0,0,0,0,0,0,0,0,0,0,0,0,1,1,1,False
22,46638,-14,0984,2,934848,-5,366886,-0,002766538,0,9994256,-0,0009107091,-0,03376253,0,0,0,0,0,0,0,0,0,0,0,0,0,0,0,0,0,0,0,0,0,0,1,1,1,False
22,47765,-14,09907,2,933426,-5,366837,-0,002766538,0,9994256,-0,0009107091,-0,03376253,0,0,0,0,0,0,0,0,0,0,0,0,0,0,0,0,0,0,0,0,0,0,1,1,1,False
22,48735,-14,09963,2,932212,-5,366797,-0,002766538,0,9994256,-0,0009107091,-0,03376253,0,0,0,0,0,0,0,0,0,0,0,0,0,0,0,0,0,0,0,0,0,0,1,1,1,False
22,49792,-14,10023,2,9309,-5,366754,-0,002766538,0,9994256,-0,0009107091,-0,03376253,0,0,0,0,0,0,0,0,0,0,0,0,0,0,0,0,0,0,0,0,0,0,1,1,1,False
22,50726,-14,10074,2,92975,-5,366717,-0,002766538,0,9994256,-0,0009107091,-0,03376253,0,0,0,0,0,0,0,0,0,0,0,0,0,0,0,0,0,0,0,0,0,0,1,1,1,False
22,51748,-14,10128,2,928505,-5,366678,-0,002766538,0,9994256,-0,0009107091,-0,03376253,0,0,0,0,0,0,0,0,0,0,0,0,0,0,0,0,0,0,0,0,0,0,1,1,1,False
22,52611,-14,10172,2,927463,-5,366646,-0,002766538,0,9994256,-0,0009107091,-0,03376253,0,0,0,0,0,0,0,0,0,0,0,0,0,0,0,0,0,0,0,0,0,0,1,1,1,False
22,53585,-14,10221,2,926298,-5,366611,-0,002766538,0,9994256,-0,0009107091,-0,03376253,0,0,0,0,0,0,0,0,0,0,0,0,0,0,0,0,0,0,0,0,0,0,1,1,1,False
22,54494,-14,10265,2,925223,-5,366579,-0,002766538,0,9994256,-0,0009107091,-0,03376253,0,0,0,0,0,0,0,0,0,0,0,0,0,0,0,0,0,0,0,0,0,0,1,1,1,False
22,55478,-14,10311,2,924074,-5,366546,-0,002766538,0,9994256,-0,0009107091,-0,03376253,0,0,0,0,0,0,0,0,0,0,0,0,0,0,0,0,0,0,0,0,0,0,1,1,1,False
22,56438,-14,10354,2,922966,-5,366514,-0,002766538,0,9994256,-0,0009107091,-0,03376253,0,0,0,0,0,0,0,0,0,0,0,0,0,0,0,0,0,0,0,0,0,0,1,1,1,False
22,57382,-14,10395,2,921892,-5,366484,-0,002766538,0,9994256,-0,0009107091,-0,03376253,0,0,0,0,0,0,0,0,0,0,0,0,0,0,0,0,0,0,0,0,0,0,1,1,1,False
22,58308,-14,10433,2,920852,-5,366456,-0,002766538,0,9994256,-0,0009107091,-0,03376253,0,0,0,0,0,0,0,0,0,0,0,0,0,0,0,0,0,0,0,0,0,0,1,1,1,False
22,59307,-14,10473,2,919749,-5,366427,-0,002766538,0,9994256,-0,0009107091,-0,03376253,0,0,0,0,0,0,0,0,0,0,0,0,0,0,0,0,0,0,0,0,0,0,1,1,1,False
22,60338,-14,10512,2,918628,-5,366398,-0,002766538,0,9994256,-0,0009107091,-0,03376253,0,0,0,0,0,0,0,0,0,0,0,0,0,0,0,0,0,0,0,0,0,0,1,1,1,False
22,6141,-14,1055,2,917485,-5,36637,-0,002766538,0,9994256,-0,0009107091,-0,03376253,0,0,0,0,0,0,0,0,0,0,0,0,0,0,0,0,0,0,0,0,0,0,1,1,1,False
22,62331,-14,10582,2,916521,-5,366347,-0,002766538,0,9994256,-0,0009107091,-0,03376253,0,0,0,0,0,0,0,0,0,0,0,0,0,0,0,0,0,0,0,0,0,0,1,1,1,False
22,63329,-14,10614,2,915496,-5,366323,-0,002766538,0,9994256,-0,0009107091,-0,03376253,0,0,0,0,0,0,0,0,0,0,0,0,0,0,0,0,0,0,0,0,0,0,1,1,1,False
22,64216,-14,10641,2,914603,-5,366303,-0,002766538,0,9994256,-0,0009107091,-0,03376253,0,0,0,0,0,0,0,0,0,0,0,0,0,0,0,0,0,0,0,0,0,0,1,1,1,False
22,65222,-14,1067,2,913611,-5,366281,-0,002766538,0,9994256,-0,0009107091,-0,03376253,0,0,0,0,0,0,0,0,0,0,0,0,0,0,0,0,0,0,0,0,0,0,1,1,1,False
22,66119,-14,10695,2,912745,-5,366263,-0,002766538,0,9994256,-0,0009107091,-0,03376253,0,0,0,0,0,0,0,0,0,0,0,0,0,0,0,0,0,0,0,0,0,0,1,1,1,False
22,67079,-14,10719,2,911839,-5,366245,-0,002766538,0,9994256,-0,0009107091,-0,03376253,0,0,0,0,0,0,0,0,0,0,0,0,0,0,0,0,0,0,0,0,0,0,1,1,1,False
22,67947,-14,10739,2,911039,-5,36623,-0,002766538,0,9994256,-0,0009107091,-0,03376253,0,0,0,0,0,0,0,0,0,0,0,0,0,0,0,0,0,0,0,0,0,0,1,1,1,False
22,68904,-14,1076,2,910178,-5,366214,-0,002766538,0,9994256,-0,0009107091,-0,03376253,0,0,0,0,0,0,0,0,0,0,0,0,0,0,0,0,0,0,0,0,0,0,1,1,1,False
22,69778,-14,10777,2,909411,-5,3662,-0,002766538,0,9994256,-0,0009107091,-0,03376253,0,0,0,0,0,0,0,0,0,0,0,0,0,0,0,0,0,0,0,0,0,0,1,1,1,False
22,70743,-14,10795,2,908588,-5,366187,-0,002766538,0,9994256,-0,0009107091,-0,03376253,0,0,0,0,0,0,0,0,0,0,0,0,0,0,0,0,0,0,0,0,0,0,1,1,1,False
22,71765,-14,10811,2,907741,-5,366174,-0,002766538,0,9994256,-0,0009107091,-0,03376253,0,0,0,0,0,0,0,0,0,0,0,0,0,0,0,0,0,0,0,0,0,0,1,1,1,False
22,72795,-14,10826,2,906917,-5,366162,-0,002766538,0,9994256,-0,0009107091,-0,03376253,0,0,0,0,0,0,0,0,0,0,0,0,0,0,0,0,0,0,0,0,0,0,1,1,1,False
22,73658,-14,10837,2,906248,-5,366154,-0,002766538,0,9994256,-0,0009107091,-0,03376253,0,0,0,0,0,0,0,0,0,0,0,0,0,0,0,0,0,0,0,0,0,0,1,1,1,False
22,74579,-14,10847,2,905556,-5,366146,-0,002766538,0,9994256,-0,0009107091,-0,03376253,0,0,0,0,0,0,0,0,0,0,0,0,0,0,0,0,0,0,0,0,0,0,1,1,1,False
22,75574,-14,10855,2,904836,-5,366138,-0,002766538,0,9994256,-0,0009107091,-0,03376253,0,0,0,0,0,0,0,0,0,0,0,0,0,0,0,0,0,0,0,0,0,0,1,1,1,False
22,76489,-14,10861,2,904198,-5,366133,-0,002766538,0,9994256,-0,0009107091,-0,03376253,0,0,0,0,0,0,0,0,0,0,0,0,0,0,0,0,0,0,0,0,0,0,1,1,1,False
22,77558,-14,10867,2,903484,-5,366128,-0,002766538,0,9994256,-0,0009107091,-0,03376253,0,0,0,0,0,0,0,0,0,0,0,0,0,0,0,0,0,0,0,0,0,0,1,1,1,False
22,78395,-14,10869,2,902948,-5,366125,-0,002766538,0,9994256,-0,0009107091,-0,03376253,0,0,0,0,0,0,0,0,0,0,0,0,0,0,0,0,0,0,0,0,0,0,1,1,1,False
22,79267,-14,1087,2,902412,-5,366123,-0,002766538,0,9994256,-0,0009107091,-0,03376253,0,0,0,0,0,0,0,0,0,0,0,0,0,0,0,0,0,0,0,0,0,0,1,1,1,False
22,80107,-14,1087,2,901917,-5,366123,-0,002766538,0,9994256,-0,0009107091,-0,03376253,0,0,0,0,0,0,0,0,0,0,0,0,0,0,0,0,0,0,0,0,0,0,1,1,1,False
22,81025,-14,10868,2,901401,-5,366123,-0,002766538,0,9994256,-0,0009107091,-0,03376253,0,0,0,0,0,0,0,0,0,0,0,0,0,0,0,0,0,0,0,0,0,0,1,1,1,False
22,81855,-14,10865,2,900956,-5,366124,-0,002766538,0,9994256,-0,0009107091,-0,03376253,0,0,0,0,0,0,0,0,0,0,0,0,0,0,0,0,0,0,0,0,0,0,1,1,1,False
22,82666,-14,1086,2,900543,-5,366127,-0,002766538,0,9994256,-0,0009107091,-0,03376253,0,0,0,0,0,0,0,0,0,0,0,0,0,0,0,0,0,0,0,0,0,0,1,1,1,False
22,83591,-14,10854,2,900096,-5,36613,-0,002766538,0,9994256,-0,0009107091,-0,03376253,0,0,0,0,0,0,0,0,0,0,0,0,0,0,0,0,0,0,0,0,0,0,1,1,1,False
22,84445,-14,10846,2,899708,-5,366134,-0,002766538,0,9994256,-0,0009107091,-0,03376253,0,0,0,0,0,0,0,0,0,0,0,0,0,0,0,0,0,0,0,0,0,0,1,1,1,False
22,85314,-14,10837,2,899337,-5,36614,-0,002766538,0,9994256,-0,0009107091,-0,03376253,0,0,0,0,0,0,0,0,0,0,0,0,0,0,0,0,0,0,0,0,0,0,1,1,1,False
22,86322,-14,10824,2,898936,-5,366148,-0,002766538,0,9994256,-0,0009107091,-0,03376253,0,0,0,0,0,0,0,0,0,0,0,0,0,0,0,0,0,0,0,0,0,0,1,1,1,False
22,87213,-14,10811,2,89861,-5,366156,-0,002766538,0,9994256,-0,0009107091,-0,03376253,0,0,0,0,0,0,0,0,0,0,0,0,0,0,0,0,0,0,0,0,0,0,1,1,1,False
22,88089,-14,10797,2,898314,-5,366165,-0,002766538,0,9994256,-0,0009107091,-0,03376253,0,0,0,0,0,0,0,0,0,0,0,0,0,0,0,0,0,0,0,0,0,0,1,1,1,False
22,89143,-14,10778,2,897992,-5,366177,-0,002766538,0,9994256,-0,0009107091,-0,03376253,0,0,0,0,0,0,0,0,0,0,0,0,0,0,0,0,0,0,0,0,0,0,1,1,1,False
22,91022,-14,10739,2,897509,-5,366202,-0,002766538,0,9994256,-0,0009107091,-0,03376253,0,0,0,0,0,0,0,0,0,0,0,0,0,0,0,0,0,0,0,0,0,0,1,1,1,False
22,92246,-14,1071,2,897258,-5,366221,-0,002766538,0,9994256,-0,0009107091,-0,03376253,0,0,0,0,0,0,0,0,0,0,0,0,0,0,0,0,0,0,0,0,0,0,1,1,1,False
22,93288,-14,10683,2,897083,-5,36624,-0,002766538,0,9994256,-0,0009107091,-0,03376253,0,0,0,0,0,0,0,0,0,0,0,0,0,0,0,0,0,0,0,0,0,0,1,1,1,False
22,94188,-14,10658,2,896962,-5,366256,-0,002766538,0,9994256,-0,0009107091,-0,03376253,0,0,0,0,0,0,0,0,0,0,0,0,0,0,0,0,0,0,0,0,0,0,1,1,1,False
22,95175,-14,10629,2,89686,-5,366276,-0,002766538,0,9994256,-0,0009107091,-0,03376253,0,0,0,0,0,0,0,0,0,0,0,0,0,0,0,0,0,0,0,0,0,0,1,1,1,False
22,96117,-14,10599,2,896794,-5,366295,-0,002766538,0,9994256,-0,0009107091,-0,03376253,0,0,0,0,0,0,0,0,0,0,0,0,0,0,0,0,0,0,0,0,0,0,1,1,1,False
22,97088,-14,10567,2,896758,-5,366317,-0,002766538,0,9994256,-0,0009107091,-0,03376253,0,0,0,0,0,0,0,0,0,0,0,0,0,0,0,0,0,0,0,0,0,0,1,1,1,False
22,98025,-14,10534,2,896752,-5,366339,-0,002766538,0,9994256,-0,0009107091,-0,03376253,0,0,0,0,0,0,0,0,0,0,0,0,0,0,0,0,0,0,0,0,0,0,1,1,1,False
22,9907,-14,10496,2,896782,-5,366365,-0,002766538,0,9994256,-0,0009107091,-0,03376253,0,0,0,0,0,0,0,0,0,0,0,0,0,0,0,0,0,0,0,0,0,0,1,1,1,False
22,99956,-14,10462,2,896836,-5,366389,-0,002766538,0,9994256,-0,0009107091,-0,03376253,0,0,0,0,0,0,0,0,0,0,0,0,0,0,0,0,0,0,0,0,0,0,1,1,1,False
23,00918,-14,10423,2,896924,-5,366415,-0,002766538,0,9994256,-0,0009107091,-0,03376253,0,0,0,0,0,0,0,0,0,0,0,0,0,0,0,0,0,0,0,0,0,0,1,1,1,False
23,01955,-14,10379,2,897055,-5,366445,-0,002766538,0,9994256,-0,0009107091,-0,03376253,0,0,0,0,0,0,0,0,0,0,0,0,0,0,0,0,0,0,0,0,0,0,1,1,1,False
23,02926,-14,10337,2,89721,-5,366474,-0,002766538,0,9994256,-0,0009107091,-0,03376253,0,0,0,0,0,0,0,0,0,0,0,0,0,0,0,0,0,0,0,0,0,0,1,1,1,False
23,03966,-14,10289,2,897411,-5,366506,-0,002766538,0,9994256,-0,0009107091,-0,03376253,0,0,0,0,0,0,0,0,0,0,0,0,0,0,0,0,0,0,0,0,0,0,1,1,1,False
23,04897,-14,10245,2,897621,-5,366537,-0,002766538,0,9994256,-0,0009107091,-0,03376253,0,0,0,0,0,0,0,0,0,0,0,0,0,0,0,0,0,0,0,0,0,0,1,1,1,False
23,05911,-14,10196,2,897884,-5,36657,-0,002766538,0,9994256,-0,0009107091,-0,03376253,0,0,0,0,0,0,0,0,0,0,0,0,0,0,0,0,0,0,0,0,0,0,1,1,1,False
23,0683,-14,10149,2,898151,-5,366603,-0,002766538,0,9994256,-0,0009107091,-0,03376253,0,0,0,0,0,0,0,0,0,0,0,0,0,0,0,0,0,0,0,0,0,0,1,1,1,False
23,07885,-14,10094,2,898493,-5,366641,-0,002766538,0,9994256,-0,0009107091,-0,03376253,0,0,0,0,0,0,0,0,0,0,0,0,0,0,0,0,0,0,0,0,0,0,1,1,1,False
23,08788,-14,10045,2,898813,-5,366674,-0,002766538,0,9994256,-0,0009107091,-0,03376253,0,0,0,0,0,0,0,0,0,0,0,0,0,0,0,0,0,0,0,0,0,0,1,1,1,False
23,09813,-14,09988,2,89921,-5,366714,-0,002766538,0,9994256,-0,0009107091,-0,03376253,0,0,0,0,0,0,0,0,0,0,0,0,0,0,0,0,0,0,0,0,0,0,1,1,1,False
23,10742,-14,09935,2,899598,-5,36675,-0,002766538,0,9994256,-0,0009107091,-0,03376253,0,0,0,0,0,0,0,0,0,0,0,0,0,0,0,0,0,0,0,0,0,0,1,1,1,False
23,11816,-14,09872,2,900082,-5,366794,-0,002766538,0,9994256,-0,0009107091,-0,03376253,0,0,0,0,0,0,0,0,0,0,0,0,0,0,0,0,0,0,0,0,0,0,1,1,1,False
23,12836,-14,0981,2,900575,-5,366837,-0,002766538,0,9994256,-0,0009107091,-0,03376253,0,0,0,0,0,0,0,0,0,0,0,0,0,0,0,0,0,0,0,0,0,0,1,1,1,False
23,13883,-14,09746,2,901115,-5,366881,-0,002766538,0,9994256,-0,0009107091,-0,03376253,0,0,0,0,0,0,0,0,0,0,0,0,0,0,0,0,0,0,0,0,0,0,1,1,1,False
23,14872,-14,09683,2,901657,-5,366925,-0,002766538,0,9994256,-0,0009107091,-0,03376253,0,0,0,0,0,0,0,0,0,0,0,0,0,0,0,0,0,0,0,0,0,0,1,1,1,False
23,15972,-14,09611,2,902293,-5,366975,-0,002766538,0,9994256,-0,0009107091,-0,03376253,0,0,0,0,0,0,0,0,0,0,0,0,0,0,0,0,0,0,0,0,0,0,1,1,1,False
23,16894,-14,0955,2,902856,-5,367018,-0,002766538,0,9994256,-0,0009107091,-0,03376253,0,0,0,0,0,0,0,0,0,0,0,0,0,0,0,0,0,0,0,0,0,0,1,1,1,False
23,17926,-14,09479,2,903515,-5,367066,-0,002766538,0,9994256,-0,0009107091,-0,03376253,0,0,0,0,0,0,0,0,0,0,0,0,0,0,0,0,0,0,0,0,0,0,1,1,1,False
23,18911,-14,09411,2,904174,-5,367114,-0,002766538,0,9994256,-0,0009107091,-0,03376253,0,0,0,0,0,0,0,0,0,0,0,0,0,0,0,0,0,0,0,0,0,0,1,1,1,False
23,19997,-14,09334,2,904932,-5,367167,-0,002766538,0,9994256,-0,0009107091,-0,03376253,0,0,0,0,0,0,0,0,0,0,0,0,0,0,0,0,0,0,0,0,0,0,1,1,1,False
23,21046,-14,09258,2,905696,-5,36722,-0,002766538,0,9994256,-0,0009107091,-0,03376253,0,0,0,0,0,0,0,0,0,0,0,0,0,0,0,0,0,0,0,0,0,0,1,1,1,False
23,21952,-14,09191,2,906381,-5,367267,-0,002766538,0,9994256,-0,0009107091,-0,03376253,0,0,0,0,0,0,0,0,0,0,0,0,0,0,0,0,0,0,0,0,0,0,1,1,1,False
23,22891,-14,09121,2,907115,-5,367316,-0,002766538,0,9994256,-0,0009107091,-0,03376253,0,0,0,0,0,0,0,0,0,0,0,0,0,0,0,0,0,0,0,0,0,0,1,1,1,False
23,23922,-14,09043,2,907948,-5,367371,-0,002766538,0,9994256,-0,0009107091,-0,03376253,0,0,0,0,0,0,0,0,0,0,0,0,0,0,0,0,0,0,0,0,0,0,1,1,1,False
23,24799,-14,08975,2,908678,-5,367418,-0,002766538,0,9994256,-0,0009107091,-0,03376253,0,0,0,0,0,0,0,0,0,0,0,0,0,0,0,0,0,0,0,0,0,0,1,1,1,False
23,25763,-14,08899,2,909504,-5,367471,-0,002766538,0,9994256,-0,0009107091,-0,03376253,0,0,0,0,0,0,0,0,0,0,0,0,0,0,0,0,0,0,0,0,0,0,1,1,1,False
23,26798,-14,08817,2,910417,-5,367528,-0,002766538,0,9994256,-0,0009107091,-0,03376253,0,0,0,0,0,0,0,0,0,0,0,0,0,0,0,0,0,0,0,0,0,0,1,1,1,False
23,27851,-14,08732,2,911373,-5,367588,-0,002766538,0,9994256,-0,0009107091,-0,03376253,0,0,0,0,0,0,0,0,0,0,0,0,0,0,0,0,0,0,0,0,0,0,1,1,1,False
23,28784,-14,08655,2,912242,-5,367641,-0,002766538,0,9994256,-0,0009107091,-0,03376253,0,0,0,0,0,0,0,0,0,0,0,0,0,0,0,0,0,0,0,0,0,0,1,1,1,False
23,29811,-14,0857,2,913222,-5,367701,-0,002766538,0,9994256,-0,0009107091,-0,03376253,0,0,0,0,0,0,0,0,0,0,0,0,0,0,0,0,0,0,0,0,0,0,1,1,1,False
23,30716,-14,08494,2,914106,-5,367754,-0,002766538,0,9994256,-0,0009107091,-0,03376253,0,0,0,0,0,0,0,0,0,0,0,0,0,0,0,0,0,0,0,0,0,0,1,1,1,False
23,31796,-14,08402,2,915185,-5,367819,-0,002766538,0,9994256,-0,0009107091,-0,03376253,0,0,0,0,0,0,0,0,0,0,0,0,0,0,0,0,0,0,0,0,0,0,1,1,1,False
23,32747,-14,0832,2,916155,-5,367876,-0,002766538,0,9994256,-0,0009107091,-0,03376253,0,0,0,0,0,0,0,0,0,0,0,0,0,0,0,0,0,0,0,0,0,0,1,1,1,False
23,33754,-14,08232,2,917203,-5,367938,-0,002766538,0,9994256,-0,0009107091,-0,03376253,0,0,0,0,0,0,0,0,0,0,0,0,0,0,0,0,0,0,0,0,0,0,1,1,1,False
23,34694,-14,0815,2,9182,-5,367995,-0,002766538,0,9994256,-0,0009107091,-0,03376253,0,0,0,0,0,0,0,0,0,0,0,0,0,0,0,0,0,0,0,0,0,0,1,1,1,False
23,35623,-14,08067,2,919202,-5,368053,-0,002766538,0,9994256,-0,0009107091,-0,03376253,0,0,0,0,0,0,0,0,0,0,0,0,0,0,0,0,0,0,0,0,0,0,1,1,1,False
23,36499,-14,07989,2,920162,-5,368108,-0,002766538,0,9994256,-0,0009107091,-0,03376253,0,0,0,0,0,0,0,0,0,0,0,0,0,0,0,0,0,0,0,0,0,0,1,1,1,False
23,37391,-14,07908,2,921154,-5,368165,-0,002766538,0,9994256,-0,0009107091,-0,03376253,0,0,0,0,0,0,0,0,0,0,0,0,0,0,0,0,0,0,0,0,0,0,1,1,1,False
23,38169,-14,07837,2,92203,-5,368214,-0,002766538,0,9994256,-0,0009107091,-0,03376253,0,0,0,0,0,0,0,0,0,0,0,0,0,0,0,0,0,0,0,0,0,0,1,1,1,False
23,39171,-14,07746,2,923174,-5,368279,-0,002766538,0,9994256,-0,0009107091,-0,03376253,0,0,0,0,0,0,0,0,0,0,0,0,0,0,0,0,0,0,0,0,0,0,1,1,1,False
23,40077,-14,07662,2,924221,-5,368337,-0,002766538,0,9994256,-0,0009107091,-0,03376253,0,0,0,0,0,0,0,0,0,0,0,0,0,0,0,0,0,0,0,0,0,0,1,1,1,False
23,41365,-14,07542,2,925732,-5,368422,-0,002766538,0,9994256,-0,0009107091,-0,03376253,0,0,0,0,0,0,0,0,0,0,0,0,0,0,0,0,0,0,0,0,0,0,1,1,1,False
23,42183,-14,07465,2,926704,-5,368475,-0,002766538,0,9994256,-0,0009107091,-0,03376253,0,0,0,0,0,0,0,0,0,0,0,0,0,0,0,0,0,0,0,0,0,0,1,1,1,False
23,43085,-14,0738,2,927788,-5,368535,-0,002766538,0,9994256,-0,0009107091,-0,03376253,0,0,0,0,0,0,0,0,0,0,0,0,0,0,0,0,0,0,0,0,0,0,1,1,1,False
23,43874,-14,07306,2,928742,-5,368587,-0,002766538,0,9994256,-0,0009107091,-0,03376253,0,0,0,0,0,0,0,0,0,0,0,0,0,0,0,0,0,0,0,0,0,0,1,1,1,False
23,44688,-14,07228,2,929736,-5,368642,-0,002766538,0,9994256,-0,0009107091,-0,03376253,0,0,0,0,0,0,0,0,0,0,0,0,0,0,0,0,0,0,0,0,0,0,1,1,1,False
23,45708,-14,0713,2,930993,-5,368711,-0,002766538,0,9994256,-0,0009107091,-0,03376253,0,0,0,0,0,0,0,0,0,0,0,0,0,0,0,0,0,0,0,0,0,0,1,1,1,False
23,46606,-14,07044,2,932108,-5,368771,-0,002766538,0,9994256,-0,0009107091,-0,03376253,0,0,0,0,0,0,0,0,0,0,0,0,0,0,0,0,0,0,0,0,0,0,1,1,1,False
23,47569,-14,06951,2,933314,-5,368836,-0,002766538,0,9994256,-0,0009107091,-0,03376253,0,0,0,0,0,0,0,0,0,0,0,0,0,0,0,0,0,0,0,0,0,0,1,1,1,False
23,48437,-14,06867,2,934408,-5,368896,-0,002766538,0,9994256,-0,0009107091,-0,03376253,0,0,0,0,0,0,0,0,0,0,0,0,0,0,0,0,0,0,0,0,0,0,1,1,1,False
23,49397,-14,06773,2,935624,-5,368961,-0,002766538,0,9994256,-0,0009107091,-0,03376253,0,0,0,0,0,0,0,0,0,0,0,0,0,0,0,0,0,0,0,0,0,0,1,1,1,False
23,5032,-14,06683,2,936801,-5,369025,-0,002766538,0,9994256,-0,0009107091,-0,03376253,0,0,0,0,0,0,0,0,0,0,0,0,0,0,0,0,0,0,0,0,0,0,1,1,1,False
23,51316,-14,06586,2,938077,-5,369093,-0,002766538,0,9994256,-0,0009107091,-0,03376253,0,0,0,0,0,0,0,0,0,0,0,0,0,0,0,0,0,0,0,0,0,0,1,1,1,False
23,52217,-14,06497,2,939238,-5,369155,-0,002766538,0,9994256,-0,0009107091,-0,03376253,0,0,0,0,0,0,0,0,0,0,0,0,0,0,0,0,0,0,0,0,0,0,1,1,1,False
23,53194,-14,06401,2,9405,-5,369223,-0,002766538,0,9994256,-0,0009107091,-0,03376253,0,0,0,0,0,0,0,0,0,0,0,0,0,0,0,0,0,0,0,0,0,0,1,1,1,False
23,54064,-14,06315,2,941628,-5,369283,-0,002766538,0,9994256,-0,0009107091,-0,03376253,0,0,0,0,0,0,0,0,0,0,0,0,0,0,0,0,0,0,0,0,0,0,1,1,1,False
23,55066,-14,06216,2,942929,-5,369353,-0,002766538,0,9994256,-0,0009107091,-0,03376253,0,0,0,0,0,0,0,0,0,0,0,0,0,0,0,0,0,0,0,0,0,0,1,1,1,False
23,55975,-14,06126,2,944114,-5,369416,-0,002766538,0,9994256,-0,0009107091,-0,03376253,0,0,0,0,0,0,0,0,0,0,0,0,0,0,0,0,0,0,0,0,0,0,1,1,1,False
23,56899,-14,06035,2,945319,-5,36948,-0,002766538,0,9994256,-0,0009107091,-0,03376253,0,0,0,0,0,0,0,0,0,0,0,0,0,0,0,0,0,0,0,0,0,0,1,1,1,False
23,57877,-14,05938,2,946595,-5,369548,-0,002766538,0,9994256,-0,0009107091,-0,03376253,0,0,0,0,0,0,0,0,0,0,0,0,0,0,0,0,0,0,0,0,0,0,1,1,1,False
23,58832,-14,05843,2,947842,-5,369615,-0,002766538,0,9994256,-0,0009107091,-0,03376253,0,0,0,0,0,0,0,0,0,0,0,0,0,0,0,0,0,0,0,0,0,0,1,1,1,False
23,59866,-14,05741,2,949191,-5,369687,-0,002766538,0,9994256,-0,0009107091,-0,03376253,0,0,0,0,0,0,0,0,0,0,0,0,0,0,0,0,0,0,0,0,0,0,1,1,1,False
23,60748,-14,05654,2,95034,-5,369748,-0,002766538,0,9994256,-0,0009107091,-0,03376253,0,0,0,0,0,0,0,0,0,0,0,0,0,0,0,0,0,0,0,0,0,0,1,1,1,False
23,61651,-14,05564,2,951516,-5,369811,-0,002766538,0,9994256,-0,0009107091,-0,03376253,0,0,0,0,0,0,0,0,0,0,0,0,0,0,0,0,0,0,0,0,0,0,1,1,1,False
23,62558,-14,05475,2,952693,-5,369874,-0,002766538,0,9994256,-0,0009107091,-0,03376253,0,0,0,0,0,0,0,0,0,0,0,0,0,0,0,0,0,0,0,0,0,0,1,1,1,False
23,63562,-14,05376,2,953994,-5,369944,-0,002766538,0,9994256,-0,0009107091,-0,03376253,0,0,0,0,0,0,0,0,0,0,0,0,0,0,0,0,0,0,0,0,0,0,1,1,1,False
23,64525,-14,05281,2,955237,-5,37001,-0,002766538,0,9994256,-0,0009107091,-0,03376253,0,0,0,0,0,0,0,0,0,0,0,0,0,0,0,0,0,0,0,0,0,0,1,1,1,False
23,65546,-14,05181,2,956548,-5,37008,-0,002766538,0,9994256,-0,0009107091,-0,03376253,0,0,0,0,0,0,0,0,0,0,0,0,0,0,0,0,0,0,0,0,0,0,1,1,1,False
23,66454,-14,05092,2,95771,-5,370143,-0,002766538,0,9994256,-0,0009107091,-0,03376253,0,0,0,0,0,0,0,0,0,0,0,0,0,0,0,0,0,0,0,0,0,0,1,1,1,False
23,67477,-14,04992,2,959009,-5,370213,-0,002766538,0,9994256,-0,0009107091,-0,03376253,0,0,0,0,0,0,0,0,0,0,0,0,0,0,0,0,0,0,0,0,0,0,1,1,1,False
23,68391,-14,04904,2,960165,-5,370275,-0,002766538,0,9994256,-0,0009107091,-0,03376253,0,0,0,0,0,0,0,0,0,0,0,0,0,0,0,0,0,0,0,0,0,0,1,1,1,False
23,69392,-14,04807,2,961422,-5,370343,-0,002766538,0,9994256,-0,0009107091,-0,03376253,0,0,0,0,0,0,0,0,0,0,0,0,0,0,0,0,0,0,0,0,0,0,1,1,1,False
23,70308,-14,04718,2,962563,-5,370405,-0,002766538,0,9994256,-0,0009107091,-0,03376253,0,0,0,0,0,0,0,0,0,0,0,0,0,0,0,0,0,0,0,0,0,0,1,1,1,False
23,7132,-14,04621,2,963813,-5,370473,-0,002766538,0,9994256,-0,0009107091,-0,03376253,0,0,0,0,0,0,0,0,0,0,0,0,0,0,0,0,0,0,0,0,0,0,1,1,1,False
23,72245,-14,04533,2,964947,-5,370535,-0,002766538,0,9994256,-0,0009107091,-0,03376253,0,0,0,0,0,0,0,0,0,0,0,0,0,0,0,0,0,0,0,0,0,0,1,1,1,False
23,73262,-14,04436,2,966181,-5,370603,-0,002766538,0,9994256,-0,0009107091,-0,03376253,0,0,0,0,0,0,0,0,0,0,0,0,0,0,0,0,0,0,0,0,0,0,1,1,1,False
23,74155,-14,04352,2,967252,-5,370662,-0,002766538,0,9994256,-0,0009107091,-0,03376253,0,0,0,0,0,0,0,0,0,0,0,0,0,0,0,0,0,0,0,0,0,0,1,1,1,False
23,75226,-14,04252,2,968524,-5,370733,-0,002766538,0,9994256,-0,0009107091,-0,03376253,0,0,0,0,0,0,0,0,0,0,0,0,0,0,0,0,0,0,0,0,0,0,1,1,1,False
23,76157,-14,04165,2,969616,-5,370794,-0,002766538,0,9994256,-0,0009107091,-0,03376253,0,0,0,0,0,0,0,0,0,0,0,0,0,0,0,0,0,0,0,0,0,0,1,1,1,False
23,77161,-14,04072,2,970779,-5,370859,-0,002766538,0,9994256,-0,0009107091,-0,03376253,0,0,0,0,0,0,0,0,0,0,0,0,0,0,0,0,0,0,0,0,0,0,1,1,1,False
23,77942,-14,04001,2,971673,-5,370909,-0,002766538,0,9994256,-0,0009107091,-0,03376253,0,0,0,0,0,0,0,0,0,0,0,0,0,0,0,0,0,0,0,0,0,0,1,1,1,False
23,78722,-14,0393,2,972555,-5,370959,-0,002766538,0,9994256,-0,0009107091,-0,03376253,0,0,0,0,0,0,0,0,0,0,0,0,0,0,0,0,0,0,0,0,0,0,1,1,1,False
23,79601,-14,0385,2,973535,-5,371015,-0,002766538,0,9994256,-0,0009107091,-0,03376253,0,0,0,0,0,0,0,0,0,0,0,0,0,0,0,0,0,0,0,0,0,0,1,1,1,False
23,80403,-14,03778,2,974419,-5,371065,-0,002766538,0,9994256,-0,0009107091,-0,03376253,0,0,0,0,0,0,0,0,0,0,0,0,0,0,0,0,0,0,0,0,0,0,1,1,1,False
23,81284,-14,037,2,975375,-5,37112,-0,002766538,0,9994256,-0,0009107091,-0,03376253,0,0,0,0,0,0,0,0,0,0,0,0,0,0,0,0,0,0,0,0,0,0,1,1,1,False
23,82111,-14,03627,2,97626,-5,371171,-0,002766538,0,9994256,-0,0009107091,-0,03376253,0,0,0,0,0,0,0,0,0,0,0,0,0,0,0,0,0,0,0,0,0,0,1,1,1,False
23,82987,-14,0355,2,977182,-5,371225,-0,002766538,0,9994256,-0,0009107091,-0,03376253,0,0,0,0,0,0,0,0,0,0,0,0,0,0,0,0,0,0,0,0,0,0,1,1,1,False
23,83771,-14,03482,2,977993,-5,371273,-0,002766538,0,9994256,-0,0009107091,-0,03376253,0,0,0,0,0,0,0,0,0,0,0,0,0,0,0,0,0,0,0,0,0,0,1,1,1,False
23,84633,-14,03408,2,978873,-5,371325,-0,002766538,0,9994256,-0,0009107091,-0,03376253,0,0,0,0,0,0,0,0,0,0,0,0,0,0,0,0,0,0,0,0,0,0,1,1,1,False
23,85533,-14,03331,2,979771,-5,371378,-0,002766538,0,9994256,-0,0009107091,-0,03376253,0,0,0,0,0,0,0,0,0,0,0,0,0,0,0,0,0,0,0,0,0,0,1,1,1,False
23,86309,-14,03266,2,980534,-5,371424,-0,002766538,0,9994256,-0,0009107091,-0,03376253,0,0,0,0,0,0,0,0,0,0,0,0,0,0,0,0,0,0,0,0,0,0,1,1,1,False
23,87222,-14,03189,2,981411,-5,371477,-0,002766538,0,9994256,-0,0009107091,-0,03376253,0,0,0,0,0,0,0,0,0,0,0,0,0,0,0,0,0,0,0,0,0,0,1,1,1,False
23,88011,-14,03124,2,982155,-5,371523,-0,002766538,0,9994256,-0,0009107091,-0,03376253,0,0,0,0,0,0,0,0,0,0,0,0,0,0,0,0,0,0,0,0,0,0,1,1,1,False
23,89087,-14,03037,2,983145,-5,371584,-0,002766538,0,9994256,-0,0009107091,-0,03376253,0,0,0,0,0,0,0,0,0,0,0,0,0,0,0,0,0,0,0,0,0,0,1,1,1,False
23,90002,-14,02963,2,983964,-5,371635,-0,002766538,0,9994256,-0,0009107091,-0,03376253,0,0,0,0,0,0,0,0,0,0,0,0,0,0,0,0,0,0,0,0,0,0,1,1,1,False
23,91057,-14,0288,2,984884,-5,371694,-0,002766538,0,9994256,-0,0009107091,-0,03376253,0,0,0,0,0,0,0,0,0,0,0,0,0,0,0,0,0,0,0,0,0,0,1,1,1,False
23,92109,-14,02798,2,985772,-5,371751,-0,002766538,0,9994256,-0,0009107091,-0,03376253,0,0,0,0,0,0,0,0,0,0,0,0,0,0,0,0,0,0,0,0,0,0,1,1,1,False
23,93049,-14,02726,2,986541,-5,371801,-0,002766538,0,9994256,-0,0009107091,-0,03376253,0,0,0,0,0,0,0,0,0,0,0,0,0,0,0,0,0,0,0,0,0,0,1,1,1,False
23,94069,-14,02649,2,987349,-5,371855,-0,002766538,0,9994256,-0,0009107091,-0,03376253,0,0,0,0,0,0,0,0,0,0,0,0,0,0,0,0,0,0,0,0,0,0,1,1,1,False
23,95241,-14,02562,2,988242,-5,371915,-0,002766538,0,9994256,-0,0009107091,-0,03376253,0,0,0,0,0,0,0,0,0,0,0,0,0,0,0,0,0,0,0,0,0,0,1,1,1,False
23,96157,-14,02496,2,988914,-5,371962,-0,002766538,0,9994256,-0,0009107091,-0,03376253,0,0,0,0,0,0,0,0,0,0,0,0,0,0,0,0,0,0,0,0,0,0,1,1,1,False
23,97125,-14,02427,2,989599,-5,37201,-0,002766538,0,9994256,-0,0009107091,-0,03376253,0,0,0,0,0,0,0,0,0,0,0,0,0,0,0,0,0,0,0,0,0,0,1,1,1,False
23,9803,-14,02363,2,990214,-5,372054,-0,002766538,0,9994256,-0,0009107091,-0,03376253,0,0,0,0,0,0,0,0,0,0,0,0,0,0,0,0,0,0,0,0,0,0,1,1,1,False
23,99101,-14,0229,2,990911,-5,372105,-0,002766538,0,9994256,-0,0009107091,-0,03376253,0,0,0,0,0,0,0,0,0,0,0,0,0,0,0,0,0,0,0,0,0,0,1,1,1,False
24,00071,-14,02225,2,991513,-5,37215,-0,002766538,0,9994256,-0,0009107091,-0,03376253,0,0,0,0,0,0,0,0,0,0,0,0,0,0,0,0,0,0,0,0,0,0,1,1,1,False
24,011,-14,02157,2,992121,-5,372197,-0,002766538,0,9994256,-0,0009107091,-0,03376253,0,0,0,0,0,0,0,0,0,0,0,0,0,0,0,0,0,0,0,0,0,0,1,1,1,False
24,02073,-14,02095,2,992666,-5,372241,-0,002766538,0,9994256,-0,0009107091,-0,03376253,0,0,0,0,0,0,0,0,0,0,0,0,0,0,0,0,0,0,0,0,0,0,1,1,1,False
24,0309,-14,02031,2,993204,-5,372284,-0,002766538,0,9994256,-0,0009107091,-0,03376253,0,0,0,0,0,0,0,0,0,0,0,0,0,0,0,0,0,0,0,0,0,0,1,1,1,False
24,03986,-14,01976,2,993652,-5,372323,-0,002766538,0,9994256,-0,0009107091,-0,03376253,0,0,0,0,0,0,0,0,0,0,0,0,0,0,0,0,0,0,0,0,0,0,1,1,1,False
24,04957,-14,01918,2,994109,-5,372363,-0,002766538,0,9994256,-0,0009107091,-0,03376253,0,0,0,0,0,0,0,0,0,0,0,0,0,0,0,0,0,0,0,0,0,0,1,1,1,False
24,0597,-14,01859,2,994554,-5,372404,-0,002766538,0,9994256,-0,0009107091,-0,03376253,0,0,0,0,0,0,0,0,0,0,0,0,0,0,0,0,0,0,0,0,0,0,1,1,1,False
24,06869,-14,01808,2,99492,-5,372438,-0,002766538,0,9994256,-0,0009107091,-0,03376253,0,0,0,0,0,0,0,0,0,0,0,0,0,0,0,0,0,0,0,0,0,0,1,1,1,False
24,07848,-14,01754,2,99529,-5,372476,-0,002766538,0,9994256,-0,0009107091,-0,03376253,0,0,0,0,0,0,0,0,0,0,0,0,0,0,0,0,0,0,0,0,0,0,1,1,1,False
24,08717,-14,01708,2,995592,-5,372508,-0,002766538,0,9994256,-0,0009107091,-0,03376253,0,0,0,0,0,0,0,0,0,0,0,0,0,0,0,0,0,0,0,0,0,0,1,1,1,False
24,09767,-14,01653,2,995925,-5,372545,-0,002766538,0,9994256,-0,0009107091,-0,03376253,0,0,0,0,0,0,0,0,0,0,0,0,0,0,0,0,0,0,0,0,0,0,1,1,1,False
24,10663,-14,01608,2,996179,-5,372576,-0,002766538,0,9994256,-0,0009107091,-0,03376253,0,0,0,0,0,0,0,0,0,0,0,0,0,0,0,0,0,0,0,0,0,0,1,1,1,False
24,11614,-14,01562,2,99642,-5,372608,-0,002766538,0,9994256,-0,0009107091,-0,03376253,0,0,0,0,0,0,0,0,0,0,0,0,0,0,0,0,0,0,0,0,0,0,1,1,1,False
24,12564,-14,01517,2,996631,-5,372639,-0,002766538,0,9994256,-0,0009107091,-0,03376253,0,0,0,0,0,0,0,0,0,0,0,0,0,0,0,0,0,0,0,0,0,0,1,1,1,False
24,13616,-14,0147,2,996829,-5,372672,-0,002766538,0,9994256,-0,0009107091,-0,03376253,0,0,0,0,0,0,0,0,0,0,0,0,0,0,0,0,0,0,0,0,0,0,1,1,1,False
24,14522,-14,0143,2,99697,-5,372699,-0,002766538,0,9994256,-0,0009107091,-0,03376253,0,0,0,0,0,0,0,0,0,0,0,0,0,0,0,0,0,0,0,0,0,0,1,1,1,False
24,1556,-14,01387,2,997097,-5,372728,-0,002766538,0,9994256,-0,0009107091,-0,03376253,0,0,0,0,0,0,0,0,0,0,0,0,0,0,0,0,0,0,0,0,0,0,1,1,1,False
24,16425,-14,01352,2,997176,-5,372752,-0,002766538,0,9994256,-0,0009107091,-0,03376253,0,0,0,0,0,0,0,0,0,0,0,0,0,0,0,0,0,0,0,0,0,0,1,1,1,False
24,17412,-14,01314,2,997234,-5,372778,-0,002766538,0,9994256,-0,0009107091,-0,03376253,0,0,0,0,0,0,0,0,0,0,0,0,0,0,0,0,0,0,0,0,0,0,1,1,1,False
24,18435,-14,01276,2,99726,-5,372803,-0,002766538,0,9994256,-0,0009107091,-0,03376253,0,0,0,0,0,0,0,0,0,0,0,0,0,0,0,0,0,0,0,0,0,0,1,1,1,False
24,19628,-14,01235,2,997245,-5,372831,-0,002766538,0,9994256,-0,0009107091,-0,03376253,0,0,0,0,0,0,0,0,0,0,0,0,0,0,0,0,0,0,0,0,0,0,1,1,1,False
24,20517,-14,01206,2,997202,-5,37285,-0,002766538,0,9994256,-0,0009107091,-0,03376253,0,0,0,0,0,0,0,0,0,0,0,0,0,0,0,0,0,0,0,0,0,0,1,1,1,False
24,2144,-14,01178,2,99713,-5,372869,-0,002766538,0,9994256,-0,0009107091,-0,03376253,0,0,0,0,0,0,0,0,0,0,0,0,0,0,0,0,0,0,0,0,0,0,1,1,1,False
24,2226,-14,01153,2,997041,-5,372886,-0,002766538,0,9994256,-0,0009107091,-0,03376253,0,0,0,0,0,0,0,0,0,0,0,0,0,0,0,0,0,0,0,0,0,0,1,1,1,False
24,23236,-14,01126,2,996907,-5,372904,-0,002766538,0,9994256,-0,0009107091,-0,03376253,0,0,0,0,0,0,0,0,0,0,0,0,0,0,0,0,0,0,0,0,0,0,1,1,1,False
24,24093,-14,01104,2,996762,-5,372919,-0,002766538,0,9994256,-0,0009107091,-0,03376253,0,0,0,0,0,0,0,0,0,0,0,0,0,0,0,0,0,0,0,0,0,0,1,1,1,False
24,25192,-14,01078,2,99654,-5,372936,-0,002766538,0,9994256,-0,0009107091,-0,03376253,0,0,0,0,0,0,0,0,0,0,0,0,0,0,0,0,0,0,0,0,0,0,1,1,1,False
24,26097,-14,01058,2,996327,-5,372949,-0,002766538,0,9994256,-0,0009107091,-0,03376253,0,0,0,0,0,0,0,0,0,0,0,0,0,0,0,0,0,0,0,0,0,0,1,1,1,False
24,27057,-14,01039,2,996071,-5,372962,-0,002766538,0,9994256,-0,0009107091,-0,03376253,0,0,0,0,0,0,0,0,0,0,0,0,0,0,0,0,0,0,0,0,0,0,1,1,1,False
24,28006,-14,01021,2,995789,-5,372973,-0,002766538,0,9994256,-0,0009107091,-0,03376253,0,0,0,0,0,0,0,0,0,0,0,0,0,0,0,0,0,0,0,0,0,0,1,1,1,False
24,29049,-14,01004,2,995444,-5,372984,-0,002766538,0,9994256,-0,0009107091,-0,03376253,0,0,0,0,0,0,0,0,0,0,0,0,0,0,0,0,0,0,0,0,0,0,1,1,1,False
24,29988,-14,0099,2,995102,-5,372993,-0,002766538,0,9994256,-0,0009107091,-0,03376253,0,0,0,0,0,0,0,0,0,0,0,0,0,0,0,0,0,0,0,0,0,0,1,1,1,False
24,30958,-14,00978,2,99472,-5,373,-0,002766538,0,9994256,-0,0009107091,-0,03376253,0,0,0,0,0,0,0,0,0,0,0,0,0,0,0,0,0,0,0,0,0,0,1,1,1,False
24,32025,-14,00966,2,994265,-5,373007,-0,002766538,0,9994256,-0,0009107091,-0,03376253,0,0,0,0,0,0,0,0,0,0,0,0,0,0,0,0,0,0,0,0,0,0,1,1,1,False
24,33108,-14,00957,2,993766,-5,373012,-0,002766538,0,9994256,-0,0009107091,-0,03376253,0,0,0,0,0,0,0,0,0,0,0,0,0,0,0,0,0,0,0,0,0,0,1,1,1,False
24,34028,-14,00951,2,993312,-5,373015,-0,002766538,0,9994256,-0,0009107091,-0,03376253,0,0,0,0,0,0,0,0,0,0,0,0,0,0,0,0,0,0,0,0,0,0,1,1,1,False
24,35065,-14,00946,2,99277,-5,373017,-0,002766538,0,9994256,-0,0009107091,-0,03376253,0,0,0,0,0,0,0,0,0,0,0,0,0,0,0,0,0,0,0,0,0,0,1,1,1,False
24,35988,-14,00944,2,992259,-5,373018,-0,002766538,0,9994256,-0,0009107091,-0,03376253,0,0,0,0,0,0,0,0,0,0,0,0,0,0,0,0,0,0,0,0,0,0,1,1,1,False
24,36961,-14,00943,2,991693,-5,373017,-0,002766538,0,9994256,-0,0009107091,-0,03376253,0,0,0,0,0,0,0,0,0,0,0,0,0,0,0,0,0,0,0,0,0,0,1,1,1,False
24,37931,-14,00944,2,991099,-5,373015,-0,002766538,0,9994256,-0,0009107091,-0,03376253,0,0,0,0,0,0,0,0,0,0,0,0,0,0,0,0,0,0,0,0,0,0,1,1,1,False
24,38816,-14,00947,2,990533,-5,373013,-0,002766538,0,9994256,-0,0009107091,-0,03376253,0,0,0,0,0,0,0,0,0,0,0,0,0,0,0,0,0,0,0,0,0,0,1,1,1,False
24,39856,-14,00952,2,989839,-5,373008,-0,002766538,0,9994256,-0,0009107091,-0,03376253,0,0,0,0,0,0,0,0,0,0,0,0,0,0,0,0,0,0,0,0,0,0,1,1,1,False
24,40767,-14,00958,2,989205,-5,373003,-0,002766538,0,9994256,-0,0009107091,-0,03376253,0,0,0,0,0,0,0,0,0,0,0,0,0,0,0,0,0,0,0,0,0,0,1,1,1,False
24,41728,-14,00966,2,988511,-5,372995,-0,002766538,0,9994256,-0,0009107091,-0,03376253,0,0,0,0,0,0,0,0,0,0,0,0,0,0,0,0,0,0,0,0,0,0,1,1,1,False
24,42588,-14,00975,2,987868,-5,372988,-0,002766538,0,9994256,-0,0009107091,-0,03376253,0,0,0,0,0,0,0,0,0,0,0,0,0,0,0,0,0,0,0,0,0,0,1,1,1,False
24,43527,-14,00986,2,987143,-5,372979,-0,002766538,0,9994256,-0,0009107091,-0,03376253,0,0,0,0,0,0,0,0,0,0,0,0,0,0,0,0,0,0,0,0,0,0,1,1,1,False
24,44371,-14,00998,2,98647,-5,37297,-0,002766538,0,9994256,-0,0009107091,-0,03376253,0,0,0,0,0,0,0,0,0,0,0,0,0,0,0,0,0,0,0,0,0,0,1,1,1,False
24,45592,-14,01018,2,985464,-5,372954,-0,002766538,0,9994256,-0,0009107091,-0,03376253,0,0,0,0,0,0,0,0,0,0,0,0,0,0,0,0,0,0,0,0,0,0,1,1,1,False
24,46519,-14,01034,2,984674,-5,372941,-0,002766538,0,9994256,-0,0009107091,-0,03376253,0,0,0,0,0,0,0,0,0,0,0,0,0,0,0,0,0,0,0,0,0,0,1,1,1,False
24,47536,-14,01055,2,983783,-5,372926,-0,002766538,0,9994256,-0,0009107091,-0,03376253,0,0,0,0,0,0,0,0,0,0,0,0,0,0,0,0,0,0,0,0,0,0,1,1,1,False
24,4849,-14,01075,2,982923,-5,37291,-0,002766538,0,9994256,-0,0009107091,-0,03376253,0,0,0,0,0,0,0,0,0,0,0,0,0,0,0,0,0,0,0,0,0,0,1,1,1,False
24,49593,-14,01102,2,981902,-5,37289,-0,002766538,0,9994256,-0,0009107091,-0,03376253,0,0,0,0,0,0,0,0,0,0,0,0,0,0,0,0,0,0,0,0,0,0,1,1,1,False
24,50541,-14,01126,2,981001,-5,372872,-0,002766538,0,9994256,-0,0009107091,-0,03376253,0,0,0,0,0,0,0,0,0,0,0,0,0,0,0,0,0,0,0,0,0,0,1,1,1,False
24,51587,-14,01155,2,979983,-5,37285,-0,002766538,0,9994256,-0,0009107091,-0,03376253,0,0,0,0,0,0,0,0,0,0,0,0,0,0,0,0,0,0,0,0,0,0,1,1,1,False
24,52604,-14,01185,2,978971,-5,372828,-0,002766538,0,9994256,-0,0009107091,-0,03376253,0,0,0,0,0,0,0,0,0,0,0,0,0,0,0,0,0,0,0,0,0,0,1,1,1,False
24,53615,-14,01217,2,977942,-5,372804,-0,002766538,0,9994256,-0,0009107091,-0,03376253,0,0,0,0,0,0,0,0,0,0,0,0,0,0,0,0,0,0,0,0,0,0,1,1,1,False
24,54531,-14,01248,2,976991,-5,372782,-0,002766538,0,9994256,-0,0009107091,-0,03376253,0,0,0,0,0,0,0,0,0,0,0,0,0,0,0,0,0,0,0,0,0,0,1,1,1,False
24,55553,-14,01283,2,975911,-5,372756,-0,002766538,0,9994256,-0,0009107091,-0,03376253,0,0,0,0,0,0,0,0,0,0,0,0,0,0,0,0,0,0,0,0,0,0,1,1,1,False
24,56389,-14,01314,2,975011,-5,372733,-0,002766538,0,9994256,-0,0009107091,-0,03376253,0,0,0,0,0,0,0,0,0,0,0,0,0,0,0,0,0,0,0,0,0,0,1,1,1,False
24,5738,-14,01352,2,973929,-5,372705,-0,002766538,0,9994256,-0,0009107091,-0,03376253,0,0,0,0,0,0,0,0,0,0,0,0,0,0,0,0,0,0,0,0,0,0,1,1,1,False
24,58212,-14,01386,2,973006,-5,37268,-0,002766538,0,9994256,-0,0009107091,-0,03376253,0,0,0,0,0,0,0,0,0,0,0,0,0,0,0,0,0,0,0,0,0,0,1,1,1,False
24,59144,-14,01425,2,971959,-5,372652,-0,002766538,0,9994256,-0,0009107091,-0,03376253,0,0,0,0,0,0,0,0,0,0,0,0,0,0,0,0,0,0,0,0,0,0,1,1,1,False
24,59964,-14,0146,2,971024,-5,372626,-0,002766538,0,9994256,-0,0009107091,-0,03376253,0,0,0,0,0,0,0,0,0,0,0,0,0,0,0,0,0,0,0,0,0,0,1,1,1,False
24,60778,-14,01497,2,970086,-5,3726,-0,002766538,0,9994256,-0,0009107091,-0,03376253,0,0,0,0,0,0,0,0,0,0,0,0,0,0,0,0,0,0,0,0,0,0,1,1,1,False
24,61699,-14,01539,2,969012,-5,372568,-0,002766538,0,9994256,-0,0009107091,-0,03376253,0,0,0,0,0,0,0,0,0,0,0,0,0,0,0,0,0,0,0,0,0,0,1,1,1,False
24,62598,-14,01583,2,967951,-5,372537,-0,002766538,0,9994256,-0,0009107091,-0,03376253,0,0,0,0,0,0,0,0,0,0,0,0,0,0,0,0,0,0,0,0,0,0,1,1,1,False
24,63544,-14,01629,2,966824,-5,372503,-0,002766538,0,9994256,-0,0009107091,-0,03376253,0,0,0,0,0,0,0,0,0,0,0,0,0,0,0,0,0,0,0,0,0,0,1,1,1,False
24,64395,-14,01673,2,965799,-5,372472,-0,002766538,0,9994256,-0,0009107091,-0,03376253,0,0,0,0,0,0,0,0,0,0,0,0,0,0,0,0,0,0,0,0,0,0,1,1,1,False
24,65349,-14,01723,2,964638,-5,372436,-0,002766538,0,9994256,-0,0009107091,-0,03376253,0,0,0,0,0,0,0,0,0,0,0,0,0,0,0,0,0,0,0,0,0,0,1,1,1,False
24,66266,-14,01772,2,963512,-5,3724,-0,002766538,0,9994256,-0,0009107091,-0,03376253,0,0,0,0,0,0,0,0,0,0,0,0,0,0,0,0,0,0,0,0,0,0,1,1,1,False
24,67212,-14,01825,2,962343,-5,372362,-0,002766538,0,9994256,-0,0009107091,-0,03376253,0,0,0,0,0,0,0,0,0,0,0,0,0,0,0,0,0,0,0,0,0,0,1,1,1,False
24,68201,-14,01882,2,961108,-5,372321,-0,002766538,0,9994256,-0,0009107091,-0,03376253,0,0,0,0,0,0,0,0,0,0,0,0,0,0,0,0,0,0,0,0,0,0,1,1,1,False
24,69257,-14,01944,2,959782,-5,372276,-0,002766538,0,9994256,-0,0009107091,-0,03376253,0,0,0,0,0,0,0,0,0,0,0,0,0,0,0,0,0,0,0,0,0,0,1,1,1,False
24,70182,-14,02,2,958611,-5,372236,-0,002766538,0,9994256,-0,0009107091,-0,03376253,0,0,0,0,0,0,0,0,0,0,0,0,0,0,0,0,0,0,0,0,0,0,1,1,1,False
24,71206,-14,02063,2,957308,-5,37219,-0,002766538,0,9994256,-0,0009107091,-0,03376253,0,0,0,0,0,0,0,0,0,0,0,0,0,0,0,0,0,0,0,0,0,0,1,1,1,False
24,72259,-14,0213,2,95596,-5,372142,-0,002766538,0,9994256,-0,0009107091,-0,03376253,0,0,0,0,0,0,0,0,0,0,0,0,0,0,0,0,0,0,0,0,0,0,1,1,1,False
24,73269,-14,02196,2,95466,-5,372096,-0,002766538,0,9994256,-0,0009107091,-0,03376253,0,0,0,0,0,0,0,0,0,0,0,0,0,0,0,0,0,0,0,0,0,0,1,1,1,False
24,74123,-14,02253,2,953557,-5,372055,-0,002766538,0,9994256,-0,0009107091,-0,03376253,0,0,0,0,0,0,0,0,0,0,0,0,0,0,0,0,0,0,0,0,0,0,1,1,1,False
24,75091,-14,02318,2,952304,-5,372008,-0,002766538,0,9994256,-0,0009107091,-0,03376253,0,0,0,0,0,0,0,0,0,0,0,0,0,0,0,0,0,0,0,0,0,0,1,1,1,False
24,76002,-14,02381,2,951122,-5,371963,-0,002766538,0,9994256,-0,0009107091,-0,03376253,0,0,0,0,0,0,0,0,0,0,0,0,0,0,0,0,0,0,0,0,0,0,1,1,1,False
24,77021,-14,02453,2,949796,-5,371912,-0,002766538,0,9994256,-0,0009107091,-0,03376253,0,0,0,0,0,0,0,0,0,0,0,0,0,0,0,0,0,0,0,0,0,0,1,1,1,False
24,77955,-14,0252,2,948579,-5,371864,-0,002766538,0,9994256,-0,0009107091,-0,03376253,0,0,0,0,0,0,0,0,0,0,0,0,0,0,0,0,0,0,0,0,0,0,1,1,1,False
24,78835,-14,02585,2,947432,-5,371818,-0,002766538,0,9994256,-0,0009107091,-0,03376253,0,0,0,0,0,0,0,0,0,0,0,0,0,0,0,0,0,0,0,0,0,0,1,1,1,False
24,79828,-14,02659,2,946137,-5,371765,-0,002766538,0,9994256,-0,0009107091,-0,03376253,0,0,0,0,0,0,0,0,0,0,0,0,0,0,0,0,0,0,0,0,0,0,1,1,1,False
24,8079,-14,02731,2,944883,-5,371714,-0,002766538,0,9994256,-0,0009107091,-0,03376253,0,0,0,0,0,0,0,0,0,0,0,0,0,0,0,0,0,0,0,0,0,0,1,1,1,False
24,81747,-14,02805,2,943636,-5,371661,-0,002766538,0,9994256,-0,0009107091,-0,03376253,0,0,0,0,0,0,0,0,0,0,0,0,0,0,0,0,0,0,0,0,0,0,1,1,1,False
24,82619,-14,02873,2,942503,-5,371613,-0,002766538,0,9994256,-0,0009107091,-0,03376253,0,0,0,0,0,0,0,0,0,0,0,0,0,0,0,0,0,0,0,0,0,0,1,1,1,False
24,83659,-14,02955,2,941155,-5,371555,-0,002766538,0,9994256,-0,0009107091,-0,03376253,0,0,0,0,0,0,0,0,0,0,0,0,0,0,0,0,0,0,0,0,0,0,1,1,1,False
24,84537,-14,03026,2,940019,-5,371505,-0,002766538,0,9994256,-0,0009107091,-0,03376253,0,0,0,0,0,0,0,0,0,0,0,0,0,0,0,0,0,0,0,0,0,0,1,1,1,False
24,85485,-14,03103,2,938797,-5,37145,-0,002766538,0,9994256,-0,0009107091,-0,03376253,0,0,0,0,0,0,0,0,0,0,0,0,0,0,0,0,0,0,0,0,0,0,1,1,1,False
24,86315,-14,03171,2,937732,-5,371402,-0,002766538,0,9994256,-0,0009107091,-0,03376253,0,0,0,0,0,0,0,0,0,0,0,0,0,0,0,0,0,0,0,0,0,0,1,1,1,False
24,87311,-14,03254,2,936459,-5,371343,-0,002766538,0,9994256,-0,0009107091,-0,03376253,0,0,0,0,0,0,0,0,0,0,0,0,0,0,0,0,0,0,0,0,0,0,1,1,1,False
24,88142,-14,03324,2,935403,-5,371294,-0,002766538,0,9994256,-0,0009107091,-0,03376253,0,0,0,0,0,0,0,0,0,0,0,0,0,0,0,0,0,0,0,0,0,0,1,1,1,False
24,89088,-14,03405,2,934206,-5,371237,-0,002766538,0,9994256,-0,0009107091,-0,03376253,0,0,0,0,0,0,0,0,0,0,0,0,0,0,0,0,0,0,0,0,0,0,1,1,1,False
24,90017,-14,03485,2,933039,-5,37118,-0,002766538,0,9994256,-0,0009107091,-0,03376253,0,0,0,0,0,0,0,0,0,0,0,0,0,0,0,0,0,0,0,0,0,0,1,1,1,False
24,91024,-14,03573,2,931784,-5,371119,-0,002766538,0,9994256,-0,0009107091,-0,03376253,0,0,0,0,0,0,0,0,0,0,0,0,0,0,0,0,0,0,0,0,0,0,1,1,1,False
24,91942,-14,03653,2,930648,-5,371061,-0,002766538,0,9994256,-0,0009107091,-0,03376253,0,0,0,0,0,0,0,0,0,0,0,0,0,0,0,0,0,0,0,0,0,0,1,1,1,False
24,92902,-14,03739,2,92947,-5,371001,-0,002766538,0,9994256,-0,0009107091,-0,03376253,0,0,0,0,0,0,0,0,0,0,0,0,0,0,0,0,0,0,0,0,0,0,1,1,1,False
24,93986,-14,03836,2,928154,-5,370933,-0,002766538,0,9994256,-0,0009107091,-0,03376253,0,0,0,0,0,0,0,0,0,0,0,0,0,0,0,0,0,0,0,0,0,0,1,1,1,False
24,94927,-14,03921,2,927022,-5,370873,-0,002766538,0,9994256,-0,0009107091,-0,03376253,0,0,0,0,0,0,0,0,0,0,0,0,0,0,0,0,0,0,0,0,0,0,1,1,1,False
24,95963,-14,04016,2,925792,-5,370807,-0,002766538,0,9994256,-0,0009107091,-0,03376253,0,0,0,0,0,0,0,0,0,0,0,0,0,0,0,0,0,0,0,0,0,0,1,1,1,False
24,96917,-14,04104,2,924672,-5,370745,-0,002766538,0,9994256,-0,0009107091,-0,03376253,0,0,0,0,0,0,0,0,0,0,0,0,0,0,0,0,0,0,0,0,0,0,1,1,1,False
24,97981,-14,04202,2,923439,-5,370676,-0,002766538,0,9994256,-0,0009107091,-0,03376253,0,0,0,0,0,0,0,0,0,0,0,0,0,0,0,0,0,0,0,0,0,0,1,1,1,False
24,98898,-14,04288,2,922391,-5,370615,-0,002766538,0,9994256,-0,0009107091,-0,03376253,0,0,0,0,0,0,0,0,0,0,0,0,0,0,0,0,0,0,0,0,0,0,1,1,1,False
24,9996,-14,04388,2,921195,-5,370545,-0,002766538,0,9994256,-0,0009107091,-0,03376253,0,0,0,0,0,0,0,0,0,0,0,0,0,0,0,0,0,0,0,0,0,0,1,1,1,False
25,00928,-14,0448,2,920122,-5,370481,-0,002766538,0,9994256,-0,0009107091,-0,03376253,0,0,0,0,0,0,0,0,0,0,0,0,0,0,0,0,0,0,0,0,0,0,1,1,1,False
25,01932,-14,04576,2,919027,-5,370414,-0,002766538,0,9994256,-0,0009107091,-0,03376253,0,0,0,0,0,0,0,0,0,0,0,0,0,0,0,0,0,0,0,0,0,0,1,1,1,False
25,02758,-14,04655,2,91814,-5,370359,-0,002766538,0,9994256,-0,0009107091,-0,03376253,0,0,0,0,0,0,0,0,0,0,0,0,0,0,0,0,0,0,0,0,0,0,1,1,1,False
25,03736,-14,04749,2,917107,-5,370293,-0,002766538,0,9994256,-0,0009107091,-0,03376253,0,0,0,0,0,0,0,0,0,0,0,0,0,0,0,0,0,0,0,0,0,0,1,1,1,False
25,04557,-14,04829,2,916255,-5,370238,-0,002766538,0,9994256,-0,0009107091,-0,03376253,0,0,0,0,0,0,0,0,0,0,0,0,0,0,0,0,0,0,0,0,0,0,1,1,1,False
25,05488,-14,04919,2,915306,-5,370174,-0,002766538,0,9994256,-0,0009107091,-0,03376253,0,0,0,0,0,0,0,0,0,0,0,0,0,0,0,0,0,0,0,0,0,0,1,1,1,False
25,06312,-14,04999,2,914481,-5,370119,-0,002766538,0,9994256,-0,0009107091,-0,03376253,0,0,0,0,0,0,0,0,0,0,0,0,0,0,0,0,0,0,0,0,0,0,1,1,1,False
25,07323,-14,05098,2,913491,-5,37005,-0,002766538,0,9994256,-0,0009107091,-0,03376253,0,0,0,0,0,0,0,0,0,0,0,0,0,0,0,0,0,0,0,0,0,0,1,1,1,False
25,08255,-14,0519,2,912597,-5,369986,-0,002766538,0,9994256,-0,0009107091,-0,03376253,0,0,0,0,0,0,0,0,0,0,0,0,0,0,0,0,0,0,0,0,0,0,1,1,1,False
25,09286,-14,05291,2,911633,-5,369915,-0,002766538,0,9994256,-0,0009107091,-0,03376253,0,0,0,0,0,0,0,0,0,0,0,0,0,0,0,0,0,0,0,0,0,0,1,1,1,False
25,10296,-14,05391,2,910713,-5,369846,-0,002766538,0,9994256,-0,0009107091,-0,03376253,0,0,0,0,0,0,0,0,0,0,0,0,0,0,0,0,0,0,0,0,0,0,1,1,1,False
25,11419,-14,05502,2,909719,-5,369769,-0,002766538,0,9994256,-0,0009107091,-0,03376253,0,0,0,0,0,0,0,0,0,0,0,0,0,0,0,0,0,0,0,0,0,0,1,1,1,False
25,125,-14,05609,2,908793,-5,369695,-0,002766538,0,9994256,-0,0009107091,-0,03376253,0,0,0,0,0,0,0,0,0,0,0,0,0,0,0,0,0,0,0,0,0,0,1,1,1,False
25,13633,-14,05721,2,907854,-5,369617,-0,002766538,0,9994256,-0,0009107091,-0,03376253,0,0,0,0,0,0,0,0,0,0,0,0,0,0,0,0,0,0,0,0,0,0,1,1,1,False
25,14599,-14,05817,2,90708,-5,369551,-0,002766538,0,9994256,-0,0009107091,-0,03376253,0,0,0,0,0,0,0,0,0,0,0,0,0,0,0,0,0,0,0,0,0,0,1,1,1,False
25,15606,-14,05917,2,9063,-5,369481,-0,002766538,0,9994256,-0,0009107091,-0,03376253,0,0,0,0,0,0,0,0,0,0,0,0,0,0,0,0,0,0,0,0,0,0,1,1,1,False
25,16584,-14,06014,2,90557,-5,369414,-0,002766538,0,9994256,-0,0009107091,-0,03376253,0,0,0,0,0,0,0,0,0,0,0,0,0,0,0,0,0,0,0,0,0,0,1,1,1,False
25,17563,-14,06112,2,904865,-5,369347,-0,002766538,0,9994256,-0,0009107091,-0,03376253,0,0,0,0,0,0,0,0,0,0,0,0,0,0,0,0,0,0,0,0,0,0,1,1,1,False
25,18477,-14,06202,2,904233,-5,369284,-0,002766538,0,9994256,-0,0009107091,-0,03376253,0,0,0,0,0,0,0,0,0,0,0,0,0,0,0,0,0,0,0,0,0,0,1,1,1,False
25,19483,-14,06302,2,903564,-5,369215,-0,002766538,0,9994256,-0,0009107091,-0,03376253,0,0,0,0,0,0,0,0,0,0,0,0,0,0,0,0,0,0,0,0,0,0,1,1,1,False
25,20374,-14,0639,2,902996,-5,369155,-0,002766538,0,9994256,-0,0009107091,-0,03376253,0,0,0,0,0,0,0,0,0,0,0,0,0,0,0,0,0,0,0,0,0,0,1,1,1,False
25,21434,-14,06495,2,902352,-5,369082,-0,002766538,0,9994256,-0,0009107091,-0,03376253,0,0,0,0,0,0,0,0,0,0,0,0,0,0,0,0,0,0,0,0,0,0,1,1,1,False
25,22448,-14,06595,2,901768,-5,369014,-0,002766538,0,9994256,-0,0009107091,-0,03376253,0,0,0,0,0,0,0,0,0,0,0,0,0,0,0,0,0,0,0,0,0,0,1,1,1,False
25,23525,-14,06701,2,901181,-5,368941,-0,002766538,0,9994256,-0,0009107091,-0,03376253,0,0,0,0,0,0,0,0,0,0,0,0,0,0,0,0,0,0,0,0,0,0,1,1,1,False
25,24434,-14,0679,2,900714,-5,36888,-0,002766538,0,9994256,-0,0009107091,-0,03376253,0,0,0,0,0,0,0,0,0,0,0,0,0,0,0,0,0,0,0,0,0,0,1,1,1,False
25,25448,-14,06889,2,900223,-5,368812,-0,002766538,0,9994256,-0,0009107091,-0,03376253,0,0,0,0,0,0,0,0,0,0,0,0,0,0,0,0,0,0,0,0,0,0,1,1,1,False
25,264,-14,06981,2,899792,-5,368749,-0,002766538,0,9994256,-0,0009107091,-0,03376253,0,0,0,0,0,0,0,0,0,0,0,0,0,0,0,0,0,0,0,0,0,0,1,1,1,False
25,27489,-14,07087,2,899334,-5,368676,-0,002766538,0,9994256,-0,0009107091,-0,03376253,0,0,0,0,0,0,0,0,0,0,0,0,0,0,0,0,0,0,0,0,0,0,1,1,1,False
25,28377,-14,07172,2,898989,-5,368618,-0,002766538,0,9994256,-0,0009107091,-0,03376253,0,0,0,0,0,0,0,0,0,0,0,0,0,0,0,0,0,0,0,0,0,0,1,1,1,False
25,29416,-14,07272,2,898618,-5,368549,-0,002766538,0,9994256,-0,0009107091,-0,03376253,0,0,0,0,0,0,0,0,0,0,0,0,0,0,0,0,0,0,0,0,0,0,1,1,1,False
25,30389,-14,07365,2,898303,-5,368486,-0,002766538,0,9994256,-0,0009107091,-0,03376253,0,0,0,0,0,0,0,0,0,0,0,0,0,0,0,0,0,0,0,0,0,0,1,1,1,False
25,31443,-14,07465,2,897996,-5,368418,-0,002766538,0,9994256,-0,0009107091,-0,03376253,0,0,0,0,0,0,0,0,0,0,0,0,0,0,0,0,0,0,0,0,0,0,1,1,1,False
25,32376,-14,07552,2,897756,-5,368358,-0,002766538,0,9994256,-0,0009107091,-0,03376253,0,0,0,0,0,0,0,0,0,0,0,0,0,0,0,0,0,0,0,0,0,0,1,1,1,False
25,33469,-14,07655,2,89751,-5,368289,-0,002766538,0,9994256,-0,0009107091,-0,03376253,0,0,0,0,0,0,0,0,0,0,0,0,0,0,0,0,0,0,0,0,0,0,1,1,1,False
25,34406,-14,07742,2,897332,-5,368229,-0,002766538,0,9994256,-0,0009107091,-0,03376253,0,0,0,0,0,0,0,0,0,0,0,0,0,0,0,0,0,0,0,0,0,0,1,1,1,False
25,35439,-14,07837,2,897169,-5,368165,-0,002766538,0,9994256,-0,0009107091,-0,03376253,0,0,0,0,0,0,0,0,0,0,0,0,0,0,0,0,0,0,0,0,0,0,1,1,1,False
25,36379,-14,07923,2,897053,-5,368106,-0,002766538,0,9994256,-0,0009107091,-0,03376253,0,0,0,0,0,0,0,0,0,0,0,0,0,0,0,0,0,0,0,0,0,0,1,1,1,False
25,37427,-14,08017,2,896958,-5,368042,-0,002766538,0,9994256,-0,0009107091,-0,03376253,0,0,0,0,0,0,0,0,0,0,0,0,0,0,0,0,0,0,0,0,0,0,1,1,1,False
25,3832,-14,08098,2,896906,-5,367988,-0,002766538,0,9994256,-0,0009107091,-0,03376253,0,0,0,0,0,0,0,0,0,0,0,0,0,0,0,0,0,0,0,0,0,0,1,1,1,False
25,39297,-14,08185,2,89688,-5,367929,-0,002766538,0,9994256,-0,0009107091,-0,03376253,0,0,0,0,0,0,0,0,0,0,0,0,0,0,0,0,0,0,0,0,0,0,1,1,1,False
25,40177,-14,08262,2,896885,-5,367877,-0,002766538,0,9994256,-0,0009107091,-0,03376253,0,0,0,0,0,0,0,0,0,0,0,0,0,0,0,0,0,0,0,0,0,0,1,1,1,False
25,41147,-14,08347,2,896921,-5,367819,-0,002766538,0,9994256,-0,0009107091,-0,03376253,0,0,0,0,0,0,0,0,0,0,0,0,0,0,0,0,0,0,0,0,0,0,1,1,1,False
25,42074,-14,08427,2,896984,-5,367765,-0,002766538,0,9994256,-0,0009107091,-0,03376253,0,0,0,0,0,0,0,0,0,0,0,0,0,0,0,0,0,0,0,0,0,0,1,1,1,False
25,4308,-14,08512,2,897086,-5,367708,-0,002766538,0,9994256,-0,0009107091,-0,03376253,0,0,0,0,0,0,0,0,0,0,0,0,0,0,0,0,0,0,0,0,0,0,1,1,1,False
25,44063,-14,08595,2,897219,-5,367651,-0,002766538,0,9994256,-0,0009107091,-0,03376253,0,0,0,0,0,0,0,0,0,0,0,0,0,0,0,0,0,0,0,0,0,0,1,1,1,False
25,45109,-14,08682,2,897395,-5,367593,-0,002766538,0,9994256,-0,0009107091,-0,03376253,0,0,0,0,0,0,0,0,0,0,0,0,0,0,0,0,0,0,0,0,0,0,1,1,1,False
25,46097,-14,08763,2,897596,-5,367539,-0,002766538,0,9994256,-0,0009107091,-0,03376253,0,0,0,0,0,0,0,0,0,0,0,0,0,0,0,0,0,0,0,0,0,0,1,1,1,False
25,47171,-14,0885,2,897851,-5,36748,-0,002766538,0,9994256,-0,0009107091,-0,03376253,0,0,0,0,0,0,0,0,0,0,0,0,0,0,0,0,0,0,0,0,0,0,1,1,1,False
25,48135,-14,08927,2,898112,-5,367429,-0,002766538,0,9994256,-0,0009107091,-0,03376253,0,0,0,0,0,0,0,0,0,0,0,0,0,0,0,0,0,0,0,0,0,0,1,1,1,False
25,49131,-14,09005,2,898414,-5,367377,-0,002766538,0,9994256,-0,0009107091,-0,03376253,0,0,0,0,0,0,0,0,0,0,0,0,0,0,0,0,0,0,0,0,0,0,1,1,1,False
25,50075,-14,09078,2,898731,-5,367328,-0,002766538,0,9994256,-0,0009107091,-0,03376253,0,0,0,0,0,0,0,0,0,0,0,0,0,0,0,0,0,0,0,0,0,0,1,1,1,False
25,51197,-14,09164,2,899145,-5,367271,-0,002766538,0,9994256,-0,0009107091,-0,03376253,0,0,0,0,0,0,0,0,0,0,0,0,0,0,0,0,0,0,0,0,0,0,1,1,1,False
25,52135,-14,09234,2,899522,-5,367225,-0,002766538,0,9994256,-0,0009107091,-0,03376253,0,0,0,0,0,0,0,0,0,0,0,0,0,0,0,0,0,0,0,0,0,0,1,1,1,False
25,53206,-14,09312,2,899988,-5,367172,-0,002766538,0,9994256,-0,0009107091,-0,03376253,0,0,0,0,0,0,0,0,0,0,0,0,0,0,0,0,0,0,0,0,0,0,1,1,1,False
25,54145,-14,0938,2,900425,-5,367127,-0,002766538,0,9994256,-0,0009107091,-0,03376253,0,0,0,0,0,0,0,0,0,0,0,0,0,0,0,0,0,0,0,0,0,0,1,1,1,False
25,55204,-14,09455,2,900952,-5,367078,-0,002766538,0,9994256,-0,0009107091,-0,03376253,0,0,0,0,0,0,0,0,0,0,0,0,0,0,0,0,0,0,0,0,0,0,1,1,1,False
25,56139,-14,09519,2,901447,-5,367035,-0,002766538,0,9994256,-0,0009107091,-0,03376253,0,0,0,0,0,0,0,0,0,0,0,0,0,0,0,0,0,0,0,0,0,0,1,1,1,False
25,57207,-14,09592,2,902044,-5,366987,-0,002766538,0,9994256,-0,0009107091,-0,03376253,0,0,0,0,0,0,0,0,0,0,0,0,0,0,0,0,0,0,0,0,0,0,1,1,1,False
25,5812,-14,09653,2,902583,-5,366947,-0,002766538,0,9994256,-0,0009107091,-0,03376253,0,0,0,0,0,0,0,0,0,0,0,0,0,0,0,0,0,0,0,0,0,0,1,1,1,False
25,59193,-14,09722,2,903247,-5,366902,-0,002766538,0,9994256,-0,0009107091,-0,03376253,0,0,0,0,0,0,0,0,0,0,0,0,0,0,0,0,0,0,0,0,0,0,1,1,1,False
25,60217,-14,09787,2,903913,-5,366859,-0,002766538,0,9994256,-0,0009107091,-0,03376253,0,0,0,0,0,0,0,0,0,0,0,0,0,0,0,0,0,0,0,0,0,0,1,1,1,False
25,61322,-14,09855,2,904665,-5,366815,-0,002766538,0,9994256,-0,0009107091,-0,03376253,0,0,0,0,0,0,0,0,0,0,0,0,0,0,0,0,0,0,0,0,0,0,1,1,1,False
25,62268,-14,09912,2,905338,-5,366777,-0,002766538,0,9994256,-0,0009107091,-0,03376253,0,0,0,0,0,0,0,0,0,0,0,0,0,0,0,0,0,0,0,0,0,0,1,1,1,False
25,6331,-14,09973,2,906107,-5,366738,-0,002766538,0,9994256,-0,0009107091,-0,03376253,0,0,0,0,0,0,0,0,0,0,0,0,0,0,0,0,0,0,0,0,0,0,1,1,1,False
25,64232,-14,10025,2,906814,-5,366704,-0,002766538,0,9994256,-0,0009107091,-0,03376253,0,0,0,0,0,0,0,0,0,0,0,0,0,0,0,0,0,0,0,0,0,0,1,1,1,False
25,65269,-14,10082,2,907634,-5,366667,-0,002766538,0,9994256,-0,0009107091,-0,03376253,0,0,0,0,0,0,0,0,0,0,0,0,0,0,0,0,0,0,0,0,0,0,1,1,1,False
25,66209,-14,10133,2,908404,-5,366634,-0,002766538,0,9994256,-0,0009107091,-0,03376253,0,0,0,0,0,0,0,0,0,0,0,0,0,0,0,0,0,0,0,0,0,0,1,1,1,False
25,67262,-14,10187,2,909293,-5,366599,-0,002766538,0,9994256,-0,0009107091,-0,03376253,0,0,0,0,0,0,0,0,0,0,0,0,0,0,0,0,0,0,0,0,0,0,1,1,1,False
25,68089,-14,10229,2,910011,-5,366572,-0,002766538,0,9994256,-0,0009107091,-0,03376253,0,0,0,0,0,0,0,0,0,0,0,0,0,0,0,0,0,0,0,0,0,0,1,1,1,False
25,69172,-14,10282,2,910977,-5,366539,-0,002766538,0,9994256,-0,0009107091,-0,03376253,0,0,0,0,0,0,0,0,0,0,0,0,0,0,0,0,0,0,0,0,0,0,1,1,1,False
25,7025,-14,10332,2,911967,-5,366507,-0,002766538,0,9994256,-0,0009107091,-0,03376253,0,0,0,0,0,0,0,0,0,0,0,0,0,0,0,0,0,0,0,0,0,0,1,1,1,False
25,71319,-14,1038,2,912975,-5,366476,-0,002766538,0,9994256,-0,0009107091,-0,03376253,0,0,0,0,0,0,0,0,0,0,0,0,0,0,0,0,0,0,0,0,0,0,1,1,1,False
25,72168,-14,10417,2,913795,-5,366453,-0,002766538,0,9994256,-0,0009107091,-0,03376253,0,0,0,0,0,0,0,0,0,0,0,0,0,0,0,0,0,0,0,0,0,0,1,1,1,False
25,7309,-14,10455,2,914704,-5,366429,-0,002766538,0,9994256,-0,0009107091,-0,03376253,0,0,0,0,0,0,0,0,0,0,0,0,0,0,0,0,0,0,0,0,0,0,1,1,1,False
25,73938,-14,10489,2,915555,-5,366408,-0,002766538,0,9994256,-0,0009107091,-0,03376253,0,0,0,0,0,0,0,0,0,0,0,0,0,0,0,0,0,0,0,0,0,0,1,1,1,False
25,74807,-14,10522,2,916445,-5,366387,-0,002766538,0,9994256,-0,0009107091,-0,03376253,0,0,0,0,0,0,0,0,0,0,0,0,0,0,0,0,0,0,0,0,0,0,1,1,1,False
25,75843,-14,1056,2,917524,-5,366364,-0,002766538,0,9994256,-0,0009107091,-0,03376253,0,0,0,0,0,0,0,0,0,0,0,0,0,0,0,0,0,0,0,0,0,0,1,1,1,False
25,76779,-14,10593,2,918519,-5,366343,-0,002766538,0,9994256,-0,0009107091,-0,03376253,0,0,0,0,0,0,0,0,0,0,0,0,0,0,0,0,0,0,0,0,0,0,1,1,1,False
25,77835,-14,10628,2,91966,-5,366323,-0,002766538,0,9994256,-0,0009107091,-0,03376253,0,0,0,0,0,0,0,0,0,0,0,0,0,0,0,0,0,0,0,0,0,0,1,1,1,False
25,78762,-14,10656,2,92068,-5,366305,-0,002766538,0,9994256,-0,0009107091,-0,03376253,0,0,0,0,0,0,0,0,0,0,0,0,0,0,0,0,0,0,0,0,0,0,1,1,1,False
25,79796,-14,10686,2,921834,-5,366287,-0,002766538,0,9994256,-0,0009107091,-0,03376253,0,0,0,0,0,0,0,0,0,0,0,0,0,0,0,0,0,0,0,0,0,0,1,1,1,False
25,80753,-14,10713,2,922919,-5,366271,-0,002766538,0,9994256,-0,0009107091,-0,03376253,0,0,0,0,0,0,0,0,0,0,0,0,0,0,0,0,0,0,0,0,0,0,1,1,1,False
25,81817,-14,1074,2,924142,-5,366255,-0,002766538,0,9994256,-0,0009107091,-0,03376253,0,0,0,0,0,0,0,0,0,0,0,0,0,0,0,0,0,0,0,0,0,0,1,1,1,False
25,82738,-14,10761,2,925216,-5,366243,-0,002766538,0,9994256,-0,0009107091,-0,03376253,0,0,0,0,0,0,0,0,0,0,0,0,0,0,0,0,0,0,0,0,0,0,1,1,1,False
25,83873,-14,10786,2,926555,-5,366229,-0,002766538,0,9994256,-0,0009107091,-0,03376253,0,0,0,0,0,0,0,0,0,0,0,0,0,0,0,0,0,0,0,0,0,0,1,1,1,False
25,8479,-14,10804,2,927652,-5,36622,-0,002766538,0,9994256,-0,0009107091,-0,03376253,0,0,0,0,0,0,0,0,0,0,0,0,0,0,0,0,0,0,0,0,0,0,1,1,1,False
25,85798,-14,10821,2,928868,-5,36621,-0,002766538,0,9994256,-0,0009107091,-0,03376253,0,0,0,0,0,0,0,0,0,0,0,0,0,0,0,0,0,0,0,0,0,0,1,1,1,False
25,86679,-14,10835,2,929942,-5,366202,-0,002766538,0,9994256,-0,0009107091,-0,03376253,0,0,0,0,0,0,0,0,0,0,0,0,0,0,0,0,0,0,0,0,0,0,1,1,1,False
25,87601,-14,10848,2,931074,-5,366196,-0,002766538,0,9994256,-0,0009107091,-0,03376253,0,0,0,0,0,0,0,0,0,0,0,0,0,0,0,0,0,0,0,0,0,0,1,1,1,False
25,88424,-14,10858,2,932093,-5,366191,-0,002766538,0,9994256,-0,0009107091,-0,03376253,0,0,0,0,0,0,0,0,0,0,0,0,0,0,0,0,0,0,0,0,0,0,1,1,1,False
25,89431,-14,10869,2,933349,-5,366187,-0,002766538,0,9994256,-0,0009107091,-0,03376253,0,0,0,0,0,0,0,0,0,0,0,0,0,0,0,0,0,0,0,0,0,0,1,1,1,False
25,90324,-14,10876,2,934471,-5,366184,-0,002766538,0,9994256,-0,0009107091,-0,03376253,0,0,0,0,0,0,0,0,0,0,0,0,0,0,0,0,0,0,0,0,0,0,1,1,1,False
25,91338,-14,10883,2,935752,-5,366182,-0,002766538,0,9994256,-0,0009107091,-0,03376253,0,0,0,0,0,0,0,0,0,0,0,0,0,0,0,0,0,0,0,0,0,0,1,1,1,False
25,92276,-14,10887,2,936945,-5,366181,-0,002766538,0,9994256,-0,0009107091,-0,03376253,0,0,0,0,0,0,0,0,0,0,0,0,0,0,0,0,0,0,0,0,0,0,1,1,1,False
25,93312,-14,1089,2,938268,-5,366182,-0,002766538,0,9994256,-0,0009107091,-0,03376253,0,0,0,0,0,0,0,0,0,0,0,0,0,0,0,0,0,0,0,0,0,0,1,1,1,False
25,94246,-14,10891,2,939468,-5,366184,-0,002766538,0,9994256,-0,0009107091,-0,03376253,0,0,0,0,0,0,0,0,0,0,0,0,0,0,0,0,0,0,0,0,0,0,1,1,1,False
25,95267,-14,1089,2,940784,-5,366188,-0,002766538,0,9994256,-0,0009107091,-0,03376253,0,0,0,0,0,0,0,0,0,0,0,0,0,0,0,0,0,0,0,0,0,0,1,1,1,False
25,96171,-14,10887,2,941952,-5,366192,-0,002766538,0,9994256,-0,0009107091,-0,03376253,0,0,0,0,0,0,0,0,0,0,0,0,0,0,0,0,0,0,0,0,0,0,1,1,1,False
25,97205,-14,10882,2,943292,-5,366198,-0,002766538,0,9994256,-0,0009107091,-0,03376253,0,0,0,0,0,0,0,0,0,0,0,0,0,0,0,0,0,0,0,0,0,0,1,1,1,False
25,98139,-14,10875,2,944504,-5,366205,-0,002766538,0,9994256,-0,0009107091,-0,03376253,0,0,0,0,0,0,0,0,0,0,0,0,0,0,0,0,0,0,0,0,0,0,1,1,1,False
25,99144,-14,10866,2,945811,-5,366213,-0,002766538,0,9994256,-0,0009107091,-0,03376253,0,0,0,0,0,0,0,0,0,0,0,0,0,0,0,0,0,0,0,0,0,0,1,1,1,False
26,00068,-14,10856,2,947012,-5,366222,-0,002766538,0,9994256,-0,0009107091,-0,03376253,0,0,0,0,0,0,0,0,0,0,0,0,0,0,0,0,0,0,0,0,0,0,1,1,1,False
26,01119,-14,10843,2,948379,-5,366234,-0,002766538,0,9994256,-0,0009107091,-0,03376253,0,0,0,0,0,0,0,0,0,0,0,0,0,0,0,0,0,0,0,0,0,0,1,1,1,False
26,02083,-14,10829,2,949632,-5,366247,-0,002766538,0,9994256,-0,0009107091,-0,03376253,0,0,0,0,0,0,0,0,0,0,0,0,0,0,0,0,0,0,0,0,0,0,1,1,1,False
26,03105,-14,10812,2,950958,-5,366261,-0,002766538,0,9994256,-0,0009107091,-0,03376253,0,0,0,0,0,0,0,0,0,0,0,0,0,0,0,0,0,0,0,0,0,0,1,1,1,False
26,04032,-14,10794,2,952158,-5,366275,-0,002766538,0,9994256,-0,0009107091,-0,03376253,0,0,0,0,0,0,0,0,0,0,0,0,0,0,0,0,0,0,0,0,0,0,1,1,1,False
26,05046,-14,10774,2,953468,-5,366292,-0,002766538,0,9994256,-0,0009107091,-0,03376253,0,0,0,0,0,0,0,0,0,0,0,0,0,0,0,0,0,0,0,0,0,0,1,1,1,False
26,05969,-14,10753,2,954657,-5,366308,-0,002766538,0,9994256,-0,0009107091,-0,03376253,0,0,0,0,0,0,0,0,0,0,0,0,0,0,0,0,0,0,0,0,0,0,1,1,1,False
26,069,-14,1073,2,955851,-5,366325,-0,002766538,0,9994256,-0,0009107091,-0,03376253,0,0,0,0,0,0,0,0,0,0,0,0,0,0,0,0,0,0,0,0,0,0,1,1,1,False
26,07816,-14,10707,2,95702,-5,366344,-0,002766538,0,9994256,-0,0009107091,-0,03376253,0,0,0,0,0,0,0,0,0,0,0,0,0,0,0,0,0,0,0,0,0,0,1,1,1,False
26,08659,-14,10683,2,958091,-5,366362,-0,002766538,0,9994256,-0,0009107091,-0,03376253,0,0,0,0,0,0,0,0,0,0,0,0,0,0,0,0,0,0,0,0,0,0,1,1,1,False
26,09587,-14,10656,2,959265,-5,366383,-0,002766538,0,9994256,-0,0009107091,-0,03376253,0,0,0,0,0,0,0,0,0,0,0,0,0,0,0,0,0,0,0,0,0,0,1,1,1,False
26,10443,-14,10629,2,96034,-5,366403,-0,002766538,0,9994256,-0,0009107091,-0,03376253,0,0,0,0,0,0,0,0,0,0,0,0,0,0,0,0,0,0,0,0,0,0,1,1,1,False
26,11366,-14,10599,2,961492,-5,366426,-0,002766538,0,9994256,-0,0009107091,-0,03376253,0,0,0,0,0,0,0,0,0,0,0,0,0,0,0,0,0,0,0,0,0,0,1,1,1,False
26,122,-14,1057,2,962526,-5,366447,-0,002766538,0,9994256,-0,0009107091,-0,03376253,0,0,0,0,0,0,0,0,0,0,0,0,0,0,0,0,0,0,0,0,0,0,1,1,1,False
26,13225,-14,10533,2,963786,-5,366475,-0,002766538,0,9994256,-0,0009107091,-0,03376253,0,0,0,0,0,0,0,0,0,0,0,0,0,0,0,0,0,0,0,0,0,0,1,1,1,False
26,14196,-14,10497,2,96497,-5,366502,-0,002766538,0,9994256,-0,0009107091,-0,03376253,0,0,0,0,0,0,0,0,0,0,0,0,0,0,0,0,0,0,0,0,0,0,1,1,1,False
26,15171,-14,10458,2,966147,-5,36653,-0,002766538,0,9994256,-0,0009107091,-0,03376253,0,0,0,0,0,0,0,0,0,0,0,0,0,0,0,0,0,0,0,0,0,0,1,1,1,False
26,16105,-14,10419,2,967262,-5,366559,-0,002766538,0,9994256,-0,0009107091,-0,03376253,0,0,0,0,0,0,0,0,0,0,0,0,0,0,0,0,0,0,0,0,0,0,1,1,1,False
26,17086,-14,10377,2,968421,-5,36659,-0,002766538,0,9994256,-0,0009107091,-0,03376253,0,0,0,0,0,0,0,0,0,0,0,0,0,0,0,0,0,0,0,0,0,0,1,1,1,False
26,1803,-14,10334,2,969523,-5,366621,-0,002766538,0,9994256,-0,0009107091,-0,03376253,0,0,0,0,0,0,0,0,0,0,0,0,0,0,0,0,0,0,0,0,0,0,1,1,1,False
26,19013,-14,10288,2,970656,-5,366654,-0,002766538,0,9994256,-0,0009107091,-0,03376253,0,0,0,0,0,0,0,0,0,0,0,0,0,0,0,0,0,0,0,0,0,0,1,1,1,False
26,19892,-14,10246,2,971655,-5,366685,-0,002766538,0,9994256,-0,0009107091,-0,03376253,0,0,0,0,0,0,0,0,0,0,0,0,0,0,0,0,0,0,0,0,0,0,1,1,1,False
26,20714,-14,10205,2,972579,-5,366714,-0,002766538,0,9994256,-0,0009107091,-0,03376253,0,0,0,0,0,0,0,0,0,0,0,0,0,0,0,0,0,0,0,0,0,0,1,1,1,False
26,21667,-14,10156,2,973635,-5,36675,-0,002766538,0,9994256,-0,0009107091,-0,03376253,0,0,0,0,0,0,0,0,0,0,0,0,0,0,0,0,0,0,0,0,0,0,1,1,1,False
26,22554,-14,10109,2,974602,-5,366784,-0,002766538,0,9994256,-0,0009107091,-0,03376253,0,0,0,0,0,0,0,0,0,0,0,0,0,0,0,0,0,0,0,0,0,0,1,1,1,False
26,23433,-14,10061,2,975547,-5,366818,-0,002766538,0,9994256,-0,0009107091,-0,03376253,0,0,0,0,0,0,0,0,0,0,0,0,0,0,0,0,0,0,0,0,0,0,1,1,1,False
26,24299,-14,10013,2,976463,-5,366852,-0,002766538,0,9994256,-0,0009107091,-0,03376253,0,0,0,0,0,0,0,0,0,0,0,0,0,0,0,0,0,0,0,0,0,0,1,1,1,False
26,25295,-14,09956,2,977498,-5,366893,-0,002766538,0,9994256,-0,0009107091,-0,03376253,0,0,0,0,0,0,0,0,0,0,0,0,0,0,0,0,0,0,0,0,0,0,1,1,1,False
26,26161,-14,09905,2,978382,-5,36693,-0,002766538,0,9994256,-0,0009107091,-0,03376253,0,0,0,0,0,0,0,0,0,0,0,0,0,0,0,0,0,0,0,0,0,0,1,1,1,False
26,2704,-14,09852,2,979262,-5,366967,-0,002766538,0,9994256,-0,0009107091,-0,03376253,0,0,0,0,0,0,0,0,0,0,0,0,0,0,0,0,0,0,0,0,0,0,1,1,1,False
26,27826,-14,09803,2,980035,-5,367001,-0,002766538,0,9994256,-0,0009107091,-0,03376253,0,0,0,0,0,0,0,0,0,0,0,0,0,0,0,0,0,0,0,0,0,0,1,1,1,False
26,28619,-14,09753,2,980801,-5,367036,-0,002766538,0,9994256,-0,0009107091,-0,03376253,0,0,0,0,0,0,0,0,0,0,0,0,0,0,0,0,0,0,0,0,0,0,1,1,1,False
26,29502,-14,09697,2,981636,-5,367076,-0,002766538,0,9994256,-0,0009107091,-0,03376253,0,0,0,0,0,0,0,0,0,0,0,0,0,0,0,0,0,0,0,0,0,0,1,1,1,False
26,30419,-14,09637,2,982484,-5,367119,-0,002766538,0,9994256,-0,0009107091,-0,03376253,0,0,0,0,0,0,0,0,0,0,0,0,0,0,0,0,0,0,0,0,0,0,1,1,1,False
26,31309,-14,09577,2,983289,-5,367161,-0,002766538,0,9994256,-0,0009107091,-0,03376253,0,0,0,0,0,0,0,0,0,0,0,0,0,0,0,0,0,0,0,0,0,0,1,1,1,False
26,32185,-14,09518,2,984061,-5,367203,-0,002766538,0,9994256,-0,0009107091,-0,03376253,0,0,0,0,0,0,0,0,0,0,0,0,0,0,0,0,0,0,0,0,0,0,1,1,1,False
26,33239,-14,09444,2,984966,-5,367254,-0,002766538,0,9994256,-0,0009107091,-0,03376253,0,0,0,0,0,0,0,0,0,0,0,0,0,0,0,0,0,0,0,0,0,0,1,1,1,False
26,34289,-14,0937,2,985838,-5,367306,-0,002766538,0,9994256,-0,0009107091,-0,03376253,0,0,0,0,0,0,0,0,0,0,0,0,0,0,0,0,0,0,0,0,0,0,1,1,1,False
26,35292,-14,09297,2,986643,-5,367357,-0,002766538,0,9994256,-0,0009107091,-0,03376253,0,0,0,0,0,0,0,0,0,0,0,0,0,0,0,0,0,0,0,0,0,0,1,1,1,False
26,36166,-14,09233,2,987324,-5,367402,-0,002766538,0,9994256,-0,0009107091,-0,03376253,0,0,0,0,0,0,0,0,0,0,0,0,0,0,0,0,0,0,0,0,0,0,1,1,1,False
26,37037,-14,09167,2,987981,-5,367447,-0,002766538,0,9994256,-0,0009107091,-0,03376253,0,0,0,0,0,0,0,0,0,0,0,0,0,0,0,0,0,0,0,0,0,0,1,1,1,False
26,37905,-14,09101,2,988615,-5,367493,-0,002766538,0,9994256,-0,0009107091,-0,03376253,0,0,0,0,0,0,0,0,0,0,0,0,0,0,0,0,0,0,0,0,0,0,1,1,1,False
26,38774,-14,09034,2,989228,-5,36754,-0,002766538,0,9994256,-0,0009107091,-0,03376253,0,0,0,0,0,0,0,0,0,0,0,0,0,0,0,0,0,0,0,0,0,0,1,1,1,False
26,3966,-14,08965,2,989831,-5,367588,-0,002766538,0,9994256,-0,0009107091,-0,03376253,0,0,0,0,0,0,0,0,0,0,0,0,0,0,0,0,0,0,0,0,0,0,1,1,1,False
26,40635,-14,08887,2,990469,-5,367641,-0,002766538,0,9994256,-0,0009107091,-0,03376253,0,0,0,0,0,0,0,0,0,0,0,0,0,0,0,0,0,0,0,0,0,0,1,1,1,False
26,41493,-14,08818,2,991006,-5,36769,-0,002766538,0,9994256,-0,0009107091,-0,03376253,0,0,0,0,0,0,0,0,0,0,0,0,0,0,0,0,0,0,0,0,0,0,1,1,1,False
26,42405,-14,08744,2,991554,-5,373741,-0,002766538,0,9994256,-0,0009107091,-0,03376253,0,0,0,0,0,0,0,0,0,0,0,0,0,0,0,0,0,0,0,0,0,0,1,1,1,False
26,43361,-14,08665,2,992101,-5,383796,-0,002766538,0,9994256,-0,0009107091,-0,03376253,0,0,0,0,0,0,0,0,0,0,0,0,0,0,0,0,0,0,0,0,0,0,1,1,1,False
26,44291,-14,08587,2,992607,-5,383849,-0,002766538,0,9994256,-0,0009107091,-0,03376253,0,0,0,0,0,0,0,0,0,0,0,0,0,0,0,0,0,0,0,0,0,0,1,1,1,False
26,45282,-14,08503,2,993116,-5,403907,-0,002766538,0,9994256,-0,0009107091,-0,03376253,0,0,0,0,0,0,0,0,0,0,0,0,0,0,0,0,0,0,0,0,0,0,1,1,1,False
26,46213,-14,08424,2,993566,-5,423962,-0,002766538,0,9994256,-0,0009107091,-0,03376253,0,0,0,0,0,0,0,0,0,0,0,0,0,0,0,0,0,0,0,0,0,0,1,1,1,False
26,47176,-14,0834,2,994004,-5,454019,-0,002766538,0,9994256,-0,0009107091,-0,03376253,0,0,0,0,0,0,0,0,0,0,0,0,0,0,0,0,0,0,0,0,0,0,1,1,1,False
26,48045,-14,08264,2,994373,-5,454071,-0,002766538,0,9994256,-0,0009107091,-0,03376253,0,0,0,0,0,0,0,0,0,0,0,0,0,0,0,0,0,0,0,0,0,0,1,1,1,False
26,49039,-14,08176,2,994766,-5,464132,-0,002766538,0,9994256,-0,0009107091,-0,03376253,0,0,0,0,0,0,0,0,0,0,0,0,0,0,0,0,0,0,0,0,0,0,1,1,1,False
26,50057,-14,08085,2,995135,-5,484194,-0,002766538,0,9994256,-0,0009107091,-0,03376253,0,0,0,0,0,0,0,0,0,0,0,0,0,0,0,0,0,0,0,0,0,0,1,1,1,False
26,51014,-14,07999,2,995451,-5,524253,-0,002766538,0,9994256,-0,0009107091,-0,03376253,0,0,0,0,0,0,0,0,0,0,0,0,0,0,0,0,0,0,0,0,0,0,1,1,1,False
26,51875,-14,0792,2,99571,-5,524306,-0,002766538,0,9994256,-0,0009107091,-0,03376253,0,0,0,0,0,0,0,0,0,0,0,0,0,0,0,0,0,0,0,0,0,0,1,1,1,False
26,52646,-14,0785,2,995921,-5,524355,-0,002766538,0,9994256,-0,0009107091,-0,03376253,0,0,0,0,0,0,0,0,0,0,0,0,0,0,0,0,0,0,0,0,0,0,1,1,1,False
26,53615,-14,0776,2,996158,-5,574416,-0,002766538,0,9994256,-0,0009107091,-0,03376253,0,0,0,0,0,0,0,0,0,0,0,0,0,0,0,0,0,0,0,0,0,0,1,1,1,False
26,54811,-14,07649,2,996408,-5,604492,-0,002766538,0,9994256,-0,0009107091,-0,03376253,0,0,0,0,0,0,0,0,0,0,0,0,0,0,0,0,0,0,0,0,0,0,1,1,1,False
26,56325,-14,07506,2,996656,-5,684588,-0,002766538,0,9994256,-0,0009107091,-0,03376253,0,0,0,0,0,0,0,0,0,0,0,0,0,0,0,0,0,0,0,0,0,0,1,1,1,False
26,57345,-14,07409,2,99678,-5,774654,-0,002766538,0,9994256,-0,0009107091,-0,03376253,0,0,0,0,0,0,0,0,0,0,0,0,0,0,0,0,0,0,0,0,0,0,1,1,1,False
26,58444,-14,07304,2,996873,-5,894725,-0,002766538,0,9994256,-0,0009107091,-0,03376253,0,0,0,0,0,0,0,0,0,0,0,0,0,0,0,0,0,0,0,0,0,0,1,1,1,False
26,59389,-14,07213,2,996922,-5,994787,-0,002766538,0,9994256,-0,0009107091,-0,03376253,0,0,0,0,0,0,0,0,0,0,0,0,0,0,0,0,0,0,0,0,0,0,1,1,1,False
26,60289,-14,07127,2,996939,-6,074846,-0,002766538,0,9994256,-0,0009107091,-0,03376253,0,0,0,0,0,0,0,0,0,0,0,0,0,0,0,0,0,0,0,0,0,0,1,1,1,False
26,61341,-14,07024,2,996926,-6,214915,-0,002766538,0,9994256,-0,0009107091,-0,03376253,0,0,0,0,0,0,0,0,0,0,0,0,0,0,0,0,0,0,0,0,0,0,1,1,1,False
26,62231,-14,06937,2,996885,-6,314973,-0,002766538,0,9994256,-0,0009107091,-0,03376253,0,0,0,0,0,0,0,0,0,0,0,0,0,0,0,0,0,0,0,0,0,0,1,1,1,False
26,63262,-14,15391,2,995761,-6,67564,-0,002766538,0,9994256,-0,0009107091,-0,03376253,0,0,0,0,0,0,0,0,0,0,0,0,0,0,0,0,0,0,0,0,0,0,1,1,1,False
26,64737,-14,06691,4,492294,-6,55514,-0,002766538,0,9994256,-0,0009107091,-0,03376253,0,0,0,0,0,0,0,0,0,0,0,0,0,0,0,0,0,0,0,0,0,0,1,1,1,False
26,65823,-14,06584,4,493829,-6,765212,-0,002766538,0,9994256,-0,0009107091,-0,03376253,0,0,0,0,0,0,0,0,0,0,0,0,0,0,0,0,0,0,0,0,0,0,1,1,1,False
26,66689,-14,06498,4,494907,-6,915269,-0,002766538,0,9994256,-0,0009107091,-0,03376253,0,0,0,0,0,0,0,0,0,0,0,0,0,0,0,0,0,0,0,0,0,0,1,1,1,False
26,67673,-14,064,4,495672,-7,035336,-0,002766538,0,9994256,-0,0009107091,-0,03376253,0,0,0,0,0,0,0,0,0,0,0,0,0,0,0,0,0,0,0,0,0,0,1,1,1,False
26,6855,-14,06313,4,496561,-7,185394,-0,002766538,0,9994256,-0,0009107091,-0,03376253,0,0,0,0,0,0,0,0,0,0,0,0,0,0,0,0,0,0,0,0,0,0,1,1,1,False
26,6953,-14,06215,4,497266,-7,305459,-0,002766538,0,9994256,-0,0009107091,-0,03376253,0,0,0,0,0,0,0,0,0,0,0,0,0,0,0,0,0,0,0,0,0,0,1,1,1,False
26,70476,-14,06121,2,995244,-7,745522,-0,002766538,0,9994256,-0,0009107091,-0,03376253,0,0,0,0,0,0,0,0,0,0,0,0,0,0,0,0,0,0,0,0,0,0,1,1,1,False
26,72038,-14,05965,2,99468,-8,185628,-0,002766538,0,9994256,-0,0009107091,-0,03376253,0,0,0,0,0,0,0,0,0,0,0,0,0,0,0,0,0,0,0,0,0,0,1,1,1,False
26,7305,-14,05863,2,994273,-8,465694,-0,002766538,0,9994256,-0,0009107091,-0,03376253,0,0,0,0,0,0,0,0,0,0,0,0,0,0,0,0,0,0,0,0,0,0,1,1,1,False
26,74019,-14,05766,2,993852,-8,835759,-0,002766538,0,9994256,-0,0009107091,-0,03376253,0,0,0,0,0,0,0,0,0,0,0,0,0,0,0,0,0,0,0,0,0,0,1,1,1,False
26,75053,-14,05663,2,993371,-9,105829,-0,002766538,0,9994256,-0,0009107091,-0,03376253,0,0,0,0,0,0,0,0,0,0,0,0,0,0,0,0,0,0,0,0,0,0,1,1,1,False
26,75929,-14,05576,2,992936,-9,455887,-0,002766538,0,9994256,-0,0009107091,-0,03376253,0,0,0,0,0,0,0,0,0,0,0,0,0,0,0,0,0,0,0,0,0,0,1,1,1,False
26,76805,-14,05488,2,992478,-10,08595,-0,002766538,0,9994256,-0,0009107091,-0,03376253,0,0,0,0,0,0,0,0,0,0,0,0,0,0,0,0,0,0,0,0,0,0,1,1,1,False
26,77742,-14,05395,2,991962,-10,44601,-0,002766538,0,9994256,-0,0009107091,-0,03376253,0,0,0,0,0,0,0,0,0,0,0,0,0,0,0,0,0,0,0,0,0,0,1,1,1,False
26,78637,-14,05306,2,991444,-10,72607,-0,002766538,0,9994256,-0,0009107091,-0,03376253,0,0,0,0,0,0,0,0,0,0,0,0,0,0,0,0,0,0,0,0,0,0,1,1,1,False
26,79673,-14,05203,2,990815,-10,92613,-0,002766538,0,9994256,-0,0009107091,-0,03376253,0,0,0,0,0,0,0,0,0,0,0,0,0,0,0,0,0,0,0,0,0,0,1,1,1,False
26,80569,-14,05115,2,990245,-11,27619,-0,002766538,0,9994256,-0,0009107091,-0,03376253,0,0,0,0,0,0,0,0,0,0,0,0,0,0,0,0,0,0,0,0,0,0,1,1,1,False
26,81601,-14,05013,2,98956,-11,51626,-0,002766538,0,9994256,-0,0009107091,-0,03376253,0,0,0,0,0,0,0,0,0,0,0,0,0,0,0,0,0,0,0,0,0,0,1,1,1,False
26,82463,-14,04928,2,988963,-11,79632,-0,002766538,0,9994256,-0,0009107091,-0,03376253,0,0,0,0,0,0,0,0,0,0,0,0,0,0,0,0,0,0,0,0,0,0,1,1,1,False
26,83471,-14,04829,2,98824,-12,37638,-0,002766538,0,9994256,-0,0009107091,-0,03376253,0,0,0,0,0,0,0,0,0,0,0,0,0,0,0,0,0,0,0,0,0,0,1,1,1,False
26,84435,-14,04735,2,987521,-12,49644,-0,002766538,0,9994256,-0,0009107091,-0,03376253,0,0,0,0,0,0,0,0,0,0,0,0,0,0,0,0,0,0,0,0,0,0,1,1,1,False
26,85397,-14,04642,2,986778,-12,83651,-0,002766538,0,9994256,-0,0009107091,-0,03376253,0,0,0,0,0,0,0,0,0,0,0,0,0,0,0,0,0,0,0,0,0,0,1,1,1,False
26,86304,-14,04554,2,986055,-12,93656,-0,002766538,0,9994256,-0,0009107091,-0,03376253,0,0,0,0,0,0,0,0,0,0,0,0,0,0,0,0,0,0,0,0,0,0,1,1,1,False
26,87829,-14,04408,2,984791,-13,36666,-0,002766538,0,9994256,-0,0009107091,-0,03376253,0,0,0,0,0,0,0,0,0,0,0,0,0,0,0,0,0,0,0,0,0,0,1,1,1,False
26,88709,-14,04324,2,984034,-13,51672,-0,002766538,0,9994256,-0,0009107091,-0,03376253,0,0,0,0,0,0,0,0,0,0,0,0,0,0,0,0,0,0,0,0,0,0,1,1,1,False
26,89799,-14,04221,2,98307,-13,64678,-0,002766538,0,9994256,-0,0009107091,-0,03376253,0,0,0,0,0,0,0,0,0,0,0,0,0,0,0,0,0,0,0,0,0,0,1,1,1,False
26,90689,-14,04137,2,982261,-13,78684,-0,002766538,0,9994256,-0,0009107091,-0,03376253,0,0,0,0,0,0,0,0,0,0,0,0,0,0,0,0,0,0,0,0,0,0,1,1,1,False
26,91701,-14,04043,2,981319,-13,8969,-0,002766538,0,9994256,-0,0009107091,-0,03376253,0,0,0,0,0,0,0,0,0,0,0,0,0,0,0,0,0,0,0,0,0,0,1,1,1,False
26,92654,-14,03955,2,98041,-13,96696,-0,002766538,0,9994256,-0,0009107091,-0,03376253,0,0,0,0,0,0,0,0,0,0,0,0,0,0,0,0,0,0,0,0,0,0,1,1,1,False
26,93627,-14,03866,2,979461,-14,16702,-0,002766538,0,9994256,-0,0009107091,-0,03376253,0,0,0,0,0,0,0,0,0,0,0,0,0,0,0,0,0,0,0,0,0,0,1,1,1,False
26,94665,-14,03771,2,978425,-14,37708,-0,002766538,0,9994256,-0,0009107091,-0,03376253,0,0,0,0,0,0,0,0,0,0,0,0,0,0,0,0,0,0,0,0,0,0,1,1,1,False
26,95694,-14,03678,2,977376,-14,48714,-0,002766538,0,9994256,-0,0009107091,-0,03376253,0,0,0,0,0,0,0,0,0,0,0,0,0,0,0,0,0,0,0,0,0,0,1,1,1,False
26,96626,-14,03595,2,976408,-14,56719,-0,002766538,0,9994256,-0,0009107091,-0,03376253,0,0,0,0,0,0,0,0,0,0,0,0,0,0,0,0,0,0,0,0,0,0,1,1,1,False
26,97682,-14,03502,2,975289,-14,65725,-0,002766538,0,9994256,-0,0009107091,-0,03376253,0,0,0,0,0,0,0,0,0,0,0,0,0,0,0,0,0,0,0,0,0,0,1,1,1,False
26,98588,-14,03423,2,974312,-14,87731,-0,002766538,0,9994256,-0,0009107091,-0,03376253,0,0,0,0,0,0,0,0,0,0,0,0,0,0,0,0,0,0,0,0,0,0,1,1,1,False
26,99553,-14,03339,2,973255,-14,99736,-0,002766538,0,9994256,-0,0009107091,-0,03376253,0,0,0,0,0,0,0,0,0,0,0,0,0,0,0,0,0,0,0,0,0,0,1,1,1,False
27,00471,-14,03261,2,972234,-15,04741,-0,002766538,0,9994256,-0,0009107091,-0,03376253,0,0,0,0,0,0,0,0,0,0,0,0,0,0,0,0,0,0,0,0,0,0,1,1,1,False
27,01518,-14,03172,2,971053,-15,14747,-0,002766538,0,9994256,-0,0009107091,-0,03376253,0,0,0,0,0,0,0,0,0,0,0,0,0,0,0,0,0,0,0,0,0,0,1,1,1,False
27,03104,-14,03041,2,969228,-15,36755,-0,002766538,0,9994256,-0,0009107091,-0,03376253,0,0,0,0,0,0,0,0,0,0,0,0,0,0,0,0,0,0,0,0,0,0,1,1,1,False
27,04262,-14,02946,2,967873,-15,56762,-0,002766538,0,9994256,-0,0009107091,-0,03376253,0,0,0,0,0,0,0,0,0,0,0,0,0,0,0,0,0,0,0,0,0,0,1,1,1,False
27,05411,-14,02854,2,96651,-15,65767,-0,002766538,0,9994256,-0,0009107091,-0,03376253,0,0,0,0,0,0,0,0,0,0,0,0,0,0,0,0,0,0,0,0,0,0,1,1,1,False
27,06356,-14,0278,2,965375,-15,75772,-0,002766538,0,9994256,-0,0009107091,-0,03376253,0,0,0,0,0,0,0,0,0,0,0,0,0,0,0,0,0,0,0,0,0,0,1,1,1,False
27,07422,-14,02697,2,964082,-15,93778,-0,002766538,0,9994256,-0,0009107091,-0,03376253,0,0,0,0,0,0,0,0,0,0,0,0,0,0,0,0,0,0,0,0,0,0,1,1,1,False
27,08314,-14,02629,2,96299,-16,03782,-0,002766538,0,9994256,-0,0009107091,-0,03376253,0,0,0,0,0,0,0,0,0,0,0,0,0,0,0,0,0,0,0,0,0,0,1,1,1,False
27,09282,-14,02556,2,961796,-16,10787,-0,002766538,0,9994256,-0,0009107091,-0,03376253,0,0,0,0,0,0,0,0,0,0,0,0,0,0,0,0,0,0,0,0,0,0,1,1,1,False
27,10139,-14,02493,2,960729,-16,17791,-0,002766538,0,9994256,-0,0009107091,-0,03376253,0,0,0,0,0,0,0,0,0,0,0,0,0,0,0,0,0,0,0,0,0,0,1,1,1,False
27,11178,-14,02417,2,959429,-16,24796,-0,002766538,0,9994256,-0,0009107091,-0,03376253,0,0,0,0,0,0,0,0,0,0,0,0,0,0,0,0,0,0,0,0,0,0,1,1,1,False
27,12034,-14,02356,2,95835,-16,38799,-0,002766538,0,9994256,-0,0009107091,-0,03376253,0,0,0,0,0,0,0,0,0,0,0,0,0,0,0,0,0,0,0,0,0,0,1,1,1,False
27,13004,-14,02289,2,957121,-16,45804,-0,002766538,0,9994256,-0,0009107091,-0,03376253,0,0,0,0,0,0,0,0,0,0,0,0,0,0,0,0,0,0,0,0,0,0,1,1,1,False
27,14082,-14,02215,2,955748,-16,64808,-0,002766538,0,9994256,-0,0009107091,-0,03376253,0,0,0,0,0,0,0,0,0,0,0,0,0,0,0,0,0,0,0,0,0,0,1,1,1,False
27,15106,-14,02146,2,954437,-16,83813,-0,002766538,0,9994256,-0,0009107091,-0,03376253,0,0,0,0,0,0,0,0,0,0,0,0,0,0,0,0,0,0,0,0,0,0,1,1,1,False
27,16046,-14,02085,2,95323,-16,94817,-0,002766538,0,9994256,-0,0009107091,-0,03376253,0,0,0,0,0,0,0,0,0,0,0,0,0,0,0,0,0,0,0,0,0,0,1,1,1,False
27,17139,-14,02015,2,95182,-17,13821,-0,002766538,0,9994256,-0,0009107091,-0,03376253,0,0,0,0,0,0,0,0,0,0,0,0,0,0,0,0,0,0,0,0,0,0,1,1,1,False
27,18644,-14,01922,2,949875,-17,54827,-0,002766538,0,9994256,-0,0009107091,-0,03376253,0,0,0,0,0,0,0,0,0,0,0,0,0,0,0,0,0,0,0,0,0,0,1,1,1,False
27,19707,-14,01858,2,948496,-17,96831,-0,002766538,0,9994256,-0,0009107091,-0,03376253,0,0,0,0,0,0,0,0,0,0,0,0,0,0,0,0,0,0,0,0,0,0,1,1,1,False
27,20702,-14,018,2,947206,-18,17835,-0,002766538,0,9994256,-0,0009107091,-0,03376253,0,0,0,0,0,0,0,0,0,0,0,0,0,0,0,0,0,0,0,0,0,0,1,1,1,False
27,21768,-14,0174,2,945824,-18,53839,-0,002766538,0,9994256,-0,0009107091,-0,03376253,0,0,0,0,0,0,0,0,0,0,0,0,0,0,0,0,0,0,0,0,0,0,1,1,1,False
27,22722,-14,01688,2,944588,-18,56842,-0,002766538,0,9994256,-0,0009107091,-0,03376253,0,0,0,0,0,0,0,0,0,0,0,0,0,0,0,0,0,0,0,0,0,0,1,1,1,False
27,23798,-14,0163,2,943196,-18,85846,-0,002766538,0,9994256,-0,0009107091,-0,03376253,0,0,0,0,0,0,0,0,0,0,0,0,0,0,0,0,0,0,0,0,0,0,1,1,1,False
27,2485,-14,01577,2,941837,-18,94849,-0,002766538,0,9994256,-0,0009107091,-0,03376253,0,0,0,0,0,0,0,0,0,0,0,0,0,0,0,0,0,0,0,0,0,0,1,1,1,False
27,25867,-14,01526,2,940528,-19,03852,-0,002766538,0,9994256,-0,0009107091,-0,03376253,0,0,0,0,0,0,0,0,0,0,0,0,0,0,0,0,0,0,0,0,0,0,1,1,1,False
27,26844,-14,0148,2,939274,-19,12855,-0,002766538,0,9994256,-0,0009107091,-0,03376253,0,0,0,0,0,0,0,0,0,0,0,0,0,0,0,0,0,0,0,0,0,0,1,1,1,False
27,27778,-14,01437,2,938079,-19,12858,-0,002766538,0,9994256,-0,0009107091,-0,03376253,0,0,0,0,0,0,0,0,0,0,0,0,0,0,0,0,0,0,0,0,0,0,1,1,1,False
27,2869,-14,01396,2,936919,-19,1886,-0,002766538,0,9994256,-0,0009107091,-0,03376253,0,0,0,0,0,0,0,0,0,0,0,0,0,0,0,0,0,0,0,0,0,0,1,1,1,False
27,29657,-14,01355,2,935695,-19,18863,-0,002766538,0,9994256,-0,0009107091,-0,03376253,0,0,0,0,0,0,0,0,0,0,0,0,0,0,0,0,0,0,0,0,0,0,1,1,1,False
27,30475,-14,01321,2,934665,-19,18865,-0,002766538,0,9994256,-0,0009107091,-0,03376253,0,0,0,0,0,0,0,0,0,0,0,0,0,0,0,0,0,0,0,0,0,0,1,1,1,False
27,31397,-14,01285,2,933511,-19,18867,-0,002766538,0,9994256,-0,0009107091,-0,03376253,0,0,0,0,0,0,0,0,0,0,0,0,0,0,0,0,0,0,0,0,0,0,1,1,1,False
27,32223,-14,01254,2,932483,-19,18869,-0,002766538,0,9994256,-0,0009107091,-0,03376253,0,0,0,0,0,0,0,0,0,0,0,0,0,0,0,0,0,0,0,0,0,0,1,1,1,False
27,33719,-14,012,2,93064,-19,18872,-0,002766538,0,9994256,-0,0009107091,-0,03376253,0,0,0,0,0,0,0,0,0,0,0,0,0,0,0,0,0,0,0,0,0,0,1,1,1,False
27,34585,-14,01171,2,929584,-19,18874,-0,002766538,0,9994256,-0,0009107091,-0,03376253,0,0,0,0,0,0,0,0,0,0,0,0,0,0,0,0,0,0,0,0,0,0,1,1,1,False
27,35514,-14,01142,2,928461,-19,18876,-0,002766538,0,9994256,-0,0009107091,-0,03376253,0,0,0,0,0,0,0,0,0,0,0,0,0,0,0,0,0,0,0,0,0,0,1,1,1,False
27,36322,-14,01117,2,927494,-19,18877,-0,002766538,0,9994256,-0,0009107091,-0,03376253,0,0,0,0,0,0,0,0,0,0,0,0,0,0,0,0,0,0,0,0,0,0,1,1,1,False
27,37255,-14,01091,2,926387,-19,18879,-0,002766538,0,9994256,-0,0009107091,-0,03376253,0,0,0,0,0,0,0,0,0,0,0,0,0,0,0,0,0,0,0,0,0,0,1,1,1,False
27,38076,-14,01069,2,925423,-19,1888,-0,002766538,0,9994256,-0,0009107091,-0,03376253,0,0,0,0,0,0,0,0,0,0,0,0,0,0,0,0,0,0,0,0,0,0,1,1,1,False
27,39038,-14,01045,2,924307,-19,18881,-0,002766538,0,9994256,-0,0009107091,-0,03376253,0,0,0,0,0,0,0,0,0,0,0,0,0,0,0,0,0,0,0,0,0,0,1,1,1,False
27,39976,-14,01023,2,923231,-19,18883,-0,002766538,0,9994256,-0,0009107091,-0,03376253,0,0,0,0,0,0,0,0,0,0,0,0,0,0,0,0,0,0,0,0,0,0,1,1,1,False
27,40869,-14,01004,2,922221,-19,18884,-0,002766538,0,9994256,-0,0009107091,-0,03376253,0,0,0,0,0,0,0,0,0,0,0,0,0,0,0,0,0,0,0,0,0,0,1,1,1,False
27,41766,-14,00986,2,92122,-19,18885,-0,002766538,0,9994256,-0,0009107091,-0,03376253,0,0,0,0,0,0,0,0,0,0,0,0,0,0,0,0,0,0,0,0,0,0,1,1,1,False
27,42656,-14,00971,2,92024,-19,18886,-0,002766538,0,9994256,-0,0009107091,-0,03376253,0,0,0,0,0,0,0,0,0,0,0,0,0,0,0,0,0,0,0,0,0,0,1,1,1,False
27,43566,-14,00956,2,919254,-19,18886,-0,002766538,0,9994256,-0,0009107091,-0,03376253,0,0,0,0,0,0,0,0,0,0,0,0,0,0,0,0,0,0,0,0,0,0,1,1,1,False
27,4443,-14,00944,2,918331,-19,18887,-0,002766538,0,9994256,-0,0009107091,-0,03376253,0,0,0,0,0,0,0,0,0,0,0,0,0,0,0,0,0,0,0,0,0,0,1,1,1,False
27,45377,-14,00932,2,917336,-19,18888,-0,002766538,0,9994256,-0,0009107091,-0,03376253,0,0,0,0,0,0,0,0,0,0,0,0,0,0,0,0,0,0,0,0,0,0,1,1,1,False
27,46211,-14,00923,2,916476,-19,18888,-0,002766538,0,9994256,-0,0009107091,-0,03376253,0,0,0,0,0,0,0,0,0,0,0,0,0,0,0,0,0,0,0,0,0,0,1,1,1,False
27,47109,-14,00915,2,915566,-19,18888,-0,002766538,0,9994256,-0,0009107091,-0,03376253,0,0,0,0,0,0,0,0,0,0,0,0,0,0,0,0,0,0,0,0,0,0,1,1,1,False
27,47941,-14,00909,2,914738,-19,18889,-0,002766538,0,9994256,-0,0009107091,-0,03376253,0,0,0,0,0,0,0,0,0,0,0,0,0,0,0,0,0,0,0,0,0,0,1,1,1,False
27,48781,-14,00904,2,913916,-19,18889,-0,002766538,0,9994256,-0,0009107091,-0,03376253,0,0,0,0,0,0,0,0,0,0,0,0,0,0,0,0,0,0,0,0,0,0,1,1,1,False
27,49799,-14,009,2,912943,-19,18889,-0,002766538,0,9994256,-0,0009107091,-0,03376253,0,0,0,0,0,0,0,0,0,0,0,0,0,0,0,0,0,0,0,0,0,0,1,1,1,False
27,50642,-14,00899,2,912154,-19,18889,-0,002766538,0,9994256,-0,0009107091,-0,03376253,0,0,0,0,0,0,0,0,0,0,0,0,0,0,0,0,0,0,0,0,0,0,1,1,1,False
27,51646,-14,00899,2,911237,-19,18889,-0,002766538,0,9994256,-0,0009107091,-0,03376253,0,0,0,0,0,0,0,0,0,0,0,0,0,0,0,0,0,0,0,0,0,0,1,1,1,False
27,5257,-14,009,2,910415,-19,18888,-0,002766538,0,9994256,-0,0009107091,-0,03376253,0,0,0,0,0,0,0,0,0,0,0,0,0,0,0,0,0,0,0,0,0,0,1,1,1,False
27,53634,-14,00905,2,909495,-19,18888,-0,002766538,0,9994256,-0,0009107091,-0,03376253,0,0,0,0,0,0,0,0,0,0,0,0,0,0,0,0,0,0,0,0,0,0,1,1,1,False
27,54697,-14,00911,2,908604,-19,18887,-0,002766538,0,9994256,-0,0009107091,-0,03376253,0,0,0,0,0,0,0,0,0,0,0,0,0,0,0,0,0,0,0,0,0,0,1,1,1,False
27,55733,-14,00919,2,907763,-19,18887,-0,002766538,0,9994256,-0,0009107091,-0,03376253,0,0,0,0,0,0,0,0,0,0,0,0,0,0,0,0,0,0,0,0,0,0,1,1,1,False
27,5657,-14,00928,2,907106,-19,18886,-0,002766538,0,9994256,-0,0009107091,-0,03376253,0,0,0,0,0,0,0,0,0,0,0,0,0,0,0,0,0,0,0,0,0,0,1,1,1,False
27,57507,-14,00939,2,906392,-19,18885,-0,002766538,0,9994256,-0,0009107091,-0,03376253,0,0,0,0,0,0,0,0,0,0,0,0,0,0,0,0,0,0,0,0,0,0,1,1,1,False
27,58367,-14,00951,2,905758,-19,18884,-0,002766538,0,9994256,-0,0009107091,-0,03376253,0,0,0,0,0,0,0,0,0,0,0,0,0,0,0,0,0,0,0,0,0,0,1,1,1,False
27,59463,-14,00968,2,90498,-19,18883,-0,002766538,0,9994256,-0,0009107091,-0,03376253,0,0,0,0,0,0,0,0,0,0,0,0,0,0,0,0,0,0,0,0,0,0,1,1,1,False
27,60287,-14,00982,2,904418,-19,18882,-0,002766538,0,9994256,-0,0009107091,-0,03376253,0,0,0,0,0,0,0,0,0,0,0,0,0,0,0,0,0,0,0,0,0,0,1,1,1,False
27,61392,-14,01003,2,903695,-19,1888,-0,002766538,0,9994256,-0,0009107091,-0,03376253,0,0,0,0,0,0,0,0,0,0,0,0,0,0,0,0,0,0,0,0,0,0,1,1,1,False
27,6236,-14,01024,2,90309,-19,18879,-0,002766538,0,9994256,-0,0009107091,-0,03376253,0,0,0,0,0,0,0,0,0,0,0,0,0,0,0,0,0,0,0,0,0,0,1,1,1,False
27,63474,-14,0105,2,90243,-19,18877,-0,002766538,0,9994256,-0,0009107091,-0,03376253,0,0,0,0,0,0,0,0,0,0,0,0,0,0,0,0,0,0,0,0,0,0,1,1,1,False
27,64525,-14,01077,2,901841,-19,18875,-0,002766538,0,9994256,-0,0009107091,-0,03376253,0,0,0,0,0,0,0,0,0,0,0,0,0,0,0,0,0,0,0,0,0,0,1,1,1,False
27,65676,-14,01109,2,901234,-19,18872,-0,002766538,0,9994256,-0,0009107091,-0,03376253,0,0,0,0,0,0,0,0,0,0,0,0,0,0,0,0,0,0,0,0,0,0,1,1,1,False
27,66763,-14,01141,2,9007,-19,1887,-0,002766538,0,9994256,-0,0009107091,-0,03376253,0,0,0,0,0,0,0,0,0,0,0,0,0,0,0,0,0,0,0,0,0,0,1,1,1,False
27,67912,-14,01178,2,900174,-19,18867,-0,002766538,0,9994256,-0,0009107091,-0,03376253,0,0,0,0,0,0,0,0,0,0,0,0,0,0,0,0,0,0,0,0,0,0,1,1,1,False
27,68955,-14,01214,2,899734,-19,18865,-0,002766538,0,9994256,-0,0009107091,-0,03376253,0,0,0,0,0,0,0,0,0,0,0,0,0,0,0,0,0,0,0,0,0,0,1,1,1,False
27,69976,-14,0125,2,899336,-19,18862,-0,002766538,0,9994256,-0,0009107091,-0,03376253,0,0,0,0,0,0,0,0,0,0,0,0,0,0,0,0,0,0,0,0,0,0,1,1,1,False
27,7091,-14,01286,2,899002,-19,1886,-0,002766538,0,9994256,-0,0009107091,-0,03376253,0,0,0,0,0,0,0,0,0,0,0,0,0,0,0,0,0,0,0,0,0,0,1,1,1,False
27,7199,-14,01329,2,898651,-19,18857,-0,002766538,0,9994256,-0,0009107091,-0,03376253,0,0,0,0,0,0,0,0,0,0,0,0,0,0,0,0,0,0,0,0,0,0,1,1,1,False
27,72902,-14,01366,2,898385,-19,18854,-0,002766538,0,9994256,-0,0009107091,-0,03376253,0,0,0,0,0,0,0,0,0,0,0,0,0,0,0,0,0,0,0,0,0,0,1,1,1,False
27,73929,-14,01411,2,898118,-19,18851,-0,002766538,0,9994256,-0,0009107091,-0,03376253,0,0,0,0,0,0,0,0,0,0,0,0,0,0,0,0,0,0,0,0,0,0,1,1,1,False
27,74896,-14,01455,2,897898,-19,18848,-0,002766538,0,9994256,-0,0009107091,-0,03376253,0,0,0,0,0,0,0,0,0,0,0,0,0,0,0,0,0,0,0,0,0,0,1,1,1,False
27,75924,-14,01503,2,897698,-19,18845,-0,002766538,0,9994256,-0,0009107091,-0,03376253,0,0,0,0,0,0,0,0,0,0,0,0,0,0,0,0,0,0,0,0,0,0,1,1,1,False
27,76877,-14,01549,2,897545,-19,18842,-0,002766538,0,9994256,-0,0009107091,-0,03376253,0,0,0,0,0,0,0,0,0,0,0,0,0,0,0,0,0,0,0,0,0,0,1,1,1,False
27,77925,-14,01602,2,897411,-19,18838,-0,002766538,0,9994256,-0,0009107091,-0,03376253,0,0,0,0,0,0,0,0,0,0,0,0,0,0,0,0,0,0,0,0,0,0,1,1,1,False
27,78873,-14,01651,2,897322,-19,18835,-0,002766538,0,9994256,-0,0009107091,-0,03376253,0,0,0,0,0,0,0,0,0,0,0,0,0,0,0,0,0,0,0,0,0,0,1,1,1,False
27,79896,-14,01706,2,897259,-19,18831,-0,002766538,0,9994256,-0,0009107091,-0,03376253,0,0,0,0,0,0,0,0,0,0,0,0,0,0,0,0,0,0,0,0,0,0,1,1,1,False
27,80821,-14,01758,2,897233,-19,18828,-0,002766538,0,9994256,-0,0009107091,-0,03376253,0,0,0,0,0,0,0,0,0,0,0,0,0,0,0,0,0,0,0,0,0,0,1,1,1,False
27,81826,-14,01815,2,897238,-19,18824,-0,002766538,0,9994256,-0,0009107091,-0,03376253,0,0,0,0,0,0,0,0,0,0,0,0,0,0,0,0,0,0,0,0,0,0,1,1,1,False
27,82763,-14,0187,2,897273,-19,1882,-0,002766538,0,9994256,-0,0009107091,-0,03376253,0,0,0,0,0,0,0,0,0,0,0,0,0,0,0,0,0,0,0,0,0,0,1,1,1,False
27,83807,-14,01933,2,897347,-19,18816,-0,002766538,0,9994256,-0,0009107091,-0,03376253,0,0,0,0,0,0,0,0,0,0,0,0,0,0,0,0,0,0,0,0,0,0,1,1,1,False
27,84832,-14,01996,2,897455,-19,18812,-0,002766538,0,9994256,-0,0009107091,-0,03376253,0,0,0,0,0,0,0,0,0,0,0,0,0,0,0,0,0,0,0,0,0,0,1,1,1,False
27,85848,-14,02061,2,897597,-19,18807,-0,002766538,0,9994256,-0,0009107091,-0,03376253,0,0,0,0,0,0,0,0,0,0,0,0,0,0,0,0,0,0,0,0,0,0,1,1,1,False
27,86759,-14,0212,2,897753,-19,18803,-0,002766538,0,9994256,-0,0009107091,-0,03376253,0,0,0,0,0,0,0,0,0,0,0,0,0,0,0,0,0,0,0,0,0,0,1,1,1,False
27,87766,-14,02187,2,897959,-19,18799,-0,002766538,0,9994256,-0,0009107091,-0,03376253,0,0,0,0,0,0,0,0,0,0,0,0,0,0,0,0,0,0,0,0,0,0,1,1,1,False
27,88702,-14,0225,2,89818,-19,18795,-0,002766538,0,9994256,-0,0009107091,-0,03376253,0,0,0,0,0,0,0,0,0,0,0,0,0,0,0,0,0,0,0,0,0,0,1,1,1,False
27,89738,-14,02322,2,898458,-19,1879,-0,002766538,0,9994256,-0,0009107091,-0,03376253,0,0,0,0,0,0,0,0,0,0,0,0,0,0,0,0,0,0,0,0,0,0,1,1,1,False
27,90685,-14,02389,2,898743,-19,18785,-0,002766538,0,9994256,-0,0009107091,-0,03376253,0,0,0,0,0,0,0,0,0,0,0,0,0,0,0,0,0,0,0,0,0,0,1,1,1,False
27,91691,-14,02462,2,899078,-19,1878,-0,002766538,0,9994256,-0,0009107091,-0,03376253,0,0,0,0,0,0,0,0,0,0,0,0,0,0,0,0,0,0,0,0,0,0,1,1,1,False
27,92633,-14,02531,2,899422,-19,18776,-0,002766538,0,9994256,-0,0009107091,-0,03376253,0,0,0,0,0,0,0,0,0,0,0,0,0,0,0,0,0,0,0,0,0,0,1,1,1,False
27,93693,-14,02611,2,899843,-19,18771,-0,002766538,0,9994256,-0,0009107091,-0,03376253,0,0,0,0,0,0,0,0,0,0,0,0,0,0,0,0,0,0,0,0,0,0,1,1,1,False
27,94645,-14,02683,2,900251,-19,18766,-0,002766538,0,9994256,-0,0009107091,-0,03376253,0,0,0,0,0,0,0,0,0,0,0,0,0,0,0,0,0,0,0,0,0,0,1,1,1,False
27,95767,-14,0277,2,900769,-19,1876,-0,002766538,0,9994256,-0,0009107091,-0,03376253,0,0,0,0,0,0,0,0,0,0,0,0,0,0,0,0,0,0,0,0,0,0,1,1,1,False
27,96806,-14,02852,2,901284,-19,18754,-0,002766538,0,9994256,-0,0009107091,-0,03376253,0,0,0,0,0,0,0,0,0,0,0,0,0,0,0,0,0,0,0,0,0,0,1,1,1,False
27,97873,-14,02938,2,901848,-19,18749,-0,002766538,0,9994256,-0,0009107091,-0,03376253,0,0,0,0,0,0,0,0,0,0,0,0,0,0,0,0,0,0,0,0,0,0,1,1,1,False
27,98801,-14,03013,2,902367,-19,18744,-0,002766538,0,9994256,-0,0009107091,-0,03376253,0,0,0,0,0,0,0,0,0,0,0,0,0,0,0,0,0,0,0,0,0,0,1,1,1,False
27,99868,-14,03101,2,902996,-19,18738,-0,002766538,0,9994256,-0,0009107091,-0,03376253,0,0,0,0,0,0,0,0,0,0,0,0,0,0,0,0,0,0,0,0,0,0,1,1,1,False
28,00809,-14,0318,2,903578,-19,18733,-0,002766538,0,9994256,-0,0009107091,-0,03376253,0,0,0,0,0,0,0,0,0,0,0,0,0,0,0,0,0,0,0,0,0,0,1,1,1,False
28,01866,-14,0327,2,904263,-19,18727,-0,002766538,0,9994256,-0,0009107091,-0,03376253,0,0,0,0,0,0,0,0,0,0,0,0,0,0,0,0,0,0,0,0,0,0,1,1,1,False
28,02814,-14,03351,2,904905,-19,18721,-0,002766538,0,9994256,-0,0009107091,-0,03376253,0,0,0,0,0,0,0,0,0,0,0,0,0,0,0,0,0,0,0,0,0,0,1,1,1,False
28,03933,-14,03448,2,905696,-19,18715,-0,002766538,0,9994256,-0,0009107091,-0,03376253,0,0,0,0,0,0,0,0,0,0,0,0,0,0,0,0,0,0,0,0,0,0,1,1,1,False
28,05059,-14,03548,2,906527,-19,18708,-0,002766538,0,9994256,-0,0009107091,-0,03376253,0,0,0,0,0,0,0,0,0,0,0,0,0,0,0,0,0,0,0,0,0,0,1,1,1,False
28,06298,-14,03658,2,907482,-19,18701,-0,002766538,0,9994256,-0,0009107091,-0,03376253,0,0,0,0,0,0,0,0,0,0,0,0,0,0,0,0,0,0,0,0,0,0,1,1,1,False
28,07428,-14,0376,2,908388,-19,18694,-0,002766538,0,9994256,-0,0009107091,-0,03376253,0,0,0,0,0,0,0,0,0,0,0,0,0,0,0,0,0,0,0,0,0,0,1,1,1,False
28,08372,-14,03846,2,909171,-19,18689,-0,002766538,0,9994256,-0,0009107091,-0,03376253,0,0,0,0,0,0,0,0,0,0,0,0,0,0,0,0,0,0,0,0,0,0,1,1,1,False
28,09446,-14,03945,2,91009,-19,18682,-0,002766538,0,9994256,-0,0009107091,-0,03376253,0,0,0,0,0,0,0,0,0,0,0,0,0,0,0,0,0,0,0,0,0,0,1,1,1,False
28,10432,-14,04036,2,910959,-19,18676,-0,002766538,0,9994256,-0,0009107091,-0,03376253,0,0,0,0,0,0,0,0,0,0,0,0,0,0,0,0,0,0,0,0,0,0,1,1,1,False
28,11506,-14,04137,2,911932,-19,1867,-0,002766538,0,9994256,-0,0009107091,-0,03376253,0,0,0,0,0,0,0,0,0,0,0,0,0,0,0,0,0,0,0,0,0,0,1,1,1,False
28,12482,-14,04229,2,91284,-19,18664,-0,002766538,0,9994256,-0,0009107091,-0,03376253,0,0,0,0,0,0,0,0,0,0,0,0,0,0,0,0,0,0,0,0,0,0,1,1,1,False
28,13568,-14,04332,2,913876,-19,18657,-0,002766538,0,9994256,-0,0009107091,-0,03376253,0,0,0,0,0,0,0,0,0,0,0,0,0,0,0,0,0,0,0,0,0,0,1,1,1,False
28,14536,-14,04425,2,914823,-19,18651,-0,002766538,0,9994256,-0,0009107091,-0,03376253,0,0,0,0,0,0,0,0,0,0,0,0,0,0,0,0,0,0,0,0,0,0,1,1,1,False
28,15614,-14,04528,2,915899,-19,18644,-0,002766538,0,9994256,-0,0009107091,-0,03376253,0,0,0,0,0,0,0,0,0,0,0,0,0,0,0,0,0,0,0,0,0,0,1,1,1,False
28,16597,-14,04624,2,916903,-19,18638,-0,002766538,0,9994256,-0,0009107091,-0,03376253,0,0,0,0,0,0,0,0,0,0,0,0,0,0,0,0,0,0,0,0,0,0,1,1,1,False
28,17675,-14,04728,2,918027,-19,18631,-0,002766538,0,9994256,-0,0009107091,-0,03376253,0,0,0,0,0,0,0,0,0,0,0,0,0,0,0,0,0,0,0,0,0,0,1,1,1,False
28,18674,-14,04826,2,919088,-19,18624,-0,002766538,0,9994256,-0,0009107091,-0,03376253,0,0,0,0,0,0,0,0,0,0,0,0,0,0,0,0,0,0,0,0,0,0,1,1,1,False
28,19706,-14,04928,2,920205,-19,18618,-0,002766538,0,9994256,-0,0009107091,-0,03376253,0,0,0,0,0,0,0,0,0,0,0,0,0,0,0,0,0,0,0,0,0,0,1,1,1,False
28,20653,-14,05021,2,921246,-19,18612,-0,002766538,0,9994256,-0,0009107091,-0,03376253,0,0,0,0,0,0,0,0,0,0,0,0,0,0,0,0,0,0,0,0,0,0,1,1,1,False
28,21752,-14,0513,2,922475,-19,18605,-0,002766538,0,9994256,-0,0009107091,-0,03376253,0,0,0,0,0,0,0,0,0,0,0,0,0,0,0,0,0,0,0,0,0,0,1,1,1,False
28,22905,-14,05245,2,923784,-19,18597,-0,002766538,0,9994256,-0,0009107091,-0,03376253,0,0,0,0,0,0,0,0,0,0,0,0,0,0,0,0,0,0,0,0,0,0,1,1,1,False
28,24059,-14,0536,2,925117,-19,1859,-0,002766538,0,9994256,-0,0009107091,-0,03376253,0,0,0,0,0,0,0,0,0,0,0,0,0,0,0,0,0,0,0,0,0,0,1,1,1,False
28,25259,-14,0548,2,926522,-19,18582,-0,002766538,0,9994256,-0,0009107091,-0,03376253,0,0,0,0,0,0,0,0,0,0,0,0,0,0,0,0,0,0,0,0,0,0,1,1,1,False
28,26414,-14,05595,2,927894,-19,18574,-0,002766538,0,9994256,-0,0009107091,-0,03376253,0,0,0,0,0,0,0,0,0,0,0,0,0,0,0,0,0,0,0,0,0,0,1,1,1,False
28,27551,-14,05709,2,929262,-19,18567,-0,002766538,0,9994256,-0,0009107091,-0,03376253,0,0,0,0,0,0,0,0,0,0,0,0,0,0,0,0,0,0,0,0,0,0,1,1,1,False
28,28457,-14,058,2,930363,-19,18561,-0,002766538,0,9994256,-0,0009107091,-0,03376253,0,0,0,0,0,0,0,0,0,0,0,0,0,0,0,0,0,0,0,0,0,0,1,1,1,False
28,29503,-14,05905,2,931646,-19,18554,-0,002766538,0,9994256,-0,0009107091,-0,03376253,0,0,0,0,0,0,0,0,0,0,0,0,0,0,0,0,0,0,0,0,0,0,1,1,1,False
28,30408,-14,05996,2,932764,-19,18548,-0,002766538,0,9994256,-0,0009107091,-0,03376253,0,0,0,0,0,0,0,0,0,0,0,0,0,0,0,0,0,0,0,0,0,0,1,1,1,False
28,31414,-14,06097,2,934017,-19,18542,-0,002766538,0,9994256,-0,0009107091,-0,03376253,0,0,0,0,0,0,0,0,0,0,0,0,0,0,0,0,0,0,0,0,0,0,1,1,1,False
28,32353,-14,06192,2,935195,-19,18535,-0,002766538,0,9994256,-0,0009107091,-0,03376253,0,0,0,0,0,0,0,0,0,0,0,0,0,0,0,0,0,0,0,0,0,0,1,1,1,False
28,33374,-14,06294,2,936482,-19,18529,-0,002766538,0,9994256,-0,0009107091,-0,03376253,0,0,0,0,0,0,0,0,0,0,0,0,0,0,0,0,0,0,0,0,0,0,1,1,1,False
28,34282,-14,06385,2,937635,-19,18523,-0,002766538,0,9994256,-0,0009107091,-0,03376253,0,0,0,0,0,0,0,0,0,0,0,0,0,0,0,0,0,0,0,0,0,0,1,1,1,False
28,35368,-14,06493,2,939019,-19,18516,-0,002766538,0,9994256,-0,0009107091,-0,03376253,0,0,0,0,0,0,0,0,0,0,0,0,0,0,0,0,0,0,0,0,0,0,1,1,1,False
28,36292,-14,06585,2,940202,-19,1851,-0,002766538,0,9994256,-0,0009107091,-0,03376253,0,0,0,0,0,0,0,0,0,0,0,0,0,0,0,0,0,0,0,0,0,0,1,1,1,False
28,37284,-14,06684,2,941478,-19,18503,-0,002766538,0,9994256,-0,0009107091,-0,03376253,0,0,0,0,0,0,0,0,0,0,0,0,0,0,0,0,0,0,0,0,0,0,1,1,1,False
28,38176,-14,06772,2,942626,-19,18498,-0,002766538,0,9994256,-0,0009107091,-0,03376253,0,0,0,0,0,0,0,0,0,0,0,0,0,0,0,0,0,0,0,0,0,0,1,1,1,False
28,39209,-14,06874,2,943959,-19,18491,-0,002766538,0,9994256,-0,0009107091,-0,03376253,0,0,0,0,0,0,0,0,0,0,0,0,0,0,0,0,0,0,0,0,0,0,1,1,1,False
28,40126,-14,06965,2,945145,-19,18485,-0,002766538,0,9994256,-0,0009107091,-0,03376253,0,0,0,0,0,0,0,0,0,0,0,0,0,0,0,0,0,0,0,0,0,0,1,1,1,False
28,41121,-14,07062,2,946433,-19,18479,-0,002766538,0,9994256,-0,0009107091,-0,03376253,0,0,0,0,0,0,0,0,0,0,0,0,0,0,0,0,0,0,0,0,0,0,1,1,1,False
28,42033,-14,07151,2,947614,-19,18473,-0,002766538,0,9994256,-0,0009107091,-0,03376253,0,0,0,0,0,0,0,0,0,0,0,0,0,0,0,0,0,0,0,0,0,0,1,1,1,False
28,43051,-14,0725,2,948931,-19,18467,-0,002766538,0,9994256,-0,0009107091,-0,03376253,0,0,0,0,0,0,0,0,0,0,0,0,0,0,0,0,0,0,0,0,0,0,1,1,1,False
28,4396,-14,07338,2,950106,-19,18461,-0,002766538,0,9994256,-0,0009107091,-0,03376253,0,0,0,0,0,0,0,0,0,0,0,0,0,0,0,0,0,0,0,0,0,0,1,1,1,False
28,44864,-14,07425,2,951274,-19,18455,-0,002766538,0,9994256,-0,0009107091,-0,03376253,0,0,0,0,0,0,0,0,0,0,0,0,0,0,0,0,0,0,0,0,0,0,1,1,1,False
28,45901,-14,07524,2,95261,-19,18449,-0,002766538,0,9994256,-0,0009107091,-0,03376253,0,0,0,0,0,0,0,0,0,0,0,0,0,0,0,0,0,0,0,0,0,0,1,1,1,False
28,46802,-14,07609,2,953767,-19,18443,-0,002766538,0,9994256,-0,0009107091,-0,03376253,0,0,0,0,0,0,0,0,0,0,0,0,0,0,0,0,0,0,0,0,0,0,1,1,1,False
28,47822,-14,07705,2,955073,-19,18437,-0,002766538,0,9994256,-0,0009107091,-0,03376253,0,0,0,0,0,0,0,0,0,0,0,0,0,0,0,0,0,0,0,0,0,0,1,1,1,False
28,48706,-14,07788,2,9562,-19,18432,-0,002766538,0,9994256,-0,0009107091,-0,03376253,0,0,0,0,0,0,0,0,0,0,0,0,0,0,0,0,0,0,0,0,0,0,1,1,1,False
28,49734,-14,07883,2,957504,-19,18426,-0,002766538,0,9994256,-0,0009107091,-0,03376253,0,0,0,0,0,0,0,0,0,0,0,0,0,0,0,0,0,0,0,0,0,0,1,1,1,False
28,50639,-14,07966,2,958646,-19,1842,-0,002766538,0,9994256,-0,0009107091,-0,03376253,0,0,0,0,0,0,0,0,0,0,0,0,0,0,0,0,0,0,0,0,0,0,1,1,1,False
28,51654,-14,08059,2,95992,-19,18414,-0,002766538,0,9994256,-0,0009107091,-0,03376253,0,0,0,0,0,0,0,0,0,0,0,0,0,0,0,0,0,0,0,0,0,0,1,1,1,False
28,52576,-14,08142,2,961068,-19,18409,-0,002766538,0,9994256,-0,0009107091,-0,03376253,0,0,0,0,0,0,0,0,0,0,0,0,0,0,0,0,0,0,0,0,0,0,1,1,1,False
28,53593,-14,08233,2,962325,-19,18403,-0,002766538,0,9994256,-0,0009107091,-0,03376253,0,0,0,0,0,0,0,0,0,0,0,0,0,0,0,0,0,0,0,0,0,0,1,1,1,False
28,54439,-14,08308,2,963364,-19,18398,-0,002766538,0,9994256,-0,0009107091,-0,03376253,0,0,0,0,0,0,0,0,0,0,0,0,0,0,0,0,0,0,0,0,0,0,1,1,1,False
28,55489,-14,084,2,96464,-19,18392,-0,002766538,0,9994256,-0,0009107091,-0,03376253,0,0,0,0,0,0,0,0,0,0,0,0,0,0,0,0,0,0,0,0,0,0,1,1,1,False
28,56413,-14,08481,2,965755,-19,18387,-0,002766538,0,9994256,-0,0009107091,-0,03376253,0,0,0,0,0,0,0,0,0,0,0,0,0,0,0,0,0,0,0,0,0,0,1,1,1,False
28,57438,-14,08568,2,966977,-19,18381,-0,002766538,0,9994256,-0,0009107091,-0,03376253,0,0,0,0,0,0,0,0,0,0,0,0,0,0,0,0,0,0,0,0,0,0,1,1,1,False
28,58374,-14,08648,2,96808,-19,18376,-0,002766538,0,9994256,-0,0009107091,-0,03376253,0,0,0,0,0,0,0,0,0,0,0,0,0,0,0,0,0,0,0,0,0,0,1,1,1,False
28,59388,-14,08733,2,969261,-19,1837,-0,002766538,0,9994256,-0,0009107091,-0,03376253,0,0,0,0,0,0,0,0,0,0,0,0,0,0,0,0,0,0,0,0,0,0,1,1,1,False
28,60298,-14,08808,2,970309,-19,18365,-0,002766538,0,9994256,-0,0009107091,-0,03376253,0,0,0,0,0,0,0,0,0,0,0,0,0,0,0,0,0,0,0,0,0,0,1,1,1,False
28,61292,-14,08889,2,971438,-19,1836,-0,002766538,0,9994256,-0,0009107091,-0,03376253,0,0,0,0,0,0,0,0,0,0,0,0,0,0,0,0,0,0,0,0,0,0,1,1,1,False
28,62263,-14,08966,2,972524,-19,18355,-0,002766538,0,9994256,-0,0009107091,-0,03376253,0,0,0,0,0,0,0,0,0,0,0,0,0,0,0,0,0,0,0,0,0,0,1,1,1,False
28,63418,-14,09058,2,973795,-19,18349,-0,002766538,0,9994256,-0,0009107091,-0,03376253,0,0,0,0,0,0,0,0,0,0,0,0,0,0,0,0,0,0,0,0,0,0,1,1,1,False
28,64419,-14,09135,2,974878,-19,18344,-0,002766538,0,9994256,-0,0009107091,-0,03376253,0,0,0,0,0,0,0,0,0,0,0,0,0,0,0,0,0,0,0,0,0,0,1,1,1,False
28,65462,-14,09215,2,975986,-19,18339,-0,002766538,0,9994256,-0,0009107091,-0,03376253,0,0,0,0,0,0,0,0,0,0,0,0,0,0,0,0,0,0,0,0,0,0,1,1,1,False
28,66426,-14,09287,2,97699,-19,18334,-0,002766538,0,9994256,-0,0009107091,-0,03376253,0,0,0,0,0,0,0,0,0,0,0,0,0,0,0,0,0,0,0,0,0,0,1,1,1,False
28,67493,-14,09365,2,97808,-19,18329,-0,002766538,0,9994256,-0,0009107091,-0,03376253,0,0,0,0,0,0,0,0,0,0,0,0,0,0,0,0,0,0,0,0,0,0,1,1,1,False
28,68653,-14,09449,2,979238,-19,18324,-0,002766538,0,9994256,-0,0009107091,-0,03376253,0,0,0,0,0,0,0,0,0,0,0,0,0,0,0,0,0,0,0,0,0,0,1,1,1,False
28,69843,-14,09533,2,980395,-19,18319,-0,002766538,0,9994256,-0,0009107091,-0,03376253,0,0,0,0,0,0,0,0,0,0,0,0,0,0,0,0,0,0,0,0,0,0,1,1,1,False
28,707,-14,09592,2,981209,-19,18315,-0,002766538,0,9994256,-0,0009107091,-0,03376253,0,0,0,0,0,0,0,0,0,0,0,0,0,0,0,0,0,0,0,0,0,0,1,1,1,False
28,71857,-14,09669,2,98228,-19,1831,-0,002766538,0,9994256,-0,0009107091,-0,03376253,0,0,0,0,0,0,0,0,0,0,0,0,0,0,0,0,0,0,0,0,0,0,1,1,1,False
28,7291,-14,09739,2,983228,-19,18305,-0,002766538,0,9994256,-0,0009107091,-0,03376253,0,0,0,0,0,0,0,0,0,0,0,0,0,0,0,0,0,0,0,0,0,0,1,1,1,False
28,73917,-14,09803,2,984109,-19,18301,-0,002766538,0,9994256,-0,0009107091,-0,03376253,0,0,0,0,0,0,0,0,0,0,0,0,0,0,0,0,0,0,0,0,0,0,1,1,1,False
28,75074,-14,09875,2,985088,-19,18296,-0,002766538,0,9994256,-0,0009107091,-0,03376253,0,0,0,0,0,0,0,0,0,0,0,0,0,0,0,0,0,0,0,0,0,0,1,1,1,False
28,76234,-14,09946,2,986037,-19,18292,-0,002766538,0,9994256,-0,0009107091,-0,03376253,0,0,0,0,0,0,0,0,0,0,0,0,0,0,0,0,0,0,0,0,0,0,1,1,1,False
28,77404,-14,10014,2,986957,-19,18287,-0,002766538,0,9994256,-0,0009107091,-0,03376253,0,0,0,0,0,0,0,0,0,0,0,0,0,0,0,0,0,0,0,0,0,0,1,1,1,False
28,78361,-14,10069,2,987681,-19,18284,-0,002766538,0,9994256,-0,0009107091,-0,03376253,0,0,0,0,0,0,0,0,0,0,0,0,0,0,0,0,0,0,0,0,0,0,1,1,1,False
28,79395,-14,10126,2,988437,-19,1828,-0,002766538,0,9994256,-0,0009107091,-0,03376253,0,0,0,0,0,0,0,0,0,0,0,0,0,0,0,0,0,0,0,0,0,0,1,1,1,False
28,80295,-14,10174,2,98907,-19,18277,-0,002766538,0,9994256,-0,0009107091,-0,03376253,0,0,0,0,0,0,0,0,0,0,0,0,0,0,0,0,0,0,0,0,0,0,1,1,1,False
28,81314,-14,10227,2,989758,-19,18274,-0,002766538,0,9994256,-0,0009107091,-0,03376253,0,0,0,0,0,0,0,0,0,0,0,0,0,0,0,0,0,0,0,0,0,0,1,1,1,False
28,82267,-14,10275,2,990375,-19,1827,-0,002766538,0,9994256,-0,0009107091,-0,03376253,0,0,0,0,0,0,0,0,0,0,0,0,0,0,0,0,0,0,0,0,0,0,1,1,1,False
28,8331,-14,10325,2,991019,-19,18267,-0,002766538,0,9994256,-0,0009107091,-0,03376253,0,0,0,0,0,0,0,0,0,0,0,0,0,0,0,0,0,0,0,0,0,0,1,1,1,False
28,84261,-14,1037,2,991579,-19,18264,-0,002766538,0,9994256,-0,0009107091,-0,03376253,0,0,0,0,0,0,0,0,0,0,0,0,0,0,0,0,0,0,0,0,0,0,1,1,1,False
28,85282,-14,10416,2,992148,-19,18261,-0,002766538,0,9994256,-0,0009107091,-0,03376253,0,0,0,0,0,0,0,0,0,0,0,0,0,0,0,0,0,0,0,0,0,0,1,1,1,False
28,86252,-14,10458,2,992661,-19,18258,-0,002766538,0,9994256,-0,0009107091,-0,03376253,0,0,0,0,0,0,0,0,0,0,0,0,0,0,0,0,0,0,0,0,0,0,1,1,1,False
28,87301,-14,10501,2,993182,-19,18256,-0,002766538,0,9994256,-0,0009107091,-0,03376253,0,0,0,0,0,0,0,0,0,0,0,0,0,0,0,0,0,0,0,0,0,0,1,1,1,False
28,88228,-14,10538,2,993613,-19,18253,-0,002766538,0,9994256,-0,0009107091,-0,03376253,0,0,0,0,0,0,0,0,0,0,0,0,0,0,0,0,0,0,0,0,0,0,1,1,1,False
28,89242,-14,10576,2,994055,-19,18251,-0,002766538,0,9994256,-0,0009107091,-0,03376253,0,0,0,0,0,0,0,0,0,0,0,0,0,0,0,0,0,0,0,0,0,0,1,1,1,False
28,90222,-14,10611,2,994451,-19,18248,-0,002766538,0,9994256,-0,0009107091,-0,03376253,0,0,0,0,0,0,0,0,0,0,0,0,0,0,0,0,0,0,0,0,0,0,1,1,1,False
28,91229,-14,10645,2,994825,-19,18246,-0,002766538,0,9994256,-0,0009107091,-0,03376253,0,0,0,0,0,0,0,0,0,0,0,0,0,0,0,0,0,0,0,0,0,0,1,1,1,False
28,92151,-14,10675,2,995138,-19,18244,-0,002766538,0,9994256,-0,0009107091,-0,03376253,0,0,0,0,0,0,0,0,0,0,0,0,0,0,0,0,0,0,0,0,0,0,1,1,1,False
28,93261,-14,10708,2,995479,-19,18242,-0,002766538,0,9994256,-0,0009107091,-0,03376253,0,0,0,0,0,0,0,0,0,0,0,0,0,0,0,0,0,0,0,0,0,0,1,1,1,False
28,94128,-14,10733,2,995717,-19,18241,-0,002766538,0,9994256,-0,0009107091,-0,03376253,0,0,0,0,0,0,0,0,0,0,0,0,0,0,0,0,0,0,0,0,0,0,1,1,1,False
28,95119,-14,10759,2,995959,-19,18239,-0,002766538,0,9994256,-0,0009107091,-0,03376253,0,0,0,0,0,0,0,0,0,0,0,0,0,0,0,0,0,0,0,0,0,0,1,1,1,False
28,96021,-14,10781,2,996151,-19,18237,-0,002766538,0,9994256,-0,0009107091,-0,03376253,0,0,0,0,0,0,0,0,0,0,0,0,0,0,0,0,0,0,0,0,0,0,1,1,1,False
28,96956,-14,10802,2,996321,-19,18236,-0,002766538,0,9994256,-0,0009107091,-0,03376253,0,0,0,0,0,0,0,0,0,0,0,0,0,0,0,0,0,0,0,0,0,0,1,1,1,False
28,9797,-14,10824,2,996472,-19,18234,-0,002766538,0,9994256,-0,0009107091,-0,03376253,0,0,0,0,0,0,0,0,0,0,0,0,0,0,0,0,0,0,0,0,0,0,1,1,1,False
28,98798,-14,10839,2,99657,-19,18233,-0,002766538,0,9994256,-0,0009107091,-0,03376253,0,0,0,0,0,0,0,0,0,0,0,0,0,0,0,0,0,0,0,0,0,0,1,1,1,False
28,9975,-14,10856,2,996655,-19,18232,-0,002766538,0,9994256,-0,0009107091,-0,03376253,0,0,0,0,0,0,0,0,0,0,0,0,0,0,0,0,0,0,0,0,0,0,1,1,1,False
29,00573,-14,10869,2,996703,-19,18231,-0,002766538,0,9994256,-0,0009107091,-0,03376253,0,0,0,0,0,0,0,0,0,0,0,0,0,0,0,0,0,0,0,0,0,0,1,1,1,False
29,01495,-14,10881,2,996731,-19,18231,-0,002766538,0,9994256,-0,0009107091,-0,03376253,0,0,0,0,0,0,0,0,0,0,0,0,0,0,0,0,0,0,0,0,0,0,1,1,1,False
29,02312,-14,10891,2,996731,-19,1823,-0,002766538,0,9994256,-0,0009107091,-0,03376253,0,0,0,0,0,0,0,0,0,0,0,0,0,0,0,0,0,0,0,0,0,0,1,1,1,False
29,03203,-14,109,2,996705,-19,18229,-0,002766538,0,9994256,-0,0009107091,-0,03376253,0,0,0,0,0,0,0,0,0,0,0,0,0,0,0,0,0,0,0,0,0,0,1,1,1,False
29,04021,-14,10908,2,996658,-19,18229,-0,002766538,0,9994256,-0,0009107091,-0,03376253,0,0,0,0,0,0,0,0,0,0,0,0,0,0,0,0,0,0,0,0,0,0,1,1,1,False
29,04893,-14,10914,2,996583,-19,18228,-0,002766538,0,9994256,-0,0009107091,-0,03376253,0,0,0,0,0,0,0,0,0,0,0,0,0,0,0,0,0,0,0,0,0,0,1,1,1,False
29,05711,-14,10918,2,99649,-19,18228,-0,002766538,0,9994256,-0,0009107091,-0,03376253,0,0,0,0,0,0,0,0,0,0,0,0,0,0,0,0,0,0,0,0,0,0,1,1,1,False
29,06518,-14,10921,2,996376,-19,18228,-0,002766538,0,9994256,-0,0009107091,-0,03376253,0,0,0,0,0,0,0,0,0,0,0,0,0,0,0,0,0,0,0,0,0,0,1,1,1,False
29,07432,-14,10923,2,99622,-19,18228,-0,002766538,0,9994256,-0,0009107091,-0,03376253,0,0,0,0,0,0,0,0,0,0,0,0,0,0,0,0,0,0,0,0,0,0,1,1,1,False
29,08288,-14,10923,2,996049,-19,18228,-0,002766538,0,9994256,-0,0009107091,-0,03376253,0,0,0,0,0,0,0,0,0,0,0,0,0,0,0,0,0,0,0,0,0,0,1,1,1,False
29,09214,-14,10921,2,995837,-19,18228,-0,002766538,0,9994256,-0,0009107091,-0,03376253,0,0,0,0,0,0,0,0,0,0,0,0,0,0,0,0,0,0,0,0,0,0,1,1,1,False
29,10078,-14,10918,2,995613,-19,18228,-0,002766538,0,9994256,-0,0009107091,-0,03376253,0,0,0,0,0,0,0,0,0,0,0,0,0,0,0,0,0,0,0,0,0,0,1,1,1,False
29,10972,-14,10913,2,995356,-19,18228,-0,002766538,0,9994256,-0,0009107091,-0,03376253,0,0,0,0,0,0,0,0,0,0,0,0,0,0,0,0,0,0,0,0,0,0,1,1,1,False
29,11827,-14,10907,2,995086,-19,18229,-0,002766538,0,9994256,-0,0009107091,-0,03376253,0,0,0,0,0,0,0,0,0,0,0,0,0,0,0,0,0,0,0,0,0,0,1,1,1,False
29,12638,-14,109,2,994807,-19,18229,-0,002766538,0,9994256,-0,0009107091,-0,03376253,0,0,0,0,0,0,0,0,0,0,0,0,0,0,0,0,0,0,0,0,0,0,1,1,1,False
29,13573,-14,10891,2,994459,-19,18229,-0,002766538,0,9994256,-0,0009107091,-0,03376253,0,0,0,0,0,0,0,0,0,0,0,0,0,0,0,0,0,0,0,0,0,0,1,1,1,False
29,14381,-14,10881,2,994136,-19,1823,-0,002766538,0,9994256,-0,0009107091,-0,03376253,0,0,0,0,0,0,0,0,0,0,0,0,0,0,0,0,0,0,0,0,0,0,1,1,1,False
29,15329,-14,10868,2,99373,-19,18231,-0,002766538,0,9994256,-0,0009107091,-0,03376253,0,0,0,0,0,0,0,0,0,0,0,0,0,0,0,0,0,0,0,0,0,0,1,1,1,False
29,1624,-14,10853,2,993314,-19,18232,-0,002766538,0,9994256,-0,0009107091,-0,03376253,0,0,0,0,0,0,0,0,0,0,0,0,0,0,0,0,0,0,0,0,0,0,1,1,1,False
29,17199,-14,10836,2,992847,-19,18233,-0,002766538,0,9994256,-0,0009107091,-0,03376253,0,0,0,0,0,0,0,0,0,0,0,0,0,0,0,0,0,0,0,0,0,0,1,1,1,False
29,18045,-14,1082,2,992411,-19,18234,-0,002766538,0,9994256,-0,0009107091,-0,03376253,0,0,0,0,0,0,0,0,0,0,0,0,0,0,0,0,0,0,0,0,0,0,1,1,1,False
29,1903,-14,10799,2,991876,-19,18235,-0,002766538,0,9994256,-0,0009107091,-0,03376253,0,0,0,0,0,0,0,0,0,0,0,0,0,0,0,0,0,0,0,0,0,0,1,1,1,False
29,19875,-14,10779,2,991395,-19,18236,-0,002766538,0,9994256,-0,0009107091,-0,03376253,0,0,0,0,0,0,0,0,0,0,0,0,0,0,0,0,0,0,0,0,0,0,1,1,1,False
29,20726,-14,10758,2,990887,-19,18238,-0,002766538,0,9994256,-0,0009107091,-0,03376253,0,0,0,0,0,0,0,0,0,0,0,0,0,0,0,0,0,0,0,0,0,0,1,1,1,False
29,2164,-14,10734,2,990318,-19,18239,-0,002766538,0,9994256,-0,0009107091,-0,03376253,0,0,0,0,0,0,0,0,0,0,0,0,0,0,0,0,0,0,0,0,0,0,1,1,1,False
29,22475,-14,10711,2,989777,-19,18241,-0,002766538,0,9994256,-0,0009107091,-0,03376253,0,0,0,0,0,0,0,0,0,0,0,0,0,0,0,0,0,0,0,0,0,0,1,1,1,False
29,23395,-14,10683,2,989157,-19,18242,-0,002766538,0,9994256,-0,0009107091,-0,03376253,0,0,0,0,0,0,0,0,0,0,0,0,0,0,0,0,0,0,0,0,0,0,1,1,1,False
29,24348,-14,10653,2,988489,-19,18244,-0,002766538,0,9994256,-0,0009107091,-0,03376253,0,0,0,0,0,0,0,0,0,0,0,0,0,0,0,0,0,0,0,0,0,0,1,1,1,False
29,25352,-14,1062,2,987758,-19,18246,-0,002766538,0,9994256,-0,0009107091,-0,03376253,0,0,0,0,0,0,0,0,0,0,0,0,0,0,0,0,0,0,0,0,0,0,1,1,1,False
29,26315,-14,10586,2,987031,-19,18249,-0,002766538,0,9994256,-0,0009107091,-0,03376253,0,0,0,0,0,0,0,0,0,0,0,0,0,0,0,0,0,0,0,0,0,0,1,1,1,False
29,27384,-14,10546,2,986195,-19,18251,-0,002766538,0,9994256,-0,0009107091,-0,03376253,0,0,0,0,0,0,0,0,0,0,0,0,0,0,0,0,0,0,0,0,0,0,1,1,1,False
29,28283,-14,10511,2,985468,-19,18253,-0,002766538,0,9994256,-0,0009107091,-0,03376253,0,0,0,0,0,0,0,0,0,0,0,0,0,0,0,0,0,0,0,0,0,0,1,1,1,False
29,29332,-14,10468,2,984593,-19,18256,-0,002766538,0,9994256,-0,0009107091,-0,03376253,0,0,0,0,0,0,0,0,0,0,0,0,0,0,0,0,0,0,0,0,0,0,1,1,1,False
29,30246,-14,10429,2,983808,-19,18259,-0,002766538,0,9994256,-0,0009107091,-0,03376253,0,0,0,0,0,0,0,0,0,0,0,0,0,0,0,0,0,0,0,0,0,0,1,1,1,False
29,31253,-14,10384,2,982918,-19,18262,-0,002766538,0,9994256,-0,0009107091,-0,03376253,0,0,0,0,0,0,0,0,0,0,0,0,0,0,0,0,0,0,0,0,0,0,1,1,1,False
29,32219,-14,1034,2,982042,-19,18264,-0,002766538,0,9994256,-0,0009107091,-0,03376253,0,0,0,0,0,0,0,0,0,0,0,0,0,0,0,0,0,0,0,0,0,0,1,1,1,False
29,33245,-14,1029,2,981087,-19,18267,-0,002766538,0,9994256,-0,0009107091,-0,03376253,0,0,0,0,0,0,0,0,0,0,0,0,0,0,0,0,0,0,0,0,0,0,1,1,1,False
29,34118,-14,10247,2,980256,-19,1827,-0,002766538,0,9994256,-0,0009107091,-0,03376253,0,0,0,0,0,0,0,0,0,0,0,0,0,0,0,0,0,0,0,0,0,0,1,1,1,False
29,35166,-14,10193,2,979234,-19,18274,-0,002766538,0,9994256,-0,0009107091,-0,03376253,0,0,0,0,0,0,0,0,0,0,0,0,0,0,0,0,0,0,0,0,0,0,1,1,1,False
29,36114,-14,10143,2,97829,-19,18277,-0,002766538,0,9994256,-0,0009107091,-0,03376253,0,0,0,0,0,0,0,0,0,0,0,0,0,0,0,0,0,0,0,0,0,0,1,1,1,False
29,37164,-14,10086,2,977222,-19,1828,-0,002766538,0,9994256,-0,0009107091,-0,03376253,0,0,0,0,0,0,0,0,0,0,0,0,0,0,0,0,0,0,0,0,0,0,1,1,1,False
29,38134,-14,10031,2,976215,-19,18284,-0,002766538,0,9994256,-0,0009107091,-0,03376253,0,0,0,0,0,0,0,0,0,0,0,0,0,0,0,0,0,0,0,0,0,0,1,1,1,False
29,39142,-14,09973,2,97515,-19,18288,-0,002766538,0,9994256,-0,0009107091,-0,03376253,0,0,0,0,0,0,0,0,0,0,0,0,0,0,0,0,0,0,0,0,0,0,1,1,1,False
29,39992,-14,09922,2,974235,-19,18291,-0,002766538,0,9994256,-0,0009107091,-0,03376253,0,0,0,0,0,0,0,0,0,0,0,0,0,0,0,0,0,0,0,0,0,0,1,1,1,False
29,40905,-14,09866,2,973238,-19,18295,-0,002766538,0,9994256,-0,0009107091,-0,03376253,0,0,0,0,0,0,0,0,0,0,0,0,0,0,0,0,0,0,0,0,0,0,1,1,1,False
29,41931,-14,09802,2,972101,-19,18299,-0,002766538,0,9994256,-0,0009107091,-0,03376253,0,0,0,0,0,0,0,0,0,0,0,0,0,0,0,0,0,0,0,0,0,0,1,1,1,False
29,4277,-14,09749,2,971157,-19,18302,-0,002766538,0,9994256,-0,0009107091,-0,03376253,0,0,0,0,0,0,0,0,0,0,0,0,0,0,0,0,0,0,0,0,0,0,1,1,1,False
29,43779,-14,09683,2,970008,-19,18306,-0,002766538,0,9994256,-0,0009107091,-0,03376253,0,0,0,0,0,0,0,0,0,0,0,0,0,0,0,0,0,0,0,0,0,0,1,1,1,False
29,44597,-14,09628,2,969062,-19,1831,-0,002766538,0,9994256,-0,0009107091,-0,03376253,0,0,0,0,0,0,0,0,0,0,0,0,0,0,0,0,0,0,0,0,0,0,1,1,1,False
29,45598,-14,0956,2,967894,-19,18314,-0,002766538,0,9994256,-0,0009107091,-0,03376253,0,0,0,0,0,0,0,0,0,0,0,0,0,0,0,0,0,0,0,0,0,0,1,1,1,False
29,46445,-14,09501,2,966894,-19,18318,-0,002766538,0,9994256,-0,0009107091,-0,03376253,0,0,0,0,0,0,0,0,0,0,0,0,0,0,0,0,0,0,0,0,0,0,1,1,1,False
29,47391,-14,09434,2,965766,-19,18322,-0,002766538,0,9994256,-0,0009107091,-0,03376253,0,0,0,0,0,0,0,0,0,0,0,0,0,0,0,0,0,0,0,0,0,0,1,1,1,False
29,48232,-14,09373,2,964752,-19,18326,-0,002766538,0,9994256,-0,0009107091,-0,03376253,0,0,0,0,0,0,0,0,0,0,0,0,0,0,0,0,0,0,0,0,0,0,1,1,1,False
29,49192,-14,09303,2,963586,-19,18331,-0,002766538,0,9994256,-0,0009107091,-0,03376253,0,0,0,0,0,0,0,0,0,0,0,0,0,0,0,0,0,0,0,0,0,0,1,1,1,False
29,50109,-14,09235,2,962462,-19,18335,-0,002766538,0,9994256,-0,0009107091,-0,03376253,0,0,0,0,0,0,0,0,0,0,0,0,0,0,0,0,0,0,0,0,0,0,1,1,1,False
29,51208,-14,09151,2,961103,-19,1834,-0,002766538,0,9994256,-0,0009107091,-0,03376253,0,0,0,0,0,0,0,0,0,0,0,0,0,0,0,0,0,0,0,0,0,0,1,1,1,False
29,5205,-14,09086,2,960054,-19,18345,-0,002766538,0,9994256,-0,0009107091,-0,03376253,0,0,0,0,0,0,0,0,0,0,0,0,0,0,0,0,0,0,0,0,0,0,1,1,1,False
29,52978,-14,09014,2,958891,-19,18349,-0,002766538,0,9994256,-0,0009107091,-0,03376253,0,0,0,0,0,0,0,0,0,0,0,0,0,0,0,0,0,0,0,0,0,0,1,1,1,False
29,53898,-14,08941,2,957731,-19,18354,-0,002766538,0,9994256,-0,0009107091,-0,03376253,0,0,0,0,0,0,0,0,0,0,0,0,0,0,0,0,0,0,0,0,0,0,1,1,1,False
29,54749,-14,08872,2,956653,-19,18358,-0,002766538,0,9994256,-0,0009107091,-0,03376253,0,0,0,0,0,0,0,0,0,0,0,0,0,0,0,0,0,0,0,0,0,0,1,1,1,False
29,55682,-14,08796,2,955464,-19,18363,-0,002766538,0,9994256,-0,0009107091,-0,03376253,0,0,0,0,0,0,0,0,0,0,0,0,0,0,0,0,0,0,0,0,0,0,1,1,1,False
29,56552,-14,08724,2,954352,-19,18368,-0,002766538,0,9994256,-0,0009107091,-0,03376253,0,0,0,0,0,0,0,0,0,0,0,0,0,0,0,0,0,0,0,0,0,0,1,1,1,False
29,57494,-14,08645,2,953144,-19,18373,-0,002766538,0,9994256,-0,0009107091,-0,03376253,0,0,0,0,0,0,0,0,0,0,0,0,0,0,0,0,0,0,0,0,0,0,1,1,1,False
29,58343,-14,08573,2,952051,-19,18378,-0,002766538,0,9994256,-0,0009107091,-0,03376253,0,0,0,0,0,0,0,0,0,0,0,0,0,0,0,0,0,0,0,0,0,0,1,1,1,False
29,59274,-14,08494,2,950851,-19,18383,-0,002766538,0,9994256,-0,0009107091,-0,03376253,0,0,0,0,0,0,0,0,0,0,0,0,0,0,0,0,0,0,0,0,0,0,1,1,1,False
29,60142,-14,08419,2,949729,-19,18388,-0,002766538,0,9994256,-0,0009107091,-0,03376253,0,0,0,0,0,0,0,0,0,0,0,0,0,0,0,0,0,0,0,0,0,0,1,1,1,False
29,6105,-14,08339,2,948555,-19,18393,-0,002766538,0,9994256,-0,0009107091,-0,03376253,0,0,0,0,0,0,0,0,0,0,0,0,0,0,0,0,0,0,0,0,0,0,1,1,1,False
29,61908,-14,08264,2,947443,-19,18398,-0,002766538,0,9994256,-0,0009107091,-0,03376253,0,0,0,0,0,0,0,0,0,0,0,0,0,0,0,0,0,0,0,0,0,0,1,1,1,False
29,62716,-14,08192,2,946397,-19,18402,-0,002766538,0,9994256,-0,0009107091,-0,03376253,0,0,0,0,0,0,0,0,0,0,0,0,0,0,0,0,0,0,0,0,0,0,1,1,1,False
29,63712,-14,08102,2,945107,-19,18408,-0,002766538,0,9994256,-0,0009107091,-0,03376253,0,0,0,0,0,0,0,0,0,0,0,0,0,0,0,0,0,0,0,0,0,0,1,1,1,False
29,64567,-14,08025,2,944002,-19,18413,-0,002766538,0,9994256,-0,0009107091,-0,03376253,0,0,0,0,0,0,0,0,0,0,0,0,0,0,0,0,0,0,0,0,0,0,1,1,1,False
29,65479,-14,07941,2,942824,-19,18419,-0,002766538,0,9994256,-0,0009107091,-0,03376253,0,0,0,0,0,0,0,0,0,0,0,0,0,0,0,0,0,0,0,0,0,0,1,1,1,False
29,66373,-14,07859,2,941671,-19,18424,-0,002766538,0,9994256,-0,0009107091,-0,03376253,0,0,0,0,0,0,0,0,0,0,0,0,0,0,0,0,0,0,0,0,0,0,1,1,1,False
29,67345,-14,07769,2,94042,-19,1843,-0,002766538,0,9994256,-0,0009107091,-0,03376253,0,0,0,0,0,0,0,0,0,0,0,0,0,0,0,0,0,0,0,0,0,0,1,1,1,False
29,68174,-14,07691,2,939358,-19,18435,-0,002766538,0,9994256,-0,0009107091,-0,03376253,0,0,0,0,0,0,0,0,0,0,0,0,0,0,0,0,0,0,0,0,0,0,1,1,1,False
29,6925,-14,0759,2,937984,-19,18441,-0,002766538,0,9994256,-0,0009107091,-0,03376253,0,0,0,0,0,0,0,0,0,0,0,0,0,0,0,0,0,0,0,0,0,0,1,1,1,False
29,70137,-14,07506,2,936856,-19,18447,-0,002766538,0,9994256,-0,0009107091,-0,03376253,0,0,0,0,0,0,0,0,0,0,0,0,0,0,0,0,0,0,0,0,0,0,1,1,1,False
29,71078,-14,07416,2,935667,-19,18453,-0,002766538,0,9994256,-0,0009107091,-0,03376253,0,0,0,0,0,0,0,0,0,0,0,0,0,0,0,0,0,0,0,0,0,0,1,1,1,False
29,71948,-14,07332,2,934572,-19,18458,-0,002766538,0,9994256,-0,0009107091,-0,03376253,0,0,0,0,0,0,0,0,0,0,0,0,0,0,0,0,0,0,0,0,0,0,1,1,1,False
29,72852,-14,07245,2,933441,-19,18464,-0,002766538,0,9994256,-0,0009107091,-0,03376253,0,0,0,0,0,0,0,0,0,0,0,0,0,0,0,0,0,0,0,0,0,0,1,1,1,False
29,73768,-14,07156,2,932303,-19,1847,-0,002766538,0,9994256,-0,0009107091,-0,03376253,0,0,0,0,0,0,0,0,0,0,0,0,0,0,0,0,0,0,0,0,0,0,1,1,1,False
29,74635,-14,07072,2,931234,-19,18475,-0,002766538,0,9994256,-0,0009107091,-0,03376253,0,0,0,0,0,0,0,0,0,0,0,0,0,0,0,0,0,0,0,0,0,0,1,1,1,False
29,75584,-14,06979,2,930073,-19,18481,-0,002766538,0,9994256,-0,0009107091,-0,03376253,0,0,0,0,0,0,0,0,0,0,0,0,0,0,0,0,0,0,0,0,0,0,1,1,1,False
29,76501,-14,06889,2,928961,-19,18487,-0,002766538,0,9994256,-0,0009107091,-0,03376253,0,0,0,0,0,0,0,0,0,0,0,0,0,0,0,0,0,0,0,0,0,0,1,1,1,False
29,77526,-14,13787,2,927729,-19,18494,-0,002766538,0,9994256,-0,0009107091,-0,03376253,0,0,0,0,0,0,0,0,0,0,0,0,0,0,0,0,0,0,0,0,0,0,1,1,1,False
29,78456,-14,18695,2,926625,-19,185,-0,002766538,0,9994256,-0,0009107091,-0,03376253,0,0,0,0,0,0,0,0,0,0,0,0,0,0,0,0,0,0,0,0,0,0,1,1,1,False
29,79515,-14,2659,2,92538,-19,18506,-0,002766538,0,9994256,-0,0009107091,-0,03376253,0,0,0,0,0,0,0,0,0,0,0,0,0,0,0,0,0,0,0,0,0,0,1,1,1,False
29,80475,-14,31495,2,924266,-19,18513,-0,002766538,0,9994256,-0,0009107091,-0,03376253,0,0,0,0,0,0,0,0,0,0,0,0,0,0,0,0,0,0,0,0,0,0,1,1,1,False
29,8215,-14,46327,2,922358,-19,18524,-0,002766538,0,9994256,-0,0009107091,-0,03376253,0,0,0,0,0,0,0,0,0,0,0,0,0,0,0,0,0,0,0,0,0,0,1,1,1,False
29,83257,-14,58217,2,921121,-19,18531,-0,002766538,0,9994256,-0,0009107091,-0,03376253,0,0,0,0,0,0,0,0,0,0,0,0,0,0,0,0,0,0,0,0,0,0,1,1,1,False
29,84192,-14,65123,2,920094,-19,18537,-0,002766538,0,9994256,-0,0009107091,-0,03376253,0,0,0,0,0,0,0,0,0,0,0,0,0,0,0,0,0,0,0,0,0,0,1,1,1,False
29,85275,-14,75014,2,918924,-19,18544,-0,002766538,0,9994256,-0,0009107091,-0,03376253,0,0,0,0,0,0,0,0,0,0,0,0,0,0,0,0,0,0,0,0,0,0,1,1,1,False
29,8625,-14,82916,2,917889,-19,1855,-0,002766538,0,9994256,-0,0009107091,-0,03376253,0,0,0,0,0,0,0,0,0,0,0,0,0,0,0,0,0,0,0,0,0,0,1,1,1,False
29,87359,-14,87805,2,916736,-19,18558,-0,002766538,0,9994256,-0,0009107091,-0,03376253,0,0,0,0,0,0,0,0,0,0,0,0,0,0,0,0,0,0,0,0,0,0,1,1,1,False
29,88381,-14,92702,2,915695,-19,18565,-0,002766538,0,9994256,-0,0009107091,-0,03376253,0,0,0,0,0,0,0,0,0,0,0,0,0,0,0,0,0,0,0,0,0,0,1,1,1,False
29,89505,-15,0759,2,914576,-19,18572,-0,002766538,0,9994256,-0,0009107091,-0,03376253,0,0,0,0,0,0,0,0,0,0,0,0,0,0,0,0,0,0,0,0,0,0,1,1,1,False
29,90519,-15,15489,2,91359,-19,18579,-0,002766538,0,9994256,-0,0009107091,-0,03376253,0,0,0,0,0,0,0,0,0,0,0,0,0,0,0,0,0,0,0,0,0,0,1,1,1,False
29,91568,-15,23384,2,912595,-19,18586,-0,002766538,0,9994256,-0,0009107091,-0,03376253,0,0,0,0,0,0,0,0,0,0,0,0,0,0,0,0,0,0,0,0,0,0,1,1,1,False
29,92548,-15,30286,2,911687,-19,18592,-0,002766538,0,9994256,-0,0009107091,-0,03376253,0,0,0,0,0,0,0,0,0,0,0,0,0,0,0,0,0,0,0,0,0,0,1,1,1,False
29,93633,-15,50178,2,91071,-19,18599,-0,002766538,0,9994256,-0,0009107091,-0,03376253,0,0,0,0,0,0,0,0,0,0,0,0,0,0,0,0,0,0,0,0,0,0,1,1,1,False
29,94546,-15,56088,2,90991,-19,18605,-0,002766538,0,9994256,-0,0009107091,-0,03376253,0,0,0,0,0,0,0,0,0,0,0,0,0,0,0,0,0,0,0,0,0,0,1,1,1,False
29,95581,-15,62985,2,909028,-19,18612,-0,002766538,0,9994256,-0,0009107091,-0,03376253,0,0,0,0,0,0,0,0,0,0,0,0,0,0,0,0,0,0,0,0,0,0,1,1,1,False
29,97353,-15,91205,2,904503,-19,16896,-0,002766538,0,9994256,-0,0009107091,-0,03376253,0,0,0,0,0,0,0,0,0,0,0,0,0,0,0,0,0,0,0,0,0,0,1,1,1,False
29,98419,-15,88707,2,903788,-19,1863,-0,002766538,0,9994256,-0,0009107091,-0,03376253,0,0,0,0,0,0,0,0,0,0,0,0,0,0,0,0,0,0,0,0,0,0,1,1,1,False
29,99447,-15,91607,2,902085,-19,18637,-0,002766538,0,9994256,-0,0009107091,-0,03376253,0,0,0,0,0,0,0,0,0,0,0,0,0,0,0,0,0,0,0,0,0,0,1,1,1,False
30,00417,-15,96514,2,900679,-19,18643,-0,002766538,0,9994256,-0,0009107091,-0,03376253,0,0,0,0,0,0,0,0,0,0,0,0,0,0,0,0,0,0,0,0,0,0,1,1,1,False
30,01469,-16,01413,2,89848,-19,1865,-0,002766538,0,9994256,-0,0009107091,-0,03376253,0,0,0,0,0,0,0,0,0,0,0,0,0,0,0,0,0,0,0,0,0,0,1,1,1,False
30,02409,-16,12323,2,897634,-19,18656,-0,002766538,0,9994256,-0,0009107091,-0,03376253,0,0,0,0,0,0,0,0,0,0,0,0,0,0,0,0,0,0,0,0,0,0,1,1,1,False
30,03446,-16,20225,2,89527,-19,18662,-0,002766538,0,9994256,-0,0009107091,-0,03376253,0,0,0,0,0,0,0,0,0,0,0,0,0,0,0,0,0,0,0,0,0,0,1,1,1,False
30,04399,-16,22135,2,894441,-19,18668,-0,002766538,0,9994256,-0,0009107091,-0,03376253,0,0,0,0,0,0,0,0,0,0,0,0,0,0,0,0,0,0,0,0,0,0,1,1,1,False
30,05419,-16,2804,2,892258,-19,18674,-0,002766538,0,9994256,-0,0009107091,-0,03376253,0,0,0,0,0,0,0,0,0,0,0,0,0,0,0,0,0,0,0,0,0,0,1,1,1,False
30,06488,-16,38941,2,89009,-19,18681,-0,002766538,0,9994256,-0,0009107091,-0,03376253,0,0,0,0,0,0,0,0,0,0,0,0,0,0,0,0,0,0,0,0,0,0,1,1,1,False
30,0742,-16,38855,2,878783,-19,18687,-0,002766538,0,9994256,-0,0009107091,-0,03376253,0,0,0,0,0,0,0,0,0,0,0,0,0,0,0,0,0,0,0,0,0,0,1,1,1,False
30,08405,-16,41765,2,888172,-19,18693,-0,002766538,0,9994256,-0,0009107091,-0,03376253,0,0,0,0,0,0,0,0,0,0,0,0,0,0,0,0,0,0,0,0,0,0,1,1,1,False
30,09434,-16,43673,2,886126,-19,18699,-0,002766538,0,9994256,-0,0009107091,-0,03376253,0,0,0,0,0,0,0,0,0,0,0,0,0,0,0,0,0,0,0,0,0,0,1,1,1,False
30,10266,-16,43598,2,873778,-19,18704,-0,002766538,0,9994256,-0,0009107091,-0,03376253,0,0,0,0,0,0,0,0,0,0,0,0,0,0,0,0,0,0,0,0,0,0,1,1,1,False
30,11221,-16,43514,2,858759,-19,18709,-0,002766538,0,9994256,-0,0009107091,-0,03376253,0,0,0,0,0,0,0,0,0,0,0,0,0,0,0,0,0,0,0,0,0,0,1,1,1,False
30,12872,-16,4837,2,870776,-19,18719,-0,002766538,0,9994256,-0,0009107091,-0,03376253,0,0,0,0,0,0,0,0,0,0,0,0,0,0,0,0,0,0,0,0,0,0,1,1,1,False
30,13858,-16,51285,2,880805,-19,18725,-0,002766538,0,9994256,-0,0009107091,-0,03376253,0,0,0,0,0,0,0,0,0,0,0,0,0,0,0,0,0,0,0,0,0,0,1,1,1,False
30,14841,-16,56202,2,879639,-19,1873,-0,002766538,0,9994256,-0,0009107091,-0,03376253,0,0,0,0,0,0,0,0,0,0,0,0,0,0,0,0,0,0,0,0,0,0,1,1,1,False
30,15904,-16,62112,2,876751,-19,18736,-0,002766538,0,9994256,-0,0009107091,-0,03376253,0,0,0,0,0,0,0,0,0,0,0,0,0,0,0,0,0,0,0,0,0,0,1,1,1,False
30,16905,-16,6803,2,8768,-19,18742,-0,002766538,0,9994256,-0,0009107091,-0,03376253,0,0,0,0,0,0,0,0,0,0,0,0,0,0,0,0,0,0,0,0,0,0,1,1,1,False
30,1794,-16,69946,2,87487,-19,18747,-0,002766538,0,9994256,-0,0009107091,-0,03376253,0,0,0,0,0,0,0,0,0,0,0,0,0,0,0,0,0,0,0,0,0,0,1,1,1,False
30,18892,-16,70869,2,875652,-19,18752,-0,002766538,0,9994256,-0,0009107091,-0,03376253,0,0,0,0,0,0,0,0,0,0,0,0,0,0,0,0,0,0,0,0,0,0,1,1,1,False
30,19918,-16,75788,2,872811,-19,18758,-0,002766538,0,9994256,-0,0009107091,-0,03376253,0,0,0,0,0,0,0,0,0,0,0,0,0,0,0,0,0,0,0,0,0,0,1,1,1,False
30,20843,-16,78716,2,87432,-19,18763,-0,002766538,0,9994256,-0,0009107091,-0,03376253,0,0,0,0,0,0,0,0,0,0,0,0,0,0,0,0,0,0,0,0,0,0,1,1,1,False
30,2185,-16,83639,2,871262,-19,18768,-0,002766538,0,9994256,-0,0009107091,-0,03376253,0,0,0,0,0,0,0,0,0,0,0,0,0,0,0,0,0,0,0,0,0,0,1,1,1,False
30,22756,-16,89571,2,873033,-19,18773,-0,002766538,0,9994256,-0,0009107091,-0,03376253,0,0,0,0,0,0,0,0,0,0,0,0,0,0,0,0,0,0,0,0,0,0,1,1,1,False
30,23795,-16,97494,2,868438,-19,18778,-0,002766538,0,9994256,-0,0009107091,-0,03376253,0,0,0,0,0,0,0,0,0,0,0,0,0,0,0,0,0,0,0,0,0,0,1,1,1,False
30,24742,-17,00425,2,870195,-19,18783,-0,002766538,0,9994256,-0,0009107091,-0,03376253,0,0,0,0,0,0,0,0,0,0,0,0,0,0,0,0,0,0,0,0,0,0,1,1,1,False
30,25801,-17,0535,2,865943,-19,18788,-0,002766538,0,9994256,-0,0009107091,-0,03376253,0,0,0,0,0,0,0,0,0,0,0,0,0,0,0,0,0,0,0,0,0,0,1,1,1,False
30,26769,-17,14282,2,867881,-19,18792,-0,002766538,0,9994256,-0,0009107091,-0,03376253,0,0,0,0,0,0,0,0,0,0,0,0,0,0,0,0,0,0,0,0,0,0,1,1,1,False
30,28392,-17,16172,2,845502,-19,188,-0,002766538,0,9994256,-0,0009107091,-0,03376253,0,0,0,0,0,0,0,0,0,0,0,0,0,0,0,0,0,0,0,0,0,0,1,1,1,False
30,29417,-17,19105,2,863919,-19,18804,-0,002766538,0,9994256,-0,0009107091,-0,03376253,0,0,0,0,0,0,0,0,0,0,0,0,0,0,0,0,0,0,0,0,0,0,1,1,1,False
30,30379,-17,19043,2,86538,-19,18809,-0,002766538,0,9994256,-0,0009107091,-0,03376253,0,0,0,0,0,0,0,0,0,0,0,0,0,0,0,0,0,0,0,0,0,0,1,1,1,False
30,31602,-17,21966,2,855326,-19,18814,-0,002766538,0,9994256,-0,0009107091,-0,03376253,0,0,0,0,0,0,0,0,0,0,0,0,0,0,0,0,0,0,0,0,0,0,1,1,1,False
30,32569,-17,25907,2,863727,-19,18818,-0,002766538,0,9994256,-0,0009107091,-0,03376253,0,0,0,0,0,0,0,0,0,0,0,0,0,0,0,0,0,0,0,0,0,0,1,1,1,False
30,33684,-17,25841,2,82245,-19,18822,-0,002766538,0,9994256,-0,0009107091,-0,03376253,0,0,0,0,0,0,0,0,0,0,0,0,0,0,0,0,0,0,0,0,0,0,1,1,1,False
30,34619,-17,25787,2,786998,-19,18826,-0,002766538,0,9994256,-0,0009107091,-0,03376253,0,0,0,0,0,0,0,0,0,0,0,0,0,0,0,0,0,0,0,0,0,0,1,1,1,False
30,35645,-17,2573,2,747088,-19,1883,-0,002766538,0,9994256,-0,0009107091,-0,03376253,0,0,0,0,0,0,0,0,0,0,0,0,0,0,0,0,0,0,0,0,0,0,1,1,1,False
30,36623,-17,25677,2,708174,-19,18834,-0,002766538,0,9994256,-0,0009107091,-0,03376253,0,0,0,0,0,0,0,0,0,0,0,0,0,0,0,0,0,0,0,0,0,0,1,1,1,False
30,37663,-17,25622,2,665726,-19,18838,-0,002766538,0,9994256,-0,0009107091,-0,03376253,0,0,0,0,0,0,0,0,0,0,0,0,0,0,0,0,0,0,0,0,0,0,1,1,1,False
30,38599,-17,25574,2,626689,-19,18841,-0,002766538,0,9994256,-0,0009107091,-0,03376253,0,0,0,0,0,0,0,0,0,0,0,0,0,0,0,0,0,0,0,0,0,0,1,1,1,False
30,39634,-17,25524,2,582556,-19,18844,-0,002766538,0,9994256,-0,0009107091,-0,03376253,0,0,0,0,0,0,0,0,0,0,0,0,0,0,0,0,0,0,0,0,0,0,1,1,1,False
30,4055,-17,2548,2,542649,-19,18847,-0,002766538,0,9994256,-0,0009107091,-0,03376253,0,0,0,0,0,0,0,0,0,0,0,0,0,0,0,0,0,0,0,0,0,0,1,1,1,False
30,41561,-17,25434,2,497652,-19,18851,-0,002766538,0,9994256,-0,0009107091,-0,03376253,0,0,0,0,0,0,0,0,0,0,0,0,0,0,0,0,0,0,0,0,0,0,1,1,1,False
30,42488,-17,25393,2,45557,-19,18854,-0,002766538,0,9994256,-0,0009107091,-0,03376253,0,0,0,0,0,0,0,0,0,0,0,0,0,0,0,0,0,0,0,0,0,0,1,1,1,False
30,47613,-17,2505,2,197673,-19,18825,-0,002766538,0,9994256,-0,0009107091,-0,03376253,0,0,0,0,0,0,0,0,0,0,0,0,0,0,0,0,0,0,0,0,0,0,1,1,1,False
30,48706,-17,25014,2,141575,-19,18828,-0,002766538,0,9994256,-0,0009107091,-0,03376253,0,0,0,0,0,0,0,0,0,0,0,0,0,0,0,0,0,0,0,0,0,0,1,1,1,False
30,49655,-17,24985,2,091997,-19,1883,-0,002766538,0,9994256,-0,0009107091,-0,03376253,0,0,0,0,0,0,0,0,0,0,0,0,0,0,0,0,0,0,0,0,0,0,1,1,1,False
30,50635,-17,24957,2,039922,-19,18832,-0,002766538,0,9994256,-0,0009107091,-0,03376253,0,0,0,0,0,0,0,0,0,0,0,0,0,0,0,0,0,0,0,0,0,0,1,1,1,False
30,5148,-17,24934,1,994311,-19,18834,-0,002766538,0,9994256,-0,0009107091,-0,03376253,0,0,0,0,0,0,0,0,0,0,0,0,0,0,0,0,0,0,0,0,0,0,1,1,1,False
30,52374,-17,24911,1,945331,-19,18835,-0,002766538,0,9994256,-0,0009107091,-0,03376253,0,0,0,0,0,0,0,0,0,0,0,0,0,0,0,0,0,0,0,0,0,0,1,1,1,False
30,53335,-17,24889,1,891772,-19,18837,-0,002766538,0,9994256,-0,0009107091,-0,03376253,0,0,0,0,0,0,0,0,0,0,0,0,0,0,0,0,0,0,0,0,0,0,1,1,1,False
30,54276,-17,24868,1,838448,-19,18839,-0,002766538,0,9994256,-0,0009107091,-0,03376253,0,0,0,0,0,0,0,0,0,0,0,0,0,0,0,0,0,0,0,0,0,0,1,1,1,False
30,55173,-17,2485,1,786904,-19,1884,-0,002766538,0,9994256,-0,0009107091,-0,03376253,0,0,0,0,0,0,0,0,0,0,0,0,0,0,0,0,0,0,0,0,0,0,1,1,1,False
30,5597,-17,24836,1,740481,-19,18841,-0,002766538,0,9994256,-0,0009107091,-0,03376253,0,0,0,0,0,0,0,0,0,0,0,0,0,0,0,0,0,0,0,0,0,0,1,1,1,False
30,56758,-17,24823,1,693958,-19,18842,-0,002766538,0,9994256,-0,0009107091,-0,03376253,0,0,0,0,0,0,0,0,0,0,0,0,0,0,0,0,0,0,0,0,0,0,1,1,1,False
30,57753,-17,24808,1,634301,-19,18843,-0,002766538,0,9994256,-0,0009107091,-0,03376253,0,0,0,0,0,0,0,0,0,0,0,0,0,0,0,0,0,0,0,0,0,0,1,1,1,False
30,59262,-17,24789,1,635874,-19,18845,-0,002766538,0,9994256,-0,0009107091,-0,03376253,0,0,0,0,0,0,0,0,0,0,0,0,0,0,0,0,0,0,0,0,0,0,1,1,1,False
30,60183,-17,2478,1,636855,-19,18846,-0,002766538,0,9994256,-0,0009107091,-0,03376253,0,0,0,0,0,0,0,0,0,0,0,0,0,0,0,0,0,0,0,0,0,0,1,1,1,False
30,61137,-17,24772,1,637889,-19,18846,-0,002766538,0,9994256,-0,0009107091,-0,03376253,0,0,0,0,0,0,0,0,0,0,0,0,0,0,0,0,0,0,0,0,0,0,1,1,1,False
30,61967,-17,24767,1,638803,-19,18847,-0,002766538,0,9994256,-0,0009107091,-0,03376253,0,0,0,0,0,0,0,0,0,0,0,0,0,0,0,0,0,0,0,0,0,0,1,1,1,False
30,62847,-17,24763,1,639785,-19,18847,-0,002766538,0,9994256,-0,0009107091,-0,03376253,0,0,0,0,0,0,0,0,0,0,0,0,0,0,0,0,0,0,0,0,0,0,1,1,1,False
30,63781,-17,2476,1,64084,-19,18848,-0,002766538,0,9994256,-0,0009107091,-0,03376253,0,0,0,0,0,0,0,0,0,0,0,0,0,0,0,0,0,0,0,0,0,0,1,1,1,False
30,64725,-17,24759,1,641921,-19,18848,-0,002766538,0,9994256,-0,0009107091,-0,03376253,0,0,0,0,0,0,0,0,0,0,0,0,0,0,0,0,0,0,0,0,0,0,1,1,1,False
30,65781,-17,2476,1,643149,-19,18848,-0,002766538,0,9994256,-0,0009107091,-0,03376253,0,0,0,0,0,0,0,0,0,0,0,0,0,0,0,0,0,0,0,0,0,0,1,1,1,False
30,66761,-17,24763,1,644301,-19,18848,-0,002766538,0,9994256,-0,0009107091,-0,03376253,0,0,0,0,0,0,0,0,0,0,0,0,0,0,0,0,0,0,0,0,0,0,1,1,1,False
30,67961,-17,2477,1,645731,-19,18848,-0,002766538,0,9994256,-0,0009107091,-0,03376253,0,0,0,0,0,0,0,0,0,0,0,0,0,0,0,0,0,0,0,0,0,0,1,1,1,False
30,6894,-17,24777,1,646911,-19,18848,-0,002766538,0,9994256,-0,0009107091,-0,03376253,0,0,0,0,0,0,0,0,0,0,0,0,0,0,0,0,0,0,0,0,0,0,1,1,1,False
30,70113,-17,24788,1,64834,-19,18847,-0,002766538,0,9994256,-0,0009107091,-0,03376253,0,0,0,0,0,0,0,0,0,0,0,0,0,0,0,0,0,0,0,0,0,0,1,1,1,False
30,71125,-17,248,1,649585,-19,18847,-0,002766538,0,9994256,-0,0009107091,-0,03376253,0,0,0,0,0,0,0,0,0,0,0,0,0,0,0,0,0,0,0,0,0,0,1,1,1,False
30,72066,-17,24813,1,650753,-19,18846,-0,002766538,0,9994256,-0,0009107091,-0,03376253,0,0,0,0,0,0,0,0,0,0,0,0,0,0,0,0,0,0,0,0,0,0,1,1,1,False
30,73116,-17,24829,1,652066,-19,18845,-0,002766538,0,9994256,-0,0009107091,-0,03376253,0,0,0,0,0,0,0,0,0,0,0,0,0,0,0,0,0,0,0,0,0,0,1,1,1,False
30,7471,-17,24859,1,654075,-19,18844,-0,002766538,0,9994256,-0,0009107091,-0,03376253,0,0,0,0,0,0,0,0,0,0,0,0,0,0,0,0,0,0,0,0,0,0,1,1,1,False
30,75745,-17,2488,1,655392,-19,18843,-0,002766538,0,9994256,-0,0009107091,-0,03376253,0,0,0,0,0,0,0,0,0,0,0,0,0,0,0,0,0,0,0,0,0,0,1,1,1,False
30,76667,-17,24901,1,65657,-19,18841,-0,002766538,0,9994256,-0,0009107091,-0,03376253,0,0,0,0,0,0,0,0,0,0,0,0,0,0,0,0,0,0,0,0,0,0,1,1,1,False
30,77736,-17,24928,1,657941,-19,1884,-0,002766538,0,9994256,-0,0009107091,-0,03376253,0,0,0,0,0,0,0,0,0,0,0,0,0,0,0,0,0,0,0,0,0,0,1,1,1,False
30,78629,-17,24951,1,659091,-19,18839,-0,002766538,0,9994256,-0,0009107091,-0,03376253,0,0,0,0,0,0,0,0,0,0,0,0,0,0,0,0,0,0,0,0,0,0,1,1,1,False
30,79639,-17,2498,1,660395,-19,18837,-0,002766538,0,9994256,-0,0009107091,-0,03376253,0,0,0,0,0,0,0,0,0,0,0,0,0,0,0,0,0,0,0,0,0,0,1,1,1,False
30,80456,-17,25005,1,661452,-19,18835,-0,002766538,0,9994256,-0,0009107091,-0,03376253,0,0,0,0,0,0,0,0,0,0,0,0,0,0,0,0,0,0,0,0,0,0,1,1,1,False
30,81476,-17,25037,1,662774,-19,18833,-0,002766538,0,9994256,-0,0009107091,-0,03376253,0,0,0,0,0,0,0,0,0,0,0,0,0,0,0,0,0,0,0,0,0,0,1,1,1,False
30,82395,-17,25068,1,663966,-19,18832,-0,002766538,0,9994256,-0,0009107091,-0,03376253,0,0,0,0,0,0,0,0,0,0,0,0,0,0,0,0,0,0,0,0,0,0,1,1,1,False
30,8343,-17,25105,1,66531,-19,18829,-0,002766538,0,9994256,-0,0009107091,-0,03376253,0,0,0,0,0,0,0,0,0,0,0,0,0,0,0,0,0,0,0,0,0,0,1,1,1,False
30,84351,-17,2514,1,666505,-19,18827,-0,002766538,0,9994256,-0,0009107091,-0,03376253,0,0,0,0,0,0,0,0,0,0,0,0,0,0,0,0,0,0,0,0,0,0,1,1,1,False
30,85358,-17,25179,1,667811,-19,18825,-0,002766538,0,9994256,-0,0009107091,-0,03376253,0,0,0,0,0,0,0,0,0,0,0,0,0,0,0,0,0,0,0,0,0,0,1,1,1,False
30,8626,-17,25216,1,668979,-19,18822,-0,002766538,0,9994256,-0,0009107091,-0,03376253,0,0,0,0,0,0,0,0,0,0,0,0,0,0,0,0,0,0,0,0,0,0,1,1,1,False
30,87325,-17,25262,1,670355,-19,1882,-0,002766538,0,9994256,-0,0009107091,-0,03376253,0,0,0,0,0,0,0,0,0,0,0,0,0,0,0,0,0,0,0,0,0,0,1,1,1,False
30,88289,-17,25305,1,671597,-19,18817,-0,002766538,0,9994256,-0,0009107091,-0,03376253,0,0,0,0,0,0,0,0,0,0,0,0,0,0,0,0,0,0,0,0,0,0,1,1,1,False
30,89334,-17,25353,1,672938,-19,18814,-0,002766538,0,9994256,-0,0009107091,-0,03376253,0,0,0,0,0,0,0,0,0,0,0,0,0,0,0,0,0,0,0,0,0,0,1,1,1,False
30,90423,-17,25406,1,674329,-19,18811,-0,002766538,0,9994256,-0,0009107091,-0,03376253,0,0,0,0,0,0,0,0,0,0,0,0,0,0,0,0,0,0,0,0,0,0,1,1,1,False
30,91434,-17,25456,1,675615,-19,18808,-0,002766538,0,9994256,-0,0009107091,-0,03376253,0,0,0,0,0,0,0,0,0,0,0,0,0,0,0,0,0,0,0,0,0,0,1,1,1,False
30,92377,-17,25505,1,676806,-19,18805,-0,002766538,0,9994256,-0,0009107091,-0,03376253,0,0,0,0,0,0,0,0,0,0,0,0,0,0,0,0,0,0,0,0,0,0,1,1,1,False
30,93427,-17,25561,1,678124,-19,18801,-0,002766538,0,9994256,-0,0009107091,-0,03376253,0,0,0,0,0,0,0,0,0,0,0,0,0,0,0,0,0,0,0,0,0,0,1,1,1,False
30,9436,-17,25613,1,679287,-19,18798,-0,002766538,0,9994256,-0,0009107091,-0,03376253,0,0,0,0,0,0,0,0,0,0,0,0,0,0,0,0,0,0,0,0,0,0,1,1,1,False
30,95469,-17,25676,1,680659,-19,18794,-0,002766538,0,9994256,-0,0009107091,-0,03376253,0,0,0,0,0,0,0,0,0,0,0,0,0,0,0,0,0,0,0,0,0,0,1,1,1,False
30,96419,-17,25731,1,681823,-19,1879,-0,002766538,0,9994256,-0,0009107091,-0,03376253,0,0,0,0,0,0,0,0,0,0,0,0,0,0,0,0,0,0,0,0,0,0,1,1,1,False
30,97503,-17,25797,1,68314,-19,18786,-0,002766538,0,9994256,-0,0009107091,-0,03376253,0,0,0,0,0,0,0,0,0,0,0,0,0,0,0,0,0,0,0,0,0,0,1,1,1,False
30,98427,-17,25854,1,68425,-19,18783,-0,002766538,0,9994256,-0,0009107091,-0,03376253,0,0,0,0,0,0,0,0,0,0,0,0,0,0,0,0,0,0,0,0,0,0,1,1,1,False
30,9946,-17,25919,1,685478,-19,18778,-0,002766538,0,9994256,-0,0009107091,-0,03376253,0,0,0,0,0,0,0,0,0,0,0,0,0,0,0,0,0,0,0,0,0,0,1,1,1,False
31,0039,-17,25979,1,686571,-19,18774,-0,002766538,0,9994256,-0,0009107091,-0,03376253,0,0,0,0,0,0,0,0,0,0,0,0,0,0,0,0,0,0,0,0,0,0,1,1,1,False
31,01429,-17,26048,1,687777,-19,1877,-0,002766538,0,9994256,-0,0009107091,-0,03376253,0,0,0,0,0,0,0,0,0,0,0,0,0,0,0,0,0,0,0,0,0,0,1,1,1,False
31,02341,-17,2611,1,688821,-19,18766,-0,002766538,0,9994256,-0,0009107091,-0,03376253,0,0,0,0,0,0,0,0,0,0,0,0,0,0,0,0,0,0,0,0,0,0,1,1,1,False
31,03467,-17,26188,1,690093,-19,18761,-0,002766538,0,9994256,-0,0009107091,-0,03376253,0,0,0,0,0,0,0,0,0,0,0,0,0,0,0,0,0,0,0,0,0,0,1,1,1,False
31,0444,-17,26256,1,691173,-19,18757,-0,002766538,0,9994256,-0,0009107091,-0,03376253,0,0,0,0,0,0,0,0,0,0,0,0,0,0,0,0,0,0,0,0,0,0,1,1,1,False
31,05462,-17,2633,1,692291,-19,18752,-0,002766538,0,9994256,-0,0009107091,-0,03376253,0,0,0,0,0,0,0,0,0,0,0,0,0,0,0,0,0,0,0,0,0,0,1,1,1,False
31,06416,-17,264,1,693316,-19,18747,-0,002766538,0,9994256,-0,0009107091,-0,03376253,0,0,0,0,0,0,0,0,0,0,0,0,0,0,0,0,0,0,0,0,0,0,1,1,1,False
31,07497,-17,26481,1,694457,-19,18742,-0,002766538,0,9994256,-0,0009107091,-0,03376253,0,0,0,0,0,0,0,0,0,0,0,0,0,0,0,0,0,0,0,0,0,0,1,1,1,False
31,0864,-17,26568,1,695637,-19,18736,-0,002766538,0,9994256,-0,0009107091,-0,03376253,0,0,0,0,0,0,0,0,0,0,0,0,0,0,0,0,0,0,0,0,0,0,1,1,1,False
31,0967,-17,26648,1,696678,-19,18731,-0,002766538,0,9994256,-0,0009107091,-0,03376253,0,0,0,0,0,0,0,0,0,0,0,0,0,0,0,0,0,0,0,0,0,0,1,1,1,False
31,10638,-17,26724,1,697635,-19,18726,-0,002766538,0,9994256,-0,0009107091,-0,03376253,0,0,0,0,0,0,0,0,0,0,0,0,0,0,0,0,0,0,0,0,0,0,1,1,1,False
31,11665,-17,26806,1,698627,-19,18721,-0,002766538,0,9994256,-0,0009107091,-0,03376253,0,0,0,0,0,0,0,0,0,0,0,0,0,0,0,0,0,0,0,0,0,0,1,1,1,False
31,12682,-17,26889,1,699587,-19,18716,-0,002766538,0,9994256,-0,0009107091,-0,03376253,0,0,0,0,0,0,0,0,0,0,0,0,0,0,0,0,0,0,0,0,0,0,1,1,1,False
31,13723,-17,26974,1,700544,-19,1871,-0,002766538,0,9994256,-0,0009107091,-0,03376253,0,0,0,0,0,0,0,0,0,0,0,0,0,0,0,0,0,0,0,0,0,0,1,1,1,False
31,14662,-17,27053,1,701385,-19,18705,-0,002766538,0,9994256,-0,0009107091,-0,03376253,0,0,0,0,0,0,0,0,0,0,0,0,0,0,0,0,0,0,0,0,0,0,1,1,1,False
31,15709,-17,27142,1,702296,-19,18699,-0,002766538,0,9994256,-0,0009107091,-0,03376253,0,0,0,0,0,0,0,0,0,0,0,0,0,0,0,0,0,0,0,0,0,0,1,1,1,False
31,16615,-17,27219,1,703062,-19,18694,-0,002766538,0,9994256,-0,0009107091,-0,03376253,0,0,0,0,0,0,0,0,0,0,0,0,0,0,0,0,0,0,0,0,0,0,1,1,1,False
31,17648,-17,27308,1,703909,-19,18688,-0,002766538,0,9994256,-0,0009107091,-0,03376253,0,0,0,0,0,0,0,0,0,0,0,0,0,0,0,0,0,0,0,0,0,0,1,1,1,False
31,18604,-17,27392,1,704669,-19,18682,-0,002766538,0,9994256,-0,0009107091,-0,03376253,0,0,0,0,0,0,0,0,0,0,0,0,0,0,0,0,0,0,0,0,0,0,1,1,1,False
31,19647,-17,27485,1,705469,-19,18677,-0,002766538,0,9994256,-0,0009107091,-0,03376253,0,0,0,0,0,0,0,0,0,0,0,0,0,0,0,0,0,0,0,0,0,0,1,1,1,False
31,20554,-17,27566,1,706141,-19,18671,-0,002766538,0,9994256,-0,0009107091,-0,03376253,0,0,0,0,0,0,0,0,0,0,0,0,0,0,0,0,0,0,0,0,0,0,1,1,1,False
31,21611,-17,27661,1,706895,-19,18665,-0,002766538,0,9994256,-0,0009107091,-0,03376253,0,0,0,0,0,0,0,0,0,0,0,0,0,0,0,0,0,0,0,0,0,0,1,1,1,False
31,22531,-17,27745,1,707525,-19,18659,-0,002766538,0,9994256,-0,0009107091,-0,03376253,0,0,0,0,0,0,0,0,0,0,0,0,0,0,0,0,0,0,0,0,0,0,1,1,1,False
31,23592,-17,27842,1,708222,-19,18653,-0,002766538,0,9994256,-0,0009107091,-0,03376253,0,0,0,0,0,0,0,0,0,0,0,0,0,0,0,0,0,0,0,0,0,0,1,1,1,False
31,24555,-17,27931,1,708825,-19,18647,-0,002766538,0,9994256,-0,0009107091,-0,03376253,0,0,0,0,0,0,0,0,0,0,0,0,0,0,0,0,0,0,0,0,0,0,1,1,1,False
31,25574,-17,28026,1,709433,-19,18641,-0,002766538,0,9994256,-0,0009107091,-0,03376253,0,0,0,0,0,0,0,0,0,0,0,0,0,0,0,0,0,0,0,0,0,0,1,1,1,False
31,26516,-17,28115,1,709968,-19,18635,-0,002766538,0,9994256,-0,0009107091,-0,03376253,0,0,0,0,0,0,0,0,0,0,0,0,0,0,0,0,0,0,0,0,0,0,1,1,1,False
31,2754,-17,28212,1,710518,-19,18628,-0,002766538,0,9994256,-0,0009107091,-0,03376253,0,0,0,0,0,0,0,0,0,0,0,0,0,0,0,0,0,0,0,0,0,0,1,1,1,False
31,28599,-17,28313,1,711053,-19,18622,-0,002766538,0,9994256,-0,0009107091,-0,03376253,0,0,0,0,0,0,0,0,0,0,0,0,0,0,0,0,0,0,0,0,0,0,1,1,1,False
31,29651,-17,28414,1,71155,-19,18615,-0,002766538,0,9994256,-0,0009107091,-0,03376253,0,0,0,0,0,0,0,0,0,0,0,0,0,0,0,0,0,0,0,0,0,0,1,1,1,False
31,30504,-17,28496,1,711927,-19,18609,-0,002766538,0,9994256,-0,0009107091,-0,03376253,0,0,0,0,0,0,0,0,0,0,0,0,0,0,0,0,0,0,0,0,0,0,1,1,1,False
31,31589,-17,28601,1,712373,-19,18602,-0,002766538,0,9994256,-0,0009107091,-0,03376253,0,0,0,0,0,0,0,0,0,0,0,0,0,0,0,0,0,0,0,0,0,0,1,1,1,False
31,33254,-17,28763,1,712984,-19,18591,-0,002766538,0,9994256,-0,0009107091,-0,03376253,0,0,0,0,0,0,0,0,0,0,0,0,0,0,0,0,0,0,0,0,0,0,1,1,1,False
31,34582,-17,28894,1,713407,-19,18583,-0,002766538,0,9994256,-0,0009107091,-0,03376253,0,0,0,0,0,0,0,0,0,0,0,0,0,0,0,0,0,0,0,0,0,0,1,1,1,False
31,35913,-17,29025,1,713772,-19,18574,-0,002766538,0,9994256,-0,0009107091,-0,03376253,0,0,0,0,0,0,0,0,0,0,0,0,0,0,0,0,0,0,0,0,0,0,1,1,1,False
31,37117,-17,29144,1,714052,-19,18566,-0,002766538,0,9994256,-0,0009107091,-0,03376253,0,0,0,0,0,0,0,0,0,0,0,0,0,0,0,0,0,0,0,0,0,0,1,1,1,False
31,38535,-17,29284,1,714319,-19,18557,-0,002766538,0,9994256,-0,0009107091,-0,03376253,0,0,0,0,0,0,0,0,0,0,0,0,0,0,0,0,0,0,0,0,0,0,1,1,1,False
31,39894,-17,2942,1,714513,-19,18547,-0,002766538,0,9994256,-0,0009107091,-0,03376253,0,0,0,0,0,0,0,0,0,0,0,0,0,0,0,0,0,0,0,0,0,0,1,1,1,False
31,41225,-17,29552,1,714642,-19,18538,-0,002766538,0,9994256,-0,0009107091,-0,03376253,0,0,0,0,0,0,0,0,0,0,0,0,0,0,0,0,0,0,0,0,0,0,1,1,1,False
31,42595,-17,29689,1,714712,-19,18529,-0,002766538,0,9994256,-0,0009107091,-0,03376253,0,0,0,0,0,0,0,0,0,0,0,0,0,0,0,0,0,0,0,0,0,0,1,1,1,False
31,43975,-17,29827,1,714719,-19,1852,-0,002766538,0,9994256,-0,0009107091,-0,03376253,0,0,0,0,0,0,0,0,0,0,0,0,0,0,0,0,0,0,0,0,0,0,1,1,1,False
31,45276,-17,29956,1,714666,-19,18511,-0,002766538,0,9994256,-0,0009107091,-0,03376253,0,0,0,0,0,0,0,0,0,0,0,0,0,0,0,0,0,0,0,0,0,0,1,1,1,False
31,46683,-17,30097,1,714545,-19,18502,-0,002766538,0,9994256,-0,0009107091,-0,03376253,0,0,0,0,0,0,0,0,0,0,0,0,0,0,0,0,0,0,0,0,0,0,1,1,1,False
31,4816,-17,30243,1,714346,-19,18492,-0,002766538,0,9994256,-0,0009107091,-0,03376253,0,0,0,0,0,0,0,0,0,0,0,0,0,0,0,0,0,0,0,0,0,0,1,1,1,False
31,49588,-17,30385,1,714084,-19,18482,-0,002766538,0,9994256,-0,0009107091,-0,03376253,0,0,0,0,0,0,0,0,0,0,0,0,0,0,0,0,0,0,0,0,0,0,1,1,1,False
31,50903,-17,30515,1,713783,-19,18473,-0,002766538,0,9994256,-0,0009107091,-0,03376253,0,0,0,0,0,0,0,0,0,0,0,0,0,0,0,0,0,0,0,0,0,0,1,1,1,False
31,5228,-17,3065,1,713405,-19,18464,-0,002766538,0,9994256,-0,0009107091,-0,03376253,0,0,0,0,0,0,0,0,0,0,0,0,0,0,0,0,0,0,0,0,0,0,1,1,1,False
31,53685,-17,30788,1,712956,-19,18455,-0,002766538,0,9994256,-0,0009107091,-0,03376253,0,0,0,0,0,0,0,0,0,0,0,0,0,0,0,0,0,0,0,0,0,0,1,1,1,False
31,55007,-17,30916,1,712475,-19,18446,-0,002766538,0,9994256,-0,0009107091,-0,03376253,0,0,0,0,0,0,0,0,0,0,0,0,0,0,0,0,0,0,0,0,0,0,1,1,1,False
31,58122,-17,31216,1,711118,-19,18425,-0,002766538,0,9994256,-0,0009107091,-0,03376253,0,0,0,0,0,0,0,0,0,0,0,0,0,0,0,0,0,0,0,0,0,0,1,1,1,False
31,60392,-17,31431,1,709938,-19,1841,-0,002766538,0,9994256,-0,0009107091,-0,03376253,0,0,0,0,0,0,0,0,0,0,0,0,0,0,0,0,0,0,0,0,0,0,1,1,1,False
31,62135,-17,31593,1,708924,-19,18399,-0,002766538,0,9994256,-0,0009107091,-0,03376253,0,0,0,0,0,0,0,0,0,0,0,0,0,0,0,0,0,0,0,0,0,0,1,1,1,False
31,63205,-17,31692,1,708257,-19,18393,-0,002766538,0,9994256,-0,0009107091,-0,03376253,0,0,0,0,0,0,0,0,0,0,0,0,0,0,0,0,0,0,0,0,0,0,1,1,1,False
31,64135,-17,31777,1,707649,-19,18387,-0,002766538,0,9994256,-0,0009107091,-0,03376253,0,0,0,0,0,0,0,0,0,0,0,0,0,0,0,0,0,0,0,0,0,0,1,1,1,False
31,652,-17,31874,1,706923,-19,1838,-0,002766538,0,9994256,-0,0009107091,-0,03376253,0,0,0,0,0,0,0,0,0,0,0,0,0,0,0,0,0,0,0,0,0,0,1,1,1,False
31,66278,-17,3197,1,706154,-19,18373,-0,002766538,0,9994256,-0,0009107091,-0,03376253,0,0,0,0,0,0,0,0,0,0,0,0,0,0,0,0,0,0,0,0,0,0,1,1,1,False
31,67308,-17,32062,1,70539,-19,18367,-0,002766538,0,9994256,-0,0009107091,-0,03376253,0,0,0,0,0,0,0,0,0,0,0,0,0,0,0,0,0,0,0,0,0,0,1,1,1,False
31,68295,-17,32149,1,704629,-19,18361,-0,002766538,0,9994256,-0,0009107091,-0,03376253,0,0,0,0,0,0,0,0,0,0,0,0,0,0,0,0,0,0,0,0,0,0,1,1,1,False
31,6929,-17,32235,1,703837,-19,18355,-0,002766538,0,9994256,-0,0009107091,-0,03376253,0,0,0,0,0,0,0,0,0,0,0,0,0,0,0,0,0,0,0,0,0,0,1,1,1,False
31,70229,-17,32316,1,703064,-19,18349,-0,002766538,0,9994256,-0,0009107091,-0,03376253,0,0,0,0,0,0,0,0,0,0,0,0,0,0,0,0,0,0,0,0,0,0,1,1,1,False
31,7126,-17,32403,1,70219,-19,18343,-0,002766538,0,9994256,-0,0009107091,-0,03376253,0,0,0,0,0,0,0,0,0,0,0,0,0,0,0,0,0,0,0,0,0,0,1,1,1,False
31,72168,-17,32479,1,701397,-19,18338,-0,002766538,0,9994256,-0,0009107091,-0,03376253,0,0,0,0,0,0,0,0,0,0,0,0,0,0,0,0,0,0,0,0,0,0,1,1,1,False
31,73104,-17,32557,1,700559,-19,18332,-0,002766538,0,9994256,-0,0009107091,-0,03376253,0,0,0,0,0,0,0,0,0,0,0,0,0,0,0,0,0,0,0,0,0,0,1,1,1,False
31,7401,-17,32631,1,699728,-19,18327,-0,002766538,0,9994256,-0,0009107091,-0,03376253,0,0,0,0,0,0,0,0,0,0,0,0,0,0,0,0,0,0,0,0,0,0,1,1,1,False
31,74941,-17,32706,1,698853,-19,18322,-0,002766538,0,9994256,-0,0009107091,-0,03376253,0,0,0,0,0,0,0,0,0,0,0,0,0,0,0,0,0,0,0,0,0,0,1,1,1,False
31,75756,-17,32771,1,698071,-19,18317,-0,002766538,0,9994256,-0,0009107091,-0,03376253,0,0,0,0,0,0,0,0,0,0,0,0,0,0,0,0,0,0,0,0,0,0,1,1,1,False
31,76575,-17,32836,1,697268,-19,18313,-0,002766538,0,9994256,-0,0009107091,-0,03376253,0,0,0,0,0,0,0,0,0,0,0,0,0,0,0,0,0,0,0,0,0,0,1,1,1,False
31,77541,-17,32911,1,696305,-19,18308,-0,002766538,0,9994256,-0,0009107091,-0,03376253,0,0,0,0,0,0,0,0,0,0,0,0,0,0,0,0,0,0,0,0,0,0,1,1,1,False
31,78425,-17,32979,1,695405,-19,18303,-0,002766538,0,9994256,-0,0009107091,-0,03376253,0,0,0,0,0,0,0,0,0,0,0,0,0,0,0,0,0,0,0,0,0,0,1,1,1,False
31,79383,-17,33051,1,694411,-19,18298,-0,002766538,0,9994256,-0,0009107091,-0,03376253,0,0,0,0,0,0,0,0,0,0,0,0,0,0,0,0,0,0,0,0,0,0,1,1,1,False
31,80341,-17,33122,1,6934,-19,18293,-0,002766538,0,9994256,-0,0009107091,-0,03376253,0,0,0,0,0,0,0,0,0,0,0,0,0,0,0,0,0,0,0,0,0,0,1,1,1,False
31,81385,-17,33198,1,692276,-19,18287,-0,002766538,0,9994256,-0,0009107091,-0,03376253,0,0,0,0,0,0,0,0,0,0,0,0,0,0,0,0,0,0,0,0,0,0,1,1,1,False
31,82302,-17,33263,1,691274,-19,18283,-0,002766538,0,9994256,-0,0009107091,-0,03376253,0,0,0,0,0,0,0,0,0,0,0,0,0,0,0,0,0,0,0,0,0,0,1,1,1,False
31,8345,-17,33344,1,689997,-19,18277,-0,002766538,0,9994256,-0,0009107091,-0,03376253,0,0,0,0,0,0,0,0,0,0,0,0,0,0,0,0,0,0,0,0,0,0,1,1,1,False
31,84397,-17,33408,1,688926,-19,18273,-0,002766538,0,9994256,-0,0009107091,-0,03376253,0,0,0,0,0,0,0,0,0,0,0,0,0,0,0,0,0,0,0,0,0,0,1,1,1,False
31,8543,-17,33477,1,687742,-19,18268,-0,002766538,0,9994256,-0,0009107091,-0,03376253,0,0,0,0,0,0,0,0,0,0,0,0,0,0,0,0,0,0,0,0,0,0,1,1,1,False
31,86347,-17,33537,1,686676,-19,18263,-0,002766538,0,9994256,-0,0009107091,-0,03376253,0,0,0,0,0,0,0,0,0,0,0,0,0,0,0,0,0,0,0,0,0,0,1,1,1,False
31,87364,-17,33603,1,685479,-19,18259,-0,002766538,0,9994256,-0,0009107091,-0,03376253,0,0,0,0,0,0,0,0,0,0,0,0,0,0,0,0,0,0,0,0,0,0,1,1,1,False
31,88341,-17,33664,1,684317,-19,18254,-0,002766538,0,9994256,-0,0009107091,-0,03376253,0,0,0,0,0,0,0,0,0,0,0,0,0,0,0,0,0,0,0,0,0,0,1,1,1,False
31,89391,-17,33728,1,683052,-19,1825,-0,002766538,0,9994256,-0,0009107091,-0,03376253,0,0,0,0,0,0,0,0,0,0,0,0,0,0,0,0,0,0,0,0,0,0,1,1,1,False
31,90437,-17,3379,1,681779,-19,18245,-0,002766538,0,9994256,-0,0009107091,-0,03376253,0,0,0,0,0,0,0,0,0,0,0,0,0,0,0,0,0,0,0,0,0,0,1,1,1,False
31,91496,-17,3385,1,680477,-19,18241,-0,002766538,0,9994256,-0,0009107091,-0,03376253,0,0,0,0,0,0,0,0,0,0,0,0,0,0,0,0,0,0,0,0,0,0,1,1,1,False
31,925,-17,33907,1,679232,-19,18237,-0,002766538,0,9994256,-0,0009107091,-0,03376253,0,0,0,0,0,0,0,0,0,0,0,0,0,0,0,0,0,0,0,0,0,0,1,1,1,False
31,93774,-17,33975,1,677638,-19,18232,-0,002766538,0,9994256,-0,0009107091,-0,03376253,0,0,0,0,0,0,0,0,0,0,0,0,0,0,0,0,0,0,0,0,0,0,1,1,1,False
31,94988,-17,34038,1,676106,-19,18227,-0,002766538,0,9994256,-0,0009107091,-0,03376253,0,0,0,0,0,0,0,0,0,0,0,0,0,0,0,0,0,0,0,0,0,0,1,1,1,False
31,96155,-17,34097,1,674622,-19,18223,-0,002766538,0,9994256,-0,0009107091,-0,03376253,0,0,0,0,0,0,0,0,0,0,0,0,0,0,0,0,0,0,0,0,0,0,1,1,1,False
31,97201,-17,34146,1,673284,-19,18219,-0,002766538,0,9994256,-0,0009107091,-0,03376253,0,0,0,0,0,0,0,0,0,0,0,0,0,0,0,0,0,0,0,0,0,0,1,1,1,False
31,98142,-17,3419,1,672075,-19,18216,-0,002766538,0,9994256,-0,0009107091,-0,03376253,0,0,0,0,0,0,0,0,0,0,0,0,0,0,0,0,0,0,0,0,0,0,1,1,1,False
31,99235,-17,34238,1,670665,-19,18213,-0,002766538,0,9994256,-0,0009107091,-0,03376253,0,0,0,0,0,0,0,0,0,0,0,0,0,0,0,0,0,0,0,0,0,0,1,1,1,False
32,00183,-17,34279,1,669438,-19,1821,-0,002766538,0,9994256,-0,0009107091,-0,03376253,0,0,0,0,0,0,0,0,0,0,0,0,0,0,0,0,0,0,0,0,0,0,1,1,1,False
32,01268,-17,34323,1,668031,-19,18206,-0,002766538,0,9994256,-0,0009107091,-0,03376253,0,0,0,0,0,0,0,0,0,0,0,0,0,0,0,0,0,0,0,0,0,0,1,1,1,False
32,0223,-17,3436,1,666779,-19,18204,-0,002766538,0,9994256,-0,0009107091,-0,03376253,0,0,0,0,0,0,0,0,0,0,0,0,0,0,0,0,0,0,0,0,0,0,1,1,1,False
32,03286,-17,34399,1,665406,-19,18201,-0,002766538,0,9994256,-0,0009107091,-0,03376253,0,0,0,0,0,0,0,0,0,0,0,0,0,0,0,0,0,0,0,0,0,0,1,1,1,False
32,04201,-17,34431,1,664215,-19,18198,-0,002766538,0,9994256,-0,0009107091,-0,03376253,0,0,0,0,0,0,0,0,0,0,0,0,0,0,0,0,0,0,0,0,0,0,1,1,1,False
32,05214,-17,34465,1,662896,-19,18196,-0,002766538,0,9994256,-0,0009107091,-0,03376253,0,0,0,0,0,0,0,0,0,0,0,0,0,0,0,0,0,0,0,0,0,0,1,1,1,False
32,06187,-17,34496,1,661631,-19,18193,-0,002766538,0,9994256,-0,0009107091,-0,03376253,0,0,0,0,0,0,0,0,0,0,0,0,0,0,0,0,0,0,0,0,0,0,1,1,1,False
32,07492,-17,34534,1,659936,-19,18191,-0,002766538,0,9994256,-0,0009107091,-0,03376253,0,0,0,0,0,0,0,0,0,0,0,0,0,0,0,0,0,0,0,0,0,0,1,1,1,False
32,08557,-17,34563,1,658559,-19,18188,-0,002766538,0,9994256,-0,0009107091,-0,03376253,0,0,0,0,0,0,0,0,0,0,0,0,0,0,0,0,0,0,0,0,0,0,1,1,1,False
32,09579,-17,34589,1,657239,-19,18186,-0,002766538,0,9994256,-0,0009107091,-0,03376253,0,0,0,0,0,0,0,0,0,0,0,0,0,0,0,0,0,0,0,0,0,0,1,1,1,False
32,10477,-17,34609,1,656085,-19,18185,-0,002766538,0,9994256,-0,0009107091,-0,03376253,0,0,0,0,0,0,0,0,0,0,0,0,0,0,0,0,0,0,0,0,0,0,1,1,1,False
32,11562,-17,34632,1,654698,-19,18183,-0,002766538,0,9994256,-0,0009107091,-0,03376253,0,0,0,0,0,0,0,0,0,0,0,0,0,0,0,0,0,0,0,0,0,0,1,1,1,False
32,12559,-17,34652,1,653428,-19,18181,-0,002766538,0,9994256,-0,0009107091,-0,03376253,0,0,0,0,0,0,0,0,0,0,0,0,0,0,0,0,0,0,0,0,0,0,1,1,1,False
32,13644,-17,3467,1,652056,-19,1818,-0,002766538,0,9994256,-0,0009107091,-0,03376253,0,0,0,0,0,0,0,0,0,0,0,0,0,0,0,0,0,0,0,0,0,0,1,1,1,False
32,14603,-17,34685,1,650852,-19,18179,-0,002766538,0,9994256,-0,0009107091,-0,03376253,0,0,0,0,0,0,0,0,0,0,0,0,0,0,0,0,0,0,0,0,0,0,1,1,1,False
32,15587,-17,34698,1,649625,-19,18177,-0,002766538,0,9994256,-0,0009107091,-0,03376253,0,0,0,0,0,0,0,0,0,0,0,0,0,0,0,0,0,0,0,0,0,0,1,1,1,False
32,16536,-17,34709,1,648451,-19,18176,-0,002766538,0,9994256,-0,0009107091,-0,03376253,0,0,0,0,0,0,0,0,0,0,0,0,0,0,0,0,0,0,0,0,0,0,1,1,1,False
32,17556,-17,34719,1,6472,-19,18176,-0,002766538,0,9994256,-0,0009107091,-0,03376253,0,0,0,0,0,0,0,0,0,0,0,0,0,0,0,0,0,0,0,0,0,0,1,1,1,False
32,18462,-17,34725,1,646098,-19,18175,-0,002766538,0,9994256,-0,0009107091,-0,03376253,0,0,0,0,0,0,0,0,0,0,0,0,0,0,0,0,0,0,0,0,0,0,1,1,1,False
32,19472,-17,34731,1,644883,-19,18174,-0,002766538,0,9994256,-0,0009107091,-0,03376253,0,0,0,0,0,0,0,0,0,0,0,0,0,0,0,0,0,0,0,0,0,0,1,1,1,False
32,20373,-17,34734,1,64381,-19,18174,-0,002766538,0,9994256,-0,0009107091,-0,03376253,0,0,0,0,0,0,0,0,0,0,0,0,0,0,0,0,0,0,0,0,0,0,1,1,1,False
32,21395,-17,34736,1,642608,-19,18173,-0,002766538,0,9994256,-0,0009107091,-0,03376253,0,0,0,0,0,0,0,0,0,0,0,0,0,0,0,0,0,0,0,0,0,0,1,1,1,False
32,22268,-17,34736,1,641592,-19,18173,-0,002766538,0,9994256,-0,0009107091,-0,03376253,0,0,0,0,0,0,0,0,0,0,0,0,0,0,0,0,0,0,0,0,0,0,1,1,1,False
32,23299,-17,34734,1,64041,-19,18173,-0,002766538,0,9994256,-0,0009107091,-0,03376253,0,0,0,0,0,0,0,0,0,0,0,0,0,0,0,0,0,0,0,0,0,0,1,1,1,False
32,24179,-17,34731,1,639413,-19,18173,-0,002766538,0,9994256,-0,0009107091,-0,03376253,0,0,0,0,0,0,0,0,0,0,0,0,0,0,0,0,0,0,0,0,0,0,1,1,1,False
32,25189,-17,34725,1,638285,-19,18173,-0,002766538,0,9994256,-0,0009107091,-0,03376253,0,0,0,0,0,0,0,0,0,0,0,0,0,0,0,0,0,0,0,0,0,0,1,1,1,False
32,26101,-17,34718,1,637282,-19,18174,-0,002766538,0,9994256,-0,0009107091,-0,03376253,0,0,0,0,0,0,0,0,0,0,0,0,0,0,0,0,0,0,0,0,0,0,1,1,1,False
32,27118,-17,34708,1,636183,-19,18174,-0,002766538,0,9994256,-0,0009107091,-0,03376253,0,0,0,0,0,0,0,0,0,0,0,0,0,0,0,0,0,0,0,0,0,0,1,1,1,False
32,28005,-17,34698,1,635239,-19,18174,-0,002766538,0,9994256,-0,0009107091,-0,03376253,0,0,0,0,0,0,0,0,0,0,0,0,0,0,0,0,0,0,0,0,0,0,1,1,1,False
32,29056,-17,34684,1,634143,-19,18175,-0,002766538,0,9994256,-0,0009107091,-0,03376253,0,0,0,0,0,0,0,0,0,0,0,0,0,0,0,0,0,0,0,0,0,0,1,1,1,False
32,30021,-17,34669,1,633156,-19,18176,-0,002766538,0,9994256,-0,0009107091,-0,03376253,0,0,0,0,0,0,0,0,0,0,0,0,0,0,0,0,0,0,0,0,0,0,1,1,1,False
32,31045,-17,34652,1,63213,-19,18177,-0,002766538,0,9994256,-0,0009107091,-0,03376253,0,0,0,0,0,0,0,0,0,0,0,0,0,0,0,0,0,0,0,0,0,0,1,1,1,False
32,31991,-17,34634,1,631202,-19,18178,-0,002766538,0,9994256,-0,0009107091,-0,03376253,0,0,0,0,0,0,0,0,0,0,0,0,0,0,0,0,0,0,0,0,0,0,1,1,1,False
32,32924,-17,34614,1,630307,-19,18179,-0,002766538,0,9994256,-0,0009107091,-0,03376253,0,0,0,0,0,0,0,0,0,0,0,0,0,0,0,0,0,0,0,0,0,0,1,1,1,False
32,33921,-17,34591,1,629374,-19,1818,-0,002766538,0,9994256,-0,0009107091,-0,03376253,0,0,0,0,0,0,0,0,0,0,0,0,0,0,0,0,0,0,0,0,0,0,1,1,1,False
32,3482,-17,34569,1,628552,-19,18182,-0,002766538,0,9994256,-0,0009107091,-0,03376253,0,0,0,0,0,0,0,0,0,0,0,0,0,0,0,0,0,0,0,0,0,0,1,1,1,False
32,35925,-17,3454,1,627569,-19,18184,-0,002766538,0,9994256,-0,0009107091,-0,03376253,0,0,0,0,0,0,0,0,0,0,0,0,0,0,0,0,0,0,0,0,0,0,1,1,1,False
32,36938,-17,34511,1,626694,-19,18185,-0,002766538,0,9994256,-0,0009107091,-0,03376253,0,0,0,0,0,0,0,0,0,0,0,0,0,0,0,0,0,0,0,0,0,0,1,1,1,False
32,37912,-17,34481,1,625878,-19,18187,-0,002766538,0,9994256,-0,0009107091,-0,03376253,0,0,0,0,0,0,0,0,0,0,0,0,0,0,0,0,0,0,0,0,0,0,1,1,1,False
32,38977,-17,34447,1,625015,-19,18189,-0,002766538,0,9994256,-0,0009107091,-0,03376253,0,0,0,0,0,0,0,0,0,0,0,0,0,0,0,0,0,0,0,0,0,0,1,1,1,False
32,40086,-17,34408,1,624147,-19,18192,-0,002766538,0,9994256,-0,0009107091,-0,03376253,0,0,0,0,0,0,0,0,0,0,0,0,0,0,0,0,0,0,0,0,0,0,1,1,1,False
32,41233,-17,34366,1,623286,-19,18195,-0,002766538,0,9994256,-0,0009107091,-0,03376253,0,0,0,0,0,0,0,0,0,0,0,0,0,0,0,0,0,0,0,0,0,0,1,1,1,False
32,42066,-17,34334,1,622683,-19,18196,-0,002766538,0,9994256,-0,0009107091,-0,03376253,0,0,0,0,0,0,0,0,0,0,0,0,0,0,0,0,0,0,0,0,0,0,1,1,1,False
32,42987,-17,34298,1,62204,-19,18199,-0,002766538,0,9994256,-0,0009107091,-0,03376253,0,0,0,0,0,0,0,0,0,0,0,0,0,0,0,0,0,0,0,0,0,0,1,1,1,False
32,44022,-17,34254,1,621346,-19,18202,-0,002766538,0,9994256,-0,0009107091,-0,03376253,0,0,0,0,0,0,0,0,0,0,0,0,0,0,0,0,0,0,0,0,0,0,1,1,1,False
32,45051,-17,34209,1,620687,-19,18204,-0,002766538,0,9994256,-0,0009107091,-0,03376253,0,0,0,0,0,0,0,0,0,0,0,0,0,0,0,0,0,0,0,0,0,0,1,1,1,False
32,45905,-17,34171,1,620164,-19,18207,-0,002766538,0,9994256,-0,0009107091,-0,03376253,0,0,0,0,0,0,0,0,0,0,0,0,0,0,0,0,0,0,0,0,0,0,1,1,1,False
32,46738,-17,34132,1,619676,-19,1821,-0,002766538,0,9994256,-0,0009107091,-0,03376253,0,0,0,0,0,0,0,0,0,0,0,0,0,0,0,0,0,0,0,0,0,0,1,1,1,False
32,47656,-17,34088,1,619162,-19,18213,-0,002766538,0,9994256,-0,0009107091,-0,03376253,0,0,0,0,0,0,0,0,0,0,0,0,0,0,0,0,0,0,0,0,0,0,1,1,1,False
32,48503,-17,34045,1,61871,-19,18215,-0,002766538,0,9994256,-0,0009107091,-0,03376253,0,0,0,0,0,0,0,0,0,0,0,0,0,0,0,0,0,0,0,0,0,0,1,1,1,False
32,49423,-17,33998,1,618245,-19,18218,-0,002766538,0,9994256,-0,0009107091,-0,03376253,0,0,0,0,0,0,0,0,0,0,0,0,0,0,0,0,0,0,0,0,0,0,1,1,1,False
32,50258,-17,33954,1,617846,-19,18221,-0,002766538,0,9994256,-0,0009107091,-0,03376253,0,0,0,0,0,0,0,0,0,0,0,0,0,0,0,0,0,0,0,0,0,0,1,1,1,False
32,51208,-17,33903,1,617418,-19,18225,-0,002766538,0,9994256,-0,0009107091,-0,03376253,0,0,0,0,0,0,0,0,0,0,0,0,0,0,0,0,0,0,0,0,0,0,1,1,1,False
32,52052,-17,33855,1,617062,-19,18228,-0,002766538,0,9994256,-0,0009107091,-0,03376253,0,0,0,0,0,0,0,0,0,0,0,0,0,0,0,0,0,0,0,0,0,0,1,1,1,False
32,52984,-17,33802,1,616696,-19,18231,-0,002766538,0,9994256,-0,0009107091,-0,03376253,0,0,0,0,0,0,0,0,0,0,0,0,0,0,0,0,0,0,0,0,0,0,1,1,1,False
32,53931,-17,33747,1,616353,-19,18235,-0,002766538,0,9994256,-0,0009107091,-0,03376253,0,0,0,0,0,0,0,0,0,0,0,0,0,0,0,0,0,0,0,0,0,0,1,1,1,False
32,54773,-17,33696,1,616072,-19,18238,-0,002766538,0,9994256,-0,0009107091,-0,03376253,0,0,0,0,0,0,0,0,0,0,0,0,0,0,0,0,0,0,0,0,0,0,1,1,1,False
32,55709,-17,33638,1,615788,-19,18242,-0,002766538,0,9994256,-0,0009107091,-0,03376253,0,0,0,0,0,0,0,0,0,0,0,0,0,0,0,0,0,0,0,0,0,0,1,1,1,False
32,56532,-17,33587,1,615562,-19,18246,-0,002766538,0,9994256,-0,0009107091,-0,03376253,0,0,0,0,0,0,0,0,0,0,0,0,0,0,0,0,0,0,0,0,0,0,1,1,1,False
32,57509,-17,33524,1,615322,-19,1825,-0,002766538,0,9994256,-0,0009107091,-0,03376253,0,0,0,0,0,0,0,0,0,0,0,0,0,0,0,0,0,0,0,0,0,0,1,1,1,False
32,58352,-17,33469,1,615141,-19,18254,-0,002766538,0,9994256,-0,0009107091,-0,03376253,0,0,0,0,0,0,0,0,0,0,0,0,0,0,0,0,0,0,0,0,0,0,1,1,1,False
32,59292,-17,33406,1,614968,-19,18258,-0,002766538,0,9994256,-0,0009107091,-0,03376253,0,0,0,0,0,0,0,0,0,0,0,0,0,0,0,0,0,0,0,0,0,0,1,1,1,False
32,60125,-17,33349,1,614838,-19,18262,-0,002766538,0,9994256,-0,0009107091,-0,03376253,0,0,0,0,0,0,0,0,0,0,0,0,0,0,0,0,0,0,0,0,0,0,1,1,1,False
32,6105,-17,33285,1,614722,-19,18266,-0,002766538,0,9994256,-0,0009107091,-0,03376253,0,0,0,0,0,0,0,0,0,0,0,0,0,0,0,0,0,0,0,0,0,0,1,1,1,False
32,61903,-17,33224,1,61464,-19,1827,-0,002766538,0,9994256,-0,0009107091,-0,03376253,0,0,0,0,0,0,0,0,0,0,0,0,0,0,0,0,0,0,0,0,0,0,1,1,1,False
32,62743,-17,33164,1,614584,-19,18274,-0,002766538,0,9994256,-0,0009107091,-0,03376253,0,0,0,0,0,0,0,0,0,0,0,0,0,0,0,0,0,0,0,0,0,0,1,1,1,False
32,63751,-17,3309,1,614548,-19,18279,-0,002766538,0,9994256,-0,0009107091,-0,03376253,0,0,0,0,0,0,0,0,0,0,0,0,0,0,0,0,0,0,0,0,0,0,1,1,1,False
32,64682,-17,33021,1,614546,-19,18284,-0,002766538,0,9994256,-0,0009107091,-0,03376253,0,0,0,0,0,0,0,0,0,0,0,0,0,0,0,0,0,0,0,0,0,0,1,1,1,False
32,65683,-17,32945,1,614576,-19,18289,-0,002766538,0,9994256,-0,0009107091,-0,03376253,0,0,0,0,0,0,0,0,0,0,0,0,0,0,0,0,0,0,0,0,0,0,1,1,1,False
32,666,-17,32875,1,614633,-19,18294,-0,002766538,0,9994256,-0,0009107091,-0,03376253,0,0,0,0,0,0,0,0,0,0,0,0,0,0,0,0,0,0,0,0,0,0,1,1,1,False
32,67624,-17,32795,1,61473,-19,18299,-0,002766538,0,9994256,-0,0009107091,-0,03376253,0,0,0,0,0,0,0,0,0,0,0,0,0,0,0,0,0,0,0,0,0,0,1,1,1,False
32,68581,-17,32719,1,614854,-19,18304,-0,002766538,0,9994256,-0,0009107091,-0,03376253,0,0,0,0,0,0,0,0,0,0,0,0,0,0,0,0,0,0,0,0,0,0,1,1,1,False
32,69599,-17,32637,1,615018,-19,1831,-0,002766538,0,9994256,-0,0009107091,-0,03376253,0,0,0,0,0,0,0,0,0,0,0,0,0,0,0,0,0,0,0,0,0,0,1,1,1,False
32,7048,-17,32565,1,615189,-19,18315,-0,002766538,0,9994256,-0,0009107091,-0,03376253,0,0,0,0,0,0,0,0,0,0,0,0,0,0,0,0,0,0,0,0,0,0,1,1,1,False
32,71531,-17,32478,1,615427,-19,18321,-0,002766538,0,9994256,-0,0009107091,-0,03376253,0,0,0,0,0,0,0,0,0,0,0,0,0,0,0,0,0,0,0,0,0,0,1,1,1,False
32,72446,-17,32402,1,615663,-19,18326,-0,002766538,0,9994256,-0,0009107091,-0,03376253,0,0,0,0,0,0,0,0,0,0,0,0,0,0,0,0,0,0,0,0,0,0,1,1,1,False
32,7338,-17,32323,1,615933,-19,18331,-0,002766538,0,9994256,-0,0009107091,-0,03376253,0,0,0,0,0,0,0,0,0,0,0,0,0,0,0,0,0,0,0,0,0,0,1,1,1,False
32,74429,-17,32233,1,616271,-19,18337,-0,002766538,0,9994256,-0,0009107091,-0,03376253,0,0,0,0,0,0,0,0,0,0,0,0,0,0,0,0,0,0,0,0,0,0,1,1,1,False
32,76006,-17,32096,1,616847,-19,18347,-0,002766538,0,9994256,-0,0009107091,-0,03376253,0,0,0,0,0,0,0,0,0,0,0,0,0,0,0,0,0,0,0,0,0,0,1,1,1,False
32,77404,-17,31973,1,617424,-19,18355,-0,002766538,0,9994256,-0,0009107091,-0,03376253,0,0,0,0,0,0,0,0,0,0,0,0,0,0,0,0,0,0,0,0,0,0,1,1,1,False
32,78046,-17,31915,1,61771,-19,18359,-0,002766538,0,9994256,-0,0009107091,-0,03376253,0,0,0,0,0,0,0,0,0,0,0,0,0,0,0,0,0,0,0,0,0,0,1,1,1,False
32,78838,-17,31844,1,618081,-19,18364,-0,002766538,0,9994256,-0,0009107091,-0,03376253,0,0,0,0,0,0,0,0,0,0,0,0,0,0,0,0,0,0,0,0,0,0,1,1,1,False
32,79512,-17,31783,1,618412,-19,18368,-0,002766538,0,9994256,-0,0009107091,-0,03376253,0,0,0,0,0,0,0,0,0,0,0,0,0,0,0,0,0,0,0,0,0,0,1,1,1,False
32,8018,-17,31722,1,618755,-19,18372,-0,002766538,0,9994256,-0,0009107091,-0,03376253,0,0,0,0,0,0,0,0,0,0,0,0,0,0,0,0,0,0,0,0,0,0,1,1,1,False
32,80914,-17,31655,1,619148,-19,18377,-0,002766538,0,9994256,-0,0009107091,-0,03376253,0,0,0,0,0,0,0,0,0,0,0,0,0,0,0,0,0,0,0,0,0,0,1,1,1,False
32,81585,-17,31593,1,61952,-19,18381,-0,002766538,0,9994256,-0,0009107091,-0,03376253,0,0,0,0,0,0,0,0,0,0,0,0,0,0,0,0,0,0,0,0,0,0,1,1,1,False
32,82227,-17,31534,1,61989,-19,18385,-0,002766538,0,9994256,-0,0009107091,-0,03376253,0,0,0,0,0,0,0,0,0,0,0,0,0,0,0,0,0,0,0,0,0,0,1,1,1,False
32,82994,-17,31463,1,620348,-19,1839,-0,002766538,0,9994256,-0,0009107091,-0,03376253,0,0,0,0,0,0,0,0,0,0,0,0,0,0,0,0,0,0,0,0,0,0,1,1,1,False
32,83638,-17,31402,1,620746,-19,18394,-0,002766538,0,9994256,-0,0009107091,-0,03376253,0,0,0,0,0,0,0,0,0,0,0,0,0,0,0,0,0,0,0,0,0,0,1,1,1,False
32,84317,-17,31339,1,62118,-19,18399,-0,002766538,0,9994256,-0,0009107091,-0,03376253,0,0,0,0,0,0,0,0,0,0,0,0,0,0,0,0,0,0,0,0,0,0,1,1,1,False
32,85168,-17,31258,1,621742,-19,18404,-0,002766538,0,9994256,-0,0009107091,-0,03376253,0,0,0,0,0,0,0,0,0,0,0,0,0,0,0,0,0,0,0,0,0,0,1,1,1,False
32,86052,-17,31174,1,622348,-19,1841,-0,002766538,0,9994256,-0,0009107091,-0,03376253,0,0,0,0,0,0,0,0,0,0,0,0,0,0,0,0,0,0,0,0,0,0,1,1,1,False
32,86779,-17,31105,1,622864,-19,18415,-0,002766538,0,9994256,-0,0009107091,-0,03376253,0,0,0,0,0,0,0,0,0,0,0,0,0,0,0,0,0,0,0,0,0,0,1,1,1,False
32,8743,-17,31043,1,623338,-19,18419,-0,002766538,0,9994256,-0,0009107091,-0,03376253,0,0,0,0,0,0,0,0,0,0,0,0,0,0,0,0,0,0,0,0,0,0,1,1,1,False
32,8811,-17,30977,1,623845,-19,18424,-0,002766538,0,9994256,-0,0009107091,-0,03376253,0,0,0,0,0,0,0,0,0,0,0,0,0,0,0,0,0,0,0,0,0,0,1,1,1,False
32,8888,-17,30903,1,624435,-19,18429,-0,002766538,0,9994256,-0,0009107091,-0,03376253,0,0,0,0,0,0,0,0,0,0,0,0,0,0,0,0,0,0,0,0,0,0,1,1,1,False
32,89561,-17,30837,1,624971,-19,18434,-0,002766538,0,9994256,-0,0009107091,-0,03376253,0,0,0,0,0,0,0,0,0,0,0,0,0,0,0,0,0,0,0,0,0,0,1,1,1,False
32,9026,-17,3077,1,625534,-19,18438,-0,002766538,0,9994256,-0,0009107091,-0,03376253,0,0,0,0,0,0,0,0,0,0,0,0,0,0,0,0,0,0,0,0,0,0,1,1,1,False
32,90994,-17,30698,1,626139,-19,18443,-0,002766538,0,9994256,-0,0009107091,-0,03376253,0,0,0,0,0,0,0,0,0,0,0,0,0,0,0,0,0,0,0,0,0,0,1,1,1,False
32,91646,-17,30635,1,626688,-19,18447,-0,002766538,0,9994256,-0,0009107091,-0,03376253,0,0,0,0,0,0,0,0,0,0,0,0,0,0,0,0,0,0,0,0,0,0,1,1,1,False
32,9229,-17,30572,1,627241,-19,18452,-0,002766538,0,9994256,-0,0009107091,-0,03376253,0,0,0,0,0,0,0,0,0,0,0,0,0,0,0,0,0,0,0,0,0,0,1,1,1,False
32,93081,-17,30494,1,627935,-19,18457,-0,002766538,0,9994256,-0,0009107091,-0,03376253,0,0,0,0,0,0,0,0,0,0,0,0,0,0,0,0,0,0,0,0,0,0,1,1,1,False
32,93728,-17,30431,1,628514,-19,18462,-0,002766538,0,9994256,-0,0009107091,-0,03376253,0,0,0,0,0,0,0,0,0,0,0,0,0,0,0,0,0,0,0,0,0,0,1,1,1,False
32,97739,-17,30035,1,632325,-19,18489,-0,002766538,0,9994256,-0,0009107091,-0,03376253,0,0,0,0,0,0,0,0,0,0,0,0,0,0,0,0,0,0,0,0,0,0,1,1,1,False
32,98525,-17,29957,1,633115,-19,18495,-0,002766538,0,9994256,-0,0009107091,-0,03376253,0,0,0,0,0,0,0,0,0,0,0,0,0,0,0,0,0,0,0,0,0,0,1,1,1,False
32,99278,-17,29882,1,633883,-19,185,-0,002766538,0,9994256,-0,0009107091,-0,03376253,0,0,0,0,0,0,0,0,0,0,0,0,0,0,0,0,0,0,0,0,0,0,1,1,1,False
32,99903,-17,2982,1,63453,-19,18504,-0,002766538,0,9994256,-0,0009107091,-0,03376253,0,0,0,0,0,0,0,0,0,0,0,0,0,0,0,0,0,0,0,0,0,0,1,1,1,False
33,00535,-17,29757,1,635193,-19,18509,-0,002766538,0,9994256,-0,0009107091,-0,03376253,0,0,0,0,0,0,0,0,0,0,0,0,0,0,0,0,0,0,0,0,0,0,1,1,1,False
33,01354,-17,29676,1,636063,-19,18514,-0,002766538,0,9994256,-0,0009107091,-0,03376253,0,0,0,0,0,0,0,0,0,0,0,0,0,0,0,0,0,0,0,0,0,0,1,1,1,False
33,02052,-17,29607,1,636815,-19,18519,-0,002766538,0,9994256,-0,0009107091,-0,03376253,0,0,0,0,0,0,0,0,0,0,0,0,0,0,0,0,0,0,0,0,0,0,1,1,1,False
33,02767,-17,29536,1,637594,-19,18524,-0,002766538,0,9994256,-0,0009107091,-0,03376253,0,0,0,0,0,0,0,0,0,0,0,0,0,0,0,0,0,0,0,0,0,0,1,1,1,False
33,03431,-17,2947,1,638327,-19,18529,-0,002766538,0,9994256,-0,0009107091,-0,03376253,0,0,0,0,0,0,0,0,0,0,0,0,0,0,0,0,0,0,0,0,0,0,1,1,1,False
33,0409,-17,29405,1,639062,-19,18533,-0,002766538,0,9994256,-0,0009107091,-0,03376253,0,0,0,0,0,0,0,0,0,0,0,0,0,0,0,0,0,0,0,0,0,0,1,1,1,False
33,04846,-17,2933,1,639915,-19,18538,-0,002766538,0,9994256,-0,0009107091,-0,03376253,0,0,0,0,0,0,0,0,0,0,0,0,0,0,0,0,0,0,0,0,0,0,1,1,1,False
33,05514,-17,29264,1,640676,-19,18543,-0,002766538,0,9994256,-0,0009107091,-0,03376253,0,0,0,0,0,0,0,0,0,0,0,0,0,0,0,0,0,0,0,0,0,0,1,1,1,False
33,06182,-17,29198,1,641444,-19,18548,-0,002766538,0,9994256,-0,0009107091,-0,03376253,0,0,0,0,0,0,0,0,0,0,0,0,0,0,0,0,0,0,0,0,0,0,1,1,1,False
33,06983,-17,2912,1,642375,-19,18553,-0,002766538,0,9994256,-0,0009107091,-0,03376253,0,0,0,0,0,0,0,0,0,0,0,0,0,0,0,0,0,0,0,0,0,0,1,1,1,False
33,0763,-17,29056,1,643132,-19,18558,-0,002766538,0,9994256,-0,0009107091,-0,03376253,0,0,0,0,0,0,0,0,0,0,0,0,0,0,0,0,0,0,0,0,0,0,1,1,1,False
33,08313,-17,28989,1,643941,-19,18562,-0,002766538,0,9994256,-0,0009107091,-0,03376253,0,0,0,0,0,0,0,0,0,0,0,0,0,0,0,0,0,0,0,0,0,0,1,1,1,False
33,09098,-17,28912,1,644877,-19,18568,-0,002766538,0,9994256,-0,0009107091,-0,03376253,0,0,0,0,0,0,0,0,0,0,0,0,0,0,0,0,0,0,0,0,0,0,1,1,1,False
33,09783,-17,28846,1,6457,-19,18572,-0,002766538,0,9994256,-0,0009107091,-0,03376253,0,0,0,0,0,0,0,0,0,0,0,0,0,0,0,0,0,0,0,0,0,0,1,1,1,False
33,10448,-17,28781,1,646506,-19,18577,-0,002766538,0,9994256,-0,0009107091,-0,03376253,0,0,0,0,0,0,0,0,0,0,0,0,0,0,0,0,0,0,0,0,0,0,1,1,1,False
33,112,-17,28708,1,647422,-19,18582,-0,002766538,0,9994256,-0,0009107091,-0,03376253,0,0,0,0,0,0,0,0,0,0,0,0,0,0,0,0,0,0,0,0,0,0,1,1,1,False
33,11869,-17,28643,1,648245,-19,18587,-0,002766538,0,9994256,-0,0009107091,-0,03376253,0,0,0,0,0,0,0,0,0,0,0,0,0,0,0,0,0,0,0,0,0,0,1,1,1,False
33,12527,-17,2858,1,649057,-19,18591,-0,002766538,0,9994256,-0,0009107091,-0,03376253,0,0,0,0,0,0,0,0,0,0,0,0,0,0,0,0,0,0,0,0,0,0,1,1,1,False
33,13279,-17,28507,1,649993,-19,18596,-0,002766538,0,9994256,-0,0009107091,-0,03376253,0,0,0,0,0,0,0,0,0,0,0,0,0,0,0,0,0,0,0,0,0,0,1,1,1,False
33,13926,-17,28445,1,650802,-19,186,-0,002766538,0,9994256,-0,0009107091,-0,03376253,0,0,0,0,0,0,0,0,0,0,0,0,0,0,0,0,0,0,0,0,0,0,1,1,1,False
33,14616,-17,2838,1,65167,-19,18605,-0,002766538,0,9994256,-0,0009107091,-0,03376253,0,0,0,0,0,0,0,0,0,0,0,0,0,0,0,0,0,0,0,0,0,0,1,1,1,False
33,15369,-17,28308,1,65262,-19,1861,-0,002766538,0,9994256,-0,0009107091,-0,03376253,0,0,0,0,0,0,0,0,0,0,0,0,0,0,0,0,0,0,0,0,0,0,1,1,1,False
33,16048,-17,28244,1,653481,-19,18615,-0,002766538,0,9994256,-0,0009107091,-0,03376253,0,0,0,0,0,0,0,0,0,0,0,0,0,0,0,0,0,0,0,0,0,0,1,1,1,False
33,16772,-17,28176,1,654404,-19,1862,-0,002766538,0,9994256,-0,0009107091,-0,03376253,0,0,0,0,0,0,0,0,0,0,0,0,0,0,0,0,0,0,0,0,0,0,1,1,1,False
33,17453,-17,28112,1,655275,-19,18624,-0,002766538,0,9994256,-0,0009107091,-0,03376253,0,0,0,0,0,0,0,0,0,0,0,0,0,0,0,0,0,0,0,0,0,0,1,1,1,False
33,18095,-17,28052,1,656098,-19,18628,-0,002766538,0,9994256,-0,0009107091,-0,03376253,0,0,0,0,0,0,0,0,0,0,0,0,0,0,0,0,0,0,0,0,0,0,1,1,1,False
33,1886,-17,27981,1,657083,-19,18633,-0,002766538,0,9994256,-0,0009107091,-0,03376253,0,0,0,0,0,0,0,0,0,0,0,0,0,0,0,0,0,0,0,0,0,0,1,1,1,False
33,19564,-17,27916,1,657993,-19,18638,-0,002766538,0,9994256,-0,0009107091,-0,03376253,0,0,0,0,0,0,0,0,0,0,0,0,0,0,0,0,0,0,0,0,0,0,1,1,1,False
33,20252,-17,27853,1,658883,-19,18642,-0,002766538,0,9994256,-0,0009107091,-0,03376253,0,0,0,0,0,0,0,0,0,0,0,0,0,0,0,0,0,0,0,0,0,0,1,1,1,False
33,21057,-17,2778,1,659927,-19,18647,-0,002766538,0,9994256,-0,0009107091,-0,03376253,0,0,0,0,0,0,0,0,0,0,0,0,0,0,0,0,0,0,0,0,0,0,1,1,1,False
33,21715,-17,2772,1,660782,-19,18652,-0,002766538,0,9994256,-0,0009107091,-0,03376253,0,0,0,0,0,0,0,0,0,0,0,0,0,0,0,0,0,0,0,0,0,0,1,1,1,False
33,22376,-17,2766,1,661643,-19,18656,-0,002766538,0,9994256,-0,0009107091,-0,03376253,0,0,0,0,0,0,0,0,0,0,0,0,0,0,0,0,0,0,0,0,0,0,1,1,1,False
33,2319,-17,27588,1,662703,-19,18661,-0,002766538,0,9994256,-0,0009107091,-0,03376253,0,0,0,0,0,0,0,0,0,0,0,0,0,0,0,0,0,0,0,0,0,0,1,1,1,False
33,23837,-17,2753,1,663548,-19,18665,-0,002766538,0,9994256,-0,0009107091,-0,03376253,0,0,0,0,0,0,0,0,0,0,0,0,0,0,0,0,0,0,0,0,0,0,1,1,1,False
33,24654,-17,27458,1,664613,-19,1867,-0,002766538,0,9994256,-0,0009107091,-0,03376253,0,0,0,0,0,0,0,0,0,0,0,0,0,0,0,0,0,0,0,0,0,0,1,1,1,False
33,25396,-17,27393,1,665581,-19,18675,-0,002766538,0,9994256,-0,0009107091,-0,03376253,0,0,0,0,0,0,0,0,0,0,0,0,0,0,0,0,0,0,0,0,0,0,1,1,1,False
33,26057,-17,27336,1,666444,-19,18679,-0,002766538,0,9994256,-0,0009107091,-0,03376253,0,0,0,0,0,0,0,0,0,0,0,0,0,0,0,0,0,0,0,0,0,0,1,1,1,False
33,26744,-17,27277,1,667339,-19,18683,-0,002766538,0,9994256,-0,0009107091,-0,03376253,0,0,0,0,0,0,0,0,0,0,0,0,0,0,0,0,0,0,0,0,0,0,1,1,1,False
33,27342,-17,27226,1,668118,-19,18686,-0,002766538,0,9994256,-0,0009107091,-0,03376253,0,0,0,0,0,0,0,0,0,0,0,0,0,0,0,0,0,0,0,0,0,0,1,1,1,False
33,27913,-17,27177,1,66886,-19,1869,-0,002766538,0,9994256,-0,0009107091,-0,03376253,0,0,0,0,0,0,0,0,0,0,0,0,0,0,0,0,0,0,0,0,0,0,1,1,1,False
33,28549,-17,27123,1,669688,-19,18694,-0,002766538,0,9994256,-0,0009107091,-0,03376253,0,0,0,0,0,0,0,0,0,0,0,0,0,0,0,0,0,0,0,0,0,0,1,1,1,False
33,29224,-17,27067,1,670563,-19,18698,-0,002766538,0,9994256,-0,0009107091,-0,03376253,0,0,0,0,0,0,0,0,0,0,0,0,0,0,0,0,0,0,0,0,0,0,1,1,1,False
33,29868,-17,27014,1,671397,-19,18702,-0,002766538,0,9994256,-0,0009107091,-0,03376253,0,0,0,0,0,0,0,0,0,0,0,0,0,0,0,0,0,0,0,0,0,0,1,1,1,False
33,30442,-17,26967,1,672138,-19,18705,-0,002766538,0,9994256,-0,0009107091,-0,03376253,0,0,0,0,0,0,0,0,0,0,0,0,0,0,0,0,0,0,0,0,0,0,1,1,1,False
33,31155,-17,26908,1,673058,-19,18709,-0,002766538,0,9994256,-0,0009107091,-0,03376253,0,0,0,0,0,0,0,0,0,0,0,0,0,0,0,0,0,0,0,0,0,0,1,1,1,False
33,31752,-17,2686,1,673826,-19,18712,-0,002766538,0,9994256,-0,0009107091,-0,03376253,0,0,0,0,0,0,0,0,0,0,0,0,0,0,0,0,0,0,0,0,0,0,1,1,1,False
33,32354,-17,26812,1,674597,-19,18716,-0,002766538,0,9994256,-0,0009107091,-0,03376253,0,0,0,0,0,0,0,0,0,0,0,0,0,0,0,0,0,0,0,0,0,0,1,1,1,False
33,33028,-17,26759,1,675457,-19,18719,-0,002766538,0,9994256,-0,0009107091,-0,03376253,0,0,0,0,0,0,0,0,0,0,0,0,0,0,0,0,0,0,0,0,0,0,1,1,1,False
33,3359,-17,26715,1,676173,-19,18723,-0,002766538,0,9994256,-0,0009107091,-0,03376253,0,0,0,0,0,0,0,0,0,0,0,0,0,0,0,0,0,0,0,0,0,0,1,1,1,False
33,34158,-17,2667,1,676893,-19,18726,-0,002766538,0,9994256,-0,0009107091,-0,03376253,0,0,0,0,0,0,0,0,0,0,0,0,0,0,0,0,0,0,0,0,0,0,1,1,1,False
33,34843,-17,26617,1,677759,-19,1873,-0,002766538,0,9994256,-0,0009107091,-0,03376253,0,0,0,0,0,0,0,0,0,0,0,0,0,0,0,0,0,0,0,0,0,0,1,1,1,False
33,35426,-17,26573,1,678491,-19,18733,-0,002766538,0,9994256,-0,0009107091,-0,03376253,0,0,0,0,0,0,0,0,0,0,0,0,0,0,0,0,0,0,0,0,0,0,1,1,1,False
33,36042,-17,26526,1,679264,-19,18736,-0,002766538,0,9994256,-0,0009107091,-0,03376253,0,0,0,0,0,0,0,0,0,0,0,0,0,0,0,0,0,0,0,0,0,0,1,1,1,False
33,36709,-17,26477,1,680095,-19,1874,-0,002766538,0,9994256,-0,0009107091,-0,03376253,0,0,0,0,0,0,0,0,0,0,0,0,0,0,0,0,0,0,0,0,0,0,1,1,1,False
33,37321,-17,26431,1,680853,-19,18743,-0,002766538,0,9994256,-0,0009107091,-0,03376253,0,0,0,0,0,0,0,0,0,0,0,0,0,0,0,0,0,0,0,0,0,0,1,1,1,False
33,37912,-17,26388,1,681581,-19,18746,-0,002766538,0,9994256,-0,0009107091,-0,03376253,0,0,0,0,0,0,0,0,0,0,0,0,0,0,0,0,0,0,0,0,0,0,1,1,1,False
33,38526,-17,26344,1,682334,-19,18749,-0,002766538,0,9994256,-0,0009107091,-0,03376253,0,0,0,0,0,0,0,0,0,0,0,0,0,0,0,0,0,0,0,0,0,0,1,1,1,False
33,39264,-17,26291,1,683233,-19,18753,-0,002766538,0,9994256,-0,0009107091,-0,03376253,0,0,0,0,0,0,0,0,0,0,0,0,0,0,0,0,0,0,0,0,0,0,1,1,1,False
33,39896,-17,26247,1,683997,-19,18756,-0,002766538,0,9994256,-0,0009107091,-0,03376253,0,0,0,0,0,0,0,0,0,0,0,0,0,0,0,0,0,0,0,0,0,0,1,1,1,False
33,40473,-17,26207,1,684691,-19,18759,-0,002766538,0,9994256,-0,0009107091,-0,03376253,0,0,0,0,0,0,0,0,0,0,0,0,0,0,0,0,0,0,0,0,0,0,1,1,1,False
33,41158,-17,2616,1,685509,-19,18762,-0,002766538,0,9994256,-0,0009107091,-0,03376253,0,0,0,0,0,0,0,0,0,0,0,0,0,0,0,0,0,0,0,0,0,0,1,1,1,False
33,41756,-17,26119,1,686217,-19,18765,-0,002766538,0,9994256,-0,0009107091,-0,03376253,0,0,0,0,0,0,0,0,0,0,0,0,0,0,0,0,0,0,0,0,0,0,1,1,1,False
33,42423,-17,26075,1,687001,-19,18768,-0,002766538,0,9994256,-0,0009107091,-0,03376253,0,0,0,0,0,0,0,0,0,0,0,0,0,0,0,0,0,0,0,0,0,0,1,1,1,False
33,432,-17,26023,1,687905,-19,18772,-0,002766538,0,9994256,-0,0009107091,-0,03376253,0,0,0,0,0,0,0,0,0,0,0,0,0,0,0,0,0,0,0,0,0,0,1,1,1,False
33,43801,-17,25985,1,688599,-19,18775,-0,002766538,0,9994256,-0,0009107091,-0,03376253,0,0,0,0,0,0,0,0,0,0,0,0,0,0,0,0,0,0,0,0,0,0,1,1,1,False
33,4439,-17,25947,1,689273,-19,18777,-0,002766538,0,9994256,-0,0009107091,-0,03376253,0,0,0,0,0,0,0,0,0,0,0,0,0,0,0,0,0,0,0,0,0,0,1,1,1,False
33,45059,-17,25905,1,690031,-19,1878,-0,002766538,0,9994256,-0,0009107091,-0,03376253,0,0,0,0,0,0,0,0,0,0,0,0,0,0,0,0,0,0,0,0,0,0,1,1,1,False
33,45653,-17,25868,1,690698,-19,18783,-0,002766538,0,9994256,-0,0009107091,-0,03376253,0,0,0,0,0,0,0,0,0,0,0,0,0,0,0,0,0,0,0,0,0,0,1,1,1,False
33,46307,-17,25828,1,691425,-19,18786,-0,002766538,0,9994256,-0,0009107091,-0,03376253,0,0,0,0,0,0,0,0,0,0,0,0,0,0,0,0,0,0,0,0,0,0,1,1,1,False
33,47006,-17,25787,1,692193,-19,18789,-0,002766538,0,9994256,-0,0009107091,-0,03376253,0,0,0,0,0,0,0,0,0,0,0,0,0,0,0,0,0,0,0,0,0,0,1,1,1,False
33,47623,-17,2575,1,692864,-19,18791,-0,002766538,0,9994256,-0,0009107091,-0,03376253,0,0,0,0,0,0,0,0,0,0,0,0,0,0,0,0,0,0,0,0,0,0,1,1,1,False
33,48199,-17,25717,1,693484,-19,18794,-0,002766538,0,9994256,-0,0009107091,-0,03376253,0,0,0,0,0,0,0,0,0,0,0,0,0,0,0,0,0,0,0,0,0,0,1,1,1,False
33,48893,-17,25677,1,694222,-19,18796,-0,002766538,0,9994256,-0,0009107091,-0,03376253,0,0,0,0,0,0,0,0,0,0,0,0,0,0,0,0,0,0,0,0,0,0,1,1,1,False
33,49514,-17,25643,1,694874,-19,18799,-0,002766538,0,9994256,-0,0009107091,-0,03376253,0,0,0,0,0,0,0,0,0,0,0,0,0,0,0,0,0,0,0,0,0,0,1,1,1,False
33,50147,-17,25608,1,695532,-19,18801,-0,002766538,0,9994256,-0,0009107091,-0,03376253,0,0,0,0,0,0,0,0,0,0,0,0,0,0,0,0,0,0,0,0,0,0,1,1,1,False
33,50904,-17,25568,1,696306,-19,18804,-0,002766538,0,9994256,-0,0009107091,-0,03376253,0,0,0,0,0,0,0,0,0,0,0,0,0,0,0,0,0,0,0,0,0,0,1,1,1,False
33,5159,-17,25532,1,696998,-19,18807,-0,002766538,0,9994256,-0,0009107091,-0,03376253,0,0,0,0,0,0,0,0,0,0,0,0,0,0,0,0,0,0,0,0,0,0,1,1,1,False
33,52183,-17,25501,1,697587,-19,18809,-0,002766538,0,9994256,-0,0009107091,-0,03376253,0,0,0,0,0,0,0,0,0,0,0,0,0,0,0,0,0,0,0,0,0,0,1,1,1,False
33,52866,-17,25467,1,698257,-19,18811,-0,002766538,0,9994256,-0,0009107091,-0,03376253,0,0,0,0,0,0,0,0,0,0,0,0,0,0,0,0,0,0,0,0,0,0,1,1,1,False
33,53548,-17,25434,1,698915,-19,18814,-0,002766538,0,9994256,-0,0009107091,-0,03376253,0,0,0,0,0,0,0,0,0,0,0,0,0,0,0,0,0,0,0,0,0,0,1,1,1,False
33,54169,-17,25404,1,699505,-19,18816,-0,002766538,0,9994256,-0,0009107091,-0,03376253,0,0,0,0,0,0,0,0,0,0,0,0,0,0,0,0,0,0,0,0,0,0,1,1,1,False
33,54835,-17,25373,1,700127,-19,18818,-0,002766538,0,9994256,-0,0009107091,-0,03376253,0,0,0,0,0,0,0,0,0,0,0,0,0,0,0,0,0,0,0,0,0,0,1,1,1,False
33,55425,-17,25346,1,70067,-19,1882,-0,002766538,0,9994256,-0,0009107091,-0,03376253,0,0,0,0,0,0,0,0,0,0,0,0,0,0,0,0,0,0,0,0,0,0,1,1,1,False
33,56078,-17,25317,1,70126,-19,18822,-0,002766538,0,9994256,-0,0009107091,-0,03376253,0,0,0,0,0,0,0,0,0,0,0,0,0,0,0,0,0,0,0,0,0,0,1,1,1,False
33,56857,-17,25283,1,701952,-19,18825,-0,002766538,0,9994256,-0,0009107091,-0,03376253,0,0,0,0,0,0,0,0,0,0,0,0,0,0,0,0,0,0,0,0,0,0,1,1,1,False
33,57463,-17,25257,1,702479,-19,18826,-0,002766538,0,9994256,-0,0009107091,-0,03376253,0,0,0,0,0,0,0,0,0,0,0,0,0,0,0,0,0,0,0,0,0,0,1,1,1,False
33,58139,-17,2523,1,703055,-19,18829,-0,002766538,0,9994256,-0,0009107091,-0,03376253,0,0,0,0,0,0,0,0,0,0,0,0,0,0,0,0,0,0,0,0,0,0,1,1,1,False
33,5886,-17,25201,1,703657,-19,1883,-0,002766538,0,9994256,-0,0009107091,-0,03376253,0,0,0,0,0,0,0,0,0,0,0,0,0,0,0,0,0,0,0,0,0,0,1,1,1,False
33,59527,-17,25175,1,704202,-19,18832,-0,002766538,0,9994256,-0,0009107091,-0,03376253,0,0,0,0,0,0,0,0,0,0,0,0,0,0,0,0,0,0,0,0,0,0,1,1,1,False
33,60188,-17,25151,1,704731,-19,18834,-0,002766538,0,9994256,-0,0009107091,-0,03376253,0,0,0,0,0,0,0,0,0,0,0,0,0,0,0,0,0,0,0,0,0,0,1,1,1,False
33,60998,-17,25122,1,705362,-19,18836,-0,002766538,0,9994256,-0,0009107091,-0,03376253,0,0,0,0,0,0,0,0,0,0,0,0,0,0,0,0,0,0,0,0,0,0,1,1,1,False
33,61649,-17,25099,1,705857,-19,18838,-0,002766538,0,9994256,-0,0009107091,-0,03376253,0,0,0,0,0,0,0,0,0,0,0,0,0,0,0,0,0,0,0,0,0,0,1,1,1,False
33,62313,-17,25077,1,706348,-19,18839,-0,002766538,0,9994256,-0,0009107091,-0,03376253,0,0,0,0,0,0,0,0,0,0,0,0,0,0,0,0,0,0,0,0,0,0,1,1,1,False
33,63029,-17,25054,1,706866,-19,18841,-0,002766538,0,9994256,-0,0009107091,-0,03376253,0,0,0,0,0,0,0,0,0,0,0,0,0,0,0,0,0,0,0,0,0,0,1,1,1,False
33,63692,-17,25034,1,707331,-19,18843,-0,002766538,0,9994256,-0,0009107091,-0,03376253,0,0,0,0,0,0,0,0,0,0,0,0,0,0,0,0,0,0,0,0,0,0,1,1,1,False
33,64294,-17,25016,1,707743,-19,18844,-0,002766538,0,9994256,-0,0009107091,-0,03376253,0,0,0,0,0,0,0,0,0,0,0,0,0,0,0,0,0,0,0,0,0,0,1,1,1,False
33,65027,-17,24995,1,70823,-19,18845,-0,002766538,0,9994256,-0,0009107091,-0,03376253,0,0,0,0,0,0,0,0,0,0,0,0,0,0,0,0,0,0,0,0,0,0,1,1,1,False
33,65687,-17,24978,1,708655,-19,18847,-0,002766538,0,9994256,-0,0009107091,-0,03376253,0,0,0,0,0,0,0,0,0,0,0,0,0,0,0,0,0,0,0,0,0,0,1,1,1,False
33,66365,-17,2496,1,709079,-19,18848,-0,002766538,0,9994256,-0,0009107091,-0,03376253,0,0,0,0,0,0,0,0,0,0,0,0,0,0,0,0,0,0,0,0,0,0,1,1,1,False
33,67109,-17,24942,1,709527,-19,18849,-0,002766538,0,9994256,-0,0009107091,-0,03376253,0,0,0,0,0,0,0,0,0,0,0,0,0,0,0,0,0,0,0,0,0,0,1,1,1,False
33,67824,-17,24926,1,709943,-19,18851,-0,002766538,0,9994256,-0,0009107091,-0,03376253,0,0,0,0,0,0,0,0,0,0,0,0,0,0,0,0,0,0,0,0,0,0,1,1,1,False
33,68463,-17,24912,1,710301,-19,18851,-0,002766538,0,9994256,-0,0009107091,-0,03376253,0,0,0,0,0,0,0,0,0,0,0,0,0,0,0,0,0,0,0,0,0,0,1,1,1,False
33,69151,-17,24898,1,710673,-19,18852,-0,002766538,0,9994256,-0,0009107091,-0,03376253,0,0,0,0,0,0,0,0,0,0,0,0,0,0,0,0,0,0,0,0,0,0,1,1,1,False
33,69842,-17,24885,1,711031,-19,18853,-0,002766538,0,9994256,-0,0009107091,-0,03376253,0,0,0,0,0,0,0,0,0,0,0,0,0,0,0,0,0,0,0,0,0,0,1,1,1,False
33,7052,-17,24873,1,711369,-19,18854,-0,002766538,0,9994256,-0,0009107091,-0,03376253,0,0,0,0,0,0,0,0,0,0,0,0,0,0,0,0,0,0,0,0,0,0,1,1,1,False
33,7126,-17,24861,1,71172,-19,18855,-0,002766538,0,9994256,-0,0009107091,-0,03376253,0,0,0,0,0,0,0,0,0,0,0,0,0,0,0,0,0,0,0,0,0,0,1,1,1,False
33,71891,-17,24852,1,712006,-19,18856,-0,002766538,0,9994256,-0,0009107091,-0,03376253,0,0,0,0,0,0,0,0,0,0,0,0,0,0,0,0,0,0,0,0,0,0,1,1,1,False
33,72482,-17,24843,1,712263,-19,18856,-0,002766538,0,9994256,-0,0009107091,-0,03376253,0,0,0,0,0,0,0,0,0,0,0,0,0,0,0,0,0,0,0,0,0,0,1,1,1,False
33,73283,-17,24833,1,712593,-19,18857,-0,002766538,0,9994256,-0,0009107091,-0,03376253,0,0,0,0,0,0,0,0,0,0,0,0,0,0,0,0,0,0,0,0,0,0,1,1,1,False
33,73895,-17,24827,1,712831,-19,18858,-0,002766538,0,9994256,-0,0009107091,-0,03376253,0,0,0,0,0,0,0,0,0,0,0,0,0,0,0,0,0,0,0,0,0,0,1,1,1,False
33,74548,-17,24821,1,713071,-19,18858,-0,002766538,0,9994256,-0,0009107091,-0,03376253,0,0,0,0,0,0,0,0,0,0,0,0,0,0,0,0,0,0,0,0,0,0,1,1,1,False
33,75297,-17,24814,1,71333,-19,18859,-0,002766538,0,9994256,-0,0009107091,-0,03376253,0,0,0,0,0,0,0,0,0,0,0,0,0,0,0,0,0,0,0,0,0,0,1,1,1,False
33,7593,-17,2481,1,713534,-19,18859,-0,002766538,0,9994256,-0,0009107091,-0,03376253,0,0,0,0,0,0,0,0,0,0,0,0,0,0,0,0,0,0,0,0,0,0,1,1,1,False
33,76622,-17,24806,1,713742,-19,18859,-0,002766538,0,9994256,-0,0009107091,-0,03376253,0,0,0,0,0,0,0,0,0,0,0,0,0,0,0,0,0,0,0,0,0,0,1,1,1,False
33,77438,-17,24802,1,713968,-19,1886,-0,002766538,0,9994256,-0,0009107091,-0,03376253,0,0,0,0,0,0,0,0,0,0,0,0,0,0,0,0,0,0,0,0,0,0,1,1,1,False
33,78039,-17,24801,1,714119,-19,1886,-0,002766538,0,9994256,-0,0009107091,-0,03376253,0,0,0,0,0,0,0,0,0,0,0,0,0,0,0,0,0,0,0,0,0,0,1,1,1,False
33,78725,-17,248,1,714278,-19,1886,-0,002766538,0,9994256,-0,0009107091,-0,03376253,0,0,0,0,0,0,0,0,0,0,0,0,0,0,0,0,0,0,0,0,0,0,1,1,1,False
33,79313,-17,248,1,714401,-19,1886,-0,002766538,0,9994256,-0,0009107091,-0,03376253,0,0,0,0,0,0,0,0,0,0,0,0,0,0,0,0,0,0,0,0,0,0,1,1,1,False
33,80017,-17,248,1,714534,-19,1886,-0,002766538,0,9994256,-0,0009107091,-0,03376253,0,0,0,0,0,0,0,0,0,0,0,0,0,0,0,0,0,0,0,0,0,0,1,1,1,False
33,80767,-17,24802,1,714657,-19,1886,-0,002766538,0,9994256,-0,0009107091,-0,03376253,0,0,0,0,0,0,0,0,0,0,0,0,0,0,0,0,0,0,0,0,0,0,1,1,1,False
33,81401,-17,24804,1,714746,-19,1886,-0,002766538,0,9994256,-0,0009107091,-0,03376253,0,0,0,0,0,0,0,0,0,0,0,0,0,0,0,0,0,0,0,0,0,0,1,1,1,False
33,81979,-17,24807,1,714815,-19,18859,-0,002766538,0,9994256,-0,0009107091,-0,03376253,0,0,0,0,0,0,0,0,0,0,0,0,0,0,0,0,0,0,0,0,0,0,1,1,1,False
33,82657,-17,24812,1,714882,-19,18859,-0,002766538,0,9994256,-0,0009107091,-0,03376253,0,0,0,0,0,0,0,0,0,0,0,0,0,0,0,0,0,0,0,0,0,0,1,1,1,False
33,8339,-17,24817,1,714937,-19,18859,-0,002766538,0,9994256,-0,0009107091,-0,03376253,0,0,0,0,0,0,0,0,0,0,0,0,0,0,0,0,0,0,0,0,0,0,1,1,1,False
33,84012,-17,24823,1,714969,-19,18858,-0,002766538,0,9994256,-0,0009107091,-0,03376253,0,0,0,0,0,0,0,0,0,0,0,0,0,0,0,0,0,0,0,0,0,0,1,1,1,False
33,84719,-17,2483,1,71499,-19,18858,-0,002766538,0,9994256,-0,0009107091,-0,03376253,0,0,0,0,0,0,0,0,0,0,0,0,0,0,0,0,0,0,0,0,0,0,1,1,1,False
33,8537,-17,24838,1,714994,-19,18857,-0,002766538,0,9994256,-0,0009107091,-0,03376253,0,0,0,0,0,0,0,0,0,0,0,0,0,0,0,0,0,0,0,0,0,0,1,1,1,False
33,86039,-17,24846,1,714984,-19,18857,-0,002766538,0,9994256,-0,0009107091,-0,03376253,0,0,0,0,0,0,0,0,0,0,0,0,0,0,0,0,0,0,0,0,0,0,1,1,1,False
33,86798,-17,24857,1,714953,-19,18856,-0,002766538,0,9994256,-0,0009107091,-0,03376253,0,0,0,0,0,0,0,0,0,0,0,0,0,0,0,0,0,0,0,0,0,0,1,1,1,False
33,87411,-17,24867,1,714914,-19,18855,-0,002766538,0,9994256,-0,0009107091,-0,03376253,0,0,0,0,0,0,0,0,0,0,0,0,0,0,0,0,0,0,0,0,0,0,1,1,1,False
33,88021,-17,24877,1,714863,-19,18855,-0,002766538,0,9994256,-0,0009107091,-0,03376253,0,0,0,0,0,0,0,0,0,0,0,0,0,0,0,0,0,0,0,0,0,0,1,1,1,False
33,8875,-17,2489,1,714785,-19,18854,-0,002766538,0,9994256,-0,0009107091,-0,03376253,0,0,0,0,0,0,0,0,0,0,0,0,0,0,0,0,0,0,0,0,0,0,1,1,1,False
33,89421,-17,24903,1,714698,-19,18853,-0,002766538,0,9994256,-0,0009107091,-0,03376253,0,0,0,0,0,0,0,0,0,0,0,0,0,0,0,0,0,0,0,0,0,0,1,1,1,False
33,90163,-17,24919,1,714583,-19,18852,-0,002766538,0,9994256,-0,0009107091,-0,03376253,0,0,0,0,0,0,0,0,0,0,0,0,0,0,0,0,0,0,0,0,0,0,1,1,1,False
33,90917,-17,24936,1,714448,-19,18851,-0,002766538,0,9994256,-0,0009107091,-0,03376253,0,0,0,0,0,0,0,0,0,0,0,0,0,0,0,0,0,0,0,0,0,0,1,1,1,False
33,91502,-17,24949,1,71433,-19,1885,-0,002766538,0,9994256,-0,0009107091,-0,03376253,0,0,0,0,0,0,0,0,0,0,0,0,0,0,0,0,0,0,0,0,0,0,1,1,1,False
33,92112,-17,24965,1,714195,-19,18849,-0,002766538,0,9994256,-0,0009107091,-0,03376253,0,0,0,0,0,0,0,0,0,0,0,0,0,0,0,0,0,0,0,0,0,0,1,1,1,False
33,92867,-17,24984,1,71401,-19,18847,-0,002766538,0,9994256,-0,0009107091,-0,03376253,0,0,0,0,0,0,0,0,0,0,0,0,0,0,0,0,0,0,0,0,0,0,1,1,1,False
33,93529,-17,25002,1,713833,-19,18846,-0,002766538,0,9994256,-0,0009107091,-0,03376253,0,0,0,0,0,0,0,0,0,0,0,0,0,0,0,0,0,0,0,0,0,0,1,1,1,False
33,94154,-17,2502,1,713652,-19,18845,-0,002766538,0,9994256,-0,0009107091,-0,03376253,0,0,0,0,0,0,0,0,0,0,0,0,0,0,0,0,0,0,0,0,0,0,1,1,1,False
33,94946,-17,25044,1,713404,-19,18843,-0,002766538,0,9994256,-0,0009107091,-0,03376253,0,0,0,0,0,0,0,0,0,0,0,0,0,0,0,0,0,0,0,0,0,0,1,1,1,False
33,95528,-17,25062,1,713209,-19,18842,-0,002766538,0,9994256,-0,0009107091,-0,03376253,0,0,0,0,0,0,0,0,0,0,0,0,0,0,0,0,0,0,0,0,0,0,1,1,1,False
33,96231,-17,25085,1,712958,-19,1884,-0,002766538,0,9994256,-0,0009107091,-0,03376253,0,0,0,0,0,0,0,0,0,0,0,0,0,0,0,0,0,0,0,0,0,0,1,1,1,False
33,96907,-17,25108,1,712702,-19,18839,-0,002766538,0,9994256,-0,0009107091,-0,03376253,0,0,0,0,0,0,0,0,0,0,0,0,0,0,0,0,0,0,0,0,0,0,1,1,1,False
33,97504,-17,25129,1,712463,-19,18837,-0,002766538,0,9994256,-0,0009107091,-0,03376253,0,0,0,0,0,0,0,0,0,0,0,0,0,0,0,0,0,0,0,0,0,0,1,1,1,False
33,98204,-17,25154,1,71217,-19,18835,-0,002766538,0,9994256,-0,0009107091,-0,03376253,0,0,0,0,0,0,0,0,0,0,0,0,0,0,0,0,0,0,0,0,0,0,1,1,1,False
33,98944,-17,25182,1,711841,-19,18834,-0,002766538,0,9994256,-0,0009107091,-0,03376253,0,0,0,0,0,0,0,0,0,0,0,0,0,0,0,0,0,0,0,0,0,0,1,1,1,False
33,9959,-17,25207,1,711541,-19,18832,-0,002766538,0,9994256,-0,0009107091,-0,03376253,0,0,0,0,0,0,0,0,0,0,0,0,0,0,0,0,0,0,0,0,0,0,1,1,1,False
34,00227,-17,25232,1,711231,-19,1883,-0,002766538,0,9994256,-0,0009107091,-0,03376253,0,0,0,0,0,0,0,0,0,0,0,0,0,0,0,0,0,0,0,0,0,0,1,1,1,False
34,01014,-17,25264,1,710832,-19,18828,-0,002766538,0,9994256,-0,0009107091,-0,03376253,0,0,0,0,0,0,0,0,0,0,0,0,0,0,0,0,0,0,0,0,0,0,1,1,1,False
34,01667,-17,25292,1,710485,-19,18826,-0,002766538,0,9994256,-0,0009107091,-0,03376253,0,0,0,0,0,0,0,0,0,0,0,0,0,0,0,0,0,0,0,0,0,0,1,1,1,False
34,02331,-17,25321,1,71012,-19,18824,-0,002766538,0,9994256,-0,0009107091,-0,03376253,0,0,0,0,0,0,0,0,0,0,0,0,0,0,0,0,0,0,0,0,0,0,1,1,1,False
34,03155,-17,25358,1,709647,-19,18821,-0,002766538,0,9994256,-0,0009107091,-0,03376253,0,0,0,0,0,0,0,0,0,0,0,0,0,0,0,0,0,0,0,0,0,0,1,1,1,False
34,03749,-17,25385,1,709294,-19,18819,-0,002766538,0,9994256,-0,0009107091,-0,03376253,0,0,0,0,0,0,0,0,0,0,0,0,0,0,0,0,0,0,0,0,0,0,1,1,1,False
34,04429,-17,25418,1,708876,-19,18817,-0,002766538,0,9994256,-0,0009107091,-0,03376253,0,0,0,0,0,0,0,0,0,0,0,0,0,0,0,0,0,0,0,0,0,0,1,1,1,False
34,05111,-17,25451,1,708444,-19,18815,-0,002766538,0,9994256,-0,0009107091,-0,03376253,0,0,0,0,0,0,0,0,0,0,0,0,0,0,0,0,0,0,0,0,0,0,1,1,1,False
34,05813,-17,25485,1,707984,-19,18812,-0,002766538,0,9994256,-0,0009107091,-0,03376253,0,0,0,0,0,0,0,0,0,0,0,0,0,0,0,0,0,0,0,0,0,0,1,1,1,False
34,06453,-17,25518,1,707553,-19,1881,-0,002766538,0,9994256,-0,0009107091,-0,03376253,0,0,0,0,0,0,0,0,0,0,0,0,0,0,0,0,0,0,0,0,0,0,1,1,1,False
34,07213,-17,25558,1,707025,-19,18807,-0,002766538,0,9994256,-0,0009107091,-0,03376253,0,0,0,0,0,0,0,0,0,0,0,0,0,0,0,0,0,0,0,0,0,0,1,1,1,False
34,07865,-17,25592,1,706559,-19,18805,-0,002766538,0,9994256,-0,0009107091,-0,03376253,0,0,0,0,0,0,0,0,0,0,0,0,0,0,0,0,0,0,0,0,0,0,1,1,1,False
34,08456,-17,25624,1,706125,-19,18802,-0,002766538,0,9994256,-0,0009107091,-0,03376253,0,0,0,0,0,0,0,0,0,0,0,0,0,0,0,0,0,0,0,0,0,0,1,1,1,False
34,09131,-17,25661,1,70562,-19,188,-0,002766538,0,9994256,-0,0009107091,-0,03376253,0,0,0,0,0,0,0,0,0,0,0,0,0,0,0,0,0,0,0,0,0,0,1,1,1,False
34,09723,-17,25695,1,705166,-19,18797,-0,002766538,0,9994256,-0,0009107091,-0,03376253,0,0,0,0,0,0,0,0,0,0,0,0,0,0,0,0,0,0,0,0,0,0,1,1,1,False
34,10437,-17,25736,1,704606,-19,18795,-0,002766538,0,9994256,-0,0009107091,-0,03376253,0,0,0,0,0,0,0,0,0,0,0,0,0,0,0,0,0,0,0,0,0,0,1,1,1,False
34,11179,-17,25779,1,704009,-19,18792,-0,002766538,0,9994256,-0,0009107091,-0,03376253,0,0,0,0,0,0,0,0,0,0,0,0,0,0,0,0,0,0,0,0,0,0,1,1,1,False
34,1176,-17,25814,1,70353,-19,18789,-0,002766538,0,9994256,-0,0009107091,-0,03376253,0,0,0,0,0,0,0,0,0,0,0,0,0,0,0,0,0,0,0,0,0,0,1,1,1,False
34,1237,-17,2585,1,70302,-19,18786,-0,002766538,0,9994256,-0,0009107091,-0,03376253,0,0,0,0,0,0,0,0,0,0,0,0,0,0,0,0,0,0,0,0,0,0,1,1,1,False
34,13049,-17,25892,1,702439,-19,18784,-0,002766538,0,9994256,-0,0009107091,-0,03376253,0,0,0,0,0,0,0,0,0,0,0,0,0,0,0,0,0,0,0,0,0,0,1,1,1,False
34,13674,-17,25931,1,701895,-19,18781,-0,002766538,0,9994256,-0,0009107091,-0,03376253,0,0,0,0,0,0,0,0,0,0,0,0,0,0,0,0,0,0,0,0,0,0,1,1,1,False
34,14255,-17,25968,1,701379,-19,18778,-0,002766538,0,9994256,-0,0009107091,-0,03376253,0,0,0,0,0,0,0,0,0,0,0,0,0,0,0,0,0,0,0,0,0,0,1,1,1,False
34,14972,-17,26014,1,700732,-19,18775,-0,002766538,0,9994256,-0,0009107091,-0,03376253,0,0,0,0,0,0,0,0,0,0,0,0,0,0,0,0,0,0,0,0,0,0,1,1,1,False
34,15576,-17,26054,1,700178,-19,18772,-0,002766538,0,9994256,-0,0009107091,-0,03376253,0,0,0,0,0,0,0,0,0,0,0,0,0,0,0,0,0,0,0,0,0,0,1,1,1,False
34,16167,-17,26093,1,699627,-19,18769,-0,002766538,0,9994256,-0,0009107091,-0,03376253,0,0,0,0,0,0,0,0,0,0,0,0,0,0,0,0,0,0,0,0,0,0,1,1,1,False
34,16894,-17,26142,1,698938,-19,18766,-0,002766538,0,9994256,-0,0009107091,-0,03376253,0,0,0,0,0,0,0,0,0,0,0,0,0,0,0,0,0,0,0,0,0,0,1,1,1,False
34,17495,-17,26183,1,698358,-19,18763,-0,002766538,0,9994256,-0,0009107091,-0,03376253,0,0,0,0,0,0,0,0,0,0,0,0,0,0,0,0,0,0,0,0,0,0,1,1,1,False
34,1807,-17,26222,1,697797,-19,1876,-0,002766538,0,9994256,-0,0009107091,-0,03376253,0,0,0,0,0,0,0,0,0,0,0,0,0,0,0,0,0,0,0,0,0,0,1,1,1,False
34,18784,-17,26272,1,697088,-19,18757,-0,002766538,0,9994256,-0,0009107091,-0,03376253,0,0,0,0,0,0,0,0,0,0,0,0,0,0,0,0,0,0,0,0,0,0,1,1,1,False
34,19385,-17,26315,1,696485,-19,18754,-0,002766538,0,9994256,-0,0009107091,-0,03376253,0,0,0,0,0,0,0,0,0,0,0,0,0,0,0,0,0,0,0,0,0,0,1,1,1,False
34,20032,-17,26361,1,695825,-19,18751,-0,002766538,0,9994256,-0,0009107091,-0,03376253,0,0,0,0,0,0,0,0,0,0,0,0,0,0,0,0,0,0,0,0,0,0,1,1,1,False
34,2071,-17,2641,1,695124,-19,18747,-0,002766538,0,9994256,-0,0009107091,-0,03376253,0,0,0,0,0,0,0,0,0,0,0,0,0,0,0,0,0,0,0,0,0,0,1,1,1,False
34,21357,-17,26458,1,694448,-19,18744,-0,002766538,0,9994256,-0,0009107091,-0,03376253,0,0,0,0,0,0,0,0,0,0,0,0,0,0,0,0,0,0,0,0,0,0,1,1,1,False
34,21955,-17,26502,1,693815,-19,1874,-0,002766538,0,9994256,-0,0009107091,-0,03376253,0,0,0,0,0,0,0,0,0,0,0,0,0,0,0,0,0,0,0,0,0,0,1,1,1,False
34,22548,-17,26547,1,69318,-19,18737,-0,002766538,0,9994256,-0,0009107091,-0,03376253,0,0,0,0,0,0,0,0,0,0,0,0,0,0,0,0,0,0,0,0,0,0,1,1,1,False
34,23277,-17,26602,1,692389,-19,18734,-0,002766538,0,9994256,-0,0009107091,-0,03376253,0,0,0,0,0,0,0,0,0,0,0,0,0,0,0,0,0,0,0,0,0,0,1,1,1,False
34,23865,-17,26648,1,691746,-19,1873,-0,002766538,0,9994256,-0,0009107091,-0,03376253,0,0,0,0,0,0,0,0,0,0,0,0,0,0,0,0,0,0,0,0,0,0,1,1,1,False
34,24472,-17,26694,1,691074,-19,18727,-0,002766538,0,9994256,-0,0009107091,-0,03376253,0,0,0,0,0,0,0,0,0,0,0,0,0,0,0,0,0,0,0,0,0,0,1,1,1,False
34,2515,-17,26748,1,690316,-19,18723,-0,002766538,0,9994256,-0,0009107091,-0,03376253,0,0,0,0,0,0,0,0,0,0,0,0,0,0,0,0,0,0,0,0,0,0,1,1,1,False
34,25719,-17,26793,1,689674,-19,1872,-0,002766538,0,9994256,-0,0009107091,-0,03376253,0,0,0,0,0,0,0,0,0,0,0,0,0,0,0,0,0,0,0,0,0,0,1,1,1,False
34,26378,-17,26845,1,688924,-19,18716,-0,002766538,0,9994256,-0,0009107091,-0,03376253,0,0,0,0,0,0,0,0,0,0,0,0,0,0,0,0,0,0,0,0,0,0,1,1,1,False
34,27041,-17,26898,1,688162,-19,18713,-0,002766538,0,9994256,-0,0009107091,-0,03376253,0,0,0,0,0,0,0,0,0,0,0,0,0,0,0,0,0,0,0,0,0,0,1,1,1,False
34,27636,-17,26947,1,687472,-19,18709,-0,002766538,0,9994256,-0,0009107091,-0,03376253,0,0,0,0,0,0,0,0,0,0,0,0,0,0,0,0,0,0,0,0,0,0,1,1,1,False
34,28279,-17,26999,1,68672,-19,18706,-0,002766538,0,9994256,-0,0009107091,-0,03376253,0,0,0,0,0,0,0,0,0,0,0,0,0,0,0,0,0,0,0,0,0,0,1,1,1,False
34,28982,-17,27058,1,685891,-19,18701,-0,002766538,0,9994256,-0,0009107091,-0,03376253,0,0,0,0,0,0,0,0,0,0,0,0,0,0,0,0,0,0,0,0,0,0,1,1,1,False
34,29596,-17,27109,1,685161,-19,18698,-0,002766538,0,9994256,-0,0009107091,-0,03376253,0,0,0,0,0,0,0,0,0,0,0,0,0,0,0,0,0,0,0,0,0,0,1,1,1,False
34,30195,-17,27159,1,684445,-19,18694,-0,002766538,0,9994256,-0,0009107091,-0,03376253,0,0,0,0,0,0,0,0,0,0,0,0,0,0,0,0,0,0,0,0,0,0,1,1,1,False
34,30902,-17,27219,1,683592,-19,1869,-0,002766538,0,9994256,-0,0009107091,-0,03376253,0,0,0,0,0,0,0,0,0,0,0,0,0,0,0,0,0,0,0,0,0,0,1,1,1,False
34,31548,-17,27274,1,682808,-19,18686,-0,002766538,0,9994256,-0,0009107091,-0,03376253,0,0,0,0,0,0,0,0,0,0,0,0,0,0,0,0,0,0,0,0,0,0,1,1,1,False
34,32127,-17,27324,1,682101,-19,18683,-0,002766538,0,9994256,-0,0009107091,-0,03376253,0,0,0,0,0,0,0,0,0,0,0,0,0,0,0,0,0,0,0,0,0,0,1,1,1,False
34,32809,-17,27383,1,681263,-19,18678,-0,002766538,0,9994256,-0,0009107091,-0,03376253,0,0,0,0,0,0,0,0,0,0,0,0,0,0,0,0,0,0,0,0,0,0,1,1,1,False
34,33378,-17,27433,1,68056,-19,18675,-0,002766538,0,9994256,-0,0009107091,-0,03376253,0,0,0,0,0,0,0,0,0,0,0,0,0,0,0,0,0,0,0,0,0,0,1,1,1,False
34,33975,-17,27485,1,679817,-19,18671,-0,002766538,0,9994256,-0,0009107091,-0,03376253,0,0,0,0,0,0,0,0,0,0,0,0,0,0,0,0,0,0,0,0,0,0,1,1,1,False
34,34551,-17,27536,1,679099,-19,18668,-0,002766538,0,9994256,-0,0009107091,-0,03376253,0,0,0,0,0,0,0,0,0,0,0,0,0,0,0,0,0,0,0,0,0,0,1,1,1,False
34,3523,-17,27596,1,678247,-19,18663,-0,002766538,0,9994256,-0,0009107091,-0,03376253,0,0,0,0,0,0,0,0,0,0,0,0,0,0,0,0,0,0,0,0,0,0,1,1,1,False
34,35804,-17,27647,1,677524,-19,1866,-0,002766538,0,9994256,-0,0009107091,-0,03376253,0,0,0,0,0,0,0,0,0,0,0,0,0,0,0,0,0,0,0,0,0,0,1,1,1,False
34,36441,-17,27705,1,676718,-19,18656,-0,002766538,0,9994256,-0,0009107091,-0,03376253,0,0,0,0,0,0,0,0,0,0,0,0,0,0,0,0,0,0,0,0,0,0,1,1,1,False
34,37171,-17,27771,1,675791,-19,18651,-0,002766538,0,9994256,-0,0009107091,-0,03376253,0,0,0,0,0,0,0,0,0,0,0,0,0,0,0,0,0,0,0,0,0,0,1,1,1,False
34,37857,-17,27833,1,674915,-19,18647,-0,002766538,0,9994256,-0,0009107091,-0,03376253,0,0,0,0,0,0,0,0,0,0,0,0,0,0,0,0,0,0,0,0,0,0,1,1,1,False
34,38426,-17,27885,1,674186,-19,18643,-0,002766538,0,9994256,-0,0009107091,-0,03376253,0,0,0,0,0,0,0,0,0,0,0,0,0,0,0,0,0,0,0,0,0,0,1,1,1,False
34,39134,-17,2795,1,673277,-19,18638,-0,002766538,0,9994256,-0,0009107091,-0,03376253,0,0,0,0,0,0,0,0,0,0,0,0,0,0,0,0,0,0,0,0,0,0,1,1,1,False
34,39695,-17,28002,1,672555,-19,18635,-0,002766538,0,9994256,-0,0009107091,-0,03376253,0,0,0,0,0,0,0,0,0,0,0,0,0,0,0,0,0,0,0,0,0,0,1,1,1,False
34,40321,-17,2806,1,671747,-19,18631,-0,002766538,0,9994256,-0,0009107091,-0,03376253,0,0,0,0,0,0,0,0,0,0,0,0,0,0,0,0,0,0,0,0,0,0,1,1,1,False
34,41014,-17,28125,1,670849,-19,18626,-0,002766538,0,9994256,-0,0009107091,-0,03376253,0,0,0,0,0,0,0,0,0,0,0,0,0,0,0,0,0,0,0,0,0,0,1,1,1,False
34,41613,-17,28181,1,670074,-19,18622,-0,002766538,0,9994256,-0,0009107091,-0,03376253,0,0,0,0,0,0,0,0,0,0,0,0,0,0,0,0,0,0,0,0,0,0,1,1,1,False
34,42208,-17,28237,1,6693,-19,18618,-0,002766538,0,9994256,-0,0009107091,-0,03376253,0,0,0,0,0,0,0,0,0,0,0,0,0,0,0,0,0,0,0,0,0,0,1,1,1,False
34,42884,-17,28301,1,668421,-19,18614,-0,002766538,0,9994256,-0,0009107091,-0,03376253,0,0,0,0,0,0,0,0,0,0,0,0,0,0,0,0,0,0,0,0,0,0,1,1,1,False
34,43463,-17,28356,1,667666,-19,1861,-0,002766538,0,9994256,-0,0009107091,-0,03376253,0,0,0,0,0,0,0,0,0,0,0,0,0,0,0,0,0,0,0,0,0,0,1,1,1,False
34,44052,-17,28412,1,666899,-19,18606,-0,002766538,0,9994256,-0,0009107091,-0,03376253,0,0,0,0,0,0,0,0,0,0,0,0,0,0,0,0,0,0,0,0,0,0,1,1,1,False
34,44695,-17,28473,1,666059,-19,18602,-0,002766538,0,9994256,-0,0009107091,-0,03376253,0,0,0,0,0,0,0,0,0,0,0,0,0,0,0,0,0,0,0,0,0,0,1,1,1,False
34,45343,-17,28535,1,665215,-19,18597,-0,002766538,0,9994256,-0,0009107091,-0,03376253,0,0,0,0,0,0,0,0,0,0,0,0,0,0,0,0,0,0,0,0,0,0,1,1,1,False
34,45946,-17,28593,1,664427,-19,18593,-0,002766538,0,9994256,-0,0009107091,-0,03376253,0,0,0,0,0,0,0,0,0,0,0,0,0,0,0,0,0,0,0,0,0,0,1,1,1,False
34,46548,-17,28651,1,663641,-19,18589,-0,002766538,0,9994256,-0,0009107091,-0,03376253,0,0,0,0,0,0,0,0,0,0,0,0,0,0,0,0,0,0,0,0,0,0,1,1,1,False
34,47202,-17,28715,1,662788,-19,18585,-0,002766538,0,9994256,-0,0009107091,-0,03376253,0,0,0,0,0,0,0,0,0,0,0,0,0,0,0,0,0,0,0,0,0,0,1,1,1,False
34,47786,-17,28771,1,662027,-19,18581,-0,002766538,0,9994256,-0,0009107091,-0,03376253,0,0,0,0,0,0,0,0,0,0,0,0,0,0,0,0,0,0,0,0,0,0,1,1,1,False
34,48399,-17,28831,1,661227,-19,18576,-0,002766538,0,9994256,-0,0009107091,-0,03376253,0,0,0,0,0,0,0,0,0,0,0,0,0,0,0,0,0,0,0,0,0,0,1,1,1,False
34,49072,-17,28896,1,660352,-19,18572,-0,002766538,0,9994256,-0,0009107091,-0,03376253,0,0,0,0,0,0,0,0,0,0,0,0,0,0,0,0,0,0,0,0,0,0,1,1,1,False
34,49667,-17,28955,1,659579,-19,18568,-0,002766538,0,9994256,-0,0009107091,-0,03376253,0,0,0,0,0,0,0,0,0,0,0,0,0,0,0,0,0,0,0,0,0,0,1,1,1,False
34,50261,-17,29013,1,658809,-19,18564,-0,002766538,0,9994256,-0,0009107091,-0,03376253,0,0,0,0,0,0,0,0,0,0,0,0,0,0,0,0,0,0,0,0,0,0,1,1,1,False
34,50956,-17,29081,1,657908,-19,18559,-0,002766538,0,9994256,-0,0009107091,-0,03376253,0,0,0,0,0,0,0,0,0,0,0,0,0,0,0,0,0,0,0,0,0,0,1,1,1,False
34,51558,-17,2914,1,657131,-19,18555,-0,002766538,0,9994256,-0,0009107091,-0,03376253,0,0,0,0,0,0,0,0,0,0,0,0,0,0,0,0,0,0,0,0,0,0,1,1,1,False
34,52137,-17,29197,1,656384,-19,18551,-0,002766538,0,9994256,-0,0009107091,-0,03376253,0,0,0,0,0,0,0,0,0,0,0,0,0,0,0,0,0,0,0,0,0,0,1,1,1,False
34,5283,-17,29265,1,655494,-19,18546,-0,002766538,0,9994256,-0,0009107091,-0,03376253,0,0,0,0,0,0,0,0,0,0,0,0,0,0,0,0,0,0,0,0,0,0,1,1,1,False
34,534,-17,29321,1,654763,-19,18542,-0,002766538,0,9994256,-0,0009107091,-0,03376253,0,0,0,0,0,0,0,0,0,0,0,0,0,0,0,0,0,0,0,0,0,0,1,1,1,False
34,53997,-17,2938,1,654002,-19,18538,-0,002766538,0,9994256,-0,0009107091,-0,03376253,0,0,0,0,0,0,0,0,0,0,0,0,0,0,0,0,0,0,0,0,0,0,1,1,1,False
34,54586,-17,29438,1,653251,-19,18534,-0,002766538,0,9994256,-0,0009107091,-0,03376253,0,0,0,0,0,0,0,0,0,0,0,0,0,0,0,0,0,0,0,0,0,0,1,1,1,False
34,55246,-17,29504,1,652414,-19,18529,-0,002766538,0,9994256,-0,0009107091,-0,03376253,0,0,0,0,0,0,0,0,0,0,0,0,0,0,0,0,0,0,0,0,0,0,1,1,1,False
34,55825,-17,29561,1,651683,-19,18525,-0,002766538,0,9994256,-0,0009107091,-0,03376253,0,0,0,0,0,0,0,0,0,0,0,0,0,0,0,0,0,0,0,0,0,0,1,1,1,False
34,56399,-17,29618,1,650962,-19,18521,-0,002766538,0,9994256,-0,0009107091,-0,03376253,0,0,0,0,0,0,0,0,0,0,0,0,0,0,0,0,0,0,0,0,0,0,1,1,1,False
34,57014,-17,29679,1,650192,-19,18517,-0,002766538,0,9994256,-0,0009107091,-0,03376253,0,0,0,0,0,0,0,0,0,0,0,0,0,0,0,0,0,0,0,0,0,0,1,1,1,False
34,57599,-17,29737,1,649462,-19,18513,-0,002766538,0,9994256,-0,0009107091,-0,03376253,0,0,0,0,0,0,0,0,0,0,0,0,0,0,0,0,0,0,0,0,0,0,1,1,1,False
34,58157,-17,29792,1,64877,-19,18509,-0,002766538,0,9994256,-0,0009107091,-0,03376253,0,0,0,0,0,0,0,0,0,0,0,0,0,0,0,0,0,0,0,0,0,0,1,1,1,False
34,58818,-17,29857,1,647954,-19,18504,-0,002766538,0,9994256,-0,0009107091,-0,03376253,0,0,0,0,0,0,0,0,0,0,0,0,0,0,0,0,0,0,0,0,0,0,1,1,1,False
34,59395,-17,29915,1,647247,-19,185,-0,002766538,0,9994256,-0,0009107091,-0,03376253,0,0,0,0,0,0,0,0,0,0,0,0,0,0,0,0,0,0,0,0,0,0,1,1,1,False
34,59984,-17,29973,1,646528,-19,18496,-0,002766538,0,9994256,-0,0009107091,-0,03376253,0,0,0,0,0,0,0,0,0,0,0,0,0,0,0,0,0,0,0,0,0,0,1,1,1,False
34,60557,-17,3003,1,645833,-19,18492,-0,002766538,0,9994256,-0,0009107091,-0,03376253,0,0,0,0,0,0,0,0,0,0,0,0,0,0,0,0,0,0,0,0,0,0,1,1,1,False
34,61258,-17,30099,1,644988,-19,18488,-0,002766538,0,9994256,-0,0009107091,-0,03376253,0,0,0,0,0,0,0,0,0,0,0,0,0,0,0,0,0,0,0,0,0,0,1,1,1,False
34,61837,-17,30156,1,644295,-19,18484,-0,002766538,0,9994256,-0,0009107091,-0,03376253,0,0,0,0,0,0,0,0,0,0,0,0,0,0,0,0,0,0,0,0,0,0,1,1,1,False
34,62458,-17,30218,1,643558,-19,18479,-0,002766538,0,9994256,-0,0009107091,-0,03376253,0,0,0,0,0,0,0,0,0,0,0,0,0,0,0,0,0,0,0,0,0,0,1,1,1,False
34,63109,-17,30282,1,642791,-19,18475,-0,002766538,0,9994256,-0,0009107091,-0,03376253,0,0,0,0,0,0,0,0,0,0,0,0,0,0,0,0,0,0,0,0,0,0,1,1,1,False
34,63739,-17,30344,1,642055,-19,1847,-0,002766538,0,9994256,-0,0009107091,-0,03376253,0,0,0,0,0,0,0,0,0,0,0,0,0,0,0,0,0,0,0,0,0,0,1,1,1,False
34,64321,-17,30401,1,641378,-19,18466,-0,002766538,0,9994256,-0,0009107091,-0,03376253,0,0,0,0,0,0,0,0,0,0,0,0,0,0,0,0,0,0,0,0,0,0,1,1,1,False
34,64999,-17,30468,1,640599,-19,18462,-0,002766538,0,9994256,-0,0009107091,-0,03376253,0,0,0,0,0,0,0,0,0,0,0,0,0,0,0,0,0,0,0,0,0,0,1,1,1,False
34,65567,-17,30523,1,639951,-19,18458,-0,002766538,0,9994256,-0,0009107091,-0,03376253,0,0,0,0,0,0,0,0,0,0,0,0,0,0,0,0,0,0,0,0,0,0,1,1,1,False
34,66144,-17,3058,1,639299,-19,18454,-0,002766538,0,9994256,-0,0009107091,-0,03376253,0,0,0,0,0,0,0,0,0,0,0,0,0,0,0,0,0,0,0,0,0,0,1,1,1,False
34,66837,-17,30647,1,638523,-19,18449,-0,002766538,0,9994256,-0,0009107091,-0,03376253,0,0,0,0,0,0,0,0,0,0,0,0,0,0,0,0,0,0,0,0,0,0,1,1,1,False
34,67446,-17,30707,1,637849,-19,18445,-0,002766538,0,9994256,-0,0009107091,-0,03376253,0,0,0,0,0,0,0,0,0,0,0,0,0,0,0,0,0,0,0,0,0,0,1,1,1,False
34,68022,-17,30763,1,637217,-19,18441,-0,002766538,0,9994256,-0,0009107091,-0,03376253,0,0,0,0,0,0,0,0,0,0,0,0,0,0,0,0,0,0,0,0,0,0,1,1,1,False
34,68711,-17,30829,1,636468,-19,18436,-0,002766538,0,9994256,-0,0009107091,-0,03376253,0,0,0,0,0,0,0,0,0,0,0,0,0,0,0,0,0,0,0,0,0,0,1,1,1,False
34,6927,-17,30884,1,635868,-19,18433,-0,002766538,0,9994256,-0,0009107091,-0,03376253,0,0,0,0,0,0,0,0,0,0,0,0,0,0,0,0,0,0,0,0,0,0,1,1,1,False
34,69886,-17,30943,1,635214,-19,18428,-0,002766538,0,9994256,-0,0009107091,-0,03376253,0,0,0,0,0,0,0,0,0,0,0,0,0,0,0,0,0,0,0,0,0,0,1,1,1,False
34,70432,-17,30995,1,634641,-19,18425,-0,002766538,0,9994256,-0,0009107091,-0,03376253,0,0,0,0,0,0,0,0,0,0,0,0,0,0,0,0,0,0,0,0,0,0,1,1,1,False
34,71095,-17,31059,1,633953,-19,1842,-0,002766538,0,9994256,-0,0009107091,-0,03376253,0,0,0,0,0,0,0,0,0,0,0,0,0,0,0,0,0,0,0,0,0,0,1,1,1,False
34,71669,-17,31114,1,633364,-19,18417,-0,002766538,0,9994256,-0,0009107091,-0,03376253,0,0,0,0,0,0,0,0,0,0,0,0,0,0,0,0,0,0,0,0,0,0,1,1,1,False
34,72236,-17,31168,1,632789,-19,18413,-0,002766538,0,9994256,-0,0009107091,-0,03376253,0,0,0,0,0,0,0,0,0,0,0,0,0,0,0,0,0,0,0,0,0,0,1,1,1,False
34,72936,-17,31234,1,632089,-19,18408,-0,002766538,0,9994256,-0,0009107091,-0,03376253,0,0,0,0,0,0,0,0,0,0,0,0,0,0,0,0,0,0,0,0,0,0,1,1,1,False
34,73538,-17,31291,1,631496,-19,18404,-0,002766538,0,9994256,-0,0009107091,-0,03376253,0,0,0,0,0,0,0,0,0,0,0,0,0,0,0,0,0,0,0,0,0,0,1,1,1,False
34,74118,-17,31346,1,630931,-19,184,-0,002766538,0,9994256,-0,0009107091,-0,03376253,0,0,0,0,0,0,0,0,0,0,0,0,0,0,0,0,0,0,0,0,0,0,1,1,1,False
34,74811,-17,31411,1,630269,-19,18396,-0,002766538,0,9994256,-0,0009107091,-0,03376253,0,0,0,0,0,0,0,0,0,0,0,0,0,0,0,0,0,0,0,0,0,0,1,1,1,False
34,75377,-17,31463,1,629734,-19,18392,-0,002766538,0,9994256,-0,0009107091,-0,03376253,0,0,0,0,0,0,0,0,0,0,0,0,0,0,0,0,0,0,0,0,0,0,1,1,1,False
34,75975,-17,31519,1,629179,-19,18388,-0,002766538,0,9994256,-0,0009107091,-0,03376253,0,0,0,0,0,0,0,0,0,0,0,0,0,0,0,0,0,0,0,0,0,0,1,1,1,False
34,76543,-17,31572,1,62866,-19,18385,-0,002766538,0,9994256,-0,0009107091,-0,03376253,0,0,0,0,0,0,0,0,0,0,0,0,0,0,0,0,0,0,0,0,0,0,1,1,1,False
34,77456,-17,31656,1,627841,-19,18379,-0,002766538,0,9994256,-0,0009107091,-0,03376253,0,0,0,0,0,0,0,0,0,0,0,0,0,0,0,0,0,0,0,0,0,0,1,1,1,False
34,78052,-17,3171,1,627317,-19,18375,-0,002766538,0,9994256,-0,0009107091,-0,03376253,0,0,0,0,0,0,0,0,0,0,0,0,0,0,0,0,0,0,0,0,0,0,1,1,1,False
34,78716,-17,3177,1,626745,-19,18371,-0,002766538,0,9994256,-0,0009107091,-0,03376253,0,0,0,0,0,0,0,0,0,0,0,0,0,0,0,0,0,0,0,0,0,0,1,1,1,False
34,79325,-17,31825,1,626229,-19,18367,-0,002766538,0,9994256,-0,0009107091,-0,03376253,0,0,0,0,0,0,0,0,0,0,0,0,0,0,0,0,0,0,0,0,0,0,1,1,1,False
34,79947,-17,31881,1,625713,-19,18363,-0,002766538,0,9994256,-0,0009107091,-0,03376253,0,0,0,0,0,0,0,0,0,0,0,0,0,0,0,0,0,0,0,0,0,0,1,1,1,False
34,80515,-17,31932,1,62525,-19,1836,-0,002766538,0,9994256,-0,0009107091,-0,03376253,0,0,0,0,0,0,0,0,0,0,0,0,0,0,0,0,0,0,0,0,0,0,1,1,1,False
34,81203,-17,31993,1,624702,-19,18355,-0,002766538,0,9994256,-0,0009107091,-0,03376253,0,0,0,0,0,0,0,0,0,0,0,0,0,0,0,0,0,0,0,0,0,0,1,1,1,False
34,81762,-17,32043,1,624265,-19,18352,-0,002766538,0,9994256,-0,0009107091,-0,03376253,0,0,0,0,0,0,0,0,0,0,0,0,0,0,0,0,0,0,0,0,0,0,1,1,1,False
34,82339,-17,32093,1,623824,-19,18348,-0,002766538,0,9994256,-0,0009107091,-0,03376253,0,0,0,0,0,0,0,0,0,0,0,0,0,0,0,0,0,0,0,0,0,0,1,1,1,False
34,82997,-17,32151,1,623331,-19,18344,-0,002766538,0,9994256,-0,0009107091,-0,03376253,0,0,0,0,0,0,0,0,0,0,0,0,0,0,0,0,0,0,0,0,0,0,1,1,1,False
34,83582,-17,32201,1,622905,-19,18341,-0,002766538,0,9994256,-0,0009107091,-0,03376253,0,0,0,0,0,0,0,0,0,0,0,0,0,0,0,0,0,0,0,0,0,0,1,1,1,False
34,84192,-17,32254,1,622468,-19,18337,-0,002766538,0,9994256,-0,0009107091,-0,03376253,0,0,0,0,0,0,0,0,0,0,0,0,0,0,0,0,0,0,0,0,0,0,1,1,1,False
34,84863,-17,32311,1,622001,-19,18333,-0,002766538,0,9994256,-0,0009107091,-0,03376253,0,0,0,0,0,0,0,0,0,0,0,0,0,0,0,0,0,0,0,0,0,0,1,1,1,False
34,8546,-17,32362,1,621597,-19,1833,-0,002766538,0,9994256,-0,0009107091,-0,03376253,0,0,0,0,0,0,0,0,0,0,0,0,0,0,0,0,0,0,0,0,0,0,1,1,1,False
34,86042,-17,32411,1,621213,-19,18326,-0,002766538,0,9994256,-0,0009107091,-0,03376253,0,0,0,0,0,0,0,0,0,0,0,0,0,0,0,0,0,0,0,0,0,0,1,1,1,False
34,86687,-17,32465,1,620798,-19,18323,-0,002766538,0,9994256,-0,0009107091,-0,03376253,0,0,0,0,0,0,0,0,0,0,0,0,0,0,0,0,0,0,0,0,0,0,1,1,1,False
34,87287,-17,32514,1,620424,-19,18319,-0,002766538,0,9994256,-0,0009107091,-0,03376253,0,0,0,0,0,0,0,0,0,0,0,0,0,0,0,0,0,0,0,0,0,0,1,1,1,False
34,87852,-17,32561,1,620082,-19,18316,-0,002766538,0,9994256,-0,0009107091,-0,03376253,0,0,0,0,0,0,0,0,0,0,0,0,0,0,0,0,0,0,0,0,0,0,1,1,1,False
34,88551,-17,32618,1,619671,-19,18312,-0,002766538,0,9994256,-0,0009107091,-0,03376253,0,0,0,0,0,0,0,0,0,0,0,0,0,0,0,0,0,0,0,0,0,0,1,1,1,False
34,8922,-17,32672,1,619292,-19,18308,-0,002766538,0,9994256,-0,0009107091,-0,03376253,0,0,0,0,0,0,0,0,0,0,0,0,0,0,0,0,0,0,0,0,0,0,1,1,1,False
34,89814,-17,32719,1,618967,-19,18305,-0,002766538,0,9994256,-0,0009107091,-0,03376253,0,0,0,0,0,0,0,0,0,0,0,0,0,0,0,0,0,0,0,0,0,0,1,1,1,False
34,90419,-17,32767,1,618648,-19,18302,-0,002766538,0,9994256,-0,0009107091,-0,03376253,0,0,0,0,0,0,0,0,0,0,0,0,0,0,0,0,0,0,0,0,0,0,1,1,1,False
34,911,-17,32821,1,618301,-19,18298,-0,002766538,0,9994256,-0,0009107091,-0,03376253,0,0,0,0,0,0,0,0,0,0,0,0,0,0,0,0,0,0,0,0,0,0,1,1,1,False
34,91655,-17,32864,1,61803,-19,18295,-0,002766538,0,9994256,-0,0009107091,-0,03376253,0,0,0,0,0,0,0,0,0,0,0,0,0,0,0,0,0,0,0,0,0,0,1,1,1,False
34,92216,-17,32907,1,617765,-19,18292,-0,002766538,0,9994256,-0,0009107091,-0,03376253,0,0,0,0,0,0,0,0,0,0,0,0,0,0,0,0,0,0,0,0,0,0,1,1,1,False
34,92872,-17,32957,1,617468,-19,18289,-0,002766538,0,9994256,-0,0009107091,-0,03376253,0,0,0,0,0,0,0,0,0,0,0,0,0,0,0,0,0,0,0,0,0,0,1,1,1,False
34,93472,-17,33002,1,617209,-19,18286,-0,002766538,0,9994256,-0,0009107091,-0,03376253,0,0,0,0,0,0,0,0,0,0,0,0,0,0,0,0,0,0,0,0,0,0,1,1,1,False
34,9404,-17,33045,1,616974,-19,18283,-0,002766538,0,9994256,-0,0009107091,-0,03376253,0,0,0,0,0,0,0,0,0,0,0,0,0,0,0,0,0,0,0,0,0,0,1,1,1,False
34,94719,-17,33095,1,616707,-19,18279,-0,002766538,0,9994256,-0,0009107091,-0,03376253,0,0,0,0,0,0,0,0,0,0,0,0,0,0,0,0,0,0,0,0,0,0,1,1,1,False
34,95273,-17,33136,1,6165,-19,18276,-0,002766538,0,9994256,-0,0009107091,-0,03376253,0,0,0,0,0,0,0,0,0,0,0,0,0,0,0,0,0,0,0,0,0,0,1,1,1,False
34,95851,-17,33178,1,616295,-19,18274,-0,002766538,0,9994256,-0,0009107091,-0,03376253,0,0,0,0,0,0,0,0,0,0,0,0,0,0,0,0,0,0,0,0,0,0,1,1,1,False
34,96492,-17,33223,1,61608,-19,1827,-0,002766538,0,9994256,-0,0009107091,-0,03376253,0,0,0,0,0,0,0,0,0,0,0,0,0,0,0,0,0,0,0,0,0,0,1,1,1,False
34,97158,-17,3327,1,615871,-19,18267,-0,002766538,0,9994256,-0,0009107091,-0,03376253,0,0,0,0,0,0,0,0,0,0,0,0,0,0,0,0,0,0,0,0,0,0,1,1,1,False
34,97742,-17,33311,1,6157,-19,18264,-0,002766538,0,9994256,-0,0009107091,-0,03376253,0,0,0,0,0,0,0,0,0,0,0,0,0,0,0,0,0,0,0,0,0,0,1,1,1,False
34,98342,-17,33352,1,615535,-19,18262,-0,002766538,0,9994256,-0,0009107091,-0,03376253,0,0,0,0,0,0,0,0,0,0,0,0,0,0,0,0,0,0,0,0,0,0,1,1,1,False
34,99025,-17,33399,1,615363,-19,18258,-0,002766538,0,9994256,-0,0009107091,-0,03376253,0,0,0,0,0,0,0,0,0,0,0,0,0,0,0,0,0,0,0,0,0,0,1,1,1,False
34,99633,-17,3344,1,615223,-19,18256,-0,002766538,0,9994256,-0,0009107091,-0,03376253,0,0,0,0,0,0,0,0,0,0,0,0,0,0,0,0,0,0,0,0,0,0,1,1,1,False
35,00201,-17,33477,1,615103,-19,18253,-0,002766538,0,9994256,-0,0009107091,-0,03376253,0,0,0,0,0,0,0,0,0,0,0,0,0,0,0,0,0,0,0,0,0,0,1,1,1,False
35,00883,-17,33522,1,614973,-19,1825,-0,002766538,0,9994256,-0,0009107091,-0,03376253,0,0,0,0,0,0,0,0,0,0,0,0,0,0,0,0,0,0,0,0,0,0,1,1,1,False
35,01471,-17,3356,1,614874,-19,18247,-0,002766538,0,9994256,-0,0009107091,-0,03376253,0,0,0,0,0,0,0,0,0,0,0,0,0,0,0,0,0,0,0,0,0,0,1,1,1,False
35,0209,-17,33599,1,614782,-19,18245,-0,002766538,0,9994256,-0,0009107091,-0,03376253,0,0,0,0,0,0,0,0,0,0,0,0,0,0,0,0,0,0,0,0,0,0,1,1,1,False
35,0276,-17,33641,1,614697,-19,18242,-0,002766538,0,9994256,-0,0009107091,-0,03376253,0,0,0,0,0,0,0,0,0,0,0,0,0,0,0,0,0,0,0,0,0,0,1,1,1,False
35,03347,-17,33677,1,614635,-19,18239,-0,002766538,0,9994256,-0,0009107091,-0,03376253,0,0,0,0,0,0,0,0,0,0,0,0,0,0,0,0,0,0,0,0,0,0,1,1,1,False
35,0396,-17,33714,1,614583,-19,18237,-0,002766538,0,9994256,-0,0009107091,-0,03376253,0,0,0,0,0,0,0,0,0,0,0,0,0,0,0,0,0,0,0,0,0,0,1,1,1,False
35,04558,-17,3375,1,614544,-19,18234,-0,002766538,0,9994256,-0,0009107091,-0,03376253,0,0,0,0,0,0,0,0,0,0,0,0,0,0,0,0,0,0,0,0,0,0,1,1,1,False
35,05235,-17,33789,1,614515,-19,18232,-0,002766538,0,9994256,-0,0009107091,-0,03376253,0,0,0,0,0,0,0,0,0,0,0,0,0,0,0,0,0,0,0,0,0,0,1,1,1,False
35,05807,-17,33822,1,614502,-19,18229,-0,002766538,0,9994256,-0,0009107091,-0,03376253,0,0,0,0,0,0,0,0,0,0,0,0,0,0,0,0,0,0,0,0,0,0,1,1,1,False
35,06348,-17,33853,1,6145,-19,18227,-0,002766538,0,9994256,-0,0009107091,-0,03376253,0,0,0,0,0,0,0,0,0,0,0,0,0,0,0,0,0,0,0,0,0,0,1,1,1,False
35,06997,-17,33889,1,614511,-19,18225,-0,002766538,0,9994256,-0,0009107091,-0,03376253,0,0,0,0,0,0,0,0,0,0,0,0,0,0,0,0,0,0,0,0,0,0,1,1,1,False
35,07535,-17,33919,1,614531,-19,18223,-0,002766538,0,9994256,-0,0009107091,-0,03376253,0,0,0,0,0,0,0,0,0,0,0,0,0,0,0,0,0,0,0,0,0,0,1,1,1,False
35,0812,-17,3395,1,614564,-19,18221,-0,002766538,0,9994256,-0,0009107091,-0,03376253,0,0,0,0,0,0,0,0,0,0,0,0,0,0,0,0,0,0,0,0,0,0,1,1,1,False
35,08801,-17,33986,1,614617,-19,18218,-0,002766538,0,9994256,-0,0009107091,-0,03376253,0,0,0,0,0,0,0,0,0,0,0,0,0,0,0,0,0,0,0,0,0,0,1,1,1,False
35,0937,-17,34015,1,614673,-19,18217,-0,002766538,0,9994256,-0,0009107091,-0,03376253,0,0,0,0,0,0,0,0,0,0,0,0,0,0,0,0,0,0,0,0,0,0,1,1,1,False
35,09911,-17,34043,1,614736,-19,18215,-0,002766538,0,9994256,-0,0009107091,-0,03376253,0,0,0,0,0,0,0,0,0,0,0,0,0,0,0,0,0,0,0,0,0,0,1,1,1,False
35,1047,-17,34071,1,614812,-19,18213,-0,002766538,0,9994256,-0,0009107091,-0,03376253,0,0,0,0,0,0,0,0,0,0,0,0,0,0,0,0,0,0,0,0,0,0,1,1,1,False
35,111,-17,34101,1,614911,-19,18211,-0,002766538,0,9994256,-0,0009107091,-0,03376253,0,0,0,0,0,0,0,0,0,0,0,0,0,0,0,0,0,0,0,0,0,0,1,1,1,False
35,11679,-17,34129,1,615012,-19,18209,-0,002766538,0,9994256,-0,0009107091,-0,03376253,0,0,0,0,0,0,0,0,0,0,0,0,0,0,0,0,0,0,0,0,0,0,1,1,1,False
35,12259,-17,34156,1,615126,-19,18207,-0,002766538,0,9994256,-0,0009107091,-0,03376253,0,0,0,0,0,0,0,0,0,0,0,0,0,0,0,0,0,0,0,0,0,0,1,1,1,False
35,12912,-17,34186,1,615267,-19,18205,-0,002766538,0,9994256,-0,0009107091,-0,03376253,0,0,0,0,0,0,0,0,0,0,0,0,0,0,0,0,0,0,0,0,0,0,1,1,1,False
35,13513,-17,34213,1,61541,-19,18203,-0,002766538,0,9994256,-0,0009107091,-0,03376253,0,0,0,0,0,0,0,0,0,0,0,0,0,0,0,0,0,0,0,0,0,0,1,1,1,False
35,14098,-17,34238,1,61556,-19,18202,-0,002766538,0,9994256,-0,0009107091,-0,03376253,0,0,0,0,0,0,0,0,0,0,0,0,0,0,0,0,0,0,0,0,0,0,1,1,1,False
35,14746,-17,34266,1,61574,-19,182,-0,002766538,0,9994256,-0,0009107091,-0,03376253,0,0,0,0,0,0,0,0,0,0,0,0,0,0,0,0,0,0,0,0,0,0,1,1,1,False
35,15318,-17,34289,1,61591,-19,18198,-0,002766538,0,9994256,-0,0009107091,-0,03376253,0,0,0,0,0,0,0,0,0,0,0,0,0,0,0,0,0,0,0,0,0,0,1,1,1,False
35,15866,-17,34311,1,616083,-19,18197,-0,002766538,0,9994256,-0,0009107091,-0,03376253,0,0,0,0,0,0,0,0,0,0,0,0,0,0,0,0,0,0,0,0,0,0,1,1,1,False
35,16438,-17,34334,1,616274,-19,18195,-0,002766538,0,9994256,-0,0009107091,-0,03376253,0,0,0,0,0,0,0,0,0,0,0,0,0,0,0,0,0,0,0,0,0,0,1,1,1,False
35,17071,-17,34358,1,616498,-19,18194,-0,002766538,0,9994256,-0,0009107091,-0,03376253,0,0,0,0,0,0,0,0,0,0,0,0,0,0,0,0,0,0,0,0,0,0,1,1,1,False
35,17616,-17,34378,1,616702,-19,18192,-0,002766538,0,9994256,-0,0009107091,-0,03376253,0,0,0,0,0,0,0,0,0,0,0,0,0,0,0,0,0,0,0,0,0,0,1,1,1,False
35,1819,-17,34399,1,616927,-19,18191,-0,002766538,0,9994256,-0,0009107091,-0,03376253,0,0,0,0,0,0,0,0,0,0,0,0,0,0,0,0,0,0,0,0,0,0,1,1,1,False
35,18811,-17,34421,1,617182,-19,1819,-0,002766538,0,9994256,-0,0009107091,-0,03376253,0,0,0,0,0,0,0,0,0,0,0,0,0,0,0,0,0,0,0,0,0,0,1,1,1,False
35,19361,-17,34439,1,617417,-19,18188,-0,002766538,0,9994256,-0,0009107091,-0,03376253,0,0,0,0,0,0,0,0,0,0,0,0,0,0,0,0,0,0,0,0,0,0,1,1,1,False
35,19969,-17,34459,1,61769,-19,18187,-0,002766538,0,9994256,-0,0009107091,-0,03376253,0,0,0,0,0,0,0,0,0,0,0,0,0,0,0,0,0,0,0,0,0,0,1,1,1,False
35,20555,-17,34478,1,617964,-19,18186,-0,002766538,0,9994256,-0,0009107091,-0,03376253,0,0,0,0,0,0,0,0,0,0,0,0,0,0,0,0,0,0,0,0,0,0,1,1,1,False
35,21331,-17,34502,1,618342,-19,18184,-0,002766538,0,9994256,-0,0009107091,-0,03376253,0,0,0,0,0,0,0,0,0,0,0,0,0,0,0,0,0,0,0,0,0,0,1,1,1,False
35,21904,-17,34518,1,618634,-19,18183,-0,002766538,0,9994256,-0,0009107091,-0,03376253,0,0,0,0,0,0,0,0,0,0,0,0,0,0,0,0,0,0,0,0,0,0,1,1,1,False
35,22529,-17,34536,1,618964,-19,18182,-0,002766538,0,9994256,-0,0009107091,-0,03376253,0,0,0,0,0,0,0,0,0,0,0,0,0,0,0,0,0,0,0,0,0,0,1,1,1,False
35,2324,-17,34555,1,619354,-19,18181,-0,002766538,0,9994256,-0,0009107091,-0,03376253,0,0,0,0,0,0,0,0,0,0,0,0,0,0,0,0,0,0,0,0,0,0,1,1,1,False
35,23854,-17,34571,1,619704,-19,1818,-0,002766538,0,9994256,-0,0009107091,-0,03376253,0,0,0,0,0,0,0,0,0,0,0,0,0,0,0,0,0,0,0,0,0,0,1,1,1,False
35,24505,-17,34586,1,620086,-19,18179,-0,002766538,0,9994256,-0,0009107091,-0,03376253,0,0,0,0,0,0,0,0,0,0,0,0,0,0,0,0,0,0,0,0,0,0,1,1,1,False
35,25265,-17,34604,1,620549,-19,18178,-0,002766538,0,9994256,-0,0009107091,-0,03376253,0,0,0,0,0,0,0,0,0,0,0,0,0,0,0,0,0,0,0,0,0,0,1,1,1,False
35,25817,-17,34616,1,620896,-19,18177,-0,002766538,0,9994256,-0,0009107091,-0,03376253,0,0,0,0,0,0,0,0,0,0,0,0,0,0,0,0,0,0,0,0,0,0,1,1,1,False
35,26407,-17,34628,1,621277,-19,18176,-0,002766538,0,9994256,-0,0009107091,-0,03376253,0,0,0,0,0,0,0,0,0,0,0,0,0,0,0,0,0,0,0,0,0,0,1,1,1,False
35,2709,-17,34641,1,621731,-19,18176,-0,002766538,0,9994256,-0,0009107091,-0,03376253,0,0,0,0,0,0,0,0,0,0,0,0,0,0,0,0,0,0,0,0,0,0,1,1,1,False
35,27658,-17,34651,1,622118,-19,18175,-0,002766538,0,9994256,-0,0009107091,-0,03376253,0,0,0,0,0,0,0,0,0,0,0,0,0,0,0,0,0,0,0,0,0,0,1,1,1,False
35,28209,-17,34661,1,622503,-19,18174,-0,002766538,0,9994256,-0,0009107091,-0,03376253,0,0,0,0,0,0,0,0,0,0,0,0,0,0,0,0,0,0,0,0,0,0,1,1,1,False
35,28914,-17,34672,1,623008,-19,18174,-0,002766538,0,9994256,-0,0009107091,-0,03376253,0,0,0,0,0,0,0,0,0,0,0,0,0,0,0,0,0,0,0,0,0,0,1,1,1,False
35,29527,-17,34681,1,623459,-19,18173,-0,002766538,0,9994256,-0,0009107091,-0,03376253,0,0,0,0,0,0,0,0,0,0,0,0,0,0,0,0,0,0,0,0,0,0,1,1,1,False
35,30119,-17,34688,1,623904,-19,18173,-0,002766538,0,9994256,-0,0009107091,-0,03376253,0,0,0,0,0,0,0,0,0,0,0,0,0,0,0,0,0,0,0,0,0,0,1,1,1,False
35,30829,-17,34697,1,62445,-19,18172,-0,002766538,0,9994256,-0,0009107091,-0,03376253,0,0,0,0,0,0,0,0,0,0,0,0,0,0,0,0,0,0,0,0,0,0,1,1,1,False
35,3144,-17,34703,1,624931,-19,18172,-0,002766538,0,9994256,-0,0009107091,-0,03376253,0,0,0,0,0,0,0,0,0,0,0,0,0,0,0,0,0,0,0,0,0,0,1,1,1,False
35,32064,-17,34709,1,625433,-19,18172,-0,002766538,0,9994256,-0,0009107091,-0,03376253,0,0,0,0,0,0,0,0,0,0,0,0,0,0,0,0,0,0,0,0,0,0,1,1,1,False
35,32792,-17,34715,1,626031,-19,18172,-0,002766538,0,9994256,-0,0009107091,-0,03376253,0,0,0,0,0,0,0,0,0,0,0,0,0,0,0,0,0,0,0,0,0,0,1,1,1,False
35,33364,-17,34719,1,626511,-19,18171,-0,002766538,0,9994256,-0,0009107091,-0,03376253,0,0,0,0,0,0,0,0,0,0,0,0,0,0,0,0,0,0,0,0,0,0,1,1,1,False
35,33958,-17,34723,1,627018,-19,18171,-0,002766538,0,9994256,-0,0009107091,-0,03376253,0,0,0,0,0,0,0,0,0,0,0,0,0,0,0,0,0,0,0,0,0,0,1,1,1,False
35,34515,-17,34725,1,627502,-19,18171,-0,002766538,0,9994256,-0,0009107091,-0,03376253,0,0,0,0,0,0,0,0,0,0,0,0,0,0,0,0,0,0,0,0,0,0,1,1,1,False
35,35219,-17,34727,1,628125,-19,18171,-0,002766538,0,9994256,-0,0009107091,-0,03376253,0,0,0,0,0,0,0,0,0,0,0,0,0,0,0,0,0,0,0,0,0,0,1,1,1,False
35,35829,-17,34729,1,628674,-19,18171,-0,002766538,0,9994256,-0,0009107091,-0,03376253,0,0,0,0,0,0,0,0,0,0,0,0,0,0,0,0,0,0,0,0,0,0,1,1,1,False
35,36394,-17,34729,1,629191,-19,18171,-0,002766538,0,9994256,-0,0009107091,-0,03376253,0,0,0,0,0,0,0,0,0,0,0,0,0,0,0,0,0,0,0,0,0,0,1,1,1,False
35,37055,-17,34729,1,629805,-19,18171,-0,002766538,0,9994256,-0,0009107091,-0,03376253,0,0,0,0,0,0,0,0,0,0,0,0,0,0,0,0,0,0,0,0,0,0,1,1,1,False
35,3768,-17,34728,1,630396,-19,18172,-0,002766538,0,9994256,-0,0009107091,-0,03376253,0,0,0,0,0,0,0,0,0,0,0,0,0,0,0,0,0,0,0,0,0,0,1,1,1,False
35,38293,-17,34726,1,630983,-19,18172,-0,002766538,0,9994256,-0,0009107091,-0,03376253,0,0,0,0,0,0,0,0,0,0,0,0,0,0,0,0,0,0,0,0,0,0,1,1,1,False
35,38998,-17,34723,1,63167,-19,18172,-0,002766538,0,9994256,-0,0009107091,-0,03376253,0,0,0,0,0,0,0,0,0,0,0,0,0,0,0,0,0,0,0,0,0,0,1,1,1,False
35,39606,-17,3472,1,632271,-19,18172,-0,002766538,0,9994256,-0,0009107091,-0,03376253,0,0,0,0,0,0,0,0,0,0,0,0,0,0,0,0,0,0,0,0,0,0,1,1,1,False
35,40204,-17,34716,1,632871,-19,18173,-0,002766538,0,9994256,-0,0009107091,-0,03376253,0,0,0,0,0,0,0,0,0,0,0,0,0,0,0,0,0,0,0,0,0,0,1,1,1,False
35,40913,-17,3471,1,633591,-19,18173,-0,002766538,0,9994256,-0,0009107091,-0,03376253,0,0,0,0,0,0,0,0,0,0,0,0,0,0,0,0,0,0,0,0,0,0,1,1,1,False
35,41576,-17,34704,1,634274,-19,18174,-0,002766538,0,9994256,-0,0009107091,-0,03376253,0,0,0,0,0,0,0,0,0,0,0,0,0,0,0,0,0,0,0,0,0,0,1,1,1,False
35,42241,-17,34697,1,634967,-19,18175,-0,002766538,0,9994256,-0,0009107091,-0,03376253,0,0,0,0,0,0,0,0,0,0,0,0,0,0,0,0,0,0,0,0,0,0,1,1,1,False
35,43004,-17,34688,1,635775,-19,18175,-0,002766538,0,9994256,-0,0009107091,-0,03376253,0,0,0,0,0,0,0,0,0,0,0,0,0,0,0,0,0,0,0,0,0,0,1,1,1,False
35,43548,-17,34681,1,636357,-19,18176,-0,002766538,0,9994256,-0,0009107091,-0,03376253,0,0,0,0,0,0,0,0,0,0,0,0,0,0,0,0,0,0,0,0,0,0,1,1,1,False
35,44177,-17,34672,1,637038,-19,18177,-0,002766538,0,9994256,-0,0009107091,-0,03376253,0,0,0,0,0,0,0,0,0,0,0,0,0,0,0,0,0,0,0,0,0,0,1,1,1,False
35,44864,-17,34661,1,63779,-19,18177,-0,002766538,0,9994256,-0,0009107091,-0,03376253,0,0,0,0,0,0,0,0,0,0,0,0,0,0,0,0,0,0,0,0,0,0,1,1,1,False
35,45491,-17,3465,1,638484,-19,18178,-0,002766538,0,9994256,-0,0009107091,-0,03376253,0,0,0,0,0,0,0,0,0,0,0,0,0,0,0,0,0,0,0,0,0,0,1,1,1,False
35,46063,-17,3464,1,639123,-19,18179,-0,002766538,0,9994256,-0,0009107091,-0,03376253,0,0,0,0,0,0,0,0,0,0,0,0,0,0,0,0,0,0,0,0,0,0,1,1,1,False
35,46781,-17,34626,1,639933,-19,1818,-0,002766538,0,9994256,-0,0009107091,-0,03376253,0,0,0,0,0,0,0,0,0,0,0,0,0,0,0,0,0,0,0,0,0,0,1,1,1,False
35,47445,-17,34612,1,640688,-19,18181,-0,002766538,0,9994256,-0,0009107091,-0,03376253,0,0,0,0,0,0,0,0,0,0,0,0,0,0,0,0,0,0,0,0,0,0,1,1,1,False
35,48093,-17,34598,1,641434,-19,18183,-0,002766538,0,9994256,-0,0009107091,-0,03376253,0,0,0,0,0,0,0,0,0,0,0,0,0,0,0,0,0,0,0,0,0,0,1,1,1,False
35,4879,-17,34581,1,642244,-19,18184,-0,002766538,0,9994256,-0,0009107091,-0,03376253,0,0,0,0,0,0,0,0,0,0,0,0,0,0,0,0,0,0,0,0,0,0,1,1,1,False
35,49478,-17,34564,1,64305,-19,18185,-0,002766538,0,9994256,-0,0009107091,-0,03376253,0,0,0,0,0,0,0,0,0,0,0,0,0,0,0,0,0,0,0,0,0,0,1,1,1,False
35,5003,-17,3455,1,643701,-19,18186,-0,002766538,0,9994256,-0,0009107091,-0,03376253,0,0,0,0,0,0,0,0,0,0,0,0,0,0,0,0,0,0,0,0,0,0,1,1,1,False
35,50687,-17,34532,1,644481,-19,18188,-0,002766538,0,9994256,-0,0009107091,-0,03376253,0,0,0,0,0,0,0,0,0,0,0,0,0,0,0,0,0,0,0,0,0,0,1,1,1,False
35,51239,-17,34517,1,645143,-19,18189,-0,002766538,0,9994256,-0,0009107091,-0,03376253,0,0,0,0,0,0,0,0,0,0,0,0,0,0,0,0,0,0,0,0,0,0,1,1,1,False
35,51821,-17,345,1,645844,-19,1819,-0,002766538,0,9994256,-0,0009107091,-0,03376253,0,0,0,0,0,0,0,0,0,0,0,0,0,0,0,0,0,0,0,0,0,0,1,1,1,False
35,52403,-17,34482,1,646549,-19,18191,-0,002766538,0,9994256,-0,0009107091,-0,03376253,0,0,0,0,0,0,0,0,0,0,0,0,0,0,0,0,0,0,0,0,0,0,1,1,1,False
35,53047,-17,34462,1,647335,-19,18193,-0,002766538,0,9994256,-0,0009107091,-0,03376253,0,0,0,0,0,0,0,0,0,0,0,0,0,0,0,0,0,0,0,0,0,0,1,1,1,False
35,53601,-17,34444,1,648013,-19,18194,-0,002766538,0,9994256,-0,0009107091,-0,03376253,0,0,0,0,0,0,0,0,0,0,0,0,0,0,0,0,0,0,0,0,0,0,1,1,1,False
35,5417,-17,34425,1,648715,-19,18196,-0,002766538,0,9994256,-0,0009107091,-0,03376253,0,0,0,0,0,0,0,0,0,0,0,0,0,0,0,0,0,0,0,0,0,0,1,1,1,False
35,54799,-17,34403,1,649494,-19,18197,-0,002766538,0,9994256,-0,0009107091,-0,03376253,0,0,0,0,0,0,0,0,0,0,0,0,0,0,0,0,0,0,0,0,0,0,1,1,1,False
35,55471,-17,34378,1,650333,-19,18199,-0,002766538,0,9994256,-0,0009107091,-0,03376253,0,0,0,0,0,0,0,0,0,0,0,0,0,0,0,0,0,0,0,0,0,0,1,1,1,False
35,56052,-17,34357,1,651059,-19,18201,-0,002766538,0,9994256,-0,0009107091,-0,03376253,0,0,0,0,0,0,0,0,0,0,0,0,0,0,0,0,0,0,0,0,0,0,1,1,1,False
35,56703,-17,34332,1,651878,-19,18203,-0,002766538,0,9994256,-0,0009107091,-0,03376253,0,0,0,0,0,0,0,0,0,0,0,0,0,0,0,0,0,0,0,0,0,0,1,1,1,False
35,57253,-17,3431,1,652572,-19,18204,-0,002766538,0,9994256,-0,0009107091,-0,03376253,0,0,0,0,0,0,0,0,0,0,0,0,0,0,0,0,0,0,0,0,0,0,1,1,1,False
35,57806,-17,34288,1,653273,-19,18206,-0,002766538,0,9994256,-0,0009107091,-0,03376253,0,0,0,0,0,0,0,0,0,0,0,0,0,0,0,0,0,0,0,0,0,0,1,1,1,False
35,58411,-17,34263,1,654041,-19,18208,-0,002766538,0,9994256,-0,0009107091,-0,03376253,0,0,0,0,0,0,0,0,0,0,0,0,0,0,0,0,0,0,0,0,0,0,1,1,1,False
35,59143,-17,34232,1,654976,-19,1821,-0,002766538,0,9994256,-0,0009107091,-0,03376253,0,0,0,0,0,0,0,0,0,0,0,0,0,0,0,0,0,0,0,0,0,0,1,1,1,False
35,59724,-17,34206,1,655719,-19,18212,-0,002766538,0,9994256,-0,0009107091,-0,03376253,0,0,0,0,0,0,0,0,0,0,0,0,0,0,0,0,0,0,0,0,0,0,1,1,1,False
35,60347,-17,34178,1,656519,-19,18214,-0,002766538,0,9994256,-0,0009107091,-0,03376253,0,0,0,0,0,0,0,0,0,0,0,0,0,0,0,0,0,0,0,0,0,0,1,1,1,False
35,61005,-17,34148,1,657367,-19,18216,-0,002766538,0,9994256,-0,0009107091,-0,03376253,0,0,0,0,0,0,0,0,0,0,0,0,0,0,0,0,0,0,0,0,0,0,1,1,1,False
35,61614,-17,34119,1,658153,-19,18218,-0,002766538,0,9994256,-0,0009107091,-0,03376253,0,0,0,0,0,0,0,0,0,0,0,0,0,0,0,0,0,0,0,0,0,0,1,1,1,False
35,62225,-17,3409,1,658942,-19,1822,-0,002766538,0,9994256,-0,0009107091,-0,03376253,0,0,0,0,0,0,0,0,0,0,0,0,0,0,0,0,0,0,0,0,0,0,1,1,1,False
35,62954,-17,34054,1,659888,-19,18223,-0,002766538,0,9994256,-0,0009107091,-0,03376253,0,0,0,0,0,0,0,0,0,0,0,0,0,0,0,0,0,0,0,0,0,0,1,1,1,False
35,63528,-17,34025,1,660634,-19,18225,-0,002766538,0,9994256,-0,0009107091,-0,03376253,0,0,0,0,0,0,0,0,0,0,0,0,0,0,0,0,0,0,0,0,0,0,1,1,1,False
35,64115,-17,33994,1,661397,-19,18227,-0,002766538,0,9994256,-0,0009107091,-0,03376253,0,0,0,0,0,0,0,0,0,0,0,0,0,0,0,0,0,0,0,0,0,0,1,1,1,False
35,64807,-17,33958,1,662297,-19,1823,-0,002766538,0,9994256,-0,0009107091,-0,03376253,0,0,0,0,0,0,0,0,0,0,0,0,0,0,0,0,0,0,0,0,0,0,1,1,1,False
35,65448,-17,33924,1,663131,-19,18233,-0,002766538,0,9994256,-0,0009107091,-0,03376253,0,0,0,0,0,0,0,0,0,0,0,0,0,0,0,0,0,0,0,0,0,0,1,1,1,False
35,66057,-17,3389,1,663925,-19,18235,-0,002766538,0,9994256,-0,0009107091,-0,03376253,0,0,0,0,0,0,0,0,0,0,0,0,0,0,0,0,0,0,0,0,0,0,1,1,1,False
35,66732,-17,33853,1,664805,-19,18237,-0,002766538,0,9994256,-0,0009107091,-0,03376253,0,0,0,0,0,0,0,0,0,0,0,0,0,0,0,0,0,0,0,0,0,0,1,1,1,False
35,67304,-17,3382,1,665551,-19,1824,-0,002766538,0,9994256,-0,0009107091,-0,03376253,0,0,0,0,0,0,0,0,0,0,0,0,0,0,0,0,0,0,0,0,0,0,1,1,1,False
35,6792,-17,33785,1,666353,-19,18242,-0,002766538,0,9994256,-0,0009107091,-0,03376253,0,0,0,0,0,0,0,0,0,0,0,0,0,0,0,0,0,0,0,0,0,0,1,1,1,False
35,68504,-17,3375,1,667112,-19,18245,-0,002766538,0,9994256,-0,0009107091,-0,03376253,0,0,0,0,0,0,0,0,0,0,0,0,0,0,0,0,0,0,0,0,0,0,1,1,1,False
35,69193,-17,33709,1,66801,-19,18248,-0,002766538,0,9994256,-0,0009107091,-0,03376253,0,0,0,0,0,0,0,0,0,0,0,0,0,0,0,0,0,0,0,0,0,0,1,1,1,False
35,6982,-17,33671,1,668824,-19,18251,-0,002766538,0,9994256,-0,0009107091,-0,03376253,0,0,0,0,0,0,0,0,0,0,0,0,0,0,0,0,0,0,0,0,0,0,1,1,1,False
35,70421,-17,33634,1,669604,-19,18253,-0,002766538,0,9994256,-0,0009107091,-0,03376253,0,0,0,0,0,0,0,0,0,0,0,0,0,0,0,0,0,0,0,0,0,0,1,1,1,False
35,7113,-17,3359,1,670522,-19,18257,-0,002766538,0,9994256,-0,0009107091,-0,03376253,0,0,0,0,0,0,0,0,0,0,0,0,0,0,0,0,0,0,0,0,0,0,1,1,1,False
35,71718,-17,33552,1,671283,-19,18259,-0,002766538,0,9994256,-0,0009107091,-0,03376253,0,0,0,0,0,0,0,0,0,0,0,0,0,0,0,0,0,0,0,0,0,0,1,1,1,False
35,72346,-17,33511,1,672093,-19,18262,-0,002766538,0,9994256,-0,0009107091,-0,03376253,0,0,0,0,0,0,0,0,0,0,0,0,0,0,0,0,0,0,0,0,0,0,1,1,1,False
35,73038,-17,33466,1,672982,-19,18265,-0,002766538,0,9994256,-0,0009107091,-0,03376253,0,0,0,0,0,0,0,0,0,0,0,0,0,0,0,0,0,0,0,0,0,0,1,1,1,False
35,73612,-17,33428,1,673719,-19,18268,-0,002766538,0,9994256,-0,0009107091,-0,03376253,0,0,0,0,0,0,0,0,0,0,0,0,0,0,0,0,0,0,0,0,0,0,1,1,1,False
35,74218,-17,33387,1,674494,-19,18271,-0,002766538,0,9994256,-0,0009107091,-0,03376253,0,0,0,0,0,0,0,0,0,0,0,0,0,0,0,0,0,0,0,0,0,0,1,1,1,False
35,74924,-17,33339,1,675395,-19,18274,-0,002766538,0,9994256,-0,0009107091,-0,03376253,0,0,0,0,0,0,0,0,0,0,0,0,0,0,0,0,0,0,0,0,0,0,1,1,1,False
35,75587,-17,33293,1,676237,-19,18278,-0,002766538,0,9994256,-0,0009107091,-0,03376253,0,0,0,0,0,0,0,0,0,0,0,0,0,0,0,0,0,0,0,0,0,0,1,1,1,False
35,76185,-17,3325,1,676993,-19,18281,-0,002766538,0,9994256,-0,0009107091,-0,03376253,0,0,0,0,0,0,0,0,0,0,0,0,0,0,0,0,0,0,0,0,0,0,1,1,1,False
35,7688,-17,33201,1,677869,-19,18284,-0,002766538,0,9994256,-0,0009107091,-0,03376253,0,0,0,0,0,0,0,0,0,0,0,0,0,0,0,0,0,0,0,0,0,0,1,1,1,False
35,77457,-17,33159,1,678593,-19,18287,-0,002766538,0,9994256,-0,0009107091,-0,03376253,0,0,0,0,0,0,0,0,0,0,0,0,0,0,0,0,0,0,0,0,0,0,1,1,1,False
35,78047,-17,33116,1,67933,-19,1829,-0,002766538,0,9994256,-0,0009107091,-0,03376253,0,0,0,0,0,0,0,0,0,0,0,0,0,0,0,0,0,0,0,0,0,0,1,1,1,False
35,78721,-17,33067,1,680167,-19,18294,-0,002766538,0,9994256,-0,0009107091,-0,03376253,0,0,0,0,0,0,0,0,0,0,0,0,0,0,0,0,0,0,0,0,0,0,1,1,1,False
35,79301,-17,33023,1,680883,-19,18297,-0,002766538,0,9994256,-0,0009107091,-0,03376253,0,0,0,0,0,0,0,0,0,0,0,0,0,0,0,0,0,0,0,0,0,0,1,1,1,False
35,79871,-17,32981,1,681584,-19,183,-0,002766538,0,9994256,-0,0009107091,-0,03376253,0,0,0,0,0,0,0,0,0,0,0,0,0,0,0,0,0,0,0,0,0,0,1,1,1,False
35,80476,-17,32935,1,682324,-19,18303,-0,002766538,0,9994256,-0,0009107091,-0,03376253,0,0,0,0,0,0,0,0,0,0,0,0,0,0,0,0,0,0,0,0,0,0,1,1,1,False
35,81135,-17,32884,1,683125,-19,18307,-0,002766538,0,9994256,-0,0009107091,-0,03376253,0,0,0,0,0,0,0,0,0,0,0,0,0,0,0,0,0,0,0,0,0,0,1,1,1,False
35,81772,-17,32834,1,683894,-19,1831,-0,002766538,0,9994256,-0,0009107091,-0,03376253,0,0,0,0,0,0,0,0,0,0,0,0,0,0,0,0,0,0,0,0,0,0,1,1,1,False
35,82422,-17,32783,1,684673,-19,18314,-0,002766538,0,9994256,-0,0009107091,-0,03376253,0,0,0,0,0,0,0,0,0,0,0,0,0,0,0,0,0,0,0,0,0,0,1,1,1,False
35,8314,-17,32726,1,685528,-19,18318,-0,002766538,0,9994256,-0,0009107091,-0,03376253,0,0,0,0,0,0,0,0,0,0,0,0,0,0,0,0,0,0,0,0,0,0,1,1,1,False
35,83699,-17,32682,1,686188,-19,18321,-0,002766538,0,9994256,-0,0009107091,-0,03376253,0,0,0,0,0,0,0,0,0,0,0,0,0,0,0,0,0,0,0,0,0,0,1,1,1,False
35,84269,-17,32636,1,686857,-19,18324,-0,002766538,0,9994256,-0,0009107091,-0,03376253,0,0,0,0,0,0,0,0,0,0,0,0,0,0,0,0,0,0,0,0,0,0,1,1,1,False
35,84954,-17,3258,1,687652,-19,18328,-0,002766538,0,9994256,-0,0009107091,-0,03376253,0,0,0,0,0,0,0,0,0,0,0,0,0,0,0,0,0,0,0,0,0,0,1,1,1,False
35,85534,-17,32532,1,688322,-19,18332,-0,002766538,0,9994256,-0,0009107091,-0,03376253,0,0,0,0,0,0,0,0,0,0,0,0,0,0,0,0,0,0,0,0,0,0,1,1,1,False
35,86134,-17,32483,1,689008,-19,18335,-0,002766538,0,9994256,-0,0009107091,-0,03376253,0,0,0,0,0,0,0,0,0,0,0,0,0,0,0,0,0,0,0,0,0,0,1,1,1,False
35,86803,-17,32427,1,689766,-19,18339,-0,002766538,0,9994256,-0,0009107091,-0,03376253,0,0,0,0,0,0,0,0,0,0,0,0,0,0,0,0,0,0,0,0,0,0,1,1,1,False
35,87377,-17,32378,1,69041,-19,18342,-0,002766538,0,9994256,-0,0009107091,-0,03376253,0,0,0,0,0,0,0,0,0,0,0,0,0,0,0,0,0,0,0,0,0,0,1,1,1,False
35,87991,-17,32326,1,691092,-19,18346,-0,002766538,0,9994256,-0,0009107091,-0,03376253,0,0,0,0,0,0,0,0,0,0,0,0,0,0,0,0,0,0,0,0,0,0,1,1,1,False
35,88562,-17,32277,1,691722,-19,18349,-0,002766538,0,9994256,-0,0009107091,-0,03376253,0,0,0,0,0,0,0,0,0,0,0,0,0,0,0,0,0,0,0,0,0,0,1,1,1,False
35,89266,-17,32217,1,69249,-19,18354,-0,002766538,0,9994256,-0,0009107091,-0,03376253,0,0,0,0,0,0,0,0,0,0,0,0,0,0,0,0,0,0,0,0,0,0,1,1,1,False
35,89859,-17,32165,1,693129,-19,18357,-0,002766538,0,9994256,-0,0009107091,-0,03376253,0,0,0,0,0,0,0,0,0,0,0,0,0,0,0,0,0,0,0,0,0,0,1,1,1,False
35,90481,-17,32111,1,693792,-19,18361,-0,002766538,0,9994256,-0,0009107091,-0,03376253,0,0,0,0,0,0,0,0,0,0,0,0,0,0,0,0,0,0,0,0,0,0,1,1,1,False
35,91165,-17,32051,1,694513,-19,18365,-0,002766538,0,9994256,-0,0009107091,-0,03376253,0,0,0,0,0,0,0,0,0,0,0,0,0,0,0,0,0,0,0,0,0,0,1,1,1,False
35,91746,-17,32,1,695117,-19,18369,-0,002766538,0,9994256,-0,0009107091,-0,03376253,0,0,0,0,0,0,0,0,0,0,0,0,0,0,0,0,0,0,0,0,0,0,1,1,1,False
35,92376,-17,31944,1,695765,-19,18373,-0,002766538,0,9994256,-0,0009107091,-0,03376253,0,0,0,0,0,0,0,0,0,0,0,0,0,0,0,0,0,0,0,0,0,0,1,1,1,False
35,93155,-17,31874,1,696555,-19,18378,-0,002766538,0,9994256,-0,0009107091,-0,03376253,0,0,0,0,0,0,0,0,0,0,0,0,0,0,0,0,0,0,0,0,0,0,1,1,1,False
35,9373,-17,31822,1,697129,-19,18382,-0,002766538,0,9994256,-0,0009107091,-0,03376253,0,0,0,0,0,0,0,0,0,0,0,0,0,0,0,0,0,0,0,0,0,0,1,1,1,False
35,94337,-17,31767,1,697727,-19,18385,-0,002766538,0,9994256,-0,0009107091,-0,03376253,0,0,0,0,0,0,0,0,0,0,0,0,0,0,0,0,0,0,0,0,0,0,1,1,1,False
35,95022,-17,31704,1,698393,-19,1839,-0,002766538,0,9994256,-0,0009107091,-0,03376253,0,0,0,0,0,0,0,0,0,0,0,0,0,0,0,0,0,0,0,0,0,0,1,1,1,False
35,95636,-17,31648,1,698981,-19,18394,-0,002766538,0,9994256,-0,0009107091,-0,03376253,0,0,0,0,0,0,0,0,0,0,0,0,0,0,0,0,0,0,0,0,0,0,1,1,1,False
35,96208,-17,31595,1,699519,-19,18397,-0,002766538,0,9994256,-0,0009107091,-0,03376253,0,0,0,0,0,0,0,0,0,0,0,0,0,0,0,0,0,0,0,0,0,0,1,1,1,False
35,96881,-17,31533,1,700144,-19,18402,-0,002766538,0,9994256,-0,0009107091,-0,03376253,0,0,0,0,0,0,0,0,0,0,0,0,0,0,0,0,0,0,0,0,0,0,1,1,1,False
35,97483,-17,31477,1,700694,-19,18406,-0,002766538,0,9994256,-0,0009107091,-0,03376253,0,0,0,0,0,0,0,0,0,0,0,0,0,0,0,0,0,0,0,0,0,0,1,1,1,False
35,98075,-17,31421,1,701225,-19,18409,-0,002766538,0,9994256,-0,0009107091,-0,03376253,0,0,0,0,0,0,0,0,0,0,0,0,0,0,0,0,0,0,0,0,0,0,1,1,1,False
35,98753,-17,31358,1,701824,-19,18414,-0,002766538,0,9994256,-0,0009107091,-0,03376253,0,0,0,0,0,0,0,0,0,0,0,0,0,0,0,0,0,0,0,0,0,0,1,1,1,False
35,99354,-17,31301,1,702344,-19,18418,-0,002766538,0,9994256,-0,0009107091,-0,03376253,0,0,0,0,0,0,0,0,0,0,0,0,0,0,0,0,0,0,0,0,0,0,1,1,1,False
35,99924,-17,31247,1,702829,-19,18422,-0,002766538,0,9994256,-0,0009107091,-0,03376253,0,0,0,0,0,0,0,0,0,0,0,0,0,0,0,0,0,0,0,0,0,0,1,1,1,False
36,00549,-17,31188,1,703352,-19,18426,-0,002766538,0,9994256,-0,0009107091,-0,03376253,0,0,0,0,0,0,0,0,0,0,0,0,0,0,0,0,0,0,0,0,0,0,1,1,1,False
36,01221,-17,31124,1,703903,-19,1843,-0,002766538,0,9994256,-0,0009107091,-0,03376253,0,0,0,0,0,0,0,0,0,0,0,0,0,0,0,0,0,0,0,0,0,0,1,1,1,False
36,01843,-17,31064,1,704402,-19,18434,-0,002766538,0,9994256,-0,0009107091,-0,03376253,0,0,0,0,0,0,0,0,0,0,0,0,0,0,0,0,0,0,0,0,0,0,1,1,1,False
36,02462,-17,31004,1,704888,-19,18438,-0,002766538,0,9994256,-0,0009107091,-0,03376253,0,0,0,0,0,0,0,0,0,0,0,0,0,0,0,0,0,0,0,0,0,0,1,1,1,False
36,0322,-17,30931,1,70547,-19,18443,-0,002766538,0,9994256,-0,0009107091,-0,03376253,0,0,0,0,0,0,0,0,0,0,0,0,0,0,0,0,0,0,0,0,0,0,1,1,1,False
36,03796,-17,30875,1,705901,-19,18447,-0,002766538,0,9994256,-0,0009107091,-0,03376253,0,0,0,0,0,0,0,0,0,0,0,0,0,0,0,0,0,0,0,0,0,0,1,1,1,False
36,04383,-17,30818,1,706331,-19,18451,-0,002766538,0,9994256,-0,0009107091,-0,03376253,0,0,0,0,0,0,0,0,0,0,0,0,0,0,0,0,0,0,0,0,0,0,1,1,1,False
36,05085,-17,3075,1,706831,-19,18456,-0,002766538,0,9994256,-0,0009107091,-0,03376253,0,0,0,0,0,0,0,0,0,0,0,0,0,0,0,0,0,0,0,0,0,0,1,1,1,False
36,05728,-17,30687,1,707279,-19,1846,-0,002766538,0,9994256,-0,0009107091,-0,03376253,0,0,0,0,0,0,0,0,0,0,0,0,0,0,0,0,0,0,0,0,0,0,1,1,1,False
36,06322,-17,30629,1,707681,-19,18464,-0,002766538,0,9994256,-0,0009107091,-0,03376253,0,0,0,0,0,0,0,0,0,0,0,0,0,0,0,0,0,0,0,0,0,0,1,1,1,False
36,07004,-17,30562,1,70813,-19,18469,-0,002766538,0,9994256,-0,0009107091,-0,03376253,0,0,0,0,0,0,0,0,0,0,0,0,0,0,0,0,0,0,0,0,0,0,1,1,1,False
36,07547,-17,30509,1,708478,-19,18472,-0,002766538,0,9994256,-0,0009107091,-0,03376253,0,0,0,0,0,0,0,0,0,0,0,0,0,0,0,0,0,0,0,0,0,0,1,1,1,False
36,08133,-17,30451,1,708843,-19,18476,-0,002766538,0,9994256,-0,0009107091,-0,03376253,0,0,0,0,0,0,0,0,0,0,0,0,0,0,0,0,0,0,0,0,0,0,1,1,1,False
36,09452,-17,30321,1,709629,-19,18485,-0,002766538,0,9994256,-0,0009107091,-0,03376253,0,0,0,0,0,0,0,0,0,0,0,0,0,0,0,0,0,0,0,0,0,0,1,1,1,False
36,11979,-17,3007,1,710986,-19,18503,-0,002766538,0,9994256,-0,0009107091,-0,03376253,0,0,0,0,0,0,0,0,0,0,0,0,0,0,0,0,0,0,0,0,0,0,1,1,1,False
36,12949,-17,29974,1,711453,-19,18509,-0,002766538,0,9994256,-0,0009107091,-0,03376253,0,0,0,0,0,0,0,0,0,0,0,0,0,0,0,0,0,0,0,0,0,0,1,1,1,False
36,13871,-17,29882,1,711871,-19,18516,-0,002766538,0,9994256,-0,0009107091,-0,03376253,0,0,0,0,0,0,0,0,0,0,0,0,0,0,0,0,0,0,0,0,0,0,1,1,1,False
36,14695,-17,298,1,712221,-19,18521,-0,002766538,0,9994256,-0,0009107091,-0,03376253,0,0,0,0,0,0,0,0,0,0,0,0,0,0,0,0,0,0,0,0,0,0,1,1,1,False
36,1564,-17,29706,1,712595,-19,18528,-0,002766538,0,9994256,-0,0009107091,-0,03376253,0,0,0,0,0,0,0,0,0,0,0,0,0,0,0,0,0,0,0,0,0,0,1,1,1,False
36,16523,-17,29618,1,712919,-19,18534,-0,002766538,0,9994256,-0,0009107091,-0,03376253,0,0,0,0,0,0,0,0,0,0,0,0,0,0,0,0,0,0,0,0,0,0,1,1,1,False
36,17425,-17,29529,1,713224,-19,1854,-0,002766538,0,9994256,-0,0009107091,-0,03376253,0,0,0,0,0,0,0,0,0,0,0,0,0,0,0,0,0,0,0,0,0,0,1,1,1,False
36,18201,-17,29452,1,713464,-19,18545,-0,002766538,0,9994256,-0,0009107091,-0,03376253,0,0,0,0,0,0,0,0,0,0,0,0,0,0,0,0,0,0,0,0,0,0,1,1,1,False
36,19126,-17,2936,1,713725,-19,18551,-0,002766538,0,9994256,-0,0009107091,-0,03376253,0,0,0,0,0,0,0,0,0,0,0,0,0,0,0,0,0,0,0,0,0,0,1,1,1,False
36,19942,-17,29279,1,713932,-19,18557,-0,002766538,0,9994256,-0,0009107091,-0,03376253,0,0,0,0,0,0,0,0,0,0,0,0,0,0,0,0,0,0,0,0,0,0,1,1,1,False
36,20879,-17,29186,1,714142,-19,18563,-0,002766538,0,9994256,-0,0009107091,-0,03376253,0,0,0,0,0,0,0,0,0,0,0,0,0,0,0,0,0,0,0,0,0,0,1,1,1,False
36,21811,-17,29094,1,714322,-19,18569,-0,002766538,0,9994256,-0,0009107091,-0,03376253,0,0,0,0,0,0,0,0,0,0,0,0,0,0,0,0,0,0,0,0,0,0,1,1,1,False
36,2276,-17,29,1,714475,-19,18576,-0,002766538,0,9994256,-0,0009107091,-0,03376253,0,0,0,0,0,0,0,0,0,0,0,0,0,0,0,0,0,0,0,0,0,0,1,1,1,False
36,23719,-17,28906,1,714599,-19,18582,-0,002766538,0,9994256,-0,0009107091,-0,03376253,0,0,0,0,0,0,0,0,0,0,0,0,0,0,0,0,0,0,0,0,0,0,1,1,1,False
36,24548,-17,28825,1,714681,-19,18588,-0,002766538,0,9994256,-0,0009107091,-0,03376253,0,0,0,0,0,0,0,0,0,0,0,0,0,0,0,0,0,0,0,0,0,0,1,1,1,False
36,2556,-17,28726,1,714751,-19,18594,-0,002766538,0,9994256,-0,0009107091,-0,03376253,0,0,0,0,0,0,0,0,0,0,0,0,0,0,0,0,0,0,0,0,0,0,1,1,1,False
36,26393,-17,28645,1,714781,-19,186,-0,002766538,0,9994256,-0,0009107091,-0,03376253,0,0,0,0,0,0,0,0,0,0,0,0,0,0,0,0,0,0,0,0,0,0,1,1,1,False
36,27314,-17,28556,1,714788,-19,18606,-0,002766538,0,9994256,-0,0009107091,-0,03376253,0,0,0,0,0,0,0,0,0,0,0,0,0,0,0,0,0,0,0,0,0,0,1,1,1,False
36,28114,-17,28479,1,714771,-19,18611,-0,002766538,0,9994256,-0,0009107091,-0,03376253,0,0,0,0,0,0,0,0,0,0,0,0,0,0,0,0,0,0,0,0,0,0,1,1,1,False
36,29083,-17,28386,1,71472,-19,18617,-0,002766538,0,9994256,-0,0009107091,-0,03376253,0,0,0,0,0,0,0,0,0,0,0,0,0,0,0,0,0,0,0,0,0,0,1,1,1,False
36,29911,-17,28306,1,714653,-19,18623,-0,002766538,0,9994256,-0,0009107091,-0,03376253,0,0,0,0,0,0,0,0,0,0,0,0,0,0,0,0,0,0,0,0,0,0,1,1,1,False
36,30758,-17,28226,1,714559,-19,18628,-0,002766538,0,9994256,-0,0009107091,-0,03376253,0,0,0,0,0,0,0,0,0,0,0,0,0,0,0,0,0,0,0,0,0,0,1,1,1,False
36,31718,-17,28135,1,714424,-19,18634,-0,002766538,0,9994256,-0,0009107091,-0,03376253,0,0,0,0,0,0,0,0,0,0,0,0,0,0,0,0,0,0,0,0,0,0,1,1,1,False
36,32687,-17,28044,1,714257,-19,1864,-0,002766538,0,9994256,-0,0009107091,-0,03376253,0,0,0,0,0,0,0,0,0,0,0,0,0,0,0,0,0,0,0,0,0,0,1,1,1,False
36,33747,-17,27945,1,714037,-19,18647,-0,002766538,0,9994256,-0,0009107091,-0,03376253,0,0,0,0,0,0,0,0,0,0,0,0,0,0,0,0,0,0,0,0,0,0,1,1,1,False
36,34657,-17,27861,1,713819,-19,18653,-0,002766538,0,9994256,-0,0009107091,-0,03376253,0,0,0,0,0,0,0,0,0,0,0,0,0,0,0,0,0,0,0,0,0,0,1,1,1,False
36,35732,-17,27763,1,713526,-19,18659,-0,002766538,0,9994256,-0,0009107091,-0,03376253,0,0,0,0,0,0,0,0,0,0,0,0,0,0,0,0,0,0,0,0,0,0,1,1,1,False
36,36759,-17,27669,1,71321,-19,18666,-0,002766538,0,9994256,-0,0009107091,-0,03376253,0,0,0,0,0,0,0,0,0,0,0,0,0,0,0,0,0,0,0,0,0,0,1,1,1,False
36,3791,-17,27566,1,712815,-19,18673,-0,002766538,0,9994256,-0,0009107091,-0,03376253,0,0,0,0,0,0,0,0,0,0,0,0,0,0,0,0,0,0,0,0,0,0,1,1,1,False
36,38904,-17,27477,1,71244,-19,18678,-0,002766538,0,9994256,-0,0009107091,-0,03376253,0,0,0,0,0,0,0,0,0,0,0,0,0,0,0,0,0,0,0,0,0,0,1,1,1,False
36,39922,-17,27387,1,712023,-19,18684,-0,002766538,0,9994256,-0,0009107091,-0,03376253,0,0,0,0,0,0,0,0,0,0,0,0,0,0,0,0,0,0,0,0,0,0,1,1,1,False
36,40821,-17,27309,1,711626,-19,1869,-0,002766538,0,9994256,-0,0009107091,-0,03376253,0,0,0,0,0,0,0,0,0,0,0,0,0,0,0,0,0,0,0,0,0,0,1,1,1,False
36,41805,-17,27224,1,711163,-19,18695,-0,002766538,0,9994256,-0,0009107091,-0,03376253,0,0,0,0,0,0,0,0,0,0,0,0,0,0,0,0,0,0,0,0,0,0,1,1,1,False
36,42827,-17,27136,1,710649,-19,18701,-0,002766538,0,9994256,-0,0009107091,-0,03376253,0,0,0,0,0,0,0,0,0,0,0,0,0,0,0,0,0,0,0,0,0,0,1,1,1,False
36,43877,-17,27048,1,710088,-19,18707,-0,002766538,0,9994256,-0,0009107091,-0,03376253,0,0,0,0,0,0,0,0,0,0,0,0,0,0,0,0,0,0,0,0,0,0,1,1,1,False
36,44776,-17,26973,1,709581,-19,18712,-0,002766538,0,9994256,-0,0009107091,-0,03376253,0,0,0,0,0,0,0,0,0,0,0,0,0,0,0,0,0,0,0,0,0,0,1,1,1,False
36,45794,-17,2689,1,708977,-19,18717,-0,002766538,0,9994256,-0,0009107091,-0,03376253,0,0,0,0,0,0,0,0,0,0,0,0,0,0,0,0,0,0,0,0,0,0,1,1,1,False
36,46746,-17,26812,1,708385,-19,18723,-0,002766538,0,9994256,-0,0009107091,-0,03376253,0,0,0,0,0,0,0,0,0,0,0,0,0,0,0,0,0,0,0,0,0,0,1,1,1,False
36,47794,-17,26729,1,707702,-19,18728,-0,002766538,0,9994256,-0,0009107091,-0,03376253,0,0,0,0,0,0,0,0,0,0,0,0,0,0,0,0,0,0,0,0,0,0,1,1,1,False
36,48704,-17,26657,1,707082,-19,18733,-0,002766538,0,9994256,-0,0009107091,-0,03376253,0,0,0,0,0,0,0,0,0,0,0,0,0,0,0,0,0,0,0,0,0,0,1,1,1,False
36,49707,-17,26579,1,706372,-19,18738,-0,002766538,0,9994256,-0,0009107091,-0,03376253,0,0,0,0,0,0,0,0,0,0,0,0,0,0,0,0,0,0,0,0,0,0,1,1,1,False
36,50663,-17,26506,1,70567,-19,18743,-0,002766538,0,9994256,-0,0009107091,-0,03376253,0,0,0,0,0,0,0,0,0,0,0,0,0,0,0,0,0,0,0,0,0,0,1,1,1,False
36,51688,-17,2643,1,704888,-19,18748,-0,002766538,0,9994256,-0,0009107091,-0,03376253,0,0,0,0,0,0,0,0,0,0,0,0,0,0,0,0,0,0,0,0,0,0,1,1,1,False
36,52671,-17,26357,1,704112,-19,18752,-0,002766538,0,9994256,-0,0009107091,-0,03376253,0,0,0,0,0,0,0,0,0,0,0,0,0,0,0,0,0,0,0,0,0,0,1,1,1,False
36,53773,-17,26278,1,703211,-19,18758,-0,002766538,0,9994256,-0,0009107091,-0,03376253,0,0,0,0,0,0,0,0,0,0,0,0,0,0,0,0,0,0,0,0,0,0,1,1,1,False
36,54713,-17,26211,1,702417,-19,18762,-0,002766538,0,9994256,-0,0009107091,-0,03376253,0,0,0,0,0,0,0,0,0,0,0,0,0,0,0,0,0,0,0,0,0,0,1,1,1,False
36,55872,-17,26131,1,701409,-19,18767,-0,002766538,0,9994256,-0,0009107091,-0,03376253,0,0,0,0,0,0,0,0,0,0,0,0,0,0,0,0,0,0,0,0,0,0,1,1,1,False
36,5695,-17,26058,1,70044,-19,18772,-0,002766538,0,9994256,-0,0009107091,-0,03376253,0,0,0,0,0,0,0,0,0,0,0,0,0,0,0,0,0,0,0,0,0,0,1,1,1,False
36,57996,-17,25988,1,699473,-19,18777,-0,002766538,0,9994256,-0,0009107091,-0,03376253,0,0,0,0,0,0,0,0,0,0,0,0,0,0,0,0,0,0,0,0,0,0,1,1,1,False
36,58944,-17,25927,1,698575,-19,18781,-0,002766538,0,9994256,-0,0009107091,-0,03376253,0,0,0,0,0,0,0,0,0,0,0,0,0,0,0,0,0,0,0,0,0,0,1,1,1,False
36,59998,-17,25861,1,697553,-19,18785,-0,002766538,0,9994256,-0,0009107091,-0,03376253,0,0,0,0,0,0,0,0,0,0,0,0,0,0,0,0,0,0,0,0,0,0,1,1,1,False
36,61336,-17,25779,1,696219,-19,1879,-0,002766538,0,9994256,-0,0009107091,-0,03376253,0,0,0,0,0,0,0,0,0,0,0,0,0,0,0,0,0,0,0,0,0,0,1,1,1,False
36,62246,-17,25725,1,69529,-19,18793,-0,002766538,0,9994256,-0,0009107091,-0,03376253,0,0,0,0,0,0,0,0,0,0,0,0,0,0,0,0,0,0,0,0,0,0,1,1,1,False
36,63408,-17,25657,1,69408,-19,18798,-0,002766538,0,9994256,-0,0009107091,-0,03376253,0,0,0,0,0,0,0,0,0,0,0,0,0,0,0,0,0,0,0,0,0,0,1,1,1,False
36,64313,-17,25607,1,693119,-19,18801,-0,002766538,0,9994256,-0,0009107091,-0,03376253,0,0,0,0,0,0,0,0,0,0,0,0,0,0,0,0,0,0,0,0,0,0,1,1,1,False
36,65452,-17,25545,1,691886,-19,18805,-0,002766538,0,9994256,-0,0009107091,-0,03376253,0,0,0,0,0,0,0,0,0,0,0,0,0,0,0,0,0,0,0,0,0,0,1,1,1,False
36,66424,-17,25493,1,690816,-19,18808,-0,002766538,0,9994256,-0,0009107091,-0,03376253,0,0,0,0,0,0,0,0,0,0,0,0,0,0,0,0,0,0,0,0,0,0,1,1,1,False
36,67596,-17,25434,1,689504,-19,18812,-0,002766538,0,9994256,-0,0009107091,-0,03376253,0,0,0,0,0,0,0,0,0,0,0,0,0,0,0,0,0,0,0,0,0,0,1,1,1,False
36,68495,-17,2539,1,688481,-19,18815,-0,002766538,0,9994256,-0,0009107091,-0,03376253,0,0,0,0,0,0,0,0,0,0,0,0,0,0,0,0,0,0,0,0,0,0,1,1,1,False
36,695,-17,25342,1,687323,-19,18818,-0,002766538,0,9994256,-0,0009107091,-0,03376253,0,0,0,0,0,0,0,0,0,0,0,0,0,0,0,0,0,0,0,0,0,0,1,1,1,False
36,70459,-17,25299,1,686203,-19,1882,-0,002766538,0,9994256,-0,0009107091,-0,03376253,0,0,0,0,0,0,0,0,0,0,0,0,0,0,0,0,0,0,0,0,0,0,1,1,1,False
36,71438,-17,25255,1,685046,-19,18823,-0,002766538,0,9994256,-0,0009107091,-0,03376253,0,0,0,0,0,0,0,0,0,0,0,0,0,0,0,0,0,0,0,0,0,0,1,1,1,False
36,72346,-17,25217,1,683962,-19,18826,-0,002766538,0,9994256,-0,0009107091,-0,03376253,0,0,0,0,0,0,0,0,0,0,0,0,0,0,0,0,0,0,0,0,0,0,1,1,1,False
36,7345,-17,25172,1,682628,-19,18828,-0,002766538,0,9994256,-0,0009107091,-0,03376253,0,0,0,0,0,0,0,0,0,0,0,0,0,0,0,0,0,0,0,0,0,0,1,1,1,False
36,74314,-17,25139,1,681575,-19,1883,-0,002766538,0,9994256,-0,0009107091,-0,03376253,0,0,0,0,0,0,0,0,0,0,0,0,0,0,0,0,0,0,0,0,0,0,1,1,1,False
36,75327,-17,25102,1,680329,-19,18833,-0,002766538,0,9994256,-0,0009107091,-0,03376253,0,0,0,0,0,0,0,0,0,0,0,0,0,0,0,0,0,0,0,0,0,0,1,1,1,False
36,76168,-17,25072,1,679287,-19,18834,-0,002766538,0,9994256,-0,0009107091,-0,03376253,0,0,0,0,0,0,0,0,0,0,0,0,0,0,0,0,0,0,0,0,0,0,1,1,1,False
36,77193,-17,25038,1,678007,-19,18836,-0,002766538,0,9994256,-0,0009107091,-0,03376253,0,0,0,0,0,0,0,0,0,0,0,0,0,0,0,0,0,0,0,0,0,0,1,1,1,False
36,78086,-17,2501,1,676885,-19,18838,-0,002766538,0,9994256,-0,0009107091,-0,03376253,0,0,0,0,0,0,0,0,0,0,0,0,0,0,0,0,0,0,0,0,0,0,1,1,1,False
36,79056,-17,24981,1,675658,-19,1884,-0,002766538,0,9994256,-0,0009107091,-0,03376253,0,0,0,0,0,0,0,0,0,0,0,0,0,0,0,0,0,0,0,0,0,0,1,1,1,False
36,79977,-17,24955,1,674486,-19,18841,-0,002766538,0,9994256,-0,0009107091,-0,03376253,0,0,0,0,0,0,0,0,0,0,0,0,0,0,0,0,0,0,0,0,0,0,1,1,1,False
36,80904,-17,24931,1,673302,-19,18843,-0,002766538,0,9994256,-0,0009107091,-0,03376253,0,0,0,0,0,0,0,0,0,0,0,0,0,0,0,0,0,0,0,0,0,0,1,1,1,False
36,81943,-17,24906,1,671969,-19,18844,-0,002766538,0,9994256,-0,0009107091,-0,03376253,0,0,0,0,0,0,0,0,0,0,0,0,0,0,0,0,0,0,0,0,0,0,1,1,1,False
36,82888,-17,24884,1,670751,-19,18845,-0,002766538,0,9994256,-0,0009107091,-0,03376253,0,0,0,0,0,0,0,0,0,0,0,0,0,0,0,0,0,0,0,0,0,0,1,1,1,False
36,83917,-17,24863,1,66942,-19,18847,-0,002766538,0,9994256,-0,0009107091,-0,03376253,0,0,0,0,0,0,0,0,0,0,0,0,0,0,0,0,0,0,0,0,0,0,1,1,1,False
36,84933,-17,24845,1,668106,-19,18847,-0,002766538,0,9994256,-0,0009107091,-0,03376253,0,0,0,0,0,0,0,0,0,0,0,0,0,0,0,0,0,0,0,0,0,0,1,1,1,False
36,85911,-17,24828,1,666837,-19,18848,-0,002766538,0,9994256,-0,0009107091,-0,03376253,0,0,0,0,0,0,0,0,0,0,0,0,0,0,0,0,0,0,0,0,0,0,1,1,1,False
36,8684,-17,24815,1,66563,-19,18849,-0,002766538,0,9994256,-0,0009107091,-0,03376253,0,0,0,0,0,0,0,0,0,0,0,0,0,0,0,0,0,0,0,0,0,0,1,1,1,False
36,87996,-17,248,1,664129,-19,1885,-0,002766538,0,9994256,-0,0009107091,-0,03376253,0,0,0,0,0,0,0,0,0,0,0,0,0,0,0,0,0,0,0,0,0,0,1,1,1,False
36,8886,-17,24791,1,663006,-19,1885,-0,002766538,0,9994256,-0,0009107091,-0,03376253,0,0,0,0,0,0,0,0,0,0,0,0,0,0,0,0,0,0,0,0,0,0,1,1,1,False
36,89915,-17,24782,1,661637,-19,18851,-0,002766538,0,9994256,-0,0009107091,-0,03376253,0,0,0,0,0,0,0,0,0,0,0,0,0,0,0,0,0,0,0,0,0,0,1,1,1,False
36,90757,-17,24776,1,660547,-19,18851,-0,002766538,0,9994256,-0,0009107091,-0,03376253,0,0,0,0,0,0,0,0,0,0,0,0,0,0,0,0,0,0,0,0,0,0,1,1,1,False
36,91677,-17,24772,1,659356,-19,18851,-0,002766538,0,9994256,-0,0009107091,-0,03376253,0,0,0,0,0,0,0,0,0,0,0,0,0,0,0,0,0,0,0,0,0,0,1,1,1,False
36,92552,-17,24769,1,658228,-19,18851,-0,002766538,0,9994256,-0,0009107091,-0,03376253,0,0,0,0,0,0,0,0,0,0,0,0,0,0,0,0,0,0,0,0,0,0,1,1,1,False
36,93526,-17,24767,1,656976,-19,18851,-0,002766538,0,9994256,-0,0009107091,-0,03376253,0,0,0,0,0,0,0,0,0,0,0,0,0,0,0,0,0,0,0,0,0,0,1,1,1,False
36,94358,-17,24768,1,655909,-19,1885,-0,002766538,0,9994256,-0,0009107091,-0,03376253,0,0,0,0,0,0,0,0,0,0,0,0,0,0,0,0,0,0,0,0,0,0,1,1,1,False
36,95367,-17,2477,1,654623,-19,1885,-0,002766538,0,9994256,-0,0009107091,-0,03376253,0,0,0,0,0,0,0,0,0,0,0,0,0,0,0,0,0,0,0,0,0,0,1,1,1,False
36,96278,-17,24774,1,653467,-19,18849,-0,002766538,0,9994256,-0,0009107091,-0,03376253,0,0,0,0,0,0,0,0,0,0,0,0,0,0,0,0,0,0,0,0,0,0,1,1,1,False
36,97346,-17,2478,1,652119,-19,18849,-0,002766538,0,9994256,-0,0009107091,-0,03376253,0,0,0,0,0,0,0,0,0,0,0,0,0,0,0,0,0,0,0,0,0,0,1,1,1,False
36,98269,-17,24788,1,650964,-19,18848,-0,002766538,0,9994256,-0,0009107091,-0,03376253,0,0,0,0,0,0,0,0,0,0,0,0,0,0,0,0,0,0,0,0,0,0,1,1,1,False
36,99306,-17,24798,1,649674,-19,18847,-0,002766538,0,9994256,-0,0009107091,-0,03376253,0,0,0,0,0,0,0,0,0,0,0,0,0,0,0,0,0,0,0,0,0,0,1,1,1,False
37,00285,-17,2481,1,648468,-19,18846,-0,002766538,0,9994256,-0,0009107091,-0,03376253,0,0,0,0,0,0,0,0,0,0,0,0,0,0,0,0,0,0,0,0,0,0,1,1,1,False
37,01284,-17,24824,1,647247,-19,18845,-0,002766538,0,9994256,-0,0009107091,-0,03376253,0,0,0,0,0,0,0,0,0,0,0,0,0,0,0,0,0,0,0,0,0,0,1,1,1,False
37,02178,-17,24839,1,646164,-19,18843,-0,002766538,0,9994256,-0,0009107091,-0,03376253,0,0,0,0,0,0,0,0,0,0,0,0,0,0,0,0,0,0,0,0,0,0,1,1,1,False
37,03245,-17,24858,1,644887,-19,18842,-0,002766538,0,9994256,-0,0009107091,-0,03376253,0,0,0,0,0,0,0,0,0,0,0,0,0,0,0,0,0,0,0,0,0,0,1,1,1,False
37,04148,-17,24875,1,643816,-19,18841,-0,002766538,0,9994256,-0,0009107091,-0,03376253,0,0,0,0,0,0,0,0,0,0,0,0,0,0,0,0,0,0,0,0,0,0,1,1,1,False
37,05109,-17,24896,1,64269,-19,18839,-0,002766538,0,9994256,-0,0009107091,-0,03376253,0,0,0,0,0,0,0,0,0,0,0,0,0,0,0,0,0,0,0,0,0,0,1,1,1,False
37,0603,-17,24918,1,641623,-19,18837,-0,002766538,0,9994256,-0,0009107091,-0,03376253,0,0,0,0,0,0,0,0,0,0,0,0,0,0,0,0,0,0,0,0,0,0,1,1,1,False
37,07013,-17,24943,1,6405,-19,18835,-0,002766538,0,9994256,-0,0009107091,-0,03376253,0,0,0,0,0,0,0,0,0,0,0,0,0,0,0,0,0,0,0,0,0,0,1,1,1,False
37,07854,-17,24965,1,639551,-19,18834,-0,002766538,0,9994256,-0,0009107091,-0,03376253,0,0,0,0,0,0,0,0,0,0,0,0,0,0,0,0,0,0,0,0,0,0,1,1,1,False
37,08792,-17,24993,1,638507,-19,18832,-0,002766538,0,9994256,-0,0009107091,-0,03376253,0,0,0,0,0,0,0,0,0,0,0,0,0,0,0,0,0,0,0,0,0,0,1,1,1,False
37,09772,-17,25023,1,637434,-19,18829,-0,002766538,0,9994256,-0,0009107091,-0,03376253,0,0,0,0,0,0,0,0,0,0,0,0,0,0,0,0,0,0,0,0,0,0,1,1,1,False
37,10604,-17,25049,1,636537,-19,18827,-0,002766538,0,9994256,-0,0009107091,-0,03376253,0,0,0,0,0,0,0,0,0,0,0,0,0,0,0,0,0,0,0,0,0,0,1,1,1,False
37,1156,-17,25082,1,635521,-19,18825,-0,002766538,0,9994256,-0,0009107091,-0,03376253,0,0,0,0,0,0,0,0,0,0,0,0,0,0,0,0,0,0,0,0,0,0,1,1,1,False
37,12472,-17,25115,1,63457,-19,18822,-0,002766538,0,9994256,-0,0009107091,-0,03376253,0,0,0,0,0,0,0,0,0,0,0,0,0,0,0,0,0,0,0,0,0,0,1,1,1,False
37,13419,-17,2515,1,6336,-19,1882,-0,002766538,0,9994256,-0,0009107091,-0,03376253,0,0,0,0,0,0,0,0,0,0,0,0,0,0,0,0,0,0,0,0,0,0,1,1,1,False
37,14303,-17,25185,1,632712,-19,18817,-0,002766538,0,9994256,-0,0009107091,-0,03376253,0,0,0,0,0,0,0,0,0,0,0,0,0,0,0,0,0,0,0,0,0,0,1,1,1,False
37,15362,-17,25228,1,63167,-19,18814,-0,002766538,0,9994256,-0,0009107091,-0,03376253,0,0,0,0,0,0,0,0,0,0,0,0,0,0,0,0,0,0,0,0,0,0,1,1,1,False
37,16229,-17,25265,1,630836,-19,18812,-0,002766538,0,9994256,-0,0009107091,-0,03376253,0,0,0,0,0,0,0,0,0,0,0,0,0,0,0,0,0,0,0,0,0,0,1,1,1,False
37,17318,-17,25314,1,629812,-19,18808,-0,002766538,0,9994256,-0,0009107091,-0,03376253,0,0,0,0,0,0,0,0,0,0,0,0,0,0,0,0,0,0,0,0,0,0,1,1,1,False
37,18144,-17,25352,1,629056,-19,18805,-0,002766538,0,9994256,-0,0009107091,-0,03376253,0,0,0,0,0,0,0,0,0,0,0,0,0,0,0,0,0,0,0,0,0,0,1,1,1,False
37,19101,-17,25397,1,628198,-19,18802,-0,002766538,0,9994256,-0,0009107091,-0,03376253,0,0,0,0,0,0,0,0,0,0,0,0,0,0,0,0,0,0,0,0,0,0,1,1,1,False
37,19955,-17,2544,1,627452,-19,18799,-0,002766538,0,9994256,-0,0009107091,-0,03376253,0,0,0,0,0,0,0,0,0,0,0,0,0,0,0,0,0,0,0,0,0,0,1,1,1,False
37,20806,-17,25483,1,626728,-19,18796,-0,002766538,0,9994256,-0,0009107091,-0,03376253,0,0,0,0,0,0,0,0,0,0,0,0,0,0,0,0,0,0,0,0,0,0,1,1,1,False
37,22153,-17,25554,1,625618,-19,18791,-0,002766538,0,9994256,-0,0009107091,-0,03376253,0,0,0,0,0,0,0,0,0,0,0,0,0,0,0,0,0,0,0,0,0,0,1,1,1,False
37,23209,-17,25612,1,624783,-19,18787,-0,002766538,0,9994256,-0,0009107091,-0,03376253,0,0,0,0,0,0,0,0,0,0,0,0,0,0,0,0,0,0,0,0,0,0,1,1,1,False
37,24158,-17,25665,1,624058,-19,18783,-0,002766538,0,9994256,-0,0009107091,-0,03376253,0,0,0,0,0,0,0,0,0,0,0,0,0,0,0,0,0,0,0,0,0,0,1,1,1,False
37,25121,-17,25721,1,623348,-19,18779,-0,002766538,0,9994256,-0,0009107091,-0,03376253,0,0,0,0,0,0,0,0,0,0,0,0,0,0,0,0,0,0,0,0,0,0,1,1,1,False
37,2593,-17,25769,1,622771,-19,18776,-0,002766538,0,9994256,-0,0009107091,-0,03376253,0,0,0,0,0,0,0,0,0,0,0,0,0,0,0,0,0,0,0,0,0,0,1,1,1,False
37,26778,-17,25821,1,622186,-19,18772,-0,002766538,0,9994256,-0,0009107091,-0,03376253,0,0,0,0,0,0,0,0,0,0,0,0,0,0,0,0,0,0,0,0,0,0,1,1,1,False
37,2768,-17,25877,1,621586,-19,18768,-0,002766538,0,9994256,-0,0009107091,-0,03376253,0,0,0,0,0,0,0,0,0,0,0,0,0,0,0,0,0,0,0,0,0,0,1,1,1,False
37,28556,-17,25933,1,621027,-19,18764,-0,002766538,0,9994256,-0,0009107091,-0,03376253,0,0,0,0,0,0,0,0,0,0,0,0,0,0,0,0,0,0,0,0,0,0,1,1,1,False
37,29723,-17,26008,1,620318,-19,18759,-0,002766538,0,9994256,-0,0009107091,-0,03376253,0,0,0,0,0,0,0,0,0,0,0,0,0,0,0,0,0,0,0,0,0,0,1,1,1,False
37,36674,-17,26502,1,616959,-19,18725,-0,002766538,0,9994256,-0,0009107091,-0,03376253,0,0,0,0,0,0,0,0,0,0,0,0,0,0,0,0,0,0,0,0,0,0,1,1,1,False
37,37968,-17,26601,1,616503,-19,18718,-0,002766538,0,9994256,-0,0009107091,-0,03376253,0,0,0,0,0,0,0,0,0,0,0,0,0,0,0,0,0,0,0,0,0,0,1,1,1,False
37,39039,-17,26685,1,616167,-19,18713,-0,002766538,0,9994256,-0,0009107091,-0,03376253,0,0,0,0,0,0,0,0,0,0,0,0,0,0,0,0,0,0,0,0,0,0,1,1,1,False
37,4006,-17,26766,1,615882,-19,18707,-0,002766538,0,9994256,-0,0009107091,-0,03376253,0,0,0,0,0,0,0,0,0,0,0,0,0,0,0,0,0,0,0,0,0,0,1,1,1,False
37,41031,-17,26844,1,615643,-19,18702,-0,002766538,0,9994256,-0,0009107091,-0,03376253,0,0,0,0,0,0,0,0,0,0,0,0,0,0,0,0,0,0,0,0,0,0,1,1,1,False
37,4191,-17,26916,1,615453,-19,18697,-0,002766538,0,9994256,-0,0009107091,-0,03376253,0,0,0,0,0,0,0,0,0,0,0,0,0,0,0,0,0,0,0,0,0,0,1,1,1,False
37,428,-17,2699,1,615288,-19,18692,-0,002766538,0,9994256,-0,0009107091,-0,03376253,0,0,0,0,0,0,0,0,0,0,0,0,0,0,0,0,0,0,0,0,0,0,1,1,1,False
37,43845,-17,27077,1,615127,-19,18686,-0,002766538,0,9994256,-0,0009107091,-0,03376253,0,0,0,0,0,0,0,0,0,0,0,0,0,0,0,0,0,0,0,0,0,0,1,1,1,False
37,44713,-17,27151,1,615021,-19,18681,-0,002766538,0,9994256,-0,0009107091,-0,03376253,0,0,0,0,0,0,0,0,0,0,0,0,0,0,0,0,0,0,0,0,0,0,1,1,1,False
37,45692,-17,27235,1,614933,-19,18675,-0,002766538,0,9994256,-0,0009107091,-0,03376253,0,0,0,0,0,0,0,0,0,0,0,0,0,0,0,0,0,0,0,0,0,0,1,1,1,False
37,46564,-17,27311,1,614881,-19,1867,-0,002766538,0,9994256,-0,0009107091,-0,03376253,0,0,0,0,0,0,0,0,0,0,0,0,0,0,0,0,0,0,0,0,0,0,1,1,1,False
37,4759,-17,27401,1,614853,-19,18664,-0,002766538,0,9994256,-0,0009107091,-0,03376253,0,0,0,0,0,0,0,0,0,0,0,0,0,0,0,0,0,0,0,0,0,0,1,1,1,False
37,48459,-17,27478,1,614857,-19,18659,-0,002766538,0,9994256,-0,0009107091,-0,03376253,0,0,0,0,0,0,0,0,0,0,0,0,0,0,0,0,0,0,0,0,0,0,1,1,1,False
37,49377,-17,2756,1,614889,-19,18653,-0,002766538,0,9994256,-0,0009107091,-0,03376253,0,0,0,0,0,0,0,0,0,0,0,0,0,0,0,0,0,0,0,0,0,0,1,1,1,False
37,50207,-17,27635,1,614942,-19,18648,-0,002766538,0,9994256,-0,0009107091,-0,03376253,0,0,0,0,0,0,0,0,0,0,0,0,0,0,0,0,0,0,0,0,0,0,1,1,1,False
37,5116,-17,27721,1,615032,-19,18642,-0,002766538,0,9994256,-0,0009107091,-0,03376253,0,0,0,0,0,0,0,0,0,0,0,0,0,0,0,0,0,0,0,0,0,0,1,1,1,False
37,52062,-17,27804,1,615145,-19,18637,-0,002766538,0,9994256,-0,0009107091,-0,03376253,0,0,0,0,0,0,0,0,0,0,0,0,0,0,0,0,0,0,0,0,0,0,1,1,1,False
37,53049,-17,27895,1,6153,-19,18631,-0,002766538,0,9994256,-0,0009107091,-0,03376253,0,0,0,0,0,0,0,0,0,0,0,0,0,0,0,0,0,0,0,0,0,0,1,1,1,False
37,54017,-17,27985,1,615484,-19,18624,-0,002766538,0,9994256,-0,0009107091,-0,03376253,0,0,0,0,0,0,0,0,0,0,0,0,0,0,0,0,0,0,0,0,0,0,1,1,1,False
37,54994,-17,28077,1,615701,-19,18618,-0,002766538,0,9994256,-0,0009107091,-0,03376253,0,0,0,0,0,0,0,0,0,0,0,0,0,0,0,0,0,0,0,0,0,0,1,1,1,False
37,55859,-17,28159,1,61592,-19,18613,-0,002766538,0,9994256,-0,0009107091,-0,03376253,0,0,0,0,0,0,0,0,0,0,0,0,0,0,0,0,0,0,0,0,0,0,1,1,1,False
37,56749,-17,28244,1,61617,-19,18607,-0,002766538,0,9994256,-0,0009107091,-0,03376253,0,0,0,0,0,0,0,0,0,0,0,0,0,0,0,0,0,0,0,0,0,0,1,1,1,False
37,57714,-17,28336,1,616472,-19,18601,-0,002766538,0,9994256,-0,0009107091,-0,03376253,0,0,0,0,0,0,0,0,0,0,0,0,0,0,0,0,0,0,0,0,0,0,1,1,1,False
37,58587,-17,2842,1,616771,-19,18595,-0,002766538,0,9994256,-0,0009107091,-0,03376253,0,0,0,0,0,0,0,0,0,0,0,0,0,0,0,0,0,0,0,0,0,0,1,1,1,False
37,59552,-17,28513,1,61713,-19,18589,-0,002766538,0,9994256,-0,0009107091,-0,03376253,0,0,0,0,0,0,0,0,0,0,0,0,0,0,0,0,0,0,0,0,0,0,1,1,1,False
37,60432,-17,28599,1,617483,-19,18583,-0,002766538,0,9994256,-0,0009107091,-0,03376253,0,0,0,0,0,0,0,0,0,0,0,0,0,0,0,0,0,0,0,0,0,0,1,1,1,False
37,61383,-17,28692,1,617893,-19,18577,-0,002766538,0,9994256,-0,0009107091,-0,03376253,0,0,0,0,0,0,0,0,0,0,0,0,0,0,0,0,0,0,0,0,0,0,1,1,1,False
37,62249,-17,28777,1,618291,-19,18571,-0,002766538,0,9994256,-0,0009107091,-0,03376253,0,0,0,0,0,0,0,0,0,0,0,0,0,0,0,0,0,0,0,0,0,0,1,1,1,False
37,63233,-17,28873,1,618772,-19,18565,-0,002766538,0,9994256,-0,0009107091,-0,03376253,0,0,0,0,0,0,0,0,0,0,0,0,0,0,0,0,0,0,0,0,0,0,1,1,1,False
37,64141,-17,28963,1,619242,-19,18559,-0,002766538,0,9994256,-0,0009107091,-0,03376253,0,0,0,0,0,0,0,0,0,0,0,0,0,0,0,0,0,0,0,0,0,0,1,1,1,False
37,65157,-17,29064,1,619799,-19,18552,-0,002766538,0,9994256,-0,0009107091,-0,03376253,0,0,0,0,0,0,0,0,0,0,0,0,0,0,0,0,0,0,0,0,0,0,1,1,1,False
37,6603,-17,2915,1,620302,-19,18547,-0,002766538,0,9994256,-0,0009107091,-0,03376253,0,0,0,0,0,0,0,0,0,0,0,0,0,0,0,0,0,0,0,0,0,0,1,1,1,False
37,66985,-17,29245,1,620878,-19,1854,-0,002766538,0,9994256,-0,0009107091,-0,03376253,0,0,0,0,0,0,0,0,0,0,0,0,0,0,0,0,0,0,0,0,0,0,1,1,1,False
37,67877,-17,29334,1,621442,-19,18534,-0,002766538,0,9994256,-0,0009107091,-0,03376253,0,0,0,0,0,0,0,0,0,0,0,0,0,0,0,0,0,0,0,0,0,0,1,1,1,False
37,68788,-17,29425,1,622041,-19,18528,-0,002766538,0,9994256,-0,0009107091,-0,03376253,0,0,0,0,0,0,0,0,0,0,0,0,0,0,0,0,0,0,0,0,0,0,1,1,1,False
37,69851,-17,29531,1,62277,-19,18521,-0,002766538,0,9994256,-0,0009107091,-0,03376253,0,0,0,0,0,0,0,0,0,0,0,0,0,0,0,0,0,0,0,0,0,0,1,1,1,False
37,70823,-17,29629,1,623465,-19,18515,-0,002766538,0,9994256,-0,0009107091,-0,03376253,0,0,0,0,0,0,0,0,0,0,0,0,0,0,0,0,0,0,0,0,0,0,1,1,1,False
37,71828,-17,29729,1,624211,-19,18508,-0,002766538,0,9994256,-0,0009107091,-0,03376253,0,0,0,0,0,0,0,0,0,0,0,0,0,0,0,0,0,0,0,0,0,0,1,1,1,False
37,72701,-17,29817,1,624882,-19,18502,-0,002766538,0,9994256,-0,0009107091,-0,03376253,0,0,0,0,0,0,0,0,0,0,0,0,0,0,0,0,0,0,0,0,0,0,1,1,1,False
37,73742,-17,29921,1,625709,-19,18496,-0,002766538,0,9994256,-0,0009107091,-0,03376253,0,0,0,0,0,0,0,0,0,0,0,0,0,0,0,0,0,0,0,0,0,0,1,1,1,False
37,74595,-17,30007,1,626407,-19,1849,-0,002766538,0,9994256,-0,0009107091,-0,03376253,0,0,0,0,0,0,0,0,0,0,0,0,0,0,0,0,0,0,0,0,0,0,1,1,1,False
37,75621,-17,30109,1,627273,-19,18483,-0,002766538,0,9994256,-0,0009107091,-0,03376253,0,0,0,0,0,0,0,0,0,0,0,0,0,0,0,0,0,0,0,0,0,0,1,1,1,False
37,76538,-17,30201,1,628068,-19,18477,-0,002766538,0,9994256,-0,0009107091,-0,03376253,0,0,0,0,0,0,0,0,0,0,0,0,0,0,0,0,0,0,0,0,0,0,1,1,1,False
37,77495,-17,30297,1,628921,-19,18471,-0,002766538,0,9994256,-0,0009107091,-0,03376253,0,0,0,0,0,0,0,0,0,0,0,0,0,0,0,0,0,0,0,0,0,0,1,1,1,False
37,7839,-17,30385,1,629738,-19,18465,-0,002766538,0,9994256,-0,0009107091,-0,03376253,0,0,0,0,0,0,0,0,0,0,0,0,0,0,0,0,0,0,0,0,0,0,1,1,1,False
37,79385,-17,30484,1,630669,-19,18459,-0,002766538,0,9994256,-0,0009107091,-0,03376253,0,0,0,0,0,0,0,0,0,0,0,0,0,0,0,0,0,0,0,0,0,0,1,1,1,False
37,80253,-17,3057,1,631501,-19,18453,-0,002766538,0,9994256,-0,0009107091,-0,03376253,0,0,0,0,0,0,0,0,0,0,0,0,0,0,0,0,0,0,0,0,0,0,1,1,1,False
37,81221,-17,30666,1,632447,-19,18447,-0,002766538,0,9994256,-0,0009107091,-0,03376253,0,0,0,0,0,0,0,0,0,0,0,0,0,0,0,0,0,0,0,0,0,0,1,1,1,False
37,82054,-17,30748,1,633278,-19,18441,-0,002766538,0,9994256,-0,0009107091,-0,03376253,0,0,0,0,0,0,0,0,0,0,0,0,0,0,0,0,0,0,0,0,0,0,1,1,1,False
37,82989,-17,3084,1,634229,-19,18435,-0,002766538,0,9994256,-0,0009107091,-0,03376253,0,0,0,0,0,0,0,0,0,0,0,0,0,0,0,0,0,0,0,0,0,0,1,1,1,False
37,83858,-17,30925,1,635128,-19,1843,-0,002766538,0,9994256,-0,0009107091,-0,03376253,0,0,0,0,0,0,0,0,0,0,0,0,0,0,0,0,0,0,0,0,0,0,1,1,1,False
37,84714,-17,31008,1,636028,-19,18424,-0,002766538,0,9994256,-0,0009107091,-0,03376253,0,0,0,0,0,0,0,0,0,0,0,0,0,0,0,0,0,0,0,0,0,0,1,1,1,False
37,85727,-17,31106,1,637112,-19,18418,-0,002766538,0,9994256,-0,0009107091,-0,03376253,0,0,0,0,0,0,0,0,0,0,0,0,0,0,0,0,0,0,0,0,0,0,1,1,1,False
37,86592,-17,31189,1,638054,-19,18412,-0,002766538,0,9994256,-0,0009107091,-0,03376253,0,0,0,0,0,0,0,0,0,0,0,0,0,0,0,0,0,0,0,0,0,0,1,1,1,False
37,87651,-17,31291,1,639224,-19,18406,-0,002766538,0,9994256,-0,0009107091,-0,03376253,0,0,0,0,0,0,0,0,0,0,0,0,0,0,0,0,0,0,0,0,0,0,1,1,1,False
37,88544,-17,31376,1,640226,-19,184,-0,002766538,0,9994256,-0,0009107091,-0,03376253,0,0,0,0,0,0,0,0,0,0,0,0,0,0,0,0,0,0,0,0,0,0,1,1,1,False
37,89503,-17,31467,1,641316,-19,18394,-0,002766538,0,9994256,-0,0009107091,-0,03376253,0,0,0,0,0,0,0,0,0,0,0,0,0,0,0,0,0,0,0,0,0,0,1,1,1,False
37,90402,-17,31551,1,642352,-19,18389,-0,002766538,0,9994256,-0,0009107091,-0,03376253,0,0,0,0,0,0,0,0,0,0,0,0,0,0,0,0,0,0,0,0,0,0,1,1,1,False
37,91371,-17,31642,1,643482,-19,18383,-0,002766538,0,9994256,-0,0009107091,-0,03376253,0,0,0,0,0,0,0,0,0,0,0,0,0,0,0,0,0,0,0,0,0,0,1,1,1,False
37,92252,-17,31723,1,644521,-19,18377,-0,002766538,0,9994256,-0,0009107091,-0,03376253,0,0,0,0,0,0,0,0,0,0,0,0,0,0,0,0,0,0,0,0,0,0,1,1,1,False
37,93205,-17,31811,1,645657,-19,18372,-0,002766538,0,9994256,-0,0009107091,-0,03376253,0,0,0,0,0,0,0,0,0,0,0,0,0,0,0,0,0,0,0,0,0,0,1,1,1,False
37,94109,-17,31893,1,646745,-19,18366,-0,002766538,0,9994256,-0,0009107091,-0,03376253,0,0,0,0,0,0,0,0,0,0,0,0,0,0,0,0,0,0,0,0,0,0,1,1,1,False
37,95078,-17,31981,1,647922,-19,18361,-0,002766538,0,9994256,-0,0009107091,-0,03376253,0,0,0,0,0,0,0,0,0,0,0,0,0,0,0,0,0,0,0,0,0,0,1,1,1,False
37,95925,-17,32057,1,648959,-19,18356,-0,002766538,0,9994256,-0,0009107091,-0,03376253,0,0,0,0,0,0,0,0,0,0,0,0,0,0,0,0,0,0,0,0,0,0,1,1,1,False
37,96906,-17,32144,1,65017,-19,1835,-0,002766538,0,9994256,-0,0009107091,-0,03376253,0,0,0,0,0,0,0,0,0,0,0,0,0,0,0,0,0,0,0,0,0,0,1,1,1,False
37,97878,-17,32229,1,651381,-19,18345,-0,002766538,0,9994256,-0,0009107091,-0,03376253,0,0,0,0,0,0,0,0,0,0,0,0,0,0,0,0,0,0,0,0,0,0,1,1,1,False
37,9874,-17,32304,1,652461,-19,1834,-0,002766538,0,9994256,-0,0009107091,-0,03376253,0,0,0,0,0,0,0,0,0,0,0,0,0,0,0,0,0,0,0,0,0,0,1,1,1,False
37,99738,-17,3239,1,653719,-19,18334,-0,002766538,0,9994256,-0,0009107091,-0,03376253,0,0,0,0,0,0,0,0,0,0,0,0,0,0,0,0,0,0,0,0,0,0,1,1,1,False
38,00597,-17,32463,1,654807,-19,1833,-0,002766538,0,9994256,-0,0009107091,-0,03376253,0,0,0,0,0,0,0,0,0,0,0,0,0,0,0,0,0,0,0,0,0,0,1,1,1,False
38,01573,-17,32545,1,65605,-19,18324,-0,002766538,0,9994256,-0,0009107091,-0,03376253,0,0,0,0,0,0,0,0,0,0,0,0,0,0,0,0,0,0,0,0,0,0,1,1,1,False
38,02426,-17,32615,1,657141,-19,1832,-0,002766538,0,9994256,-0,0009107091,-0,03376253,0,0,0,0,0,0,0,0,0,0,0,0,0,0,0,0,0,0,0,0,0,0,1,1,1,False
38,03418,-17,32697,1,658414,-19,18315,-0,002766538,0,9994256,-0,0009107091,-0,03376253,0,0,0,0,0,0,0,0,0,0,0,0,0,0,0,0,0,0,0,0,0,0,1,1,1,False
38,04361,-17,32773,1,659628,-19,1831,-0,002766538,0,9994256,-0,0009107091,-0,03376253,0,0,0,0,0,0,0,0,0,0,0,0,0,0,0,0,0,0,0,0,0,0,1,1,1,False
38,05356,-17,32852,1,660913,-19,18304,-0,002766538,0,9994256,-0,0009107091,-0,03376253,0,0,0,0,0,0,0,0,0,0,0,0,0,0,0,0,0,0,0,0,0,0,1,1,1,False
38,06251,-17,32922,1,662071,-19,183,-0,002766538,0,9994256,-0,0009107091,-0,03376253,0,0,0,0,0,0,0,0,0,0,0,0,0,0,0,0,0,0,0,0,0,0,1,1,1,False
38,07253,-17,33,1,663368,-19,18295,-0,002766538,0,9994256,-0,0009107091,-0,03376253,0,0,0,0,0,0,0,0,0,0,0,0,0,0,0,0,0,0,0,0,0,0,1,1,1,False
38,08149,-17,33068,1,664529,-19,18291,-0,002766538,0,9994256,-0,0009107091,-0,03376253,0,0,0,0,0,0,0,0,0,0,0,0,0,0,0,0,0,0,0,0,0,0,1,1,1,False
38,0913,-17,33141,1,665801,-19,18286,-0,002766538,0,9994256,-0,0009107091,-0,03376253,0,0,0,0,0,0,0,0,0,0,0,0,0,0,0,0,0,0,0,0,0,0,1,1,1,False
38,09982,-17,33204,1,666904,-19,18282,-0,002766538,0,9994256,-0,0009107091,-0,03376253,0,0,0,0,0,0,0,0,0,0,0,0,0,0,0,0,0,0,0,0,0,0,1,1,1,False
38,10874,-17,33268,1,668058,-19,18278,-0,002766538,0,9994256,-0,0009107091,-0,03376253,0,0,0,0,0,0,0,0,0,0,0,0,0,0,0,0,0,0,0,0,0,0,1,1,1,False
38,11828,-17,33336,1,66929,-19,18273,-0,002766538,0,9994256,-0,0009107091,-0,03376253,0,0,0,0,0,0,0,0,0,0,0,0,0,0,0,0,0,0,0,0,0,0,1,1,1,False
38,12757,-17,33401,1,670488,-19,18269,-0,002766538,0,9994256,-0,0009107091,-0,03376253,0,0,0,0,0,0,0,0,0,0,0,0,0,0,0,0,0,0,0,0,0,0,1,1,1,False
38,13721,-17,33467,1,671726,-19,18265,-0,002766538,0,9994256,-0,0009107091,-0,03376253,0,0,0,0,0,0,0,0,0,0,0,0,0,0,0,0,0,0,0,0,0,0,1,1,1,False
38,1479,-17,33538,1,673095,-19,18261,-0,002766538,0,9994256,-0,0009107091,-0,03376253,0,0,0,0,0,0,0,0,0,0,0,0,0,0,0,0,0,0,0,0,0,0,1,1,1,False
38,15881,-17,33609,1,674485,-19,18256,-0,002766538,0,9994256,-0,0009107091,-0,03376253,0,0,0,0,0,0,0,0,0,0,0,0,0,0,0,0,0,0,0,0,0,0,1,1,1,False
38,16811,-17,33668,1,675663,-19,18252,-0,002766538,0,9994256,-0,0009107091,-0,03376253,0,0,0,0,0,0,0,0,0,0,0,0,0,0,0,0,0,0,0,0,0,0,1,1,1,False
38,17845,-17,33732,1,676965,-19,18248,-0,002766538,0,9994256,-0,0009107091,-0,03376253,0,0,0,0,0,0,0,0,0,0,0,0,0,0,0,0,0,0,0,0,0,0,1,1,1,False
38,18724,-17,33786,1,678066,-19,18245,-0,002766538,0,9994256,-0,0009107091,-0,03376253,0,0,0,0,0,0,0,0,0,0,0,0,0,0,0,0,0,0,0,0,0,0,1,1,1,False
38,19688,-17,33842,1,679264,-19,18241,-0,002766538,0,9994256,-0,0009107091,-0,03376253,0,0,0,0,0,0,0,0,0,0,0,0,0,0,0,0,0,0,0,0,0,0,1,1,1,False
38,20568,-17,33893,1,680351,-19,18238,-0,002766538,0,9994256,-0,0009107091,-0,03376253,0,0,0,0,0,0,0,0,0,0,0,0,0,0,0,0,0,0,0,0,0,0,1,1,1,False
38,21627,-17,33952,1,681647,-19,18234,-0,002766538,0,9994256,-0,0009107091,-0,03376253,0,0,0,0,0,0,0,0,0,0,0,0,0,0,0,0,0,0,0,0,0,0,1,1,1,False
38,22564,-17,34003,1,682784,-19,18231,-0,002766538,0,9994256,-0,0009107091,-0,03376253,0,0,0,0,0,0,0,0,0,0,0,0,0,0,0,0,0,0,0,0,0,0,1,1,1,False
38,23483,-17,34052,1,683887,-19,18228,-0,002766538,0,9994256,-0,0009107091,-0,03376253,0,0,0,0,0,0,0,0,0,0,0,0,0,0,0,0,0,0,0,0,0,0,1,1,1,False
38,2439,-17,34098,1,684966,-19,18225,-0,002766538,0,9994256,-0,0009107091,-0,03376253,0,0,0,0,0,0,0,0,0,0,0,0,0,0,0,0,0,0,0,0,0,0,1,1,1,False
38,25322,-17,34144,1,686062,-19,18222,-0,002766538,0,9994256,-0,0009107091,-0,03376253,0,0,0,0,0,0,0,0,0,0,0,0,0,0,0,0,0,0,0,0,0,0,1,1,1,False
38,26158,-17,34184,1,687036,-19,1822,-0,002766538,0,9994256,-0,0009107091,-0,03376253,0,0,0,0,0,0,0,0,0,0,0,0,0,0,0,0,0,0,0,0,0,0,1,1,1,False
38,2713,-17,34229,1,688153,-19,18217,-0,002766538,0,9994256,-0,0009107091,-0,03376253,0,0,0,0,0,0,0,0,0,0,0,0,0,0,0,0,0,0,0,0,0,0,1,1,1,False
38,28009,-17,34269,1,689152,-19,18214,-0,002766538,0,9994256,-0,0009107091,-0,03376253,0,0,0,0,0,0,0,0,0,0,0,0,0,0,0,0,0,0,0,0,0,0,1,1,1,False
38,28929,-17,34308,1,690183,-19,18212,-0,002766538,0,9994256,-0,0009107091,-0,03376253,0,0,0,0,0,0,0,0,0,0,0,0,0,0,0,0,0,0,0,0,0,0,1,1,1,False
38,29821,-17,34345,1,691168,-19,1821,-0,002766538,0,9994256,-0,0009107091,-0,03376253,0,0,0,0,0,0,0,0,0,0,0,0,0,0,0,0,0,0,0,0,0,0,1,1,1,False
38,30736,-17,34382,1,692164,-19,18207,-0,002766538,0,9994256,-0,0009107091,-0,03376253,0,0,0,0,0,0,0,0,0,0,0,0,0,0,0,0,0,0,0,0,0,0,1,1,1,False
38,31805,-17,34422,1,693308,-19,18205,-0,002766538,0,9994256,-0,0009107091,-0,03376253,0,0,0,0,0,0,0,0,0,0,0,0,0,0,0,0,0,0,0,0,0,0,1,1,1,False
38,32956,-17,34464,1,694515,-19,18202,-0,002766538,0,9994256,-0,0009107091,-0,03376253,0,0,0,0,0,0,0,0,0,0,0,0,0,0,0,0,0,0,0,0,0,0,1,1,1,False
38,34003,-17,34499,1,69559,-19,182,-0,002766538,0,9994256,-0,0009107091,-0,03376253,0,0,0,0,0,0,0,0,0,0,0,0,0,0,0,0,0,0,0,0,0,0,1,1,1,False
38,35109,-17,34534,1,6967,-19,18198,-0,002766538,0,9994256,-0,0009107091,-0,03376253,0,0,0,0,0,0,0,0,0,0,0,0,0,0,0,0,0,0,0,0,0,0,1,1,1,False
38,36007,-17,34561,1,697582,-19,18196,-0,002766538,0,9994256,-0,0009107091,-0,03376253,0,0,0,0,0,0,0,0,0,0,0,0,0,0,0,0,0,0,0,0,0,0,1,1,1,False
38,37063,-17,3459,1,698597,-19,18195,-0,002766538,0,9994256,-0,0009107091,-0,03376253,0,0,0,0,0,0,0,0,0,0,0,0,0,0,0,0,0,0,0,0,0,0,1,1,1,False
38,37926,-17,34613,1,699407,-19,18193,-0,002766538,0,9994256,-0,0009107091,-0,03376253,0,0,0,0,0,0,0,0,0,0,0,0,0,0,0,0,0,0,0,0,0,0,1,1,1,False
38,38852,-17,34635,1,700256,-19,18192,-0,002766538,0,9994256,-0,0009107091,-0,03376253,0,0,0,0,0,0,0,0,0,0,0,0,0,0,0,0,0,0,0,0,0,0,1,1,1,False
38,39858,-17,34658,1,701155,-19,1819,-0,002766538,0,9994256,-0,0009107091,-0,03376253,0,0,0,0,0,0,0,0,0,0,0,0,0,0,0,0,0,0,0,0,0,0,1,1,1,False
38,40748,-17,34676,1,70193,-19,18189,-0,002766538,0,9994256,-0,0009107091,-0,03376253,0,0,0,0,0,0,0,0,0,0,0,0,0,0,0,0,0,0,0,0,0,0,1,1,1,False
38,41819,-17,34696,1,702837,-19,18188,-0,002766538,0,9994256,-0,0009107091,-0,03376253,0,0,0,0,0,0,0,0,0,0,0,0,0,0,0,0,0,0,0,0,0,0,1,1,1,False
38,42722,-17,34711,1,703577,-19,18187,-0,002766538,0,9994256,-0,0009107091,-0,03376253,0,0,0,0,0,0,0,0,0,0,0,0,0,0,0,0,0,0,0,0,0,0,1,1,1,False
38,43739,-17,34726,1,704386,-19,18186,-0,002766538,0,9994256,-0,0009107091,-0,03376253,0,0,0,0,0,0,0,0,0,0,0,0,0,0,0,0,0,0,0,0,0,0,1,1,1,False
38,44732,-17,34739,1,705149,-19,18186,-0,002766538,0,9994256,-0,0009107091,-0,03376253,0,0,0,0,0,0,0,0,0,0,0,0,0,0,0,0,0,0,0,0,0,0,1,1,1,False
38,45658,-17,34749,1,705835,-19,18185,-0,002766538,0,9994256,-0,0009107091,-0,03376253,0,0,0,0,0,0,0,0,0,0,0,0,0,0,0,0,0,0,0,0,0,0,1,1,1,False
38,4653,-17,34757,1,70646,-19,18185,-0,002766538,0,9994256,-0,0009107091,-0,03376253,0,0,0,0,0,0,0,0,0,0,0,0,0,0,0,0,0,0,0,0,0,0,1,1,1,False
38,47591,-17,34765,1,707192,-19,18184,-0,002766538,0,9994256,-0,0009107091,-0,03376253,0,0,0,0,0,0,0,0,0,0,0,0,0,0,0,0,0,0,0,0,0,0,1,1,1,False
38,48404,-17,34769,1,707731,-19,18184,-0,002766538,0,9994256,-0,0009107091,-0,03376253,0,0,0,0,0,0,0,0,0,0,0,0,0,0,0,0,0,0,0,0,0,0,1,1,1,False
38,49321,-17,34772,1,708315,-19,18184,-0,002766538,0,9994256,-0,0009107091,-0,03376253,0,0,0,0,0,0,0,0,0,0,0,0,0,0,0,0,0,0,0,0,0,0,1,1,1,False
38,50133,-17,34774,1,708811,-19,18184,-0,002766538,0,9994256,-0,0009107091,-0,03376253,0,0,0,0,0,0,0,0,0,0,0,0,0,0,0,0,0,0,0,0,0,0,1,1,1,False
38,51083,-17,34774,1,709368,-19,18184,-0,002766538,0,9994256,-0,0009107091,-0,03376253,0,0,0,0,0,0,0,0,0,0,0,0,0,0,0,0,0,0,0,0,0,0,1,1,1,False
38,51925,-17,34772,1,709838,-19,18184,-0,002766538,0,9994256,-0,0009107091,-0,03376253,0,0,0,0,0,0,0,0,0,0,0,0,0,0,0,0,0,0,0,0,0,0,1,1,1,False
38,52784,-17,34769,1,710295,-19,18185,-0,002766538,0,9994256,-0,0009107091,-0,03376253,0,0,0,0,0,0,0,0,0,0,0,0,0,0,0,0,0,0,0,0,0,0,1,1,1,False
38,5379,-17,34764,1,710802,-19,18185,-0,002766538,0,9994256,-0,0009107091,-0,03376253,0,0,0,0,0,0,0,0,0,0,0,0,0,0,0,0,0,0,0,0,0,0,1,1,1,False
38,54753,-17,34757,1,711257,-19,18186,-0,002766538,0,9994256,-0,0009107091,-0,03376253,0,0,0,0,0,0,0,0,0,0,0,0,0,0,0,0,0,0,0,0,0,0,1,1,1,False
38,55819,-17,34747,1,711727,-19,18187,-0,002766538,0,9994256,-0,0009107091,-0,03376253,0,0,0,0,0,0,0,0,0,0,0,0,0,0,0,0,0,0,0,0,0,0,1,1,1,False
38,568,-17,34735,1,712127,-19,18187,-0,002766538,0,9994256,-0,0009107091,-0,03376253,0,0,0,0,0,0,0,0,0,0,0,0,0,0,0,0,0,0,0,0,0,0,1,1,1,False
38,57875,-17,34721,1,71253,-19,18188,-0,002766538,0,9994256,-0,0009107091,-0,03376253,0,0,0,0,0,0,0,0,0,0,0,0,0,0,0,0,0,0,0,0,0,0,1,1,1,False
38,58812,-17,34706,1,712851,-19,18189,-0,002766538,0,9994256,-0,0009107091,-0,03376253,0,0,0,0,0,0,0,0,0,0,0,0,0,0,0,0,0,0,0,0,0,0,1,1,1,False
38,59847,-17,34688,1,713172,-19,18191,-0,002766538,0,9994256,-0,0009107091,-0,03376253,0,0,0,0,0,0,0,0,0,0,0,0,0,0,0,0,0,0,0,0,0,0,1,1,1,False
38,6077,-17,3467,1,71343,-19,18192,-0,002766538,0,9994256,-0,0009107091,-0,03376253,0,0,0,0,0,0,0,0,0,0,0,0,0,0,0,0,0,0,0,0,0,0,1,1,1,False
38,61807,-17,34648,1,713685,-19,18194,-0,002766538,0,9994256,-0,0009107091,-0,03376253,0,0,0,0,0,0,0,0,0,0,0,0,0,0,0,0,0,0,0,0,0,0,1,1,1,False
38,62756,-17,34626,1,713887,-19,18195,-0,002766538,0,9994256,-0,0009107091,-0,03376253,0,0,0,0,0,0,0,0,0,0,0,0,0,0,0,0,0,0,0,0,0,0,1,1,1,False
38,63765,-17,34601,1,714069,-19,18197,-0,002766538,0,9994256,-0,0009107091,-0,03376253,0,0,0,0,0,0,0,0,0,0,0,0,0,0,0,0,0,0,0,0,0,0,1,1,1,False
38,64741,-17,34575,1,714213,-19,18199,-0,002766538,0,9994256,-0,0009107091,-0,03376253,0,0,0,0,0,0,0,0,0,0,0,0,0,0,0,0,0,0,0,0,0,0,1,1,1,False
38,658,-17,34544,1,714333,-19,18201,-0,002766538,0,9994256,-0,0009107091,-0,03376253,0,0,0,0,0,0,0,0,0,0,0,0,0,0,0,0,0,0,0,0,0,0,1,1,1,False
38,66807,-17,34512,1,714411,-19,18203,-0,002766538,0,9994256,-0,0009107091,-0,03376253,0,0,0,0,0,0,0,0,0,0,0,0,0,0,0,0,0,0,0,0,0,0,1,1,1,False
38,67822,-17,34479,1,714457,-19,18205,-0,002766538,0,9994256,-0,0009107091,-0,03376253,0,0,0,0,0,0,0,0,0,0,0,0,0,0,0,0,0,0,0,0,0,0,1,1,1,False
38,68735,-17,34447,1,714468,-19,18207,-0,002766538,0,9994256,-0,0009107091,-0,03376253,0,0,0,0,0,0,0,0,0,0,0,0,0,0,0,0,0,0,0,0,0,0,1,1,1,False
38,69769,-17,34409,1,714446,-19,1821,-0,002766538,0,9994256,-0,0009107091,-0,03376253,0,0,0,0,0,0,0,0,0,0,0,0,0,0,0,0,0,0,0,0,0,0,1,1,1,False
38,70664,-17,34375,1,714398,-19,18212,-0,002766538,0,9994256,-0,0009107091,-0,03376253,0,0,0,0,0,0,0,0,0,0,0,0,0,0,0,0,0,0,0,0,0,0,1,1,1,False
38,71666,-17,34335,1,714313,-19,18215,-0,002766538,0,9994256,-0,0009107091,-0,03376253,0,0,0,0,0,0,0,0,0,0,0,0,0,0,0,0,0,0,0,0,0,0,1,1,1,False
38,72588,-17,34296,1,714204,-19,18217,-0,002766538,0,9994256,-0,0009107091,-0,03376253,0,0,0,0,0,0,0,0,0,0,0,0,0,0,0,0,0,0,0,0,0,0,1,1,1,False
38,7363,-17,3425,1,714047,-19,18221,-0,002766538,0,9994256,-0,0009107091,-0,03376253,0,0,0,0,0,0,0,0,0,0,0,0,0,0,0,0,0,0,0,0,0,0,1,1,1,False
38,74585,-17,34207,1,713872,-19,18224,-0,002766538,0,9994256,-0,0009107091,-0,03376253,0,0,0,0,0,0,0,0,0,0,0,0,0,0,0,0,0,0,0,0,0,0,1,1,1,False
38,75655,-17,34156,1,713639,-19,18227,-0,002766538,0,9994256,-0,0009107091,-0,03376253,0,0,0,0,0,0,0,0,0,0,0,0,0,0,0,0,0,0,0,0,0,0,1,1,1,False
38,76594,-17,3411,1,713404,-19,1823,-0,002766538,0,9994256,-0,0009107091,-0,03376253,0,0,0,0,0,0,0,0,0,0,0,0,0,0,0,0,0,0,0,0,0,0,1,1,1,False
38,77589,-17,34059,1,713122,-19,18233,-0,002766538,0,9994256,-0,0009107091,-0,03376253,0,0,0,0,0,0,0,0,0,0,0,0,0,0,0,0,0,0,0,0,0,0,1,1,1,False
38,78525,-17,3401,1,712828,-19,18237,-0,002766538,0,9994256,-0,0009107091,-0,03376253,0,0,0,0,0,0,0,0,0,0,0,0,0,0,0,0,0,0,0,0,0,0,1,1,1,False
38,79605,-17,33952,1,712453,-19,18241,-0,002766538,0,9994256,-0,0009107091,-0,03376253,0,0,0,0,0,0,0,0,0,0,0,0,0,0,0,0,0,0,0,0,0,0,1,1,1,False
38,80553,-17,33899,1,712093,-19,18244,-0,002766538,0,9994256,-0,0009107091,-0,03376253,0,0,0,0,0,0,0,0,0,0,0,0,0,0,0,0,0,0,0,0,0,0,1,1,1,False
38,81483,-17,33845,1,711712,-19,18248,-0,002766538,0,9994256,-0,0009107091,-0,03376253,0,0,0,0,0,0,0,0,0,0,0,0,0,0,0,0,0,0,0,0,0,0,1,1,1,False
38,82311,-17,33796,1,711349,-19,18251,-0,002766538,0,9994256,-0,0009107091,-0,03376253,0,0,0,0,0,0,0,0,0,0,0,0,0,0,0,0,0,0,0,0,0,0,1,1,1,False
38,83242,-17,3374,1,710915,-19,18254,-0,002766538,0,9994256,-0,0009107091,-0,03376253,0,0,0,0,0,0,0,0,0,0,0,0,0,0,0,0,0,0,0,0,0,0,1,1,1,False
38,84091,-17,33688,1,710496,-19,18258,-0,002766538,0,9994256,-0,0009107091,-0,03376253,0,0,0,0,0,0,0,0,0,0,0,0,0,0,0,0,0,0,0,0,0,0,1,1,1,False
38,8507,-17,33626,1,709985,-19,18262,-0,002766538,0,9994256,-0,0009107091,-0,03376253,0,0,0,0,0,0,0,0,0,0,0,0,0,0,0,0,0,0,0,0,0,0,1,1,1,False
38,85901,-17,33572,1,709528,-19,18266,-0,002766538,0,9994256,-0,0009107091,-0,03376253,0,0,0,0,0,0,0,0,0,0,0,0,0,0,0,0,0,0,0,0,0,0,1,1,1,False
38,86737,-17,33517,1,709047,-19,18269,-0,002766538,0,9994256,-0,0009107091,-0,03376253,0,0,0,0,0,0,0,0,0,0,0,0,0,0,0,0,0,0,0,0,0,0,1,1,1,False
38,87649,-17,33455,1,708499,-19,18273,-0,002766538,0,9994256,-0,0009107091,-0,03376253,0,0,0,0,0,0,0,0,0,0,0,0,0,0,0,0,0,0,0,0,0,0,1,1,1,False
38,88498,-17,33397,1,707966,-19,18277,-0,002766538,0,9994256,-0,0009107091,-0,03376253,0,0,0,0,0,0,0,0,0,0,0,0,0,0,0,0,0,0,0,0,0,0,1,1,1,False
38,89433,-17,33332,1,707355,-19,18281,-0,002766538,0,9994256,-0,0009107091,-0,03376253,0,0,0,0,0,0,0,0,0,0,0,0,0,0,0,0,0,0,0,0,0,0,1,1,1,False
38,90348,-17,33267,1,706733,-19,18286,-0,002766538,0,9994256,-0,0009107091,-0,03376253,0,0,0,0,0,0,0,0,0,0,0,0,0,0,0,0,0,0,0,0,0,0,1,1,1,False
38,91288,-17,33199,1,706069,-19,1829,-0,002766538,0,9994256,-0,0009107091,-0,03376253,0,0,0,0,0,0,0,0,0,0,0,0,0,0,0,0,0,0,0,0,0,0,1,1,1,False
38,92181,-17,33133,1,705415,-19,18295,-0,002766538,0,9994256,-0,0009107091,-0,03376253,0,0,0,0,0,0,0,0,0,0,0,0,0,0,0,0,0,0,0,0,0,0,1,1,1,False
38,93314,-17,33048,1,704553,-19,183,-0,002766538,0,9994256,-0,0009107091,-0,03376253,0,0,0,0,0,0,0,0,0,0,0,0,0,0,0,0,0,0,0,0,0,0,1,1,1,False
38,94144,-17,32984,1,703901,-19,18304,-0,002766538,0,9994256,-0,0009107091,-0,03376253,0,0,0,0,0,0,0,0,0,0,0,0,0,0,0,0,0,0,0,0,0,0,1,1,1,False
38,95121,-17,32909,1,703108,-19,18309,-0,002766538,0,9994256,-0,0009107091,-0,03376253,0,0,0,0,0,0,0,0,0,0,0,0,0,0,0,0,0,0,0,0,0,0,1,1,1,False
38,9593,-17,32845,1,702435,-19,18313,-0,002766538,0,9994256,-0,0009107091,-0,03376253,0,0,0,0,0,0,0,0,0,0,0,0,0,0,0,0,0,0,0,0,0,0,1,1,1,False
38,96789,-17,32776,1,7017,-19,18318,-0,002766538,0,9994256,-0,0009107091,-0,03376253,0,0,0,0,0,0,0,0,0,0,0,0,0,0,0,0,0,0,0,0,0,0,1,1,1,False
38,9771,-17,32702,1,700892,-19,18323,-0,002766538,0,9994256,-0,0009107091,-0,03376253,0,0,0,0,0,0,0,0,0,0,0,0,0,0,0,0,0,0,0,0,0,0,1,1,1,False
38,98539,-17,32634,1,700146,-19,18327,-0,002766538,0,9994256,-0,0009107091,-0,03376253,0,0,0,0,0,0,0,0,0,0,0,0,0,0,0,0,0,0,0,0,0,0,1,1,1,False
38,99498,-17,32555,1,699264,-19,18332,-0,002766538,0,9994256,-0,0009107091,-0,03376253,0,0,0,0,0,0,0,0,0,0,0,0,0,0,0,0,0,0,0,0,0,0,1,1,1,False
39,00318,-17,32486,1,698492,-19,18337,-0,002766538,0,9994256,-0,0009107091,-0,03376253,0,0,0,0,0,0,0,0,0,0,0,0,0,0,0,0,0,0,0,0,0,0,1,1,1,False
39,01235,-17,32408,1,697611,-19,18342,-0,002766538,0,9994256,-0,0009107091,-0,03376253,0,0,0,0,0,0,0,0,0,0,0,0,0,0,0,0,0,0,0,0,0,0,1,1,1,False
39,02162,-17,32328,1,696701,-19,2339,-0,002766538,0,9994256,-0,0009107091,-0,03376253,0,0,0,0,0,0,0,0,0,0,0,0,0,0,0,0,0,0,0,0,0,0,1,1,1,False
39,03107,-17,32246,1,695753,-19,23395,-0,002766538,0,9994256,-0,0009107091,-0,03376253,0,0,0,0,0,0,0,0,0,0,0,0,0,0,0,0,0,0,0,0,0,0,1,1,1,False
39,03972,-17,32171,1,694871,-19,234,-0,002766538,0,9994256,-0,0009107091,-0,03376253,0,0,0,0,0,0,0,0,0,0,0,0,0,0,0,0,0,0,0,0,0,0,1,1,1,False
39,04958,-17,32083,1,693846,-19,26406,-0,002766538,0,9994256,-0,0009107091,-0,03376253,0,0,0,0,0,0,0,0,0,0,0,0,0,0,0,0,0,0,0,0,0,0,1,1,1,False
39,06038,-17,31987,1,692701,-19,34412,-0,002766538,0,9994256,-0,0009107091,-0,03376253,0,0,0,0,0,0,0,0,0,0,0,0,0,0,0,0,0,0,0,0,0,0,1,1,1,False
39,07056,-17,31894,1,691602,-19,42418,-0,002766538,0,9994256,-0,0009107091,-0,03376253,0,0,0,0,0,0,0,0,0,0,0,0,0,0,0,0,0,0,0,0,0,0,1,1,1,False
39,08015,-17,31807,1,690549,-19,56424,-0,002766538,0,9994256,-0,0009107091,-0,03376253,0,0,0,0,0,0,0,0,0,0,0,0,0,0,0,0,0,0,0,0,0,0,1,1,1,False
39,09654,-17,31655,1,688712,-20,04434,-0,002766538,0,9994256,-0,0009107091,-0,03376253,0,0,0,0,0,0,0,0,0,0,0,0,0,0,0,0,0,0,0,0,0,0,1,1,1,False
39,10585,-17,31569,1,68765,-20,65439,-0,002766538,0,9994256,-0,0009107091,-0,03376253,0,0,0,0,0,0,0,0,0,0,0,0,0,0,0,0,0,0,0,0,0,0,1,1,1,False
39,11637,-17,3147,1,686433,-21,69446,-0,002766538,0,9994256,-0,0009107091,-0,03376253,0,0,0,0,0,0,0,0,0,0,0,0,0,0,0,0,0,0,0,0,0,0,1,1,1,False
39,1256,-17,31382,1,685352,-22,19452,-0,002766538,0,9994256,-0,0009107091,-0,03376253,0,0,0,0,0,0,0,0,0,0,0,0,0,0,0,0,0,0,0,0,0,0,1,1,1,False
39,13586,-17,31284,1,684136,-22,71458,-0,002766538,0,9994256,-0,0009107091,-0,03376253,0,0,0,0,0,0,0,0,0,0,0,0,0,0,0,0,0,0,0,0,0,0,1,1,1,False
39,14603,-17,31186,1,682917,-23,33464,-0,002766538,0,9994256,-0,0009107091,-0,03376253,0,0,0,0,0,0,0,0,0,0,0,0,0,0,0,0,0,0,0,0,0,0,1,1,1,False
39,15668,-17,31083,1,681627,-23,74471,-0,002766538,0,9994256,-0,0009107091,-0,03376253,0,0,0,0,0,0,0,0,0,0,0,0,0,0,0,0,0,0,0,0,0,0,1,1,1,False
39,16638,-17,30989,1,68044,-24,01477,-0,002766538,0,9994256,-0,0009107091,-0,03376253,0,0,0,0,0,0,0,0,0,0,0,0,0,0,0,0,0,0,0,0,0,0,1,1,1,False
39,17669,-17,30889,1,679169,-24,09484,-0,002766538,0,9994256,-0,0009107091,-0,03376253,0,0,0,0,0,0,0,0,0,0,0,0,0,0,0,0,0,0,0,0,0,0,1,1,1,False
39,18596,-17,30798,1,677174,-24,1749,-0,002766538,0,9994256,-0,0009107091,-0,03376253,0,0,0,0,0,0,0,0,0,0,0,0,0,0,0,0,0,0,0,0,0,0,1,1,1,False
39,19644,-17,30694,1,676705,-24,25496,-0,002766538,0,9994256,-0,0009107091,-0,03376253,0,0,0,0,0,0,0,0,0,0,0,0,0,0,0,0,0,0,0,0,0,0,1,1,1,False
39,20554,-17,30604,1,675558,-24,29502,-0,002766538,0,9994256,-0,0009107091,-0,03376253,0,0,0,0,0,0,0,0,0,0,0,0,0,0,0,0,0,0,0,0,0,0,1,1,1,False
39,21572,-17,30503,1,674268,-24,33509,-0,002766538,0,9994256,-0,0009107091,-0,03376253,0,0,0,0,0,0,0,0,0,0,0,0,0,0,0,0,0,0,0,0,0,0,1,1,1,False
39,22535,-17,30407,1,673042,-24,49515,-0,002766538,0,9994256,-0,0009107091,-0,03376253,0,0,0,0,0,0,0,0,0,0,0,0,0,0,0,0,0,0,0,0,0,0,1,1,1,False
39,23592,-17,30302,1,671689,-24,57522,-0,002766538,0,9994256,-0,0009107091,-0,03376253,0,0,0,0,0,0,0,0,0,0,0,0,0,0,0,0,0,0,0,0,0,0,1,1,1,False
39,25328,-17,30128,1,669458,-25,27533,-0,002766538,0,9994256,-0,0009107091,-0,03376253,0,0,0,0,0,0,0,0,0,0,0,0,0,0,0,0,0,0,0,0,0,0,1,1,1,False
39,26376,-17,30023,1,667028,-25,7454,-0,002766538,0,9994256,-0,0009107091,-0,03376253,0,0,0,0,0,0,0,0,0,0,0,0,0,0,0,0,0,0,0,0,0,0,1,1,1,False
39,2739,-17,29921,1,664742,-26,14547,-0,002766538,0,9994256,-0,0009107091,-0,03376253,0,0,0,0,0,0,0,0,0,0,0,0,0,0,0,0,0,0,0,0,0,0,1,1,1,False
39,28304,-17,29829,1,665612,-26,55552,-0,002766538,0,9994256,-0,0009107091,-0,03376253,0,0,0,0,0,0,0,0,0,0,0,0,0,0,0,0,0,0,0,0,0,0,1,1,1,False
39,29366,-17,29723,1,664238,-27,35559,-0,002766538,0,9994256,-0,0009107091,-0,03376253,0,0,0,0,0,0,0,0,0,0,0,0,0,0,0,0,0,0,0,0,0,0,1,1,1,False
39,30286,-17,2963,1,663047,-27,95566,-0,002766538,0,9994256,-0,0009107091,-0,03376253,0,0,0,0,0,0,0,0,0,0,0,0,0,0,0,0,0,0,0,0,0,0,1,1,1,False
39,31291,-17,29529,1,661748,-28,46572,-0,002766538,0,9994256,-0,0009107091,-0,03376253,0,0,0,0,0,0,0,0,0,0,0,0,0,0,0,0,0,0,0,0,0,0,1,1,1,False
39,32243,-17,29434,1,660518,-28,72578,-0,002766538,0,9994256,-0,0009107091,-0,03376253,0,0,0,0,0,0,0,0,0,0,0,0,0,0,0,0,0,0,0,0,0,0,1,1,1,False
39,33331,-17,29325,1,659117,-29,47585,-0,002766538,0,9994256,-0,0009107091,-0,03376253,0,0,0,0,0,0,0,0,0,0,0,0,0,0,0,0,0,0,0,0,0,0,1,1,1,False
39,34262,-17,29232,1,657921,-29,86592,-0,002766538,0,9994256,-0,0009107091,-0,03376253,0,0,0,0,0,0,0,0,0,0,0,0,0,0,0,0,0,0,0,0,0,0,1,1,1,False
39,35376,-17,2912,1,656495,-30,32599,-0,002766538,0,9994256,-0,0009107091,-0,03376253,0,0,0,0,0,0,0,0,0,0,0,0,0,0,0,0,0,0,0,0,0,0,1,1,1,False
39,36286,-17,2903,1,655337,-30,72605,-0,002766538,0,9994256,-0,0009107091,-0,03376253,0,0,0,0,0,0,0,0,0,0,0,0,0,0,0,0,0,0,0,0,0,0,1,1,1,False
39,37312,-17,28928,2,575516,-31,82611,-0,002766538,0,9994256,-0,0009107091,-0,03376253,0,0,0,0,0,0,0,0,0,0,0,0,0,0,0,0,0,0,0,0,0,0,1,1,1,False
39,3824,-17,28836,1,652865,-32,46617,-0,002766538,0,9994256,-0,0009107091,-0,03376253,0,0,0,0,0,0,0,0,0,0,0,0,0,0,0,0,0,0,0,0,0,0,1,1,1,False
39,3926,-17,28736,1,651587,-33,19624,-0,002766538,0,9994256,-0,0009107091,-0,03376253,0,0,0,0,0,0,0,0,0,0,0,0,0,0,0,0,0,0,0,0,0,0,1,1,1,False
39,40878,-17,28577,1,649579,-34,88634,-0,002766538,0,9994256,-0,0009107091,-0,03376253,0,0,0,0,0,0,0,0,0,0,0,0,0,0,0,0,0,0,0,0,0,0,1,1,1,False
39,41906,-17,28477,1,648318,-35,63641,-0,002766538,0,9994256,-0,0009107091,-0,03376253,0,0,0,0,0,0,0,0,0,0,0,0,0,0,0,0,0,0,0,0,0,0,1,1,1,False
39,4283,-17,28387,1,647193,-37,47646,-0,002766538,0,9994256,-0,0009107091,-0,03376253,0,0,0,0,0,0,0,0,0,0,0,0,0,0,0,0,0,0,0,0,0,0,1,1,1,False
39,43769,-17,28297,1,646061,-37,47652,-0,002766538,0,9994256,-0,0009107091,-0,03376253,0,0,0,0,0,0,0,0,0,0,0,0,0,0,0,0,0,0,0,0,0,0,1,1,1,False
39,4474,-17,28204,1,644902,-40,13659,-0,002766538,0,9994256,-0,0009107091,-0,03376253,0,0,0,0,0,0,0,0,0,0,0,0,0,0,0,0,0,0,0,0,0,0,1,1,1,False
39,45795,-17,28103,1,643657,-40,80665,-0,002766538,0,9994256,-0,0009107091,-0,03376253,0,0,0,0,0,0,0,0,0,0,0,0,0,0,0,0,0,0,0,0,0,0,1,1,1,False
39,46707,-17,28017,1,642594,-42,41671,-0,002766538,0,9994256,-0,0009107091,-0,03376253,0,0,0,0,0,0,0,0,0,0,0,0,0,0,0,0,0,0,0,0,0,0,1,1,1,False
39,47716,-17,27922,1,641431,-43,05677,-0,002766538,0,9994256,-0,0009107091,-0,03376253,0,0,0,0,0,0,0,0,0,0,0,0,0,0,0,0,0,0,0,0,0,0,1,1,1,False
39,48629,-17,27837,1,640394,-45,05682,-0,002766538,0,9994256,-0,0009107091,-0,03376253,0,0,0,0,0,0,0,0,0,0,0,0,0,0,0,0,0,0,0,0,0,0,1,1,1,False
39,49669,-17,27741,1,639229,-46,61689,-0,002766538,0,9994256,-0,0009107091,-0,03376253,0,0,0,0,0,0,0,0,0,0,0,0,0,0,0,0,0,0,0,0,0,0,1,1,1,False
39,50608,-17,27655,1,638193,-47,49694,-0,002766538,0,9994256,-0,0009107091,-0,03376253,0,0,0,0,0,0,0,0,0,0,0,0,0,0,0,0,0,0,0,0,0,0,1,1,1,False
39,51616,-17,27564,1,637098,-48,277,-0,002766538,0,9994256,-0,0009107091,-0,03376253,0,0,0,0,0,0,0,0,0,0,0,0,0,0,0,0,0,0,0,0,0,0,1,1,1,False
39,52557,-17,27479,1,636094,-48,93706,-0,002766538,0,9994256,-0,0009107091,-0,03376253,0,0,0,0,0,0,0,0,0,0,0,0,0,0,0,0,0,0,0,0,0,0,1,1,1,False
39,5357,-17,27389,1,635031,-50,90712,-0,002766538,0,9994256,-0,0009107091,-0,03376253,0,0,0,0,0,0,0,0,0,0,0,0,0,0,0,0,0,0,0,0,0,0,1,1,1,False
39,54535,-17,27304,1,634039,-51,49717,-0,002766538,0,9994256,-0,0009107091,-0,03376253,0,0,0,0,0,0,0,0,0,0,0,0,0,0,0,0,0,0,0,0,0,0,1,1,1,False
39,56314,-17,2715,1,63226,-52,86727,-0,002766538,0,9994256,-0,0009107091,-0,03376253,0,0,0,0,0,0,0,0,0,0,0,0,0,0,0,0,0,0,0,0,0,0,1,1,1,False
39,57481,-17,0432,1,629796,-54,00283,-0,002766538,0,9994256,-0,0009107091,-0,03376253,0,0,0,0,0,0,0,0,0,0,0,0,0,0,0,0,0,0,0,0,0,0,1,1,1,False
39,58426,-17,10282,1,628282,-54,56925,-0,002766538,0,9994256,-0,0009107091,-0,03376253,0,0,0,0,0,0,0,0,0,0,0,0,0,0,0,0,0,0,0,0,0,0,1,1,1,False
39,59467,-17,26885,1,629281,-55,47744,-0,002766538,0,9994256,-0,0009107091,-0,03376253,0,0,0,0,0,0,0,0,0,0,0,0,0,0,0,0,0,0,0,0,0,0,1,1,1,False
39,60397,-17,26809,1,628446,-55,99749,-0,002766538,0,9994256,-0,0009107091,-0,03376253,0,0,0,0,0,0,0,0,0,0,0,0,0,0,0,0,0,0,0,0,0,0,1,1,1,False
39,61443,-17,26724,1,627533,-56,53755,-0,002766538,0,9994256,-0,0009107091,-0,03376253,0,0,0,0,0,0,0,0,0,0,0,0,0,0,0,0,0,0,0,0,0,0,1,1,1,False
39,62374,-17,2665,1,626744,-57,4176,-0,002766538,0,9994256,-0,0009107091,-0,03376253,0,0,0,0,0,0,0,0,0,0,0,0,0,0,0,0,0,0,0,0,0,0,1,1,1,False
39,63397,-17,26571,1,625901,-57,97765,-0,002766538,0,9994256,-0,0009107091,-0,03376253,0,0,0,0,0,0,0,0,0,0,0,0,0,0,0,0,0,0,0,0,0,0,1,1,1,False
39,64723,-17,26469,1,624851,-58,34772,-0,002766538,0,9994256,-0,0009107091,-0,03376253,0,0,0,0,0,0,0,0,0,0,0,0,0,0,0,0,0,0,0,0,0,0,1,1,1,False
39,65784,-17,26389,1,624046,-58,72777,-0,002766538,0,9994256,-0,0009107091,-0,03376253,0,0,0,0,0,0,0,0,0,0,0,0,0,0,0,0,0,0,0,0,0,0,1,1,1,False
39,6672,-17,2632,1,623361,-58,90781,-0,002766538,0,9994256,-0,0009107091,-0,03376253,0,0,0,0,0,0,0,0,0,0,0,0,0,0,0,0,0,0,0,0,0,0,1,1,1,False
39,67785,-17,26243,1,62261,-59,10786,-0,002766538,0,9994256,-0,0009107091,-0,03376253,0,0,0,0,0,0,0,0,0,0,0,0,0,0,0,0,0,0,0,0,0,0,1,1,1,False
39,68599,-17,26185,1,622059,-59,1079,-0,002766538,0,9994256,-0,0009107091,-0,03376253,0,0,0,0,0,0,0,0,0,0,0,0,0,0,0,0,0,0,0,0,0,0,1,1,1,False
39,69545,-17,26119,1,621442,-59,10794,-0,002766538,0,9994256,-0,0009107091,-0,03376253,0,0,0,0,0,0,0,0,0,0,0,0,0,0,0,0,0,0,0,0,0,0,1,1,1,False
39,71116,-17,26013,1,620477,-59,29802,-0,002766538,0,9994256,-0,0009107091,-0,03376253,0,0,0,0,0,0,0,0,0,0,0,0,0,0,0,0,0,0,0,0,0,0,1,1,1,False
39,72149,-17,25945,1,619882,-59,49806,-0,002766538,0,9994256,-0,0009107091,-0,03376253,0,0,0,0,0,0,0,0,0,0,0,0,0,0,0,0,0,0,0,0,0,0,1,1,1,False
39,73063,-17,25886,1,619383,-59,4981,-0,002766538,0,9994256,-0,0009107091,-0,03376253,0,0,0,0,0,0,0,0,0,0,0,0,0,0,0,0,0,0,0,0,0,0,1,1,1,False
39,73925,-17,25831,1,618934,-59,49814,-0,002766538,0,9994256,-0,0009107091,-0,03376253,0,0,0,0,0,0,0,0,0,0,0,0,0,0,0,0,0,0,0,0,0,0,1,1,1,False
39,74751,-17,2578,1,618528,-59,49817,-0,002766538,0,9994256,-0,0009107091,-0,03376253,0,0,0,0,0,0,0,0,0,0,0,0,0,0,0,0,0,0,0,0,0,0,1,1,1,False
39,75742,-17,2572,1,618068,-59,49821,-0,002766538,0,9994256,-0,0009107091,-0,03376253,0,0,0,0,0,0,0,0,0,0,0,0,0,0,0,0,0,0,0,0,0,0,1,1,1,False
39,76563,-17,25672,1,61771,-59,49824,-0,002766538,0,9994256,-0,0009107091,-0,03376253,0,0,0,0,0,0,0,0,0,0,0,0,0,0,0,0,0,0,0,0,0,0,1,1,1,False
39,7752,-17,25617,1,617319,-59,49828,-0,002766538,0,9994256,-0,0009107091,-0,03376253,0,0,0,0,0,0,0,0,0,0,0,0,0,0,0,0,0,0,0,0,0,0,1,1,1,False
39,78525,-17,25561,1,616941,-59,69831,-0,002766538,0,9994256,-0,0009107091,-0,03376253,0,0,0,0,0,0,0,0,0,0,0,0,0,0,0,0,0,0,0,0,0,0,1,1,1,False
39,79544,-17,25506,1,616591,-59,88835,-0,002766538,0,9994256,-0,0009107091,-0,03376253,0,0,0,0,0,0,0,0,0,0,0,0,0,0,0,0,0,0,0,0,0,0,1,1,1,False
39,80508,-17,25456,1,616291,-60,27839,-0,002766538,0,9994256,-0,0009107091,-0,03376253,0,0,0,0,0,0,0,0,0,0,0,0,0,0,0,0,0,0,0,0,0,0,1,1,1,False
39,82254,-17,25368,1,615826,-60,67844,-0,002766538,0,9994256,-0,0009107091,-0,03376253,0,0,0,0,0,0,0,0,0,0,0,0,0,0,0,0,0,0,0,0,0,0,1,1,1,False
39,83341,-17,25317,1,615587,-61,08848,-0,002766538,0,9994256,-0,0009107091,-0,03376253,0,0,0,0,0,0,0,0,0,0,0,0,0,0,0,0,0,0,0,0,0,0,1,1,1,False
39,84333,-17,25272,1,615404,-61,49851,-0,002766538,0,9994256,-0,0009107091,-0,03376253,0,0,0,0,0,0,0,0,0,0,0,0,0,0,0,0,0,0,0,0,0,0,1,1,1,False
39,85502,-17,2522,1,615229,-61,90854,-0,002766538,0,9994256,-0,0009107091,-0,03376253,0,0,0,0,0,0,0,0,0,0,0,0,0,0,0,0,0,0,0,0,0,0,1,1,1,False
39,87046,-17,25157,1,61507,-63,18858,-0,002766538,0,9994256,-0,0009107091,-0,03376253,0,0,0,0,0,0,0,0,0,0,0,0,0,0,0,0,0,0,0,0,0,0,1,1,1,False
39,8808,-17,25117,1,615008,-64,51862,-0,002766538,0,9994256,-0,0009107091,-0,03376253,0,0,0,0,0,0,0,0,0,0,0,0,0,0,0,0,0,0,0,0,0,0,1,1,1,False
39,89106,-17,25079,1,614981,-65,18864,-0,002766538,0,9994256,-0,0009107091,-0,03376253,0,0,0,0,0,0,0,0,0,0,0,0,0,0,0,0,0,0,0,0,0,0,1,1,1,False
39,90051,-17,25046,1,614112,-66,36866,-0,002766538,0,9994256,-0,0009107091,-0,03376253,0,0,0,0,0,0,0,0,0,0,0,0,0,0,0,0,0,0,0,0,0,0,1,1,1,False
39,91031,-17,25013,1,6123,-66,36868,-0,002766538,0,9994256,-0,0009107091,-0,03376253,0,0,0,0,0,0,0,0,0,0,0,0,0,0,0,0,0,0,0,0,0,0,1,1,1,False
39,91971,-17,24984,1,612456,-66,8487,-0,002766538,0,9994256,-0,0009107091,-0,03376253,0,0,0,0,0,0,0,0,0,0,0,0,0,0,0,0,0,0,0,0,0,0,1,1,1,False
39,92976,-17,24954,1,611386,-67,33872,-0,002766538,0,9994256,-0,0009107091,-0,03376253,0,0,0,0,0,0,0,0,0,0,0,0,0,0,0,0,0,0,0,0,0,0,1,1,1,False
39,93909,-17,24928,1,607116,-67,33874,-0,002766538,0,9994256,-0,0009107091,-0,03376253,0,0,0,0,0,0,0,0,0,0,0,0,0,0,0,0,0,0,0,0,0,0,1,1,1,False
39,94879,-17,24903,1,610005,-67,56876,-0,002766538,0,9994256,-0,0009107091,-0,03376253,0,0,0,0,0,0,0,0,0,0,0,0,0,0,0,0,0,0,0,0,0,0,1,1,1,False
39,95879,-17,24879,1,603564,-67,56877,-0,002766538,0,9994256,-0,0009107091,-0,03376253,0,0,0,0,0,0,0,0,0,0,0,0,0,0,0,0,0,0,0,0,0,0,1,1,1,False
39,96689,-17,24861,1,597722,-67,56879,-0,002766538,0,9994256,-0,0009107091,-0,03376253,0,0,0,0,0,0,0,0,0,0,0,0,0,0,0,0,0,0,0,0,0,0,1,1,1,False
39,97659,-17,24841,1,589843,-67,56879,-0,002766538,0,9994256,-0,0009107091,-0,03376253,0,0,0,0,0,0,0,0,0,0,0,0,0,0,0,0,0,0,0,0,0,0,1,1,1,False
39,98494,-17,24826,1,582397,-67,56881,-0,002766538,0,9994256,-0,0009107091,-0,03376253,0,0,0,0,0,0,0,0,0,0,0,0,0,0,0,0,0,0,0,0,0,0,1,1,1,False
39,99566,-17,24808,1,571743,-67,56882,-0,002766538,0,9994256,-0,0009107091,-0,03376253,0,0,0,0,0,0,0,0,0,0,0,0,0,0,0,0,0,0,0,0,0,0,1,1,1,False
40,00513,-17,24794,1,561474,-67,56883,-0,002766538,0,9994256,-0,0009107091,-0,03376253,0,0,0,0,0,0,0,0,0,0,0,0,0,0,0,0,0,0,0,0,0,0,1,1,1,False
40,02084,-17,24775,1,542096,-67,56885,-0,002766538,0,9994256,-0,0009107091,-0,03376253,0,0,0,0,0,0,0,0,0,0,0,0,0,0,0,0,0,0,0,0,0,0,1,1,1,False
40,03005,-17,24766,1,529949,-67,56886,-0,002766538,0,9994256,-0,0009107091,-0,03376253,0,0,0,0,0,0,0,0,0,0,0,0,0,0,0,0,0,0,0,0,0,0,1,1,1,False
40,03856,-17,24759,1,518033,-67,56886,-0,002766538,0,9994256,-0,0009107091,-0,03376253,0,0,0,0,0,0,0,0,0,0,0,0,0,0,0,0,0,0,0,0,0,0,1,1,1,False
40,04676,-17,24754,1,505911,-67,56886,-0,002766538,0,9994256,-0,0009107091,-0,03376253,0,0,0,0,0,0,0,0,0,0,0,0,0,0,0,0,0,0,0,0,0,0,1,1,1,False
40,05692,-17,2475,1,489913,-67,56886,-0,002766538,0,9994256,-0,0009107091,-0,03376253,0,0,0,0,0,0,0,0,0,0,0,0,0,0,0,0,0,0,0,0,0,0,1,1,1,False
40,06651,-17,24747,1,473937,-67,56887,-0,002766538,0,9994256,-0,0009107091,-0,03376253,0,0,0,0,0,0,0,0,0,0,0,0,0,0,0,0,0,0,0,0,0,0,1,1,1,False
40,0765,-17,24747,1,456332,-67,56887,-0,002766538,0,9994256,-0,0009107091,-0,03376253,0,0,0,0,0,0,0,0,0,0,0,0,0,0,0,0,0,0,0,0,0,0,1,1,1,False
40,08578,-17,24748,1,439175,-67,56887,-0,002766538,0,9994256,-0,0009107091,-0,03376253,0,0,0,0,0,0,0,0,0,0,0,0,0,0,0,0,0,0,0,0,0,0,1,1,1,False
40,09599,-17,24752,1,419293,-67,56887,-0,002766538,0,9994256,-0,0009107091,-0,03376253,0,0,0,0,0,0,0,0,0,0,0,0,0,0,0,0,0,0,0,0,0,0,1,1,1,False
40,10509,-17,24757,1,400784,-67,56887,-0,002766538,0,9994256,-0,0009107091,-0,03376253,0,0,0,0,0,0,0,0,0,0,0,0,0,0,0,0,0,0,0,0,0,0,1,1,1,False
40,11546,-17,24764,1,37869,-67,56886,-0,002766538,0,9994256,-0,0009107091,-0,03376253,0,0,0,0,0,0,0,0,0,0,0,0,0,0,0,0,0,0,0,0,0,0,1,1,1,False
40,12596,-17,24775,1,35524,-67,56886,-0,002766538,0,9994256,-0,0009107091,-0,03376253,0,0,0,0,0,0,0,0,0,0,0,0,0,0,0,0,0,0,0,0,0,0,1,1,1,False
40,13627,-17,24786,1,331219,-67,56886,-0,002766538,0,9994256,-0,0009107091,-0,03376253,0,0,0,0,0,0,0,0,0,0,0,0,0,0,0,0,0,0,0,0,0,0,1,1,1,False
40,14554,-17,24799,1,308801,-67,56885,-0,002766538,0,9994256,-0,0009107091,-0,03376253,0,0,0,0,0,0,0,0,0,0,0,0,0,0,0,0,0,0,0,0,0,0,1,1,1,False
40,15625,-17,24815,1,281804,-67,56883,-0,002766538,0,9994256,-0,0009107091,-0,03376253,0,0,0,0,0,0,0,0,0,0,0,0,0,0,0,0,0,0,0,0,0,0,1,1,1,False
40,17343,-17,24847,1,235657,-67,56882,-0,002766538,0,9994256,-0,0009107091,-0,03376253,0,0,0,0,0,0,0,0,0,0,0,0,0,0,0,0,0,0,0,0,0,0,1,1,1,False
40,18363,-17,24868,1,207259,-67,5688,-0,002766538,0,9994256,-0,0009107091,-0,03376253,0,0,0,0,0,0,0,0,0,0,0,0,0,0,0,0,0,0,0,0,0,0,1,1,1,False
40,1938,-17,24891,1,177988,-67,56879,-0,002766538,0,9994256,-0,0009107091,-0,03376253,0,0,0,0,0,0,0,0,0,0,0,0,0,0,0,0,0,0,0,0,0,0,1,1,1,False
40,20294,-17,24914,1,150868,-67,56878,-0,002766538,0,9994256,-0,0009107091,-0,03376253,0,0,0,0,0,0,0,0,0,0,0,0,0,0,0,0,0,0,0,0,0,0,1,1,1,False
40,21326,-17,24942,1,11923,-67,56876,-0,002766538,0,9994256,-0,0009107091,-0,03376253,0,0,0,0,0,0,0,0,0,0,0,0,0,0,0,0,0,0,0,0,0,0,1,1,1,False
40,22247,-17,24968,1,090189,-67,56874,-0,002766538,0,9994256,-0,0009107091,-0,03376253,0,0,0,0,0,0,0,0,0,0,0,0,0,0,0,0,0,0,0,0,0,0,1,1,1,False
40,23537,-17,25008,1,047876,-67,56872,-0,002766538,0,9994256,-0,0009107091,-0,03376253,0,0,0,0,0,0,0,0,0,0,0,0,0,0,0,0,0,0,0,0,0,0,1,1,1,False
40,2458,-17,25042,1,012639,-67,5687,-0,002766538,0,9994256,-0,0009107091,-0,03376253,0,0,0,0,0,0,0,0,0,0,0,0,0,0,0,0,0,0,0,0,0,0,1,1,1,False
40,2561,-17,25078,0,9768317,-67,56868,-0,002766538,0,9994256,-0,0009107091,-0,03376253,0,0,0,0,0,0,0,0,0,0,0,0,0,0,0,0,0,0,0,0,0,0,1,1,1,False
40,267,-17,25118,0,9377754,-67,56865,-0,002766538,0,9994256,-0,0009107091,-0,03376253,0,0,0,0,0,0,0,0,0,0,0,0,0,0,0,0,0,0,0,0,0,0,1,1,1,False
40,27813,-17,25162,0,8967381,-67,56863,-0,002766538,0,9994256,-0,0009107091,-0,03376253,0,0,0,0,0,0,0,0,0,0,0,0,0,0,0,0,0,0,0,0,0,0,1,1,1,False
40,28756,-17,252,0,8610883,-67,5686,-0,002766538,0,9994256,-0,0009107091,-0,03376253,0,0,0,0,0,0,0,0,0,0,0,0,0,0,0,0,0,0,0,0,0,0,1,1,1,False
40,29776,-17,25244,0,8215215,-67,56857,-0,002766538,0,9994256,-0,0009107091,-0,03376253,0,0,0,0,0,0,0,0,0,0,0,0,0,0,0,0,0,0,0,0,0,0,1,1,1,False
40,30721,-17,25286,0,7840204,-67,56855,-0,002766538,0,9994256,-0,0009107091,-0,03376253,0,0,0,0,0,0,0,0,0,0,0,0,0,0,0,0,0,0,0,0,0,0,1,1,1,False
40,3236,-17,25362,0,7163742,-67,5685,-0,002766538,0,9994256,-0,0009107091,-0,03376253,0,0,0,0,0,0,0,0,0,0,0,0,0,0,0,0,0,0,0,0,0,0,1,1,1,False
40,33437,-17,25415,0,6708229,-67,56847,-0,002766538,0,9994256,-0,0009107091,-0,03376253,0,0,0,0,0,0,0,0,0,0,0,0,0,0,0,0,0,0,0,0,0,0,1,1,1,False
40,34406,-17,25464,0,6289246,-67,56844,-0,002766538,0,9994256,-0,0009107091,-0,03376253,0,0,0,0,0,0,0,0,0,0,0,0,0,0,0,0,0,0,0,0,0,0,1,1,1,False
40,35429,-17,25518,0,5836587,-67,5684,-0,002766538,0,9994256,-0,0009107091,-0,03376253,0,0,0,0,0,0,0,0,0,0,0,0,0,0,0,0,0,0,0,0,0,0,1,1,1,False
40,36486,-17,25576,0,5357757,-67,56837,-0,002766538,0,9994256,-0,0009107091,-0,03376253,0,0,0,0,0,0,0,0,0,0,0,0,0,0,0,0,0,0,0,0,0,0,1,1,1,False
40,37537,-17,25635,0,4871395,-67,56833,-0,002766538,0,9994256,-0,0009107091,-0,03376253,0,0,0,0,0,0,0,0,0,0,0,0,0,0,0,0,0,0,0,0,0,0,1,1,1,False
40,38456,-17,25688,0,4437997,-67,56829,-0,002766538,0,9994256,-0,0009107091,-0,03376253,0,0,0,0,0,0,0,0,0,0,0,0,0,0,0,0,0,0,0,0,0,0,1,1,1,False
40,39497,-17,2575,0,393621,-67,56825,-0,002766538,0,9994256,-0,0009107091,-0,03376253,0,0,0,0,0,0,0,0,0,0,0,0,0,0,0,0,0,0,0,0,0,0,1,1,1,False
40,40424,-17,25806,0,3481438,-67,56822,-0,002766538,0,9994256,-0,0009107091,-0,03376253,0,0,0,0,0,0,0,0,0,0,0,0,0,0,0,0,0,0,0,0,0,0,1,1,1,False
40,41477,-17,25872,0,2953687,-67,56818,-0,002766538,0,9994256,-0,0009107091,-0,03376253,0,0,0,0,0,0,0,0,0,0,0,0,0,0,0,0,0,0,0,0,0,0,1,1,1,False
40,42444,-17,25934,0,2459946,-67,56814,-0,002766538,0,9994256,-0,0009107091,-0,03376253,0,0,0,0,0,0,0,0,0,0,0,0,0,0,0,0,0,0,0,0,0,0,1,1,1,False
40,43468,-17,26001,0,1926925,-67,56809,-0,002766538,0,9994256,-0,0009107091,-0,03376253,0,0,0,0,0,0,0,0,0,0,0,0,0,0,0,0,0,0,0,0,0,0,1,1,1,False
40,44482,-17,26069,0,1389296,-67,56805,-0,002766538,0,9994256,-0,0009107091,-0,03376253,0,0,0,0,0,0,0,0,0,0,0,0,0,0,0,0,0,0,0,0,0,0,1,1,1,False
40,45578,-17,26145,0,07958913,-67,568,-0,002766538,0,9994256,-0,0009107091,-0,03376253,0,0,0,0,0,0,0,0,0,0,0,0,0,0,0,0,0,0,0,0,0,0,1,1,1,False
40,46667,-17,26221,0,01948929,-67,56796,-0,002766538,0,9994256,-0,0009107091,-0,03376253,0,0,0,0,0,0,0,0,0,0,0,0,0,0,0,0,0,0,0,0,0,0,1,1,1,False
40,48436,-17,26349,-0,08117175,-67,56787,-0,002766538,0,9994256,-0,0009107091,-0,03376253,0,0,0,0,0,0,0,0,0,0,0,0,0,0,0,0,0,0,0,0,0,0,1,1,1,False
40,49484,-17,26427,-0,1418893,-67,56783,-0,002766538,0,9994256,-0,0009107091,-0,03376253,0,0,0,0,0,0,0,0,0,0,0,0,0,0,0,0,0,0,0,0,0,0,1,1,1,False
40,5041,-17,26497,-0,1963909,-67,56778,-0,002766538,0,9994256,-0,0009107091,-0,03376253,0,0,0,0,0,0,0,0,0,0,0,0,0,0,0,0,0,0,0,0,0,0,1,1,1,False
40,51442,-17,26576,-0,2581117,-67,56773,-0,002766538,0,9994256,-0,0009107091,-0,03376253,0,0,0,0,0,0,0,0,0,0,0,0,0,0,0,0,0,0,0,0,0,0,1,1,1,False
40,52451,-17,26655,-0,3195298,-67,56767,-0,002766538,0,9994256,-0,0009107091,-0,03376253,0,0,0,0,0,0,0,0,0,0,0,0,0,0,0,0,0,0,0,0,0,0,1,1,1,False
40,53524,-17,2674,-0,3859396,-67,56762,-0,002766538,0,9994256,-0,0009107091,-0,03376253,0,0,0,0,0,0,0,0,0,0,0,0,0,0,0,0,0,0,0,0,0,0,1,1,1,False
40,54462,-17,26816,-0,4448709,-67,56757,-0,002766538,0,9994256,-0,0009107091,-0,03376253,0,0,0,0,0,0,0,0,0,0,0,0,0,0,0,0,0,0,0,0,0,0,1,1,1,False
40,55479,-17,26899,-0,5098412,-67,56752,-0,002766538,0,9994256,-0,0009107091,-0,03376253,0,0,0,0,0,0,0,0,0,0,0,0,0,0,0,0,0,0,0,0,0,0,1,1,1,False
40,56472,-17,26982,-0,5741324,-67,56747,-0,002766538,0,9994256,-0,0009107091,-0,03376253,0,0,0,0,0,0,0,0,0,0,0,0,0,0,0,0,0,0,0,0,0,0,1,1,1,False
40,57522,-17,2707,-0,6433105,-67,56741,-0,002766538,0,9994256,-0,0009107091,-0,03376253,0,0,0,0,0,0,0,0,0,0,0,0,0,0,0,0,0,0,0,0,0,0,1,1,1,False
40,58477,-17,27151,-0,7071047,-67,56735,-0,002766538,0,9994256,-0,0009107091,-0,03376253,0,0,0,0,0,0,0,0,0,0,0,0,0,0,0,0,0,0,0,0,0,0,1,1,1,False
40,59595,-17,27248,-0,7829711,-67,56729,-0,002766538,0,9994256,-0,0009107091,-0,03376253,0,0,0,0,0,0,0,0,0,0,0,0,0,0,0,0,0,0,0,0,0,0,1,1,1,False
40,60583,-17,27334,-0,8510547,-67,56724,-0,002766538,0,9994256,-0,0009107091,-0,03376253,0,0,0,0,0,0,0,0,0,0,0,0,0,0,0,0,0,0,0,0,0,0,1,1,1,False
40,61684,-17,27431,-0,9280553,-67,56718,-0,002766538,0,9994256,-0,0009107091,-0,03376253,0,0,0,0,0,0,0,0,0,0,0,0,0,0,0,0,0,0,0,0,0,0,1,1,1,False
40,63382,-17,27583,-1,049717,-67,56708,-0,002766538,0,9994256,-0,0009107091,-0,03376253,0,0,0,0,0,0,0,0,0,0,0,0,0,0,0,0,0,0,0,0,0,0,1,1,1,False
40,64444,-17,2768,-1,126901,-67,56702,-0,002766538,0,9994256,-0,0009107091,-0,03376253,0,0,0,0,0,0,0,0,0,0,0,0,0,0,0,0,0,0,0,0,0,0,1,1,1,False
40,65477,-17,27774,-1,203071,-67,56695,-0,002766538,0,9994256,-0,0009107091,-0,03376253,0,0,0,0,0,0,0,0,0,0,0,0,0,0,0,0,0,0,0,0,0,0,1,1,1,False
40,66439,-17,27864,-1,274905,-67,56689,-0,002766538,0,9994256,-0,0009107091,-0,03376253,0,0,0,0,0,0,0,0,0,0,0,0,0,0,0,0,0,0,0,0,0,0,1,1,1,False
40,67588,-17,27971,-1,362055,-67,56683,-0,002766538,0,9994256,-0,0009107091,-0,03376253,0,0,0,0,0,0,0,0,0,0,0,0,0,0,0,0,0,0,0,0,0,0,1,1,1,False
40,68509,-17,28057,-1,432734,-67,56676,-0,002766538,0,9994256,-0,0009107091,-0,03376253,0,0,0,0,0,0,0,0,0,0,0,0,0,0,0,0,0,0,0,0,0,0,1,1,1,False
40,69507,-17,28152,-1,510318,-67,5667,-0,002766538,0,9994256,-0,0009107091,-0,03376253,0,0,0,0,0,0,0,0,0,0,0,0,0,0,0,0,0,0,0,0,0,0,1,1,1,False
40,70385,-17,28235,-1,579287,-67,56665,-0,002766538,0,9994256,-0,0009107091,-0,03376253,0,0,0,0,0,0,0,0,0,0,0,0,0,0,0,0,0,0,0,0,0,0,1,1,1,False
40,71456,-17,28338,-1,664657,-67,56658,-0,002766538,0,9994256,-0,0009107091,-0,03376253,0,0,0,0,0,0,0,0,0,0,0,0,0,0,0,0,0,0,0,0,0,0,1,1,1,False
40,72366,-17,28426,-1,73802,-67,56653,-0,002766538,0,9994256,-0,0009107091,-0,03376253,0,0,0,0,0,0,0,0,0,0,0,0,0,0,0,0,0,0,0,0,0,0,1,1,1,False
40,73336,-17,2852,-1,817072,-67,56647,-0,002766538,0,9994256,-0,0009107091,-0,03376253,0,0,0,0,0,0,0,0,0,0,0,0,0,0,0,0,0,0,0,0,0,0,1,1,1,False
40,74497,-17,28633,-1,913167,-67,56639,-0,002766538,0,9994256,-0,0009107091,-0,03376253,0,0,0,0,0,0,0,0,0,0,0,0,0,0,0,0,0,0,0,0,0,0,1,1,1,False
40,76089,-17,28789,-2,047336,-67,56629,-0,002766538,0,9994256,-0,0009107091,-0,03376253,0,0,0,0,0,0,0,0,0,0,0,0,0,0,0,0,0,0,0,0,0,0,1,1,1,False
40,77065,-17,28885,-2,130646,-67,56622,-0,002766538,0,9994256,-0,0009107091,-0,03376253,0,0,0,0,0,0,0,0,0,0,0,0,0,0,0,0,0,0,0,0,0,0,1,1,1,False
40,78594,-17,29036,-2,263362,-67,56612,-0,002766538,0,9994256,-0,0009107091,-0,03376253,0,0,0,0,0,0,0,0,0,0,0,0,0,0,0,0,0,0,0,0,0,0,1,1,1,False
40,79787,-17,29155,-2,368386,-67,56605,-0,002766538,0,9994256,-0,0009107091,-0,03376253,0,0,0,0,0,0,0,0,0,0,0,0,0,0,0,0,0,0,0,0,0,0,1,1,1,False
40,80722,-17,29248,-2,451602,-67,56599,-0,002766538,0,9994256,-0,0009107091,-0,03376253,0,0,0,0,0,0,0,0,0,0,0,0,0,0,0,0,0,0,0,0,0,0,1,1,1,False
40,81828,-17,29358,-2,551149,-67,56592,-0,002766538,0,9994256,-0,0009107091,-0,03376253,0,0,0,0,0,0,0,0,0,0,0,0,0,0,0,0,0,0,0,0,0,0,1,1,1,False
40,82782,-17,29454,-2,638082,-67,56585,-0,002766538,0,9994256,-0,0009107091,-0,03376253,0,0,0,0,0,0,0,0,0,0,0,0,0,0,0,0,0,0,0,0,0,0,1,1,1,False
40,83809,-17,29557,-2,732636,-67,56578,-0,002766538,0,9994256,-0,0009107091,-0,03376253,0,0,0,0,0,0,0,0,0,0,0,0,0,0,0,0,0,0,0,0,0,0,1,1,1,False
40,84719,-17,29648,-2,817246,-67,56573,-0,002766538,0,9994256,-0,0009107091,-0,03376253,0,0,0,0,0,0,0,0,0,0,0,0,0,0,0,0,0,0,0,0,0,0,1,1,1,False
40,85696,-17,29746,-2,909099,-67,56566,-0,002766538,0,9994256,-0,0009107091,-0,03376253,0,0,0,0,0,0,0,0,0,0,0,0,0,0,0,0,0,0,0,0,0,0,1,1,1,False
40,86615,-17,29838,-2,996313,-67,5656,-0,002766538,0,9994256,-0,0009107091,-0,03376253,0,0,0,0,0,0,0,0,0,0,0,0,0,0,0,0,0,0,0,0,0,0,1,1,1,False
40,87647,-17,29941,-3,095284,-67,56553,-0,002766538,0,9994256,-0,0009107091,-0,03376253,0,0,0,0,0,0,0,0,0,0,0,0,0,0,0,0,0,0,0,0,0,0,1,1,1,False
40,8856,-17,30033,-3,183792,-67,56547,-0,002766538,0,9994256,-0,0009107091,-0,03376253,0,0,0,0,0,0,0,0,0,0,0,0,0,0,0,0,0,0,0,0,0,0,1,1,1,False
40,89618,-17,30138,-3,287348,-67,5654,-0,002766538,0,9994256,-0,0009107091,-0,03376253,0,0,0,0,0,0,0,0,0,0,0,0,0,0,0,0,0,0,0,0,0,0,1,1,1,False
40,90549,-17,30231,-3,379432,-67,56534,-0,002766538,0,9994256,-0,0009107091,-0,03376253,0,0,0,0,0,0,0,0,0,0,0,0,0,0,0,0,0,0,0,0,0,0,1,1,1,False
40,9158,-17,30334,-3,482418,-67,56527,-0,002766538,0,9994256,-0,0009107091,-0,03376253,0,0,0,0,0,0,0,0,0,0,0,0,0,0,0,0,0,0,0,0,0,0,1,1,1,False
40,92477,-17,30423,-3,572813,-67,56521,-0,002766538,0,9994256,-0,0009107091,-0,03376253,0,0,0,0,0,0,0,0,0,0,0,0,0,0,0,0,0,0,0,0,0,0,1,1,1,False
40,94075,-17,30581,-3,736482,-67,5651,-0,002766538,0,9994256,-0,0009107091,-0,03376253,0,0,0,0,0,0,0,0,0,0,0,0,0,0,0,0,0,0,0,0,0,0,1,1,1,False
40,95146,-17,30687,-3,847354,-67,56503,-0,002766538,0,9994256,-0,0009107091,-0,03376253,0,0,0,0,0,0,0,0,0,0,0,0,0,0,0,0,0,0,0,0,0,0,1,1,1,False
40,96077,-17,30778,-3,944615,-67,56497,-0,002766538,0,9994256,-0,0009107091,-0,03376253,0,0,0,0,0,0,0,0,0,0,0,0,0,0,0,0,0,0,0,0,0,0,1,1,1,False
40,97086,-17,30877,-4,051019,-67,56491,-0,002766538,0,9994256,-0,0009107091,-0,03376253,0,0,0,0,0,0,0,0,0,0,0,0,0,0,0,0,0,0,0,0,0,0,1,1,1,False
40,97984,-17,30964,-4,146574,-67,56485,-0,002766538,0,9994256,-0,0009107091,-0,03376253,0,0,0,0,0,0,0,0,0,0,0,0,0,0,0,0,0,0,0,0,0,0,1,1,1,False
40,98903,-17,31054,-4,24521,-67,56479,-0,002766538,0,9994256,-0,0009107091,-0,03376253,0,0,0,0,0,0,0,0,0,0,0,0,0,0,0,0,0,0,0,0,0,0,1,1,1,False
40,99933,-17,31153,-4,356897,-67,56472,-0,002766538,0,9994256,-0,0009107091,-0,03376253,0,0,0,0,0,0,0,0,0,0,0,0,0,0,0,0,0,0,0,0,0,0,1,1,1,False
41,00897,-17,31245,-4,462311,-67,56466,-0,002766538,0,9994256,-0,0009107091,-0,03376253,0,0,0,0,0,0,0,0,0,0,0,0,0,0,0,0,0,0,0,0,0,0,1,1,1,False
41,01873,-17,31338,-4,569969,-67,5646,-0,002766538,0,9994256,-0,0009107091,-0,03376253,0,0,0,0,0,0,0,0,0,0,0,0,0,0,0,0,0,0,0,0,0,0,1,1,1,False
41,02797,-17,31426,-4,672807,-67,56454,-0,002766538,0,9994256,-0,0009107091,-0,03376253,0,0,0,0,0,0,0,0,0,0,0,0,0,0,0,0,0,0,0,0,0,0,1,1,1,False
41,03796,-17,3152,-4,784947,-67,56448,-0,002766538,0,9994256,-0,0009107091,-0,03376253,0,0,0,0,0,0,0,0,0,0,0,0,0,0,0,0,0,0,0,0,0,0,1,1,1,False
41,04677,-17,31602,-4,884685,-67,56442,-0,002766538,0,9994256,-0,0009107091,-0,03376253,0,0,0,0,0,0,0,0,0,0,0,0,0,0,0,0,0,0,0,0,0,0,1,1,1,False
41,05668,-17,31694,-4,997783,-67,56436,-0,002766538,0,9994256,-0,0009107091,-0,03376253,0,0,0,0,0,0,0,0,0,0,0,0,0,0,0,0,0,0,0,0,0,0,1,1,1,False
41,06623,-17,31782,-5,107742,-67,5643,-0,002766538,0,9994256,-0,0009107091,-0,03376253,0,0,0,0,0,0,0,0,0,0,0,0,0,0,0,0,0,0,0,0,0,0,1,1,1,False
41,07676,-17,31878,-5,230168,-67,56424,-0,002766538,0,9994256,-0,0009107091,-0,03376253,0,0,0,0,0,0,0,0,0,0,0,0,0,0,0,0,0,0,0,0,0,0,1,1,1,False
41,09239,-17,31915,-5,414267,-67,56384,-0,002766538,0,9994256,-0,0009107091,-0,03376253,0,0,0,0,0,0,0,0,0,0,0,0,0,0,0,0,0,0,0,0,0,0,1,1,1,False
41,10243,-17,32004,-5,53356,-67,56378,-0,002766538,0,9994256,-0,0009107091,-0,03376253,0,0,0,0,0,0,0,0,0,0,0,0,0,0,0,0,0,0,0,0,0,0,1,1,1,False
41,11229,-17,32091,-5,651782,-67,56373,-0,002766538,0,9994256,-0,0009107091,-0,03376253,0,0,0,0,0,0,0,0,0,0,0,0,0,0,0,0,0,0,0,0,0,0,1,1,1,False
41,12157,-17,32172,-5,763843,-67,56367,-0,002766538,0,9994256,-0,0009107091,-0,03376253,0,0,0,0,0,0,0,0,0,0,0,0,0,0,0,0,0,0,0,0,0,0,1,1,1,False
41,13156,-17,32257,-5,885489,-67,56361,-0,002766538,0,9994256,-0,0009107091,-0,03376253,0,0,0,0,0,0,0,0,0,0,0,0,0,0,0,0,0,0,0,0,0,0,1,1,1,False
41,14011,-17,3233,-5,990279,-67,56356,-0,002766538,0,9994256,-0,0009107091,-0,03376253,0,0,0,0,0,0,0,0,0,0,0,0,0,0,0,0,0,0,0,0,0,0,1,1,1,False
41,15035,-17,32416,-6,116961,-67,56351,-0,002766538,0,9994256,-0,0009107091,-0,03376253,0,0,0,0,0,0,0,0,0,0,0,0,0,0,0,0,0,0,0,0,0,0,1,1,1,False
41,15927,-17,3249,-6,228108,-67,56345,-0,002766538,0,9994256,-0,0009107091,-0,03376253,0,0,0,0,0,0,0,0,0,0,0,0,0,0,0,0,0,0,0,0,0,0,1,1,1,False
41,16919,-17,32571,-6,352634,-67,5634,-0,002766538,0,9994256,-0,0009107091,-0,03376253,0,0,0,0,0,0,0,0,0,0,0,0,0,0,0,0,0,0,0,0,0,0,1,1,1,False
41,17921,-17,32652,-6,479546,-67,56335,-0,002766538,0,9994256,-0,0009107091,-0,03376253,0,0,0,0,0,0,0,0,0,0,0,0,0,0,0,0,0,0,0,0,0,0,1,1,1,False
41,18855,-17,32726,-6,598628,-67,56329,-0,002766538,0,9994256,-0,0009107091,-0,03376253,0,0,0,0,0,0,0,0,0,0,0,0,0,0,0,0,0,0,0,0,0,0,1,1,1,False
41,19882,-17,32807,-6,730732,-67,56324,-0,002766538,0,9994256,-0,0009107091,-0,03376253,0,0,0,0,0,0,0,0,0,0,0,0,0,0,0,0,0,0,0,0,0,0,1,1,1,False
41,20789,-17,32877,-6,848257,-67,56319,-0,002766538,0,9994256,-0,0009107091,-0,03376253,0,0,0,0,0,0,0,0,0,0,0,0,0,0,0,0,0,0,0,0,0,0,1,1,1,False
41,21824,-17,32955,-6,983388,-67,56313,-0,002766538,0,9994256,-0,0009107091,-0,03376253,0,0,0,0,0,0,0,0,0,0,0,0,0,0,0,0,0,0,0,0,0,0,1,1,1,False
41,22707,-17,33021,-7,099475,-67,56309,-0,002766538,0,9994256,-0,0009107091,-0,03376253,0,0,0,0,0,0,0,0,0,0,0,0,0,0,0,0,0,0,0,0,0,0,1,1,1,False
41,24387,-17,33018,-7,323051,-67,56264,-0,002766538,0,9994256,-0,0009107091,-0,03376253,0,0,0,0,0,0,0,0,0,0,0,0,0,0,0,0,0,0,0,0,0,0,1,1,1,False
41,25467,-17,33095,-7,468089,-67,56258,-0,002766538,0,9994256,-0,0009107091,-0,03376253,0,0,0,0,0,0,0,0,0,0,0,0,0,0,0,0,0,0,0,0,0,0,1,1,1,False
41,2637,-17,33158,-7,59021,-67,56255,-0,002766538,0,9994256,-0,0009107091,-0,03376253,0,0,0,0,0,0,0,0,0,0,0,0,0,0,0,0,0,0,0,0,0,0,1,1,1,False
41,27275,-17,3322,-7,713385,-67,5625,-0,002766538,0,9994256,-0,0009107091,-0,03376253,0,0,0,0,0,0,0,0,0,0,0,0,0,0,0,0,0,0,0,0,0,0,1,1,1,False
41,28104,-17,33275,-7,82681,-67,56246,-0,002766538,0,9994256,-0,0009107091,-0,03376253,0,0,0,0,0,0,0,0,0,0,0,0,0,0,0,0,0,0,0,0,0,0,1,1,1,False
41,29035,-17,33336,-7,955208,-67,56242,-0,002766538,0,9994256,-0,0009107091,-0,03376253,0,0,0,0,0,0,0,0,0,0,0,0,0,0,0,0,0,0,0,0,0,0,1,1,1,False
41,29899,-17,33391,-8,07515,-67,56239,-0,002766538,0,9994256,-0,0009107091,-0,03376253,0,0,0,0,0,0,0,0,0,0,0,0,0,0,0,0,0,0,0,0,0,0,1,1,1,False
41,30746,-17,33444,-8,193368,-67,56235,-0,002766538,0,9994256,-0,0009107091,-0,03376253,0,0,0,0,0,0,0,0,0,0,0,0,0,0,0,0,0,0,0,0,0,0,1,1,1,False
41,31664,-17,33501,-8,322415,-67,5623,-0,002766538,0,9994256,-0,0009107091,-0,03376253,0,0,0,0,0,0,0,0,0,0,0,0,0,0,0,0,0,0,0,0,0,0,1,1,1,False
41,32493,-17,33551,-8,439615,-67,56227,-0,002766538,0,9994256,-0,0009107091,-0,03376253,0,0,0,0,0,0,0,0,0,0,0,0,0,0,0,0,0,0,0,0,0,0,1,1,1,False
41,334,-17,33604,-8,568624,-67,56223,-0,002766538,0,9994256,-0,0009107091,-0,03376253,0,0,0,0,0,0,0,0,0,0,0,0,0,0,0,0,0,0,0,0,0,0,1,1,1,False
41,34216,-17,33651,-8,685332,-67,5622,-0,002766538,0,9994256,-0,0009107091,-0,03376253,0,0,0,0,0,0,0,0,0,0,0,0,0,0,0,0,0,0,0,0,0,0,1,1,1,False
41,35144,-17,33702,-8,819088,-67,56216,-0,002766538,0,9994256,-0,0009107091,-0,03376253,0,0,0,0,0,0,0,0,0,0,0,0,0,0,0,0,0,0,0,0,0,0,1,1,1,False
41,35971,-17,33747,-8,938831,-67,56213,-0,002766538,0,9994256,-0,0009107091,-0,03376253,0,0,0,0,0,0,0,0,0,0,0,0,0,0,0,0,0,0,0,0,0,0,1,1,1,False
41,36808,-17,33792,-9,060878,-67,5621,-0,002766538,0,9994256,-0,0009107091,-0,03376253,0,0,0,0,0,0,0,0,0,0,0,0,0,0,0,0,0,0,0,0,0,0,1,1,1,False
41,37729,-17,33839,-9,195845,-67,56207,-0,002766538,0,9994256,-0,0009107091,-0,03376253,0,0,0,0,0,0,0,0,0,0,0,0,0,0,0,0,0,0,0,0,0,0,1,1,1,False
41,39236,-17,33789,-9,419077,-67,56165,-0,002766538,0,9994256,-0,0009107091,-0,03376253,0,0,0,0,0,0,0,0,0,0,0,0,0,0,0,0,0,0,0,0,0,0,1,1,1,False
41,40223,-17,33835,-9,566374,-67,56161,-0,002766538,0,9994256,-0,0009107091,-0,03376253,0,0,0,0,0,0,0,0,0,0,0,0,0,0,0,0,0,0,0,0,0,0,1,1,1,False
41,41109,-17,33876,-9,699304,-67,56158,-0,002766538,0,9994256,-0,0009107091,-0,03376253,0,0,0,0,0,0,0,0,0,0,0,0,0,0,0,0,0,0,0,0,0,0,1,1,1,False
41,41984,-17,33914,-9,831356,-67,56156,-0,002766538,0,9994256,-0,0009107091,-0,03376253,0,0,0,0,0,0,0,0,0,0,0,0,0,0,0,0,0,0,0,0,0,0,1,1,1,False
41,42883,-17,33952,-9,967886,-67,56153,-0,002766538,0,9994256,-0,0009107091,-0,03376253,0,0,0,0,0,0,0,0,0,0,0,0,0,0,0,0,0,0,0,0,0,0,1,1,1,False
41,43793,-17,33989,-10,10693,-67,5615,-0,002766538,0,9994256,-0,0009107091,-0,03376253,0,0,0,0,0,0,0,0,0,0,0,0,0,0,0,0,0,0,0,0,0,0,1,1,1,False
41,44606,-17,34021,-10,23175,-67,56148,-0,002766538,0,9994256,-0,0009107091,-0,03376253,0,0,0,0,0,0,0,0,0,0,0,0,0,0,0,0,0,0,0,0,0,0,1,1,1,False
41,45555,-17,34056,-10,37826,-67,56145,-0,002766538,0,9994256,-0,0009107091,-0,03376253,0,0,0,0,0,0,0,0,0,0,0,0,0,0,0,0,0,0,0,0,0,0,1,1,1,False
41,46462,-17,34089,-10,51932,-67,56143,-0,002766538,0,9994256,-0,0009107091,-0,03376253,0,0,0,0,0,0,0,0,0,0,0,0,0,0,0,0,0,0,0,0,0,0,1,1,1,False
41,47438,-17,34122,-10,67199,-67,56141,-0,002766538,0,9994256,-0,0009107091,-0,03376253,0,0,0,0,0,0,0,0,0,0,0,0,0,0,0,0,0,0,0,0,0,0,1,1,1,False
41,48314,-17,3415,-10,80971,-67,56139,-0,002766538,0,9994256,-0,0009107091,-0,03376253,0,0,0,0,0,0,0,0,0,0,0,0,0,0,0,0,0,0,0,0,0,0,1,1,1,False
41,49317,-17,3418,-10,96837,-67,56136,-0,002766538,0,9994256,-0,0009107091,-0,03376253,0,0,0,0,0,0,0,0,0,0,0,0,0,0,0,0,0,0,0,0,0,0,1,1,1,False
41,50185,-17,34205,-11,10657,-67,56135,-0,002766538,0,9994256,-0,0009107091,-0,03376253,0,0,0,0,0,0,0,0,0,0,0,0,0,0,0,0,0,0,0,0,0,0,1,1,1,False
41,51178,-17,34232,-11,26557,-67,56133,-0,002766538,0,9994256,-0,0009107091,-0,03376253,0,0,0,0,0,0,0,0,0,0,0,0,0,0,0,0,0,0,0,0,0,0,1,1,1,False
41,52023,-17,34253,-11,40146,-67,56131,-0,002766538,0,9994256,-0,0009107091,-0,03376253,0,0,0,0,0,0,0,0,0,0,0,0,0,0,0,0,0,0,0,0,0,0,1,1,1,False
41,52978,-17,34275,-11,55617,-67,56129,-0,002766538,0,9994256,-0,0009107091,-0,03376253,0,0,0,0,0,0,0,0,0,0,0,0,0,0,0,0,0,0,0,0,0,0,1,1,1,False
41,5452,-17,34167,-11,80825,-67,56085,-0,002766538,0,9994256,-0,0009107091,-0,03376253,0,0,0,0,0,0,0,0,0,0,0,0,0,0,0,0,0,0,0,0,0,0,1,1,1,False
41,55431,-17,34184,-11,95791,-67,56084,-0,002766538,0,9994256,-0,0009107091,-0,03376253,0,0,0,0,0,0,0,0,0,0,0,0,0,0,0,0,0,0,0,0,0,0,1,1,1,False
41,56309,-17,34199,-12,10301,-67,56083,-0,002766538,0,9994256,-0,0009107091,-0,03376253,0,0,0,0,0,0,0,0,0,0,0,0,0,0,0,0,0,0,0,0,0,0,1,1,1,False
41,57274,-17,34213,-12,26342,-67,56081,-0,002766538,0,9994256,-0,0009107091,-0,03376253,0,0,0,0,0,0,0,0,0,0,0,0,0,0,0,0,0,0,0,0,0,0,1,1,1,False
41,58119,-17,34224,-12,4045,-67,56081,-0,002766538,0,9994256,-0,0009107091,-0,03376253,0,0,0,0,0,0,0,0,0,0,0,0,0,0,0,0,0,0,0,0,0,0,1,1,1,False
41,59124,-17,34236,-12,57347,-67,5608,-0,002766538,0,9994256,-0,0009107091,-0,03376253,0,0,0,0,0,0,0,0,0,0,0,0,0,0,0,0,0,0,0,0,0,0,1,1,1,False
41,59965,-17,34243,-12,71538,-67,56079,-0,002766538,0,9994256,-0,0009107091,-0,03376253,0,0,0,0,0,0,0,0,0,0,0,0,0,0,0,0,0,0,0,0,0,0,1,1,1,False
41,60852,-17,3425,-12,8659,-67,56078,-0,002766538,0,9994256,-0,0009107091,-0,03376253,0,0,0,0,0,0,0,0,0,0,0,0,0,0,0,0,0,0,0,0,0,0,1,1,1,False
41,61776,-17,34256,-13,02362,-67,56078,-0,002766538,0,9994256,-0,0009107091,-0,03376253,0,0,0,0,0,0,0,0,0,0,0,0,0,0,0,0,0,0,0,0,0,0,1,1,1,False
41,62622,-17,34259,-13,16863,-67,56077,-0,002766538,0,9994256,-0,0009107091,-0,03376253,0,0,0,0,0,0,0,0,0,0,0,0,0,0,0,0,0,0,0,0,0,0,1,1,1,False
41,63556,-17,34261,-13,32971,-67,56077,-0,002766538,0,9994256,-0,0009107091,-0,03376253,0,0,0,0,0,0,0,0,0,0,0,0,0,0,0,0,0,0,0,0,0,0,1,1,1,False
41,64473,-17,34262,-13,48866,-67,56077,-0,002766538,0,9994256,-0,0009107091,-0,03376253,0,0,0,0,0,0,0,0,0,0,0,0,0,0,0,0,0,0,0,0,0,0,1,1,1,False
41,65441,-17,3426,-13,65741,-67,56076,-0,002766538,0,9994256,-0,0009107091,-0,03376253,0,0,0,0,0,0,0,0,0,0,0,0,0,0,0,0,0,0,0,0,0,0,1,1,1,False
41,66385,-17,34257,-13,82269,-67,56076,-0,002766538,0,9994256,-0,0009107091,-0,03376253,0,0,0,0,0,0,0,0,0,0,0,0,0,0,0,0,0,0,0,0,0,0,1,1,1,False
41,67504,-17,34142,-14,02005,-67,56044,-0,002766538,0,9994256,-0,0009107091,-0,03376253,0,0,0,0,0,0,0,0,0,0,0,0,0,0,0,0,0,0,0,0,0,0,1,1,1,False
41,68513,-17,34035,-14,19898,-67,56016,-0,002766538,0,9994256,-0,0009107091,-0,03376253,0,0,0,0,0,0,0,0,0,0,0,0,0,0,0,0,0,0,0,0,0,0,1,1,1,False
41,70198,-17,3385,-14,5005,-67,55968,-0,002766538,0,9994256,-0,0009107091,-0,03376253,0,0,0,0,0,0,0,0,0,0,0,0,0,0,0,0,0,0,0,0,0,0,1,1,1,False
41,7114,-17,33838,-14,66982,-67,55968,-0,002766538,0,9994256,-0,0009107091,-0,03376253,0,0,0,0,0,0,0,0,0,0,0,0,0,0,0,0,0,0,0,0,0,0,1,1,1,False
41,71981,-17,33826,-14,82181,-67,55968,-0,002766538,0,9994256,-0,0009107091,-0,03376253,0,0,0,0,0,0,0,0,0,0,0,0,0,0,0,0,0,0,0,0,0,0,1,1,1,False
41,72815,-17,33813,-14,97313,-67,55969,-0,002766538,0,9994256,-0,0009107091,-0,03376253,0,0,0,0,0,0,0,0,0,0,0,0,0,0,0,0,0,0,0,0,0,0,1,1,1,False
41,73718,-17,33796,-15,13793,-67,5597,-0,002766538,0,9994256,-0,0009107091,-0,03376253,0,0,0,0,0,0,0,0,0,0,0,0,0,0,0,0,0,0,0,0,0,0,1,1,1,False
41,74537,-17,3378,-15,2879,-67,55971,-0,002766538,0,9994256,-0,0009107091,-0,03376253,0,0,0,0,0,0,0,0,0,0,0,0,0,0,0,0,0,0,0,0,0,0,1,1,1,False
41,75444,-17,33761,-15,45488,-67,55972,-0,002766538,0,9994256,-0,0009107091,-0,03376253,0,0,0,0,0,0,0,0,0,0,0,0,0,0,0,0,0,0,0,0,0,0,1,1,1,False
41,7628,-17,33742,-15,60957,-67,55973,-0,002766538,0,9994256,-0,0009107091,-0,03376253,0,0,0,0,0,0,0,0,0,0,0,0,0,0,0,0,0,0,0,0,0,0,1,1,1,False
41,77215,-17,33622,-15,78323,-67,55946,-0,002766538,0,9994256,-0,0009107091,-0,03376253,0,0,0,0,0,0,0,0,0,0,0,0,0,0,0,0,0,0,0,0,0,0,1,1,1,False
41,78027,-17,33601,-15,93483,-67,55948,-0,002766538,0,9994256,-0,0009107091,-0,03376253,0,0,0,0,0,0,0,0,0,0,0,0,0,0,0,0,0,0,0,0,0,0,1,1,1,False
41,78945,-17,33575,-16,10687,-67,55949,-0,002766538,0,9994256,-0,0009107091,-0,03376253,0,0,0,0,0,0,0,0,0,0,0,0,0,0,0,0,0,0,0,0,0,0,1,1,1,False
41,79757,-17,33551,-16,25975,-67,5595,-0,002766538,0,9994256,-0,0009107091,-0,03376253,0,0,0,0,0,0,0,0,0,0,0,0,0,0,0,0,0,0,0,0,0,0,1,1,1,False
41,80574,-17,33525,-16,41436,-67,55952,-0,002766538,0,9994256,-0,0009107091,-0,03376253,0,0,0,0,0,0,0,0,0,0,0,0,0,0,0,0,0,0,0,0,0,0,1,1,1,False
41,81475,-17,33496,-16,58542,-67,55954,-0,002766538,0,9994256,-0,0009107091,-0,03376253,0,0,0,0,0,0,0,0,0,0,0,0,0,0,0,0,0,0,0,0,0,0,1,1,1,False
41,82302,-17,33467,-16,74324,-67,55956,-0,002766538,0,9994256,-0,0009107091,-0,03376253,0,0,0,0,0,0,0,0,0,0,0,0,0,0,0,0,0,0,0,0,0,0,1,1,1,False
41,83222,-17,33336,-16,91952,-67,55929,-0,002766538,0,9994256,-0,0009107091,-0,03376253,0,0,0,0,0,0,0,0,0,0,0,0,0,0,0,0,0,0,0,0,0,0,1,1,1,False
41,84082,-17,33304,-17,08508,-67,5593,-0,002766538,0,9994256,-0,0009107091,-0,03376253,0,0,0,0,0,0,0,0,0,0,0,0,0,0,0,0,0,0,0,0,0,0,1,1,1,False
41,85659,-17,3307,-17,39116,-67,55885,-0,002766538,0,9994256,-0,0009107091,-0,03376253,0,0,0,0,0,0,0,0,0,0,0,0,0,0,0,0,0,0,0,0,0,0,1,1,1,False
41,8646,-17,33037,-17,54721,-67,55887,-0,002766538,0,9994256,-0,0009107091,-0,03376253,0,0,0,0,0,0,0,0,0,0,0,0,0,0,0,0,0,0,0,0,0,0,1,1,1,False
41,87405,-17,32893,-17,73199,-67,55859,-0,002766538,0,9994256,-0,0009107091,-0,03376253,0,0,0,0,0,0,0,0,0,0,0,0,0,0,0,0,0,0,0,0,0,0,1,1,1,False
41,88213,-17,32856,-17,89082,-67,55862,-0,002766538,0,9994256,-0,0009107091,-0,03376253,0,0,0,0,0,0,0,0,0,0,0,0,0,0,0,0,0,0,0,0,0,0,1,1,1,False
41,8913,-17,32712,-18,07183,-67,55835,-0,002766538,0,9994256,-0,0009107091,-0,03376253,0,0,0,0,0,0,0,0,0,0,0,0,0,0,0,0,0,0,0,0,0,0,1,1,1,False
41,89941,-17,32673,-18,23243,-67,55837,-0,002766538,0,9994256,-0,0009107091,-0,03376253,0,0,0,0,0,0,0,0,0,0,0,0,0,0,0,0,0,0,0,0,0,0,1,1,1,False
41,90766,-17,32632,-18,39666,-67,5584,-0,002766538,0,9994256,-0,0009107091,-0,03376253,0,0,0,0,0,0,0,0,0,0,0,0,0,0,0,0,0,0,0,0,0,0,1,1,1,False
41,91887,-17,3245,-18,62076,-67,55807,-0,002766538,0,9994256,-0,0009107091,-0,03376253,0,0,0,0,0,0,0,0,0,0,0,0,0,0,0,0,0,0,0,0,0,0,1,1,1,False
41,92751,-17,32308,-18,79429,-67,55782,-0,002766538,0,9994256,-0,0009107091,-0,03376253,0,0,0,0,0,0,0,0,0,0,0,0,0,0,0,0,0,0,0,0,0,0,1,1,1,False
41,93759,-17,32139,-18,99777,-67,55753,-0,002766538,0,9994256,-0,0009107091,-0,03376253,0,0,0,0,0,0,0,0,0,0,0,0,0,0,0,0,0,0,0,0,0,0,1,1,1,False
41,94672,-17,31985,-19,18282,-67,55726,-0,002766538,0,9994256,-0,0009107091,-0,03376253,0,0,0,0,0,0,0,0,0,0,0,0,0,0,0,0,0,0,0,0,0,0,1,1,1,False
41,95681,-17,31812,-19,38851,-67,55696,-0,002766538,0,9994256,-0,0009107091,-0,03376253,0,0,0,0,0,0,0,0,0,0,0,0,0,0,0,0,0,0,0,0,0,0,1,1,1,False
41,96605,-17,31652,-19,57739,-67,55669,-0,002766538,0,9994256,-0,0009107091,-0,03376253,0,0,0,0,0,0,0,0,0,0,0,0,0,0,0,0,0,0,0,0,0,0,1,1,1,False
41,97642,-17,3147,-19,79064,-67,55639,-0,002766538,0,9994256,-0,0009107091,-0,03376253,0,0,0,0,0,0,0,0,0,0,0,0,0,0,0,0,0,0,0,0,0,0,1,1,1,False
41,98564,-17,31307,-19,98107,-67,55611,-0,002766538,0,9994256,-0,0009107091,-0,03376253,0,0,0,0,0,0,0,0,0,0,0,0,0,0,0,0,0,0,0,0,0,0,1,1,1,False
41,99546,-17,3113,-20,18472,-67,55582,-0,002766538,0,9994256,-0,0009107091,-0,03376253,0,0,0,0,0,0,0,0,0,0,0,0,0,0,0,0,0,0,0,0,0,0,1,1,1,False
42,0111,-17,30846,-20,5114,-67,55536,-0,002766538,0,9994256,-0,0009107091,-0,03376253,0,0,0,0,0,0,0,0,0,0,0,0,0,0,0,0,0,0,0,0,0,0,1,1,1,False
42,02096,-17,30664,-20,71835,-67,55507,-0,002766538,0,9994256,-0,0009107091,-0,03376253,0,0,0,0,0,0,0,0,0,0,0,0,0,0,0,0,0,0,0,0,0,0,1,1,1,False
42,03018,-17,30492,-20,91268,-67,55479,-0,002766538,0,9994256,-0,0009107091,-0,03376253,0,0,0,0,0,0,0,0,0,0,0,0,0,0,0,0,0,0,0,0,0,0,1,1,1,False
42,03939,-17,30318,-21,10742,-67,55452,-0,002766538,0,9994256,-0,0009107091,-0,03376253,0,0,0,0,0,0,0,0,0,0,0,0,0,0,0,0,0,0,0,0,0,0,1,1,1,False
42,04753,-17,30164,-21,28033,-67,55428,-0,002766538,0,9994256,-0,0009107091,-0,03376253,0,0,0,0,0,0,0,0,0,0,0,0,0,0,0,0,0,0,0,0,0,0,1,1,1,False
42,05663,-17,29989,-21,47438,-67,554,-0,002766538,0,9994256,-0,0009107091,-0,03376253,0,0,0,0,0,0,0,0,0,0,0,0,0,0,0,0,0,0,0,0,0,0,1,1,1,False
42,06466,-17,2993,-21,64637,-67,55404,-0,002766538,0,9994256,-0,0009107091,-0,03376253,0,0,0,0,0,0,0,0,0,0,0,0,0,0,0,0,0,0,0,0,0,0,1,1,1,False
42,07512,-17,29726,-21,87127,-67,55373,-0,002766538,0,9994256,-0,0009107091,-0,03376253,0,0,0,0,0,0,0,0,0,0,0,0,0,0,0,0,0,0,0,0,0,0,1,1,1,False
42,08307,-17,29665,-22,04283,-67,55376,-0,002766538,0,9994256,-0,0009107091,-0,03376253,0,0,0,0,0,0,0,0,0,0,0,0,0,0,0,0,0,0,0,0,0,0,1,1,1,False
42,09224,-17,29483,-22,24149,-67,5535,-0,002766538,0,9994256,-0,0009107091,-0,03376253,0,0,0,0,0,0,0,0,0,0,0,0,0,0,0,0,0,0,0,0,0,0,1,1,1,False
42,10019,-17,29325,-22,41411,-67,55325,-0,002766538,0,9994256,-0,0009107091,-0,03376253,0,0,0,0,0,0,0,0,0,0,0,0,0,0,0,0,0,0,0,0,0,0,1,1,1,False
42,11046,-17,29118,-22,63855,-67,55294,-0,002766538,0,9994256,-0,0009107091,-0,03376253,0,0,0,0,0,0,0,0,0,0,0,0,0,0,0,0,0,0,0,0,0,0,1,1,1,False
42,11847,-17,28955,-22,81404,-67,5527,-0,002766538,0,9994256,-0,0009107091,-0,03376253,0,0,0,0,0,0,0,0,0,0,0,0,0,0,0,0,0,0,0,0,0,0,1,1,1,False
42,12654,-17,2879,-22,99147,-67,55245,-0,002766538,0,9994256,-0,0009107091,-0,03376253,0,0,0,0,0,0,0,0,0,0,0,0,0,0,0,0,0,0,0,0,0,0,1,1,1,False
42,1358,-17,286,-23,19599,-67,55217,-0,002766538,0,9994256,-0,0009107091,-0,03376253,0,0,0,0,0,0,0,0,0,0,0,0,0,0,0,0,0,0,0,0,0,0,1,1,1,False
42,14392,-17,28432,-23,376,-67,55193,-0,002766538,0,9994256,-0,0009107091,-0,03376253,0,0,0,0,0,0,0,0,0,0,0,0,0,0,0,0,0,0,0,0,0,0,1,1,1,False
42,15411,-17,28219,-23,60269,-67,55161,-0,002766538,0,9994256,-0,0009107091,-0,03376253,0,0,0,0,0,0,0,0,0,0,0,0,0,0,0,0,0,0,0,0,0,0,1,1,1,False
42,16875,-17,2791,-23,93057,-67,55116,-0,002766538,0,9994256,-0,0009107091,-0,03376253,0,0,0,0,0,0,0,0,0,0,0,0,0,0,0,0,0,0,0,0,0,0,1,1,1,False
42,17809,-17,27712,-24,14049,-67,55087,-0,002766538,0,9994256,-0,0009107091,-0,03376253,0,0,0,0,0,0,0,0,0,0,0,0,0,0,0,0,0,0,0,0,0,0,1,1,1,False
42,18653,-17,27532,-24,33084,-67,55061,-0,002766538,0,9994256,-0,0009107091,-0,03376253,0,0,0,0,0,0,0,0,0,0,0,0,0,0,0,0,0,0,0,0,0,0,1,1,1,False
42,19574,-17,27333,-24,53959,-67,55032,-0,002766538,0,9994256,-0,0009107091,-0,03376253,0,0,0,0,0,0,0,0,0,0,0,0,0,0,0,0,0,0,0,0,0,0,1,1,1,False
42,20382,-17,27159,-24,72314,-67,55007,-0,002766538,0,9994256,-0,0009107091,-0,03376253,0,0,0,0,0,0,0,0,0,0,0,0,0,0,0,0,0,0,0,0,0,0,1,1,1,False
42,213,-17,26959,-24,93256,-67,54979,-0,002766538,0,9994256,-0,0009107091,-0,03376253,0,0,0,0,0,0,0,0,0,0,0,0,0,0,0,0,0,0,0,0,0,0,1,1,1,False
42,22215,-17,26759,-25,14201,-67,5495,-0,002766538,0,9994256,-0,0009107091,-0,03376253,0,0,0,0,0,0,0,0,0,0,0,0,0,0,0,0,0,0,0,0,0,0,1,1,1,False
42,23219,-17,26538,-25,37298,-67,54919,-0,002766538,0,9994256,-0,0009107091,-0,03376253,0,0,0,0,0,0,0,0,0,0,0,0,0,0,0,0,0,0,0,0,0,0,1,1,1,False
42,24139,-17,26334,-25,58538,-67,5489,-0,002766538,0,9994256,-0,0009107091,-0,03376253,0,0,0,0,0,0,0,0,0,0,0,0,0,0,0,0,0,0,0,0,0,0,1,1,1,False
42,25157,-17,26108,-25,82128,-67,54858,-0,002766538,0,9994256,-0,0009107091,-0,03376253,0,0,0,0,0,0,0,0,0,0,0,0,0,0,0,0,0,0,0,0,0,0,1,1,1,False
42,26046,-17,25908,-26,02812,-67,5483,-0,002766538,0,9994256,-0,0009107091,-0,03376253,0,0,0,0,0,0,0,0,0,0,0,0,0,0,0,0,0,0,0,0,0,0,1,1,1,False
42,26936,-17,25709,-26,23581,-67,54803,-0,002766538,0,9994256,-0,0009107091,-0,03376253,0,0,0,0,0,0,0,0,0,0,0,0,0,0,0,0,0,0,0,0,0,0,1,1,1,False
42,27916,-17,25487,-26,46558,-67,54771,-0,002766538,0,9994256,-0,0009107091,-0,03376253,0,0,0,0,0,0,0,0,0,0,0,0,0,0,0,0,0,0,0,0,0,0,1,1,1,False
42,28818,-17,25282,-26,67776,-67,54742,-0,002766538,0,9994256,-0,0009107091,-0,03376253,0,0,0,0,0,0,0,0,0,0,0,0,0,0,0,0,0,0,0,0,0,0,1,1,1,False
42,29807,-17,25057,-26,91117,-67,54711,-0,002766538,0,9994256,-0,0009107091,-0,03376253,0,0,0,0,0,0,0,0,0,0,0,0,0,0,0,0,0,0,0,0,0,0,1,1,1,False
42,30695,-17,24854,-27,12185,-67,54682,-0,002766538,0,9994256,-0,0009107091,-0,03376253,0,0,0,0,0,0,0,0,0,0,0,0,0,0,0,0,0,0,0,0,0,0,1,1,1,False
42,3241,-17,24458,-27,53119,-67,54626,-0,002766538,0,9994256,-0,0009107091,-0,03376253,0,0,0,0,0,0,0,0,0,0,0,0,0,0,0,0,0,0,0,0,0,0,1,1,1,False
42,33477,-17,24211,-27,78694,-67,54591,-0,002766538,0,9994256,-0,0009107091,-0,03376253,0,0,0,0,0,0,0,0,0,0,0,0,0,0,0,0,0,0,0,0,0,0,1,1,1,False
42,34467,-17,23981,-28,02494,-67,54559,-0,002766538,0,9994256,-0,0009107091,-0,03376253,0,0,0,0,0,0,0,0,0,0,0,0,0,0,0,0,0,0,0,0,0,0,1,1,1,False
42,35457,-17,23882,-28,2792,-67,54566,-0,002766538,0,9994256,-0,0009107091,-0,03376253,0,0,0,0,0,0,0,0,0,0,0,0,0,0,0,0,0,0,0,0,0,0,1,1,1,False
42,36298,-17,23685,-28,48302,-67,54538,-0,002766538,0,9994256,-0,0009107091,-0,03376253,0,0,0,0,0,0,0,0,0,0,0,0,0,0,0,0,0,0,0,0,0,0,1,1,1,False
42,37324,-17,23692,-28,38914,-67,54577,-0,002766538,0,9994256,-0,0009107091,-0,03376253,0,0,0,0,0,0,0,0,0,0,0,0,0,0,0,0,0,0,0,0,0,0,1,1,1,False
42,38184,-17,23489,-28,59927,-67,54549,-0,002766538,0,9994256,-0,0009107091,-0,03376253,0,0,0,0,0,0,0,0,0,0,0,0,0,0,0,0,0,0,0,0,0,0,1,1,1,False
42,3947,-17,23185,-28,91467,-67,54505,-0,002766538,0,9994256,-0,0009107091,-0,03376253,0,0,0,0,0,0,0,0,0,0,0,0,0,0,0,0,0,0,0,0,0,0,1,1,1,False
42,40384,-17,23402,-28,36404,-67,54601,-0,002766538,0,9994256,-0,0009107091,-0,03376253,0,0,0,0,0,0,0,0,0,0,0,0,0,0,0,0,0,0,0,0,0,0,1,1,1,False
42,41311,-17,23182,-28,59307,-67,54571,-0,002766538,0,9994256,-0,0009107091,-0,03376253,0,0,0,0,0,0,0,0,0,0,0,0,0,0,0,0,0,0,0,0,0,0,1,1,1,False
42,4212,-17,22989,-28,79344,-67,54543,-0,002766538,0,9994256,-0,0009107091,-0,03376253,0,0,0,0,0,0,0,0,0,0,0,0,0,0,0,0,0,0,0,0,0,0,1,1,1,False
42,43029,-17,22772,-29,01949,-67,54513,-0,002766538,0,9994256,-0,0009107091,-0,03376253,0,0,0,0,0,0,0,0,0,0,0,0,0,0,0,0,0,0,0,0,0,0,1,1,1,False
42,43807,-17,22586,-29,21373,-67,54486,-0,002766538,0,9994256,-0,0009107091,-0,03376253,0,0,0,0,0,0,0,0,0,0,0,0,0,0,0,0,0,0,0,0,0,0,1,1,1,False
42,44756,-17,2296,-28,27474,-67,54629,-0,002766538,0,9994256,-0,0009107091,-0,03376253,0,0,0,0,0,0,0,0,0,0,0,0,0,0,0,0,0,0,0,0,0,0,1,1,1,False
42,45828,-17,22836,-27,80643,-67,54631,-0,002766538,0,9994256,-0,0009107091,-0,03376253,0,0,0,0,0,0,0,0,0,0,0,0,0,0,0,0,0,0,0,0,0,0,1,1,1,False
42,47422,-17,22602,-26,83963,-67,5462,-0,002766538,0,9994256,-0,0009107091,-0,03376253,0,0,0,0,0,0,0,0,0,0,0,0,0,0,0,0,0,0,0,0,0,0,1,1,1,False
42,48458,-17,22579,-26,29851,-67,5465,-0,002766538,0,9994256,-0,0009107091,-0,03376253,0,0,0,0,0,0,0,0,0,0,0,0,0,0,0,0,0,0,0,0,0,0,1,1,1,False
42,49477,-17,2248,-24,9947,-67,54657,-0,002766538,0,9994256,-0,0009107091,-0,03376253,0,0,0,0,0,0,0,0,0,0,0,0,0,0,0,0,0,0,0,0,0,0,1,1,1,False
42,50358,-17,22412,-24,6597,-67,54669,-0,002766538,0,9994256,-0,0009107091,-0,03376253,0,0,0,0,0,0,0,0,0,0,0,0,0,0,0,0,0,0,0,0,0,0,1,1,1,False
42,51361,-17,22295,-24,19134,-67,54671,-0,002766538,0,9994256,-0,0009107091,-0,03376253,0,0,0,0,0,0,0,0,0,0,0,0,0,0,0,0,0,0,0,0,0,0,1,1,1,False
42,52328,-17,22206,-23,88203,-67,54679,-0,002766538,0,9994256,-0,0009107091,-0,03376253,0,0,0,0,0,0,0,0,0,0,0,0,0,0,0,0,0,0,0,0,0,0,1,1,1,False
42,53311,-17,22107,-23,68661,-67,54684,-0,002766538,0,9994256,-0,0009107091,-0,03376253,0,0,0,0,0,0,0,0,0,0,0,0,0,0,0,0,0,0,0,0,0,0,1,1,1,False
42,54242,-17,22024,-23,07325,-67,54693,-0,002766538,0,9994256,-0,0009107091,-0,03376253,0,0,0,0,0,0,0,0,0,0,0,0,0,0,0,0,0,0,0,0,0,0,1,1,1,False
42,5527,-17,2191,-22,59882,-67,54696,-0,002766538,0,9994256,-0,0009107091,-0,03376253,0,0,0,0,0,0,0,0,0,0,0,0,0,0,0,0,0,0,0,0,0,0,1,1,1,False
42,56251,-17,21821,-22,28691,-67,54704,-0,002766538,0,9994256,-0,0009107091,-0,03376253,0,0,0,0,0,0,0,0,0,0,0,0,0,0,0,0,0,0,0,0,0,0,1,1,1,False
42,57285,-17,21714,-22,00072,-67,54708,-0,002766538,0,9994256,-0,0009107091,-0,03376253,0,0,0,0,0,0,0,0,0,0,0,0,0,0,0,0,0,0,0,0,0,0,1,1,1,False
42,58249,-17,21632,-21,68249,-67,54718,-0,002766538,0,9994256,-0,0009107091,-0,03376253,0,0,0,0,0,0,0,0,0,0,0,0,0,0,0,0,0,0,0,0,0,0,1,1,1,False
42,59319,-17,21515,-21,21086,-67,5472,-0,002766538,0,9994256,-0,0009107091,-0,03376253,0,0,0,0,0,0,0,0,0,0,0,0,0,0,0,0,0,0,0,0,0,0,1,1,1,False
42,60241,-17,2145,-20,97162,-67,54732,-0,002766538,0,9994256,-0,0009107091,-0,03376253,0,0,0,0,0,0,0,0,0,0,0,0,0,0,0,0,0,0,0,0,0,0,1,1,1,False
42,61271,-17,21338,-20,70034,-67,54733,-0,002766538,0,9994256,-0,0009107091,-0,03376253,0,0,0,0,0,0,0,0,0,0,0,0,0,0,0,0,0,0,0,0,0,0,1,1,1,False
42,62866,-17,21105,-20,35201,-67,54719,-0,002766538,0,9994256,-0,0009107091,-0,03376253,0,0,0,0,0,0,0,0,0,0,0,0,0,0,0,0,0,0,0,0,0,0,1,1,1,False
42,63811,-17,20876,-20,60571,-67,54683,-0,002766538,0,9994256,-0,0009107091,-0,03376253,0,0,0,0,0,0,0,0,0,0,0,0,0,0,0,0,0,0,0,0,0,0,1,1,1,False
42,6471,-17,21041,-19,9652,-67,54761,-0,002766538,0,9994256,-0,0009107091,-0,03376253,0,0,0,0,0,0,0,0,0,0,0,0,0,0,0,0,0,0,0,0,0,0,1,1,1,False
42,65681,-17,20942,-19,78457,-67,54764,-0,002766538,0,9994256,-0,0009107091,-0,03376253,0,0,0,0,0,0,0,0,0,0,0,0,0,0,0,0,0,0,0,0,0,0,1,1,1,False
42,6673,-17,20837,-19,60569,-67,54767,-0,002766538,0,9994256,-0,0009107091,-0,03376253,0,0,0,0,0,0,0,0,0,0,0,0,0,0,0,0,0,0,0,0,0,0,1,1,1,False
42,67852,-17,20727,-19,52533,-67,5477,-0,002766538,0,9994256,-0,0009107091,-0,03376253,0,0,0,0,0,0,0,0,0,0,0,0,0,0,0,0,0,0,0,0,0,0,1,1,1,False
42,68875,-17,20652,-18,89856,-67,54781,-0,002766538,0,9994256,-0,0009107091,-0,03376253,0,0,0,0,0,0,0,0,0,0,0,0,0,0,0,0,0,0,0,0,0,0,1,1,1,False
42,69958,-17,20549,-18,51481,-67,54784,-0,002766538,0,9994256,-0,0009107091,-0,03376253,0,0,0,0,0,0,0,0,0,0,0,0,0,0,0,0,0,0,0,0,0,0,1,1,1,False
42,7093,-17,20484,-18,28397,-67,54794,-0,002766538,0,9994256,-0,0009107091,-0,03376253,0,0,0,0,0,0,0,0,0,0,0,0,0,0,0,0,0,0,0,0,0,0,1,1,1,False
42,72066,-17,20363,-17,0294,-67,54794,-0,002766538,0,9994256,-0,0009107091,-0,03376253,0,0,0,0,0,0,0,0,0,0,0,0,0,0,0,0,0,0,0,0,0,0,1,1,1,False
42,73161,-17,20279,-16,51794,-67,54802,-0,002766538,0,9994256,-0,0009107091,-0,03376253,0,0,0,0,0,0,0,0,0,0,0,0,0,0,0,0,0,0,0,0,0,0,1,1,1,False
42,74116,-17,20222,-15,87889,-67,54813,-0,002766538,0,9994256,-0,0009107091,-0,03376253,0,0,0,0,0,0,0,0,0,0,0,0,0,0,0,0,0,0,0,0,0,0,1,1,1,False
42,75178,-17,2012,-15,20842,-67,54814,-0,002766538,0,9994256,-0,0009107091,-0,03376253,0,0,0,0,0,0,0,0,0,0,0,0,0,0,0,0,0,0,0,0,0,0,1,1,1,False
42,76161,-17,20055,-13,78607,-67,54823,-0,002766538,0,9994256,-0,0009107091,-0,03376253,0,0,0,0,0,0,0,0,0,0,0,0,0,0,0,0,0,0,0,0,0,0,1,1,1,False
42,77279,-17,19946,-12,92406,-67,54823,-0,002766538,0,9994256,-0,0009107091,-0,03376253,0,0,0,0,0,0,0,0,0,0,0,0,0,0,0,0,0,0,0,0,0,0,1,1,1,False
42,79169,-17,19679,-10,44356,-67,54797,-0,002766538,0,9994256,-0,0009107091,-0,03376253,0,0,0,0,0,0,0,0,0,0,0,0,0,0,0,0,0,0,0,0,0,0,1,1,1,False
42,80223,-17,19734,-8,205215,-67,54842,-0,002766538,0,9994256,-0,0009107091,-0,03376253,0,0,0,0,0,0,0,0,0,0,0,0,0,0,0,0,0,0,0,0,0,0,1,1,1,False
42,81356,-17,19639,-7,527557,-67,54842,-0,002766538,0,9994256,-0,0009107091,-0,03376253,0,0,0,0,0,0,0,0,0,0,0,0,0,0,0,0,0,0,0,0,0,0,1,1,1,False
42,8233,-17,19595,-6,281831,-67,54855,-0,002766538,0,9994256,-0,0009107091,-0,03376253,0,0,0,0,0,0,0,0,0,0,0,0,0,0,0,0,0,0,0,0,0,0,1,1,1,False
42,83466,-17,1949,-5,028368,-67,54853,-0,002766538,0,9994256,-0,0009107091,-0,03376253,0,0,0,0,0,0,0,0,0,0,0,0,0,0,0,0,0,0,0,0,0,0,1,1,1,False
42,84402,-17,19458,-4,370103,-67,54867,-0,002766538,0,9994256,-0,0009107091,-0,03376253,0,0,0,0,0,0,0,0,0,0,0,0,0,0,0,0,0,0,0,0,0,0,1,1,1,False
42,85562,-17,19345,-3,904949,-67,54861,-0,002766538,0,9994256,-0,0009107091,-0,03376253,0,0,0,0,0,0,0,0,0,0,0,0,0,0,0,0,0,0,0,0,0,0,1,1,1,False
42,86654,-17,19285,-3,234849,-67,5487,-0,002766538,0,9994256,-0,0009107091,-0,03376253,0,0,0,0,0,0,0,0,0,0,0,0,0,0,0,0,0,0,0,0,0,0,1,1,1,False
42,87814,-17,192,-2,61433,-67,54871,-0,002766538,0,9994256,-0,0009107091,-0,03376253,0,0,0,0,0,0,0,0,0,0,0,0,0,0,0,0,0,0,0,0,0,0,1,1,1,False
42,8887,-17,19152,-2,373835,-67,54881,-0,002766538,0,9994256,-0,0009107091,-0,03376253,0,0,0,0,0,0,0,0,0,0,0,0,0,0,0,0,0,0,0,0,0,0,1,1,1,False
42,89949,-17,19084,-1,890152,-67,54884,-0,002766538,0,9994256,-0,0009107091,-0,03376253,0,0,0,0,0,0,0,0,0,0,0,0,0,0,0,0,0,0,0,0,0,0,1,1,1,False
42,90948,-17,19039,-1,796609,-67,54892,-0,002766538,0,9994256,-0,0009107091,-0,03376253,0,0,0,0,0,0,0,0,0,0,0,0,0,0,0,0,0,0,0,0,0,0,1,1,1,False
42,92052,-17,18959,-1,75707,-67,54891,-0,002766538,0,9994256,-0,0009107091,-0,03376253,0,0,0,0,0,0,0,0,0,0,0,0,0,0,0,0,0,0,0,0,0,0,1,1,1,False
42,93246,-17,18879,-1,713818,-67,54891,-0,002766538,0,9994256,-0,0009107091,-0,03376253,0,0,0,0,0,0,0,0,0,0,0,0,0,0,0,0,0,0,0,0,0,0,1,1,1,False
42,94862,-17,18525,-2,196398,-67,54818,-0,002766538,0,9994256,-0,0009107091,-0,03376253,0,0,0,0,0,0,0,0,0,0,0,0,0,0,0,0,0,0,0,0,0,0,1,1,1,False
42,95953,-17,18757,-1,612587,-67,54906,-0,002766538,0,9994256,-0,0009107091,-0,03376253,0,0,0,0,0,0,0,0,0,0,0,0,0,0,0,0,0,0,0,0,0,0,1,1,1,False
42,96787,-17,18577,-1,863262,-67,54868,-0,002766538,0,9994256,-0,0009107091,-0,03376253,0,0,0,0,0,0,0,0,0,0,0,0,0,0,0,0,0,0,0,0,0,0,1,1,1,False
42,97877,-17,18342,-2,191845,-67,54817,-0,002766538,0,9994256,-0,0009107091,-0,03376253,0,0,0,0,0,0,0,0,0,0,0,0,0,0,0,0,0,0,0,0,0,0,1,1,1,False
42,98744,-17,18156,-2,454103,-67,54778,-0,002766538,0,9994256,-0,0009107091,-0,03376253,0,0,0,0,0,0,0,0,0,0,0,0,0,0,0,0,0,0,0,0,0,0,1,1,1,False
42,99752,-17,17942,-2,760094,-67,5473,-0,002766538,0,9994256,-0,0009107091,-0,03376253,0,0,0,0,0,0,0,0,0,0,0,0,0,0,0,0,0,0,0,0,0,0,1,1,1,False
43,00639,-17,17754,-3,029964,-67,54688,-0,002766538,0,9994256,-0,0009107091,-0,03376253,0,0,0,0,0,0,0,0,0,0,0,0,0,0,0,0,0,0,0,0,0,0,1,1,1,False
43,01624,-17,17547,-3,330518,-67,54642,-0,002766538,0,9994256,-0,0009107091,-0,03376253,0,0,0,0,0,0,0,0,0,0,0,0,0,0,0,0,0,0,0,0,0,0,1,1,1,False
43,02472,-17,17369,-3,590092,-67,54601,-0,002766538,0,9994256,-0,0009107091,-0,03376253,0,0,0,0,0,0,0,0,0,0,0,0,0,0,0,0,0,0,0,0,0,0,1,1,1,False
43,03432,-17,17169,-3,885229,-67,54556,-0,002766538,0,9994256,-0,0009107091,-0,03376253,0,0,0,0,0,0,0,0,0,0,0,0,0,0,0,0,0,0,0,0,0,0,1,1,1,False
43,04282,-17,16993,-4,146836,-67,54515,-0,002766538,0,9994256,-0,0009107091,-0,03376253,0,0,0,0,0,0,0,0,0,0,0,0,0,0,0,0,0,0,0,0,0,0,1,1,1,False
43,05204,-17,16803,-4,431663,-67,54471,-0,002766538,0,9994256,-0,0009107091,-0,03376253,0,0,0,0,0,0,0,0,0,0,0,0,0,0,0,0,0,0,0,0,0,0,1,1,1,False
43,06017,-17,16637,-4,683562,-67,54432,-0,002766538,0,9994256,-0,0009107091,-0,03376253,0,0,0,0,0,0,0,0,0,0,0,0,0,0,0,0,0,0,0,0,0,0,1,1,1,False
43,06923,-17,16453,-4,964745,-67,54388,-0,002766538,0,9994256,-0,0009107091,-0,03376253,0,0,0,0,0,0,0,0,0,0,0,0,0,0,0,0,0,0,0,0,0,0,1,1,1,False
43,07712,-17,16293,-5,210434,-67,5435,-0,002766538,0,9994256,-0,0009107091,-0,03376253,0,0,0,0,0,0,0,0,0,0,0,0,0,0,0,0,0,0,0,0,0,0,1,1,1,False
43,08538,-17,16127,-5,468334,-67,54309,-0,002766538,0,9994256,-0,0009107091,-0,03376253,0,0,0,0,0,0,0,0,0,0,0,0,0,0,0,0,0,0,0,0,0,0,1,1,1,False
43,10172,-17,158,-5,981021,-67,54228,-0,002766538,0,9994256,-0,0009107091,-0,03376253,0,0,0,0,0,0,0,0,0,0,0,0,0,0,0,0,0,0,0,0,0,0,1,1,1,False
43,11045,-17,15627,-6,255695,-67,54185,-0,002766538,0,9994256,-0,0009107091,-0,03376253,0,0,0,0,0,0,0,0,0,0,0,0,0,0,0,0,0,0,0,0,0,0,1,1,1,False
43,11864,-17,15466,-6,514089,-67,54143,-0,002766538,0,9994256,-0,0009107091,-0,03376253,0,0,0,0,0,0,0,0,0,0,0,0,0,0,0,0,0,0,0,0,0,0,1,1,1,False
43,12642,-17,15314,-6,760296,-67,54104,-0,002766538,0,9994256,-0,0009107091,-0,03376253,0,0,0,0,0,0,0,0,0,0,0,0,0,0,0,0,0,0,0,0,0,0,1,1,1,False
43,13512,-17,15145,-7,035991,-67,5406,-0,002766538,0,9994256,-0,0009107091,-0,03376253,0,0,0,0,0,0,0,0,0,0,0,0,0,0,0,0,0,0,0,0,0,0,1,1,1,False
43,14274,-17,14998,-7,27844,-67,54021,-0,002766538,0,9994256,-0,0009107091,-0,03376253,0,0,0,0,0,0,0,0,0,0,0,0,0,0,0,0,0,0,0,0,0,0,1,1,1,False
43,15186,-17,14823,-7,56928,-67,53975,-0,002766538,0,9994256,-0,0009107091,-0,03376253,0,0,0,0,0,0,0,0,0,0,0,0,0,0,0,0,0,0,0,0,0,0,1,1,1,False
43,15989,-17,1467,-7,825749,-67,53934,-0,002766538,0,9994256,-0,0009107091,-0,03376253,0,0,0,0,0,0,0,0,0,0,0,0,0,0,0,0,0,0,0,0,0,0,1,1,1,False
43,16923,-17,14492,-8,125178,-67,53886,-0,002766538,0,9994256,-0,0009107091,-0,03376253,0,0,0,0,0,0,0,0,0,0,0,0,0,0,0,0,0,0,0,0,0,0,1,1,1,False
43,1787,-17,14314,-8,429477,-67,53837,-0,002766538,0,9994256,-0,0009107091,-0,03376253,0,0,0,0,0,0,0,0,0,0,0,0,0,0,0,0,0,0,0,0,0,0,1,1,1,False
43,18668,-17,14165,-8,686983,-67,53796,-0,002766538,0,9994256,-0,0009107091,-0,03376253,0,0,0,0,0,0,0,0,0,0,0,0,0,0,0,0,0,0,0,0,0,0,1,1,1,False
43,19617,-17,13988,-8,993593,-67,53745,-0,002766538,0,9994256,-0,0009107091,-0,03376253,0,0,0,0,0,0,0,0,0,0,0,0,0,0,0,0,0,0,0,0,0,0,1,1,1,False
43,20413,-17,13842,-9,251541,-67,53704,-0,002766538,0,9994256,-0,0009107091,-0,03376253,0,0,0,0,0,0,0,0,0,0,0,0,0,0,0,0,0,0,0,0,0,0,1,1,1,False
43,21349,-17,1367,-9,555822,-67,53654,-0,002766538,0,9994256,-0,0009107091,-0,03376253,0,0,0,0,0,0,0,0,0,0,0,0,0,0,0,0,0,0,0,0,0,0,1,1,1,False
43,22136,-17,13527,-9,812283,-67,53613,-0,002766538,0,9994256,-0,0009107091,-0,03376253,0,0,0,0,0,0,0,0,0,0,0,0,0,0,0,0,0,0,0,0,0,0,1,1,1,False
43,23069,-17,13358,-10,11694,-67,53563,-0,002766538,0,9994256,-0,0009107091,-0,03376253,0,0,0,0,0,0,0,0,0,0,0,0,0,0,0,0,0,0,0,0,0,0,1,1,1,False
43,23853,-17,13217,-10,37377,-67,53521,-0,002766538,0,9994256,-0,0009107091,-0,03376253,0,0,0,0,0,0,0,0,0,0,0,0,0,0,0,0,0,0,0,0,0,0,1,1,1,False
43,25331,-17,12954,-10,86005,-67,53442,-0,002766538,0,9994256,-0,0009107091,-0,03376253,0,0,0,0,0,0,0,0,0,0,0,0,0,0,0,0,0,0,0,0,0,0,1,1,1,False
43,26227,-17,12796,-11,15561,-67,53393,-0,002766538,0,9994256,-0,0009107091,-0,03376253,0,0,0,0,0,0,0,0,0,0,0,0,0,0,0,0,0,0,0,0,0,0,1,1,1,False
43,2713,-17,12638,-11,45414,-67,53343,-0,002766538,0,9994256,-0,0009107091,-0,03376253,0,0,0,0,0,0,0,0,0,0,0,0,0,0,0,0,0,0,0,0,0,0,1,1,1,False
43,27908,-17,12502,-11,71227,-67,53301,-0,002766538,0,9994256,-0,0009107091,-0,03376253,0,0,0,0,0,0,0,0,0,0,0,0,0,0,0,0,0,0,0,0,0,0,1,1,1,False
43,28711,-17,12364,-11,97912,-67,53257,-0,002766538,0,9994256,-0,0009107091,-0,03376253,0,0,0,0,0,0,0,0,0,0,0,0,0,0,0,0,0,0,0,0,0,0,1,1,1,False
43,29626,-17,12207,-12,28408,-67,53207,-0,002766538,0,9994256,-0,0009107091,-0,03376253,0,0,0,0,0,0,0,0,0,0,0,0,0,0,0,0,0,0,0,0,0,0,1,1,1,False
43,30437,-17,12069,-12,55515,-67,53162,-0,002766538,0,9994256,-0,0009107091,-0,03376253,0,0,0,0,0,0,0,0,0,0,0,0,0,0,0,0,0,0,0,0,0,0,1,1,1,False
43,31333,-17,11917,-12,85532,-67,53111,-0,002766538,0,9994256,-0,0009107091,-0,03376253,0,0,0,0,0,0,0,0,0,0,0,0,0,0,0,0,0,0,0,0,0,0,1,1,1,False
43,32153,-17,1178,-13,13066,-67,53065,-0,002766538,0,9994256,-0,0009107091,-0,03376253,0,0,0,0,0,0,0,0,0,0,0,0,0,0,0,0,0,0,0,0,0,0,1,1,1,False
43,3303,-17,11633,-13,42618,-67,53017,-0,002766538,0,9994256,-0,0009107091,-0,03376253,0,0,0,0,0,0,0,0,0,0,0,0,0,0,0,0,0,0,0,0,0,0,1,1,1,False
43,33855,-17,11497,-13,70479,-67,52969,-0,002766538,0,9994256,-0,0009107091,-0,03376253,0,0,0,0,0,0,0,0,0,0,0,0,0,0,0,0,0,0,0,0,0,0,1,1,1,False
43,34665,-17,11364,-13,97881,-67,52923,-0,002766538,0,9994256,-0,0009107091,-0,03376253,0,0,0,0,0,0,0,0,0,0,0,0,0,0,0,0,0,0,0,0,0,0,1,1,1,False
43,35616,-17,11209,-14,30145,-67,52869,-0,002766538,0,9994256,-0,0009107091,-0,03376253,0,0,0,0,0,0,0,0,0,0,0,0,0,0,0,0,0,0,0,0,0,0,1,1,1,False
43,36432,-17,11076,-14,57909,-67,52821,-0,002766538,0,9994256,-0,0009107091,-0,03376253,0,0,0,0,0,0,0,0,0,0,0,0,0,0,0,0,0,0,0,0,0,0,1,1,1,False
43,37343,-17,1093,-14,88997,-67,52769,-0,002766538,0,9994256,-0,0009107091,-0,03376253,0,0,0,0,0,0,0,0,0,0,0,0,0,0,0,0,0,0,0,0,0,0,1,1,1,False
43,38168,-17,10798,-15,17205,-67,52721,-0,002766538,0,9994256,-0,0009107091,-0,03376253,0,0,0,0,0,0,0,0,0,0,0,0,0,0,0,0,0,0,0,0,0,0,1,1,1,False
43,39054,-17,10658,-15,47598,-67,5267,-0,002766538,0,9994256,-0,0009107091,-0,03376253,0,0,0,0,0,0,0,0,0,0,0,0,0,0,0,0,0,0,0,0,0,0,1,1,1,False
43,40509,-17,10429,-15,97672,-67,52585,-0,002766538,0,9994256,-0,0009107091,-0,03376253,0,0,0,0,0,0,0,0,0,0,0,0,0,0,0,0,0,0,0,0,0,0,1,1,1,False
43,41409,-17,10289,-16,28754,-67,52531,-0,002766538,0,9994256,-0,0009107091,-0,03376253,0,0,0,0,0,0,0,0,0,0,0,0,0,0,0,0,0,0,0,0,0,0,1,1,1,False
43,42225,-17,10163,-16,56993,-67,52483,-0,002766538,0,9994256,-0,0009107091,-0,03376253,0,0,0,0,0,0,0,0,0,0,0,0,0,0,0,0,0,0,0,0,0,0,1,1,1,False
43,43105,-17,10028,-16,87516,-67,52431,-0,002766538,0,9994256,-0,0009107091,-0,03376253,0,0,0,0,0,0,0,0,0,0,0,0,0,0,0,0,0,0,0,0,0,0,1,1,1,False
43,4391,-17,09905,-17,15518,-67,52383,-0,002766538,0,9994256,-0,0009107091,-0,03376253,0,0,0,0,0,0,0,0,0,0,0,0,0,0,0,0,0,0,0,0,0,0,1,1,1,False
43,4473,-17,09781,-17,4409,-67,52334,-0,002766538,0,9994256,-0,0009107091,-0,03376253,0,0,0,0,0,0,0,0,0,0,0,0,0,0,0,0,0,0,0,0,0,0,1,1,1,False
43,45622,-17,09647,-17,75279,-67,5228,-0,002766538,0,9994256,-0,0009107091,-0,03376253,0,0,0,0,0,0,0,0,0,0,0,0,0,0,0,0,0,0,0,0,0,0,1,1,1,False
43,46439,-17,09525,-18,03925,-67,52231,-0,002766538,0,9994256,-0,0009107091,-0,03376253,0,0,0,0,0,0,0,0,0,0,0,0,0,0,0,0,0,0,0,0,0,0,1,1,1,False
43,47314,-17,09395,-18,34629,-67,52177,-0,002766538,0,9994256,-0,0009107091,-0,03376253,0,0,0,0,0,0,0,0,0,0,0,0,0,0,0,0,0,0,0,0,0,0,1,1,1,False
43,48125,-17,09276,-18,63188,-67,52129,-0,002766538,0,9994256,-0,0009107091,-0,03376253,0,0,0,0,0,0,0,0,0,0,0,0,0,0,0,0,0,0,0,0,0,0,1,1,1,False
43,49031,-17,09143,-18,95149,-67,52074,-0,002766538,0,9994256,-0,0009107091,-0,03376253,0,0,0,0,0,0,0,0,0,0,0,0,0,0,0,0,0,0,0,0,0,0,1,1,1,False
43,4987,-17,09022,-19,24862,-67,52022,-0,002766538,0,9994256,-0,0009107091,-0,03376253,0,0,0,0,0,0,0,0,0,0,0,0,0,0,0,0,0,0,0,0,0,0,1,1,1,False
43,50699,-17,08902,-19,5426,-67,51971,-0,002766538,0,9994256,-0,0009107091,-0,03376253,0,0,0,0,0,0,0,0,0,0,0,0,0,0,0,0,0,0,0,0,0,0,1,1,1,False
43,51579,-17,08776,-19,85539,-67,51916,-0,002766538,0,9994256,-0,0009107091,-0,03376253,0,0,0,0,0,0,0,0,0,0,0,0,0,0,0,0,0,0,0,0,0,0,1,1,1,False
43,52426,-17,08655,-20,1572,-67,51863,-0,002766538,0,9994256,-0,0009107091,-0,03376253,0,0,0,0,0,0,0,0,0,0,0,0,0,0,0,0,0,0,0,0,0,0,1,1,1,False
43,53387,-17,08519,-20,50063,-67,51803,-0,002766538,0,9994256,-0,0009107091,-0,03376253,0,0,0,0,0,0,0,0,0,0,0,0,0,0,0,0,0,0,0,0,0,0,1,1,1,False
43,54257,-17,08397,-20,81251,-67,51749,-0,002766538,0,9994256,-0,0009107091,-0,03376253,0,0,0,0,0,0,0,0,0,0,0,0,0,0,0,0,0,0,0,0,0,0,1,1,1,False
43,55813,-17,0818,-21,37249,-67,5165,-0,002766538,0,9994256,-0,0009107091,-0,03376253,0,0,0,0,0,0,0,0,0,0,0,0,0,0,0,0,0,0,0,0,0,0,1,1,1,False
43,56625,-17,08068,-21,6652,-67,51598,-0,002766538,0,9994256,-0,0009107091,-0,03376253,0,0,0,0,0,0,0,0,0,0,0,0,0,0,0,0,0,0,0,0,0,0,1,1,1,False
43,57516,-17,07945,-21,98751,-67,51542,-0,002766538,0,9994256,-0,0009107091,-0,03376253,0,0,0,0,0,0,0,0,0,0,0,0,0,0,0,0,0,0,0,0,0,0,1,1,1,False
43,58274,-17,07842,-22,26237,-67,51494,-0,002766538,0,9994256,-0,0009107091,-0,03376253,0,0,0,0,0,0,0,0,0,0,0,0,0,0,0,0,0,0,0,0,0,0,1,1,1,False
43,59169,-17,0772,-22,58726,-67,51436,-0,002766538,0,9994256,-0,0009107091,-0,03376253,0,0,0,0,0,0,0,0,0,0,0,0,0,0,0,0,0,0,0,0,0,0,1,1,1,False
43,60007,-17,07607,-22,89239,-67,51382,-0,002766538,0,9994256,-0,0009107091,-0,03376253,0,0,0,0,0,0,0,0,0,0,0,0,0,0,0,0,0,0,0,0,0,0,1,1,1,False
43,60893,-17,07488,-23,21589,-67,51326,-0,002766538,0,9994256,-0,0009107091,-0,03376253,0,0,0,0,0,0,0,0,0,0,0,0,0,0,0,0,0,0,0,0,0,0,1,1,1,False
43,61729,-17,07376,-23,52175,-67,51272,-0,002766538,0,9994256,-0,0009107091,-0,03376253,0,0,0,0,0,0,0,0,0,0,0,0,0,0,0,0,0,0,0,0,0,0,1,1,1,False
43,62633,-17,19714,-1,673067,-67,54849,-0,002766538,0,9994256,-0,0009107091,-0,03376253,0,0,0,0,0,0,0,0,0,0,0,0,0,0,0,0,0,0,0,0,0,0,1,1,1,False
43,63686,-17,19761,-1,839077,-67,54835,-0,002766538,0,9994256,-0,0009107091,-0,03376253,0,0,0,0,0,0,0,0,0,0,0,0,0,0,0,0,0,0,0,0,0,0,1,1,1,False
43,6466,-17,19849,-2,231513,-67,54834,-0,002766538,0,9994256,-0,0009107091,-0,03376253,0,0,0,0,0,0,0,0,0,0,0,0,0,0,0,0,0,0,0,0,0,0,1,1,1,False
43,65628,-17,19923,-2,510788,-67,54829,-0,002766538,0,9994256,-0,0009107091,-0,03376253,0,0,0,0,0,0,0,0,0,0,0,0,0,0,0,0,0,0,0,0,0,0,1,1,1,False
43,66549,-17,20004,-2,914508,-67,54827,-0,002766538,0,9994256,-0,0009107091,-0,03376253,0,0,0,0,0,0,0,0,0,0,0,0,0,0,0,0,0,0,0,0,0,0,1,1,1,False
43,67551,-17,20065,-3,095728,-67,54816,-0,002766538,0,9994256,-0,0009107091,-0,03376253,0,0,0,0,0,0,0,0,0,0,0,0,0,0,0,0,0,0,0,0,0,0,1,1,1,False
43,6842,-17,20161,-3,257736,-67,5482,-0,002766538,0,9994256,-0,0009107091,-0,03376253,0,0,0,0,0,0,0,0,0,0,0,0,0,0,0,0,0,0,0,0,0,0,1,1,1,False
43,69423,-17,20213,-3,599365,-67,54806,-0,002766538,0,9994256,-0,0009107091,-0,03376253,0,0,0,0,0,0,0,0,0,0,0,0,0,0,0,0,0,0,0,0,0,0,1,1,1,False
43,71046,-17,20216,-4,484207,-67,54758,-0,002766538,0,9994256,-0,0009107091,-0,03376253,0,0,0,0,0,0,0,0,0,0,0,0,0,0,0,0,0,0,0,0,0,0,1,1,1,False
43,72091,-17,20423,-4,739372,-67,54787,-0,002766538,0,9994256,-0,0009107091,-0,03376253,0,0,0,0,0,0,0,0,0,0,0,0,0,0,0,0,0,0,0,0,0,0,1,1,1,False
43,73167,-17,20507,-4,952625,-67,54779,-0,002766538,0,9994256,-0,0009107091,-0,03376253,0,0,0,0,0,0,0,0,0,0,0,0,0,0,0,0,0,0,0,0,0,0,1,1,1,False
43,74152,-17,2061,-5,220107,-67,54778,-0,002766538,0,9994256,-0,0009107091,-0,03376253,0,0,0,0,0,0,0,0,0,0,0,0,0,0,0,0,0,0,0,0,0,0,1,1,1,False
43,75184,-17,20689,-5,339762,-67,54769,-0,002766538,0,9994256,-0,0009107091,-0,03376253,0,0,0,0,0,0,0,0,0,0,0,0,0,0,0,0,0,0,0,0,0,0,1,1,1,False
43,76072,-17,20797,-5,986429,-67,54773,-0,002766538,0,9994256,-0,0009107091,-0,03376253,0,0,0,0,0,0,0,0,0,0,0,0,0,0,0,0,0,0,0,0,0,0,1,1,1,False
43,77099,-17,20857,-6,241331,-67,54758,-0,002766538,0,9994256,-0,0009107091,-0,03376253,0,0,0,0,0,0,0,0,0,0,0,0,0,0,0,0,0,0,0,0,0,0,1,1,1,False
43,7802,-17,20962,-6,502439,-67,54758,-0,002766538,0,9994256,-0,0009107091,-0,03376253,0,0,0,0,0,0,0,0,0,0,0,0,0,0,0,0,0,0,0,0,0,0,1,1,1,False
43,79005,-17,21036,-6,728563,-67,54748,-0,002766538,0,9994256,-0,0009107091,-0,03376253,0,0,0,0,0,0,0,0,0,0,0,0,0,0,0,0,0,0,0,0,0,0,1,1,1,False
43,79891,-17,21137,-6,89222,-67,54749,-0,002766538,0,9994256,-0,0009107091,-0,03376253,0,0,0,0,0,0,0,0,0,0,0,0,0,0,0,0,0,0,0,0,0,0,1,1,1,False
43,80759,-17,2122,-6,98685,-67,54745,-0,002766538,0,9994256,-0,0009107091,-0,03376253,0,0,0,0,0,0,0,0,0,0,0,0,0,0,0,0,0,0,0,0,0,0,1,1,1,False
43,81702,-17,21291,-7,217556,-67,54733,-0,002766538,0,9994256,-0,0009107091,-0,03376253,0,0,0,0,0,0,0,0,0,0,0,0,0,0,0,0,0,0,0,0,0,0,1,1,1,False
43,82568,-17,21387,-7,289135,-67,54733,-0,002766538,0,9994256,-0,0009107091,-0,03376253,0,0,0,0,0,0,0,0,0,0,0,0,0,0,0,0,0,0,0,0,0,0,1,1,1,False
43,83462,-17,21277,-7,636021,-67,5467,-0,002766538,0,9994256,-0,0009107091,-0,03376253,0,0,0,0,0,0,0,0,0,0,0,0,0,0,0,0,0,0,0,0,0,0,1,1,1,False
43,84264,-17,21179,-7,947665,-67,54613,-0,002766538,0,9994256,-0,0009107091,-0,03376253,0,0,0,0,0,0,0,0,0,0,0,0,0,0,0,0,0,0,0,0,0,0,1,1,1,False
43,85152,-17,2107,-8,293549,-67,54551,-0,002766538,0,9994256,-0,0009107091,-0,03376253,0,0,0,0,0,0,0,0,0,0,0,0,0,0,0,0,0,0,0,0,0,0,1,1,1,False
43,86565,-17,20897,-8,845695,-67,54452,-0,002766538,0,9994256,-0,0009107091,-0,03376253,0,0,0,0,0,0,0,0,0,0,0,0,0,0,0,0,0,0,0,0,0,0,1,1,1,False
43,87447,-17,20788,-9,191387,-67,54389,-0,002766538,0,9994256,-0,0009107091,-0,03376253,0,0,0,0,0,0,0,0,0,0,0,0,0,0,0,0,0,0,0,0,0,0,1,1,1,False
43,88233,-17,20692,-9,500039,-67,54333,-0,002766538,0,9994256,-0,0009107091,-0,03376253,0,0,0,0,0,0,0,0,0,0,0,0,0,0,0,0,0,0,0,0,0,0,1,1,1,False
43,89061,-17,2059,-9,825834,-67,54275,-0,002766538,0,9994256,-0,0009107091,-0,03376253,0,0,0,0,0,0,0,0,0,0,0,0,0,0,0,0,0,0,0,0,0,0,1,1,1,False
43,89871,-17,2049,-10,14496,-67,54218,-0,002766538,0,9994256,-0,0009107091,-0,03376253,0,0,0,0,0,0,0,0,0,0,0,0,0,0,0,0,0,0,0,0,0,0,1,1,1,False
43,90643,-17,20396,-10,44983,-67,54163,-0,002766538,0,9994256,-0,0009107091,-0,03376253,0,0,0,0,0,0,0,0,0,0,0,0,0,0,0,0,0,0,0,0,0,0,1,1,1,False
43,91502,-17,2029,-10,79021,-67,54101,-0,002766538,0,9994256,-0,0009107091,-0,03376253,0,0,0,0,0,0,0,0,0,0,0,0,0,0,0,0,0,0,0,0,0,0,1,1,1,False
43,92913,-17,20115,-11,35056,-67,54,-0,002766538,0,9994256,-0,0009107091,-0,03376253,0,0,0,0,0,0,0,0,0,0,0,0,0,0,0,0,0,0,0,0,0,0,1,1,1,False
43,93757,-17,20011,-11,68666,-67,53939,-0,002766538,0,9994256,-0,0009107091,-0,03376253,0,0,0,0,0,0,0,0,0,0,0,0,0,0,0,0,0,0,0,0,0,0,1,1,1,False
43,94534,-17,19915,-11,99632,-67,53883,-0,002766538,0,9994256,-0,0009107091,-0,03376253,0,0,0,0,0,0,0,0,0,0,0,0,0,0,0,0,0,0,0,0,0,0,1,1,1,False
43,95393,-17,19808,-12,34002,-67,53822,-0,002766538,0,9994256,-0,0009107091,-0,03376253,0,0,0,0,0,0,0,0,0,0,0,0,0,0,0,0,0,0,0,0,0,0,1,1,1,False
43,96257,-17,197,-12,68592,-67,5376,-0,002766538,0,9994256,-0,0009107091,-0,03376253,0,0,0,0,0,0,0,0,0,0,0,0,0,0,0,0,0,0,0,0,0,0,1,1,1,False
43,97089,-17,19596,-13,02022,-67,53699,-0,002766538,0,9994256,-0,0009107091,-0,03376253,0,0,0,0,0,0,0,0,0,0,0,0,0,0,0,0,0,0,0,0,0,0,1,1,1,False
43,97871,-17,19498,-13,33473,-67,53643,-0,002766538,0,9994256,-0,0009107091,-0,03376253,0,0,0,0,0,0,0,0,0,0,0,0,0,0,0,0,0,0,0,0,0,0,1,1,1,False
43,98617,-17,19404,-13,63507,-67,53589,-0,002766538,0,9994256,-0,0009107091,-0,03376253,0,0,0,0,0,0,0,0,0,0,0,0,0,0,0,0,0,0,0,0,0,0,1,1,1,False
43,99468,-17,19297,-13,97887,-67,53527,-0,002766538,0,9994256,-0,0009107091,-0,03376253,0,0,0,0,0,0,0,0,0,0,0,0,0,0,0,0,0,0,0,0,0,0,1,1,1,False
44,00249,-17,19198,-14,29501,-67,53471,-0,002766538,0,9994256,-0,0009107091,-0,03376253,0,0,0,0,0,0,0,0,0,0,0,0,0,0,0,0,0,0,0,0,0,0,1,1,1,False
44,01815,-17,18999,-14,931,-67,53356,-0,002766538,0,9994256,-0,0009107091,-0,03376253,0,0,0,0,0,0,0,0,0,0,0,0,0,0,0,0,0,0,0,0,0,0,1,1,1,False
44,0267,-17,1889,-15,27863,-67,53294,-0,002766538,0,9994256,-0,0009107091,-0,03376253,0,0,0,0,0,0,0,0,0,0,0,0,0,0,0,0,0,0,0,0,0,0,1,1,1,False
44,03627,-17,18767,-15,66917,-67,53223,-0,002766538,0,9994256,-0,0009107091,-0,03376253,0,0,0,0,0,0,0,0,0,0,0,0,0,0,0,0,0,0,0,0,0,0,1,1,1,False
44,04422,-17,18664,-15,99426,-67,53165,-0,002766538,0,9994256,-0,0009107091,-0,03376253,0,0,0,0,0,0,0,0,0,0,0,0,0,0,0,0,0,0,0,0,0,0,1,1,1,False
44,05329,-17,18546,-16,36562,-67,53099,-0,002766538,0,9994256,-0,0009107091,-0,03376253,0,0,0,0,0,0,0,0,0,0,0,0,0,0,0,0,0,0,0,0,0,0,1,1,1,False
44,06113,-17,18444,-16,68735,-67,53041,-0,002766538,0,9994256,-0,0009107091,-0,03376253,0,0,0,0,0,0,0,0,0,0,0,0,0,0,0,0,0,0,0,0,0,0,1,1,1,False
44,07021,-17,18325,-17,06095,-67,52974,-0,002766538,0,9994256,-0,0009107091,-0,03376253,0,0,0,0,0,0,0,0,0,0,0,0,0,0,0,0,0,0,0,0,0,0,1,1,1,False
44,07797,-17,18223,-17,38062,-67,52917,-0,002766538,0,9994256,-0,0009107091,-0,03376253,0,0,0,0,0,0,0,0,0,0,0,0,0,0,0,0,0,0,0,0,0,0,1,1,1,False
44,08632,-17,18113,-17,72544,-67,52854,-0,002766538,0,9994256,-0,0009107091,-0,03376253,0,0,0,0,0,0,0,0,0,0,0,0,0,0,0,0,0,0,0,0,0,0,1,1,1,False
44,09506,-17,17996,-18,08705,-67,52789,-0,002766538,0,9994256,-0,0009107091,-0,03376253,0,0,0,0,0,0,0,0,0,0,0,0,0,0,0,0,0,0,0,0,0,0,1,1,1,False
44,10369,-17,17881,-18,44496,-67,52726,-0,002766538,0,9994256,-0,0009107091,-0,03376253,0,0,0,0,0,0,0,0,0,0,0,0,0,0,0,0,0,0,0,0,0,0,1,1,1,False
44,11273,-17,17759,-18,82046,-67,52658,-0,002766538,0,9994256,-0,0009107091,-0,03376253,0,0,0,0,0,0,0,0,0,0,0,0,0,0,0,0,0,0,0,0,0,0,1,1,1,False
44,12101,-17,17647,-19,16493,-67,52596,-0,002766538,0,9994256,-0,0009107091,-0,03376253,0,0,0,0,0,0,0,0,0,0,0,0,0,0,0,0,0,0,0,0,0,0,1,1,1,False
44,13032,-17,1752,-19,55334,-67,52527,-0,002766538,0,9994256,-0,0009107091,-0,03376253,0,0,0,0,0,0,0,0,0,0,0,0,0,0,0,0,0,0,0,0,0,0,1,1,1,False
44,13852,-17,17407,-19,89628,-67,52466,-0,002766538,0,9994256,-0,0009107091,-0,03376253,0,0,0,0,0,0,0,0,0,0,0,0,0,0,0,0,0,0,0,0,0,0,1,1,1,False
44,14647,-17,17297,-20,22882,-67,52406,-0,002766538,0,9994256,-0,0009107091,-0,03376253,0,0,0,0,0,0,0,0,0,0,0,0,0,0,0,0,0,0,0,0,0,0,1,1,1,False
44,155,-17,17178,-20,58681,-67,52342,-0,002766538,0,9994256,-0,0009107091,-0,03376253,0,0,0,0,0,0,0,0,0,0,0,0,0,0,0,0,0,0,0,0,0,0,1,1,1,False
44,16889,-17,16983,-21,17158,-67,52238,-0,002766538,0,9994256,-0,0009107091,-0,03376253,0,0,0,0,0,0,0,0,0,0,0,0,0,0,0,0,0,0,0,0,0,0,1,1,1,False
44,17781,-17,16856,-21,54796,-67,52171,-0,002766538,0,9994256,-0,0009107091,-0,03376253,0,0,0,0,0,0,0,0,0,0,0,0,0,0,0,0,0,0,0,0,0,0,1,1,1,False
44,18595,-17,1674,-21,89166,-67,5211,-0,002766538,0,9994256,-0,0009107091,-0,03376253,0,0,0,0,0,0,0,0,0,0,0,0,0,0,0,0,0,0,0,0,0,0,1,1,1,False
44,19489,-17,16611,-22,27029,-67,52042,-0,002766538,0,9994256,-0,0009107091,-0,03376253,0,0,0,0,0,0,0,0,0,0,0,0,0,0,0,0,0,0,0,0,0,0,1,1,1,False
44,20347,-17,16487,-22,63438,-67,51978,-0,002766538,0,9994256,-0,0009107091,-0,03376253,0,0,0,0,0,0,0,0,0,0,0,0,0,0,0,0,0,0,0,0,0,0,1,1,1,False
44,21199,-17,16362,-22,99677,-67,51913,-0,002766538,0,9994256,-0,0009107091,-0,03376253,0,0,0,0,0,0,0,0,0,0,0,0,0,0,0,0,0,0,0,0,0,0,1,1,1,False
44,22001,-17,16244,-23,33837,-67,51852,-0,002766538,0,9994256,-0,0009107091,-0,03376253,0,0,0,0,0,0,0,0,0,0,0,0,0,0,0,0,0,0,0,0,0,0,1,1,1,False
44,22888,-17,16112,-23,71684,-67,51785,-0,002766538,0,9994256,-0,0009107091,-0,03376253,0,0,0,0,0,0,0,0,0,0,0,0,0,0,0,0,0,0,0,0,0,0,1,1,1,False
44,237,-17,15991,-24,06421,-67,51723,-0,002766538,0,9994256,-0,0009107091,-0,03376253,0,0,0,0,0,0,0,0,0,0,0,0,0,0,0,0,0,0,0,0,0,0,1,1,1,False
44,2448,-17,15873,-24,39797,-67,51665,-0,002766538,0,9994256,-0,0009107091,-0,03376253,0,0,0,0,0,0,0,0,0,0,0,0,0,0,0,0,0,0,0,0,0,0,1,1,1,False
44,2544,-17,15727,-24,81023,-67,51591,-0,002766538,0,9994256,-0,0009107091,-0,03376253,0,0,0,0,0,0,0,0,0,0,0,0,0,0,0,0,0,0,0,0,0,0,1,1,1,False
44,26256,-17,15602,-25,16123,-67,51529,-0,002766538,0,9994256,-0,0009107091,-0,03376253,0,0,0,0,0,0,0,0,0,0,0,0,0,0,0,0,0,0,0,0,0,0,1,1,1,False
44,27156,-17,15462,-25,54906,-67,5146,-0,002766538,0,9994256,-0,0009107091,-0,03376253,0,0,0,0,0,0,0,0,0,0,0,0,0,0,0,0,0,0,0,0,0,0,1,1,1,False
44,27947,-17,15339,-25,89062,-67,514,-0,002766538,0,9994256,-0,0009107091,-0,03376253,0,0,0,0,0,0,0,0,0,0,0,0,0,0,0,0,0,0,0,0,0,0,1,1,1,False
44,28781,-17,15207,-26,25135,-67,51337,-0,002766538,0,9994256,-0,0009107091,-0,03376253,0,0,0,0,0,0,0,0,0,0,0,0,0,0,0,0,0,0,0,0,0,0,1,1,1,False
44,29667,-17,15066,-26,63537,-67,51269,-0,002766538,0,9994256,-0,0009107091,-0,03376253,0,0,0,0,0,0,0,0,0,0,0,0,0,0,0,0,0,0,0,0,0,0,1,1,1,False
44,30474,-17,14937,-26,98542,-67,51207,-0,002766538,0,9994256,-0,0009107091,-0,03376253,0,0,0,0,0,0,0,0,0,0,0,0,0,0,0,0,0,0,0,0,0,0,1,1,1,False
44,31335,-17,14798,-27,36016,-67,51141,-0,002766538,0,9994256,-0,0009107091,-0,03376253,0,0,0,0,0,0,0,0,0,0,0,0,0,0,0,0,0,0,0,0,0,0,1,1,1,False
44,32716,-17,14572,-27,96278,-67,51035,-0,002766538,0,9994256,-0,0009107091,-0,03376253,0,0,0,0,0,0,0,0,0,0,0,0,0,0,0,0,0,0,0,0,0,0,1,1,1,False
44,33556,-17,14433,-28,32971,-67,5097,-0,002766538,0,9994256,-0,0009107091,-0,03376253,0,0,0,0,0,0,0,0,0,0,0,0,0,0,0,0,0,0,0,0,0,0,1,1,1,False
44,34333,-17,14303,-28,6702,-67,5091,-0,002766538,0,9994256,-0,0009107091,-0,03376253,0,0,0,0,0,0,0,0,0,0,0,0,0,0,0,0,0,0,0,0,0,0,1,1,1,False
44,35231,-17,14152,-29,06437,-67,50842,-0,002766538,0,9994256,-0,0009107091,-0,03376253,0,0,0,0,0,0,0,0,0,0,0,0,0,0,0,0,0,0,0,0,0,0,1,1,1,False
44,36051,-17,14012,-29,42472,-67,50778,-0,002766538,0,9994256,-0,0009107091,-0,03376253,0,0,0,0,0,0,0,0,0,0,0,0,0,0,0,0,0,0,0,0,0,0,1,1,1,False
44,3687,-17,13872,-29,78541,-67,50716,-0,002766538,0,9994256,-0,0009107091,-0,03376253,0,0,0,0,0,0,0,0,0,0,0,0,0,0,0,0,0,0,0,0,0,0,1,1,1,False
44,37705,-17,13727,-30,15353,-67,50651,-0,002766538,0,9994256,-0,0009107091,-0,03376253,0,0,0,0,0,0,0,0,0,0,0,0,0,0,0,0,0,0,0,0,0,0,1,1,1,False
44,38483,-17,13591,-30,4973,-67,50591,-0,002766538,0,9994256,-0,0009107091,-0,03376253,0,0,0,0,0,0,0,0,0,0,0,0,0,0,0,0,0,0,0,0,0,0,1,1,1,False
44,39357,-17,13437,-30,8843,-67,50523,-0,002766538,0,9994256,-0,0009107091,-0,03376253,0,0,0,0,0,0,0,0,0,0,0,0,0,0,0,0,0,0,0,0,0,0,1,1,1,False
44,40115,-17,13303,-31,22051,-67,50465,-0,002766538,0,9994256,-0,0009107091,-0,03376253,0,0,0,0,0,0,0,0,0,0,0,0,0,0,0,0,0,0,0,0,0,0,1,1,1,False
44,41108,-17,13125,-31,66162,-67,50388,-0,002766538,0,9994256,-0,0009107091,-0,03376253,0,0,0,0,0,0,0,0,0,0,0,0,0,0,0,0,0,0,0,0,0,0,1,1,1,False
44,41842,-17,12992,-31,98836,-67,50332,-0,002766538,0,9994256,-0,0009107091,-0,03376253,0,0,0,0,0,0,0,0,0,0,0,0,0,0,0,0,0,0,0,0,0,0,1,1,1,False
44,42633,-17,12847,-32,34094,-67,50271,-0,002766538,0,9994256,-0,0009107091,-0,03376253,0,0,0,0,0,0,0,0,0,0,0,0,0,0,0,0,0,0,0,0,0,0,1,1,1,False
44,4346,-17,12695,-32,71025,-67,50207,-0,002766538,0,9994256,-0,0009107091,-0,03376253,0,0,0,0,0,0,0,0,0,0,0,0,0,0,0,0,0,0,0,0,0,0,1,1,1,False
44,44253,-17,12547,-33,06524,-67,50145,-0,002766538,0,9994256,-0,0009107091,-0,03376253,0,0,0,0,0,0,0,0,0,0,0,0,0,0,0,0,0,0,0,0,0,0,1,1,1,False
44,45082,-17,12391,-33,43699,-67,50081,-0,002766538,0,9994256,-0,0009107091,-0,03376253,0,0,0,0,0,0,0,0,0,0,0,0,0,0,0,0,0,0,0,0,0,0,1,1,1,False
44,45872,-17,12242,-33,79155,-67,5002,-0,002766538,0,9994256,-0,0009107091,-0,03376253,0,0,0,0,0,0,0,0,0,0,0,0,0,0,0,0,0,0,0,0,0,0,1,1,1,False
44,46741,-17,12076,-34,18227,-67,49952,-0,002766538,0,9994256,-0,0009107091,-0,03376253,0,0,0,0,0,0,0,0,0,0,0,0,0,0,0,0,0,0,0,0,0,0,1,1,1,False
44,48212,-17,11791,-34,84603,-67,49837,-0,002766538,0,9994256,-0,0009107091,-0,03376253,0,0,0,0,0,0,0,0,0,0,0,0,0,0,0,0,0,0,0,0,0,0,1,1,1,False
44,49107,-17,11615,-35,25058,-67,49769,-0,002766538,0,9994256,-0,0009107091,-0,03376253,0,0,0,0,0,0,0,0,0,0,0,0,0,0,0,0,0,0,0,0,0,0,1,1,1,False
44,49925,-17,11453,-35,62087,-67,49705,-0,002766538,0,9994256,-0,0009107091,-0,03376253,0,0,0,0,0,0,0,0,0,0,0,0,0,0,0,0,0,0,0,0,0,0,1,1,1,False
44,50794,-17,11279,-36,01524,-67,49638,-0,002766538,0,9994256,-0,0009107091,-0,03376253,0,0,0,0,0,0,0,0,0,0,0,0,0,0,0,0,0,0,0,0,0,0,1,1,1,False
44,51924,-17,11051,-36,52891,-67,4955,-0,002766538,0,9994256,-0,0009107091,-0,03376253,0,0,0,0,0,0,0,0,0,0,0,0,0,0,0,0,0,0,0,0,0,0,1,1,1,False
44,52728,-17,10886,-36,89539,-67,49487,-0,002766538,0,9994256,-0,0009107091,-0,03376253,0,0,0,0,0,0,0,0,0,0,0,0,0,0,0,0,0,0,0,0,0,0,1,1,1,False
44,53605,-17,10705,-37,29537,-67,49419,-0,002766538,0,9994256,-0,0009107091,-0,03376253,0,0,0,0,0,0,0,0,0,0,0,0,0,0,0,0,0,0,0,0,0,0,1,1,1,False
44,54349,-17,10551,-37,63528,-67,49361,-0,002766538,0,9994256,-0,0009107091,-0,03376253,0,0,0,0,0,0,0,0,0,0,0,0,0,0,0,0,0,0,0,0,0,0,1,1,1,False
44,55251,-17,10361,-38,0485,-67,4929,-0,002766538,0,9994256,-0,0009107091,-0,03376253,0,0,0,0,0,0,0,0,0,0,0,0,0,0,0,0,0,0,0,0,0,0,1,1,1,False
44,56048,-17,10192,-38,41376,-67,49229,-0,002766538,0,9994256,-0,0009107091,-0,03376253,0,0,0,0,0,0,0,0,0,0,0,0,0,0,0,0,0,0,0,0,0,0,1,1,1,False
44,56905,-17,10009,-38,80758,-67,49162,-0,002766538,0,9994256,-0,0009107091,-0,03376253,0,0,0,0,0,0,0,0,0,0,0,0,0,0,0,0,0,0,0,0,0,0,1,1,1,False
44,57649,-17,09849,-39,14996,-67,49104,-0,002766538,0,9994256,-0,0009107091,-0,03376253,0,0,0,0,0,0,0,0,0,0,0,0,0,0,0,0,0,0,0,0,0,0,1,1,1,False
44,58419,-17,09681,-39,50494,-67,49044,-0,002766538,0,9994256,-0,0009107091,-0,03376253,0,0,0,0,0,0,0,0,0,0,0,0,0,0,0,0,0,0,0,0,0,0,1,1,1,False
44,59281,-17,09492,-39,90285,-67,48977,-0,002766538,0,9994256,-0,0009107091,-0,03376253,0,0,0,0,0,0,0,0,0,0,0,0,0,0,0,0,0,0,0,0,0,0,1,1,1,False
44,60062,-17,09319,-40,2637,-67,48916,-0,002766538,0,9994256,-0,0009107091,-0,03376253,0,0,0,0,0,0,0,0,0,0,0,0,0,0,0,0,0,0,0,0,0,0,1,1,1,False
44,60932,-17,09125,-40,66673,-67,48848,-0,002766538,0,9994256,-0,0009107091,-0,03376253,0,0,0,0,0,0,0,0,0,0,0,0,0,0,0,0,0,0,0,0,0,0,1,1,1,False
44,61728,-17,08945,-41,03605,-67,48786,-0,002766538,0,9994256,-0,0009107091,-0,03376253,0,0,0,0,0,0,0,0,0,0,0,0,0,0,0,0,0,0,0,0,0,0,1,1,1,False
44,62492,-17,08772,-41,39159,-67,48727,-0,002766538,0,9994256,-0,0009107091,-0,03376253,0,0,0,0,0,0,0,0,0,0,0,0,0,0,0,0,0,0,0,0,0,0,1,1,1,False
44,64051,-17,08413,-42,1182,-67,48605,-0,002766538,0,9994256,-0,0009107091,-0,03376253,0,0,0,0,0,0,0,0,0,0,0,0,0,0,0,0,0,0,0,0,0,0,1,1,1,False
44,64925,-17,08209,-42,52678,-67,48537,-0,002766538,0,9994256,-0,0009107091,-0,03376253,0,0,0,0,0,0,0,0,0,0,0,0,0,0,0,0,0,0,0,0,0,0,1,1,1,False
44,6574,-17,08017,-42,90775,-67,48473,-0,002766538,0,9994256,-0,0009107091,-0,03376253,0,0,0,0,0,0,0,0,0,0,0,0,0,0,0,0,0,0,0,0,0,0,1,1,1,False
44,66555,-17,07824,-43,28988,-67,48409,-0,002766538,0,9994256,-0,0009107091,-0,03376253,0,0,0,0,0,0,0,0,0,0,0,0,0,0,0,0,0,0,0,0,0,0,1,1,1,False
44,67407,-17,0762,-43,68953,-67,48342,-0,002766538,0,9994256,-0,0009107091,-0,03376253,0,0,0,0,0,0,0,0,0,0,0,0,0,0,0,0,0,0,0,0,0,0,1,1,1,False
44,68153,-17,0744,-44,04019,-67,48283,-0,002766538,0,9994256,-0,0009107091,-0,03376253,0,0,0,0,0,0,0,0,0,0,0,0,0,0,0,0,0,0,0,0,0,0,1,1,1,False
44,69022,-17,07229,-44,44955,-67,48215,-0,002766538,0,9994256,-0,0009107091,-0,03376253,0,0,0,0,0,0,0,0,0,0,0,0,0,0,0,0,0,0,0,0,0,0,1,1,1,False
44,69767,-17,07046,-44,80095,-67,48157,-0,002766538,0,9994256,-0,0009107091,-0,03376253,0,0,0,0,0,0,0,0,0,0,0,0,0,0,0,0,0,0,0,0,0,0,1,1,1,False
44,70596,-17,06841,-45,19269,-67,48092,-0,002766538,0,9994256,-0,0009107091,-0,03376253,0,0,0,0,0,0,0,0,0,0,0,0,0,0,0,0,0,0,0,0,0,0,1,1,1,False
44,71513,-17,06613,-45,62653,-67,4802,-0,002766538,0,9994256,-0,0009107091,-0,03376253,0,0,0,0,0,0,0,0,0,0,0,0,0,0,0,0,0,0,0,0,0,0,1,1,1,False
44,7235,-17,06402,-46,02357,-67,47955,-0,002766538,0,9994256,-0,0009107091,-0,03376253,0,0,0,0,0,0,0,0,0,0,0,0,0,0,0,0,0,0,0,0,0,0,1,1,1,False
44,73248,-17,06174,-46,44991,-67,47884,-0,002766538,0,9994256,-0,0009107091,-0,03376253,0,0,0,0,0,0,0,0,0,0,0,0,0,0,0,0,0,0,0,0,0,0,1,1,1,False
44,74063,-17,05966,-46,83752,-67,4782,-0,002766538,0,9994256,-0,0009107091,-0,03376253,0,0,0,0,0,0,0,0,0,0,0,0,0,0,0,0,0,0,0,0,0,0,1,1,1,False
44,74957,-17,05736,-47,26349,-67,4775,-0,002766538,0,9994256,-0,0009107091,-0,03376253,0,0,0,0,0,0,0,0,0,0,0,0,0,0,0,0,0,0,0,0,0,0,1,1,1,False
44,7577,-17,05524,-47,65188,-67,47687,-0,002766538,0,9994256,-0,0009107091,-0,03376253,0,0,0,0,0,0,0,0,0,0,0,0,0,0,0,0,0,0,0,0,0,0,1,1,1,False
44,76509,-17,0533,-48,00483,-67,47629,-0,002766538,0,9994256,-0,0009107091,-0,03376253,0,0,0,0,0,0,0,0,0,0,0,0,0,0,0,0,0,0,0,0,0,0,1,1,1,False
44,77373,-17,05102,-48,41864,-67,4756,-0,002766538,0,9994256,-0,0009107091,-0,03376253,0,0,0,0,0,0,0,0,0,0,0,0,0,0,0,0,0,0,0,0,0,0,1,1,1,False
44,78117,-17,04904,-48,77576,-67,47502,-0,002766538,0,9994256,-0,0009107091,-0,03376253,0,0,0,0,0,0,0,0,0,0,0,0,0,0,0,0,0,0,0,0,0,0,1,1,1,False
44,79696,-17,04479,-49,53517,-67,47378,-0,002766538,0,9994256,-0,0009107091,-0,03376253,0,0,0,0,0,0,0,0,0,0,0,0,0,0,0,0,0,0,0,0,0,0,1,1,1,False
44,80521,-17,04255,-49,93273,-67,47314,-0,002766538,0,9994256,-0,0009107091,-0,03376253,0,0,0,0,0,0,0,0,0,0,0,0,0,0,0,0,0,0,0,0,0,0,1,1,1,False
44,81368,-17,04022,-50,3415,-67,47247,-0,002766538,0,9994256,-0,0009107091,-0,03376253,0,0,0,0,0,0,0,0,0,0,0,0,0,0,0,0,0,0,0,0,0,0,1,1,1,False
44,82194,-17,03794,-50,74087,-67,47181,-0,002766538,0,9994256,-0,0009107091,-0,03376253,0,0,0,0,0,0,0,0,0,0,0,0,0,0,0,0,0,0,0,0,0,0,1,1,1,False
44,83063,-17,03552,-51,1614,-67,47113,-0,002766538,0,9994256,-0,0009107091,-0,03376253,0,0,0,0,0,0,0,0,0,0,0,0,0,0,0,0,0,0,0,0,0,0,1,1,1,False
44,83804,-17,03344,-51,521,-67,47055,-0,002766538,0,9994256,-0,0009107091,-0,03376253,0,0,0,0,0,0,0,0,0,0,0,0,0,0,0,0,0,0,0,0,0,0,1,1,1,False
44,84638,-17,03109,-51,92581,-67,46989,-0,002766538,0,9994256,-0,0009107091,-0,03376253,0,0,0,0,0,0,0,0,0,0,0,0,0,0,0,0,0,0,0,0,0,0,1,1,1,False
44,85469,-17,02872,-52,33027,-67,46924,-0,002766538,0,9994256,-0,0009107091,-0,03376253,0,0,0,0,0,0,0,0,0,0,0,0,0,0,0,0,0,0,0,0,0,0,1,1,1,False
44,8629,-17,02637,-52,73018,-67,46859,-0,002766538,0,9994256,-0,0009107091,-0,03376253,0,0,0,0,0,0,0,0,0,0,0,0,0,0,0,0,0,0,0,0,0,0,1,1,1,False
44,87156,-17,02386,-53,15329,-67,4679,-0,002766538,0,9994256,-0,0009107091,-0,03376253,0,0,0,0,0,0,0,0,0,0,0,0,0,0,0,0,0,0,0,0,0,0,1,1,1,False
44,87971,-17,0215,-53,5514,-67,46726,-0,002766538,0,9994256,-0,0009107091,-0,03376253,0,0,0,0,0,0,0,0,0,0,0,0,0,0,0,0,0,0,0,0,0,0,1,1,1,False
44,88723,-17,01929,-53,91981,-67,46667,-0,002766538,0,9994256,-0,0009107091,-0,03376253,0,0,0,0,0,0,0,0,0,0,0,0,0,0,0,0,0,0,0,0,0,0,1,1,1,False
44,89761,-17,27838,-7,74507,-67,54245,-0,002766538,0,9994256,-0,0009107091,-0,03376253,0,0,0,0,0,0,0,0,0,0,0,0,0,0,0,0,0,0,0,0,0,0,1,1,1,False
44,90622,-17,27582,-8,167931,-67,54177,-0,002766538,0,9994256,-0,0009107091,-0,03376253,0,0,0,0,0,0,0,0,0,0,0,0,0,0,0,0,0,0,0,0,0,0,1,1,1,False
44,91639,-17,27799,-7,936127,-67,5425,-0,002766538,0,9994256,-0,0009107091,-0,03376253,0,0,0,0,0,0,0,0,0,0,0,0,0,0,0,0,0,0,0,0,0,0,1,1,1,False
44,92563,-17,278,-7,990176,-67,54258,-0,002766538,0,9994256,-0,0009107091,-0,03376253,0,0,0,0,0,0,0,0,0,0,0,0,0,0,0,0,0,0,0,0,0,0,1,1,1,False
44,93446,-17,27531,-8,426292,-67,54189,-0,002766538,0,9994256,-0,0009107091,-0,03376253,0,0,0,0,0,0,0,0,0,0,0,0,0,0,0,0,0,0,0,0,0,0,1,1,1,False
44,95049,-17,27538,-8,427699,-67,54208,-0,002766538,0,9994256,-0,0009107091,-0,03376253,0,0,0,0,0,0,0,0,0,0,0,0,0,0,0,0,0,0,0,0,0,0,1,1,1,False
44,95913,-17,2727,-8,856783,-67,5414,-0,002766538,0,9994256,-0,0009107091,-0,03376253,0,0,0,0,0,0,0,0,0,0,0,0,0,0,0,0,0,0,0,0,0,0,1,1,1,False
44,96846,-17,27663,-8,195575,-67,54266,-0,002766538,0,9994256,-0,0009107091,-0,03376253,0,0,0,0,0,0,0,0,0,0,0,0,0,0,0,0,0,0,0,0,0,0,1,1,1,False
44,97768,-17,27633,-8,290103,-67,5427,-0,002766538,0,9994256,-0,0009107091,-0,03376253,0,0,0,0,0,0,0,0,0,0,0,0,0,0,0,0,0,0,0,0,0,0,1,1,1,False
44,98658,-17,27608,-8,373943,-67,54275,-0,002766538,0,9994256,-0,0009107091,-0,03376253,0,0,0,0,0,0,0,0,0,0,0,0,0,0,0,0,0,0,0,0,0,0,1,1,1,False
44,995,-17,2734,-8,794942,-67,54208,-0,002766538,0,9994256,-0,0009107091,-0,03376253,0,0,0,0,0,0,0,0,0,0,0,0,0,0,0,0,0,0,0,0,0,0,1,1,1,False
45,00385,-17,2754,-8,471787,-67,54279,-0,002766538,0,9994256,-0,0009107091,-0,03376253,0,0,0,0,0,0,0,0,0,0,0,0,0,0,0,0,0,0,0,0,0,0,1,1,1,False
45,01411,-17,27456,-8,542923,-67,54272,-0,002766538,0,9994256,-0,0009107091,-0,03376253,0,0,0,0,0,0,0,0,0,0,0,0,0,0,0,0,0,0,0,0,0,0,1,1,1,False
45,02282,-17,27461,-8,464693,-67,54286,-0,002766538,0,9994256,-0,0009107091,-0,03376253,0,0,0,0,0,0,0,0,0,0,0,0,0,0,0,0,0,0,0,0,0,0,1,1,1,False
45,03207,-17,27159,-8,930082,-67,54213,-0,002766538,0,9994256,-0,0009107091,-0,03376253,0,0,0,0,0,0,0,0,0,0,0,0,0,0,0,0,0,0,0,0,0,0,1,1,1,False
45,04089,-17,27373,-8,470607,-67,54291,-0,002766538,0,9994256,-0,0009107091,-0,03376253,0,0,0,0,0,0,0,0,0,0,0,0,0,0,0,0,0,0,0,0,0,0,1,1,1,False
45,05041,-17,27058,-8,951482,-67,54215,-0,002766538,0,9994256,-0,0009107091,-0,03376253,0,0,0,0,0,0,0,0,0,0,0,0,0,0,0,0,0,0,0,0,0,0,1,1,1,False
45,05818,-17,26798,-9,344642,-67,54154,-0,002766538,0,9994256,-0,0009107091,-0,03376253,0,0,0,0,0,0,0,0,0,0,0,0,0,0,0,0,0,0,0,0,0,0,1,1,1,False
45,06726,-17,26494,-9,804832,-67,54082,-0,002766538,0,9994256,-0,0009107091,-0,03376253,0,0,0,0,0,0,0,0,0,0,0,0,0,0,0,0,0,0,0,0,0,0,1,1,1,False
45,07584,-17,26204,-10,24044,-67,54015,-0,002766538,0,9994256,-0,0009107091,-0,03376253,0,0,0,0,0,0,0,0,0,0,0,0,0,0,0,0,0,0,0,0,0,0,1,1,1,False
45,08385,-17,25932,-10,64752,-67,53951,-0,002766538,0,9994256,-0,0009107091,-0,03376253,0,0,0,0,0,0,0,0,0,0,0,0,0,0,0,0,0,0,0,0,0,0,1,1,1,False
45,09291,-17,25623,-11,109,-67,5388,-0,002766538,0,9994256,-0,0009107091,-0,03376253,0,0,0,0,0,0,0,0,0,0,0,0,0,0,0,0,0,0,0,0,0,0,1,1,1,False
45,10742,-17,25124,-11,84967,-67,53764,-0,002766538,0,9994256,-0,0009107091,-0,03376253,0,0,0,0,0,0,0,0,0,0,0,0,0,0,0,0,0,0,0,0,0,0,1,1,1,False
45,1163,-17,24817,-12,30415,-67,53693,-0,002766538,0,9994256,-0,0009107091,-0,03376253,0,0,0,0,0,0,0,0,0,0,0,0,0,0,0,0,0,0,0,0,0,0,1,1,1,False
45,12432,-17,24537,-12,7152,-67,53629,-0,002766538,0,9994256,-0,0009107091,-0,03376253,0,0,0,0,0,0,0,0,0,0,0,0,0,0,0,0,0,0,0,0,0,0,1,1,1,False
45,13265,-17,24246,-13,14217,-67,53563,-0,002766538,0,9994256,-0,0009107091,-0,03376253,0,0,0,0,0,0,0,0,0,0,0,0,0,0,0,0,0,0,0,0,0,0,1,1,1,False
45,1404,-17,23974,-13,54034,-67,53501,-0,002766538,0,9994256,-0,0009107091,-0,03376253,0,0,0,0,0,0,0,0,0,0,0,0,0,0,0,0,0,0,0,0,0,0,1,1,1,False
45,14955,-17,2365,-14,01165,-67,53429,-0,002766538,0,9994256,-0,0009107091,-0,03376253,0,0,0,0,0,0,0,0,0,0,0,0,0,0,0,0,0,0,0,0,0,0,1,1,1,False
45,15771,-17,23361,-14,43254,-67,53364,-0,002766538,0,9994256,-0,0009107091,-0,03376253,0,0,0,0,0,0,0,0,0,0,0,0,0,0,0,0,0,0,0,0,0,0,1,1,1,False
45,16522,-17,23093,-14,81992,-67,53304,-0,002766538,0,9994256,-0,0009107091,-0,03376253,0,0,0,0,0,0,0,0,0,0,0,0,0,0,0,0,0,0,0,0,0,0,1,1,1,False
45,17421,-17,22771,-15,28457,-67,53232,-0,002766538,0,9994256,-0,0009107091,-0,03376253,0,0,0,0,0,0,0,0,0,0,0,0,0,0,0,0,0,0,0,0,0,0,1,1,1,False
45,18203,-17,2249,-15,68986,-67,53169,-0,002766538,0,9994256,-0,0009107091,-0,03376253,0,0,0,0,0,0,0,0,0,0,0,0,0,0,0,0,0,0,0,0,0,0,1,1,1,False
45,19159,-17,22144,-16,18582,-67,53094,-0,002766538,0,9994256,-0,0009107091,-0,03376253,0,0,0,0,0,0,0,0,0,0,0,0,0,0,0,0,0,0,0,0,0,0,1,1,1,False
45,19901,-17,21875,-16,57125,-67,53034,-0,002766538,0,9994256,-0,0009107091,-0,03376253,0,0,0,0,0,0,0,0,0,0,0,0,0,0,0,0,0,0,0,0,0,0,1,1,1,False
45,20702,-17,21583,-16,98799,-67,5297,-0,002766538,0,9994256,-0,0009107091,-0,03376253,0,0,0,0,0,0,0,0,0,0,0,0,0,0,0,0,0,0,0,0,0,0,1,1,1,False
45,21603,-17,21253,-17,4573,-67,52898,-0,002766538,0,9994256,-0,0009107091,-0,03376253,0,0,0,0,0,0,0,0,0,0,0,0,0,0,0,0,0,0,0,0,0,0,1,1,1,False
45,22398,-17,2096,-17,87215,-67,52834,-0,002766538,0,9994256,-0,0009107091,-0,03376253,0,0,0,0,0,0,0,0,0,0,0,0,0,0,0,0,0,0,0,0,0,0,1,1,1,False
45,23364,-17,20603,-18,37743,-67,52757,-0,002766538,0,9994256,-0,0009107091,-0,03376253,0,0,0,0,0,0,0,0,0,0,0,0,0,0,0,0,0,0,0,0,0,0,1,1,1,False
45,24175,-17,20303,-18,80191,-67,52692,-0,002766538,0,9994256,-0,0009107091,-0,03376253,0,0,0,0,0,0,0,0,0,0,0,0,0,0,0,0,0,0,0,0,0,0,1,1,1,False
45,25169,-17,19932,-19,32349,-67,52612,-0,002766538,0,9994256,-0,0009107091,-0,03376253,0,0,0,0,0,0,0,0,0,0,0,0,0,0,0,0,0,0,0,0,0,0,1,1,1,False
45,26634,-17,19383,-20,09423,-67,52495,-0,002766538,0,9994256,-0,0009107091,-0,03376253,0,0,0,0,0,0,0,0,0,0,0,0,0,0,0,0,0,0,0,0,0,0,1,1,1,False
45,27502,-17,19056,-20,55157,-67,52425,-0,002766538,0,9994256,-0,0009107091,-0,03376253,0,0,0,0,0,0,0,0,0,0,0,0,0,0,0,0,0,0,0,0,0,0,1,1,1,False
45,2832,-17,18747,-20,98329,-67,52359,-0,002766538,0,9994256,-0,0009107091,-0,03376253,0,0,0,0,0,0,0,0,0,0,0,0,0,0,0,0,0,0,0,0,0,0,1,1,1,False
45,29259,-17,1839,-21,47951,-67,52283,-0,002766538,0,9994256,-0,0009107091,-0,03376253,0,0,0,0,0,0,0,0,0,0,0,0,0,0,0,0,0,0,0,0,0,0,1,1,1,False
45,30178,-17,1804,-21,96622,-67,52209,-0,002766538,0,9994256,-0,0009107091,-0,03376253,0,0,0,0,0,0,0,0,0,0,0,0,0,0,0,0,0,0,0,0,0,0,1,1,1,False
45,31064,-17,17701,-22,436,-67,52137,-0,002766538,0,9994256,-0,0009107091,-0,03376253,0,0,0,0,0,0,0,0,0,0,0,0,0,0,0,0,0,0,0,0,0,0,1,1,1,False
45,31903,-17,17379,-22,88174,-67,52069,-0,002766538,0,9994256,-0,0009107091,-0,03376253,0,0,0,0,0,0,0,0,0,0,0,0,0,0,0,0,0,0,0,0,0,0,1,1,1,False
45,32726,-17,17063,-23,31921,-67,52002,-0,002766538,0,9994256,-0,0009107091,-0,03376253,0,0,0,0,0,0,0,0,0,0,0,0,0,0,0,0,0,0,0,0,0,0,1,1,1,False
45,33681,-17,16693,-23,82829,-67,51925,-0,002766538,0,9994256,-0,0009107091,-0,03376253,0,0,0,0,0,0,0,0,0,0,0,0,0,0,0,0,0,0,0,0,0,0,1,1,1,False
45,34508,-17,16373,-24,26955,-67,51858,-0,002766538,0,9994256,-0,0009107091,-0,03376253,0,0,0,0,0,0,0,0,0,0,0,0,0,0,0,0,0,0,0,0,0,0,1,1,1,False
45,35383,-17,16033,-24,73744,-67,51787,-0,002766538,0,9994256,-0,0009107091,-0,03376253,0,0,0,0,0,0,0,0,0,0,0,0,0,0,0,0,0,0,0,0,0,0,1,1,1,False
45,36184,-17,1572,-25,1665,-67,51722,-0,002766538,0,9994256,-0,0009107091,-0,03376253,0,0,0,0,0,0,0,0,0,0,0,0,0,0,0,0,0,0,0,0,0,0,1,1,1,False
45,37074,-17,15372,-25,64341,-67,51649,-0,002766538,0,9994256,-0,0009107091,-0,03376253,0,0,0,0,0,0,0,0,0,0,0,0,0,0,0,0,0,0,0,0,0,0,1,1,1,False
45,37878,-17,15057,-26,07546,-67,51584,-0,002766538,0,9994256,-0,0009107091,-0,03376253,0,0,0,0,0,0,0,0,0,0,0,0,0,0,0,0,0,0,0,0,0,0,1,1,1,False
45,38693,-17,14736,-26,51381,-67,51517,-0,002766538,0,9994256,-0,0009107091,-0,03376253,0,0,0,0,0,0,0,0,0,0,0,0,0,0,0,0,0,0,0,0,0,0,1,1,1,False
45,3956,-17,14394,-26,98042,-67,51447,-0,002766538,0,9994256,-0,0009107091,-0,03376253,0,0,0,0,0,0,0,0,0,0,0,0,0,0,0,0,0,0,0,0,0,0,1,1,1,False
45,40404,-17,1406,-27,4359,-67,51377,-0,002766538,0,9994256,-0,0009107091,-0,03376253,0,0,0,0,0,0,0,0,0,0,0,0,0,0,0,0,0,0,0,0,0,0,1,1,1,False
45,41995,-17,13428,-28,29677,-67,51247,-0,002766538,0,9994256,-0,0009107091,-0,03376253,0,0,0,0,0,0,0,0,0,0,0,0,0,0,0,0,0,0,0,0,0,0,1,1,1,False
45,42868,-17,13081,-28,77008,-67,51175,-0,002766538,0,9994256,-0,0009107091,-0,03376253,0,0,0,0,0,0,0,0,0,0,0,0,0,0,0,0,0,0,0,0,0,0,1,1,1,False
45,43684,-17,12755,-29,21291,-67,51108,-0,002766538,0,9994256,-0,0009107091,-0,03376253,0,0,0,0,0,0,0,0,0,0,0,0,0,0,0,0,0,0,0,0,0,0,1,1,1,False
45,44464,-17,12442,-29,6372,-67,51044,-0,002766538,0,9994256,-0,0009107091,-0,03376253,0,0,0,0,0,0,0,0,0,0,0,0,0,0,0,0,0,0,0,0,0,0,1,1,1,False
45,45378,-17,12076,-30,13451,-67,50968,-0,002766538,0,9994256,-0,0009107091,-0,03376253,0,0,0,0,0,0,0,0,0,0,0,0,0,0,0,0,0,0,0,0,0,0,1,1,1,False
45,46204,-17,11744,-30,58475,-67,509,-0,002766538,0,9994256,-0,0009107091,-0,03376253,0,0,0,0,0,0,0,0,0,0,0,0,0,0,0,0,0,0,0,0,0,0,1,1,1,False
45,47138,-17,11367,-31,0953,-67,50822,-0,002766538,0,9994256,-0,0009107091,-0,03376253,0,0,0,0,0,0,0,0,0,0,0,0,0,0,0,0,0,0,0,0,0,0,1,1,1,False
45,47932,-17,11047,-31,52947,-67,50757,-0,002766538,0,9994256,-0,0009107091,-0,03376253,0,0,0,0,0,0,0,0,0,0,0,0,0,0,0,0,0,0,0,0,0,0,1,1,1,False
45,48738,-17,1072,-31,97127,-67,5069,-0,002766538,0,9994256,-0,0009107091,-0,03376253,0,0,0,0,0,0,0,0,0,0,0,0,0,0,0,0,0,0,0,0,0,0,1,1,1,False
45,49645,-17,10353,-32,46879,-67,50614,-0,002766538,0,9994256,-0,0009107091,-0,03376253,0,0,0,0,0,0,0,0,0,0,0,0,0,0,0,0,0,0,0,0,0,0,1,1,1,False
45,50454,-17,10025,-32,91324,-67,50547,-0,002766538,0,9994256,-0,0009107091,-0,03376253,0,0,0,0,0,0,0,0,0,0,0,0,0,0,0,0,0,0,0,0,0,0,1,1,1,False
45,51406,-17,09637,-33,43745,-67,50468,-0,002766538,0,9994256,-0,0009107091,-0,03376253,0,0,0,0,0,0,0,0,0,0,0,0,0,0,0,0,0,0,0,0,0,0,1,1,1,False
45,52213,-17,09309,-33,88211,-67,50401,-0,002766538,0,9994256,-0,0009107091,-0,03376253,0,0,0,0,0,0,0,0,0,0,0,0,0,0,0,0,0,0,0,0,0,0,1,1,1,False
45,53129,-17,08935,-34,38768,-67,50326,-0,002766538,0,9994256,-0,0009107091,-0,03376253,0,0,0,0,0,0,0,0,0,0,0,0,0,0,0,0,0,0,0,0,0,0,1,1,1,False
45,54064,-17,08553,-34,90496,-67,50247,-0,002766538,0,9994256,-0,0009107091,-0,03376253,0,0,0,0,0,0,0,0,0,0,0,0,0,0,0,0,0,0,0,0,0,0,1,1,1,False
45,54961,-17,08186,-35,40151,-67,50172,-0,002766538,0,9994256,-0,0009107091,-0,03376253,0,0,0,0,0,0,0,0,0,0,0,0,0,0,0,0,0,0,0,0,0,0,1,1,1,False
45,5577,-17,07854,-35,85045,-67,50105,-0,002766538,0,9994256,-0,0009107091,-0,03376253,0,0,0,0,0,0,0,0,0,0,0,0,0,0,0,0,0,0,0,0,0,0,1,1,1,False
45,57266,-17,07239,-36,68292,-67,49978,-0,002766538,0,9994256,-0,0009107091,-0,03376253,0,0,0,0,0,0,0,0,0,0,0,0,0,0,0,0,0,0,0,0,0,0,1,1,1,False
45,58193,-17,06858,-37,19921,-67,49899,-0,002766538,0,9994256,-0,0009107091,-0,03376253,0,0,0,0,0,0,0,0,0,0,0,0,0,0,0,0,0,0,0,0,0,0,1,1,1,False
45,59123,-17,06475,-37,71832,-67,49821,-0,002766538,0,9994256,-0,0009107091,-0,03376253,0,0,0,0,0,0,0,0,0,0,0,0,0,0,0,0,0,0,0,0,0,0,1,1,1,False
45,59948,-17,06135,-38,17972,-67,49751,-0,002766538,0,9994256,-0,0009107091,-0,03376253,0,0,0,0,0,0,0,0,0,0,0,0,0,0,0,0,0,0,0,0,0,0,1,1,1,False
45,60765,-17,05798,-38,63702,-67,49683,-0,002766538,0,9994256,-0,0009107091,-0,03376253,0,0,0,0,0,0,0,0,0,0,0,0,0,0,0,0,0,0,0,0,0,0,1,1,1,False
45,61681,-17,05419,-39,15082,-67,49605,-0,002766538,0,9994256,-0,0009107091,-0,03376253,0,0,0,0,0,0,0,0,0,0,0,0,0,0,0,0,0,0,0,0,0,0,1,1,1,False
45,62523,-17,05071,-39,62343,-67,49534,-0,002766538,0,9994256,-0,0009107091,-0,03376253,0,0,0,0,0,0,0,0,0,0,0,0,0,0,0,0,0,0,0,0,0,0,1,1,1,False
45,63493,-17,0467,-40,16911,-67,49451,-0,002766538,0,9994256,-0,0009107091,-0,03376253,0,0,0,0,0,0,0,0,0,0,0,0,0,0,0,0,0,0,0,0,0,0,1,1,1,False
45,64462,-17,04269,-40,71509,-67,49368,-0,002766538,0,9994256,-0,0009107091,-0,03376253,0,0,0,0,0,0,0,0,0,0,0,0,0,0,0,0,0,0,0,0,0,0,1,1,1,False
45,65485,-17,03845,-41,29268,-67,49281,-0,002766538,0,9994256,-0,0009107091,-0,03376253,0,0,0,0,0,0,0,0,0,0,0,0,0,0,0,0,0,0,0,0,0,0,1,1,1,False
45,66382,-17,03473,-41,79977,-67,49203,-0,002766538,0,9994256,-0,0009107091,-0,03376253,0,0,0,0,0,0,0,0,0,0,0,0,0,0,0,0,0,0,0,0,0,0,1,1,1,False
45,67398,-17,03052,-42,37541,-67,49117,-0,002766538,0,9994256,-0,0009107091,-0,03376253,0,0,0,0,0,0,0,0,0,0,0,0,0,0,0,0,0,0,0,0,0,0,1,1,1,False
45,6834,-17,02661,-42,90989,-67,49035,-0,002766538,0,9994256,-0,0009107091,-0,03376253,0,0,0,0,0,0,0,0,0,0,0,0,0,0,0,0,0,0,0,0,0,0,1,1,1,False
45,69312,-17,02258,-43,46251,-67,48952,-0,002766538,0,9994256,-0,0009107091,-0,03376253,0,0,0,0,0,0,0,0,0,0,0,0,0,0,0,0,0,0,0,0,0,0,1,1,1,False
45,70205,-17,01888,-43,97059,-67,48875,-0,002766538,0,9994256,-0,0009107091,-0,03376253,0,0,0,0,0,0,0,0,0,0,0,0,0,0,0,0,0,0,0,0,0,0,1,1,1,False
45,71191,-17,01478,-44,53293,-67,48788,-0,002766538,0,9994256,-0,0009107091,-0,03376253,0,0,0,0,0,0,0,0,0,0,0,0,0,0,0,0,0,0,0,0,0,0,1,1,1,False
45,72845,-17,00791,-45,47913,-67,48645,-0,002766538,0,9994256,-0,0009107091,-0,03376253,0,0,0,0,0,0,0,0,0,0,0,0,0,0,0,0,0,0,0,0,0,0,1,1,1,False
45,7386,-17,0037,-46,06028,-67,48556,-0,002766538,0,9994256,-0,0009107091,-0,03376253,0,0,0,0,0,0,0,0,0,0,0,0,0,0,0,0,0,0,0,0,0,0,1,1,1,False
45,74858,-16,99956,-46,63298,-67,48469,-0,002766538,0,9994256,-0,0009107091,-0,03376253,0,0,0,0,0,0,0,0,0,0,0,0,0,0,0,0,0,0,0,0,0,0,1,1,1,False
45,75887,-16,99529,-47,22471,-67,48378,-0,002766538,0,9994256,-0,0009107091,-0,03376253,0,0,0,0,0,0,0,0,0,0,0,0,0,0,0,0,0,0,0,0,0,0,1,1,1,False
45,768,-16,99151,-47,75047,-67,48298,-0,002766538,0,9994256,-0,0009107091,-0,03376253,0,0,0,0,0,0,0,0,0,0,0,0,0,0,0,0,0,0,0,0,0,0,1,1,1,False
45,77819,-16,98728,-48,33873,-67,48208,-0,002766538,0,9994256,-0,0009107091,-0,03376253,0,0,0,0,0,0,0,0,0,0,0,0,0,0,0,0,0,0,0,0,0,0,1,1,1,False
45,78735,-16,98349,-48,86785,-67,48128,-0,002766538,0,9994256,-0,0009107091,-0,03376253,0,0,0,0,0,0,0,0,0,0,0,0,0,0,0,0,0,0,0,0,0,0,1,1,1,False
45,79733,-16,97936,-49,44527,-67,48039,-0,002766538,0,9994256,-0,0009107091,-0,03376253,0,0,0,0,0,0,0,0,0,0,0,0,0,0,0,0,0,0,0,0,0,0,1,1,1,False
45,80747,-16,97516,-50,03356,-67,47949,-0,002766538,0,9994256,-0,0009107091,-0,03376253,0,0,0,0,0,0,0,0,0,0,0,0,0,0,0,0,0,0,0,0,0,0,1,1,1,False
45,81783,-16,97088,-50,6352,-67,47857,-0,002766538,0,9994256,-0,0009107091,-0,03376253,0,0,0,0,0,0,0,0,0,0,0,0,0,0,0,0,0,0,0,0,0,0,1,1,1,False
45,8271,-16,96706,-51,17454,-67,47775,-0,002766538,0,9994256,-0,0009107091,-0,03376253,0,0,0,0,0,0,0,0,0,0,0,0,0,0,0,0,0,0,0,0,0,0,1,1,1,False
45,83704,-16,96295,-51,75455,-67,47685,-0,002766538,0,9994256,-0,0009107091,-0,03376253,0,0,0,0,0,0,0,0,0,0,0,0,0,0,0,0,0,0,0,0,0,0,1,1,1,False
45,84674,-16,95895,-52,3208,-67,47599,-0,002766538,0,9994256,-0,0009107091,-0,03376253,0,0,0,0,0,0,0,0,0,0,0,0,0,0,0,0,0,0,0,0,0,0,1,1,1,False
45,85691,-16,95477,-52,91547,-67,47507,-0,002766538,0,9994256,-0,0009107091,-0,03376253,0,0,0,0,0,0,0,0,0,0,0,0,0,0,0,0,0,0,0,0,0,0,1,1,1,False
45,86573,-16,95114,-53,43221,-67,47428,-0,002766538,0,9994256,-0,0009107091,-0,03376253,0,0,0,0,0,0,0,0,0,0,0,0,0,0,0,0,0,0,0,0,0,0,1,1,1,False
45,8824,-16,94429,-54,41209,-67,47277,-0,002766538,0,9994256,-0,0009107091,-0,03376253,0,0,0,0,0,0,0,0,0,0,0,0,0,0,0,0,0,0,0,0,0,0,1,1,1,False
45,89222,-16,94027,-54,98957,-67,47188,-0,002766538,0,9994256,-0,0009107091,-0,03376253,0,0,0,0,0,0,0,0,0,0,0,0,0,0,0,0,0,0,0,0,0,0,1,1,1,False
45,90175,-16,93637,-55,55181,-67,47102,-0,002766538,0,9994256,-0,0009107091,-0,03376253,0,0,0,0,0,0,0,0,0,0,0,0,0,0,0,0,0,0,0,0,0,0,1,1,1,False
45,91151,-16,93238,-56,12793,-67,47013,-0,002766538,0,9994256,-0,0009107091,-0,03376253,0,0,0,0,0,0,0,0,0,0,0,0,0,0,0,0,0,0,0,0,0,0,1,1,1,False
45,92026,-16,92881,-56,6453,-67,46933,-0,002766538,0,9994256,-0,0009107091,-0,03376253,0,0,0,0,0,0,0,0,0,0,0,0,0,0,0,0,0,0,0,0,0,0,1,1,1,False
45,9292,-16,92517,-57,17508,-67,46851,-0,002766538,0,9994256,-0,0009107091,-0,03376253,0,0,0,0,0,0,0,0,0,0,0,0,0,0,0,0,0,0,0,0,0,0,1,1,1,False
45,93832,-16,92146,-57,71603,-67,46767,-0,002766538,0,9994256,-0,0009107091,-0,03376253,0,0,0,0,0,0,0,0,0,0,0,0,0,0,0,0,0,0,0,0,0,0,1,1,1,False
45,94629,-16,91822,-58,18967,-67,46694,-0,002766538,0,9994256,-0,0009107091,-0,03376253,0,0,0,0,0,0,0,0,0,0,0,0,0,0,0,0,0,0,0,0,0,0,1,1,1,False
45,95539,-16,91454,-58,7311,-67,4661,-0,002766538,0,9994256,-0,0009107091,-0,03376253,0,0,0,0,0,0,0,0,0,0,0,0,0,0,0,0,0,0,0,0,0,0,1,1,1,False
45,96342,-16,91129,-59,2094,-67,46536,-0,002766538,0,9994256,-0,0009107091,-0,03376253,0,0,0,0,0,0,0,0,0,0,0,0,0,0,0,0,0,0,0,0,0,0,1,1,1,False
45,97244,-16,90765,-59,74725,-67,46453,-0,002766538,0,9994256,-0,0009107091,-0,03376253,0,0,0,0,0,0,0,0,0,0,0,0,0,0,0,0,0,0,0,0,0,0,1,1,1,False
45,98043,-16,90443,-60,22467,-67,46379,-0,002766538,0,9994256,-0,0009107091,-0,03376253,0,0,0,0,0,0,0,0,0,0,0,0,0,0,0,0,0,0,0,0,0,0,1,1,1,False
45,9894,-16,90082,-60,76134,-67,46295,-0,002766538,0,9994256,-0,0009107091,-0,03376253,0,0,0,0,0,0,0,0,0,0,0,0,0,0,0,0,0,0,0,0,0,0,1,1,1,False
45,99822,-16,89728,-61,28986,-67,46213,-0,002766538,0,9994256,-0,0009107091,-0,03376253,0,0,0,0,0,0,0,0,0,0,0,0,0,0,0,0,0,0,0,0,0,0,1,1,1,False
46,00623,-16,89407,-61,7704,-67,46138,-0,002766538,0,9994256,-0,0009107091,-0,03376253,0,0,0,0,0,0,0,0,0,0,0,0,0,0,0,0,0,0,0,0,0,0,1,1,1,False
46,01536,-16,89042,-62,31939,-67,46053,-0,002766538,0,9994256,-0,0009107091,-0,03376253,0,0,0,0,0,0,0,0,0,0,0,0,0,0,0,0,0,0,0,0,0,0,1,1,1,False
46,02356,-16,88714,-62,81277,-67,45975,-0,002766538,0,9994256,-0,0009107091,-0,03376253,0,0,0,0,0,0,0,0,0,0,0,0,0,0,0,0,0,0,0,0,0,0,1,1,1,False
46,03912,-16,88095,-63,75186,-67,45828,-0,002766538,0,9994256,-0,0009107091,-0,03376253,0,0,0,0,0,0,0,0,0,0,0,0,0,0,0,0,0,0,0,0,0,0,1,1,1,False
46,04719,-16,87774,-64,23956,-67,45752,-0,002766538,0,9994256,-0,0009107091,-0,03376253,0,0,0,0,0,0,0,0,0,0,0,0,0,0,0,0,0,0,0,0,0,0,1,1,1,False
46,05608,-16,87423,-64,77754,-67,45667,-0,002766538,0,9994256,-0,0009107091,-0,03376253,0,0,0,0,0,0,0,0,0,0,0,0,0,0,0,0,0,0,0,0,0,0,1,1,1,False
46,06429,-16,87099,-65,27484,-67,45589,-0,002766538,0,9994256,-0,0009107091,-0,03376253,0,0,0,0,0,0,0,0,0,0,0,0,0,0,0,0,0,0,0,0,0,0,1,1,1,False
46,07444,-16,86698,-65,89147,-67,45493,-0,002766538,0,9994256,-0,0009107091,-0,03376253,0,0,0,0,0,0,0,0,0,0,0,0,0,0,0,0,0,0,0,0,0,0,1,1,1,False
46,08316,-16,86356,-66,42152,-67,45409,-0,002766538,0,9994256,-0,0009107091,-0,03376253,0,0,0,0,0,0,0,0,0,0,0,0,0,0,0,0,0,0,0,0,0,0,1,1,1,False
46,0935,-16,85951,-67,05095,-67,4531,-0,002766538,0,9994256,-0,0009107091,-0,03376253,0,0,0,0,0,0,0,0,0,0,0,0,0,0,0,0,0,0,0,0,0,0,1,1,1,False
46,10352,-16,8556,-67,66168,-67,45213,-0,002766538,0,9994256,-0,0009107091,-0,03376253,0,0,0,0,0,0,0,0,0,0,0,0,0,0,0,0,0,0,0,0,0,0,1,1,1,False
46,11357,-16,85168,-68,27587,-67,45116,-0,002766538,0,9994256,-0,0009107091,-0,03376253,0,0,0,0,0,0,0,0,0,0,0,0,0,0,0,0,0,0,0,0,0,0,1,1,1,False
46,12282,-16,84809,-68,84207,-67,45027,-0,002766538,0,9994256,-0,0009107091,-0,03376253,0,0,0,0,0,0,0,0,0,0,0,0,0,0,0,0,0,0,0,0,0,0,1,1,1,False
46,13265,-16,84428,-69,4445,-67,44931,-0,002766538,0,9994256,-0,0009107091,-0,03376253,0,0,0,0,0,0,0,0,0,0,0,0,0,0,0,0,0,0,0,0,0,0,1,1,1,False
46,14167,-16,84081,-69,99786,-67,44844,-0,002766538,0,9994256,-0,0009107091,-0,03376253,0,0,0,0,0,0,0,0,0,0,0,0,0,0,0,0,0,0,0,0,0,0,1,1,1,False
46,15169,-16,83695,-70,61429,-67,44746,-0,002766538,0,9994256,-0,0009107091,-0,03376253,0,0,0,0,0,0,0,0,0,0,0,0,0,0,0,0,0,0,0,0,0,0,1,1,1,False
46,16083,-16,83344,-71,17681,-67,44656,-0,002766538,0,9994256,-0,0009107091,-0,03376253,0,0,0,0,0,0,0,0,0,0,0,0,0,0,0,0,0,0,0,0,0,0,1,1,1,False
46,17066,-16,82969,-71,78311,-67,44559,-0,002766538,0,9994256,-0,0009107091,-0,03376253,0,0,0,0,0,0,0,0,0,0,0,0,0,0,0,0,0,0,0,0,0,0,1,1,1,False
46,18018,-16,82606,-72,37129,-67,44466,-0,002766538,0,9994256,-0,0009107091,-0,03376253,0,0,0,0,0,0,0,0,0,0,0,0,0,0,0,0,0,0,0,0,0,0,1,1,1,False
46,19701,-16,81967,-73,41394,-67,44299,-0,002766538,0,9994256,-0,0009107091,-0,03376253,0,0,0,0,0,0,0,0,0,0,0,0,0,0,0,0,0,0,0,0,0,0,1,1,1,False
46,20642,-16,81612,-73,99741,-67,44205,-0,002766538,0,9994256,-0,0009107091,-0,03376253,0,0,0,0,0,0,0,0,0,0,0,0,0,0,0,0,0,0,0,0,0,0,1,1,1,False
46,21725,-16,81204,-74,6701,-67,44098,-0,002766538,0,9994256,-0,0009107091,-0,03376253,0,0,0,0,0,0,0,0,0,0,0,0,0,0,0,0,0,0,0,0,0,0,1,1,1,False
46,22604,-16,80875,-75,21722,-67,4401,-0,002766538,0,9994256,-0,0009107091,-0,03376253,0,0,0,0,0,0,0,0,0,0,0,0,0,0,0,0,0,0,0,0,0,0,1,1,1,False
46,23626,-16,80493,-75,85399,-67,43908,-0,002766538,0,9994256,-0,0009107091,-0,03376253,0,0,0,0,0,0,0,0,0,0,0,0,0,0,0,0,0,0,0,0,0,0,1,1,1,False
46,2457,-16,80141,-76,44333,-67,43813,-0,002766538,0,9994256,-0,0009107091,-0,03376253,0,0,0,0,0,0,0,0,0,0,0,0,0,0,0,0,0,0,0,0,0,0,1,1,1,False
46,25488,-16,79801,-77,01714,-67,4372,-0,002766538,0,9994256,-0,0009107091,-0,03376253,0,0,0,0,0,0,0,0,0,0,0,0,0,0,0,0,0,0,0,0,0,0,1,1,1,False
46,26488,-16,79431,-77,64348,-67,4362,-0,002766538,0,9994256,-0,0009107091,-0,03376253,0,0,0,0,0,0,0,0,0,0,0,0,0,0,0,0,0,0,0,0,0,0,1,1,1,False
46,2739,-16,79099,-78,20943,-67,43528,-0,002766538,0,9994256,-0,0009107091,-0,03376253,0,0,0,0,0,0,0,0,0,0,0,0,0,0,0,0,0,0,0,0,0,0,1,1,1,False
46,28205,-16,788,-78,72123,-67,43446,-0,002766538,0,9994256,-0,0009107091,-0,03376253,0,0,0,0,0,0,0,0,0,0,0,0,0,0,0,0,0,0,0,0,0,0,1,1,1,False
46,29097,-16,78473,-79,28164,-67,43355,-0,002766538,0,9994256,-0,0009107091,-0,03376253,0,0,0,0,0,0,0,0,0,0,0,0,0,0,0,0,0,0,0,0,0,0,1,1,1,False
46,29898,-16,78181,-79,78636,-67,43273,-0,002766538,0,9994256,-0,0009107091,-0,03376253,0,0,0,0,0,0,0,0,0,0,0,0,0,0,0,0,0,0,0,0,0,0,1,1,1,False
46,30647,-16,77909,-80,25827,-67,43196,-0,002766538,0,9994256,-0,0009107091,-0,03376253,0,0,0,0,0,0,0,0,0,0,0,0,0,0,0,0,0,0,0,0,0,0,1,1,1,False
46,3182,-16,77484,-80,99967,-67,43076,-0,002766538,0,9994256,-0,0009107091,-0,03376253,0,0,0,0,0,0,0,0,0,0,0,0,0,0,0,0,0,0,0,0,0,0,1,1,1,False
46,32615,-16,77197,-81,50197,-67,42995,-0,002766538,0,9994256,-0,0009107091,-0,03376253,0,0,0,0,0,0,0,0,0,0,0,0,0,0,0,0,0,0,0,0,0,0,1,1,1,False
46,33733,-16,76795,-82,21054,-67,42879,-0,002766538,0,9994256,-0,0009107091,-0,03376253,0,0,0,0,0,0,0,0,0,0,0,0,0,0,0,0,0,0,0,0,0,0,1,1,1,False
46,35183,-16,76276,-83,1313,-67,42729,-0,002766538,0,9994256,-0,0009107091,-0,03376253,0,0,0,0,0,0,0,0,0,0,0,0,0,0,0,0,0,0,0,0,0,0,1,1,1,False
46,3625,-16,75897,-83,80944,-67,42619,-0,002766538,0,9994256,-0,0009107091,-0,03376253,0,0,0,0,0,0,0,0,0,0,0,0,0,0,0,0,0,0,0,0,0,0,1,1,1,False
46,37396,-16,75491,-84,53992,-67,425,-0,002766538,0,9994256,-0,0009107091,-0,03376253,0,0,0,0,0,0,0,0,0,0,0,0,0,0,0,0,0,0,0,0,0,0,1,1,1,False
46,38474,-16,7511,-85,22815,-67,42387,-0,002766538,0,9994256,-0,0009107091,-0,03376253,0,0,0,0,0,0,0,0,0,0,0,0,0,0,0,0,0,0,0,0,0,0,1,1,1,False
46,39474,-16,74759,-85,86755,-67,42281,-0,002766538,0,9994256,-0,0009107091,-0,03376253,0,0,0,0,0,0,0,0,0,0,0,0,0,0,0,0,0,0,0,0,0,0,1,1,1,False
46,40449,-16,74418,-86,49137,-67,42179,-0,002766538,0,9994256,-0,0009107091,-0,03376253,0,0,0,0,0,0,0,0,0,0,0,0,0,0,0,0,0,0,0,0,0,0,1,1,1,False
46,4151,-16,74049,-87,17195,-67,42068,-0,002766538,0,9994256,-0,0009107091,-0,03376253,0,0,0,0,0,0,0,0,0,0,0,0,0,0,0,0,0,0,0,0,0,0,1,1,1,False
46,42539,-16,73692,-87,83272,-67,41959,-0,002766538,0,9994256,-0,0009107091,-0,03376253,0,0,0,0,0,0,0,0,0,0,0,0,0,0,0,0,0,0,0,0,0,0,1,1,1,False
46,43637,-16,73313,-88,53934,-67,41843,-0,002766538,0,9994256,-0,0009107091,-0,03376253,0,0,0,0,0,0,0,0,0,0,0,0,0,0,0,0,0,0,0,0,0,0,1,1,1,False
46,44603,-16,72981,-89,1615,-67,4174,-0,002766538,0,9994256,-0,0009107091,-0,03376253,0,0,0,0,0,0,0,0,0,0,0,0,0,0,0,0,0,0,0,0,0,0,1,1,1,False
46,45637,-16,72626,-89,82885,-67,41629,-0,002766538,0,9994256,-0,0009107091,-0,03376253,0,0,0,0,0,0,0,0,0,0,0,0,0,0,0,0,0,0,0,0,0,0,1,1,1,False
46,46558,-16,72312,-90,42428,-67,41531,-0,002766538,0,9994256,-0,0009107091,-0,03376253,0,0,0,0,0,0,0,0,0,0,0,0,0,0,0,0,0,0,0,0,0,0,1,1,1,False
46,47543,-16,71977,-91,06197,-67,41425,-0,002766538,0,9994256,-0,0009107091,-0,03376253,0,0,0,0,0,0,0,0,0,0,0,0,0,0,0,0,0,0,0,0,0,0,1,1,1,False
46,48463,-16,71666,-91,65806,-67,41327,-0,002766538,0,9994256,-0,0009107091,-0,03376253,0,0,0,0,0,0,0,0,0,0,0,0,0,0,0,0,0,0,0,0,0,0,1,1,1,False
46,49519,-16,7131,-92,34351,-67,41213,-0,002766538,0,9994256,-0,0009107091,-0,03376253,0,0,0,0,0,0,0,0,0,0,0,0,0,0,0,0,0,0,0,0,0,0,1,1,1,False
46,51628,-16,70603,-93,71729,-67,40984,-0,002766538,0,9994256,-0,0009107091,-0,03376253,0,0,0,0,0,0,0,0,0,0,0,0,0,0,0,0,0,0,0,0,0,0,1,1,1,False
46,52653,-16,70263,-94,38544,-67,40873,-0,002766538,0,9994256,-0,0009107091,-0,03376253,0,0,0,0,0,0,0,0,0,0,0,0,0,0,0,0,0,0,0,0,0,0,1,1,1,False
46,53745,-16,69901,-95,09908,-67,40754,-0,002766538,0,9994256,-0,0009107091,-0,03376253,0,0,0,0,0,0,0,0,0,0,0,0,0,0,0,0,0,0,0,0,0,0,1,1,1,False
46,54596,-16,6962,-95,65572,-67,40662,-0,002766538,0,9994256,-0,0009107091,-0,03376253,0,0,0,0,0,0,0,0,0,0,0,0,0,0,0,0,0,0,0,0,0,0,1,1,1,False
46,55598,-16,6929,-96,31234,-67,40552,-0,002766538,0,9994256,-0,0009107091,-0,03376253,0,0,0,0,0,0,0,0,0,0,0,0,0,0,0,0,0,0,0,0,0,0,1,1,1,False
46,56478,-16,69002,-96,88926,-67,40456,-0,002766538,0,9994256,-0,0009107091,-0,03376253,0,0,0,0,0,0,0,0,0,0,0,0,0,0,0,0,0,0,0,0,0,0,1,1,1,False
46,57492,-16,68671,-97,55534,-67,40344,-0,002766538,0,9994256,-0,0009107091,-0,03376253,0,0,0,0,0,0,0,0,0,0,0,0,0,0,0,0,0,0,0,0,0,0,1,1,1,False
46,58281,-16,68414,-98,07468,-67,40257,-0,002766538,0,9994256,-0,0009107091,-0,03376253,0,0,0,0,0,0,0,0,0,0,0,0,0,0,0,0,0,0,0,0,0,0,1,1,1,False
46,59172,-16,68126,-98,66102,-67,40159,-0,002766538,0,9994256,-0,0009107091,-0,03376253,0,0,0,0,0,0,0,0,0,0,0,0,0,0,0,0,0,0,0,0,0,0,1,1,1,False
46,5993,-16,67881,-99,16132,-67,40074,-0,002766538,0,9994256,-0,0009107091,-0,03376253,0,0,0,0,0,0,0,0,0,0,0,0,0,0,0,0,0,0,0,0,0,0,1,1,1,False
46,60734,-16,67622,-99,69196,-67,39986,-0,002766538,0,9994256,-0,0009107091,-0,03376253,0,0,0,0,0,0,0,0,0,0,0,0,0,0,0,0,0,0,0,0,0,0,1,1,1,False
46,61599,-16,67344,-100,2639,-67,3989,-0,002766538,0,9994256,-0,0009107091,-0,03376253,0,0,0,0,0,0,0,0,0,0,0,0,0,0,0,0,0,0,0,0,0,0,1,1,1,False
46,62447,-16,67072,-100,8251,-67,39795,-0,002766538,0,9994256,-0,0009107091,-0,03376253,0,0,0,0,0,0,0,0,0,0,0,0,0,0,0,0,0,0,0,0,0,0,1,1,1,False
46,63365,-16,66779,-101,4333,-67,39693,-0,002766538,0,9994256,-0,0009107091,-0,03376253,0,0,0,0,0,0,0,0,0,0,0,0,0,0,0,0,0,0,0,0,0,0,1,1,1,False
46,64333,-16,66471,-102,0754,-67,39584,-0,002766538,0,9994256,-0,0009107091,-0,03376253,0,0,0,0,0,0,0,0,0,0,0,0,0,0,0,0,0,0,0,0,0,0,1,1,1,False
46,65548,-16,66086,-102,8836,-67,39447,-0,002766538,0,9994256,-0,0009107091,-0,03376253,0,0,0,0,0,0,0,0,0,0,0,0,0,0,0,0,0,0,0,0,0,0,1,1,1,False
46,67151,-16,6558,-103,9519,-67,39267,-0,002766538,0,9994256,-0,0009107091,-0,03376253,0,0,0,0,0,0,0,0,0,0,0,0,0,0,0,0,0,0,0,0,0,0,1,1,1,False
46,68097,-16,65284,-104,5826,-67,3916,-0,002766538,0,9994256,-0,0009107091,-0,03376253,0,0,0,0,0,0,0,0,0,0,0,0,0,0,0,0,0,0,0,0,0,0,1,1,1,False
46,69062,-16,64982,-105,2275,-67,3905,-0,002766538,0,9994256,-0,0009107091,-0,03376253,0,0,0,0,0,0,0,0,0,0,0,0,0,0,0,0,0,0,0,0,0,0,1,1,1,False
46,69959,-16,64702,-105,8279,-67,38949,-0,002766538,0,9994256,-0,0009107091,-0,03376253,0,0,0,0,0,0,0,0,0,0,0,0,0,0,0,0,0,0,0,0,0,0,1,1,1,False
46,70784,-16,64445,-106,381,-67,38855,-0,002766538,0,9994256,-0,0009107091,-0,03376253,0,0,0,0,0,0,0,0,0,0,0,0,0,0,0,0,0,0,0,0,0,0,1,1,1,False
46,72964,-16,6377,-107,8458,-67,38606,-0,002766538,0,9994256,-0,0009107091,-0,03376253,0,0,0,0,0,0,0,0,0,0,0,0,0,0,0,0,0,0,0,0,0,0,1,1,1,False
46,73913,-16,63477,-108,4844,-67,38497,-0,002766538,0,9994256,-0,0009107091,-0,03376253,0,0,0,0,0,0,0,0,0,0,0,0,0,0,0,0,0,0,0,0,0,0,1,1,1,False
46,749,-16,63174,-109,1498,-67,38384,-0,002766538,0,9994256,-0,0009107091,-0,03376253,0,0,0,0,0,0,0,0,0,0,0,0,0,0,0,0,0,0,0,0,0,0,1,1,1,False
46,75834,-16,62888,-109,7797,-67,38277,-0,002766538,0,9994256,-0,0009107091,-0,03376253,0,0,0,0,0,0,0,0,0,0,0,0,0,0,0,0,0,0,0,0,0,0,1,1,1,False
46,76728,-16,62614,-110,3841,-67,38174,-0,002766538,0,9994256,-0,0009107091,-0,03376253,0,0,0,0,0,0,0,0,0,0,0,0,0,0,0,0,0,0,0,0,0,0,1,1,1,False
46,77684,-16,62323,-111,0303,-67,38063,-0,002766538,0,9994256,-0,0009107091,-0,03376253,0,0,0,0,0,0,0,0,0,0,0,0,0,0,0,0,0,0,0,0,0,0,1,1,1,False
46,78542,-16,62062,-111,6115,-67,37964,-0,002766538,0,9994256,-0,0009107091,-0,03376253,0,0,0,0,0,0,0,0,0,0,0,0,0,0,0,0,0,0,0,0,0,0,1,1,1,False
46,79548,-16,61757,-112,294,-67,37847,-0,002766538,0,9994256,-0,0009107091,-0,03376253,0,0,0,0,0,0,0,0,0,0,0,0,0,0,0,0,0,0,0,0,0,0,1,1,1,False
46,80423,-16,61492,-112,8882,-67,37746,-0,002766538,0,9994256,-0,0009107091,-0,03376253,0,0,0,0,0,0,0,0,0,0,0,0,0,0,0,0,0,0,0,0,0,0,1,1,1,False
46,81433,-16,61187,-113,5753,-67,37628,-0,002766538,0,9994256,-0,0009107091,-0,03376253,0,0,0,0,0,0,0,0,0,0,0,0,0,0,0,0,0,0,0,0,0,0,1,1,1,False
46,83049,-16,607,-114,6769,-67,37439,-0,002766538,0,9994256,-0,0009107091,-0,03376253,0,0,0,0,0,0,0,0,0,0,0,0,0,0,0,0,0,0,0,0,0,0,1,1,1,False
46,84002,-16,60414,-115,3275,-67,37328,-0,002766538,0,9994256,-0,0009107091,-0,03376253,0,0,0,0,0,0,0,0,0,0,0,0,0,0,0,0,0,0,0,0,0,0,1,1,1,False
46,85006,-16,60113,-116,0143,-67,3721,-0,002766538,0,9994256,-0,0009107091,-0,03376253,0,0,0,0,0,0,0,0,0,0,0,0,0,0,0,0,0,0,0,0,0,0,1,1,1,False
46,85876,-16,59853,-116,6092,-67,37108,-0,002766538,0,9994256,-0,0009107091,-0,03376253,0,0,0,0,0,0,0,0,0,0,0,0,0,0,0,0,0,0,0,0,0,0,1,1,1,False
46,86768,-16,59586,-117,221,-67,37003,-0,002766538,0,9994256,-0,0009107091,-0,03376253,0,0,0,0,0,0,0,0,0,0,0,0,0,0,0,0,0,0,0,0,0,0,1,1,1,False
46,87672,-16,59316,-117,8413,-67,36896,-0,002766538,0,9994256,-0,0009107091,-0,03376253,0,0,0,0,0,0,0,0,0,0,0,0,0,0,0,0,0,0,0,0,0,0,1,1,1,False
46,88552,-16,59055,-118,4454,-67,36792,-0,002766538,0,9994256,-0,0009107091,-0,03376253,0,0,0,0,0,0,0,0,0,0,0,0,0,0,0,0,0,0,0,0,0,0,1,1,1,False
46,89482,-16,58778,-119,0856,-67,36682,-0,002766538,0,9994256,-0,0009107091,-0,03376253,0,0,0,0,0,0,0,0,0,0,0,0,0,0,0,0,0,0,0,0,0,0,1,1,1,False
46,90399,-16,58506,-119,717,-67,36574,-0,002766538,0,9994256,-0,0009107091,-0,03376253,0,0,0,0,0,0,0,0,0,0,0,0,0,0,0,0,0,0,0,0,0,0,1,1,1,False
46,92668,-16,57832,-121,2843,-67,36304,-0,002766538,0,9994256,-0,0009107091,-0,03376253,0,0,0,0,0,0,0,0,0,0,0,0,0,0,0,0,0,0,0,0,0,0,1,1,1,False
46,93491,-16,57588,-121,8541,-67,36205,-0,002766538,0,9994256,-0,0009107091,-0,03376253,0,0,0,0,0,0,0,0,0,0,0,0,0,0,0,0,0,0,0,0,0,0,1,1,1,False
46,94246,-16,57365,-122,3765,-67,36115,-0,002766538,0,9994256,-0,0009107091,-0,03376253,0,0,0,0,0,0,0,0,0,0,0,0,0,0,0,0,0,0,0,0,0,0,1,1,1,False
46,95134,-16,57103,-122,9918,-67,36009,-0,002766538,0,9994256,-0,0009107091,-0,03376253,0,0,0,0,0,0,0,0,0,0,0,0,0,0,0,0,0,0,0,0,0,0,1,1,1,False
46,95929,-16,56868,-123,5441,-67,35914,-0,002766538,0,9994256,-0,0009107091,-0,03376253,0,0,0,0,0,0,0,0,0,0,0,0,0,0,0,0,0,0,0,0,0,0,1,1,1,False
46,96733,-16,56631,-124,1026,-67,35818,-0,002766538,0,9994256,-0,0009107091,-0,03376253,0,0,0,0,0,0,0,0,0,0,0,0,0,0,0,0,0,0,0,0,0,0,1,1,1,False
46,98275,-16,56176,-125,1764,-67,35632,-0,002766538,0,9994256,-0,0009107091,-0,03376253,0,0,0,0,0,0,0,0,0,0,0,0,0,0,0,0,0,0,0,0,0,0,1,1,1,False
46,99203,-16,55902,-125,8231,-67,35521,-0,002766538,0,9994256,-0,0009107091,-0,03376253,0,0,0,0,0,0,0,0,0,0,0,0,0,0,0,0,0,0,0,0,0,0,1,1,1,False
47,00114,-16,55633,-126,4592,-67,35412,-0,002766538,0,9994256,-0,0009107091,-0,03376253,0,0,0,0,0,0,0,0,0,0,0,0,0,0,0,0,0,0,0,0,0,0,1,1,1,False
47,01123,-16,55336,-127,164,-67,3529,-0,002766538,0,9994256,-0,0009107091,-0,03376253,0,0,0,0,0,0,0,0,0,0,0,0,0,0,0,0,0,0,0,0,0,0,1,1,1,False
47,02024,-16,5507,-127,7947,-67,35181,-0,002766538,0,9994256,-0,0009107091,-0,03376253,0,0,0,0,0,0,0,0,0,0,0,0,0,0,0,0,0,0,0,0,0,0,1,1,1,False
47,03092,-16,54756,-128,5434,-67,35052,-0,002766538,0,9994256,-0,0009107091,-0,03376253,0,0,0,0,0,0,0,0,0,0,0,0,0,0,0,0,0,0,0,0,0,0,1,1,1,False
47,04015,-16,54483,-129,1912,-67,3494,-0,002766538,0,9994256,-0,0009107091,-0,03376253,0,0,0,0,0,0,0,0,0,0,0,0,0,0,0,0,0,0,0,0,0,0,1,1,1,False
47,04976,-16,542,-129,8658,-67,34823,-0,002766538,0,9994256,-0,0009107091,-0,03376253,0,0,0,0,0,0,0,0,0,0,0,0,0,0,0,0,0,0,0,0,0,0,1,1,1,False
47,0585,-16,53942,-130,4809,-67,34717,-0,002766538,0,9994256,-0,0009107091,-0,03376253,0,0,0,0,0,0,0,0,0,0,0,0,0,0,0,0,0,0,0,0,0,0,1,1,1,False
47,06727,-16,53683,-131,0985,-67,3461,-0,002766538,0,9994256,-0,0009107091,-0,03376253,0,0,0,0,0,0,0,0,0,0,0,0,0,0,0,0,0,0,0,0,0,0,1,1,1,False
47,07664,-16,53406,-131,7591,-67,34496,-0,002766538,0,9994256,-0,0009107091,-0,03376253,0,0,0,0,0,0,0,0,0,0,0,0,0,0,0,0,0,0,0,0,0,0,1,1,1,False
47,08594,-16,53131,-132,4156,-67,34383,-0,002766538,0,9994256,-0,0009107091,-0,03376253,0,0,0,0,0,0,0,0,0,0,0,0,0,0,0,0,0,0,0,0,0,0,1,1,1,False
47,09539,-16,52851,-133,084,-67,34267,-0,002766538,0,9994256,-0,0009107091,-0,03376253,0,0,0,0,0,0,0,0,0,0,0,0,0,0,0,0,0,0,0,0,0,0,1,1,1,False
47,10442,-16,52583,-133,7227,-67,34156,-0,002766538,0,9994256,-0,0009107091,-0,03376253,0,0,0,0,0,0,0,0,0,0,0,0,0,0,0,0,0,0,0,0,0,0,1,1,1,False
47,12681,-16,51917,-135,3124,-67,33881,-0,002766538,0,9994256,-0,0009107091,-0,03376253,0,0,0,0,0,0,0,0,0,0,0,0,0,0,0,0,0,0,0,0,0,0,1,1,1,False
47,14333,-16,51425,-136,4883,-67,33678,-0,002766538,0,9994256,-0,0009107091,-0,03376253,0,0,0,0,0,0,0,0,0,0,0,0,0,0,0,0,0,0,0,0,0,0,1,1,1,False
47,15301,-16,51136,-137,1776,-67,33559,-0,002766538,0,9994256,-0,0009107091,-0,03376253,0,0,0,0,0,0,0,0,0,0,0,0,0,0,0,0,0,0,0,0,0,0,1,1,1,False
47,16182,-16,50872,-137,8058,-67,3345,-0,002766538,0,9994256,-0,0009107091,-0,03376253,0,0,0,0,0,0,0,0,0,0,0,0,0,0,0,0,0,0,0,0,0,0,1,1,1,False
47,17186,-16,50572,-138,5229,-67,33326,-0,002766538,0,9994256,-0,0009107091,-0,03376253,0,0,0,0,0,0,0,0,0,0,0,0,0,0,0,0,0,0,0,0,0,0,1,1,1,False
47,18089,-16,503,-139,169,-67,33215,-0,002766538,0,9994256,-0,0009107091,-0,03376253,0,0,0,0,0,0,0,0,0,0,0,0,0,0,0,0,0,0,0,0,0,0,1,1,1,False
47,19045,-16,50013,-139,8531,-67,33096,-0,002766538,0,9994256,-0,0009107091,-0,03376253,0,0,0,0,0,0,0,0,0,0,0,0,0,0,0,0,0,0,0,0,0,0,1,1,1,False
47,19914,-16,49751,-140,4759,-67,32989,-0,002766538,0,9994256,-0,0009107091,-0,03376253,0,0,0,0,0,0,0,0,0,0,0,0,0,0,0,0,0,0,0,0,0,0,1,1,1,False
47,2087,-16,49462,-141,1623,-67,3287,-0,002766538,0,9994256,-0,0009107091,-0,03376253,0,0,0,0,0,0,0,0,0,0,0,0,0,0,0,0,0,0,0,0,0,0,1,1,1,False
47,21843,-16,49167,-141,8615,-67,32749,-0,002766538,0,9994256,-0,0009107091,-0,03376253,0,0,0,0,0,0,0,0,0,0,0,0,0,0,0,0,0,0,0,0,0,0,1,1,1,False
47,22644,-16,48924,-142,4373,-67,3265,-0,002766538,0,9994256,-0,0009107091,-0,03376253,0,0,0,0,0,0,0,0,0,0,0,0,0,0,0,0,0,0,0,0,0,0,1,1,1,False
47,23595,-16,48634,-143,1228,-67,32532,-0,002766538,0,9994256,-0,0009107091,-0,03376253,0,0,0,0,0,0,0,0,0,0,0,0,0,0,0,0,0,0,0,0,0,0,1,1,1,False
47,24384,-16,48393,-143,6914,-67,32433,-0,002766538,0,9994256,-0,0009107091,-0,03376253,0,0,0,0,0,0,0,0,0,0,0,0,0,0,0,0,0,0,0,0,0,0,1,1,1,False
47,25342,-16,481,-144,3829,-67,32314,-0,002766538,0,9994256,-0,0009107091,-0,03376253,0,0,0,0,0,0,0,0,0,0,0,0,0,0,0,0,0,0,0,0,0,0,1,1,1,False
47,26137,-16,47856,-144,9576,-67,32215,-0,002766538,0,9994256,-0,0009107091,-0,03376253,0,0,0,0,0,0,0,0,0,0,0,0,0,0,0,0,0,0,0,0,0,0,1,1,1,False
47,27061,-16,47572,-145,6258,-67,321,-0,002766538,0,9994256,-0,0009107091,-0,03376253,0,0,0,0,0,0,0,0,0,0,0,0,0,0,0,0,0,0,0,0,0,0,1,1,1,False
47,28051,-16,47266,-146,3435,-67,31976,-0,002766538,0,9994256,-0,0009107091,-0,03376253,0,0,0,0,0,0,0,0,0,0,0,0,0,0,0,0,0,0,0,0,0,0,1,1,1,False
47,29997,-16,47063,-146,4501,-67,3185,-0,002766538,0,9994256,-0,0009107091,-0,03376253,0,0,0,0,0,0,0,0,0,0,0,0,0,0,0,0,0,0,0,0,0,0,1,1,1,False
47,30897,-16,46783,-147,1044,-67,31738,-0,002766538,0,9994256,-0,0009107091,-0,03376253,0,0,0,0,0,0,0,0,0,0,0,0,0,0,0,0,0,0,0,0,0,0,1,1,1,False
47,32495,-16,46282,-148,2692,-67,31537,-0,002766538,0,9994256,-0,0009107091,-0,03376253,0,0,0,0,0,0,0,0,0,0,0,0,0,0,0,0,0,0,0,0,0,0,1,1,1,False
47,33392,-16,45999,-148,9233,-67,31425,-0,002766538,0,9994256,-0,0009107091,-0,03376253,0,0,0,0,0,0,0,0,0,0,0,0,0,0,0,0,0,0,0,0,0,0,1,1,1,False
47,34176,-16,45752,-149,4957,-67,31326,-0,002766538,0,9994256,-0,0009107091,-0,03376253,0,0,0,0,0,0,0,0,0,0,0,0,0,0,0,0,0,0,0,0,0,0,1,1,1,False
47,35056,-16,45473,-150,1388,-67,31215,-0,002766538,0,9994256,-0,0009107091,-0,03376253,0,0,0,0,0,0,0,0,0,0,0,0,0,0,0,0,0,0,0,0,0,0,1,1,1,False
47,3595,-16,48042,-145,0882,-67,31937,-0,002766538,0,9994256,-0,0009107091,-0,03376253,0,0,0,0,0,0,0,0,0,0,0,0,0,0,0,0,0,0,0,0,0,0,1,1,1,False
47,36764,-16,47783,-145,6843,-67,31835,-0,002766538,0,9994256,-0,0009107091,-0,03376253,0,0,0,0,0,0,0,0,0,0,0,0,0,0,0,0,0,0,0,0,0,0,1,1,1,False
47,37792,-16,48153,-144,5861,-67,3191,-0,002766538,0,9994256,-0,0009107091,-0,03376253,0,0,0,0,0,0,0,0,0,0,0,0,0,0,0,0,0,0,0,0,0,0,1,1,1,False
47,38682,-16,48289,-142,7849,-67,31921,-0,002766538,0,9994256,-0,0009107091,-0,03376253,0,0,0,0,0,0,0,0,0,0,0,0,0,0,0,0,0,0,0,0,0,0,1,1,1,False
47,39709,-16,48322,-141,1864,-67,31898,-0,002766538,0,9994256,-0,0009107091,-0,03376253,0,0,0,0,0,0,0,0,0,0,0,0,0,0,0,0,0,0,0,0,0,0,1,1,1,False
47,40575,-16,48464,-139,3674,-67,31913,-0,002766538,0,9994256,-0,0009107091,-0,03376253,0,0,0,0,0,0,0,0,0,0,0,0,0,0,0,0,0,0,0,0,0,0,1,1,1,False
47,41555,-16,48501,-137,8511,-67,31893,-0,002766538,0,9994256,-0,0009107091,-0,03376253,0,0,0,0,0,0,0,0,0,0,0,0,0,0,0,0,0,0,0,0,0,0,1,1,1,False
47,42437,-16,48616,-136,6797,-67,319,-0,002766538,0,9994256,-0,0009107091,-0,03376253,0,0,0,0,0,0,0,0,0,0,0,0,0,0,0,0,0,0,0,0,0,0,1,1,1,False
47,43481,-16,48637,-135,1987,-67,31875,-0,002766538,0,9994256,-0,0009107091,-0,03376253,0,0,0,0,0,0,0,0,0,0,0,0,0,0,0,0,0,0,0,0,0,0,1,1,1,False
47,45027,-16,48556,-131,4721,-67,31805,-0,002766538,0,9994256,-0,0009107091,-0,03376253,0,0,0,0,0,0,0,0,0,0,0,0,0,0,0,0,0,0,0,0,0,0,1,1,1,False
47,46057,-16,48853,-130,0888,-67,31862,-0,002766538,0,9994256,-0,0009107091,-0,03376253,0,0,0,0,0,0,0,0,0,0,0,0,0,0,0,0,0,0,0,0,0,0,1,1,1,False
47,47085,-16,48936,-126,1877,-67,31857,-0,002766538,0,9994256,-0,0009107091,-0,03376253,0,0,0,0,0,0,0,0,0,0,0,0,0,0,0,0,0,0,0,0,0,0,1,1,1,False
47,47956,-16,4907,-124,6706,-67,31871,-0,002766538,0,9994256,-0,0009107091,-0,03376253,0,0,0,0,0,0,0,0,0,0,0,0,0,0,0,0,0,0,0,0,0,0,1,1,1,False
47,48879,-16,4912,-122,8096,-67,3186,-0,002766538,0,9994256,-0,0009107091,-0,03376253,0,0,0,0,0,0,0,0,0,0,0,0,0,0,0,0,0,0,0,0,0,0,1,1,1,False
47,49802,-16,49191,-121,509,-67,31856,-0,002766538,0,9994256,-0,0009107091,-0,03376253,0,0,0,0,0,0,0,0,0,0,0,0,0,0,0,0,0,0,0,0,0,0,1,1,1,False
47,50712,-16,49264,-119,6999,-67,31852,-0,002766538,0,9994256,-0,0009107091,-0,03376253,0,0,0,0,0,0,0,0,0,0,0,0,0,0,0,0,0,0,0,0,0,0,1,1,1,False
47,52649,-16,48977,-116,5682,-67,31717,-0,002766538,0,9994256,-0,0009107091,-0,03376253,0,0,0,0,0,0,0,0,0,0,0,0,0,0,0,0,0,0,0,0,0,0,1,1,1,False
47,53656,-16,49438,-114,6717,-67,31826,-0,002766538,0,9994256,-0,0009107091,-0,03376253,0,0,0,0,0,0,0,0,0,0,0,0,0,0,0,0,0,0,0,0,0,0,1,1,1,False
47,54568,-16,49542,-114,1999,-67,31833,-0,002766538,0,9994256,-0,0009107091,-0,03376253,0,0,0,0,0,0,0,0,0,0,0,0,0,0,0,0,0,0,0,0,0,0,1,1,1,False
47,55537,-16,49584,-112,9435,-67,31822,-0,002766538,0,9994256,-0,0009107091,-0,03376253,0,0,0,0,0,0,0,0,0,0,0,0,0,0,0,0,0,0,0,0,0,0,1,1,1,False
47,56431,-16,49676,-112,0858,-67,31828,-0,002766538,0,9994256,-0,0009107091,-0,03376253,0,0,0,0,0,0,0,0,0,0,0,0,0,0,0,0,0,0,0,0,0,0,1,1,1,False
47,57453,-16,49689,-111,3824,-67,31807,-0,002766538,0,9994256,-0,0009107091,-0,03376253,0,0,0,0,0,0,0,0,0,0,0,0,0,0,0,0,0,0,0,0,0,0,1,1,1,False
47,5836,-16,49796,-107,4955,-67,31817,-0,002766538,0,9994256,-0,0009107091,-0,03376253,0,0,0,0,0,0,0,0,0,0,0,0,0,0,0,0,0,0,0,0,0,0,1,1,1,False
47,59369,-16,49817,-105,3721,-67,31801,-0,002766538,0,9994256,-0,0009107091,-0,03376253,0,0,0,0,0,0,0,0,0,0,0,0,0,0,0,0,0,0,0,0,0,0,1,1,1,False
47,60905,-16,49687,-102,5706,-67,31729,-0,002766538,0,9994256,-0,0009107091,-0,03376253,0,0,0,0,0,0,0,0,0,0,0,0,0,0,0,0,0,0,0,0,0,0,1,1,1,False
47,61863,-16,49988,-100,0336,-67,31796,-0,002766538,0,9994256,-0,0009107091,-0,03376253,0,0,0,0,0,0,0,0,0,0,0,0,0,0,0,0,0,0,0,0,0,0,1,1,1,False
47,62744,-16,50072,-96,6741,-67,31803,-0,002766538,0,9994256,-0,0009107091,-0,03376253,0,0,0,0,0,0,0,0,0,0,0,0,0,0,0,0,0,0,0,0,0,0,1,1,1,False
47,63713,-16,50089,-92,34051,-67,31788,-0,002766538,0,9994256,-0,0009107091,-0,03376253,0,0,0,0,0,0,0,0,0,0,0,0,0,0,0,0,0,0,0,0,0,0,1,1,1,False
47,64605,-16,5017,-89,88256,-67,31795,-0,002766538,0,9994256,-0,0009107091,-0,03376253,0,0,0,0,0,0,0,0,0,0,0,0,0,0,0,0,0,0,0,0,0,0,1,1,1,False
47,65622,-16,50171,-83,87639,-67,31776,-0,002766538,0,9994256,-0,0009107091,-0,03376253,0,0,0,0,0,0,0,0,0,0,0,0,0,0,0,0,0,0,0,0,0,0,1,1,1,False
47,66499,-16,50275,-80,8702,-67,3179,-0,002766538,0,9994256,-0,0009107091,-0,03376253,0,0,0,0,0,0,0,0,0,0,0,0,0,0,0,0,0,0,0,0,0,0,1,1,1,False
47,67503,-16,50271,-79,46582,-67,31771,-0,002766538,0,9994256,-0,0009107091,-0,03376253,0,0,0,0,0,0,0,0,0,0,0,0,0,0,0,0,0,0,0,0,0,0,1,1,1,False
47,68381,-16,50367,-77,36977,-67,31783,-0,002766538,0,9994256,-0,0009107091,-0,03376253,0,0,0,0,0,0,0,0,0,0,0,0,0,0,0,0,0,0,0,0,0,0,1,1,1,False
47,69349,-16,50373,-75,13876,-67,3177,-0,002766538,0,9994256,-0,0009107091,-0,03376253,0,0,0,0,0,0,0,0,0,0,0,0,0,0,0,0,0,0,0,0,0,0,1,1,1,False
47,70206,-16,50459,-73,15277,-67,3178,-0,002766538,0,9994256,-0,0009107091,-0,03376253,0,0,0,0,0,0,0,0,0,0,0,0,0,0,0,0,0,0,0,0,0,0,1,1,1,False
47,71149,-16,50463,-71,3181,-67,31767,-0,002766538,0,9994256,-0,0009107091,-0,03376253,0,0,0,0,0,0,0,0,0,0,0,0,0,0,0,0,0,0,0,0,0,0,1,1,1,False
47,72663,-16,50279,-68,95685,-67,31692,-0,002766538,0,9994256,-0,0009107091,-0,03376253,0,0,0,0,0,0,0,0,0,0,0,0,0,0,0,0,0,0,0,0,0,0,1,1,1,False
47,73679,-16,50532,-66,97426,-67,31751,-0,002766538,0,9994256,-0,0009107091,-0,03376253,0,0,0,0,0,0,0,0,0,0,0,0,0,0,0,0,0,0,0,0,0,0,1,1,1,False
47,7452,-16,50639,-66,23836,-67,31771,-0,002766538,0,9994256,-0,0009107091,-0,03376253,0,0,0,0,0,0,0,0,0,0,0,0,0,0,0,0,0,0,0,0,0,0,1,1,1,False
47,76088,-16,50379,-65,59946,-67,31676,-0,002766538,0,9994256,-0,0009107091,-0,03376253,0,0,0,0,0,0,0,0,0,0,0,0,0,0,0,0,0,0,0,0,0,0,1,1,1,False
47,77037,-16,50677,-64,5209,-67,31753,-0,002766538,0,9994256,-0,0009107091,-0,03376253,0,0,0,0,0,0,0,0,0,0,0,0,0,0,0,0,0,0,0,0,0,0,1,1,1,False
47,7786,-16,50347,-65,15659,-67,31647,-0,002766538,0,9994256,-0,0009107091,-0,03376253,0,0,0,0,0,0,0,0,0,0,0,0,0,0,0,0,0,0,0,0,0,0,1,1,1,False
47,78712,-16,50769,-64,14528,-67,31762,-0,002766538,0,9994256,-0,0009107091,-0,03376253,0,0,0,0,0,0,0,0,0,0,0,0,0,0,0,0,0,0,0,0,0,0,1,1,1,False
47,79751,-16,50717,-64,0895,-67,31736,-0,002766538,0,9994256,-0,0009107091,-0,03376253,0,0,0,0,0,0,0,0,0,0,0,0,0,0,0,0,0,0,0,0,0,0,1,1,1,False
47,80629,-16,50809,-63,56393,-67,31755,-0,002766538,0,9994256,-0,0009107091,-0,03376253,0,0,0,0,0,0,0,0,0,0,0,0,0,0,0,0,0,0,0,0,0,0,1,1,1,False
47,81607,-16,50788,-63,4422,-67,31741,-0,002766538,0,9994256,-0,0009107091,-0,03376253,0,0,0,0,0,0,0,0,0,0,0,0,0,0,0,0,0,0,0,0,0,0,1,1,1,False
47,82508,-16,50841,-63,18156,-67,3175,-0,002766538,0,9994256,-0,0009107091,-0,03376253,0,0,0,0,0,0,0,0,0,0,0,0,0,0,0,0,0,0,0,0,0,0,1,1,1,False
47,83506,-16,50819,-63,05719,-67,31735,-0,002766538,0,9994256,-0,0009107091,-0,03376253,0,0,0,0,0,0,0,0,0,0,0,0,0,0,0,0,0,0,0,0,0,0,1,1,1,False
47,84421,-16,50872,-62,79128,-67,31745,-0,002766538,0,9994256,-0,0009107091,-0,03376253,0,0,0,0,0,0,0,0,0,0,0,0,0,0,0,0,0,0,0,0,0,0,1,1,1,False
47,85373,-16,50472,-63,53356,-67,31623,-0,002766538,0,9994256,-0,0009107091,-0,03376253,0,0,0,0,0,0,0,0,0,0,0,0,0,0,0,0,0,0,0,0,0,0,1,1,1,False
47,86261,-16,50911,-62,67054,-67,31747,-0,002766538,0,9994256,-0,0009107091,-0,03376253,0,0,0,0,0,0,0,0,0,0,0,0,0,0,0,0,0,0,0,0,0,0,1,1,1,False
47,87299,-16,50859,-62,58686,-67,31727,-0,002766538,0,9994256,-0,0009107091,-0,03376253,0,0,0,0,0,0,0,0,0,0,0,0,0,0,0,0,0,0,0,0,0,0,1,1,1,False
47,88107,-16,50513,-63,21933,-67,31623,-0,002766538,0,9994256,-0,0009107091,-0,03376253,0,0,0,0,0,0,0,0,0,0,0,0,0,0,0,0,0,0,0,0,0,0,1,1,1,False
47,88977,-16,5014,-63,90121,-67,31511,-0,002766538,0,9994256,-0,0009107091,-0,03376253,0,0,0,0,0,0,0,0,0,0,0,0,0,0,0,0,0,0,0,0,0,0,1,1,1,False
47,89752,-16,49806,-64,50888,-67,31412,-0,002766538,0,9994256,-0,0009107091,-0,03376253,0,0,0,0,0,0,0,0,0,0,0,0,0,0,0,0,0,0,0,0,0,0,1,1,1,False
47,91201,-16,49176,-65,64737,-67,31226,-0,002766538,0,9994256,-0,0009107091,-0,03376253,0,0,0,0,0,0,0,0,0,0,0,0,0,0,0,0,0,0,0,0,0,0,1,1,1,False
47,92026,-16,48815,-66,29615,-67,3112,-0,002766538,0,9994256,-0,0009107091,-0,03376253,0,0,0,0,0,0,0,0,0,0,0,0,0,0,0,0,0,0,0,0,0,0,1,1,1,False
47,92844,-16,48456,-66,94006,-67,31014,-0,002766538,0,9994256,-0,0009107091,-0,03376253,0,0,0,0,0,0,0,0,0,0,0,0,0,0,0,0,0,0,0,0,0,0,1,1,1,False
47,93635,-16,48107,-67,56349,-67,30912,-0,002766538,0,9994256,-0,0009107091,-0,03376253,0,0,0,0,0,0,0,0,0,0,0,0,0,0,0,0,0,0,0,0,0,0,1,1,1,False
47,94381,-16,47777,-68,1517,-67,30816,-0,002766538,0,9994256,-0,0009107091,-0,03376253,0,0,0,0,0,0,0,0,0,0,0,0,0,0,0,0,0,0,0,0,0,0,1,1,1,False
47,95206,-16,47409,-68,80364,-67,3071,-0,002766538,0,9994256,-0,0009107091,-0,03376253,0,0,0,0,0,0,0,0,0,0,0,0,0,0,0,0,0,0,0,0,0,0,1,1,1,False
47,95955,-16,47074,-69,39555,-67,30613,-0,002766538,0,9994256,-0,0009107091,-0,03376253,0,0,0,0,0,0,0,0,0,0,0,0,0,0,0,0,0,0,0,0,0,0,1,1,1,False
47,96697,-16,46741,-69,98263,-67,30518,-0,002766538,0,9994256,-0,0009107091,-0,03376253,0,0,0,0,0,0,0,0,0,0,0,0,0,0,0,0,0,0,0,0,0,0,1,1,1,False
47,97736,-16,50867,-62,38635,-67,31727,-0,002766538,0,9994256,-0,0009107091,-0,03376253,0,0,0,0,0,0,0,0,0,0,0,0,0,0,0,0,0,0,0,0,0,0,1,1,1,False
47,9854,-16,50502,-63,02436,-67,31623,-0,002766538,0,9994256,-0,0009107091,-0,03376253,0,0,0,0,0,0,0,0,0,0,0,0,0,0,0,0,0,0,0,0,0,0,1,1,1,False
47,99373,-16,50123,-63,68502,-67,31516,-0,002766538,0,9994256,-0,0009107091,-0,03376253,0,0,0,0,0,0,0,0,0,0,0,0,0,0,0,0,0,0,0,0,0,0,1,1,1,False
48,0013,-16,49776,-64,2869,-67,31418,-0,002766538,0,9994256,-0,0009107091,-0,03376253,0,0,0,0,0,0,0,0,0,0,0,0,0,0,0,0,0,0,0,0,0,0,1,1,1,False
48,00958,-16,49396,-64,94488,-67,31311,-0,002766538,0,9994256,-0,0009107091,-0,03376253,0,0,0,0,0,0,0,0,0,0,0,0,0,0,0,0,0,0,0,0,0,0,1,1,1,False
48,017,-16,49053,-65,53594,-67,31216,-0,002766538,0,9994256,-0,0009107091,-0,03376253,0,0,0,0,0,0,0,0,0,0,0,0,0,0,0,0,0,0,0,0,0,0,1,1,1,False
48,02451,-16,48705,-66,13421,-67,31119,-0,002766538,0,9994256,-0,0009107091,-0,03376253,0,0,0,0,0,0,0,0,0,0,0,0,0,0,0,0,0,0,0,0,0,0,1,1,1,False
48,03341,-16,4829,-66,84451,-67,31004,-0,002766538,0,9994256,-0,0009107091,-0,03376253,0,0,0,0,0,0,0,0,0,0,0,0,0,0,0,0,0,0,0,0,0,0,1,1,1,False
48,04112,-16,47929,-67,45996,-67,30904,-0,002766538,0,9994256,-0,0009107091,-0,03376253,0,0,0,0,0,0,0,0,0,0,0,0,0,0,0,0,0,0,0,0,0,0,1,1,1,False
48,04981,-16,47521,-68,15505,-67,30792,-0,002766538,0,9994256,-0,0009107091,-0,03376253,0,0,0,0,0,0,0,0,0,0,0,0,0,0,0,0,0,0,0,0,0,0,1,1,1,False
48,06442,-16,4683,-69,32521,-67,30604,-0,002766538,0,9994256,-0,0009107091,-0,03376253,0,0,0,0,0,0,0,0,0,0,0,0,0,0,0,0,0,0,0,0,0,0,1,1,1,False
48,07299,-16,46422,-70,01227,-67,30493,-0,002766538,0,9994256,-0,0009107091,-0,03376253,0,0,0,0,0,0,0,0,0,0,0,0,0,0,0,0,0,0,0,0,0,0,1,1,1,False
48,08091,-16,46044,-70,64786,-67,30391,-0,002766538,0,9994256,-0,0009107091,-0,03376253,0,0,0,0,0,0,0,0,0,0,0,0,0,0,0,0,0,0,0,0,0,0,1,1,1,False
48,08936,-16,45638,-71,32697,-67,30282,-0,002766538,0,9994256,-0,0009107091,-0,03376253,0,0,0,0,0,0,0,0,0,0,0,0,0,0,0,0,0,0,0,0,0,0,1,1,1,False
48,09732,-16,45254,-71,96725,-67,30179,-0,002766538,0,9994256,-0,0009107091,-0,03376253,0,0,0,0,0,0,0,0,0,0,0,0,0,0,0,0,0,0,0,0,0,0,1,1,1,False
48,105,-16,44883,-72,58463,-67,3008,-0,002766538,0,9994256,-0,0009107091,-0,03376253,0,0,0,0,0,0,0,0,0,0,0,0,0,0,0,0,0,0,0,0,0,0,1,1,1,False
48,11376,-16,44457,-73,29103,-67,29967,-0,002766538,0,9994256,-0,0009107091,-0,03376253,0,0,0,0,0,0,0,0,0,0,0,0,0,0,0,0,0,0,0,0,0,0,1,1,1,False
48,12133,-16,44089,-73,90116,-67,29869,-0,002766538,0,9994256,-0,0009107091,-0,03376253,0,0,0,0,0,0,0,0,0,0,0,0,0,0,0,0,0,0,0,0,0,0,1,1,1,False
48,12973,-16,43677,-74,57993,-67,29761,-0,002766538,0,9994256,-0,0009107091,-0,03376253,0,0,0,0,0,0,0,0,0,0,0,0,0,0,0,0,0,0,0,0,0,0,1,1,1,False
48,13771,-16,43285,-75,22445,-67,29658,-0,002766538,0,9994256,-0,0009107091,-0,03376253,0,0,0,0,0,0,0,0,0,0,0,0,0,0,0,0,0,0,0,0,0,0,1,1,1,False
48,14637,-16,42857,-75,92519,-67,29546,-0,002766538,0,9994256,-0,0009107091,-0,03376253,0,0,0,0,0,0,0,0,0,0,0,0,0,0,0,0,0,0,0,0,0,0,1,1,1,False
48,15519,-16,4242,-76,63972,-67,29432,-0,002766538,0,9994256,-0,0009107091,-0,03376253,0,0,0,0,0,0,0,0,0,0,0,0,0,0,0,0,0,0,0,0,0,0,1,1,1,False
48,16293,-16,42035,-77,26742,-67,29331,-0,002766538,0,9994256,-0,0009107091,-0,03376253,0,0,0,0,0,0,0,0,0,0,0,0,0,0,0,0,0,0,0,0,0,0,1,1,1,False
48,17193,-16,41585,-77,99844,-67,29214,-0,002766538,0,9994256,-0,0009107091,-0,03376253,0,0,0,0,0,0,0,0,0,0,0,0,0,0,0,0,0,0,0,0,0,0,1,1,1,False
48,17998,-16,41181,-78,65231,-67,2911,-0,002766538,0,9994256,-0,0009107091,-0,03376253,0,0,0,0,0,0,0,0,0,0,0,0,0,0,0,0,0,0,0,0,0,0,1,1,1,False
48,18899,-16,40727,-79,38549,-67,28993,-0,002766538,0,9994256,-0,0009107091,-0,03376253,0,0,0,0,0,0,0,0,0,0,0,0,0,0,0,0,0,0,0,0,0,0,1,1,1,False
48,19646,-16,4035,-79,99385,-67,28896,-0,002766538,0,9994256,-0,0009107091,-0,03376253,0,0,0,0,0,0,0,0,0,0,0,0,0,0,0,0,0,0,0,0,0,0,1,1,1,False
48,20407,-16,39964,-80,61414,-67,28798,-0,002766538,0,9994256,-0,0009107091,-0,03376253,0,0,0,0,0,0,0,0,0,0,0,0,0,0,0,0,0,0,0,0,0,0,1,1,1,False
48,21853,-16,39227,-81,79417,-67,2861,-0,002766538,0,9994256,-0,0009107091,-0,03376253,0,0,0,0,0,0,0,0,0,0,0,0,0,0,0,0,0,0,0,0,0,0,1,1,1,False
48,22632,-16,38828,-82,43068,-67,2851,-0,002766538,0,9994256,-0,0009107091,-0,03376253,0,0,0,0,0,0,0,0,0,0,0,0,0,0,0,0,0,0,0,0,0,0,1,1,1,False
48,23489,-16,38387,-83,13226,-67,28398,-0,002766538,0,9994256,-0,0009107091,-0,03376253,0,0,0,0,0,0,0,0,0,0,0,0,0,0,0,0,0,0,0,0,0,0,1,1,1,False
48,24252,-16,37994,-83,7563,-67,28299,-0,002766538,0,9994256,-0,0009107091,-0,03376253,0,0,0,0,0,0,0,0,0,0,0,0,0,0,0,0,0,0,0,0,0,0,1,1,1,False
48,25104,-16,37553,-84,45531,-67,28188,-0,002766538,0,9994256,-0,0009107091,-0,03376253,0,0,0,0,0,0,0,0,0,0,0,0,0,0,0,0,0,0,0,0,0,0,1,1,1,False
48,25824,-16,37179,-85,04573,-67,28095,-0,002766538,0,9994256,-0,0009107091,-0,03376253,0,0,0,0,0,0,0,0,0,0,0,0,0,0,0,0,0,0,0,0,0,0,1,1,1,False
48,26606,-16,36771,-85,68846,-67,27993,-0,002766538,0,9994256,-0,0009107091,-0,03376253,0,0,0,0,0,0,0,0,0,0,0,0,0,0,0,0,0,0,0,0,0,0,1,1,1,False
48,27435,-16,36338,-86,36971,-67,27885,-0,002766538,0,9994256,-0,0009107091,-0,03376253,0,0,0,0,0,0,0,0,0,0,0,0,0,0,0,0,0,0,0,0,0,0,1,1,1,False
48,28211,-16,35931,-87,00857,-67,27784,-0,002766538,0,9994256,-0,0009107091,-0,03376253,0,0,0,0,0,0,0,0,0,0,0,0,0,0,0,0,0,0,0,0,0,0,1,1,1,False
48,29007,-16,35513,-87,6644,-67,27681,-0,002766538,0,9994256,-0,0009107091,-0,03376253,0,0,0,0,0,0,0,0,0,0,0,0,0,0,0,0,0,0,0,0,0,0,1,1,1,False
48,29783,-16,35103,-88,3038,-67,27579,-0,002766538,0,9994256,-0,0009107091,-0,03376253,0,0,0,0,0,0,0,0,0,0,0,0,0,0,0,0,0,0,0,0,0,0,1,1,1,False
48,30537,-16,34704,-88,92662,-67,27482,-0,002766538,0,9994256,-0,0009107091,-0,03376253,0,0,0,0,0,0,0,0,0,0,0,0,0,0,0,0,0,0,0,0,0,0,1,1,1,False
48,31429,-16,34231,-89,66357,-67,27365,-0,002766538,0,9994256,-0,0009107091,-0,03376253,0,0,0,0,0,0,0,0,0,0,0,0,0,0,0,0,0,0,0,0,0,0,1,1,1,False
48,32429,-16,33698,-90,49014,-67,27235,-0,002766538,0,9994256,-0,0009107091,-0,03376253,0,0,0,0,0,0,0,0,0,0,0,0,0,0,0,0,0,0,0,0,0,0,1,1,1,False
48,33287,-16,3324,-91,20057,-67,27123,-0,002766538,0,9994256,-0,0009107091,-0,03376253,0,0,0,0,0,0,0,0,0,0,0,0,0,0,0,0,0,0,0,0,0,0,1,1,1,False
48,34067,-16,32822,-91,84702,-67,27022,-0,002766538,0,9994256,-0,0009107091,-0,03376253,0,0,0,0,0,0,0,0,0,0,0,0,0,0,0,0,0,0,0,0,0,0,1,1,1,False
48,34925,-16,32361,-92,55903,-67,2691,-0,002766538,0,9994256,-0,0009107091,-0,03376253,0,0,0,0,0,0,0,0,0,0,0,0,0,0,0,0,0,0,0,0,0,0,1,1,1,False
48,35712,-16,31936,-93,21288,-67,26807,-0,002766538,0,9994256,-0,0009107091,-0,03376253,0,0,0,0,0,0,0,0,0,0,0,0,0,0,0,0,0,0,0,0,0,0,1,1,1,False
48,37087,-16,31192,-94,35619,-67,26627,-0,002766538,0,9994256,-0,0009107091,-0,03376253,0,0,0,0,0,0,0,0,0,0,0,0,0,0,0,0,0,0,0,0,0,0,1,1,1,False
48,37925,-16,30736,-95,05441,-67,26518,-0,002766538,0,9994256,-0,0009107091,-0,03376253,0,0,0,0,0,0,0,0,0,0,0,0,0,0,0,0,0,0,0,0,0,0,1,1,1,False
48,38687,-16,30322,-95,689,-67,26418,-0,002766538,0,9994256,-0,0009107091,-0,03376253,0,0,0,0,0,0,0,0,0,0,0,0,0,0,0,0,0,0,0,0,0,0,1,1,1,False
48,39498,-16,29879,-96,36571,-67,26312,-0,002766538,0,9994256,-0,0009107091,-0,03376253,0,0,0,0,0,0,0,0,0,0,0,0,0,0,0,0,0,0,0,0,0,0,1,1,1,False
48,40279,-16,29451,-97,01811,-67,26209,-0,002766538,0,9994256,-0,0009107091,-0,03376253,0,0,0,0,0,0,0,0,0,0,0,0,0,0,0,0,0,0,0,0,0,0,1,1,1,False
48,41113,-16,28993,-97,71508,-67,261,-0,002766538,0,9994256,-0,0009107091,-0,03376253,0,0,0,0,0,0,0,0,0,0,0,0,0,0,0,0,0,0,0,0,0,0,1,1,1,False
48,41901,-16,2856,-98,37446,-67,25997,-0,002766538,0,9994256,-0,0009107091,-0,03376253,0,0,0,0,0,0,0,0,0,0,0,0,0,0,0,0,0,0,0,0,0,0,1,1,1,False
48,42671,-16,28135,-99,01986,-67,25896,-0,002766538,0,9994256,-0,0009107091,-0,03376253,0,0,0,0,0,0,0,0,0,0,0,0,0,0,0,0,0,0,0,0,0,0,1,1,1,False
48,43568,-16,27639,-99,77229,-67,25778,-0,002766538,0,9994256,-0,0009107091,-0,03376253,0,0,0,0,0,0,0,0,0,0,0,0,0,0,0,0,0,0,0,0,0,0,1,1,1,False
48,44523,-16,27109,-100,5735,-67,25654,-0,002766538,0,9994256,-0,0009107091,-0,03376253,0,0,0,0,0,0,0,0,0,0,0,0,0,0,0,0,0,0,0,0,0,0,1,1,1,False
48,45377,-16,26635,-101,2912,-67,25541,-0,002766538,0,9994256,-0,0009107091,-0,03376253,0,0,0,0,0,0,0,0,0,0,0,0,0,0,0,0,0,0,0,0,0,0,1,1,1,False
48,46106,-16,26228,-101,9047,-67,25446,-0,002766538,0,9994256,-0,0009107091,-0,03376253,0,0,0,0,0,0,0,0,0,0,0,0,0,0,0,0,0,0,0,0,0,0,1,1,1,False
48,46943,-16,25761,-102,609,-67,25335,-0,002766538,0,9994256,-0,0009107091,-0,03376253,0,0,0,0,0,0,0,0,0,0,0,0,0,0,0,0,0,0,0,0,0,0,1,1,1,False
48,47676,-16,25351,-103,227,-67,25239,-0,002766538,0,9994256,-0,0009107091,-0,03376253,0,0,0,0,0,0,0,0,0,0,0,0,0,0,0,0,0,0,0,0,0,0,1,1,1,False
48,48571,-16,48157,-62,09758,-67,31927,-0,002766538,0,9994256,-0,0009107091,-0,03376253,0,0,0,0,0,0,0,0,0,0,0,0,0,0,0,0,0,0,0,0,0,0,1,1,1,False
48,49527,-16,48041,-61,65005,-67,31924,-0,002766538,0,9994256,-0,0009107091,-0,03376253,0,0,0,0,0,0,0,0,0,0,0,0,0,0,0,0,0,0,0,0,0,0,1,1,1,False
48,50377,-16,48013,-60,06201,-67,31944,-0,002766538,0,9994256,-0,0009107091,-0,03376253,0,0,0,0,0,0,0,0,0,0,0,0,0,0,0,0,0,0,0,0,0,0,1,1,1,False
48,5135,-16,47865,-59,86761,-67,31934,-0,002766538,0,9994256,-0,0009107091,-0,03376253,0,0,0,0,0,0,0,0,0,0,0,0,0,0,0,0,0,0,0,0,0,0,1,1,1,False
48,53208,-16,47273,-58,72059,-67,31822,-0,002766538,0,9994256,-0,0009107091,-0,03376253,0,0,0,0,0,0,0,0,0,0,0,0,0,0,0,0,0,0,0,0,0,0,1,1,1,False
48,54152,-16,47617,-55,74673,-67,31954,-0,002766538,0,9994256,-0,0009107091,-0,03376253,0,0,0,0,0,0,0,0,0,0,0,0,0,0,0,0,0,0,0,0,0,0,1,1,1,False
48,55095,-16,47528,-54,6477,-67,3196,-0,002766538,0,9994256,-0,0009107091,-0,03376253,0,0,0,0,0,0,0,0,0,0,0,0,0,0,0,0,0,0,0,0,0,0,1,1,1,False
48,55935,-16,47496,-53,46146,-67,31979,-0,002766538,0,9994256,-0,0009107091,-0,03376253,0,0,0,0,0,0,0,0,0,0,0,0,0,0,0,0,0,0,0,0,0,0,1,1,1,False
48,56788,-16,47408,-51,37401,-67,31983,-0,002766538,0,9994256,-0,0009107091,-0,03376253,0,0,0,0,0,0,0,0,0,0,0,0,0,0,0,0,0,0,0,0,0,0,1,1,1,False
48,57792,-16,47239,-49,80438,-67,31969,-0,002766538,0,9994256,-0,0009107091,-0,03376253,0,0,0,0,0,0,0,0,0,0,0,0,0,0,0,0,0,0,0,0,0,0,1,1,1,False
48,58656,-16,47222,-48,48581,-67,31993,-0,002766538,0,9994256,-0,0009107091,-0,03376253,0,0,0,0,0,0,0,0,0,0,0,0,0,0,0,0,0,0,0,0,0,0,1,1,1,False
48,59587,-16,47099,-46,44492,-67,3199,-0,002766538,0,9994256,-0,0009107091,-0,03376253,0,0,0,0,0,0,0,0,0,0,0,0,0,0,0,0,0,0,0,0,0,0,1,1,1,False
48,60504,-16,47016,-43,93434,-67,31997,-0,002766538,0,9994256,-0,0009107091,-0,03376253,0,0,0,0,0,0,0,0,0,0,0,0,0,0,0,0,0,0,0,0,0,0,1,1,1,False
48,61464,-16,46901,-39,87297,-67,31998,-0,002766538,0,9994256,-0,0009107091,-0,03376253,0,0,0,0,0,0,0,0,0,0,0,0,0,0,0,0,0,0,0,0,0,0,1,1,1,False
48,62298,-16,46879,-38,66599,-67,32021,-0,002766538,0,9994256,-0,0009107091,-0,03376253,0,0,0,0,0,0,0,0,0,0,0,0,0,0,0,0,0,0,0,0,0,0,1,1,1,False
48,63265,-16,46719,-36,68197,-67,32008,-0,002766538,0,9994256,-0,0009107091,-0,03376253,0,0,0,0,0,0,0,0,0,0,0,0,0,0,0,0,0,0,0,0,0,0,1,1,1,False
48,64116,-16,4669,-34,88407,-67,3203,-0,002766538,0,9994256,-0,0009107091,-0,03376253,0,0,0,0,0,0,0,0,0,0,0,0,0,0,0,0,0,0,0,0,0,0,1,1,1,False
48,65126,-16,46513,-33,32205,-67,32014,-0,002766538,0,9994256,-0,0009107091,-0,03376253,0,0,0,0,0,0,0,0,0,0,0,0,0,0,0,0,0,0,0,0,0,0,1,1,1,False
48,66014,-16,46482,-32,0192,-67,32036,-0,002766538,0,9994256,-0,0009107091,-0,03376253,0,0,0,0,0,0,0,0,0,0,0,0,0,0,0,0,0,0,0,0,0,0,1,1,1,False
48,67091,-16,46283,-30,28453,-67,32017,-0,002766538,0,9994256,-0,0009107091,-0,03376253,0,0,0,0,0,0,0,0,0,0,0,0,0,0,0,0,0,0,0,0,0,0,1,1,1,False
48,68594,-16,45926,-29,95449,-67,31966,-0,002766538,0,9994256,-0,0009107091,-0,03376253,0,0,0,0,0,0,0,0,0,0,0,0,0,0,0,0,0,0,0,0,0,0,1,1,1,False
48,69535,-16,46103,-28,77108,-67,32052,-0,002766538,0,9994256,-0,0009107091,-0,03376253,0,0,0,0,0,0,0,0,0,0,0,0,0,0,0,0,0,0,0,0,0,0,1,1,1,False
48,70436,-16,46032,-28,43815,-67,32063,-0,002766538,0,9994256,-0,0009107091,-0,03376253,0,0,0,0,0,0,0,0,0,0,0,0,0,0,0,0,0,0,0,0,0,0,1,1,1,False
48,71433,-16,45884,-28,52368,-67,32056,-0,002766538,0,9994256,-0,0009107091,-0,03376253,0,0,0,0,0,0,0,0,0,0,0,0,0,0,0,0,0,0,0,0,0,0,1,1,1,False
48,72181,-16,45447,-29,1727,-67,31955,-0,002766538,0,9994256,-0,0009107091,-0,03376253,0,0,0,0,0,0,0,0,0,0,0,0,0,0,0,0,0,0,0,0,0,0,1,1,1,False
48,73029,-16,44951,-29,90825,-67,31841,-0,002766538,0,9994256,-0,0009107091,-0,03376253,0,0,0,0,0,0,0,0,0,0,0,0,0,0,0,0,0,0,0,0,0,0,1,1,1,False
48,73755,-16,44525,-30,53983,-67,31742,-0,002766538,0,9994256,-0,0009107091,-0,03376253,0,0,0,0,0,0,0,0,0,0,0,0,0,0,0,0,0,0,0,0,0,0,1,1,1,False
48,74658,-16,45605,-28,3482,-67,3209,-0,002766538,0,9994256,-0,0009107091,-0,03376253,0,0,0,0,0,0,0,0,0,0,0,0,0,0,0,0,0,0,0,0,0,0,1,1,1,False
48,75495,-16,45114,-29,07677,-67,31976,-0,002766538,0,9994256,-0,0009107091,-0,03376253,0,0,0,0,0,0,0,0,0,0,0,0,0,0,0,0,0,0,0,0,0,0,1,1,1,False
48,7626,-16,44665,-29,7436,-67,31873,-0,002766538,0,9994256,-0,0009107091,-0,03376253,0,0,0,0,0,0,0,0,0,0,0,0,0,0,0,0,0,0,0,0,0,0,1,1,1,False
48,77069,-16,4419,-30,44933,-67,31763,-0,002766538,0,9994256,-0,0009107091,-0,03376253,0,0,0,0,0,0,0,0,0,0,0,0,0,0,0,0,0,0,0,0,0,0,1,1,1,False
48,77841,-16,43737,-31,12331,-67,31657,-0,002766538,0,9994256,-0,0009107091,-0,03376253,0,0,0,0,0,0,0,0,0,0,0,0,0,0,0,0,0,0,0,0,0,0,1,1,1,False
48,78563,-16,43313,-31,75379,-67,31559,-0,002766538,0,9994256,-0,0009107091,-0,03376253,0,0,0,0,0,0,0,0,0,0,0,0,0,0,0,0,0,0,0,0,0,0,1,1,1,False
48,79507,-16,42759,-32,57941,-67,3143,-0,002766538,0,9994256,-0,0009107091,-0,03376253,0,0,0,0,0,0,0,0,0,0,0,0,0,0,0,0,0,0,0,0,0,0,1,1,1,False
48,80244,-16,42326,-33,22419,-67,3133,-0,002766538,0,9994256,-0,0009107091,-0,03376253,0,0,0,0,0,0,0,0,0,0,0,0,0,0,0,0,0,0,0,0,0,0,1,1,1,False
48,81102,-16,41821,-33,97617,-67,31213,-0,002766538,0,9994256,-0,0009107091,-0,03376253,0,0,0,0,0,0,0,0,0,0,0,0,0,0,0,0,0,0,0,0,0,0,1,1,1,False
48,81858,-16,41376,-34,63942,-67,31109,-0,002766538,0,9994256,-0,0009107091,-0,03376253,0,0,0,0,0,0,0,0,0,0,0,0,0,0,0,0,0,0,0,0,0,0,1,1,1,False
48,8276,-16,44797,-28,46395,-67,32142,-0,002766538,0,9994256,-0,0009107091,-0,03376253,0,0,0,0,0,0,0,0,0,0,0,0,0,0,0,0,0,0,0,0,0,0,1,1,1,False
48,84482,-16,44225,-29,68855,-67,32034,-0,002766538,0,9994256,-0,0009107091,-0,03376253,0,0,0,0,0,0,0,0,0,0,0,0,0,0,0,0,0,0,0,0,0,0,1,1,1,False
48,85428,-16,44514,-29,1084,-67,32152,-0,002766538,0,9994256,-0,0009107091,-0,03376253,0,0,0,0,0,0,0,0,0,0,0,0,0,0,0,0,0,0,0,0,0,0,1,1,1,False
48,86324,-16,44452,-29,76626,-67,32164,-0,002766538,0,9994256,-0,0009107091,-0,03376253,0,0,0,0,0,0,0,0,0,0,0,0,0,0,0,0,0,0,0,0,0,0,1,1,1,False
48,87356,-16,44286,-30,48921,-67,32151,-0,002766538,0,9994256,-0,0009107091,-0,03376253,0,0,0,0,0,0,0,0,0,0,0,0,0,0,0,0,0,0,0,0,0,0,1,1,1,False
48,88242,-16,44273,-31,06215,-67,32178,-0,002766538,0,9994256,-0,0009107091,-0,03376253,0,0,0,0,0,0,0,0,0,0,0,0,0,0,0,0,0,0,0,0,0,0,1,1,1,False
48,89222,-16,44133,-31,74714,-67,3217,-0,002766538,0,9994256,-0,0009107091,-0,03376253,0,0,0,0,0,0,0,0,0,0,0,0,0,0,0,0,0,0,0,0,0,0,1,1,1,False
48,90114,-16,44093,-32,07099,-67,32188,-0,002766538,0,9994256,-0,0009107091,-0,03376253,0,0,0,0,0,0,0,0,0,0,0,0,0,0,0,0,0,0,0,0,0,0,1,1,1,False
48,91033,-16,43993,-32,49687,-67,32189,-0,002766538,0,9994256,-0,0009107091,-0,03376253,0,0,0,0,0,0,0,0,0,0,0,0,0,0,0,0,0,0,0,0,0,0,1,1,1,False
48,91931,-16,4392,-32,68041,-67,32198,-0,002766538,0,9994256,-0,0009107091,-0,03376253,0,0,0,0,0,0,0,0,0,0,0,0,0,0,0,0,0,0,0,0,0,0,1,1,1,False
48,92772,-16,4387,-32,7324,-67,32211,-0,002766538,0,9994256,-0,0009107091,-0,03376253,0,0,0,0,0,0,0,0,0,0,0,0,0,0,0,0,0,0,0,0,0,0,1,1,1,False
48,93702,-16,43741,-33,11191,-67,32203,-0,002766538,0,9994256,-0,0009107091,-0,03376253,0,0,0,0,0,0,0,0,0,0,0,0,0,0,0,0,0,0,0,0,0,0,1,1,1,False
48,94522,-16,4326,-33,84179,-67,32088,-0,002766538,0,9994256,-0,0009107091,-0,03376253,0,0,0,0,0,0,0,0,0,0,0,0,0,0,0,0,0,0,0,0,0,0,1,1,1,False
48,95481,-16,43565,-33,24271,-67,32209,-0,002766538,0,9994256,-0,0009107091,-0,03376253,0,0,0,0,0,0,0,0,0,0,0,0,0,0,0,0,0,0,0,0,0,0,1,1,1,False
48,96242,-16,43119,-33,9203,-67,32102,-0,002766538,0,9994256,-0,0009107091,-0,03376253,0,0,0,0,0,0,0,0,0,0,0,0,0,0,0,0,0,0,0,0,0,0,1,1,1,False
48,97043,-16,42649,-34,63535,-67,3199,-0,002766538,0,9994256,-0,0009107091,-0,03376253,0,0,0,0,0,0,0,0,0,0,0,0,0,0,0,0,0,0,0,0,0,0,1,1,1,False
48,97805,-16,42203,-35,31563,-67,31884,-0,002766538,0,9994256,-0,0009107091,-0,03376253,0,0,0,0,0,0,0,0,0,0,0,0,0,0,0,0,0,0,0,0,0,0,1,1,1,False
48,99178,-16,41399,-36,54313,-67,31692,-0,002766538,0,9994256,-0,0009107091,-0,03376253,0,0,0,0,0,0,0,0,0,0,0,0,0,0,0,0,0,0,0,0,0,0,1,1,1,False
49,00024,-16,40905,-37,29987,-67,31573,-0,002766538,0,9994256,-0,0009107091,-0,03376253,0,0,0,0,0,0,0,0,0,0,0,0,0,0,0,0,0,0,0,0,0,0,1,1,1,False
49,00845,-16,40425,-38,0352,-67,31458,-0,002766538,0,9994256,-0,0009107091,-0,03376253,0,0,0,0,0,0,0,0,0,0,0,0,0,0,0,0,0,0,0,0,0,0,1,1,1,False
49,01677,-16,43092,-33,24228,-67,32262,-0,002766538,0,9994256,-0,0009107091,-0,03376253,0,0,0,0,0,0,0,0,0,0,0,0,0,0,0,0,0,0,0,0,0,0,1,1,1,False
49,02568,-16,42989,-33,39777,-67,32257,-0,002766538,0,9994256,-0,0009107091,-0,03376253,0,0,0,0,0,0,0,0,0,0,0,0,0,0,0,0,0,0,0,0,0,0,1,1,1,False
49,03527,-16,42876,-33,66047,-67,32253,-0,002766538,0,9994256,-0,0009107091,-0,03376253,0,0,0,0,0,0,0,0,0,0,0,0,0,0,0,0,0,0,0,0,0,0,1,1,1,False
49,0451,-16,42785,-33,78443,-67,32253,-0,002766538,0,9994256,-0,0009107091,-0,03376253,0,0,0,0,0,0,0,0,0,0,0,0,0,0,0,0,0,0,0,0,0,0,1,1,1,False
49,05407,-16,42758,-33,90776,-67,32271,-0,002766538,0,9994256,-0,0009107091,-0,03376253,0,0,0,0,0,0,0,0,0,0,0,0,0,0,0,0,0,0,0,0,0,0,1,1,1,False
49,06345,-16,42663,-34,14791,-67,32269,-0,002766538,0,9994256,-0,0009107091,-0,03376253,0,0,0,0,0,0,0,0,0,0,0,0,0,0,0,0,0,0,0,0,0,0,1,1,1,False
49,07296,-16,42584,-34,26076,-67,32272,-0,002766538,0,9994256,-0,0009107091,-0,03376253,0,0,0,0,0,0,0,0,0,0,0,0,0,0,0,0,0,0,0,0,0,0,1,1,1,False
49,08145,-16,42571,-34,26961,-67,32291,-0,002766538,0,9994256,-0,0009107091,-0,03376253,0,0,0,0,0,0,0,0,0,0,0,0,0,0,0,0,0,0,0,0,0,0,1,1,1,False
49,09,-16,42078,-35,03999,-67,32169,-0,002766538,0,9994256,-0,0009107091,-0,03376253,0,0,0,0,0,0,0,0,0,0,0,0,0,0,0,0,0,0,0,0,0,0,1,1,1,False
49,09827,-16,42458,-34,45209,-67,32302,-0,002766538,0,9994256,-0,0009107091,-0,03376253,0,0,0,0,0,0,0,0,0,0,0,0,0,0,0,0,0,0,0,0,0,0,1,1,1,False
49,10751,-16,42343,-34,74123,-67,32292,-0,002766538,0,9994256,-0,0009107091,-0,03376253,0,0,0,0,0,0,0,0,0,0,0,0,0,0,0,0,0,0,0,0,0,0,1,1,1,False
49,11708,-16,42259,-34,9711,-67,32292,-0,002766538,0,9994256,-0,0009107091,-0,03376253,0,0,0,0,0,0,0,0,0,0,0,0,0,0,0,0,0,0,0,0,0,0,1,1,1,False
49,12619,-16,42219,-35,13064,-67,32303,-0,002766538,0,9994256,-0,0009107091,-0,03376253,0,0,0,0,0,0,0,0,0,0,0,0,0,0,0,0,0,0,0,0,0,0,1,1,1,False
49,13575,-16,42131,-35,37329,-67,323,-0,002766538,0,9994256,-0,0009107091,-0,03376253,0,0,0,0,0,0,0,0,0,0,0,0,0,0,0,0,0,0,0,0,0,0,1,1,1,False
49,15176,-16,41702,-36,35482,-67,32212,-0,002766538,0,9994256,-0,0009107091,-0,03376253,0,0,0,0,0,0,0,0,0,0,0,0,0,0,0,0,0,0,0,0,0,0,1,1,1,False
49,16082,-16,41994,-35,9301,-67,32318,-0,002766538,0,9994256,-0,0009107091,-0,03376253,0,0,0,0,0,0,0,0,0,0,0,0,0,0,0,0,0,0,0,0,0,0,1,1,1,False
49,17107,-16,41869,-36,53952,-67,32304,-0,002766538,0,9994256,-0,0009107091,-0,03376253,0,0,0,0,0,0,0,0,0,0,0,0,0,0,0,0,0,0,0,0,0,0,1,1,1,False
49,17997,-16,41883,-36,71807,-67,32328,-0,002766538,0,9994256,-0,0009107091,-0,03376253,0,0,0,0,0,0,0,0,0,0,0,0,0,0,0,0,0,0,0,0,0,0,1,1,1,False
49,18931,-16,41805,-37,05901,-67,32325,-0,002766538,0,9994256,-0,0009107091,-0,03376253,0,0,0,0,0,0,0,0,0,0,0,0,0,0,0,0,0,0,0,0,0,0,1,1,1,False
49,19806,-16,41784,-37,10679,-67,32336,-0,002766538,0,9994256,-0,0009107091,-0,03376253,0,0,0,0,0,0,0,0,0,0,0,0,0,0,0,0,0,0,0,0,0,0,1,1,1,False
49,20687,-16,41732,-37,41274,-67,32339,-0,002766538,0,9994256,-0,0009107091,-0,03376253,0,0,0,0,0,0,0,0,0,0,0,0,0,0,0,0,0,0,0,0,0,0,1,1,1,False
49,21673,-16,41624,-37,70861,-67,32327,-0,002766538,0,9994256,-0,0009107091,-0,03376253,0,0,0,0,0,0,0,0,0,0,0,0,0,0,0,0,0,0,0,0,0,0,1,1,1,False
49,22501,-16,41163,-38,45473,-67,32207,-0,002766538,0,9994256,-0,0009107091,-0,03376253,0,0,0,0,0,0,0,0,0,0,0,0,0,0,0,0,0,0,0,0,0,0,1,1,1,False
49,23444,-16,41553,-37,77133,-67,32339,-0,002766538,0,9994256,-0,0009107091,-0,03376253,0,0,0,0,0,0,0,0,0,0,0,0,0,0,0,0,0,0,0,0,0,0,1,1,1,False
49,24243,-16,41111,-38,4911,-67,32224,-0,002766538,0,9994256,-0,0009107091,-0,03376253,0,0,0,0,0,0,0,0,0,0,0,0,0,0,0,0,0,0,0,0,0,0,1,1,1,False
49,25156,-16,40607,-39,3138,-67,32092,-0,002766538,0,9994256,-0,0009107091,-0,03376253,0,0,0,0,0,0,0,0,0,0,0,0,0,0,0,0,0,0,0,0,0,0,1,1,1,False
49,25943,-16,40173,-40,02314,-67,31979,-0,002766538,0,9994256,-0,0009107091,-0,03376253,0,0,0,0,0,0,0,0,0,0,0,0,0,0,0,0,0,0,0,0,0,0,1,1,1,False
49,26703,-16,39756,-40,70783,-67,3187,-0,002766538,0,9994256,-0,0009107091,-0,03376253,0,0,0,0,0,0,0,0,0,0,0,0,0,0,0,0,0,0,0,0,0,0,1,1,1,False
49,27631,-16,39248,-41,54366,-67,31736,-0,002766538,0,9994256,-0,0009107091,-0,03376253,0,0,0,0,0,0,0,0,0,0,0,0,0,0,0,0,0,0,0,0,0,0,1,1,1,False
49,28421,-16,38816,-42,25579,-67,31622,-0,002766538,0,9994256,-0,0009107091,-0,03376253,0,0,0,0,0,0,0,0,0,0,0,0,0,0,0,0,0,0,0,0,0,0,1,1,1,False
49,29356,-16,38307,-43,09758,-67,31487,-0,002766538,0,9994256,-0,0009107091,-0,03376253,0,0,0,0,0,0,0,0,0,0,0,0,0,0,0,0,0,0,0,0,0,0,1,1,1,False
49,30751,-16,3755,-44,3543,-67,31286,-0,002766538,0,9994256,-0,0009107091,-0,03376253,0,0,0,0,0,0,0,0,0,0,0,0,0,0,0,0,0,0,0,0,0,0,1,1,1,False
49,31633,-16,37074,-45,14837,-67,31158,-0,002766538,0,9994256,-0,0009107091,-0,03376253,0,0,0,0,0,0,0,0,0,0,0,0,0,0,0,0,0,0,0,0,0,0,1,1,1,False
49,32443,-16,36637,-45,87855,-67,31041,-0,002766538,0,9994256,-0,0009107091,-0,03376253,0,0,0,0,0,0,0,0,0,0,0,0,0,0,0,0,0,0,0,0,0,0,1,1,1,False
49,33317,-16,36168,-46,66539,-67,30914,-0,002766538,0,9994256,-0,0009107091,-0,03376253,0,0,0,0,0,0,0,0,0,0,0,0,0,0,0,0,0,0,0,0,0,0,1,1,1,False
49,34135,-16,3573,-47,40261,-67,30795,-0,002766538,0,9994256,-0,0009107091,-0,03376253,0,0,0,0,0,0,0,0,0,0,0,0,0,0,0,0,0,0,0,0,0,0,1,1,1,False
49,35029,-16,35253,-48,2074,-67,30666,-0,002766538,0,9994256,-0,0009107091,-0,03376253,0,0,0,0,0,0,0,0,0,0,0,0,0,0,0,0,0,0,0,0,0,0,1,1,1,False
49,35824,-16,34829,-48,92346,-67,30551,-0,002766538,0,9994256,-0,0009107091,-0,03376253,0,0,0,0,0,0,0,0,0,0,0,0,0,0,0,0,0,0,0,0,0,0,1,1,1,False
49,36576,-16,3443,-49,60148,-67,30441,-0,002766538,0,9994256,-0,0009107091,-0,03376253,0,0,0,0,0,0,0,0,0,0,0,0,0,0,0,0,0,0,0,0,0,0,1,1,1,False
49,37447,-16,33969,-50,3858,-67,30315,-0,002766538,0,9994256,-0,0009107091,-0,03376253,0,0,0,0,0,0,0,0,0,0,0,0,0,0,0,0,0,0,0,0,0,0,1,1,1,False
49,38204,-16,3357,-51,06704,-67,30205,-0,002766538,0,9994256,-0,0009107091,-0,03376253,0,0,0,0,0,0,0,0,0,0,0,0,0,0,0,0,0,0,0,0,0,0,1,1,1,False
49,3903,-16,33135,-51,81078,-67,30084,-0,002766538,0,9994256,-0,0009107091,-0,03376253,0,0,0,0,0,0,0,0,0,0,0,0,0,0,0,0,0,0,0,0,0,0,1,1,1,False
49,39806,-16,32728,-52,50976,-67,29971,-0,002766538,0,9994256,-0,0009107091,-0,03376253,0,0,0,0,0,0,0,0,0,0,0,0,0,0,0,0,0,0,0,0,0,0,1,1,1,False
49,40571,-16,32328,-53,1985,-67,2986,-0,002766538,0,9994256,-0,0009107091,-0,03376253,0,0,0,0,0,0,0,0,0,0,0,0,0,0,0,0,0,0,0,0,0,0,1,1,1,False
49,41405,-16,31893,-53,94972,-67,29738,-0,002766538,0,9994256,-0,0009107091,-0,03376253,0,0,0,0,0,0,0,0,0,0,0,0,0,0,0,0,0,0,0,0,0,0,1,1,1,False
49,42252,-16,40966,-37,3984,-67,32394,-0,002766538,0,9994256,-0,0009107091,-0,03376253,0,0,0,0,0,0,0,0,0,0,0,0,0,0,0,0,0,0,0,0,0,0,1,1,1,False
49,43203,-16,409,-37,19297,-67,32379,-0,002766538,0,9994256,-0,0009107091,-0,03376253,0,0,0,0,0,0,0,0,0,0,0,0,0,0,0,0,0,0,0,0,0,0,1,1,1,False
49,4414,-16,40895,-36,98113,-67,32381,-0,002766538,0,9994256,-0,0009107091,-0,03376253,0,0,0,0,0,0,0,0,0,0,0,0,0,0,0,0,0,0,0,0,0,0,1,1,1,False
49,45237,-16,40802,-36,72517,-67,32359,-0,002766538,0,9994256,-0,0009107091,-0,03376253,0,0,0,0,0,0,0,0,0,0,0,0,0,0,0,0,0,0,0,0,0,0,1,1,1,False
49,46824,-16,40543,-36,56636,-67,32288,-0,002766538,0,9994256,-0,0009107091,-0,03376253,0,0,0,0,0,0,0,0,0,0,0,0,0,0,0,0,0,0,0,0,0,0,1,1,1,False
49,47774,-16,40858,-35,19366,-67,32382,-0,002766538,0,9994256,-0,0009107091,-0,03376253,0,0,0,0,0,0,0,0,0,0,0,0,0,0,0,0,0,0,0,0,0,0,1,1,1,False
49,48682,-16,40876,-34,85588,-67,32388,-0,002766538,0,9994256,-0,0009107091,-0,03376253,0,0,0,0,0,0,0,0,0,0,0,0,0,0,0,0,0,0,0,0,0,0,1,1,1,False
49,49685,-16,40826,-34,34241,-67,32375,-0,002766538,0,9994256,-0,0009107091,-0,03376253,0,0,0,0,0,0,0,0,0,0,0,0,0,0,0,0,0,0,0,0,0,0,1,1,1,False
49,50584,-16,40879,-33,94796,-67,3239,-0,002766538,0,9994256,-0,0009107091,-0,03376253,0,0,0,0,0,0,0,0,0,0,0,0,0,0,0,0,0,0,0,0,0,0,1,1,1,False
49,5162,-16,40812,-33,67209,-67,32369,-0,002766538,0,9994256,-0,0009107091,-0,03376253,0,0,0,0,0,0,0,0,0,0,0,0,0,0,0,0,0,0,0,0,0,0,1,1,1,False
49,52547,-16,40871,-33,07355,-67,32384,-0,002766538,0,9994256,-0,0009107091,-0,03376253,0,0,0,0,0,0,0,0,0,0,0,0,0,0,0,0,0,0,0,0,0,0,1,1,1,False
49,53522,-16,40853,-32,91717,-67,32378,-0,002766538,0,9994256,-0,0009107091,-0,03376253,0,0,0,0,0,0,0,0,0,0,0,0,0,0,0,0,0,0,0,0,0,0,1,1,1,False
49,54478,-16,40869,-32,70064,-67,3238,-0,002766538,0,9994256,-0,0009107091,-0,03376253,0,0,0,0,0,0,0,0,0,0,0,0,0,0,0,0,0,0,0,0,0,0,1,1,1,False
49,55513,-16,4084,-32,57101,-67,32368,-0,002766538,0,9994256,-0,0009107091,-0,03376253,0,0,0,0,0,0,0,0,0,0,0,0,0,0,0,0,0,0,0,0,0,0,1,1,1,False
49,56409,-16,4092,-31,94642,-67,32387,-0,002766538,0,9994256,-0,0009107091,-0,03376253,0,0,0,0,0,0,0,0,0,0,0,0,0,0,0,0,0,0,0,0,0,0,1,1,1,False
49,57421,-16,40877,-31,64975,-67,32369,-0,002766538,0,9994256,-0,0009107091,-0,03376253,0,0,0,0,0,0,0,0,0,0,0,0,0,0,0,0,0,0,0,0,0,0,1,1,1,False
49,58318,-16,40948,-31,34723,-67,32385,-0,002766538,0,9994256,-0,0009107091,-0,03376253,0,0,0,0,0,0,0,0,0,0,0,0,0,0,0,0,0,0,0,0,0,0,1,1,1,False
49,59328,-16,40909,-31,2487,-67,32367,-0,002766538,0,9994256,-0,0009107091,-0,03376253,0,0,0,0,0,0,0,0,0,0,0,0,0,0,0,0,0,0,0,0,0,0,1,1,1,False
49,6026,-16,40966,-30,87826,-67,32378,-0,002766538,0,9994256,-0,0009107091,-0,03376253,0,0,0,0,0,0,0,0,0,0,0,0,0,0,0,0,0,0,0,0,0,0,1,1,1,False
49,61943,-16,40625,-31,15441,-67,32265,-0,002766538,0,9994256,-0,0009107091,-0,03376253,0,0,0,0,0,0,0,0,0,0,0,0,0,0,0,0,0,0,0,0,0,0,1,1,1,False
49,62906,-16,41012,-30,0051,-67,32369,-0,002766538,0,9994256,-0,0009107091,-0,03376253,0,0,0,0,0,0,0,0,0,0,0,0,0,0,0,0,0,0,0,0,0,0,1,1,1,False
49,63852,-16,41045,-29,88981,-67,3237,-0,002766538,0,9994256,-0,0009107091,-0,03376253,0,0,0,0,0,0,0,0,0,0,0,0,0,0,0,0,0,0,0,0,0,0,1,1,1,False
49,6473,-16,41104,-29,72965,-67,32378,-0,002766538,0,9994256,-0,0009107091,-0,03376253,0,0,0,0,0,0,0,0,0,0,0,0,0,0,0,0,0,0,0,0,0,0,1,1,1,False
49,65728,-16,41074,-29,83594,-67,32359,-0,002766538,0,9994256,-0,0009107091,-0,03376253,0,0,0,0,0,0,0,0,0,0,0,0,0,0,0,0,0,0,0,0,0,0,1,1,1,False
49,66538,-16,40692,-30,56454,-67,32238,-0,002766538,0,9994256,-0,0009107091,-0,03376253,0,0,0,0,0,0,0,0,0,0,0,0,0,0,0,0,0,0,0,0,0,0,1,1,1,False
49,67559,-16,41122,-29,75624,-67,32351,-0,002766538,0,9994256,-0,0009107091,-0,03376253,0,0,0,0,0,0,0,0,0,0,0,0,0,0,0,0,0,0,0,0,0,0,1,1,1,False
49,68365,-16,40745,-30,48196,-67,32231,-0,002766538,0,9994256,-0,0009107091,-0,03376253,0,0,0,0,0,0,0,0,0,0,0,0,0,0,0,0,0,0,0,0,0,0,1,1,1,False
49,69269,-16,40323,-31,29501,-67,32096,-0,002766538,0,9994256,-0,0009107091,-0,03376253,0,0,0,0,0,0,0,0,0,0,0,0,0,0,0,0,0,0,0,0,0,0,1,1,1,False
49,70042,-16,39964,-31,99006,-67,3198,-0,002766538,0,9994256,-0,0009107091,-0,03376253,0,0,0,0,0,0,0,0,0,0,0,0,0,0,0,0,0,0,0,0,0,0,1,1,1,False
49,70912,-16,39561,-32,77257,-67,3185,-0,002766538,0,9994256,-0,0009107091,-0,03376253,0,0,0,0,0,0,0,0,0,0,0,0,0,0,0,0,0,0,0,0,0,0,1,1,1,False
49,71676,-16,39209,-33,46001,-67,31736,-0,002766538,0,9994256,-0,0009107091,-0,03376253,0,0,0,0,0,0,0,0,0,0,0,0,0,0,0,0,0,0,0,0,0,0,1,1,1,False
49,72476,-16,3884,-34,17993,-67,31616,-0,002766538,0,9994256,-0,0009107091,-0,03376253,0,0,0,0,0,0,0,0,0,0,0,0,0,0,0,0,0,0,0,0,0,0,1,1,1,False
49,73337,-16,38445,-34,95393,-67,31487,-0,002766538,0,9994256,-0,0009107091,-0,03376253,0,0,0,0,0,0,0,0,0,0,0,0,0,0,0,0,0,0,0,0,0,0,1,1,1,False
49,74134,-16,38081,-35,6711,-67,31367,-0,002766538,0,9994256,-0,0009107091,-0,03376253,0,0,0,0,0,0,0,0,0,0,0,0,0,0,0,0,0,0,0,0,0,0,1,1,1,False
49,75026,-16,37674,-36,47359,-67,31233,-0,002766538,0,9994256,-0,0009107091,-0,03376253,0,0,0,0,0,0,0,0,0,0,0,0,0,0,0,0,0,0,0,0,0,0,1,1,1,False
49,75827,-16,3731,-37,19371,-67,31113,-0,002766538,0,9994256,-0,0009107091,-0,03376253,0,0,0,0,0,0,0,0,0,0,0,0,0,0,0,0,0,0,0,0,0,0,1,1,1,False
49,77233,-16,36674,-38,45837,-67,30901,-0,002766538,0,9994256,-0,0009107091,-0,03376253,0,0,0,0,0,0,0,0,0,0,0,0,0,0,0,0,0,0,0,0,0,0,1,1,1,False
49,78288,-16,41581,-29,58121,-67,32316,-0,002766538,0,9994256,-0,0009107091,-0,03376253,0,0,0,0,0,0,0,0,0,0,0,0,0,0,0,0,0,0,0,0,0,0,1,1,1,False
49,79308,-16,41655,-29,34862,-67,32317,-0,002766538,0,9994256,-0,0009107091,-0,03376253,0,0,0,0,0,0,0,0,0,0,0,0,0,0,0,0,0,0,0,0,0,0,1,1,1,False
49,80203,-16,41768,-29,03604,-67,32332,-0,002766538,0,9994256,-0,0009107091,-0,03376253,0,0,0,0,0,0,0,0,0,0,0,0,0,0,0,0,0,0,0,0,0,0,1,1,1,False
49,81211,-16,4177,-28,7361,-67,32312,-0,002766538,0,9994256,-0,0009107091,-0,03376253,0,0,0,0,0,0,0,0,0,0,0,0,0,0,0,0,0,0,0,0,0,0,1,1,1,False
49,82099,-16,41883,-28,42823,-67,32326,-0,002766538,0,9994256,-0,0009107091,-0,03376253,0,0,0,0,0,0,0,0,0,0,0,0,0,0,0,0,0,0,0,0,0,0,1,1,1,False
49,8313,-16,41874,-27,45519,-67,32301,-0,002766538,0,9994256,-0,0009107091,-0,03376253,0,0,0,0,0,0,0,0,0,0,0,0,0,0,0,0,0,0,0,0,0,0,1,1,1,False
49,842,-16,41921,-27,09007,-67,32291,-0,002766538,0,9994256,-0,0009107091,-0,03376253,0,0,0,0,0,0,0,0,0,0,0,0,0,0,0,0,0,0,0,0,0,0,1,1,1,False
49,85376,-16,41944,-26,48444,-67,3227,-0,002766538,0,9994256,-0,0009107091,-0,03376253,0,0,0,0,0,0,0,0,0,0,0,0,0,0,0,0,0,0,0,0,0,0,1,1,1,False
49,86311,-16,42126,-25,16742,-67,32301,-0,002766538,0,9994256,-0,0009107091,-0,03376253,0,0,0,0,0,0,0,0,0,0,0,0,0,0,0,0,0,0,0,0,0,0,1,1,1,False
49,87288,-16,42172,-24,50268,-67,32291,-0,002766538,0,9994256,-0,0009107091,-0,03376253,0,0,0,0,0,0,0,0,0,0,0,0,0,0,0,0,0,0,0,0,0,0,1,1,1,False
49,88192,-16,4227,-23,83757,-67,32298,-0,002766538,0,9994256,-0,0009107091,-0,03376253,0,0,0,0,0,0,0,0,0,0,0,0,0,0,0,0,0,0,0,0,0,0,1,1,1,False
49,8919,-16,42294,-23,41971,-67,32279,-0,002766538,0,9994256,-0,0009107091,-0,03376253,0,0,0,0,0,0,0,0,0,0,0,0,0,0,0,0,0,0,0,0,0,0,1,1,1,False
49,90125,-16,42392,-23,06379,-67,32285,-0,002766538,0,9994256,-0,0009107091,-0,03376253,0,0,0,0,0,0,0,0,0,0,0,0,0,0,0,0,0,0,0,0,0,0,1,1,1,False
49,91137,-16,42427,-22,53064,-67,32268,-0,002766538,0,9994256,-0,0009107091,-0,03376253,0,0,0,0,0,0,0,0,0,0,0,0,0,0,0,0,0,0,0,0,0,0,1,1,1,False
49,9276,-16,4224,-22,48042,-67,3217,-0,002766538,0,9994256,-0,0009107091,-0,03376253,0,0,0,0,0,0,0,0,0,0,0,0,0,0,0,0,0,0,0,0,0,0,1,1,1,False
49,93762,-16,4263,-21,91884,-67,32257,-0,002766538,0,9994256,-0,0009107091,-0,03376253,0,0,0,0,0,0,0,0,0,0,0,0,0,0,0,0,0,0,0,0,0,0,1,1,1,False
49,94691,-16,42739,-21,65308,-67,32263,-0,002766538,0,9994256,-0,0009107091,-0,03376253,0,0,0,0,0,0,0,0,0,0,0,0,0,0,0,0,0,0,0,0,0,0,1,1,1,False
49,95695,-16,42781,-21,61897,-67,32247,-0,002766538,0,9994256,-0,0009107091,-0,03376253,0,0,0,0,0,0,0,0,0,0,0,0,0,0,0,0,0,0,0,0,0,0,1,1,1,False
49,96527,-16,42429,-22,3669,-67,32121,-0,002766538,0,9994256,-0,0009107091,-0,03376253,0,0,0,0,0,0,0,0,0,0,0,0,0,0,0,0,0,0,0,0,0,0,1,1,1,False
49,97417,-16,42053,-23,16694,-67,31985,-0,002766538,0,9994256,-0,0009107091,-0,03376253,0,0,0,0,0,0,0,0,0,0,0,0,0,0,0,0,0,0,0,0,0,0,1,1,1,False
49,98203,-16,41722,-23,87348,-67,31865,-0,002766538,0,9994256,-0,0009107091,-0,03376253,0,0,0,0,0,0,0,0,0,0,0,0,0,0,0,0,0,0,0,0,0,0,1,1,1,False
49,99112,-16,4134,-24,6909,-67,31727,-0,002766538,0,9994256,-0,0009107091,-0,03376253,0,0,0,0,0,0,0,0,0,0,0,0,0,0,0,0,0,0,0,0,0,0,1,1,1,False
49,99899,-16,41011,-25,3975,-67,31607,-0,002766538,0,9994256,-0,0009107091,-0,03376253,0,0,0,0,0,0,0,0,0,0,0,0,0,0,0,0,0,0,0,0,0,0,1,1,1,False
50,00725,-16,40665,-26,13999,-67,31481,-0,002766538,0,9994256,-0,0009107091,-0,03376253,0,0,0,0,0,0,0,0,0,0,0,0,0,0,0,0,0,0,0,0,0,0,1,1,1,False
50,01601,-16,40299,-26,92791,-67,31348,-0,002766538,0,9994256,-0,0009107091,-0,03376253,0,0,0,0,0,0,0,0,0,0,0,0,0,0,0,0,0,0,0,0,0,0,1,1,1,False
50,02409,-16,39963,-27,65327,-67,31224,-0,002766538,0,9994256,-0,0009107091,-0,03376253,0,0,0,0,0,0,0,0,0,0,0,0,0,0,0,0,0,0,0,0,0,0,1,1,1,False
50,03271,-16,39604,-28,42889,-67,31093,-0,002766538,0,9994256,-0,0009107091,-0,03376253,0,0,0,0,0,0,0,0,0,0,0,0,0,0,0,0,0,0,0,0,0,0,1,1,1,False
50,04083,-16,39268,-29,15847,-67,30969,-0,002766538,0,9994256,-0,0009107091,-0,03376253,0,0,0,0,0,0,0,0,0,0,0,0,0,0,0,0,0,0,0,0,0,0,1,1,1,False
50,04938,-16,38914,-29,92659,-67,30838,-0,002766538,0,9994256,-0,0009107091,-0,03376253,0,0,0,0,0,0,0,0,0,0,0,0,0,0,0,0,0,0,0,0,0,0,1,1,1,False
50,0579,-16,38561,-30,69277,-67,30708,-0,002766538,0,9994256,-0,0009107091,-0,03376253,0,0,0,0,0,0,0,0,0,0,0,0,0,0,0,0,0,0,0,0,0,0,1,1,1,False
50,06617,-16,38221,-31,43535,-67,30582,-0,002766538,0,9994256,-0,0009107091,-0,03376253,0,0,0,0,0,0,0,0,0,0,0,0,0,0,0,0,0,0,0,0,0,0,1,1,1,False
50,08345,-16,37509,-32,98873,-67,30318,-0,002766538,0,9994256,-0,0009107091,-0,03376253,0,0,0,0,0,0,0,0,0,0,0,0,0,0,0,0,0,0,0,0,0,0,1,1,1,False
50,09341,-16,37101,-33,884,-67,30165,-0,002766538,0,9994256,-0,0009107091,-0,03376253,0,0,0,0,0,0,0,0,0,0,0,0,0,0,0,0,0,0,0,0,0,0,1,1,1,False
50,10165,-16,36763,-34,62464,-67,30038,-0,002766538,0,9994256,-0,0009107091,-0,03376253,0,0,0,0,0,0,0,0,0,0,0,0,0,0,0,0,0,0,0,0,0,0,1,1,1,False
50,11088,-16,36385,-35,45411,-67,29897,-0,002766538,0,9994256,-0,0009107091,-0,03376253,0,0,0,0,0,0,0,0,0,0,0,0,0,0,0,0,0,0,0,0,0,0,1,1,1,False
50,12053,-16,35991,-36,32141,-67,29749,-0,002766538,0,9994256,-0,0009107091,-0,03376253,0,0,0,0,0,0,0,0,0,0,0,0,0,0,0,0,0,0,0,0,0,0,1,1,1,False
50,1301,-16,35601,-37,18119,-67,29603,-0,002766538,0,9994256,-0,0009107091,-0,03376253,0,0,0,0,0,0,0,0,0,0,0,0,0,0,0,0,0,0,0,0,0,0,1,1,1,False
50,13842,-16,35262,-37,929,-67,29476,-0,002766538,0,9994256,-0,0009107091,-0,03376253,0,0,0,0,0,0,0,0,0,0,0,0,0,0,0,0,0,0,0,0,0,0,1,1,1,False
50,14878,-16,34841,-38,86018,-67,29317,-0,002766538,0,9994256,-0,0009107091,-0,03376253,0,0,0,0,0,0,0,0,0,0,0,0,0,0,0,0,0,0,0,0,0,0,1,1,1,False
50,1597,-16,34397,-39,84153,-67,2915,-0,002766538,0,9994256,-0,0009107091,-0,03376253,0,0,0,0,0,0,0,0,0,0,0,0,0,0,0,0,0,0,0,0,0,0,1,1,1,False
50,16978,-16,33989,-40,74741,-67,28996,-0,002766538,0,9994256,-0,0009107091,-0,03376253,0,0,0,0,0,0,0,0,0,0,0,0,0,0,0,0,0,0,0,0,0,0,1,1,1,False
50,18002,-16,33574,-41,66801,-67,28838,-0,002766538,0,9994256,-0,0009107091,-0,03376253,0,0,0,0,0,0,0,0,0,0,0,0,0,0,0,0,0,0,0,0,0,0,1,1,1,False
50,18939,-16,33194,-42,51033,-67,28694,-0,002766538,0,9994256,-0,0009107091,-0,03376253,0,0,0,0,0,0,0,0,0,0,0,0,0,0,0,0,0,0,0,0,0,0,1,1,1,False
50,19822,-16,32837,-43,30312,-67,28559,-0,002766538,0,9994256,-0,0009107091,-0,03376253,0,0,0,0,0,0,0,0,0,0,0,0,0,0,0,0,0,0,0,0,0,0,1,1,1,False
50,20732,-16,3247,-44,12106,-67,28419,-0,002766538,0,9994256,-0,0009107091,-0,03376253,0,0,0,0,0,0,0,0,0,0,0,0,0,0,0,0,0,0,0,0,0,0,1,1,1,False
50,21721,-16,3207,-45,01042,-67,28268,-0,002766538,0,9994256,-0,0009107091,-0,03376253,0,0,0,0,0,0,0,0,0,0,0,0,0,0,0,0,0,0,0,0,0,0,1,1,1,False
50,23349,-16,31413,-46,47319,-67,28017,-0,002766538,0,9994256,-0,0009107091,-0,03376253,0,0,0,0,0,0,0,0,0,0,0,0,0,0,0,0,0,0,0,0,0,0,1,1,1,False
50,24357,-16,31007,-47,379,-67,27863,-0,002766538,0,9994256,-0,0009107091,-0,03376253,0,0,0,0,0,0,0,0,0,0,0,0,0,0,0,0,0,0,0,0,0,0,1,1,1,False
50,25366,-16,30601,-48,28569,-67,27708,-0,002766538,0,9994256,-0,0009107091,-0,03376253,0,0,0,0,0,0,0,0,0,0,0,0,0,0,0,0,0,0,0,0,0,0,1,1,1,False
50,26283,-16,30231,-49,11005,-67,27567,-0,002766538,0,9994256,-0,0009107091,-0,03376253,0,0,0,0,0,0,0,0,0,0,0,0,0,0,0,0,0,0,0,0,0,0,1,1,1,False
50,27269,-16,29834,-49,99553,-67,27415,-0,002766538,0,9994256,-0,0009107091,-0,03376253,0,0,0,0,0,0,0,0,0,0,0,0,0,0,0,0,0,0,0,0,0,0,1,1,1,False
50,2817,-16,29471,-50,80569,-67,27277,-0,002766538,0,9994256,-0,0009107091,-0,03376253,0,0,0,0,0,0,0,0,0,0,0,0,0,0,0,0,0,0,0,0,0,0,1,1,1,False
50,29245,-16,29038,-51,77233,-67,27112,-0,002766538,0,9994256,-0,0009107091,-0,03376253,0,0,0,0,0,0,0,0,0,0,0,0,0,0,0,0,0,0,0,0,0,0,1,1,1,False
50,30127,-16,28683,-52,5649,-67,26977,-0,002766538,0,9994256,-0,0009107091,-0,03376253,0,0,0,0,0,0,0,0,0,0,0,0,0,0,0,0,0,0,0,0,0,0,1,1,1,False
50,31106,-16,28288,-53,44437,-67,26826,-0,002766538,0,9994256,-0,0009107091,-0,03376253,0,0,0,0,0,0,0,0,0,0,0,0,0,0,0,0,0,0,0,0,0,0,1,1,1,False
50,32002,-16,27927,-54,24994,-67,26688,-0,002766538,0,9994256,-0,0009107091,-0,03376253,0,0,0,0,0,0,0,0,0,0,0,0,0,0,0,0,0,0,0,0,0,0,1,1,1,False
50,32956,-16,27542,-55,10746,-67,26542,-0,002766538,0,9994256,-0,0009107091,-0,03376253,0,0,0,0,0,0,0,0,0,0,0,0,0,0,0,0,0,0,0,0,0,0,1,1,1,False
50,33839,-16,27187,-55,90084,-67,26406,-0,002766538,0,9994256,-0,0009107091,-0,03376253,0,0,0,0,0,0,0,0,0,0,0,0,0,0,0,0,0,0,0,0,0,0,1,1,1,False
50,3469,-16,26843,-56,66625,-67,26276,-0,002766538,0,9994256,-0,0009107091,-0,03376253,0,0,0,0,0,0,0,0,0,0,0,0,0,0,0,0,0,0,0,0,0,0,1,1,1,False
50,35646,-16,26457,-57,52494,-67,26129,-0,002766538,0,9994256,-0,0009107091,-0,03376253,0,0,0,0,0,0,0,0,0,0,0,0,0,0,0,0,0,0,0,0,0,0,1,1,1,False
50,36511,-16,26108,-58,30244,-67,25996,-0,002766538,0,9994256,-0,0009107091,-0,03376253,0,0,0,0,0,0,0,0,0,0,0,0,0,0,0,0,0,0,0,0,0,0,1,1,1,False
50,37457,-16,25725,-59,15323,-67,25851,-0,002766538,0,9994256,-0,0009107091,-0,03376253,0,0,0,0,0,0,0,0,0,0,0,0,0,0,0,0,0,0,0,0,0,0,1,1,1,False
50,39069,-16,25073,-60,60173,-67,25603,-0,002766538,0,9994256,-0,0009107091,-0,03376253,0,0,0,0,0,0,0,0,0,0,0,0,0,0,0,0,0,0,0,0,0,0,1,1,1,False
50,40031,-16,24683,-61,46673,-67,25456,-0,002766538,0,9994256,-0,0009107091,-0,03376253,0,0,0,0,0,0,0,0,0,0,0,0,0,0,0,0,0,0,0,0,0,0,1,1,1,False
50,40947,-16,24312,-62,28992,-67,25316,-0,002766538,0,9994256,-0,0009107091,-0,03376253,0,0,0,0,0,0,0,0,0,0,0,0,0,0,0,0,0,0,0,0,0,0,1,1,1,False
50,41783,-16,23972,-63,04155,-67,25188,-0,002766538,0,9994256,-0,0009107091,-0,03376253,0,0,0,0,0,0,0,0,0,0,0,0,0,0,0,0,0,0,0,0,0,0,1,1,1,False
50,42667,-16,23613,-63,83592,-67,25053,-0,002766538,0,9994256,-0,0009107091,-0,03376253,0,0,0,0,0,0,0,0,0,0,0,0,0,0,0,0,0,0,0,0,0,0,1,1,1,False
50,43574,-16,23244,-64,65187,-67,24913,-0,002766538,0,9994256,-0,0009107091,-0,03376253,0,0,0,0,0,0,0,0,0,0,0,0,0,0,0,0,0,0,0,0,0,0,1,1,1,False
50,44416,-16,229,-65,40885,-67,24784,-0,002766538,0,9994256,-0,0009107091,-0,03376253,0,0,0,0,0,0,0,0,0,0,0,0,0,0,0,0,0,0,0,0,0,0,1,1,1,False
50,45373,-16,2251,-66,26901,-67,24638,-0,002766538,0,9994256,-0,0009107091,-0,03376253,0,0,0,0,0,0,0,0,0,0,0,0,0,0,0,0,0,0,0,0,0,0,1,1,1,False
50,4628,-16,22139,-67,0848,-67,24499,-0,002766538,0,9994256,-0,0009107091,-0,03376253,0,0,0,0,0,0,0,0,0,0,0,0,0,0,0,0,0,0,0,0,0,0,1,1,1,False
50,47198,-16,21763,-67,90965,-67,24358,-0,002766538,0,9994256,-0,0009107091,-0,03376253,0,0,0,0,0,0,0,0,0,0,0,0,0,0,0,0,0,0,0,0,0,0,1,1,1,False
50,48024,-16,21424,-68,65229,-67,24232,-0,002766538,0,9994256,-0,0009107091,-0,03376253,0,0,0,0,0,0,0,0,0,0,0,0,0,0,0,0,0,0,0,0,0,0,1,1,1,False
50,48972,-16,21034,-69,50532,-67,24086,-0,002766538,0,9994256,-0,0009107091,-0,03376253,0,0,0,0,0,0,0,0,0,0,0,0,0,0,0,0,0,0,0,0,0,0,1,1,1,False
50,49791,-16,20698,-70,24126,-67,23961,-0,002766538,0,9994256,-0,0009107091,-0,03376253,0,0,0,0,0,0,0,0,0,0,0,0,0,0,0,0,0,0,0,0,0,0,1,1,1,False
50,50682,-16,2033,-71,04237,-67,23824,-0,002766538,0,9994256,-0,0009107091,-0,03376253,0,0,0,0,0,0,0,0,0,0,0,0,0,0,0,0,0,0,0,0,0,0,1,1,1,False
50,51638,-16,19936,-71,90188,-67,23679,-0,002766538,0,9994256,-0,0009107091,-0,03376253,0,0,0,0,0,0,0,0,0,0,0,0,0,0,0,0,0,0,0,0,0,0,1,1,1,False
50,52441,-16,19603,-72,62411,-67,23555,-0,002766538,0,9994256,-0,0009107091,-0,03376253,0,0,0,0,0,0,0,0,0,0,0,0,0,0,0,0,0,0,0,0,0,0,1,1,1,False
50,53381,-16,19214,-73,46908,-67,23412,-0,002766538,0,9994256,-0,0009107091,-0,03376253,0,0,0,0,0,0,0,0,0,0,0,0,0,0,0,0,0,0,0,0,0,0,1,1,1,False
50,54929,-16,1857,-74,8607,-67,23175,-0,002766538,0,9994256,-0,0009107091,-0,03376253,0,0,0,0,0,0,0,0,0,0,0,0,0,0,0,0,0,0,0,0,0,0,1,1,1,False
50,5582,-16,18198,-75,66232,-67,23039,-0,002766538,0,9994256,-0,0009107091,-0,03376253,0,0,0,0,0,0,0,0,0,0,0,0,0,0,0,0,0,0,0,0,0,0,1,1,1,False
50,5658,-16,17881,-76,34563,-67,22923,-0,002766538,0,9994256,-0,0009107091,-0,03376253,0,0,0,0,0,0,0,0,0,0,0,0,0,0,0,0,0,0,0,0,0,0,1,1,1,False
50,57425,-16,17527,-77,10587,-67,22794,-0,002766538,0,9994256,-0,0009107091,-0,03376253,0,0,0,0,0,0,0,0,0,0,0,0,0,0,0,0,0,0,0,0,0,0,1,1,1,False
50,5819,-16,17206,-77,79391,-67,22678,-0,002766538,0,9994256,-0,0009107091,-0,03376253,0,0,0,0,0,0,0,0,0,0,0,0,0,0,0,0,0,0,0,0,0,0,1,1,1,False
50,59034,-16,16851,-78,55277,-67,22549,-0,002766538,0,9994256,-0,0009107091,-0,03376253,0,0,0,0,0,0,0,0,0,0,0,0,0,0,0,0,0,0,0,0,0,0,1,1,1,False
50,59814,-16,16522,-79,25427,-67,2243,-0,002766538,0,9994256,-0,0009107091,-0,03376253,0,0,0,0,0,0,0,0,0,0,0,0,0,0,0,0,0,0,0,0,0,0,1,1,1,False
50,60651,-16,16168,-80,00709,-67,22303,-0,002766538,0,9994256,-0,0009107091,-0,03376253,0,0,0,0,0,0,0,0,0,0,0,0,0,0,0,0,0,0,0,0,0,0,1,1,1,False
50,61534,-16,15794,-80,80096,-67,22169,-0,002766538,0,9994256,-0,0009107091,-0,03376253,0,0,0,0,0,0,0,0,0,0,0,0,0,0,0,0,0,0,0,0,0,0,1,1,1,False
50,6245,-16,15405,-81,62474,-67,2203,-0,002766538,0,9994256,-0,0009107091,-0,03376253,0,0,0,0,0,0,0,0,0,0,0,0,0,0,0,0,0,0,0,0,0,0,1,1,1,False
50,63265,-16,15058,-82,35807,-67,21906,-0,002766538,0,9994256,-0,0009107091,-0,03376253,0,0,0,0,0,0,0,0,0,0,0,0,0,0,0,0,0,0,0,0,0,0,1,1,1,False
50,64016,-16,14738,-83,03347,-67,21791,-0,002766538,0,9994256,-0,0009107091,-0,03376253,0,0,0,0,0,0,0,0,0,0,0,0,0,0,0,0,0,0,0,0,0,0,1,1,1,False
50,64894,-16,14362,-83,82363,-67,21658,-0,002766538,0,9994256,-0,0009107091,-0,03376253,0,0,0,0,0,0,0,0,0,0,0,0,0,0,0,0,0,0,0,0,0,0,1,1,1,False
50,65676,-16,14026,-84,52752,-67,21539,-0,002766538,0,9994256,-0,0009107091,-0,03376253,0,0,0,0,0,0,0,0,0,0,0,0,0,0,0,0,0,0,0,0,0,0,1,1,1,False
50,66441,-16,13698,-85,21523,-67,21423,-0,002766538,0,9994256,-0,0009107091,-0,03376253,0,0,0,0,0,0,0,0,0,0,0,0,0,0,0,0,0,0,0,0,0,0,1,1,1,False
50,67309,-16,13323,-85,99644,-67,21291,-0,002766538,0,9994256,-0,0009107091,-0,03376253,0,0,0,0,0,0,0,0,0,0,0,0,0,0,0,0,0,0,0,0,0,0,1,1,1,False
50,68104,-16,1298,-86,71173,-67,21171,-0,002766538,0,9994256,-0,0009107091,-0,03376253,0,0,0,0,0,0,0,0,0,0,0,0,0,0,0,0,0,0,0,0,0,0,1,1,1,False
50,69003,-16,1259,-87,5206,-67,21035,-0,002766538,0,9994256,-0,0009107091,-0,03376253,0,0,0,0,0,0,0,0,0,0,0,0,0,0,0,0,0,0,0,0,0,0,1,1,1,False
50,70477,-16,11948,-88,84631,-67,20811,-0,002766538,0,9994256,-0,0009107091,-0,03376253,0,0,0,0,0,0,0,0,0,0,0,0,0,0,0,0,0,0,0,0,0,0,1,1,1,False
50,71408,-16,11541,-89,68473,-67,2067,-0,002766538,0,9994256,-0,0009107091,-0,03376253,0,0,0,0,0,0,0,0,0,0,0,0,0,0,0,0,0,0,0,0,0,0,1,1,1,False
50,72271,-16,11163,-90,46076,-67,20539,-0,002766538,0,9994256,-0,0009107091,-0,03376253,0,0,0,0,0,0,0,0,0,0,0,0,0,0,0,0,0,0,0,0,0,0,1,1,1,False
50,73107,-16,10796,-91,21285,-67,20413,-0,002766538,0,9994256,-0,0009107091,-0,03376253,0,0,0,0,0,0,0,0,0,0,0,0,0,0,0,0,0,0,0,0,0,0,1,1,1,False
50,73951,-16,10423,-91,97292,-67,20285,-0,002766538,0,9994256,-0,0009107091,-0,03376253,0,0,0,0,0,0,0,0,0,0,0,0,0,0,0,0,0,0,0,0,0,0,1,1,1,False
50,74773,-16,10059,-92,71275,-67,20161,-0,002766538,0,9994256,-0,0009107091,-0,03376253,0,0,0,0,0,0,0,0,0,0,0,0,0,0,0,0,0,0,0,0,0,0,1,1,1,False
50,75658,-16,09667,-93,5088,-67,20028,-0,002766538,0,9994256,-0,0009107091,-0,03376253,0,0,0,0,0,0,0,0,0,0,0,0,0,0,0,0,0,0,0,0,0,0,1,1,1,False
50,76534,-16,09277,-94,29711,-67,19896,-0,002766538,0,9994256,-0,0009107091,-0,03376253,0,0,0,0,0,0,0,0,0,0,0,0,0,0,0,0,0,0,0,0,0,0,1,1,1,False
50,7737,-16,08903,-95,04942,-67,19769,-0,002766538,0,9994256,-0,0009107091,-0,03376253,0,0,0,0,0,0,0,0,0,0,0,0,0,0,0,0,0,0,0,0,0,0,1,1,1,False
50,7822,-16,08522,-95,81521,-67,19641,-0,002766538,0,9994256,-0,0009107091,-0,03376253,0,0,0,0,0,0,0,0,0,0,0,0,0,0,0,0,0,0,0,0,0,0,1,1,1,False
50,79168,-16,08096,-96,66833,-67,19498,-0,002766538,0,9994256,-0,0009107091,-0,03376253,0,0,0,0,0,0,0,0,0,0,0,0,0,0,0,0,0,0,0,0,0,0,1,1,1,False
50,80196,-16,07632,-97,59281,-67,19344,-0,002766538,0,9994256,-0,0009107091,-0,03376253,0,0,0,0,0,0,0,0,0,0,0,0,0,0,0,0,0,0,0,0,0,0,1,1,1,False
50,81107,-16,0722,-98,41339,-67,19206,-0,002766538,0,9994256,-0,0009107091,-0,03376253,0,0,0,0,0,0,0,0,0,0,0,0,0,0,0,0,0,0,0,0,0,0,1,1,1,False
50,8198,-16,06823,-99,19904,-67,19075,-0,002766538,0,9994256,-0,0009107091,-0,03376253,0,0,0,0,0,0,0,0,0,0,0,0,0,0,0,0,0,0,0,0,0,0,1,1,1,False
50,82883,-16,06411,-100,0118,-67,18939,-0,002766538,0,9994256,-0,0009107091,-0,03376253,0,0,0,0,0,0,0,0,0,0,0,0,0,0,0,0,0,0,0,0,0,0,1,1,1,False
50,83792,-16,05995,-100,8298,-67,18803,-0,002766538,0,9994256,-0,0009107091,-0,03376253,0,0,0,0,0,0,0,0,0,0,0,0,0,0,0,0,0,0,0,0,0,0,1,1,1,False
50,84669,-16,05592,-101,6196,-67,18671,-0,002766538,0,9994256,-0,0009107091,-0,03376253,0,0,0,0,0,0,0,0,0,0,0,0,0,0,0,0,0,0,0,0,0,0,1,1,1,False
50,86445,-16,04772,-103,2185,-67,18405,-0,002766538,0,9994256,-0,0009107091,-0,03376253,0,0,0,0,0,0,0,0,0,0,0,0,0,0,0,0,0,0,0,0,0,0,1,1,1,False
50,87303,-16,04374,-103,9911,-67,18277,-0,002766538,0,9994256,-0,0009107091,-0,03376253,0,0,0,0,0,0,0,0,0,0,0,0,0,0,0,0,0,0,0,0,0,0,1,1,1,False
50,88089,-16,04008,-104,6989,-67,18159,-0,002766538,0,9994256,-0,0009107091,-0,03376253,0,0,0,0,0,0,0,0,0,0,0,0,0,0,0,0,0,0,0,0,0,0,1,1,1,False
50,88936,-16,03612,-105,4613,-67,18033,-0,002766538,0,9994256,-0,0009107091,-0,03376253,0,0,0,0,0,0,0,0,0,0,0,0,0,0,0,0,0,0,0,0,0,0,1,1,1,False
50,89675,-16,03266,-106,1262,-67,17922,-0,002766538,0,9994256,-0,0009107091,-0,03376253,0,0,0,0,0,0,0,0,0,0,0,0,0,0,0,0,0,0,0,0,0,0,1,1,1,False
50,90442,-16,02905,-106,8173,-67,17808,-0,002766538,0,9994256,-0,0009107091,-0,03376253,0,0,0,0,0,0,0,0,0,0,0,0,0,0,0,0,0,0,0,0,0,0,1,1,1,False
50,9244,-16,0196,-108,6166,-67,1751,-0,002766538,0,9994256,-0,0009107091,-0,03376253,0,0,0,0,0,0,0,0,0,0,0,0,0,0,0,0,0,0,0,0,0,0,1,1,1,False
50,94265,-16,01091,-110,2592,-67,17238,-0,002766538,0,9994256,-0,0009107091,-0,03376253,0,0,0,0,0,0,0,0,0,0,0,0,0,0,0,0,0,0,0,0,0,0,1,1,1,False
50,95443,-16,00526,-111,3203,-67,17062,-0,002766538,0,9994256,-0,0009107091,-0,03376253,0,0,0,0,0,0,0,0,0,0,0,0,0,0,0,0,0,0,0,0,0,0,1,1,1,False
50,96407,-16,00062,-112,1881,-67,16919,-0,002766538,0,9994256,-0,0009107091,-0,03376253,0,0,0,0,0,0,0,0,0,0,0,0,0,0,0,0,0,0,0,0,0,0,1,1,1,False
50,97383,-15,9959,-113,0674,-67,16774,-0,002766538,0,9994256,-0,0009107091,-0,03376253,0,0,0,0,0,0,0,0,0,0,0,0,0,0,0,0,0,0,0,0,0,0,1,1,1,False
50,98348,-15,99122,-113,9371,-67,16631,-0,002766538,0,9994256,-0,0009107091,-0,03376253,0,0,0,0,0,0,0,0,0,0,0,0,0,0,0,0,0,0,0,0,0,0,1,1,1,False
50,99135,-15,98739,-114,6457,-67,16514,-0,002766538,0,9994256,-0,0009107091,-0,03376253,0,0,0,0,0,0,0,0,0,0,0,0,0,0,0,0,0,0,0,0,0,0,1,1,1,False
51,00031,-15,98301,-115,453,-67,16381,-0,002766538,0,9994256,-0,0009107091,-0,03376253,0,0,0,0,0,0,0,0,0,0,0,0,0,0,0,0,0,0,0,0,0,0,1,1,1,False
51,01049,-15,97801,-116,3695,-67,16231,-0,002766538,0,9994256,-0,0009107091,-0,03376253,0,0,0,0,0,0,0,0,0,0,0,0,0,0,0,0,0,0,0,0,0,0,1,1,1,False
51,01942,-15,97361,-117,1743,-67,16099,-0,002766538,0,9994256,-0,0009107091,-0,03376253,0,0,0,0,0,0,0,0,0,0,0,0,0,0,0,0,0,0,0,0,0,0,1,1,1,False
51,02891,-15,96892,-118,0289,-67,15958,-0,002766538,0,9994256,-0,0009107091,-0,03376253,0,0,0,0,0,0,0,0,0,0,0,0,0,0,0,0,0,0,0,0,0,0,1,1,1,False
51,03999,-15,96342,-119,0271,-67,15794,-0,002766538,0,9994256,-0,0009107091,-0,03376253,0,0,0,0,0,0,0,0,0,0,0,0,0,0,0,0,0,0,0,0,0,0,1,1,1,False
51,04993,-15,95847,-119,9222,-67,15648,-0,002766538,0,9994256,-0,0009107091,-0,03376253,0,0,0,0,0,0,0,0,0,0,0,0,0,0,0,0,0,0,0,0,0,0,1,1,1,False
51,06003,-15,95341,-120,8326,-67,15499,-0,002766538,0,9994256,-0,0009107091,-0,03376253,0,0,0,0,0,0,0,0,0,0,0,0,0,0,0,0,0,0,0,0,0,0,1,1,1,False
51,06929,-15,94876,-121,6663,-67,15363,-0,002766538,0,9994256,-0,0009107091,-0,03376253,0,0,0,0,0,0,0,0,0,0,0,0,0,0,0,0,0,0,0,0,0,0,1,1,1,False
51,07662,-15,94506,-122,3267,-67,15255,-0,002766538,0,9994256,-0,0009107091,-0,03376253,0,0,0,0,0,0,0,0,0,0,0,0,0,0,0,0,0,0,0,0,0,0,1,1,1,False
51,08521,-15,94072,-123,1007,-67,15128,-0,002766538,0,9994256,-0,0009107091,-0,03376253,0,0,0,0,0,0,0,0,0,0,0,0,0,0,0,0,0,0,0,0,0,0,1,1,1,False
51,09375,-15,93638,-123,8705,-67,15002,-0,002766538,0,9994256,-0,0009107091,-0,03376253,0,0,0,0,0,0,0,0,0,0,0,0,0,0,0,0,0,0,0,0,0,0,1,1,1,False
51,10119,-15,9326,-124,5407,-67,14894,-0,002766538,0,9994256,-0,0009107091,-0,03376253,0,0,0,0,0,0,0,0,0,0,0,0,0,0,0,0,0,0,0,0,0,0,1,1,1,False
51,10931,-15,92845,-125,2723,-67,14775,-0,002766538,0,9994256,-0,0009107091,-0,03376253,0,0,0,0,0,0,0,0,0,0,0,0,0,0,0,0,0,0,0,0,0,0,1,1,1,False
51,11642,-15,92481,-125,9131,-67,14671,-0,002766538,0,9994256,-0,0009107091,-0,03376253,0,0,0,0,0,0,0,0,0,0,0,0,0,0,0,0,0,0,0,0,0,0,1,1,1,False
51,12383,-15,92101,-126,58,-67,14562,-0,002766538,0,9994256,-0,0009107091,-0,03376253,0,0,0,0,0,0,0,0,0,0,0,0,0,0,0,0,0,0,0,0,0,0,1,1,1,False
51,13229,-15,91665,-127,3423,-67,14438,-0,002766538,0,9994256,-0,0009107091,-0,03376253,0,0,0,0,0,0,0,0,0,0,0,0,0,0,0,0,0,0,0,0,0,0,1,1,1,False
51,13992,-15,9127,-128,0301,-67,14326,-0,002766538,0,9994256,-0,0009107091,-0,03376253,0,0,0,0,0,0,0,0,0,0,0,0,0,0,0,0,0,0,0,0,0,0,1,1,1,False
51,14731,-15,90887,-128,6962,-67,14219,-0,002766538,0,9994256,-0,0009107091,-0,03376253,0,0,0,0,0,0,0,0,0,0,0,0,0,0,0,0,0,0,0,0,0,0,1,1,1,False
51,15839,-15,90311,-129,694,-67,14057,-0,002766538,0,9994256,-0,0009107091,-0,03376253,0,0,0,0,0,0,0,0,0,0,0,0,0,0,0,0,0,0,0,0,0,0,1,1,1,False
51,16971,-15,8972,-130,7141,-67,13892,-0,002766538,0,9994256,-0,0009107091,-0,03376253,0,0,0,0,0,0,0,0,0,0,0,0,0,0,0,0,0,0,0,0,0,0,1,1,1,False
51,17827,-15,89271,-131,4854,-67,13767,-0,002766538,0,9994256,-0,0009107091,-0,03376253,0,0,0,0,0,0,0,0,0,0,0,0,0,0,0,0,0,0,0,0,0,0,1,1,1,False
51,18687,-15,88818,-132,2606,-67,13642,-0,002766538,0,9994256,-0,0009107091,-0,03376253,0,0,0,0,0,0,0,0,0,0,0,0,0,0,0,0,0,0,0,0,0,0,1,1,1,False
51,19642,-15,88315,-133,1212,-67,13503,-0,002766538,0,9994256,-0,0009107091,-0,03376253,0,0,0,0,0,0,0,0,0,0,0,0,0,0,0,0,0,0,0,0,0,0,1,1,1,False
51,20518,-15,8785,-133,9113,-67,13375,-0,002766538,0,9994256,-0,0009107091,-0,03376253,0,0,0,0,0,0,0,0,0,0,0,0,0,0,0,0,0,0,0,0,0,0,1,1,1,False
51,21358,-15,87404,-134,6683,-67,13253,-0,002766538,0,9994256,-0,0009107091,-0,03376253,0,0,0,0,0,0,0,0,0,0,0,0,0,0,0,0,0,0,0,0,0,0,1,1,1,False
51,22194,-15,86959,-135,4213,-67,13132,-0,002766538,0,9994256,-0,0009107091,-0,03376253,0,0,0,0,0,0,0,0,0,0,0,0,0,0,0,0,0,0,0,0,0,0,1,1,1,False
51,23037,-15,86508,-136,1809,-67,1301,-0,002766538,0,9994256,-0,0009107091,-0,03376253,0,0,0,0,0,0,0,0,0,0,0,0,0,0,0,0,0,0,0,0,0,0,1,1,1,False
51,23777,-15,86112,-136,8477,-67,12902,-0,002766538,0,9994256,-0,0009107091,-0,03376253,0,0,0,0,0,0,0,0,0,0,0,0,0,0,0,0,0,0,0,0,0,0,1,1,1,False
51,24648,-15,85644,-137,6325,-67,12775,-0,002766538,0,9994256,-0,0009107091,-0,03376253,0,0,0,0,0,0,0,0,0,0,0,0,0,0,0,0,0,0,0,0,0,0,1,1,1,False
51,25563,-15,8515,-138,4575,-67,12643,-0,002766538,0,9994256,-0,0009107091,-0,03376253,0,0,0,0,0,0,0,0,0,0,0,0,0,0,0,0,0,0,0,0,0,0,1,1,1,False
51,2648,-15,84655,-139,2837,-67,12511,-0,002766538,0,9994256,-0,0009107091,-0,03376253,0,0,0,0,0,0,0,0,0,0,0,0,0,0,0,0,0,0,0,0,0,0,1,1,1,False
51,27413,-15,84149,-140,1242,-67,12376,-0,002766538,0,9994256,-0,0009107091,-0,03376253,0,0,0,0,0,0,0,0,0,0,0,0,0,0,0,0,0,0,0,0,0,0,1,1,1,False
51,28281,-15,83677,-140,9064,-67,1225,-0,002766538,0,9994256,-0,0009107091,-0,03376253,0,0,0,0,0,0,0,0,0,0,0,0,0,0,0,0,0,0,0,0,0,0,1,1,1,False
51,29285,-15,83128,-141,8116,-67,12105,-0,002766538,0,9994256,-0,0009107091,-0,03376253,0,0,0,0,0,0,0,0,0,0,0,0,0,0,0,0,0,0,0,0,0,0,1,1,1,False
51,30098,-15,82683,-142,5439,-67,11987,-0,002766538,0,9994256,-0,0009107091,-0,03376253,0,0,0,0,0,0,0,0,0,0,0,0,0,0,0,0,0,0,0,0,0,0,1,1,1,False
51,31038,-15,82167,-143,3916,-67,11852,-0,002766538,0,9994256,-0,0009107091,-0,03376253,0,0,0,0,0,0,0,0,0,0,0,0,0,0,0,0,0,0,0,0,0,0,1,1,1,False
51,31855,-15,81717,-144,1275,-67,11734,-0,002766538,0,9994256,-0,0009107091,-0,03376253,0,0,0,0,0,0,0,0,0,0,0,0,0,0,0,0,0,0,0,0,0,0,1,1,1,False
51,32752,-15,81222,-144,936,-67,11605,-0,002766538,0,9994256,-0,0009107091,-0,03376253,0,0,0,0,0,0,0,0,0,0,0,0,0,0,0,0,0,0,0,0,0,0,1,1,1,False
51,33667,-15,80715,-145,7604,-67,11474,-0,002766538,0,9994256,-0,0009107091,-0,03376253,0,0,0,0,0,0,0,0,0,0,0,0,0,0,0,0,0,0,0,0,0,0,1,1,1,False
51,34521,-15,80241,-146,5298,-67,11351,-0,002766538,0,9994256,-0,0009107091,-0,03376253,0,0,0,0,0,0,0,0,0,0,0,0,0,0,0,0,0,0,0,0,0,0,1,1,1,False
51,35367,-15,7977,-147,2925,-67,11229,-0,002766538,0,9994256,-0,0009107091,-0,03376253,0,0,0,0,0,0,0,0,0,0,0,0,0,0,0,0,0,0,0,0,0,0,1,1,1,False
51,36276,-15,79263,-148,1116,-67,11098,-0,002766538,0,9994256,-0,0009107091,-0,03376253,0,0,0,0,0,0,0,0,0,0,0,0,0,0,0,0,0,0,0,0,0,0,1,1,1,False
51,37332,-15,78672,-149,0638,-67,10947,-0,002766538,0,9994256,-0,0009107091,-0,03376253,0,0,0,0,0,0,0,0,0,0,0,0,0,0,0,0,0,0,0,0,0,0,1,1,1,False
51,38211,-15,78178,-149,8558,-67,10822,-0,002766538,0,9994256,-0,0009107091,-0,03376253,0,0,0,0,0,0,0,0,0,0,0,0,0,0,0,0,0,0,0,0,0,0,1,1,1,False
51,39179,-15,77633,-150,7287,-67,10682,-0,002766538,0,9994256,-0,0009107091,-0,03376253,0,0,0,0,0,0,0,0,0,0,0,0,0,0,0,0,0,0,0,0,0,0,1,1,1,False
51,39952,-15,77197,-151,425,-67,10571,-0,002766538,0,9994256,-0,0009107091,-0,03376253,0,0,0,0,0,0,0,0,0,0,0,0,0,0,0,0,0,0,0,0,0,0,1,1,1,False
51,40816,-15,76708,-152,2039,-67,10448,-0,002766538,0,9994256,-0,0009107091,-0,03376253,0,0,0,0,0,0,0,0,0,0,0,0,0,0,0,0,0,0,0,0,0,0,1,1,1,False
51,41823,-15,76137,-153,1114,-67,10303,-0,002766538,0,9994256,-0,0009107091,-0,03376253,0,0,0,0,0,0,0,0,0,0,0,0,0,0,0,0,0,0,0,0,0,0,1,1,1,False
51,42651,-15,75667,-153,8573,-67,10186,-0,002766538,0,9994256,-0,0009107091,-0,03376253,0,0,0,0,0,0,0,0,0,0,0,0,0,0,0,0,0,0,0,0,0,0,1,1,1,False
51,43584,-15,75135,-154,6988,-67,10052,-0,002766538,0,9994256,-0,0009107091,-0,03376253,0,0,0,0,0,0,0,0,0,0,0,0,0,0,0,0,0,0,0,0,0,0,1,1,1,False
51,44456,-15,74637,-155,4847,-67,09928,-0,002766538,0,9994256,-0,0009107091,-0,03376253,0,0,0,0,0,0,0,0,0,0,0,0,0,0,0,0,0,0,0,0,0,0,1,1,1,False
51,45464,-15,7406,-156,3926,-67,09785,-0,002766538,0,9994256,-0,0009107091,-0,03376253,0,0,0,0,0,0,0,0,0,0,0,0,0,0,0,0,0,0,0,0,0,0,1,1,1,False
51,46336,-15,7356,-157,1791,-67,0966,-0,002766538,0,9994256,-0,0009107091,-0,03376253,0,0,0,0,0,0,0,0,0,0,0,0,0,0,0,0,0,0,0,0,0,0,1,1,1,False
51,47269,-15,73023,-158,0201,-67,09527,-0,002766538,0,9994256,-0,0009107091,-0,03376253,0,0,0,0,0,0,0,0,0,0,0,0,0,0,0,0,0,0,0,0,0,0,1,1,1,False
51,48153,-15,72513,-158,8166,-67,09402,-0,002766538,0,9994256,-0,0009107091,-0,03376253,0,0,0,0,0,0,0,0,0,0,0,0,0,0,0,0,0,0,0,0,0,0,1,1,1,False
51,49056,-15,71992,-159,63,-67,09273,-0,002766538,0,9994256,-0,0009107091,-0,03376253,0,0,0,0,0,0,0,0,0,0,0,0,0,0,0,0,0,0,0,0,0,0,1,1,1,False
51,49899,-15,71504,-160,3901,-67,09153,-0,002766538,0,9994256,-0,0009107091,-0,03376253,0,0,0,0,0,0,0,0,0,0,0,0,0,0,0,0,0,0,0,0,0,0,1,1,1,False
51,50748,-15,71012,-161,1553,-67,09032,-0,002766538,0,9994256,-0,0009107091,-0,03376253,0,0,0,0,0,0,0,0,0,0,0,0,0,0,0,0,0,0,0,0,0,0,1,1,1,False
51,51703,-15,70457,-162,0154,-67,08897,-0,002766538,0,9994256,-0,0009107091,-0,03376253,0,0,0,0,0,0,0,0,0,0,0,0,0,0,0,0,0,0,0,0,0,0,1,1,1,False
51,52613,-15,69927,-162,836,-67,08768,-0,002766538,0,9994256,-0,0009107091,-0,03376253,0,0,0,0,0,0,0,0,0,0,0,0,0,0,0,0,0,0,0,0,0,0,1,1,1,False
51,53532,-15,69392,-163,6638,-67,08637,-0,002766538,0,9994256,-0,0009107091,-0,03376253,0,0,0,0,0,0,0,0,0,0,0,0,0,0,0,0,0,0,0,0,0,0,1,1,1,False
51,5439,-15,6889,-164,4369,-67,08516,-0,002766538,0,9994256,-0,0009107091,-0,03376253,0,0,0,0,0,0,0,0,0,0,0,0,0,0,0,0,0,0,0,0,0,0,1,1,1,False
51,55287,-15,68365,-165,2454,-67,08389,-0,002766538,0,9994256,-0,0009107091,-0,03376253,0,0,0,0,0,0,0,0,0,0,0,0,0,0,0,0,0,0,0,0,0,0,1,1,1,False
51,56195,-15,67833,-166,0638,-67,0826,-0,002766538,0,9994256,-0,0009107091,-0,03376253,0,0,0,0,0,0,0,0,0,0,0,0,0,0,0,0,0,0,0,0,0,0,1,1,1,False
51,57158,-15,67268,-166,9306,-67,08124,-0,002766538,0,9994256,-0,0009107091,-0,03376253,0,0,0,0,0,0,0,0,0,0,0,0,0,0,0,0,0,0,0,0,0,0,1,1,1,False
51,58017,-15,66762,-167,7048,-67,08002,-0,002766538,0,9994256,-0,0009107091,-0,03376253,0,0,0,0,0,0,0,0,0,0,0,0,0,0,0,0,0,0,0,0,0,0,1,1,1,False
51,59059,-15,66148,-168,6442,-67,07854,-0,002766538,0,9994256,-0,0009107091,-0,03376253,0,0,0,0,0,0,0,0,0,0,0,0,0,0,0,0,0,0,0,0,0,0,1,1,1,False
51,59915,-15,65643,-169,4153,-67,07734,-0,002766538,0,9994256,-0,0009107091,-0,03376253,0,0,0,0,0,0,0,0,0,0,0,0,0,0,0,0,0,0,0,0,0,0,1,1,1,False
51,60873,-15,65076,-170,2787,-67,07598,-0,002766538,0,9994256,-0,0009107091,-0,03376253,0,0,0,0,0,0,0,0,0,0,0,0,0,0,0,0,0,0,0,0,0,0,1,1,1,False
51,62004,-15,64406,-171,2984,-67,07438,-0,002766538,0,9994256,-0,0009107091,-0,03376253,0,0,0,0,0,0,0,0,0,0,0,0,0,0,0,0,0,0,0,0,0,0,1,1,1,False
51,63118,-15,63746,-172,3016,-67,07281,-0,002766538,0,9994256,-0,0009107091,-0,03376253,0,0,0,0,0,0,0,0,0,0,0,0,0,0,0,0,0,0,0,0,0,0,1,1,1,False
51,64175,-15,63117,-173,2545,-67,07131,-0,002766538,0,9994256,-0,0009107091,-0,03376253,0,0,0,0,0,0,0,0,0,0,0,0,0,0,0,0,0,0,0,0,0,0,1,1,1,False
51,65274,-15,62463,-174,2448,-67,06976,-0,002766538,0,9994256,-0,0009107091,-0,03376253,0,0,0,0,0,0,0,0,0,0,0,0,0,0,0,0,0,0,0,0,0,0,1,1,1,False
51,66125,-15,61957,-175,0112,-67,06857,-0,002766538,0,9994256,-0,0009107091,-0,03376253,0,0,0,0,0,0,0,0,0,0,0,0,0,0,0,0,0,0,0,0,0,0,1,1,1,False
51,671,-15,61375,-175,8894,-67,06718,-0,002766538,0,9994256,-0,0009107091,-0,03376253,0,0,0,0,0,0,0,0,0,0,0,0,0,0,0,0,0,0,0,0,0,0,1,1,1,False
51,67943,-15,60872,-176,6491,-67,066,-0,002766538,0,9994256,-0,0009107091,-0,03376253,0,0,0,0,0,0,0,0,0,0,0,0,0,0,0,0,0,0,0,0,0,0,1,1,1,False
51,68764,-15,60381,-177,3886,-67,06485,-0,002766538,0,9994256,-0,0009107091,-0,03376253,0,0,0,0,0,0,0,0,0,0,0,0,0,0,0,0,0,0,0,0,0,0,1,1,1,False
51,69675,-15,59836,-178,2101,-67,06356,-0,002766538,0,9994256,-0,0009107091,-0,03376253,0,0,0,0,0,0,0,0,0,0,0,0,0,0,0,0,0,0,0,0,0,0,1,1,1,False
51,70499,-15,59343,-178,9515,-67,0624,-0,002766538,0,9994256,-0,0009107091,-0,03376253,0,0,0,0,0,0,0,0,0,0,0,0,0,0,0,0,0,0,0,0,0,0,1,1,1,False
51,71418,-15,58792,-179,7793,-67,06111,-0,002766538,0,9994256,-0,0009107091,-0,03376253,0,0,0,0,0,0,0,0,0,0,0,0,0,0,0,0,0,0,0,0,0,0,1,1,1,False
51,72337,-15,58241,-180,6079,-67,05981,-0,002766538,0,9994256,-0,0009107091,-0,03376253,0,0,0,0,0,0,0,0,0,0,0,0,0,0,0,0,0,0,0,0,0,0,1,1,1,False
51,73255,-15,5769,-181,4343,-67,05853,-0,002766538,0,9994256,-0,0009107091,-0,03376253,0,0,0,0,0,0,0,0,0,0,0,0,0,0,0,0,0,0,0,0,0,0,1,1,1,False
51,74087,-15,5719,-182,1837,-67,05736,-0,002766538,0,9994256,-0,0009107091,-0,03376253,0,0,0,0,0,0,0,0,0,0,0,0,0,0,0,0,0,0,0,0,0,0,1,1,1,False
51,74998,-15,56643,-183,0042,-67,05608,-0,002766538,0,9994256,-0,0009107091,-0,03376253,0,0,0,0,0,0,0,0,0,0,0,0,0,0,0,0,0,0,0,0,0,0,1,1,1,False
51,75796,-15,56163,-183,7233,-67,05495,-0,002766538,0,9994256,-0,0009107091,-0,03376253,0,0,0,0,0,0,0,0,0,0,0,0,0,0,0,0,0,0,0,0,0,0,1,1,1,False
51,76684,-15,55629,-184,5231,-67,0537,-0,002766538,0,9994256,-0,0009107091,-0,03376253,0,0,0,0,0,0,0,0,0,0,0,0,0,0,0,0,0,0,0,0,0,0,1,1,1,False
51,77792,-15,54961,-185,5212,-67,05215,-0,002766538,0,9994256,-0,0009107091,-0,03376253,0,0,0,0,0,0,0,0,0,0,0,0,0,0,0,0,0,0,0,0,0,0,1,1,1,False
51,78637,-15,54453,-186,2818,-67,05096,-0,002766538,0,9994256,-0,0009107091,-0,03376253,0,0,0,0,0,0,0,0,0,0,0,0,0,0,0,0,0,0,0,0,0,0,1,1,1,False
51,79569,-15,53891,-187,1215,-67,04964,-0,002766538,0,9994256,-0,0009107091,-0,03376253,0,0,0,0,0,0,0,0,0,0,0,0,0,0,0,0,0,0,0,0,0,0,1,1,1,False
51,804,-15,53391,-187,8693,-67,04848,-0,002766538,0,9994256,-0,0009107091,-0,03376253,0,0,0,0,0,0,0,0,0,0,0,0,0,0,0,0,0,0,0,0,0,0,1,1,1,False
51,81323,-15,52834,-188,701,-67,04718,-0,002766538,0,9994256,-0,0009107091,-0,03376253,0,0,0,0,0,0,0,0,0,0,0,0,0,0,0,0,0,0,0,0,0,0,1,1,1,False
51,82131,-15,52347,-189,4284,-67,04604,-0,002766538,0,9994256,-0,0009107091,-0,03376253,0,0,0,0,0,0,0,0,0,0,0,0,0,0,0,0,0,0,0,0,0,0,1,1,1,False
51,83026,-15,51807,-190,2342,-67,04479,-0,002766538,0,9994256,-0,0009107091,-0,03376253,0,0,0,0,0,0,0,0,0,0,0,0,0,0,0,0,0,0,0,0,0,0,1,1,1,False
51,83817,-15,5133,-190,9462,-67,04369,-0,002766538,0,9994256,-0,0009107091,-0,03376253,0,0,0,0,0,0,0,0,0,0,0,0,0,0,0,0,0,0,0,0,0,0,1,1,1,False
51,8465,-15,50827,-191,6965,-67,04251,-0,002766538,0,9994256,-0,0009107091,-0,03376253,0,0,0,0,0,0,0,0,0,0,0,0,0,0,0,0,0,0,0,0,0,0,1,1,1,False
51,85618,-15,50243,-192,5686,-67,04115,-0,002766538,0,9994256,-0,0009107091,-0,03376253,0,0,0,0,0,0,0,0,0,0,0,0,0,0,0,0,0,0,0,0,0,0,1,1,1,False
51,86446,-15,49744,-193,3144,-67,03999,-0,002766538,0,9994256,-0,0009107091,-0,03376253,0,0,0,0,0,0,0,0,0,0,0,0,0,0,0,0,0,0,0,0,0,0,1,1,1,False
51,87391,-15,49174,-194,1643,-67,03866,-0,002766538,0,9994256,-0,0009107091,-0,03376253,0,0,0,0,0,0,0,0,0,0,0,0,0,0,0,0,0,0,0,0,0,0,1,1,1,False
51,88203,-15,48684,-194,8955,-67,03752,-0,002766538,0,9994256,-0,0009107091,-0,03376253,0,0,0,0,0,0,0,0,0,0,0,0,0,0,0,0,0,0,0,0,0,0,1,1,1,False
51,89128,-15,48126,-195,7291,-67,03622,-0,002766538,0,9994256,-0,0009107091,-0,03376253,0,0,0,0,0,0,0,0,0,0,0,0,0,0,0,0,0,0,0,0,0,0,1,1,1,False
51,89954,-15,47628,-196,4727,-67,03506,-0,002766538,0,9994256,-0,0009107091,-0,03376253,0,0,0,0,0,0,0,0,0,0,0,0,0,0,0,0,0,0,0,0,0,0,1,1,1,False
51,90892,-15,47063,-197,3166,-67,03374,-0,002766538,0,9994256,-0,0009107091,-0,03376253,0,0,0,0,0,0,0,0,0,0,0,0,0,0,0,0,0,0,0,0,0,0,1,1,1,False
51,91857,-15,46482,-198,1859,-67,03239,-0,002766538,0,9994256,-0,0009107091,-0,03376253,0,0,0,0,0,0,0,0,0,0,0,0,0,0,0,0,0,0,0,0,0,0,1,1,1,False
51,92601,-15,46034,-198,8551,-67,03135,-0,002766538,0,9994256,-0,0009107091,-0,03376253,0,0,0,0,0,0,0,0,0,0,0,0,0,0,0,0,0,0,0,0,0,0,1,1,1,False
51,9352,-15,4548,-199,6826,-67,03006,-0,002766538,0,9994256,-0,0009107091,-0,03376253,0,0,0,0,0,0,0,0,0,0,0,0,0,0,0,0,0,0,0,0,0,0,1,1,1,False
51,94292,-15,45016,-200,3772,-67,02898,-0,002766538,0,9994256,-0,0009107091,-0,03376253,0,0,0,0,0,0,0,0,0,0,0,0,0,0,0,0,0,0,0,0,0,0,1,1,1,False
51,95223,-15,44456,-201,2157,-67,02766,-0,002766538,0,9994256,-0,0009107091,-0,03376253,0,0,0,0,0,0,0,0,0,0,0,0,0,0,0,0,0,0,0,0,0,0,1,1,1,False
51,95989,-15,43995,-201,9051,-67,02658,-0,002766538,0,9994256,-0,0009107091,-0,03376253,0,0,0,0,0,0,0,0,0,0,0,0,0,0,0,0,0,0,0,0,0,0,1,1,1,False
51,96778,-15,43521,-202,6154,-67,02547,-0,002766538,0,9994256,-0,0009107091,-0,03376253,0,0,0,0,0,0,0,0,0,0,0,0,0,0,0,0,0,0,0,0,0,0,1,1,1,False
51,97675,-15,42983,-203,4227,-67,02422,-0,002766538,0,9994256,-0,0009107091,-0,03376253,0,0,0,0,0,0,0,0,0,0,0,0,0,0,0,0,0,0,0,0,0,0,1,1,1,False
51,98442,-15,42523,-204,1131,-67,02314,-0,002766538,0,9994256,-0,0009107091,-0,03376253,0,0,0,0,0,0,0,0,0,0,0,0,0,0,0,0,0,0,0,0,0,0,1,1,1,False
51,99344,-15,41982,-204,9244,-67,02187,-0,002766538,0,9994256,-0,0009107091,-0,03376253,0,0,0,0,0,0,0,0,0,0,0,0,0,0,0,0,0,0,0,0,0,0,1,1,1,False
52,00169,-15,41488,-205,6665,-67,02071,-0,002766538,0,9994256,-0,0009107091,-0,03376253,0,0,0,0,0,0,0,0,0,0,0,0,0,0,0,0,0,0,0,0,0,0,1,1,1,False
52,0106,-15,40955,-206,4684,-67,01945,-0,002766538,0,9994256,-0,0009107091,-0,03376253,0,0,0,0,0,0,0,0,0,0,0,0,0,0,0,0,0,0,0,0,0,0,1,1,1,False
52,02073,-15,40349,-207,3798,-67,01803,-0,002766538,0,9994256,-0,0009107091,-0,03376253,0,0,0,0,0,0,0,0,0,0,0,0,0,0,0,0,0,0,0,0,0,0,1,1,1,False
52,02993,-15,398,-208,2078,-67,01674,-0,002766538,0,9994256,-0,0009107091,-0,03376253,0,0,0,0,0,0,0,0,0,0,0,0,0,0,0,0,0,0,0,0,0,0,1,1,1,False
52,03809,-15,39312,-208,9428,-67,01559,-0,002766538,0,9994256,-0,0009107091,-0,03376253,0,0,0,0,0,0,0,0,0,0,0,0,0,0,0,0,0,0,0,0,0,0,1,1,1,False
52,0466,-15,38805,-209,7083,-67,0144,-0,002766538,0,9994256,-0,0009107091,-0,03376253,0,0,0,0,0,0,0,0,0,0,0,0,0,0,0,0,0,0,0,0,0,0,1,1,1,False
52,05582,-15,38256,-210,5382,-67,0131,-0,002766538,0,9994256,-0,0009107091,-0,03376253,0,0,0,0,0,0,0,0,0,0,0,0,0,0,0,0,0,0,0,0,0,0,1,1,1,False
52,06772,-15,37549,-211,6086,-67,01142,-0,002766538,0,9994256,-0,0009107091,-0,03376253,0,0,0,0,0,0,0,0,0,0,0,0,0,0,0,0,0,0,0,0,0,0,1,1,1,False
52,07992,-15,36825,-212,7062,-67,0097,-0,002766538,0,9994256,-0,0009107091,-0,03376253,0,0,0,0,0,0,0,0,0,0,0,0,0,0,0,0,0,0,0,0,0,0,1,1,1,False
52,08856,-15,36313,-213,4834,-67,00849,-0,002766538,0,9994256,-0,0009107091,-0,03376253,0,0,0,0,0,0,0,0,0,0,0,0,0,0,0,0,0,0,0,0,0,0,1,1,1,False
52,09968,-15,35655,-214,4839,-67,00693,-0,002766538,0,9994256,-0,0009107091,-0,03376253,0,0,0,0,0,0,0,0,0,0,0,0,0,0,0,0,0,0,0,0,0,0,1,1,1,False
52,10902,-15,35103,-215,3237,-67,00561,-0,002766538,0,9994256,-0,0009107091,-0,03376253,0,0,0,0,0,0,0,0,0,0,0,0,0,0,0,0,0,0,0,0,0,0,1,1,1,False
52,11983,-15,34465,-216,2965,-67,00409,-0,002766538,0,9994256,-0,0009107091,-0,03376253,0,0,0,0,0,0,0,0,0,0,0,0,0,0,0,0,0,0,0,0,0,0,1,1,1,False
52,12895,-15,33929,-217,1165,-67,0028,-0,002766538,0,9994256,-0,0009107091,-0,03376253,0,0,0,0,0,0,0,0,0,0,0,0,0,0,0,0,0,0,0,0,0,0,1,1,1,False
52,13921,-15,33326,-218,0397,-67,00135,-0,002766538,0,9994256,-0,0009107091,-0,03376253,0,0,0,0,0,0,0,0,0,0,0,0,0,0,0,0,0,0,0,0,0,0,1,1,1,False
52,14779,-15,32823,-218,8105,-67,00014,-0,002766538,0,9994256,-0,0009107091,-0,03376253,0,0,0,0,0,0,0,0,0,0,0,0,0,0,0,0,0,0,0,0,0,0,1,1,1,False
52,15868,-15,32185,-219,7903,-66,9986,-0,002766538,0,9994256,-0,0009107091,-0,03376253,0,0,0,0,0,0,0,0,0,0,0,0,0,0,0,0,0,0,0,0,0,0,1,1,1,False
52,16724,-15,31684,-220,5607,-66,99738,-0,002766538,0,9994256,-0,0009107091,-0,03376253,0,0,0,0,0,0,0,0,0,0,0,0,0,0,0,0,0,0,0,0,0,0,1,1,1,False
52,1765,-15,31144,-221,3935,-66,99608,-0,002766538,0,9994256,-0,0009107091,-0,03376253,0,0,0,0,0,0,0,0,0,0,0,0,0,0,0,0,0,0,0,0,0,0,1,1,1,False
52,18515,-15,30641,-222,1711,-66,99485,-0,002766538,0,9994256,-0,0009107091,-0,03376253,0,0,0,0,0,0,0,0,0,0,0,0,0,0,0,0,0,0,0,0,0,0,1,1,1,False
52,19481,-15,30079,-223,0396,-66,99348,-0,002766538,0,9994256,-0,0009107091,-0,03376253,0,0,0,0,0,0,0,0,0,0,0,0,0,0,0,0,0,0,0,0,0,0,1,1,1,False
52,20285,-15,29613,-223,763,-66,99235,-0,002766538,0,9994256,-0,0009107091,-0,03376253,0,0,0,0,0,0,0,0,0,0,0,0,0,0,0,0,0,0,0,0,0,0,1,1,1,False
52,21261,-15,29048,-224,6402,-66,99097,-0,002766538,0,9994256,-0,0009107091,-0,03376253,0,0,0,0,0,0,0,0,0,0,0,0,0,0,0,0,0,0,0,0,0,0,1,1,1,False
52,22085,-15,28572,-225,3814,-66,98979,-0,002766538,0,9994256,-0,0009107091,-0,03376253,0,0,0,0,0,0,0,0,0,0,0,0,0,0,0,0,0,0,0,0,0,0,1,1,1,False
52,23076,-15,28001,-226,2721,-66,98839,-0,002766538,0,9994256,-0,0009107091,-0,03376253,0,0,0,0,0,0,0,0,0,0,0,0,0,0,0,0,0,0,0,0,0,0,1,1,1,False
52,23899,-15,27527,-227,0121,-66,98721,-0,002766538,0,9994256,-0,0009107091,-0,03376253,0,0,0,0,0,0,0,0,0,0,0,0,0,0,0,0,0,0,0,0,0,0,1,1,1,False
52,24791,-15,27015,-227,8146,-66,98595,-0,002766538,0,9994256,-0,0009107091,-0,03376253,0,0,0,0,0,0,0,0,0,0,0,0,0,0,0,0,0,0,0,0,0,0,1,1,1,False
52,25727,-15,26479,-228,6555,-66,98462,-0,002766538,0,9994256,-0,0009107091,-0,03376253,0,0,0,0,0,0,0,0,0,0,0,0,0,0,0,0,0,0,0,0,0,0,1,1,1,False
52,26594,-15,25983,-229,4355,-66,98339,-0,002766538,0,9994256,-0,0009107091,-0,03376253,0,0,0,0,0,0,0,0,0,0,0,0,0,0,0,0,0,0,0,0,0,0,1,1,1,False
52,27549,-15,25439,-230,2938,-66,98203,-0,002766538,0,9994256,-0,0009107091,-0,03376253,0,0,0,0,0,0,0,0,0,0,0,0,0,0,0,0,0,0,0,0,0,0,1,1,1,False
52,283,-15,25012,-230,9691,-66,98096,-0,002766538,0,9994256,-0,0009107091,-0,03376253,0,0,0,0,0,0,0,0,0,0,0,0,0,0,0,0,0,0,0,0,0,0,1,1,1,False
52,29156,-15,24526,-231,7388,-66,97974,-0,002766538,0,9994256,-0,0009107091,-0,03376253,0,0,0,0,0,0,0,0,0,0,0,0,0,0,0,0,0,0,0,0,0,0,1,1,1,False
52,29911,-15,24098,-232,4178,-66,97865,-0,002766538,0,9994256,-0,0009107091,-0,03376253,0,0,0,0,0,0,0,0,0,0,0,0,0,0,0,0,0,0,0,0,0,0,1,1,1,False
52,30661,-15,23675,-233,0912,-66,97759,-0,002766538,0,9994256,-0,0009107091,-0,03376253,0,0,0,0,0,0,0,0,0,0,0,0,0,0,0,0,0,0,0,0,0,0,1,1,1,False
52,31542,-15,23178,-233,8836,-66,97633,-0,002766538,0,9994256,-0,0009107091,-0,03376253,0,0,0,0,0,0,0,0,0,0,0,0,0,0,0,0,0,0,0,0,0,0,1,1,1,False
52,3231,-15,22746,-234,5737,-66,97523,-0,002766538,0,9994256,-0,0009107091,-0,03376253,0,0,0,0,0,0,0,0,0,0,0,0,0,0,0,0,0,0,0,0,0,0,1,1,1,False
52,33177,-15,22259,-235,353,-66,974,-0,002766538,0,9994256,-0,0009107091,-0,03376253,0,0,0,0,0,0,0,0,0,0,0,0,0,0,0,0,0,0,0,0,0,0,1,1,1,False
52,33924,-15,21841,-236,0247,-66,97293,-0,002766538,0,9994256,-0,0009107091,-0,03376253,0,0,0,0,0,0,0,0,0,0,0,0,0,0,0,0,0,0,0,0,0,0,1,1,1,False
52,34699,-15,21408,-236,7213,-66,97182,-0,002766538,0,9994256,-0,0009107091,-0,03376253,0,0,0,0,0,0,0,0,0,0,0,0,0,0,0,0,0,0,0,0,0,0,1,1,1,False
52,3553,-15,20944,-237,4687,-66,97063,-0,002766538,0,9994256,-0,0009107091,-0,03376253,0,0,0,0,0,0,0,0,0,0,0,0,0,0,0,0,0,0,0,0,0,0,1,1,1,False
52,36311,-15,20511,-238,17,-66,96952,-0,002766538,0,9994256,-0,0009107091,-0,03376253,0,0,0,0,0,0,0,0,0,0,0,0,0,0,0,0,0,0,0,0,0,0,1,1,1,False
52,37263,-15,19982,-239,0266,-66,96815,-0,002766538,0,9994256,-0,0009107091,-0,03376253,0,0,0,0,0,0,0,0,0,0,0,0,0,0,0,0,0,0,0,0,0,0,1,1,1,False
52,38117,-15,1951,-239,7937,-66,96693,-0,002766538,0,9994256,-0,0009107091,-0,03376253,0,0,0,0,0,0,0,0,0,0,0,0,0,0,0,0,0,0,0,0,0,0,1,1,1,False
52,39077,-15,18981,-240,6565,-66,96555,-0,002766538,0,9994256,-0,0009107091,-0,03376253,0,0,0,0,0,0,0,0,0,0,0,0,0,0,0,0,0,0,0,0,0,0,1,1,1,False
52,39948,-15,18502,-241,4397,-66,9643,-0,002766538,0,9994256,-0,0009107091,-0,03376253,0,0,0,0,0,0,0,0,0,0,0,0,0,0,0,0,0,0,0,0,0,0,1,1,1,False
52,40853,-15,18006,-242,2529,-66,96301,-0,002766538,0,9994256,-0,0009107091,-0,03376253,0,0,0,0,0,0,0,0,0,0,0,0,0,0,0,0,0,0,0,0,0,0,1,1,1,False
52,41771,-15,17504,-243,0777,-66,96168,-0,002766538,0,9994256,-0,0009107091,-0,03376253,0,0,0,0,0,0,0,0,0,0,0,0,0,0,0,0,0,0,0,0,0,0,1,1,1,False
52,42622,-15,17041,-243,8425,-66,96046,-0,002766538,0,9994256,-0,0009107091,-0,03376253,0,0,0,0,0,0,0,0,0,0,0,0,0,0,0,0,0,0,0,0,0,0,1,1,1,False
52,43661,-15,16476,-244,7763,-66,95896,-0,002766538,0,9994256,-0,0009107091,-0,03376253,0,0,0,0,0,0,0,0,0,0,0,0,0,0,0,0,0,0,0,0,0,0,1,1,1,False
52,44484,-15,1603,-245,5163,-66,95777,-0,002766538,0,9994256,-0,0009107091,-0,03376253,0,0,0,0,0,0,0,0,0,0,0,0,0,0,0,0,0,0,0,0,0,0,1,1,1,False
52,4542,-15,15525,-246,358,-66,95642,-0,002766538,0,9994256,-0,0009107091,-0,03376253,0,0,0,0,0,0,0,0,0,0,0,0,0,0,0,0,0,0,0,0,0,0,1,1,1,False
52,46248,-15,15079,-247,1019,-66,95523,-0,002766538,0,9994256,-0,0009107091,-0,03376253,0,0,0,0,0,0,0,0,0,0,0,0,0,0,0,0,0,0,0,0,0,0,1,1,1,False
52,472,-15,14568,-247,9577,-66,95386,-0,002766538,0,9994256,-0,0009107091,-0,03376253,0,0,0,0,0,0,0,0,0,0,0,0,0,0,0,0,0,0,0,0,0,0,1,1,1,False
52,48024,-15,14127,-248,698,-66,95267,-0,002766538,0,9994256,-0,0009107091,-0,03376253,0,0,0,0,0,0,0,0,0,0,0,0,0,0,0,0,0,0,0,0,0,0,1,1,1,False
52,48964,-15,13626,-249,5427,-66,95131,-0,002766538,0,9994256,-0,0009107091,-0,03376253,0,0,0,0,0,0,0,0,0,0,0,0,0,0,0,0,0,0,0,0,0,0,1,1,1,False
52,49832,-15,13164,-250,3232,-66,95005,-0,002766538,0,9994256,-0,0009107091,-0,03376253,0,0,0,0,0,0,0,0,0,0,0,0,0,0,0,0,0,0,0,0,0,0,1,1,1,False
52,50671,-15,1272,-251,0766,-66,94883,-0,002766538,0,9994256,-0,0009107091,-0,03376253,0,0,0,0,0,0,0,0,0,0,0,0,0,0,0,0,0,0,0,0,0,0,1,1,1,False
52,51751,-15,1215,-252,0477,-66,94727,-0,002766538,0,9994256,-0,0009107091,-0,03376253,0,0,0,0,0,0,0,0,0,0,0,0,0,0,0,0,0,0,0,0,0,0,1,1,1,False
52,52697,-15,11652,-252,8979,-66,94589,-0,002766538,0,9994256,-0,0009107091,-0,03376253,0,0,0,0,0,0,0,0,0,0,0,0,0,0,0,0,0,0,0,0,0,0,1,1,1,False
52,53597,-15,1118,-253,7064,-66,94459,-0,002766538,0,9994256,-0,0009107091,-0,03376253,0,0,0,0,0,0,0,0,0,0,0,0,0,0,0,0,0,0,0,0,0,0,1,1,1,False
52,5462,-15,10646,-254,6254,-66,9431,-0,002766538,0,9994256,-0,0009107091,-0,03376253,0,0,0,0,0,0,0,0,0,0,0,0,0,0,0,0,0,0,0,0,0,0,1,1,1,False
52,55655,-15,10107,-255,5557,-66,9416,-0,002766538,0,9994256,-0,0009107091,-0,03376253,0,0,0,0,0,0,0,0,0,0,0,0,0,0,0,0,0,0,0,0,0,0,1,1,1,False
52,56423,-15,09709,-256,2458,-66,94048,-0,002766538,0,9994256,-0,0009107091,-0,03376253,0,0,0,0,0,0,0,0,0,0,0,0,0,0,0,0,0,0,0,0,0,0,1,1,1,False
52,57356,-15,09226,-257,0847,-66,93912,-0,002766538,0,9994256,-0,0009107091,-0,03376253,0,0,0,0,0,0,0,0,0,0,0,0,0,0,0,0,0,0,0,0,0,0,1,1,1,False
52,58238,-15,08772,-257,8773,-66,93783,-0,002766538,0,9994256,-0,0009107091,-0,03376253,0,0,0,0,0,0,0,0,0,0,0,0,0,0,0,0,0,0,0,0,0,0,1,1,1,False
52,59204,-15,08276,-258,745,-66,93642,-0,002766538,0,9994256,-0,0009107091,-0,03376253,0,0,0,0,0,0,0,0,0,0,0,0,0,0,0,0,0,0,0,0,0,0,1,1,1,False
52,60004,-15,07867,-259,4642,-66,93525,-0,002766538,0,9994256,-0,0009107091,-0,03376253,0,0,0,0,0,0,0,0,0,0,0,0,0,0,0,0,0,0,0,0,0,0,1,1,1,False
52,60957,-15,07381,-260,3204,-66,93385,-0,002766538,0,9994256,-0,0009107091,-0,03376253,0,0,0,0,0,0,0,0,0,0,0,0,0,0,0,0,0,0,0,0,0,0,1,1,1,False
52,61785,-15,0696,-261,0649,-66,93264,-0,002766538,0,9994256,-0,0009107091,-0,03376253,0,0,0,0,0,0,0,0,0,0,0,0,0,0,0,0,0,0,0,0,0,0,1,1,1,False
52,62645,-15,06524,-261,8381,-66,93137,-0,002766538,0,9994256,-0,0009107091,-0,03376253,0,0,0,0,0,0,0,0,0,0,0,0,0,0,0,0,0,0,0,0,0,0,1,1,1,False
52,63558,-15,06064,-262,6582,-66,93004,-0,002766538,0,9994256,-0,0009107091,-0,03376253,0,0,0,0,0,0,0,0,0,0,0,0,0,0,0,0,0,0,0,0,0,0,1,1,1,False
52,6439,-15,05645,-263,4064,-66,92882,-0,002766538,0,9994256,-0,0009107091,-0,03376253,0,0,0,0,0,0,0,0,0,0,0,0,0,0,0,0,0,0,0,0,0,0,1,1,1,False
52,65295,-15,05192,-264,2197,-66,92749,-0,002766538,0,9994256,-0,0009107091,-0,03376253,0,0,0,0,0,0,0,0,0,0,0,0,0,0,0,0,0,0,0,0,0,0,1,1,1,False
52,66119,-15,0478,-264,9605,-66,92628,-0,002766538,0,9994256,-0,0009107091,-0,03376253,0,0,0,0,0,0,0,0,0,0,0,0,0,0,0,0,0,0,0,0,0,0,1,1,1,False
52,67064,-15,0431,-265,8092,-66,92489,-0,002766538,0,9994256,-0,0009107091,-0,03376253,0,0,0,0,0,0,0,0,0,0,0,0,0,0,0,0,0,0,0,0,0,0,1,1,1,False
52,67991,-15,0385,-266,6426,-66,92352,-0,002766538,0,9994256,-0,0009107091,-0,03376253,0,0,0,0,0,0,0,0,0,0,0,0,0,0,0,0,0,0,0,0,0,0,1,1,1,False
52,6881,-15,03446,-267,3782,-66,92231,-0,002766538,0,9994256,-0,0009107091,-0,03376253,0,0,0,0,0,0,0,0,0,0,0,0,0,0,0,0,0,0,0,0,0,0,1,1,1,False
52,69897,-15,02911,-268,3561,-66,92071,-0,002766538,0,9994256,-0,0009107091,-0,03376253,0,0,0,0,0,0,0,0,0,0,0,0,0,0,0,0,0,0,0,0,0,0,1,1,1,False
52,70755,-15,0249,-269,1263,-66,91944,-0,002766538,0,9994256,-0,0009107091,-0,03376253,0,0,0,0,0,0,0,0,0,0,0,0,0,0,0,0,0,0,0,0,0,0,1,1,1,False
52,71744,-15,02007,-270,0158,-66,91798,-0,002766538,0,9994256,-0,0009107091,-0,03376253,0,0,0,0,0,0,0,0,0,0,0,0,0,0,0,0,0,0,0,0,0,0,1,1,1,False
52,72578,-15,01601,-270,7654,-66,91674,-0,002766538,0,9994256,-0,0009107091,-0,03376253,0,0,0,0,0,0,0,0,0,0,0,0,0,0,0,0,0,0,0,0,0,0,1,1,1,False
52,73599,-15,01106,-271,6831,-66,91523,-0,002766538,0,9994256,-0,0009107091,-0,03376253,0,0,0,0,0,0,0,0,0,0,0,0,0,0,0,0,0,0,0,0,0,0,1,1,1,False
52,74349,-15,00744,-272,3568,-66,91412,-0,002766538,0,9994256,-0,0009107091,-0,03376253,0,0,0,0,0,0,0,0,0,0,0,0,0,0,0,0,0,0,0,0,0,0,1,1,1,False
52,7526,-15,00305,-273,1755,-66,91277,-0,002766538,0,9994256,-0,0009107091,-0,03376253,0,0,0,0,0,0,0,0,0,0,0,0,0,0,0,0,0,0,0,0,0,0,1,1,1,False
52,76067,-14,99918,-273,9014,-66,91157,-0,002766538,0,9994256,-0,0009107091,-0,03376253,0,0,0,0,0,0,0,0,0,0,0,0,0,0,0,0,0,0,0,0,0,0,1,1,1,False
52,7709,-14,99429,-274,8207,-66,91005,-0,002766538,0,9994256,-0,0009107091,-0,03376253,0,0,0,0,0,0,0,0,0,0,0,0,0,0,0,0,0,0,0,0,0,0,1,1,1,False
52,77968,-14,99011,-275,6098,-66,90874,-0,002766538,0,9994256,-0,0009107091,-0,03376253,0,0,0,0,0,0,0,0,0,0,0,0,0,0,0,0,0,0,0,0,0,0,1,1,1,False
52,79055,-14,98495,-276,5865,-66,90714,-0,002766538,0,9994256,-0,0009107091,-0,03376253,0,0,0,0,0,0,0,0,0,0,0,0,0,0,0,0,0,0,0,0,0,0,1,1,1,False
52,80073,-14,98014,-277,5016,-66,90562,-0,002766538,0,9994256,-0,0009107091,-0,03376253,0,0,0,0,0,0,0,0,0,0,0,0,0,0,0,0,0,0,0,0,0,0,1,1,1,False
52,8098,-14,97587,-278,3173,-66,90427,-0,002766538,0,9994256,-0,0009107091,-0,03376253,0,0,0,0,0,0,0,0,0,0,0,0,0,0,0,0,0,0,0,0,0,0,1,1,1,False
52,81827,-14,97191,-279,0781,-66,903,-0,002766538,0,9994256,-0,0009107091,-0,03376253,0,0,0,0,0,0,0,0,0,0,0,0,0,0,0,0,0,0,0,0,0,0,1,1,1,False
52,82767,-14,96751,-279,9236,-66,9016,-0,002766538,0,9994256,-0,0009107091,-0,03376253,0,0,0,0,0,0,0,0,0,0,0,0,0,0,0,0,0,0,0,0,0,0,1,1,1,False
52,83751,-14,96294,-280,8073,-66,90014,-0,002766538,0,9994256,-0,0009107091,-0,03376253,0,0,0,0,0,0,0,0,0,0,0,0,0,0,0,0,0,0,0,0,0,0,1,1,1,False
52,84583,-14,95907,-281,5559,-66,8989,-0,002766538,0,9994256,-0,0009107091,-0,03376253,0,0,0,0,0,0,0,0,0,0,0,0,0,0,0,0,0,0,0,0,0,0,1,1,1,False
52,85501,-14,95483,-282,3812,-66,89752,-0,002766538,0,9994256,-0,0009107091,-0,03376253,0,0,0,0,0,0,0,0,0,0,0,0,0,0,0,0,0,0,0,0,0,0,1,1,1,False
52,86359,-14,95088,-283,1526,-66,89624,-0,002766538,0,9994256,-0,0009107091,-0,03376253,0,0,0,0,0,0,0,0,0,0,0,0,0,0,0,0,0,0,0,0,0,0,1,1,1,False
52,87257,-14,94676,-283,9597,-66,89489,-0,002766538,0,9994256,-0,0009107091,-0,03376253,0,0,0,0,0,0,0,0,0,0,0,0,0,0,0,0,0,0,0,0,0,0,1,1,1,False
52,88212,-14,94239,-284,8184,-66,89346,-0,002766538,0,9994256,-0,0009107091,-0,03376253,0,0,0,0,0,0,0,0,0,0,0,0,0,0,0,0,0,0,0,0,0,0,1,1,1,False
52,89267,-14,93758,-285,7669,-66,89188,-0,002766538,0,9994256,-0,0009107091,-0,03376253,0,0,0,0,0,0,0,0,0,0,0,0,0,0,0,0,0,0,0,0,0,0,1,1,1,False
52,90098,-14,93381,-286,5135,-66,89063,-0,002766538,0,9994256,-0,0009107091,-0,03376253,0,0,0,0,0,0,0,0,0,0,0,0,0,0,0,0,0,0,0,0,0,0,1,1,1,False
52,91023,-14,92962,-287,3455,-66,88924,-0,002766538,0,9994256,-0,0009107091,-0,03376253,0,0,0,0,0,0,0,0,0,0,0,0,0,0,0,0,0,0,0,0,0,0,1,1,1,False
52,91856,-14,92587,-288,094,-66,888,-0,002766538,0,9994256,-0,0009107091,-0,03376253,0,0,0,0,0,0,0,0,0,0,0,0,0,0,0,0,0,0,0,0,0,0,1,1,1,False
52,92811,-14,92158,-288,953,-66,88656,-0,002766538,0,9994256,-0,0009107091,-0,03376253,0,0,0,0,0,0,0,0,0,0,0,0,0,0,0,0,0,0,0,0,0,0,1,1,1,False
52,93711,-14,91754,-289,7625,-66,88521,-0,002766538,0,9994256,-0,0009107091,-0,03376253,0,0,0,0,0,0,0,0,0,0,0,0,0,0,0,0,0,0,0,0,0,0,1,1,1,False
52,94485,-14,91409,-290,4583,-66,88404,-0,002766538,0,9994256,-0,0009107091,-0,03376253,0,0,0,0,0,0,0,0,0,0,0,0,0,0,0,0,0,0,0,0,0,0,1,1,1,False
52,95356,-14,91021,-291,2415,-66,88273,-0,002766538,0,9994256,-0,0009107091,-0,03376253,0,0,0,0,0,0,0,0,0,0,0,0,0,0,0,0,0,0,0,0,0,0,1,1,1,False
52,96168,-14,9066,-291,972,-66,8815,-0,002766538,0,9994256,-0,0009107091,-0,03376253,0,0,0,0,0,0,0,0,0,0,0,0,0,0,0,0,0,0,0,0,0,0,1,1,1,False
52,97027,-14,9028,-292,7441,-66,8802,-0,002766538,0,9994256,-0,0009107091,-0,03376253,0,0,0,0,0,0,0,0,0,0,0,0,0,0,0,0,0,0,0,0,0,0,1,1,1,False
52,97919,-14,89887,-293,5463,-66,87886,-0,002766538,0,9994256,-0,0009107091,-0,03376253,0,0,0,0,0,0,0,0,0,0,0,0,0,0,0,0,0,0,0,0,0,0,1,1,1,False
52,98703,-14,89542,-294,2519,-66,87767,-0,002766538,0,9994256,-0,0009107091,-0,03376253,0,0,0,0,0,0,0,0,0,0,0,0,0,0,0,0,0,0,0,0,0,0,1,1,1,False
52,99519,-14,89184,-294,9857,-66,87644,-0,002766538,0,9994256,-0,0009107091,-0,03376253,0,0,0,0,0,0,0,0,0,0,0,0,0,0,0,0,0,0,0,0,0,0,1,1,1,False
53,00302,-14,88842,-295,6892,-66,87525,-0,002766538,0,9994256,-0,0009107091,-0,03376253,0,0,0,0,0,0,0,0,0,0,0,0,0,0,0,0,0,0,0,0,0,0,1,1,1,False
53,01303,-14,88405,-296,5896,-66,87374,-0,002766538,0,9994256,-0,0009107091,-0,03376253,0,0,0,0,0,0,0,0,0,0,0,0,0,0,0,0,0,0,0,0,0,0,1,1,1,False
53,02144,-14,88039,-297,346,-66,87247,-0,002766538,0,9994256,-0,0009107091,-0,03376253,0,0,0,0,0,0,0,0,0,0,0,0,0,0,0,0,0,0,0,0,0,0,1,1,1,False
53,03011,-14,87663,-298,1262,-66,87115,-0,002766538,0,9994256,-0,0009107091,-0,03376253,0,0,0,0,0,0,0,0,0,0,0,0,0,0,0,0,0,0,0,0,0,0,1,1,1,False
53,0375,-14,87344,-298,7906,-66,87003,-0,002766538,0,9994256,-0,0009107091,-0,03376253,0,0,0,0,0,0,0,0,0,0,0,0,0,0,0,0,0,0,0,0,0,0,1,1,1,False
53,04512,-14,87015,-299,476,-66,86887,-0,002766538,0,9994256,-0,0009107091,-0,03376253,0,0,0,0,0,0,0,0,0,0,0,0,0,0,0,0,0,0,0,0,0,0,1,1,1,False
53,05338,-14,86659,-300,2197,-66,86762,-0,002766538,0,9994256,-0,0009107091,-0,03376253,0,0,0,0,0,0,0,0,0,0,0,0,0,0,0,0,0,0,0,0,0,0,1,1,1,False
53,06094,-14,86335,-300,8995,-66,86647,-0,002766538,0,9994256,-0,0009107091,-0,03376253,0,0,0,0,0,0,0,0,0,0,0,0,0,0,0,0,0,0,0,0,0,0,1,1,1,False
53,06919,-14,85981,-301,6422,-66,86522,-0,002766538,0,9994256,-0,0009107091,-0,03376253,0,0,0,0,0,0,0,0,0,0,0,0,0,0,0,0,0,0,0,0,0,0,1,1,1,False
53,07687,-14,85653,-302,3328,-66,86404,-0,002766538,0,9994256,-0,0009107091,-0,03376253,0,0,0,0,0,0,0,0,0,0,0,0,0,0,0,0,0,0,0,0,0,0,1,1,1,False
53,08451,-14,85328,-303,0199,-66,86288,-0,002766538,0,9994256,-0,0009107091,-0,03376253,0,0,0,0,0,0,0,0,0,0,0,0,0,0,0,0,0,0,0,0,0,0,1,1,1,False
53,09291,-14,8497,-303,7753,-66,86161,-0,002766538,0,9994256,-0,0009107091,-0,03376253,0,0,0,0,0,0,0,0,0,0,0,0,0,0,0,0,0,0,0,0,0,0,1,1,1,False
53,10025,-14,84659,-304,4358,-66,8605,-0,002766538,0,9994256,-0,0009107091,-0,03376253,0,0,0,0,0,0,0,0,0,0,0,0,0,0,0,0,0,0,0,0,0,0,1,1,1,False
53,10859,-14,84306,-305,1867,-66,85922,-0,002766538,0,9994256,-0,0009107091,-0,03376253,0,0,0,0,0,0,0,0,0,0,0,0,0,0,0,0,0,0,0,0,0,0,1,1,1,False
53,11608,-14,83989,-305,8606,-66,85808,-0,002766538,0,9994256,-0,0009107091,-0,03376253,0,0,0,0,0,0,0,0,0,0,0,0,0,0,0,0,0,0,0,0,0,0,1,1,1,False
53,12388,-14,8366,-306,5623,-66,8569,-0,002766538,0,9994256,-0,0009107091,-0,03376253,0,0,0,0,0,0,0,0,0,0,0,0,0,0,0,0,0,0,0,0,0,0,1,1,1,False
53,13272,-14,83289,-307,3577,-66,85555,-0,002766538,0,9994256,-0,0009107091,-0,03376253,0,0,0,0,0,0,0,0,0,0,0,0,0,0,0,0,0,0,0,0,0,0,1,1,1,False
53,1405,-14,82962,-308,0579,-66,85436,-0,002766538,0,9994256,-0,0009107091,-0,03376253,0,0,0,0,0,0,0,0,0,0,0,0,0,0,0,0,0,0,0,0,0,0,1,1,1,False
53,14897,-14,82607,-308,8194,-66,85307,-0,002766538,0,9994256,-0,0009107091,-0,03376253,0,0,0,0,0,0,0,0,0,0,0,0,0,0,0,0,0,0,0,0,0,0,1,1,1,False
53,15656,-14,8229,-309,5025,-66,85191,-0,002766538,0,9994256,-0,0009107091,-0,03376253,0,0,0,0,0,0,0,0,0,0,0,0,0,0,0,0,0,0,0,0,0,0,1,1,1,False
53,16401,-14,81979,-310,1729,-66,85077,-0,002766538,0,9994256,-0,0009107091,-0,03376253,0,0,0,0,0,0,0,0,0,0,0,0,0,0,0,0,0,0,0,0,0,0,1,1,1,False
53,17258,-14,81622,-310,9443,-66,84946,-0,002766538,0,9994256,-0,0009107091,-0,03376253,0,0,0,0,0,0,0,0,0,0,0,0,0,0,0,0,0,0,0,0,0,0,1,1,1,False
53,18068,-14,81286,-311,6734,-66,84822,-0,002766538,0,9994256,-0,0009107091,-0,03376253,0,0,0,0,0,0,0,0,0,0,0,0,0,0,0,0,0,0,0,0,0,0,1,1,1,False
53,18962,-14,80915,-312,478,-66,84686,-0,002766538,0,9994256,-0,0009107091,-0,03376253,0,0,0,0,0,0,0,0,0,0,0,0,0,0,0,0,0,0,0,0,0,0,1,1,1,False
53,19702,-14,80608,-313,1433,-66,84573,-0,002766538,0,9994256,-0,0009107091,-0,03376253,0,0,0,0,0,0,0,0,0,0,0,0,0,0,0,0,0,0,0,0,0,0,1,1,1,False
53,20525,-14,80268,-313,8844,-66,84447,-0,002766538,0,9994256,-0,0009107091,-0,03376253,0,0,0,0,0,0,0,0,0,0,0,0,0,0,0,0,0,0,0,0,0,0,1,1,1,False
53,21587,-14,7983,-314,8394,-66,84284,-0,002766538,0,9994256,-0,0009107091,-0,03376253,0,0,0,0,0,0,0,0,0,0,0,0,0,0,0,0,0,0,0,0,0,0,1,1,1,False
53,22523,-14,79444,-315,6827,-66,84141,-0,002766538,0,9994256,-0,0009107091,-0,03376253,0,0,0,0,0,0,0,0,0,0,0,0,0,0,0,0,0,0,0,0,0,0,1,1,1,False
53,23475,-14,79053,-316,5392,-66,83995,-0,002766538,0,9994256,-0,0009107091,-0,03376253,0,0,0,0,0,0,0,0,0,0,0,0,0,0,0,0,0,0,0,0,0,0,1,1,1,False
53,24211,-14,78751,-317,2016,-66,83882,-0,002766538,0,9994256,-0,0009107091,-0,03376253,0,0,0,0,0,0,0,0,0,0,0,0,0,0,0,0,0,0,0,0,0,0,1,1,1,False
53,25057,-14,78404,-317,9632,-66,83752,-0,002766538,0,9994256,-0,0009107091,-0,03376253,0,0,0,0,0,0,0,0,0,0,0,0,0,0,0,0,0,0,0,0,0,0,1,1,1,False
53,29954,-14,76405,-322,3722,-66,83,-0,002766538,0,9994256,-0,0009107091,-0,03376253,0,0,0,0,0,0,0,0,0,0,0,0,0,0,0,0,0,0,0,0,0,0,1,1,1,False

