Time,HMD_Position_x,HMD_Position_y,HMD_Position_z,HMD_Rotation_x,HMD_Rotation_y,HMD_Rotation_z,HMD_Rotation_w,Left_Position_x,Left_Position_y,Left_Position_z,Right_Position_x,Right_Position_y,Right_Position_z,Left_Gaze_Origin.x,Left_Gaze_Origin.y,Left_Gaze_Origin.z,Right_Gaze_Origin.x,Right_Gaze_Origin.y,Right_Gaze_Origin.z,Left_Gaze_Direction_x,Left_Gaze_Direction_y,Left_Gaze_Direction_z,Right_Gaze_Direction_x,Right_Gaze_Direction_y,Right_Gaze_Direction_z,Left_Pupil_Diameter,Right_Pupil_Diameter,Left_Openness,Right_Openness,ArtificialBlink_Flag,RBlinkCount,LBlinkCount,BrowerFlag
0,01999999,-10,48907,1,776018,-1,37557,-0,002654806,0,9902614,-0,001197969,-0,1391898,0,0,0,0,0,0,0,0,0,0,0,0,0,0,0,0,0,0,0,0,0,0,1,1,1,False
0,03999998,-10,48907,1,76817,-1,37557,-0,002654806,0,9902614,-0,001197969,-0,1391898,0,0,0,0,0,0,0,0,0,0,0,0,0,0,0,0,0,0,0,0,0,0,1,1,1,False
0,1027653,-10,48907,1,704896,-1,37557,-0,002654806,0,9902614,-0,001197969,-0,1391898,0,0,0,0,0,0,0,0,0,0,0,0,0,0,0,0,0,0,0,0,0,0,1,1,1,False
0,1249572,-10,48907,1,704896,-1,37557,-0,002654806,0,9902614,-0,001197969,-0,1391898,0,0,0,0,0,0,0,0,0,0,0,0,0,0,0,0,0,0,0,0,0,0,1,1,1,False
0,1393679,-10,48907,1,704896,-1,37557,-0,002654806,0,9902614,-0,001197969,-0,1391898,0,0,0,0,0,0,0,0,0,0,0,0,0,0,0,0,0,0,0,0,0,0,1,1,1,False
0,1529865,-10,48907,1,704896,-1,37557,-0,002654806,0,9902614,-0,001197969,-0,1391898,0,0,0,0,0,0,0,0,0,0,0,0,0,0,0,0,0,0,0,0,0,0,1,1,1,False
0,165971,-10,48907,1,704896,-1,37557,-0,002654806,0,9902614,-0,001197969,-0,1391898,0,0,0,0,0,0,0,0,0,0,0,0,0,0,0,0,0,0,0,0,0,0,1,1,1,False
0,179108,-10,48907,1,704896,-1,37557,-0,002654806,0,9902614,-0,001197969,-0,1391898,0,0,0,0,0,0,0,0,0,0,0,0,0,0,0,0,0,0,0,0,0,0,1,1,1,False
0,1912661,-10,48907,1,704896,-1,37557,-0,002654806,0,9902614,-0,001197969,-0,1391898,0,0,0,0,0,0,0,0,0,0,0,0,0,0,0,0,0,0,0,0,0,0,1,1,1,False
0,2043348,-10,48907,1,704896,-1,37557,-0,002654806,0,9902614,-0,001197969,-0,1391898,0,0,0,0,0,0,0,0,0,0,0,0,0,0,0,0,0,0,0,0,0,0,1,1,1,False
0,2185027,-10,48907,1,704896,-1,37557,-0,002654806,0,9902614,-0,001197969,-0,1391898,0,0,0,0,0,0,0,0,0,0,0,0,0,0,0,0,0,0,0,0,0,0,1,1,1,False
0,2320569,-10,48907,1,704896,-1,37557,-0,002654806,0,9902614,-0,001197969,-0,1391898,0,0,0,0,0,0,0,0,0,0,0,0,0,0,0,0,0,0,0,0,0,0,1,1,1,False
0,2450116,-10,48907,1,704896,-1,37557,-0,002654806,0,9902614,-0,001197969,-0,1391898,0,0,0,0,0,0,0,0,0,0,0,0,0,0,0,0,0,0,0,0,0,0,1,1,1,False
0,2583577,-10,48907,1,704896,-1,37557,-0,002654806,0,9902614,-0,001197969,-0,1391898,0,0,0,0,0,0,0,0,0,0,0,0,0,0,0,0,0,0,0,0,0,0,1,1,1,False
0,2710411,-10,48907,1,704896,-1,37557,-0,002654806,0,9902614,-0,001197969,-0,1391898,0,0,0,0,0,0,0,0,0,0,0,0,0,0,0,0,0,0,0,0,0,0,1,1,1,False
0,2845093,-10,48907,1,704896,-1,37557,-0,002654806,0,9902614,-0,001197969,-0,1391898,0,0,0,0,0,0,0,0,0,0,0,0,0,0,0,0,0,0,0,0,0,0,1,1,1,False
0,2976995,-10,48907,1,704896,-1,37557,-0,002654806,0,9902614,-0,001197969,-0,1391898,0,0,0,0,0,0,0,0,0,0,0,0,0,0,0,0,0,0,0,0,0,0,1,1,1,False
0,3099512,-10,48907,1,704896,-1,37557,-0,002654806,0,9902614,-0,001197969,-0,1391898,0,0,0,0,0,0,0,0,0,0,0,0,0,0,0,0,0,0,0,0,0,0,1,1,1,False
0,3229862,-10,48907,1,704896,-1,37557,-0,002654806,0,9902614,-0,001197969,-0,1391898,0,0,0,0,0,0,0,0,0,0,0,0,0,0,0,0,0,0,0,0,0,0,1,1,1,False
0,3361167,-10,48907,1,704896,-1,37557,-0,002654806,0,9902614,-0,001197969,-0,1391898,0,0,0,0,0,0,0,0,0,0,0,0,0,0,0,0,0,0,0,0,0,0,1,1,1,False
0,348705,-10,48907,1,704896,-1,37557,-0,002654806,0,9902614,-0,001197969,-0,1391898,0,0,0,0,0,0,0,0,0,0,0,0,0,0,0,0,0,0,0,0,0,0,1,1,1,False
0,3621439,-10,48907,1,704896,-1,37557,-0,002654806,0,9902614,-0,001197969,-0,1391898,0,0,0,0,0,0,0,0,0,0,0,0,0,0,0,0,0,0,0,0,0,0,1,1,1,False
0,3752984,-10,48907,1,704896,-1,37557,-0,002654806,0,9902614,-0,001197969,-0,1391898,0,0,0,0,0,0,0,0,0,0,0,0,0,0,0,0,0,0,0,0,0,0,1,1,1,False
0,38776,-10,48907,1,704896,-1,37557,-0,002654806,0,9902614,-0,001197969,-0,1391898,0,0,0,0,0,0,0,0,0,0,0,0,0,0,0,0,0,0,0,0,0,0,1,1,1,False
0,4009815,-10,48907,1,704896,-1,37557,-0,002654806,0,9902614,-0,001197969,-0,1391898,0,0,0,0,0,0,0,0,0,0,0,0,0,0,0,0,0,0,0,0,0,0,1,1,1,False
0,4145433,-10,48907,1,704896,-1,37557,-0,002654806,0,9902614,-0,001197969,-0,1391898,0,0,0,0,0,0,0,0,0,0,0,0,0,0,0,0,0,0,0,0,0,0,1,1,1,False
0,4269533,-10,48907,1,704896,-1,37557,-0,002654806,0,9902614,-0,001197969,-0,1391898,0,0,0,0,0,0,0,0,0,0,0,0,0,0,0,0,0,0,0,0,0,0,1,1,1,False
0,4401419,-10,48907,1,704896,-1,37557,-0,002654806,0,9902614,-0,001197969,-0,1391898,0,0,0,0,0,0,0,0,0,0,0,0,0,0,0,0,0,0,0,0,0,0,1,1,1,False
0,453413,-10,48907,1,704896,-1,37557,-0,002654806,0,9902614,-0,001197969,-0,1391898,0,0,0,0,0,0,0,0,0,0,0,0,0,0,0,0,0,0,0,0,0,0,1,1,1,False
0,4654429,-10,48907,1,704896,-1,37557,-0,002654806,0,9902614,-0,001197969,-0,1391898,0,0,0,0,0,0,0,0,0,0,0,0,0,0,0,0,0,0,0,0,0,0,1,1,1,False
0,4783942,-10,48907,1,704896,-1,37557,-0,002654806,0,9902614,-0,001197969,-0,1391898,0,0,0,0,0,0,0,0,0,0,0,0,0,0,0,0,0,0,0,0,0,0,1,1,1,False
0,4904339,-10,48907,1,704896,-1,37557,-0,002654806,0,9902614,-0,001197969,-0,1391898,0,0,0,0,0,0,0,0,0,0,0,0,0,0,0,0,0,0,0,0,0,0,1,1,1,False
0,5033798,-10,48907,1,704896,-1,37557,-0,002654806,0,9902614,-0,001197969,-0,1391898,0,0,0,0,0,0,0,0,0,0,0,0,0,0,0,0,0,0,0,0,0,0,1,1,1,False
0,5163156,-10,48907,1,704896,-1,37557,-0,002654806,0,9902614,-0,001197969,-0,1391898,0,0,0,0,0,0,0,0,0,0,0,0,0,0,0,0,0,0,0,0,0,0,1,1,1,False
0,5284595,-10,48907,1,704896,-1,37557,-0,002654806,0,9902614,-0,001197969,-0,1391898,0,0,0,0,0,0,0,0,0,0,0,0,0,0,0,0,0,0,0,0,0,0,1,1,1,False
0,5414147,-10,48907,1,704896,-1,37557,-0,002654806,0,9902614,-0,001197969,-0,1391898,0,0,0,0,0,0,0,0,0,0,0,0,0,0,0,0,0,0,0,0,0,0,1,1,1,False
0,554211,-10,48907,1,704896,-1,37557,-0,002654806,0,9902614,-0,001197969,-0,1391898,0,0,0,0,0,0,0,0,0,0,0,0,0,0,0,0,0,0,0,0,0,0,1,1,1,False
0,5663712,-10,48907,1,704896,-1,37557,-0,002654806,0,9902614,-0,001197969,-0,1391898,0,0,0,0,0,0,0,0,0,0,0,0,0,0,0,0,0,0,0,0,0,0,1,1,1,False
0,5795655,-10,48907,1,704896,-1,37557,-0,002654806,0,9902614,-0,001197969,-0,1391898,0,0,0,0,0,0,0,0,0,0,0,0,0,0,0,0,0,0,0,0,0,0,1,1,1,False
0,5915226,-10,48907,1,704896,-1,37557,-0,002654806,0,9902614,-0,001197969,-0,1391898,0,0,0,0,0,0,0,0,0,0,0,0,0,0,0,0,0,0,0,0,0,0,1,1,1,False
0,6044501,-10,48907,1,704896,-1,37557,-0,002654806,0,9902614,-0,001197969,-0,1391898,0,0,0,0,0,0,0,0,0,0,0,0,0,0,0,0,0,0,0,0,0,0,1,1,1,False
0,6181449,-10,48907,1,704896,-1,37557,-0,002654806,0,9902614,-0,001197969,-0,1391898,0,0,0,0,0,0,0,0,0,0,0,0,0,0,0,0,0,0,0,0,0,0,1,1,1,False
0,6302979,-10,48907,1,704896,-1,37557,-0,002654806,0,9902614,-0,001197969,-0,1391898,0,0,0,0,0,0,0,0,0,0,0,0,0,0,0,0,0,0,0,0,0,0,1,1,1,False
0,6431888,-10,48907,1,704896,-1,37557,-0,002654806,0,9902614,-0,001197969,-0,1391898,0,0,0,0,0,0,0,0,0,0,0,0,0,0,0,0,0,0,0,0,0,0,1,1,1,False
0,6561304,-10,48907,1,704896,-1,37557,-0,002654806,0,9902614,-0,001197969,-0,1391898,0,0,0,0,0,0,0,0,0,0,0,0,0,0,0,0,0,0,0,0,0,0,1,1,1,False
0,6680646,-10,48907,1,704896,-1,37557,-0,002654806,0,9902614,-0,001197969,-0,1391898,0,0,0,0,0,0,0,0,0,0,0,0,0,0,0,0,0,0,0,0,0,0,1,1,1,False
0,6808423,-10,48907,1,704896,-1,37557,-0,002654806,0,9902614,-0,001197969,-0,1391898,0,0,0,0,0,0,0,0,0,0,0,0,0,0,0,0,0,0,0,0,0,0,1,1,1,False
0,693838,-10,48907,1,704896,-1,37557,-0,002654806,0,9902614,-0,001197969,-0,1391898,0,0,0,0,0,0,0,0,0,0,0,0,0,0,0,0,0,0,0,0,0,0,1,1,1,False
0,70573,-10,48907,1,704896,-1,37557,-0,002654806,0,9902614,-0,001197969,-0,1391898,0,0,0,0,0,0,0,0,0,0,0,0,0,0,0,0,0,0,0,0,0,0,1,1,1,False
0,7186455,-10,48907,1,704896,-1,37557,-0,002654806,0,9902614,-0,001197969,-0,1391898,0,0,0,0,0,0,0,0,0,0,0,0,0,0,0,0,0,0,0,0,0,0,1,1,1,False
0,7305994,-10,48907,1,704896,-1,37557,-0,002654806,0,9902614,-0,001197969,-0,1391898,0,0,0,0,0,0,0,0,0,0,0,0,0,0,0,0,0,0,0,0,0,0,1,1,1,False
0,743721,-10,48907,1,704896,-1,37557,-0,002654806,0,9902614,-0,001197969,-0,1391898,0,0,0,0,0,0,0,0,0,0,0,0,0,0,0,0,0,0,0,0,0,0,1,1,1,False
0,7564253,-10,48907,1,704896,-1,37557,-0,002654806,0,9902614,-0,001197969,-0,1391898,0,0,0,0,0,0,0,0,0,0,0,0,0,0,0,0,0,0,0,0,0,0,1,1,1,False
0,7682079,-10,48907,1,704896,-1,37557,-0,002654806,0,9902614,-0,001197969,-0,1391898,0,0,0,0,0,0,0,0,0,0,0,0,0,0,0,0,0,0,0,0,0,0,1,1,1,False
0,7809207,-10,48907,1,704896,-1,37557,-0,002654806,0,9902614,-0,001197969,-0,1391898,0,0,0,0,0,0,0,0,0,0,0,0,0,0,0,0,0,0,0,0,0,0,1,1,1,False
0,7934022,-10,48907,1,704896,-1,37557,-0,002654806,0,9902614,-0,001197969,-0,1391898,0,0,0,0,0,0,0,0,0,0,0,0,0,0,0,0,0,0,0,0,0,0,1,1,1,False
0,8050906,-10,48907,1,704896,-1,37557,-0,002654806,0,9902614,-0,001197969,-0,1391898,0,0,0,0,0,0,0,0,0,0,0,0,0,0,0,0,0,0,0,0,0,0,1,1,1,False
0,8176909,-10,48907,1,704896,-1,37557,-0,002654806,0,9902614,-0,001197969,-0,1391898,0,0,0,0,0,0,0,0,0,0,0,0,0,0,0,0,0,0,0,0,0,0,1,1,1,False
0,829495,-10,48907,1,704896,-1,37557,-0,002654806,0,9902614,-0,001197969,-0,1391898,0,0,0,0,0,0,0,0,0,0,0,0,0,0,0,0,0,0,0,0,0,0,1,1,1,False
0,8420156,-10,48907,1,704896,-1,37557,-0,002654806,0,9902614,-0,001197969,-0,1391898,0,0,0,0,0,0,0,0,0,0,0,0,0,0,0,0,0,0,0,0,0,0,1,1,1,False
0,8544473,-10,48907,1,704896,-1,37557,-0,002654806,0,9902614,-0,001197969,-0,1391898,0,0,0,0,0,0,0,0,0,0,0,0,0,0,0,0,0,0,0,0,0,0,1,1,1,False
0,8659696,-10,48907,1,704896,-1,37557,-0,002654806,0,9902614,-0,001197969,-0,1391898,0,0,0,0,0,0,0,0,0,0,0,0,0,0,0,0,0,0,0,0,0,0,1,1,1,False
0,8784015,-10,48907,1,704896,-1,37557,-0,002654806,0,9902614,-0,001197969,-0,1391898,0,0,0,0,0,0,0,0,0,0,0,0,0,0,0,0,0,0,0,0,0,0,1,1,1,False
0,8898867,-10,48907,1,704896,-1,37557,-0,002654806,0,9902614,-0,001197969,-0,1391898,0,0,0,0,0,0,0,0,0,0,0,0,0,0,0,0,0,0,0,0,0,0,1,1,1,False
0,9020875,-10,48907,1,704896,-1,37557,-0,002654806,0,9902614,-0,001197969,-0,1391898,0,0,0,0,0,0,0,0,0,0,0,0,0,0,0,0,0,0,0,0,0,0,1,1,1,False
0,9143714,-10,48907,1,704896,-1,37557,-0,002654806,0,9902614,-0,001197969,-0,1391898,0,0,0,0,0,0,0,0,0,0,0,0,0,0,0,0,0,0,0,0,0,0,1,1,1,False
0,9260602,-10,48907,1,704896,-1,37557,-0,002654806,0,9902614,-0,001197969,-0,1391898,0,0,0,0,0,0,0,0,0,0,0,0,0,0,0,0,0,0,0,0,0,0,1,1,1,False
0,9385442,-10,48907,1,704896,-1,37557,-0,002654806,0,9902614,-0,001197969,-0,1391898,0,0,0,0,0,0,0,0,0,0,0,0,0,0,0,0,0,0,0,0,0,0,1,1,1,False
0,9502984,-10,48907,1,704896,-1,37557,-0,002654806,0,9902614,-0,001197969,-0,1391898,0,0,0,0,0,0,0,0,0,0,0,0,0,0,0,0,0,0,0,0,0,0,1,1,1,False
0,9630862,-10,48907,1,704896,-1,37557,-0,002654806,0,9902614,-0,001197969,-0,1391898,0,0,0,0,0,0,0,0,0,0,0,0,0,0,0,0,0,0,0,0,0,0,1,1,1,False
0,9754946,-10,48907,1,704896,-1,37557,-0,002654806,0,9902614,-0,001197969,-0,1391898,0,0,0,0,0,0,0,0,0,0,0,0,0,0,0,0,0,0,0,0,0,0,1,1,1,False
0,9872116,-10,48907,1,704896,-1,37557,-0,002654806,0,9902614,-0,001197969,-0,1391898,0,0,0,0,0,0,0,0,0,0,0,0,0,0,0,0,0,0,0,0,0,0,1,1,1,False
0,9995242,-10,48907,1,704896,-1,37557,-0,002654806,0,9902614,-0,001197969,-0,1391898,0,0,0,0,0,0,0,0,0,0,0,0,0,0,0,0,0,0,0,0,0,0,1,1,1,False
1,010982,-10,48907,1,704896,-1,37557,-0,002654806,0,9902614,-0,001197969,-0,1391898,0,0,0,0,0,0,0,0,0,0,0,0,0,0,0,0,0,0,0,0,0,0,1,1,1,False
1,023375,-10,48907,1,704896,-1,37557,-0,002654806,0,9902614,-0,001197969,-0,1391898,0,0,0,0,0,0,0,0,0,0,0,0,0,0,0,0,0,0,0,0,0,0,1,1,1,False
1,035769,-10,48907,1,704896,-1,37557,-0,002654806,0,9902614,-0,001197969,-0,1391898,0,0,0,0,0,0,0,0,0,0,0,0,0,0,0,0,0,0,0,0,0,0,1,1,1,False
1,04745,-10,48907,1,704896,-1,37557,-0,002654806,0,9902614,-0,001197969,-0,1391898,0,0,0,0,0,0,0,0,0,0,0,0,0,0,0,0,0,0,0,0,0,0,1,1,1,False
1,060121,-10,48907,1,704896,-1,37557,-0,002654806,0,9902614,-0,001197969,-0,1391898,0,0,0,0,0,0,0,0,0,0,0,0,0,0,0,0,0,0,0,0,0,0,1,1,1,False
1,072579,-10,48907,1,704896,-1,37557,-0,002654806,0,9902614,-0,001197969,-0,1391898,0,0,0,0,0,0,0,0,0,0,0,0,0,0,0,0,0,0,0,0,0,0,1,1,1,False
1,083923,-10,48907,1,704896,-1,37557,-0,002654806,0,9902614,-0,001197969,-0,1391898,0,0,0,0,0,0,0,0,0,0,0,0,0,0,0,0,0,0,0,0,0,0,1,1,1,False
1,096029,-10,48907,1,704896,-1,37557,-0,002654806,0,9902614,-0,001197969,-0,1391898,0,0,0,0,0,0,0,0,0,0,0,0,0,0,0,0,0,0,0,0,0,0,1,1,1,False
1,107457,-10,48907,1,704896,-1,37557,-0,002654806,0,9902614,-0,001197969,-0,1391898,0,0,0,0,0,0,0,0,0,0,0,0,0,0,0,0,0,0,0,0,0,0,1,1,1,False
1,119742,-10,48907,1,704896,-1,37557,-0,002654806,0,9902614,-0,001197969,-0,1391898,0,0,0,0,0,0,0,0,0,0,0,0,0,0,0,0,0,0,0,0,0,0,1,1,1,False
1,131631,-10,48907,1,704896,-1,37557,-0,002654806,0,9902614,-0,001197969,-0,1391898,0,0,0,0,0,0,0,0,0,0,0,0,0,0,0,0,0,0,0,0,0,0,1,1,1,False
1,143802,-10,48907,1,704896,-1,37557,-0,002654806,0,9902614,-0,001197969,-0,1391898,0,0,0,0,0,0,0,0,0,0,0,0,0,0,0,0,0,0,0,0,0,0,1,1,1,False
1,156269,-10,48907,1,704896,-1,37557,-0,002654806,0,9902614,-0,001197969,-0,1391898,0,0,0,0,0,0,0,0,0,0,0,0,0,0,0,0,0,0,0,0,0,0,1,1,1,False
1,167885,-10,48907,1,704896,-1,37557,-0,002654806,0,9902614,-0,001197969,-0,1391898,0,0,0,0,0,0,0,0,0,0,0,0,0,0,0,0,0,0,0,0,0,0,1,1,1,False
1,179995,-10,48907,1,704896,-1,37557,-0,002654806,0,9902614,-0,001197969,-0,1391898,0,0,0,0,0,0,0,0,0,0,0,0,0,0,0,0,0,0,0,0,0,0,1,1,1,False
1,191386,-10,48907,1,704896,-1,37557,-0,002654806,0,9902614,-0,001197969,-0,1391898,0,0,0,0,0,0,0,0,0,0,0,0,0,0,0,0,0,0,0,0,0,0,1,1,1,False
1,203541,-10,48907,1,704896,-1,37557,-0,002654806,0,9902614,-0,001197969,-0,1391898,0,0,0,0,0,0,0,0,0,0,0,0,0,0,0,0,0,0,0,0,0,0,1,1,1,False
1,215567,-10,48907,1,704896,-1,37557,-0,002654806,0,9902614,-0,001197969,-0,1391898,0,0,0,0,0,0,0,0,0,0,0,0,0,0,0,0,0,0,0,0,0,0,1,1,1,False
1,227041,-10,48907,1,704896,-1,37557,-0,002654806,0,9902614,-0,001197969,-0,1391898,0,0,0,0,0,0,0,0,0,0,0,0,0,0,0,0,0,0,0,0,0,0,1,1,1,False
1,239348,-10,48907,1,704896,-1,37557,-0,002654806,0,9902614,-0,001197969,-0,1391898,0,0,0,0,0,0,0,0,0,0,0,0,0,0,0,0,0,0,0,0,0,0,1,1,1,False
1,25068,-10,48907,1,704896,-1,37557,-0,002654806,0,9902614,-0,001197969,-0,1391898,0,0,0,0,0,0,0,0,0,0,0,0,0,0,0,0,0,0,0,0,0,0,1,1,1,False
1,263172,-10,48907,1,704896,-1,37557,-0,002654806,0,9902614,-0,001197969,-0,1391898,0,0,0,0,0,0,0,0,0,0,0,0,0,0,0,0,0,0,0,0,0,0,1,1,1,False
1,275418,-10,48907,1,704896,-1,37557,-0,002654806,0,9902614,-0,001197969,-0,1391898,0,0,0,0,0,0,0,0,0,0,0,0,0,0,0,0,0,0,0,0,0,0,1,1,1,False
1,286879,-10,48907,1,704896,-1,37557,-0,002654806,0,9902614,-0,001197969,-0,1391898,0,0,0,0,0,0,0,0,0,0,0,0,0,0,0,0,0,0,0,0,0,0,1,1,1,False
1,299301,-10,48907,1,704896,-1,37557,-0,002654806,0,9902614,-0,001197969,-0,1391898,0,0,0,0,0,0,0,0,0,0,0,0,0,0,0,0,0,0,0,0,0,0,1,1,1,False
1,310756,-10,48907,1,704896,-1,37557,-0,002654806,0,9902614,-0,001197969,-0,1391898,0,0,0,0,0,0,0,0,0,0,0,0,0,0,0,0,0,0,0,0,0,0,1,1,1,False
1,3229,-10,48907,1,704896,-1,37557,-0,002654806,0,9902614,-0,001197969,-0,1391898,0,0,0,0,0,0,0,0,0,0,0,0,0,0,0,0,0,0,0,0,0,0,1,1,1,False
1,335059,-10,48907,1,704896,-1,37557,-0,002654806,0,9902614,-0,001197969,-0,1391898,0,0,0,0,0,0,0,0,0,0,0,0,0,0,0,0,0,0,0,0,0,0,1,1,1,False
1,346501,-10,48907,1,704896,-1,37557,-0,002654806,0,9902614,-0,001197969,-0,1391898,0,0,0,0,0,0,0,0,0,0,0,0,0,0,0,0,0,0,0,0,0,0,1,1,1,False
1,358884,-10,48907,1,704896,-1,37557,-0,002654806,0,9902614,-0,001197969,-0,1391898,0,0,0,0,0,0,0,0,0,0,0,0,0,0,0,0,0,0,0,0,0,0,1,1,1,False
1,370575,-10,48907,1,704896,-1,37557,-0,002654806,0,9902614,-0,001197969,-0,1391898,0,0,0,0,0,0,0,0,0,0,0,0,0,0,0,0,0,0,0,0,0,0,1,1,1,False
1,382837,-10,48907,1,704896,-1,37557,-0,002654806,0,9902614,-0,001197969,-0,1391898,0,0,0,0,0,0,0,0,0,0,0,0,0,0,0,0,0,0,0,0,0,0,1,1,1,False
1,395187,-10,48907,1,704896,-1,37557,-0,002654806,0,9902614,-0,001197969,-0,1391898,0,0,0,0,0,0,0,0,0,0,0,0,0,0,0,0,0,0,0,0,0,0,1,1,1,False
1,406654,-10,48907,1,704896,-1,37557,-0,002654806,0,9902614,-0,001197969,-0,1391898,0,0,0,0,0,0,0,0,0,0,0,0,0,0,0,0,0,0,0,0,0,0,1,1,1,False
1,419099,-10,48907,1,704896,-1,37557,-0,002654806,0,9902614,-0,001197969,-0,1391898,0,0,0,0,0,0,0,0,0,0,0,0,0,0,0,0,0,0,0,0,0,0,1,1,1,False
1,4304,-10,48907,1,704896,-1,37557,-0,002654806,0,9902614,-0,001197969,-0,1391898,0,0,0,0,0,0,0,0,0,0,0,0,0,0,0,0,0,0,0,0,0,0,1,1,1,False
1,442584,-10,48907,1,704896,-1,37557,-0,002654806,0,9902614,-0,001197969,-0,1391898,0,0,0,0,0,0,0,0,0,0,0,0,0,0,0,0,0,0,0,0,0,0,1,1,1,False
1,454836,-10,48907,1,704896,-1,37557,-0,002654806,0,9902614,-0,001197969,-0,1391898,0,0,0,0,0,0,0,0,0,0,0,0,0,0,0,0,0,0,0,0,0,0,1,1,1,False
1,466612,-10,48907,1,704896,-1,37557,-0,002654806,0,9902614,-0,001197969,-0,1391898,0,0,0,0,0,0,0,0,0,0,0,0,0,0,0,0,0,0,0,0,0,0,1,1,1,False
1,479202,-10,48907,1,704896,-1,37557,-0,002654806,0,9902614,-0,001197969,-0,1391898,0,0,0,0,0,0,0,0,0,0,0,0,0,0,0,0,0,0,0,0,0,0,1,1,1,False
1,490755,-10,48907,1,704896,-1,37557,-0,002654806,0,9902614,-0,001197969,-0,1391898,0,0,0,0,0,0,0,0,0,0,0,0,0,0,0,0,0,0,0,0,0,0,1,1,1,False
1,503102,-10,48907,1,704896,-1,37557,-0,002654806,0,9902614,-0,001197969,-0,1391898,0,0,0,0,0,0,0,0,0,0,0,0,0,0,0,0,0,0,0,0,0,0,1,1,1,False
1,515328,-10,48907,1,704896,-1,37557,-0,002654806,0,9902614,-0,001197969,-0,1391898,0,0,0,0,0,0,0,0,0,0,0,0,0,0,0,0,0,0,0,0,0,0,1,1,1,False
1,526845,-10,48907,1,704896,-1,37557,-0,002654806,0,9902614,-0,001197969,-0,1391898,0,0,0,0,0,0,0,0,0,0,0,0,0,0,0,0,0,0,0,0,0,0,1,1,1,False
1,539117,-10,48907,1,704896,-1,37557,-0,002654806,0,9902614,-0,001197969,-0,1391898,0,0,0,0,0,0,0,0,0,0,0,0,0,0,0,0,0,0,0,0,0,0,1,1,1,False
1,550806,-10,48907,1,704896,-1,37557,-0,002654806,0,9902614,-0,001197969,-0,1391898,0,0,0,0,0,0,0,0,0,0,0,0,0,0,0,0,0,0,0,0,0,0,1,1,1,False
1,563092,-10,48907,1,704896,-1,37557,-0,002654806,0,9902614,-0,001197969,-0,1391898,0,0,0,0,0,0,0,0,0,0,0,0,0,0,0,0,0,0,0,0,0,0,1,1,1,False
1,575477,-10,48907,1,704896,-1,37557,-0,002654806,0,9902614,-0,001197969,-0,1391898,0,0,0,0,0,0,0,0,0,0,0,0,0,0,0,0,0,0,0,0,0,0,1,1,1,False
1,587345,-10,48907,1,704896,-1,37557,-0,002654806,0,9902614,-0,001197969,-0,1391898,0,0,0,0,0,0,0,0,0,0,0,0,0,0,0,0,0,0,0,0,0,0,1,1,1,False
1,599608,-10,48907,1,704896,-1,37557,-0,002654806,0,9902614,-0,001197969,-0,1391898,0,0,0,0,0,0,0,0,0,0,0,0,0,0,0,0,0,0,0,0,0,0,1,1,1,False
1,610985,-10,48907,1,704896,-1,37557,-0,002654806,0,9902614,-0,001197969,-0,1391898,0,0,0,0,0,0,0,0,0,0,0,0,0,0,0,0,0,0,0,0,0,0,1,1,1,False
1,623383,-10,48907,1,704896,-1,37557,-0,002654806,0,9902614,-0,001197969,-0,1391898,0,0,0,0,0,0,0,0,0,0,0,0,0,0,0,0,0,0,0,0,0,0,1,1,1,False
1,635862,-10,48907,1,704896,-1,37557,-0,002654806,0,9902614,-0,001197969,-0,1391898,0,0,0,0,0,0,0,0,0,0,0,0,0,0,0,0,0,0,0,0,0,0,1,1,1,False
1,647199,-10,48907,1,704896,-1,37557,-0,002654806,0,9902614,-0,001197969,-0,1391898,0,0,0,0,0,0,0,0,0,0,0,0,0,0,0,0,0,0,0,0,0,0,1,1,1,False
1,659229,-10,48907,1,704896,-1,37557,-0,002654806,0,9902614,-0,001197969,-0,1391898,0,0,0,0,0,0,0,0,0,0,0,0,0,0,0,0,0,0,0,0,0,0,1,1,1,False
1,670784,-10,48907,1,704896,-1,37557,-0,002654806,0,9902614,-0,001197969,-0,1391898,0,0,0,0,0,0,0,0,0,0,0,0,0,0,0,0,0,0,0,0,0,0,1,1,1,False
1,683577,-10,48907,1,704896,-1,37557,-0,002654806,0,9902614,-0,001197969,-0,1391898,0,0,0,0,0,0,0,0,0,0,0,0,0,0,0,0,0,0,0,0,0,0,1,1,1,False
1,696351,-10,48907,1,704896,-1,37557,-0,002654806,0,9902614,-0,001197969,-0,1391898,0,0,0,0,0,0,0,0,0,0,0,0,0,0,0,0,0,0,0,0,0,0,1,1,1,False
1,708249,-10,48907,1,704896,-1,37557,-0,002654806,0,9902614,-0,001197969,-0,1391898,0,0,0,0,0,0,0,0,0,0,0,0,0,0,0,0,0,0,0,0,0,0,1,1,1,False
1,720569,-10,48907,1,704896,-1,37557,-0,002654806,0,9902614,-0,001197969,-0,1391898,0,0,0,0,0,0,0,0,0,0,0,0,0,0,0,0,0,0,0,0,0,0,1,1,1,False
1,732801,-10,48907,1,704896,-1,37557,-0,002654806,0,9902614,-0,001197969,-0,1391898,0,0,0,0,0,0,0,0,0,0,0,0,0,0,0,0,0,0,0,0,0,0,1,1,1,False
1,744204,-10,48907,1,704896,-1,37557,-0,002654806,0,9902614,-0,001197969,-0,1391898,0,0,0,0,0,0,0,0,0,0,0,0,0,0,0,0,0,0,0,0,0,0,1,1,1,False
1,756236,-10,48907,1,704896,-1,37557,-0,002654806,0,9902614,-0,001197969,-0,1391898,0,0,0,0,0,0,0,0,0,0,0,0,0,0,0,0,0,0,0,0,0,0,1,1,1,False
1,767751,-10,48907,1,704896,-1,37557,-0,002654806,0,9902614,-0,001197969,-0,1391898,0,0,0,0,0,0,0,0,0,0,0,0,0,0,0,0,0,0,0,0,0,0,1,1,1,False
1,780018,-10,48907,1,704896,-1,37557,-0,002654806,0,9902614,-0,001197969,-0,1391898,0,0,0,0,0,0,0,0,0,0,0,0,0,0,0,0,0,0,0,0,0,0,1,1,1,False
1,792005,-10,48907,1,704896,-1,37557,-0,002654806,0,9902614,-0,001197969,-0,1391898,0,0,0,0,0,0,0,0,0,0,0,0,0,0,0,0,0,0,0,0,0,0,1,1,1,False
1,803474,-10,48907,1,704896,-1,37557,-0,002654806,0,9902614,-0,001197969,-0,1391898,0,0,0,0,0,0,0,0,0,0,0,0,0,0,0,0,0,0,0,0,0,0,1,1,1,False
1,815537,-10,48907,1,704896,-1,37557,-0,002654806,0,9902614,-0,001197969,-0,1391898,0,0,0,0,0,0,0,0,0,0,0,0,0,0,0,0,0,0,0,0,0,0,1,1,1,False
1,826855,-10,48907,1,704896,-1,37557,-0,002654806,0,9902614,-0,001197969,-0,1391898,0,0,0,0,0,0,0,0,0,0,0,0,0,0,0,0,0,0,0,0,0,0,1,1,1,False
1,839301,-10,48907,1,704896,-1,37557,-0,002654806,0,9902614,-0,001197969,-0,1391898,0,0,0,0,0,0,0,0,0,0,0,0,0,0,0,0,0,0,0,0,0,0,1,1,1,False
1,850683,-10,48907,1,704896,-1,37557,-0,002654806,0,9902614,-0,001197969,-0,1391898,0,0,0,0,0,0,0,0,0,0,0,0,0,0,0,0,0,0,0,0,0,0,1,1,1,False
1,862966,-10,48907,1,704896,-1,37557,-0,002654806,0,9902614,-0,001197969,-0,1391898,0,0,0,0,0,0,0,0,0,0,0,0,0,0,0,0,0,0,0,0,0,0,1,1,1,False
1,875326,-10,48907,1,704896,-1,37557,-0,002654806,0,9902614,-0,001197969,-0,1391898,0,0,0,0,0,0,0,0,0,0,0,0,0,0,0,0,0,0,0,0,0,0,1,1,1,False
1,886691,-10,48907,1,704896,-1,37557,-0,002654806,0,9902614,-0,001197969,-0,1391898,0,0,0,0,0,0,0,0,0,0,0,0,0,0,0,0,0,0,0,0,0,0,1,1,1,False
1,898764,-10,48907,1,704896,-1,37557,-0,002654806,0,9902614,-0,001197969,-0,1391898,0,0,0,0,0,0,0,0,0,0,0,0,0,0,0,0,0,0,0,0,0,0,1,1,1,False
1,910048,-10,48907,1,704896,-1,37557,-0,002654806,0,9902614,-0,001197969,-0,1391898,0,0,0,0,0,0,0,0,0,0,0,0,0,0,0,0,0,0,0,0,0,0,1,1,1,False
1,922017,-10,48907,1,704896,-1,37557,-0,002654806,0,9902614,-0,001197969,-0,1391898,0,0,0,0,0,0,0,0,0,0,0,0,0,0,0,0,0,0,0,0,0,0,1,1,1,False
1,934117,-10,48907,1,704896,-1,37557,-0,002654806,0,9902614,-0,001197969,-0,1391898,0,0,0,0,0,0,0,0,0,0,0,0,0,0,0,0,0,0,0,0,0,0,1,1,1,False
1,945486,-10,48907,1,704896,-1,37557,-0,002654806,0,9902614,-0,001197969,-0,1391898,0,0,0,0,0,0,0,0,0,0,0,0,0,0,0,0,0,0,0,0,0,0,1,1,1,False
1,957484,-10,48907,1,704896,-1,37557,-0,002654806,0,9902614,-0,001197969,-0,1391898,0,0,0,0,0,0,0,0,0,0,0,0,0,0,0,0,0,0,0,0,0,0,1,1,1,False
1,968956,-10,48907,1,704896,-1,37557,-0,002654806,0,9902614,-0,001197969,-0,1391898,0,0,0,0,0,0,0,0,0,0,0,0,0,0,0,0,0,0,0,0,0,0,1,1,1,False
1,981421,-10,48907,1,704896,-1,37557,-0,002654806,0,9902614,-0,001197969,-0,1391898,0,0,0,0,0,0,0,0,0,0,0,0,0,0,0,0,0,0,0,0,0,0,1,1,1,False
1,993489,-10,48907,1,704896,-1,37557,-0,002654806,0,9902614,-0,001197969,-0,1391898,0,0,0,0,0,0,0,0,0,0,0,0,0,0,0,0,0,0,0,0,0,0,1,1,1,False
2,00485,-10,48907,1,704896,-1,37557,-0,002654806,0,9902614,-0,001197969,-0,1391898,0,0,0,0,0,0,0,0,0,0,0,0,0,0,0,0,0,0,0,0,0,0,1,1,1,False
2,016995,-10,48907,1,704896,-1,37557,-0,002654806,0,9902614,-0,001197969,-0,1391898,0,0,0,0,0,0,0,0,0,0,0,0,0,0,0,0,0,0,0,0,0,0,1,1,1,False
2,028356,-10,48907,1,704896,-1,37557,-0,002654806,0,9902614,-0,001197969,-0,1391898,0,0,0,0,0,0,0,0,0,0,0,0,0,0,0,0,0,0,0,0,0,0,1,1,1,False
2,040836,-10,48907,1,704896,-1,37557,-0,002654806,0,9902614,-0,001197969,-0,1391898,0,0,0,0,0,0,0,0,0,0,0,0,0,0,0,0,0,0,0,0,0,0,1,1,1,False
2,052962,-10,48907,1,704896,-1,37557,-0,002654806,0,9902614,-0,001197969,-0,1391898,0,0,0,0,0,0,0,0,0,0,0,0,0,0,0,0,0,0,0,0,0,0,1,1,1,False
2,064497,-10,48907,1,704896,-1,37557,-0,002654806,0,9902614,-0,001197969,-0,1391898,0,0,0,0,0,0,0,0,0,0,0,0,0,0,0,0,0,0,0,0,0,0,1,1,1,False
2,076878,-10,48907,1,704896,-1,37557,-0,002654806,0,9902614,-0,001197969,-0,1391898,0,0,0,0,0,0,0,0,0,0,0,0,0,0,0,0,0,0,0,0,0,0,1,1,1,False
2,088211,-10,48907,1,704896,-1,37557,-0,002654806,0,9902614,-0,001197969,-0,1391898,0,0,0,0,0,0,0,0,0,0,0,0,0,0,0,0,0,0,0,0,0,0,1,1,1,False
2,100297,-10,48907,1,704896,-1,37557,-0,002654806,0,9902614,-0,001197969,-0,1391898,0,0,0,0,0,0,0,0,0,0,0,0,0,0,0,0,0,0,0,0,0,0,1,1,1,False
2,112309,-10,48907,1,704896,-1,37557,-0,002654806,0,9902614,-0,001197969,-0,1391898,0,0,0,0,0,0,0,0,0,0,0,0,0,0,0,0,0,0,0,0,0,0,1,1,1,False
2,123746,-10,48907,1,704896,-1,37557,-0,002654806,0,9902614,-0,001197969,-0,1391898,0,0,0,0,0,0,0,0,0,0,0,0,0,0,0,0,0,0,0,0,0,0,1,1,1,False
2,135871,-10,48907,1,704896,-1,37557,-0,002654806,0,9902614,-0,001197969,-0,1391898,0,0,0,0,0,0,0,0,0,0,0,0,0,0,0,0,0,0,0,0,0,0,1,1,1,False
2,147193,-10,48907,1,704896,-1,37557,-0,002654806,0,9902614,-0,001197969,-0,1391898,0,0,0,0,0,0,0,0,0,0,0,0,0,0,0,0,0,0,0,0,0,0,1,1,1,False
2,160264,-10,48907,1,704896,-1,37557,-0,002654806,0,9902614,-0,001197969,-0,1391898,0,0,0,0,0,0,0,0,0,0,0,0,0,0,0,0,0,0,0,0,0,0,1,1,1,False
2,173941,-10,48907,1,704896,-1,37557,-0,002654806,0,9902614,-0,001197969,-0,1391898,0,0,0,0,0,0,0,0,0,0,0,0,0,0,0,0,0,0,0,0,0,0,1,1,1,False
2,186585,-10,48907,1,704896,-1,37557,-0,002654806,0,9902614,-0,001197969,-0,1391898,0,0,0,0,0,0,0,0,0,0,0,0,0,0,0,0,0,0,0,0,0,0,1,1,1,False
2,199229,-10,48907,1,704896,-1,37557,-0,002654806,0,9902614,-0,001197969,-0,1391898,0,0,0,0,0,0,0,0,0,0,0,0,0,0,0,0,0,0,0,0,0,0,1,1,1,False
2,211682,-10,48907,1,704896,-1,37557,-0,002654806,0,9902614,-0,001197969,-0,1391898,0,0,0,0,0,0,0,0,0,0,0,0,0,0,0,0,0,0,0,0,0,0,1,1,1,False
2,22551,-10,48907,1,704896,-1,37557,-0,002654806,0,9902614,-0,001197969,-0,1391898,0,0,0,0,0,0,0,0,0,0,0,0,0,0,0,0,0,0,0,0,0,0,1,1,1,False
2,238506,-10,48907,1,704896,-1,37557,-0,002654806,0,9902614,-0,001197969,-0,1391898,0,0,0,0,0,0,0,0,0,0,0,0,0,0,0,0,0,0,0,0,0,0,1,1,1,False
2,249927,-10,48907,1,704896,-1,37557,-0,002654806,0,9902614,-0,001197969,-0,1391898,0,0,0,0,0,0,0,0,0,0,0,0,0,0,0,0,0,0,0,0,0,0,1,1,1,False
2,262205,-10,48907,1,704896,-1,37557,-0,002654806,0,9902614,-0,001197969,-0,1391898,0,0,0,0,0,0,0,0,0,0,0,0,0,0,0,0,0,0,0,0,0,0,1,1,1,False
2,274516,-10,48907,1,704896,-1,37557,-0,002654806,0,9902614,-0,001197969,-0,1391898,0,0,0,0,0,0,0,0,0,0,0,0,0,0,0,0,0,0,0,0,0,0,1,1,1,False
2,286048,-10,48907,1,704896,-1,37557,-0,002654806,0,9902614,-0,001197969,-0,1391898,0,0,0,0,0,0,0,0,0,0,0,0,0,0,0,0,0,0,0,0,0,0,1,1,1,False
2,298117,-10,48907,1,704896,-1,37557,-0,002654806,0,9902614,-0,001197969,-0,1391898,0,0,0,0,0,0,0,0,0,0,0,0,0,0,0,0,0,0,0,0,0,0,1,1,1,False
2,309598,-10,48907,1,704896,-1,37557,-0,002654806,0,9902614,-0,001197969,-0,1391898,0,0,0,0,0,0,0,0,0,0,0,0,0,0,0,0,0,0,0,0,0,0,1,1,1,False
2,32218,-10,48907,1,704896,-1,37557,-0,002654806,0,9902614,-0,001197969,-0,1391898,0,0,0,0,0,0,0,0,0,0,0,0,0,0,0,0,0,0,0,0,0,0,1,1,1,False
2,334569,-10,48907,1,704896,-1,37557,-0,002654806,0,9902614,-0,001197969,-0,1391898,0,0,0,0,0,0,0,0,0,0,0,0,0,0,0,0,0,0,0,0,0,0,1,1,1,False
2,346005,-10,48907,1,704896,-1,37557,-0,002654806,0,9902614,-0,001197969,-0,1391898,0,0,0,0,0,0,0,0,0,0,0,0,0,0,0,0,0,0,0,0,0,0,1,1,1,False
2,358126,-10,48907,1,704896,-1,37557,-0,002654806,0,9902614,-0,001197969,-0,1391898,0,0,0,0,0,0,0,0,0,0,0,0,0,0,0,0,0,0,0,0,0,0,1,1,1,False
2,369829,-10,48907,1,704896,-1,37557,-0,002654806,0,9902614,-0,001197969,-0,1391898,0,0,0,0,0,0,0,0,0,0,0,0,0,0,0,0,0,0,0,0,0,0,1,1,1,False
2,382273,-10,48907,1,704896,-1,37557,-0,002654806,0,9902614,-0,001197969,-0,1391898,0,0,0,0,0,0,0,0,0,0,0,0,0,0,0,0,0,0,0,0,0,0,1,1,1,False
2,394434,-10,48907,1,704896,-1,37557,-0,002654806,0,9902614,-0,001197969,-0,1391898,0,0,0,0,0,0,0,0,0,0,0,0,0,0,0,0,0,0,0,0,0,0,1,1,1,False
2,405909,-10,48907,1,704896,-1,37557,-0,002654806,0,9902614,-0,001197969,-0,1391898,0,0,0,0,0,0,0,0,0,0,0,0,0,0,0,0,0,0,0,0,0,0,1,1,1,False
2,417998,-10,48907,1,704896,-1,37557,-0,002654806,0,9902614,-0,001197969,-0,1391898,0,0,0,0,0,0,0,0,0,0,0,0,0,0,0,0,0,0,0,0,0,0,1,1,1,False
2,429507,-10,48907,1,704896,-1,37557,-0,002654806,0,9902614,-0,001197969,-0,1391898,0,0,0,0,0,0,0,0,0,0,0,0,0,0,0,0,0,0,0,0,0,0,1,1,1,False
2,442376,-10,48907,1,704896,-1,37557,-0,002654806,0,9902614,-0,001197969,-0,1391898,0,0,0,0,0,0,0,0,0,0,0,0,0,0,0,0,0,0,0,0,0,0,1,1,1,False
2,456267,-10,48907,1,704896,-1,37557,-0,002654806,0,9902614,-0,001197969,-0,1391898,0,0,0,0,0,0,0,0,0,0,0,0,0,0,0,0,0,0,0,0,0,0,1,1,1,False
2,469171,-10,48907,1,704896,-1,37557,-0,002654806,0,9902614,-0,001197969,-0,1391898,0,0,0,0,0,0,0,0,0,0,0,0,0,0,0,0,0,0,0,0,0,0,1,1,1,False
2,482858,-10,48907,1,704896,-1,37557,-0,002654806,0,9902614,-0,001197969,-0,1391898,0,0,0,0,0,0,0,0,0,0,0,0,0,0,0,0,0,0,0,0,0,0,1,1,1,False
2,495654,-10,48907,1,704896,-1,37557,-0,002654806,0,9902614,-0,001197969,-0,1391898,0,0,0,0,0,0,0,0,0,0,0,0,0,0,0,0,0,0,0,0,0,0,1,1,1,False
2,507432,-10,48907,1,704896,-1,37557,-0,002654806,0,9902614,-0,001197969,-0,1391898,0,0,0,0,0,0,0,0,0,0,0,0,0,0,0,0,0,0,0,0,0,0,1,1,1,False
2,519577,-10,48907,1,704896,-1,37557,-0,002654806,0,9902614,-0,001197969,-0,1391898,0,0,0,0,0,0,0,0,0,0,0,0,0,0,0,0,0,0,0,0,0,0,1,1,1,False
2,530929,-10,48907,1,704896,-1,37557,-0,002654806,0,9902614,-0,001197969,-0,1391898,0,0,0,0,0,0,0,0,0,0,0,0,0,0,0,0,0,0,0,0,0,0,1,1,1,False
2,543079,-10,48907,1,704896,-1,37557,-0,002654806,0,9902614,-0,001197969,-0,1391898,0,0,0,0,0,0,0,0,0,0,0,0,0,0,0,0,0,0,0,0,0,0,1,1,1,False
2,555236,-10,48907,1,704896,-1,37557,-0,002654806,0,9902614,-0,001197969,-0,1391898,0,0,0,0,0,0,0,0,0,0,0,0,0,0,0,0,0,0,0,0,0,0,1,1,1,False
2,56691,-10,48907,1,704896,-1,37557,-0,002654806,0,9902614,-0,001197969,-0,1391898,0,0,0,0,0,0,0,0,0,0,0,0,0,0,0,0,0,0,0,0,0,0,1,1,1,False
2,579158,-10,48907,1,704896,-1,37557,-0,002654806,0,9902614,-0,001197969,-0,1391898,0,0,0,0,0,0,0,0,0,0,0,0,0,0,0,0,0,0,0,0,0,0,1,1,1,False
2,590571,-10,48907,1,704896,-1,37557,-0,002654806,0,9902614,-0,001197969,-0,1391898,0,0,0,0,0,0,0,0,0,0,0,0,0,0,0,0,0,0,0,0,0,0,1,1,1,False
2,6028,-10,48907,1,704896,-1,37557,-0,002654806,0,9902614,-0,001197969,-0,1391898,0,0,0,0,0,0,0,0,0,0,0,0,0,0,0,0,0,0,0,0,0,0,1,1,1,False
2,615009,-10,48907,1,704896,-1,37557,-0,002654806,0,9902614,-0,001197969,-0,1391898,0,0,0,0,0,0,0,0,0,0,0,0,0,0,0,0,0,0,0,0,0,0,1,1,1,False
2,626471,-10,48907,1,704896,-1,37557,-0,002654806,0,9902614,-0,001197969,-0,1391898,0,0,0,0,0,0,0,0,0,0,0,0,0,0,0,0,0,0,0,0,0,0,1,1,1,False
2,638931,-10,48907,1,704896,-1,37557,-0,002654806,0,9902614,-0,001197969,-0,1391898,0,0,0,0,0,0,0,0,0,0,0,0,0,0,0,0,0,0,0,0,0,0,1,1,1,False
2,65037,-10,48907,1,704896,-1,37557,-0,002654806,0,9902614,-0,001197969,-0,1391898,0,0,0,0,0,0,0,0,0,0,0,0,0,0,0,0,0,0,0,0,0,0,1,1,1,False
2,663115,-10,48907,1,704896,-1,37557,-0,002654806,0,9902614,-0,001197969,-0,1391898,0,0,0,0,0,0,0,0,0,0,0,0,0,0,0,0,0,0,0,0,0,0,1,1,1,False
2,675966,-10,48907,1,704896,-1,37557,-0,002654806,0,9902614,-0,001197969,-0,1391898,0,0,0,0,0,0,0,0,0,0,0,0,0,0,0,0,0,0,0,0,0,0,1,1,1,False
2,687638,-10,48907,1,704896,-1,37557,-0,002654806,0,9902614,-0,001197969,-0,1391898,0,0,0,0,0,0,0,0,0,0,0,0,0,0,0,0,0,0,0,0,0,0,1,1,1,False
2,699842,-10,48907,1,704896,-1,37557,-0,002654806,0,9902614,-0,001197969,-0,1391898,0,0,0,0,0,0,0,0,0,0,0,0,0,0,0,0,0,0,0,0,0,0,1,1,1,False
2,711274,-10,48907,1,704896,-1,37557,-0,002654806,0,9902614,-0,001197969,-0,1391898,0,0,0,0,0,0,0,0,0,0,0,0,0,0,0,0,0,0,0,0,0,0,1,1,1,False
2,72332,-10,48907,1,704896,-1,37557,-0,002654806,0,9902614,-0,001197969,-0,1391898,0,0,0,0,0,0,0,0,0,0,0,0,0,0,0,0,0,0,0,0,0,0,1,1,1,False
2,735245,-10,48907,1,704896,-1,37557,-0,002654806,0,9902614,-0,001197969,-0,1391898,0,0,0,0,0,0,0,0,0,0,0,0,0,0,0,0,0,0,0,0,0,0,1,1,1,False
2,746658,-10,48907,1,704896,-1,37557,-0,002654806,0,9902614,-0,001197969,-0,1391898,0,0,0,0,0,0,0,0,0,0,0,0,0,0,0,0,0,0,0,0,0,0,1,1,1,False
2,759014,-10,48907,1,704896,-1,37557,-0,002654806,0,9902614,-0,001197969,-0,1391898,0,0,0,0,0,0,0,0,0,0,0,0,0,0,0,0,0,0,0,0,0,0,1,1,1,False
2,770438,-10,48907,1,704896,-1,37557,-0,002654806,0,9902614,-0,001197969,-0,1391898,0,0,0,0,0,0,0,0,0,0,0,0,0,0,0,0,0,0,0,0,0,0,1,1,1,False
2,782874,-10,48907,1,704896,-1,37557,-0,002654806,0,9902614,-0,001197969,-0,1391898,0,0,0,0,0,0,0,0,0,0,0,0,0,0,0,0,0,0,0,0,0,0,1,1,1,False
2,795057,-10,48907,1,704896,-1,37557,-0,002654806,0,9902614,-0,001197969,-0,1391898,0,0,0,0,0,0,0,0,0,0,0,0,0,0,0,0,0,0,0,0,0,0,1,1,1,False
2,806348,-10,48907,1,704896,-1,37557,-0,002654806,0,9902614,-0,001197969,-0,1391898,0,0,0,0,0,0,0,0,0,0,0,0,0,0,0,0,0,0,0,0,0,0,1,1,1,False
2,818502,-10,48907,1,704896,-1,37557,-0,002654806,0,9902614,-0,001197969,-0,1391898,0,0,0,0,0,0,0,0,0,0,0,0,0,0,0,0,0,0,0,0,0,0,1,1,1,False
2,829763,-10,48907,1,704896,-1,37557,-0,002654806,0,9902614,-0,001197969,-0,1391898,0,0,0,0,0,0,0,0,0,0,0,0,0,0,0,0,0,0,0,0,0,0,1,1,1,False
2,841799,-10,48907,1,704896,-1,37557,-0,002654806,0,9902614,-0,001197969,-0,1391898,0,0,0,0,0,0,0,0,0,0,0,0,0,0,0,0,0,0,0,0,0,0,1,1,1,False
2,853833,-10,48907,1,704896,-1,37557,-0,002654806,0,9902614,-0,001197969,-0,1391898,0,0,0,0,0,0,0,0,0,0,0,0,0,0,0,0,0,0,0,0,0,0,1,1,1,False
2,865169,-10,48907,1,704896,-1,37557,-0,002654806,0,9902614,-0,001197969,-0,1391898,0,0,0,0,0,0,0,0,0,0,0,0,0,0,0,0,0,0,0,0,0,0,1,1,1,False
2,877479,-10,48907,1,704896,-1,37557,-0,002654806,0,9902614,-0,001197969,-0,1391898,0,0,0,0,0,0,0,0,0,0,0,0,0,0,0,0,0,0,0,0,0,0,1,1,1,False
2,888742,-10,48907,1,704896,-1,37557,-0,002654806,0,9902614,-0,001197969,-0,1391898,0,0,0,0,0,0,0,0,0,0,0,0,0,0,0,0,0,0,0,0,0,0,1,1,1,False
2,900962,-10,48907,1,704896,-1,37557,-0,002654806,0,9902614,-0,001197969,-0,1391898,0,0,0,0,0,0,0,0,0,0,0,0,0,0,0,0,0,0,0,0,0,0,1,1,1,False
2,913105,-10,48907,1,704896,-1,37557,-0,002654806,0,9902614,-0,001197969,-0,1391898,0,0,0,0,0,0,0,0,0,0,0,0,0,0,0,0,0,0,0,0,0,0,1,1,1,False
2,924357,-10,48907,1,704896,-1,37557,-0,002654806,0,9902614,-0,001197969,-0,1391898,0,0,0,0,0,0,0,0,0,0,0,0,0,0,0,0,0,0,0,0,0,0,1,1,1,False
2,936328,-10,48907,1,704896,-1,37557,-0,002654806,0,9902614,-0,001197969,-0,1391898,0,0,0,0,0,0,0,0,0,0,0,0,0,0,0,0,0,0,0,0,0,0,1,1,1,False
2,947609,-10,48907,1,704896,-1,37557,-0,002654806,0,9902614,-0,001197969,-0,1391898,0,0,0,0,0,0,0,0,0,0,0,0,0,0,0,0,0,0,0,0,0,0,1,1,1,False
2,959689,-10,48907,1,704896,-1,37557,-0,002654806,0,9902614,-0,001197969,-0,1391898,0,0,0,0,0,0,0,0,0,0,0,0,0,0,0,0,0,0,0,0,0,0,1,1,1,False
2,97109,-10,48907,1,704896,-1,37557,-0,002654806,0,9902614,-0,001197969,-0,1391898,0,0,0,0,0,0,0,0,0,0,0,0,0,0,0,0,0,0,0,0,0,0,1,1,1,False
2,983735,-10,48907,1,704896,-1,37557,-0,002654806,0,9902614,-0,001197969,-0,1391898,0,0,0,0,0,0,0,0,0,0,0,0,0,0,0,0,0,0,0,0,0,0,1,1,1,False
2,996225,-10,48907,1,704896,-1,37557,-0,002654806,0,9902614,-0,001197969,-0,1391898,0,0,0,0,0,0,0,0,0,0,0,0,0,0,0,0,0,0,0,0,0,0,1,1,1,False
3,00795,-10,48907,1,704896,-1,37557,-0,002654806,0,9902614,-0,001197969,-0,1391898,0,0,0,0,0,0,0,0,0,0,0,0,0,0,0,0,0,0,0,0,0,0,1,1,1,False
3,020112,-10,48907,1,704896,-1,37557,-0,002654806,0,9902614,-0,001197969,-0,1391898,0,0,0,0,0,0,0,0,0,0,0,0,0,0,0,0,0,0,0,0,0,0,1,1,1,False
3,032305,-10,48907,1,704896,-1,37557,-0,002654806,0,9902614,-0,001197969,-0,1391898,0,0,0,0,0,0,0,0,0,0,0,0,0,0,0,0,0,0,0,0,0,0,1,1,1,False
3,043694,-10,48907,1,704896,-1,37557,-0,002654806,0,9902614,-0,001197969,-0,1391898,0,0,0,0,0,0,0,0,0,0,0,0,0,0,0,0,0,0,0,0,0,0,1,1,1,False
3,055627,-10,48907,1,704896,-1,37557,-0,002654806,0,9902614,-0,001197969,-0,1391898,0,0,0,0,0,0,0,0,0,0,0,0,0,0,0,0,0,0,0,0,0,0,1,1,1,False
3,067137,-10,48907,1,704896,-1,37557,-0,002654806,0,9902614,-0,001197969,-0,1391898,0,0,0,0,0,0,0,0,0,0,0,0,0,0,0,0,0,0,0,0,0,0,1,1,1,False
3,079391,-10,48907,1,704896,-1,37557,-0,002654806,0,9902614,-0,001197969,-0,1391898,0,0,0,0,0,0,0,0,0,0,0,0,0,0,0,0,0,0,0,0,0,0,1,1,1,False
3,090835,-10,48907,1,704896,-1,37557,-0,002654806,0,9902614,-0,001197969,-0,1391898,0,0,0,0,0,0,0,0,0,0,0,0,0,0,0,0,0,0,0,0,0,0,1,1,1,False
3,103149,-10,48907,1,704896,-1,37557,-0,002654806,0,9902614,-0,001197969,-0,1391898,0,0,0,0,0,0,0,0,0,0,0,0,0,0,0,0,0,0,0,0,0,0,1,1,1,False
3,115357,-10,48907,1,704896,-1,37557,-0,002654806,0,9902614,-0,001197969,-0,1391898,0,0,0,0,0,0,0,0,0,0,0,0,0,0,0,0,0,0,0,0,0,0,1,1,1,False
3,126853,-10,48907,1,704896,-1,37557,-0,002654806,0,9902614,-0,001197969,-0,1391898,0,0,0,0,0,0,0,0,0,0,0,0,0,0,0,0,0,0,0,0,0,0,1,1,1,False
3,138885,-10,48907,1,704896,-1,37557,-0,002654806,0,9902614,-0,001197969,-0,1391898,0,0,0,0,0,0,0,0,0,0,0,0,0,0,0,0,0,0,0,0,0,0,1,1,1,False
3,150186,-10,48907,1,704896,-1,37557,-0,002654806,0,9902614,-0,001197969,-0,1391898,0,0,0,0,0,0,0,0,0,0,0,0,0,0,0,0,0,0,0,0,0,0,1,1,1,False
3,162262,-10,48907,1,704896,-1,37557,-0,002654806,0,9902614,-0,001197969,-0,1391898,0,0,0,0,0,0,0,0,0,0,0,0,0,0,0,0,0,0,0,0,0,0,1,1,1,False
3,17448,-10,48907,1,704896,-1,37557,-0,002654806,0,9902614,-0,001197969,-0,1391898,0,0,0,0,0,0,0,0,0,0,0,0,0,0,0,0,0,0,0,0,0,0,1,1,1,False
3,185855,-10,48907,1,704896,-1,37557,-0,002654806,0,9902614,-0,001197969,-0,1391898,0,0,0,0,0,0,0,0,0,0,0,0,0,0,0,0,0,0,0,0,0,0,1,1,1,False
3,198501,-10,48907,1,704896,-1,37557,-0,002654806,0,9902614,-0,001197969,-0,1391898,0,0,0,0,0,0,0,0,0,0,0,0,0,0,0,0,0,0,0,0,0,0,1,1,1,False
3,209763,-10,48907,1,704896,-1,37557,-0,002654806,0,9902614,-0,001197969,-0,1391898,0,0,0,0,0,0,0,0,0,0,0,0,0,0,0,0,0,0,0,0,0,0,1,1,1,False
3,221952,-10,48907,1,704896,-1,37557,-0,002654806,0,9902614,-0,001197969,-0,1391898,0,0,0,0,0,0,0,0,0,0,0,0,0,0,0,0,0,0,0,0,0,0,1,1,1,False
3,23405,-10,48907,1,704896,-1,37557,-0,002654806,0,9902614,-0,001197969,-0,1391898,0,0,0,0,0,0,0,0,0,0,0,0,0,0,0,0,0,0,0,0,0,0,1,1,1,False
3,245554,-10,48907,1,704896,-1,37557,-0,002654806,0,9902614,-0,001197969,-0,1391898,0,0,0,0,0,0,0,0,0,0,0,0,0,0,0,0,0,0,0,0,0,0,1,1,1,False
3,257523,-10,48907,1,704896,-1,37557,-0,002654806,0,9902614,-0,001197969,-0,1391898,0,0,0,0,0,0,0,0,0,0,0,0,0,0,0,0,0,0,0,0,0,0,1,1,1,False
3,268959,-10,48907,1,704896,-1,37557,-0,002654806,0,9902614,-0,001197969,-0,1391898,0,0,0,0,0,0,0,0,0,0,0,0,0,0,0,0,0,0,0,0,0,0,1,1,1,False
3,281366,-10,48907,1,704896,-1,37557,-0,002654806,0,9902614,-0,001197969,-0,1391898,0,0,0,0,0,0,0,0,0,0,0,0,0,0,0,0,0,0,0,0,0,0,1,1,1,False
3,293885,-10,48907,1,704896,-1,37557,-0,002654806,0,9902614,-0,001197969,-0,1391898,0,0,0,0,0,0,0,0,0,0,0,0,0,0,0,0,0,0,0,0,0,0,1,1,1,False
3,305105,-10,48907,1,704896,-1,37557,-0,002654806,0,9902614,-0,001197969,-0,1391898,0,0,0,0,0,0,0,0,0,0,0,0,0,0,0,0,0,0,0,0,0,0,1,1,1,False
3,317031,-10,48907,1,704896,-1,37557,-0,002654806,0,9902614,-0,001197969,-0,1391898,0,0,0,0,0,0,0,0,0,0,0,0,0,0,0,0,0,0,0,0,0,0,1,1,1,False
3,328248,-10,48907,1,704896,-1,37557,-0,002654806,0,9902614,-0,001197969,-0,1391898,0,0,0,0,0,0,0,0,0,0,0,0,0,0,0,0,0,0,0,0,0,0,1,1,1,False
3,340451,-10,48907,1,704896,-1,37557,-0,002654806,0,9902614,-0,001197969,-0,1391898,0,0,0,0,0,0,0,0,0,0,0,0,0,0,0,0,0,0,0,0,0,0,1,1,1,False
3,352845,-10,48907,1,704896,-1,37557,-0,002654806,0,9902614,-0,001197969,-0,1391898,0,0,0,0,0,0,0,0,0,0,0,0,0,0,0,0,0,0,0,0,0,0,1,1,1,False
3,364212,-10,48907,1,704896,-1,37557,-0,002654806,0,9902614,-0,001197969,-0,1391898,0,0,0,0,0,0,0,0,0,0,0,0,0,0,0,0,0,0,0,0,0,0,1,1,1,False
3,376382,-10,48907,1,704896,-1,37557,-0,002654806,0,9902614,-0,001197969,-0,1391898,0,0,0,0,0,0,0,0,0,0,0,0,0,0,0,0,0,0,0,0,0,0,1,1,1,False
3,387791,-10,48907,1,704896,-1,37557,-0,002654806,0,9902614,-0,001197969,-0,1391898,0,0,0,0,0,0,0,0,0,0,0,0,0,0,0,0,0,0,0,0,0,0,1,1,1,False
3,399933,-10,48907,1,704896,-1,37557,-0,002654806,0,9902614,-0,001197969,-0,1391898,0,0,0,0,0,0,0,0,0,0,0,0,0,0,0,0,0,0,0,0,0,0,1,1,1,False
3,411161,-10,48907,1,704896,-1,37557,-0,002654806,0,9902614,-0,001197969,-0,1391898,0,0,0,0,0,0,0,0,0,0,0,0,0,0,0,0,0,0,0,0,0,0,1,1,1,False
3,423207,-10,48907,1,704896,-1,37557,-0,002654806,0,9902614,-0,001197969,-0,1391898,0,0,0,0,0,0,0,0,0,0,0,0,0,0,0,0,0,0,0,0,0,0,1,1,1,False
3,435229,-10,48907,1,704896,-1,37557,-0,002654806,0,9902614,-0,001197969,-0,1391898,0,0,0,0,0,0,0,0,0,0,0,0,0,0,0,0,0,0,0,0,0,0,1,1,1,False
3,446677,-10,48907,1,704896,-1,37557,-0,002654806,0,9902614,-0,001197969,-0,1391898,0,0,0,0,0,0,0,0,0,0,0,0,0,0,0,0,0,0,0,0,0,0,1,1,1,False
3,458732,-10,48907,1,704896,-1,37557,-0,002654806,0,9902614,-0,001197969,-0,1391898,0,0,0,0,0,0,0,0,0,0,0,0,0,0,0,0,0,0,0,0,0,0,1,1,1,False
3,469996,-10,48907,1,704896,-1,37557,-0,002654806,0,9902614,-0,001197969,-0,1391898,0,0,0,0,0,0,0,0,0,0,0,0,0,0,0,0,0,0,0,0,0,0,1,1,1,False
3,482283,-10,48907,1,704896,-1,37557,-0,002654806,0,9902614,-0,001197969,-0,1391898,0,0,0,0,0,0,0,0,0,0,0,0,0,0,0,0,0,0,0,0,0,0,1,1,1,False
3,494307,-10,48907,1,704896,-1,37557,-0,002654806,0,9902614,-0,001197969,-0,1391898,0,0,0,0,0,0,0,0,0,0,0,0,0,0,0,0,0,0,0,0,0,0,1,1,1,False
3,505542,-10,48907,1,704896,-1,37557,-0,002654806,0,9902614,-0,001197969,-0,1391898,0,0,0,0,0,0,0,0,0,0,0,0,0,0,0,0,0,0,0,0,0,0,1,1,1,False
3,517565,-10,48907,1,704896,-1,37557,-0,002654806,0,9902614,-0,001197969,-0,1391898,0,0,0,0,0,0,0,0,0,0,0,0,0,0,0,0,0,0,0,0,0,0,1,1,1,False
3,528818,-10,48907,1,704896,-1,37557,-0,002654806,0,9902614,-0,001197969,-0,1391898,0,0,0,0,0,0,0,0,0,0,0,0,0,0,0,0,0,0,0,0,0,0,1,1,1,False
3,540796,-10,48907,1,704896,-1,37557,-0,002654806,0,9902614,-0,001197969,-0,1391898,0,0,0,0,0,0,0,0,0,0,0,0,0,0,0,0,0,0,0,0,0,0,1,1,1,False
3,55314,-10,48907,1,704896,-1,37557,-0,002654806,0,9902614,-0,001197969,-0,1391898,0,0,0,0,0,0,0,0,0,0,0,0,0,0,0,0,0,0,0,0,0,0,1,1,1,False
3,564512,-10,48907,1,704896,-1,37557,-0,002654806,0,9902614,-0,001197969,-0,1391898,0,0,0,0,0,0,0,0,0,0,0,0,0,0,0,0,0,0,0,0,0,0,1,1,1,False
3,576847,-10,48907,1,704896,-1,37557,-0,002654806,0,9902614,-0,001197969,-0,1391898,0,0,0,0,0,0,0,0,0,0,0,0,0,0,0,0,0,0,0,0,0,0,1,1,1,False
3,588147,-10,48907,1,704896,-1,37557,-0,002654806,0,9902614,-0,001197969,-0,1391898,0,0,0,0,0,0,0,0,0,0,0,0,0,0,0,0,0,0,0,0,0,0,1,1,1,False
3,600412,-10,48907,1,704896,-1,37557,-0,002654806,0,9902614,-0,001197969,-0,1391898,0,0,0,0,0,0,0,0,0,0,0,0,0,0,0,0,0,0,0,0,0,0,1,1,1,False
3,612534,-10,48907,1,704896,-1,37557,-0,002654806,0,9902614,-0,001197969,-0,1391898,0,0,0,0,0,0,0,0,0,0,0,0,0,0,0,0,0,0,0,0,0,0,1,1,1,False
3,623862,-10,48907,1,704896,-1,37557,-0,002654806,0,9902614,-0,001197969,-0,1391898,0,0,0,0,0,0,0,0,0,0,0,0,0,0,0,0,0,0,0,0,0,0,1,1,1,False
3,635943,-10,48907,1,704896,-1,37557,-0,002654806,0,9902614,-0,001197969,-0,1391898,0,0,0,0,0,0,0,0,0,0,0,0,0,0,0,0,0,0,0,0,0,0,1,1,1,False
3,647297,-10,48907,1,704896,-1,37557,-0,002654806,0,9902614,-0,001197969,-0,1391898,0,0,0,0,0,0,0,0,0,0,0,0,0,0,0,0,0,0,0,0,0,0,1,1,1,False
3,659445,-10,48907,1,704896,-1,37557,-0,002654806,0,9902614,-0,001197969,-0,1391898,0,0,0,0,0,0,0,0,0,0,0,0,0,0,0,0,0,0,0,0,0,0,1,1,1,False
3,670946,-10,48907,1,704896,-1,37557,-0,002654806,0,9902614,-0,001197969,-0,1391898,0,0,0,0,0,0,0,0,0,0,0,0,0,0,0,0,0,0,0,0,0,0,1,1,1,False
3,683255,-10,48907,1,704896,-1,37557,-0,002654806,0,9902614,-0,001197969,-0,1391898,0,0,0,0,0,0,0,0,0,0,0,0,0,0,0,0,0,0,0,0,0,0,1,1,1,False
3,699369,-10,48907,1,704896,-1,37557,-0,002654806,0,9902614,-0,001197969,-0,1391898,0,0,0,0,0,0,0,0,0,0,0,0,0,0,0,0,0,0,0,0,0,0,1,1,1,False
3,710739,-10,48907,1,704896,-1,37557,-0,002654806,0,9902614,-0,001197969,-0,1391898,0,0,0,0,0,0,0,0,0,0,0,0,0,0,0,0,0,0,0,0,0,0,1,1,1,False
3,722974,-10,48907,1,704896,-1,37557,-0,002654806,0,9902614,-0,001197969,-0,1391898,0,0,0,0,0,0,0,0,0,0,0,0,0,0,0,0,0,0,0,0,0,0,1,1,1,False
3,735103,-10,48907,1,704896,-1,37557,-0,002654806,0,9902614,-0,001197969,-0,1391898,0,0,0,0,0,0,0,0,0,0,0,0,0,0,0,0,0,0,0,0,0,0,1,1,1,False
3,746328,-10,48907,1,704896,-1,37557,-0,002654806,0,9902614,-0,001197969,-0,1391898,0,0,0,0,0,0,0,0,0,0,0,0,0,0,0,0,0,0,0,0,0,0,1,1,1,False
3,758448,-10,48907,1,704896,-1,37557,-0,002654806,0,9902614,-0,001197969,-0,1391898,0,0,0,0,0,0,0,0,0,0,0,0,0,0,0,0,0,0,0,0,0,0,1,1,1,False
3,77006,-10,48907,1,704896,-1,37557,-0,002654806,0,9902614,-0,001197969,-0,1391898,0,0,0,0,0,0,0,0,0,0,0,0,0,0,0,0,0,0,0,0,0,0,1,1,1,False
3,782412,-10,48907,1,704896,-1,37557,-0,002654806,0,9902614,-0,001197969,-0,1391898,0,0,0,0,0,0,0,0,0,0,0,0,0,0,0,0,0,0,0,0,0,0,1,1,1,False
3,794752,-10,48907,1,704896,-1,37557,-0,002654806,0,9902614,-0,001197969,-0,1391898,0,0,0,0,0,0,0,0,0,0,0,0,0,0,0,0,0,0,0,0,0,0,1,1,1,False
3,806096,-10,48907,1,704896,-1,37557,-0,002654806,0,9902614,-0,001197969,-0,1391898,0,0,0,0,0,0,0,0,0,0,0,0,0,0,0,0,0,0,0,0,0,0,1,1,1,False
3,818239,-10,48907,1,704896,-1,37557,-0,002654806,0,9902614,-0,001197969,-0,1391898,0,0,0,0,0,0,0,0,0,0,0,0,0,0,0,0,0,0,0,0,0,0,1,1,1,False
3,82947,-10,48907,1,704896,-1,37557,-0,002654806,0,9902614,-0,001197969,-0,1391898,0,0,0,0,0,0,0,0,0,0,0,0,0,0,0,0,0,0,0,0,0,0,1,1,1,False
3,841412,-10,48907,1,704896,-1,37557,-0,002654806,0,9902614,-0,001197969,-0,1391898,0,0,0,0,0,0,0,0,0,0,0,0,0,0,0,0,0,0,0,0,0,0,1,1,1,False
3,85335,-10,48907,1,704896,-1,37557,-0,002654806,0,9902614,-0,001197969,-0,1391898,0,0,0,0,0,0,0,0,0,0,0,0,0,0,0,0,0,0,0,0,0,0,1,1,1,False
3,864581,-10,48907,1,704896,-1,37557,-0,002654806,0,9902614,-0,001197969,-0,1391898,0,0,0,0,0,0,0,0,0,0,0,0,0,0,0,0,0,0,0,0,0,0,1,1,1,False
3,87686,-10,48907,1,704896,-1,37557,-0,002654806,0,9902614,-0,001197969,-0,1391898,0,0,0,0,0,0,0,0,0,0,0,0,0,0,0,0,0,0,0,0,0,0,1,1,1,False
3,888342,-10,48907,1,704896,-1,37557,-0,002654806,0,9902614,-0,001197969,-0,1391898,0,0,0,0,0,0,0,0,0,0,0,0,0,0,0,0,0,0,0,0,0,0,1,1,1,False
3,900637,-10,48907,1,704896,-1,37557,-0,002654806,0,9902614,-0,001197969,-0,1391898,0,0,0,0,0,0,0,0,0,0,0,0,0,0,0,0,0,0,0,0,0,0,1,1,1,False
3,912702,-10,48907,1,704896,-1,37557,-0,002654806,0,9902614,-0,001197969,-0,1391898,0,0,0,0,0,0,0,0,0,0,0,0,0,0,0,0,0,0,0,0,0,0,1,1,1,False
3,923832,-10,48907,1,704896,-1,37557,-0,002654806,0,9902614,-0,001197969,-0,1391898,0,0,0,0,0,0,0,0,0,0,0,0,0,0,0,0,0,0,0,0,0,0,1,1,1,False
3,935856,-10,48907,1,704896,-1,37557,-0,002654806,0,9902614,-0,001197969,-0,1391898,0,0,0,0,0,0,0,0,0,0,0,0,0,0,0,0,0,0,0,0,0,0,1,1,1,False
3,947047,-10,48907,1,704896,-1,37557,-0,002654806,0,9902614,-0,001197969,-0,1391898,0,0,0,0,0,0,0,0,0,0,0,0,0,0,0,0,0,0,0,0,0,0,1,1,1,False
3,959046,-10,48907,1,704896,-1,37557,-0,002654806,0,9902614,-0,001197969,-0,1391898,0,0,0,0,0,0,0,0,0,0,0,0,0,0,0,0,0,0,0,0,0,0,1,1,1,False
3,970354,-10,48907,1,704896,-1,37557,-0,002654806,0,9902614,-0,001197969,-0,1391898,0,0,0,0,0,0,0,0,0,0,0,0,0,0,0,0,0,0,0,0,0,0,1,1,1,False
3,982642,-10,48907,1,704896,-1,37557,-0,002654806,0,9902614,-0,001197969,-0,1391898,0,0,0,0,0,0,0,0,0,0,0,0,0,0,0,0,0,0,0,0,0,0,1,1,1,False
3,99489,-10,48907,1,704896,-1,37557,-0,002654806,0,9902614,-0,001197969,-0,1391898,0,0,0,0,0,0,0,0,0,0,0,0,0,0,0,0,0,0,0,0,0,0,1,1,1,False
4,006207,-10,48907,1,704896,-1,37557,-0,002654806,0,9902614,-0,001197969,-0,1391898,0,0,0,0,0,0,0,0,0,0,0,0,0,0,0,0,0,0,0,0,0,0,1,1,1,False
4,018287,-10,48907,1,704896,-1,37557,-0,002654806,0,9902614,-0,001197969,-0,1391898,0,0,0,0,0,0,0,0,0,0,0,0,0,0,0,0,0,0,0,0,0,0,1,1,1,False
4,029564,-10,48907,1,704896,-1,37557,-0,002654806,0,9902614,-0,001197969,-0,1391898,0,0,0,0,0,0,0,0,0,0,0,0,0,0,0,0,0,0,0,0,0,0,1,1,1,False
4,041966,-10,48907,1,704896,-1,37557,-0,002654806,0,9902614,-0,001197969,-0,1391898,0,0,0,0,0,0,0,0,0,0,0,0,0,0,0,0,0,0,0,0,0,0,1,1,1,False
4,054047,-10,48907,1,704896,-1,37557,-0,002654806,0,9902614,-0,001197969,-0,1391898,0,0,0,0,0,0,0,0,0,0,0,0,0,0,0,0,0,0,0,0,0,0,1,1,1,False
4,065336,-10,48907,1,704896,-1,37557,-0,002654806,0,9902614,-0,001197969,-0,1391898,0,0,0,0,0,0,0,0,0,0,0,0,0,0,0,0,0,0,0,0,0,0,1,1,1,False
4,077329,-10,48907,1,704896,-1,37557,-0,002654806,0,9902614,-0,001197969,-0,1391898,0,0,0,0,0,0,0,0,0,0,0,0,0,0,0,0,0,0,0,0,0,0,1,1,1,False
4,088925,-10,48907,1,704896,-1,37557,-0,002654806,0,9902614,-0,001197969,-0,1391898,0,0,0,0,0,0,0,0,0,0,0,0,0,0,0,0,0,0,0,0,0,0,1,1,1,False
4,101293,-10,48907,1,704896,-1,37557,-0,002654806,0,9902614,-0,001197969,-0,1391898,0,0,0,0,0,0,0,0,0,0,0,0,0,0,0,0,0,0,0,0,0,0,1,1,1,False
4,113466,-10,48907,1,704896,-1,37557,-0,002654806,0,9902614,-0,001197969,-0,1391898,0,0,0,0,0,0,0,0,0,0,0,0,0,0,0,0,0,0,0,0,0,0,1,1,1,False
4,124611,-10,48907,1,704896,-1,37557,-0,002654806,0,9902614,-0,001197969,-0,1391898,0,0,0,0,0,0,0,0,0,0,0,0,0,0,0,0,0,0,0,0,0,0,1,1,1,False
4,13667,-10,48907,1,704896,-1,37557,-0,002654806,0,9902614,-0,001197969,-0,1391898,0,0,0,0,0,0,0,0,0,0,0,0,0,0,0,0,0,0,0,0,0,0,1,1,1,False
4,148117,-10,48907,1,704896,-1,37557,-0,002654806,0,9902614,-0,001197969,-0,1391898,0,0,0,0,0,0,0,0,0,0,0,0,0,0,0,0,0,0,0,0,0,0,1,1,1,False
4,160137,-10,48907,1,704896,-1,37557,-0,002654806,0,9902614,-0,001197969,-0,1391898,0,0,0,0,0,0,0,0,0,0,0,0,0,0,0,0,0,0,0,0,0,0,1,1,1,False
4,17227,-10,48907,1,704896,-1,37557,-0,002654806,0,9902614,-0,001197969,-0,1391898,0,0,0,0,0,0,0,0,0,0,0,0,0,0,0,0,0,0,0,0,0,0,1,1,1,False
4,183717,-10,48907,1,704896,-1,37557,-0,002654806,0,9902614,-0,001197969,-0,1391898,0,0,0,0,0,0,0,0,0,0,0,0,0,0,0,0,0,0,0,0,0,0,1,1,1,False
4,196165,-10,48907,1,704896,-1,37557,-0,002654806,0,9902614,-0,001197969,-0,1391898,0,0,0,0,0,0,0,0,0,0,0,0,0,0,0,0,0,0,0,0,0,0,1,1,1,False
4,207514,-10,48907,1,704896,-1,37557,-0,002654806,0,9902614,-0,001197969,-0,1391898,0,0,0,0,0,0,0,0,0,0,0,0,0,0,0,0,0,0,0,0,0,0,1,1,1,False
4,21987,-10,48907,1,704896,-1,37557,-0,002654806,0,9902614,-0,001197969,-0,1391898,0,0,0,0,0,0,0,0,0,0,0,0,0,0,0,0,0,0,0,0,0,0,1,1,1,False
4,231185,-10,48907,1,704896,-1,37557,-0,002654806,0,9902614,-0,001197969,-0,1391898,0,0,0,0,0,0,0,0,0,0,0,0,0,0,0,0,0,0,0,0,0,0,1,1,1,False
4,243253,-10,48907,1,704896,-1,37557,-0,002654806,0,9902614,-0,001197969,-0,1391898,0,0,0,0,0,0,0,0,0,0,0,0,0,0,0,0,0,0,0,0,0,0,1,1,1,False
4,255266,-10,48907,1,704896,-1,37557,-0,002654806,0,9902614,-0,001197969,-0,1391898,0,0,0,0,0,0,0,0,0,0,0,0,0,0,0,0,0,0,0,0,0,0,1,1,1,False
4,266566,-10,48907,1,704896,-1,37557,-0,002654806,0,9902614,-0,001197969,-0,1391898,0,0,0,0,0,0,0,0,0,0,0,0,0,0,0,0,0,0,0,0,0,0,1,1,1,False
4,278604,-10,48907,1,704896,-1,37557,-0,002654806,0,9902614,-0,001197969,-0,1391898,0,0,0,0,0,0,0,0,0,0,0,0,0,0,0,0,0,0,0,0,0,0,1,1,1,False
4,290487,-10,48907,1,704896,-1,37557,-0,002654806,0,9902614,-0,001197969,-0,1391898,0,0,0,0,0,0,0,0,0,0,0,0,0,0,0,0,0,0,0,0,0,0,1,1,1,False
4,302856,-10,48907,1,704896,-1,37557,-0,002654806,0,9902614,-0,001197969,-0,1391898,0,0,0,0,0,0,0,0,0,0,0,0,0,0,0,0,0,0,0,0,0,0,1,1,1,False
4,315062,-10,48907,1,704896,-1,37557,-0,002654806,0,9902614,-0,001197969,-0,1391898,0,0,0,0,0,0,0,0,0,0,0,0,0,0,0,0,0,0,0,0,0,0,1,1,1,False
4,326247,-10,48907,1,704896,-1,37557,-0,002654806,0,9902614,-0,001197969,-0,1391898,0,0,0,0,0,0,0,0,0,0,0,0,0,0,0,0,0,0,0,0,0,0,1,1,1,False
4,338281,-10,48907,1,704896,-1,37557,-0,002654806,0,9902614,-0,001197969,-0,1391898,0,0,0,0,0,0,0,0,0,0,0,0,0,0,0,0,0,0,0,0,0,0,1,1,1,False
4,34972,-10,48907,1,704896,-1,37557,-0,002654806,0,9902614,-0,001197969,-0,1391898,0,0,0,0,0,0,0,0,0,0,0,0,0,0,0,0,0,0,0,0,0,0,1,1,1,False
4,361731,-10,48907,1,704896,-1,37557,-0,002654806,0,9902614,-0,001197969,-0,1391898,0,0,0,0,0,0,0,0,0,0,0,0,0,0,0,0,0,0,0,0,0,0,1,1,1,False
4,374078,-10,48907,1,704896,-1,37557,-0,002654806,0,9902614,-0,001197969,-0,1391898,0,0,0,0,0,0,0,0,0,0,0,0,0,0,0,0,0,0,0,0,0,0,1,1,1,False
4,385705,-10,48907,1,704896,-1,37557,-0,002654806,0,9902614,-0,001197969,-0,1391898,0,0,0,0,0,0,0,0,0,0,0,0,0,0,0,0,0,0,0,0,0,0,1,1,1,False
4,397861,-10,48907,1,704896,-1,37557,-0,002654806,0,9902614,-0,001197969,-0,1391898,0,0,0,0,0,0,0,0,0,0,0,0,0,0,0,0,0,0,0,0,0,0,1,1,1,False
4,409231,-10,48907,1,704896,-1,37557,-0,002654806,0,9902614,-0,001197969,-0,1391898,0,0,0,0,0,0,0,0,0,0,0,0,0,0,0,0,0,0,0,0,0,0,1,1,1,False
4,421508,-10,48907,1,704896,-1,37557,-0,002654806,0,9902614,-0,001197969,-0,1391898,0,0,0,0,0,0,0,0,0,0,0,0,0,0,0,0,0,0,0,0,0,0,1,1,1,False
4,433679,-10,48907,1,704896,-1,37557,-0,002654806,0,9902614,-0,001197969,-0,1391898,0,0,0,0,0,0,0,0,0,0,0,0,0,0,0,0,0,0,0,0,0,0,1,1,1,False
4,444959,-10,48907,1,704896,-1,37557,-0,002654806,0,9902614,-0,001197969,-0,1391898,0,0,0,0,0,0,0,0,0,0,0,0,0,0,0,0,0,0,0,0,0,0,1,1,1,False
4,457143,-10,48907,1,704896,-1,37557,-0,002654806,0,9902614,-0,001197969,-0,1391898,0,0,0,0,0,0,0,0,0,0,0,0,0,0,0,0,0,0,0,0,0,0,1,1,1,False
4,468498,-10,48907,1,704896,-1,37557,-0,002654806,0,9902614,-0,001197969,-0,1391898,0,0,0,0,0,0,0,0,0,0,0,0,0,0,0,0,0,0,0,0,0,0,1,1,1,False
4,480586,-10,48907,1,704896,-1,37557,-0,002654806,0,9902614,-0,001197969,-0,1391898,0,0,0,0,0,0,0,0,0,0,0,0,0,0,0,0,0,0,0,0,0,0,1,1,1,False
4,492764,-10,48907,1,704896,-1,37557,-0,002654806,0,9902614,-0,001197969,-0,1391898,0,0,0,0,0,0,0,0,0,0,0,0,0,0,0,0,0,0,0,0,0,0,1,1,1,False
4,504249,-10,48907,1,704896,-1,37557,-0,002654806,0,9902614,-0,001197969,-0,1391898,0,0,0,0,0,0,0,0,0,0,0,0,0,0,0,0,0,0,0,0,0,0,1,1,1,False
4,516356,-10,48907,1,704896,-1,37557,-0,002654806,0,9902614,-0,001197969,-0,1391898,0,0,0,0,0,0,0,0,0,0,0,0,0,0,0,0,0,0,0,0,0,0,1,1,1,False
4,527787,-10,48907,1,704896,-1,37557,-0,002654806,0,9902614,-0,001197969,-0,1391898,0,0,0,0,0,0,0,0,0,0,0,0,0,0,0,0,0,0,0,0,0,0,1,1,1,False
4,53987,-10,48907,1,704896,-1,37557,-0,002654806,0,9902614,-0,001197969,-0,1391898,0,0,0,0,0,0,0,0,0,0,0,0,0,0,0,0,0,0,0,0,0,0,1,1,1,False
4,551243,-10,48907,1,704896,-1,37557,-0,002654806,0,9902614,-0,001197969,-0,1391898,0,0,0,0,0,0,0,0,0,0,0,0,0,0,0,0,0,0,0,0,0,0,1,1,1,False
4,563233,-10,48907,1,704896,-1,37557,-0,002654806,0,9902614,-0,001197969,-0,1391898,0,0,0,0,0,0,0,0,0,0,0,0,0,0,0,0,0,0,0,0,0,0,1,1,1,False
4,575287,-10,48907,1,704896,-1,37557,-0,002654806,0,9902614,-0,001197969,-0,1391898,0,0,0,0,0,0,0,0,0,0,0,0,0,0,0,0,0,0,0,0,0,0,1,1,1,False
4,58671,-10,48907,1,704896,-1,37557,-0,002654806,0,9902614,-0,001197969,-0,1391898,0,0,0,0,0,0,0,0,0,0,0,0,0,0,0,0,0,0,0,0,0,0,1,1,1,False
4,598823,-10,48907,1,704896,-1,37557,-0,002654806,0,9902614,-0,001197969,-0,1391898,0,0,0,0,0,0,0,0,0,0,0,0,0,0,0,0,0,0,0,0,0,0,1,1,1,False
4,610051,-10,48907,1,704896,-1,37557,-0,002654806,0,9902614,-0,001197969,-0,1391898,0,0,0,0,0,0,0,0,0,0,0,0,0,0,0,0,0,0,0,0,0,0,1,1,1,False
4,622146,-10,48907,1,704896,-1,37557,-0,002654806,0,9902614,-0,001197969,-0,1391898,0,0,0,0,0,0,0,0,0,0,0,0,0,0,0,0,0,0,0,0,0,0,1,1,1,False
4,634237,-10,48907,1,704896,-1,37557,-0,002654806,0,9902614,-0,001197969,-0,1391898,0,0,0,0,0,0,0,0,0,0,0,0,0,0,0,0,0,0,0,0,0,0,1,1,1,False
4,645613,-10,48907,1,704896,-1,37557,-0,002654806,0,9902614,-0,001197969,-0,1391898,0,0,0,0,0,0,0,0,0,0,0,0,0,0,0,0,0,0,0,0,0,0,1,1,1,False
4,657893,-10,48907,1,704896,-1,37557,-0,002654806,0,9902614,-0,001197969,-0,1391898,0,0,0,0,0,0,0,0,0,0,0,0,0,0,0,0,0,0,0,0,0,0,1,1,1,False
4,66935,-10,48907,1,704896,-1,37557,-0,002654806,0,9902614,-0,001197969,-0,1391898,0,0,0,0,0,0,0,0,0,0,0,0,0,0,0,0,0,0,0,0,0,0,1,1,1,False
4,681329,-10,48907,1,704896,-1,37557,-0,002654806,0,9902614,-0,001197969,-0,1391898,0,0,0,0,0,0,0,0,0,0,0,0,0,0,0,0,0,0,0,0,0,0,1,1,1,False
4,693901,-10,48907,1,704896,-1,37557,-0,002654806,0,9902614,-0,001197969,-0,1391898,0,0,0,0,0,0,0,0,0,0,0,0,0,0,0,0,0,0,0,0,0,0,1,1,1,False
4,705158,-10,48907,1,704896,-1,37557,-0,002654806,0,9902614,-0,001197969,-0,1391898,0,0,0,0,0,0,0,0,0,0,0,0,0,0,0,0,0,0,0,0,0,0,1,1,1,False
4,718144,-10,48907,1,704896,-1,37557,-0,002654806,0,9902614,-0,001197969,-0,1391898,0,0,0,0,0,0,0,0,0,0,0,0,0,0,0,0,0,0,0,0,0,0,1,1,1,False
4,730629,-10,48907,1,704896,-1,37557,-0,002654806,0,9902614,-0,001197969,-0,1391898,0,0,0,0,0,0,0,0,0,0,0,0,0,0,0,0,0,0,0,0,0,0,1,1,1,False
4,742768,-10,48907,1,704896,-1,37557,-0,002654806,0,9902614,-0,001197969,-0,1391898,0,0,0,0,0,0,0,0,0,0,0,0,0,0,0,0,0,0,0,0,0,0,1,1,1,False
4,754862,-10,48907,1,704896,-1,37557,-0,002654806,0,9902614,-0,001197969,-0,1391898,0,0,0,0,0,0,0,0,0,0,0,0,0,0,0,0,0,0,0,0,0,0,1,1,1,False
4,766353,-10,48907,1,704896,-1,37557,-0,002654806,0,9902614,-0,001197969,-0,1391898,0,0,0,0,0,0,0,0,0,0,0,0,0,0,0,0,0,0,0,0,0,0,1,1,1,False
4,778452,-10,48907,1,704896,-1,37557,-0,002654806,0,9902614,-0,001197969,-0,1391898,0,0,0,0,0,0,0,0,0,0,0,0,0,0,0,0,0,0,0,0,0,0,1,1,1,False
4,79012,-10,48907,1,704896,-1,37557,-0,002654806,0,9902614,-0,001197969,-0,1391898,0,0,0,0,0,0,0,0,0,0,0,0,0,0,0,0,0,0,0,0,0,0,1,1,1,False
4,802384,-10,48907,1,704896,-1,37557,-0,002654806,0,9902614,-0,001197969,-0,1391898,0,0,0,0,0,0,0,0,0,0,0,0,0,0,0,0,0,0,0,0,0,0,1,1,1,False
4,814604,-10,48907,1,704896,-1,37557,-0,002654806,0,9902614,-0,001197969,-0,1391898,0,0,0,0,0,0,0,0,0,0,0,0,0,0,0,0,0,0,0,0,0,0,1,1,1,False
4,826101,-10,48907,1,704896,-1,37557,-0,002654806,0,9902614,-0,001197969,-0,1391898,0,0,0,0,0,0,0,0,0,0,0,0,0,0,0,0,0,0,0,0,0,0,1,1,1,False
4,838357,-10,48907,1,704896,-1,37557,-0,002654806,0,9902614,-0,001197969,-0,1391898,0,0,0,0,0,0,0,0,0,0,0,0,0,0,0,0,0,0,0,0,0,0,1,1,1,False
4,850192,-10,48907,1,704896,-1,37557,-0,002654806,0,9902614,-0,001197969,-0,1391898,0,0,0,0,0,0,0,0,0,0,0,0,0,0,0,0,0,0,0,0,0,0,1,1,1,False
4,862561,-10,48907,1,704896,-1,37557,-0,002654806,0,9902614,-0,001197969,-0,1391898,0,0,0,0,0,0,0,0,0,0,0,0,0,0,0,0,0,0,0,0,0,0,1,1,1,False
4,874713,-10,48907,1,704896,-1,37557,-0,002654806,0,9902614,-0,001197969,-0,1391898,0,0,0,0,0,0,0,0,0,0,0,0,0,0,0,0,0,0,0,0,0,0,1,1,1,False
4,886462,-10,48907,1,704896,-1,37557,-0,002654806,0,9902614,-0,001197969,-0,1391898,0,0,0,0,0,0,0,0,0,0,0,0,0,0,0,0,0,0,0,0,0,0,1,1,1,False
4,900416,-10,48907,1,704896,-1,37557,-0,002654806,0,9902614,-0,001197969,-0,1391898,0,0,0,0,0,0,0,0,0,0,0,0,0,0,0,0,0,0,0,0,0,0,1,1,1,False
4,91262,-10,48907,1,704896,-1,37557,-0,002654806,0,9902614,-0,001197969,-0,1391898,0,0,0,0,0,0,0,0,0,0,0,0,0,0,0,0,0,0,0,0,0,0,1,1,1,False
4,923799,-10,48907,1,704896,-1,37557,-0,002654806,0,9902614,-0,001197969,-0,1391898,0,0,0,0,0,0,0,0,0,0,0,0,0,0,0,0,0,0,0,0,0,0,1,1,1,False
4,935843,-10,48907,1,704896,-1,37557,-0,002654806,0,9902614,-0,001197969,-0,1391898,0,0,0,0,0,0,0,0,0,0,0,0,0,0,0,0,0,0,0,0,0,0,1,1,1,False
4,947233,-10,48907,1,704896,-1,37557,-0,002654806,0,9902614,-0,001197969,-0,1391898,0,0,0,0,0,0,0,0,0,0,0,0,0,0,0,0,0,0,0,0,0,0,1,1,1,False
4,959164,-10,48907,1,704896,-1,37557,-0,002654806,0,9902614,-0,001197969,-0,1391898,0,0,0,0,0,0,0,0,0,0,0,0,0,0,0,0,0,0,0,0,0,0,1,1,1,False
4,970681,-10,48907,1,704896,-1,37557,-0,002654806,0,9902614,-0,001197969,-0,1391898,0,0,0,0,0,0,0,0,0,0,0,0,0,0,0,0,0,0,0,0,0,0,1,1,1,False
4,982848,-10,48907,1,704896,-1,37557,-0,002654806,0,9902614,-0,001197969,-0,1391898,0,0,0,0,0,0,0,0,0,0,0,0,0,0,0,0,0,0,0,0,0,0,1,1,1,False
4,995624,-10,48907,1,704896,-1,37557,-0,002654806,0,9902614,-0,001197969,-0,1391898,0,0,0,0,0,0,0,0,0,0,0,0,0,0,0,0,0,0,0,0,0,0,1,1,1,False
5,007195,-10,48907,1,704896,-1,37557,-0,002654806,0,9902614,-0,001197969,-0,1391898,0,0,0,0,0,0,0,0,0,0,0,0,0,0,0,0,0,0,0,0,0,0,1,1,1,False
5,019218,-10,48907,1,704896,-1,37557,-0,002654806,0,9902614,-0,001197969,-0,1391898,0,0,0,0,0,0,0,0,0,0,0,0,0,0,0,0,0,0,0,0,0,0,1,1,1,False
5,030583,-10,48907,1,704896,-1,37557,-0,002654806,0,9902614,-0,001197969,-0,1391898,0,0,0,0,0,0,0,0,0,0,0,0,0,0,0,0,0,0,0,0,0,0,1,1,1,False
5,046204,-10,48907,1,704896,-1,37557,-0,002654806,0,9902614,-0,001197969,-0,1391898,0,0,0,0,0,0,0,0,0,0,0,0,0,0,0,0,0,0,0,0,0,0,1,1,1,False
5,058519,-10,48907,1,704896,-1,37557,-0,002654806,0,9902614,-0,001197969,-0,1391898,0,0,0,0,0,0,0,0,0,0,0,0,0,0,0,0,0,0,0,0,0,0,1,1,1,False
5,07007,-10,48907,1,704896,-1,37557,-0,002654806,0,9902614,-0,001197969,-0,1391898,0,0,0,0,0,0,0,0,0,0,0,0,0,0,0,0,0,0,0,0,0,0,1,1,1,False
5,082279,-10,48907,1,704896,-1,37557,-0,002654806,0,9902614,-0,001197969,-0,1391898,0,0,0,0,0,0,0,0,0,0,0,0,0,0,0,0,0,0,0,0,0,0,1,1,1,False
5,094773,-10,48907,1,704896,-1,37557,-0,002654806,0,9902614,-0,001197969,-0,1391898,0,0,0,0,0,0,0,0,0,0,0,0,0,0,0,0,0,0,0,0,0,0,1,1,1,False
5,106363,-10,48907,1,704896,-1,37557,-0,002654806,0,9902614,-0,001197969,-0,1391898,0,0,0,0,0,0,0,0,0,0,0,0,0,0,0,0,0,0,0,0,0,0,1,1,1,False
5,118387,-10,48907,1,704896,-1,37557,-0,002654806,0,9902614,-0,001197969,-0,1391898,0,0,0,0,0,0,0,0,0,0,0,0,0,0,0,0,0,0,0,0,0,0,1,1,1,False
5,129948,-10,48907,1,704896,-1,37557,-0,002654806,0,9902614,-0,001197969,-0,1391898,0,0,0,0,0,0,0,0,0,0,0,0,0,0,0,0,0,0,0,0,0,0,1,1,1,False
5,142012,-10,48907,1,704896,-1,37557,-0,002654806,0,9902614,-0,001197969,-0,1391898,0,0,0,0,0,0,0,0,0,0,0,0,0,0,0,0,0,0,0,0,0,0,1,1,1,False
5,154077,-10,48907,1,704896,-1,37557,-0,002654806,0,9902614,-0,001197969,-0,1391898,0,0,0,0,0,0,0,0,0,0,0,0,0,0,0,0,0,0,0,0,0,0,1,1,1,False
5,165336,-10,48907,1,704896,-1,37557,-0,002654806,0,9902614,-0,001197969,-0,1391898,0,0,0,0,0,0,0,0,0,0,0,0,0,0,0,0,0,0,0,0,0,0,1,1,1,False
5,178021,-10,48907,1,704896,-1,37557,-0,002654806,0,9902614,-0,001197969,-0,1391898,0,0,0,0,0,0,0,0,0,0,0,0,0,0,0,0,0,0,0,0,0,0,1,1,1,False
5,189627,-10,48907,1,704896,-1,37557,-0,002654806,0,9902614,-0,001197969,-0,1391898,0,0,0,0,0,0,0,0,0,0,0,0,0,0,0,0,0,0,0,0,0,0,1,1,1,False
5,201861,-10,48907,1,704896,-1,37557,-0,002654806,0,9902614,-0,001197969,-0,1391898,0,0,0,0,0,0,0,0,0,0,0,0,0,0,0,0,0,0,0,0,0,0,1,1,1,False
5,214008,-10,48907,1,704896,-1,37557,-0,002654806,0,9902614,-0,001197969,-0,1391898,0,0,0,0,0,0,0,0,0,0,0,0,0,0,0,0,0,0,0,0,0,0,1,1,1,False
5,225283,-10,48907,1,704896,-1,37557,-0,002654806,0,9902614,-0,001197969,-0,1391898,0,0,0,0,0,0,0,0,0,0,0,0,0,0,0,0,0,0,0,0,0,0,1,1,1,False
5,237478,-10,48907,1,704896,-1,37557,-0,002654806,0,9902614,-0,001197969,-0,1391898,0,0,0,0,0,0,0,0,0,0,0,0,0,0,0,0,0,0,0,0,0,0,1,1,1,False
5,248939,-10,48907,1,704896,-1,37557,-0,002654806,0,9902614,-0,001197969,-0,1391898,0,0,0,0,0,0,0,0,0,0,0,0,0,0,0,0,0,0,0,0,0,0,1,1,1,False
5,261053,-10,48907,1,704896,-1,37557,-0,002654806,0,9902614,-0,001197969,-0,1391898,0,0,0,0,0,0,0,0,0,0,0,0,0,0,0,0,0,0,0,0,0,0,1,1,1,False
5,273085,-10,48907,1,704896,-1,37557,-0,002654806,0,9902614,-0,001197969,-0,1391898,0,0,0,0,0,0,0,0,0,0,0,0,0,0,0,0,0,0,0,0,0,0,1,1,1,False
5,284363,-10,48907,1,704896,-1,37557,-0,002654806,0,9902614,-0,001197969,-0,1391898,0,0,0,0,0,0,0,0,0,0,0,0,0,0,0,0,0,0,0,0,0,0,1,1,1,False
5,296733,-10,48907,1,704896,-1,37557,-0,002654806,0,9902614,-0,001197969,-0,1391898,0,0,0,0,0,0,0,0,0,0,0,0,0,0,0,0,0,0,0,0,0,0,1,1,1,False
5,308115,-10,48907,1,704896,-1,37557,-0,002654806,0,9902614,-0,001197969,-0,1391898,0,0,0,0,0,0,0,0,0,0,0,0,0,0,0,0,0,0,0,0,0,0,1,1,1,False
5,320387,-10,48907,1,704896,-1,37557,-0,002654806,0,9902614,-0,001197969,-0,1391898,0,0,0,0,0,0,0,0,0,0,0,0,0,0,0,0,0,0,0,0,0,0,1,1,1,False
5,332401,-10,48907,1,704896,-1,37557,-0,002654806,0,9902614,-0,001197969,-0,1391898,0,0,0,0,0,0,0,0,0,0,0,0,0,0,0,0,0,0,0,0,0,0,1,1,1,False
5,343609,-10,48907,1,704896,-1,37557,-0,002654806,0,9902614,-0,001197969,-0,1391898,0,0,0,0,0,0,0,0,0,0,0,0,0,0,0,0,0,0,0,0,0,0,1,1,1,False
5,355755,-10,48907,1,704896,-1,37557,-0,002654806,0,9902614,-0,001197969,-0,1391898,0,0,0,0,0,0,0,0,0,0,0,0,0,0,0,0,0,0,0,0,0,0,1,1,1,False
5,366898,-10,48907,1,704896,-1,37557,-0,002654806,0,9902614,-0,001197969,-0,1391898,0,0,0,0,0,0,0,0,0,0,0,0,0,0,0,0,0,0,0,0,0,0,1,1,1,False
5,379097,-10,48907,1,704896,-1,37557,-0,002654806,0,9902614,-0,001197969,-0,1391898,0,0,0,0,0,0,0,0,0,0,0,0,0,0,0,0,0,0,0,0,0,0,1,1,1,False
5,390446,-10,48907,1,704896,-1,37557,-0,002654806,0,9902614,-0,001197969,-0,1391898,0,0,0,0,0,0,0,0,0,0,0,0,0,0,0,0,0,0,0,0,0,0,1,1,1,False
5,403398,-10,48907,1,704896,-1,37557,-0,002654806,0,9902614,-0,001197969,-0,1391898,0,0,0,0,0,0,0,0,0,0,0,0,0,0,0,0,0,0,0,0,0,0,1,1,1,False
5,415756,-10,48907,1,704896,-1,37557,-0,002654806,0,9902614,-0,001197969,-0,1391898,0,0,0,0,0,0,0,0,0,0,0,0,0,0,0,0,0,0,0,0,0,0,1,1,1,False
5,427197,-10,48907,1,704896,-1,37557,-0,002654806,0,9902614,-0,001197969,-0,1391898,0,0,0,0,0,0,0,0,0,0,0,0,0,0,0,0,0,0,0,0,0,0,1,1,1,False
5,439283,-10,48907,1,704896,-1,37557,-0,002654806,0,9902614,-0,001197969,-0,1391898,0,0,0,0,0,0,0,0,0,0,0,0,0,0,0,0,0,0,0,0,0,0,1,1,1,False
5,45045,-10,48907,1,704896,-1,37557,-0,002654806,0,9902614,-0,001197969,-0,1391898,0,0,0,0,0,0,0,0,0,0,0,0,0,0,0,0,0,0,0,0,0,0,1,1,1,False
5,462458,-10,48907,1,704896,-1,37557,-0,002654806,0,9902614,-0,001197969,-0,1391898,0,0,0,0,0,0,0,0,0,0,0,0,0,0,0,0,0,0,0,0,0,0,1,1,1,False
5,474442,-10,48907,1,704896,-1,37557,-0,002654806,0,9902614,-0,001197969,-0,1391898,0,0,0,0,0,0,0,0,0,0,0,0,0,0,0,0,0,0,0,0,0,0,1,1,1,False
5,485599,-10,48907,1,704896,-1,37557,-0,002654806,0,9902614,-0,001197969,-0,1391898,0,0,0,0,0,0,0,0,0,0,0,0,0,0,0,0,0,0,0,0,0,0,1,1,1,False
5,49794,-10,48907,1,704896,-1,37557,-0,002654806,0,9902614,-0,001197969,-0,1391898,0,0,0,0,0,0,0,0,0,0,0,0,0,0,0,0,0,0,0,0,0,0,1,1,1,False
5,50931,-10,48907,1,704896,-1,37557,-0,002654806,0,9902614,-0,001197969,-0,1391898,0,0,0,0,0,0,0,0,0,0,0,0,0,0,0,0,0,0,0,0,0,0,1,1,1,False
5,522859,-10,48907,1,704896,-1,37557,-0,002654806,0,9902614,-0,001197969,-0,1391898,0,0,0,0,0,0,0,0,0,0,0,0,0,0,0,0,0,0,0,0,0,0,1,1,1,False
5,53508,-10,48907,1,704896,-1,37557,-0,002654806,0,9902614,-0,001197969,-0,1391898,0,0,0,0,0,0,0,0,0,0,0,0,0,0,0,0,0,0,0,0,0,0,1,1,1,False
5,546573,-10,48907,1,704896,-1,37557,-0,002654806,0,9902614,-0,001197969,-0,1391898,0,0,0,0,0,0,0,0,0,0,0,0,0,0,0,0,0,0,0,0,0,0,1,1,1,False
5,558819,-10,48907,1,704896,-1,37557,-0,002654806,0,9902614,-0,001197969,-0,1391898,0,0,0,0,0,0,0,0,0,0,0,0,0,0,0,0,0,0,0,0,0,0,1,1,1,False
5,569999,-10,48907,1,704896,-1,37557,-0,002654806,0,9902614,-0,001197969,-0,1391898,0,0,0,0,0,0,0,0,0,0,0,0,0,0,0,0,0,0,0,0,0,0,1,1,1,False
5,582057,-10,48907,1,704896,-1,37557,-0,002654806,0,9902614,-0,001197969,-0,1391898,0,0,0,0,0,0,0,0,0,0,0,0,0,0,0,0,0,0,0,0,0,0,1,1,1,False
5,594297,-10,48907,1,704896,-1,37557,-0,002654806,0,9902614,-0,001197969,-0,1391898,0,0,0,0,0,0,0,0,0,0,0,0,0,0,0,0,0,0,0,0,0,0,1,1,1,False
5,605884,-10,48907,1,704896,-1,37557,-0,002654806,0,9902614,-0,001197969,-0,1391898,0,0,0,0,0,0,0,0,0,0,0,0,0,0,0,0,0,0,0,0,0,0,1,1,1,False
5,618239,-10,48907,1,704896,-1,37557,-0,002654806,0,9902614,-0,001197969,-0,1391898,0,0,0,0,0,0,0,0,0,0,0,0,0,0,0,0,0,0,0,0,0,0,1,1,1,False
5,62976,-10,48907,1,704896,-1,37557,-0,002654806,0,9902614,-0,001197969,-0,1391898,0,0,0,0,0,0,0,0,0,0,0,0,0,0,0,0,0,0,0,0,0,0,1,1,1,False
5,641932,-10,48907,1,704896,-1,37557,-0,002654806,0,9902614,-0,001197969,-0,1391898,0,0,0,0,0,0,0,0,0,0,0,0,0,0,0,0,0,0,0,0,0,0,1,1,1,False
5,654423,-10,48907,1,704896,-1,37557,-0,002654806,0,9902614,-0,001197969,-0,1391898,0,0,0,0,0,0,0,0,0,0,0,0,0,0,0,0,0,0,0,0,0,0,1,1,1,False
5,665707,-10,48907,1,704896,-1,37557,-0,002654806,0,9902614,-0,001197969,-0,1391898,0,0,0,0,0,0,0,0,0,0,0,0,0,0,0,0,0,0,0,0,0,0,1,1,1,False
5,67787,-10,48907,1,704896,-1,37557,-0,002654806,0,9902614,-0,001197969,-0,1391898,0,0,0,0,0,0,0,0,0,0,0,0,0,0,0,0,0,0,0,0,0,0,1,1,1,False
5,6891,-10,48907,1,704896,-1,37557,-0,002654806,0,9902614,-0,001197969,-0,1391898,0,0,0,0,0,0,0,0,0,0,0,0,0,0,0,0,0,0,0,0,0,0,1,1,1,False
5,701329,-10,48907,1,704896,-1,37557,-0,002654806,0,9902614,-0,001197969,-0,1391898,0,0,0,0,0,0,0,0,0,0,0,0,0,0,0,0,0,0,0,0,0,0,1,1,1,False
5,71348,-10,48907,1,704896,-1,37557,-0,002654806,0,9902614,-0,001197969,-0,1391898,0,0,0,0,0,0,0,0,0,0,0,0,0,0,0,0,0,0,0,0,0,0,1,1,1,False
5,724899,-10,48907,1,704896,-1,37557,-0,002654806,0,9902614,-0,001197969,-0,1391898,0,0,0,0,0,0,0,0,0,0,0,0,0,0,0,0,0,0,0,0,0,0,1,1,1,False
5,737173,-10,48907,1,704896,-1,37557,-0,002654806,0,9902614,-0,001197969,-0,1391898,0,0,0,0,0,0,0,0,0,0,0,0,0,0,0,0,0,0,0,0,0,0,1,1,1,False
5,749323,-10,48907,1,704896,-1,37557,-0,002654806,0,9902614,-0,001197969,-0,1391898,0,0,0,0,0,0,0,0,0,0,0,0,0,0,0,0,0,0,0,0,0,0,1,1,1,False
5,761611,-10,48907,1,704896,-1,37557,-0,002654806,0,9902614,-0,001197969,-0,1391898,0,0,0,0,0,0,0,0,0,0,0,0,0,0,0,0,0,0,0,0,0,0,1,1,1,False
5,773823,-10,48907,1,704896,-1,37557,-0,002654806,0,9902614,-0,001197969,-0,1391898,0,0,0,0,0,0,0,0,0,0,0,0,0,0,0,0,0,0,0,0,0,0,1,1,1,False
5,7853,-10,48907,1,704896,-1,37557,-0,002654806,0,9902614,-0,001197969,-0,1391898,0,0,0,0,0,0,0,0,0,0,0,0,0,0,0,0,0,0,0,0,0,0,1,1,1,False
5,797584,-10,48907,1,704896,-1,37557,-0,002654806,0,9902614,-0,001197969,-0,1391898,0,0,0,0,0,0,0,0,0,0,0,0,0,0,0,0,0,0,0,0,0,0,1,1,1,False
5,808935,-10,48907,1,704896,-1,37557,-0,002654806,0,9902614,-0,001197969,-0,1391898,0,0,0,0,0,0,0,0,0,0,0,0,0,0,0,0,0,0,0,0,0,0,1,1,1,False
5,821066,-10,48907,1,704896,-1,37557,-0,002654806,0,9902614,-0,001197969,-0,1391898,0,0,0,0,0,0,0,0,0,0,0,0,0,0,0,0,0,0,0,0,0,0,1,1,1,False
5,833098,-10,48907,1,704896,-1,37557,-0,002654806,0,9902614,-0,001197969,-0,1391898,0,0,0,0,0,0,0,0,0,0,0,0,0,0,0,0,0,0,0,0,0,0,1,1,1,False
5,844502,-10,48907,1,704896,-1,37557,-0,002654806,0,9902614,-0,001197969,-0,1391898,0,0,0,0,0,0,0,0,0,0,0,0,0,0,0,0,0,0,0,0,0,0,1,1,1,False
5,856598,-10,48907,1,704896,-1,37557,-0,002654806,0,9902614,-0,001197969,-0,1391898,0,0,0,0,0,0,0,0,0,0,0,0,0,0,0,0,0,0,0,0,0,0,1,1,1,False
5,867836,-10,48907,1,704896,-1,37557,-0,002654806,0,9902614,-0,001197969,-0,1391898,0,0,0,0,0,0,0,0,0,0,0,0,0,0,0,0,0,0,0,0,0,0,1,1,1,False
5,879865,-10,48907,1,704896,-1,37557,-0,002654806,0,9902614,-0,001197969,-0,1391898,0,0,0,0,0,0,0,0,0,0,0,0,0,0,0,0,0,0,0,0,0,0,1,1,1,False
5,891268,-10,48907,1,704896,-1,37557,-0,002654806,0,9902614,-0,001197969,-0,1391898,0,0,0,0,0,0,0,0,0,0,0,0,0,0,0,0,0,0,0,0,0,0,1,1,1,False
5,903517,-10,48907,1,704896,-1,37557,-0,002654806,0,9902614,-0,001197969,-0,1391898,0,0,0,0,0,0,0,0,0,0,0,0,0,0,0,0,0,0,0,0,0,0,1,1,1,False
5,91578,-10,48907,1,704896,-1,37557,-0,002654806,0,9902614,-0,001197969,-0,1391898,0,0,0,0,0,0,0,0,0,0,0,0,0,0,0,0,0,0,0,0,0,0,1,1,1,False
5,927201,-10,48907,1,704896,-1,37557,-0,002654806,0,9902614,-0,001197969,-0,1391898,0,0,0,0,0,0,0,0,0,0,0,0,0,0,0,0,0,0,0,0,0,0,1,1,1,False
5,939265,-10,48907,1,704896,-1,37557,-0,002654806,0,9902614,-0,001197969,-0,1391898,0,0,0,0,0,0,0,0,0,0,0,0,0,0,0,0,0,0,0,0,0,0,1,1,1,False
5,950572,-10,48907,1,704896,-1,37557,-0,002654806,0,9902614,-0,001197969,-0,1391898,0,0,0,0,0,0,0,0,0,0,0,0,0,0,0,0,0,0,0,0,0,0,1,1,1,False
5,962811,-10,48907,1,704896,-1,37557,-0,002654806,0,9902614,-0,001197969,-0,1391898,0,0,0,0,0,0,0,0,0,0,0,0,0,0,0,0,0,0,0,0,0,0,1,1,1,False
5,974998,-10,48907,1,704896,-1,37557,-0,002654806,0,9902614,-0,001197969,-0,1391898,0,0,0,0,0,0,0,0,0,0,0,0,0,0,0,0,0,0,0,0,0,0,1,1,1,False
5,986146,-10,48907,1,704896,-1,37557,-0,002654806,0,9902614,-0,001197969,-0,1391898,0,0,0,0,0,0,0,0,0,0,0,0,0,0,0,0,0,0,0,0,0,0,1,1,1,False
5,99826,-10,48907,1,704896,-1,37557,-0,002654806,0,9902614,-0,001197969,-0,1391898,0,0,0,0,0,0,0,0,0,0,0,0,0,0,0,0,0,0,0,0,0,0,1,1,1,False
6,009795,-10,48907,1,704896,-1,37557,-0,002654806,0,9902614,-0,001197969,-0,1391898,0,0,0,0,0,0,0,0,0,0,0,0,0,0,0,0,0,0,0,0,0,0,1,1,1,False
6,021888,-10,48907,1,704896,-1,37557,-0,002654806,0,9902614,-0,001197969,-0,1391898,0,0,0,0,0,0,0,0,0,0,0,0,0,0,0,0,0,0,0,0,0,0,1,1,1,False
6,03416,-10,48907,1,704896,-1,37557,-0,002654806,0,9902614,-0,001197969,-0,1391898,0,0,0,0,0,0,0,0,0,0,0,0,0,0,0,0,0,0,0,0,0,0,1,1,1,False
6,045456,-10,48907,1,704896,-1,37557,-0,002654806,0,9902614,-0,001197969,-0,1391898,0,0,0,0,0,0,0,0,0,0,0,0,0,0,0,0,0,0,0,0,0,0,1,1,1,False
6,057649,-10,48907,1,704896,-1,37557,-0,002654806,0,9902614,-0,001197969,-0,1391898,0,0,0,0,0,0,0,0,0,0,0,0,0,0,0,0,0,0,0,0,0,0,1,1,1,False
6,068923,-10,48907,1,704896,-1,37557,-0,002654806,0,9902614,-0,001197969,-0,1391898,0,0,0,0,0,0,0,0,0,0,0,0,0,0,0,0,0,0,0,0,0,0,1,1,1,False
6,080992,-10,48907,1,704896,-1,37557,-0,002654806,0,9902614,-0,001197969,-0,1391898,0,0,0,0,0,0,0,0,0,0,0,0,0,0,0,0,0,0,0,0,0,0,1,1,1,False
6,093573,-10,48907,1,704896,-1,37557,-0,002654806,0,9902614,-0,001197969,-0,1391898,0,0,0,0,0,0,0,0,0,0,0,0,0,0,0,0,0,0,0,0,0,0,1,1,1,False
6,105344,-10,48907,1,704896,-1,37557,-0,002654806,0,9902614,-0,001197969,-0,1391898,0,0,0,0,0,0,0,0,0,0,0,0,0,0,0,0,0,0,0,0,0,0,1,1,1,False
6,11759,-10,48907,1,704896,-1,37557,-0,002654806,0,9902614,-0,001197969,-0,1391898,0,0,0,0,0,0,0,0,0,0,0,0,0,0,0,0,0,0,0,0,0,0,1,1,1,False
6,128819,-10,48907,1,704896,-1,37557,-0,002654806,0,9902614,-0,001197969,-0,1391898,0,0,0,0,0,0,0,0,0,0,0,0,0,0,0,0,0,0,0,0,0,0,1,1,1,False
6,140891,-10,48907,1,704896,-1,37557,-0,002654806,0,9902614,-0,001197969,-0,1391898,0,0,0,0,0,0,0,0,0,0,0,0,0,0,0,0,0,0,0,0,0,0,1,1,1,False
6,152804,-10,48907,1,704896,-1,37557,-0,002654806,0,9902614,-0,001197969,-0,1391898,0,0,0,0,0,0,0,0,0,0,0,0,0,0,0,0,0,0,0,0,0,0,1,1,1,False
6,164051,-10,48907,1,704896,-1,37557,-0,002654806,0,9902614,-0,001197969,-0,1391898,0,0,0,0,0,0,0,0,0,0,0,0,0,0,0,0,0,0,0,0,0,0,1,1,1,False
6,176163,-10,48907,1,704896,-1,37557,-0,002654806,0,9902614,-0,001197969,-0,1391898,0,0,0,0,0,0,0,0,0,0,0,0,0,0,0,0,0,0,0,0,0,0,1,1,1,False
6,188156,-10,48907,1,704896,-1,37557,-0,002654806,0,9902614,-0,001197969,-0,1391898,0,0,0,0,0,0,0,0,0,0,0,0,0,0,0,0,0,0,0,0,0,0,1,1,1,False
6,200433,-10,48907,1,704896,-1,37557,-0,002654806,0,9902614,-0,001197969,-0,1391898,0,0,0,0,0,0,0,0,0,0,0,0,0,0,0,0,0,0,0,0,0,0,1,1,1,False
6,212622,-10,48907,1,704896,-1,37557,-0,002654806,0,9902614,-0,001197969,-0,1391898,0,0,0,0,0,0,0,0,0,0,0,0,0,0,0,0,0,0,0,0,0,0,1,1,1,False
6,223976,-10,48907,1,704896,-1,37557,-0,002654806,0,9902614,-0,001197969,-0,1391898,0,0,0,0,0,0,0,0,0,0,0,0,0,0,0,0,0,0,0,0,0,0,1,1,1,False
6,236271,-10,48907,1,704896,-1,37557,-0,002654806,0,9902614,-0,001197969,-0,1391898,0,0,0,0,0,0,0,0,0,0,0,0,0,0,0,0,0,0,0,0,0,0,1,1,1,False
6,247565,-10,48907,1,704896,-1,37557,-0,002654806,0,9902614,-0,001197969,-0,1391898,0,0,0,0,0,0,0,0,0,0,0,0,0,0,0,0,0,0,0,0,0,0,1,1,1,False
6,259688,-10,48907,1,704896,-1,37557,-0,002654806,0,9902614,-0,001197969,-0,1391898,0,0,0,0,0,0,0,0,0,0,0,0,0,0,0,0,0,0,0,0,0,0,1,1,1,False
6,270854,-10,48907,1,704896,-1,37557,-0,002654806,0,9902614,-0,001197969,-0,1391898,0,0,0,0,0,0,0,0,0,0,0,0,0,0,0,0,0,0,0,0,0,0,1,1,1,False
6,28302,-10,48907,1,704896,-1,37557,-0,002654806,0,9902614,-0,001197969,-0,1391898,0,0,0,0,0,0,0,0,0,0,0,0,0,0,0,0,0,0,0,0,0,0,1,1,1,False
6,295179,-10,48907,1,704896,-1,37557,-0,002654806,0,9902614,-0,001197969,-0,1391898,0,0,0,0,0,0,0,0,0,0,0,0,0,0,0,0,0,0,0,0,0,0,1,1,1,False
6,306989,-10,48907,1,704896,-1,37557,-0,002654806,0,9902614,-0,001197969,-0,1391898,0,0,0,0,0,0,0,0,0,0,0,0,0,0,0,0,0,0,0,0,0,0,1,1,1,False
6,319123,-10,48907,1,704896,-1,37557,-0,002654806,0,9902614,-0,001197969,-0,1391898,0,0,0,0,0,0,0,0,0,0,0,0,0,0,0,0,0,0,0,0,0,0,1,1,1,False
6,330414,-10,48907,1,704896,-1,37557,-0,002654806,0,9902614,-0,001197969,-0,1391898,0,0,0,0,0,0,0,0,0,0,0,0,0,0,0,0,0,0,0,0,0,0,1,1,1,False
6,342405,-10,48907,1,704896,-1,37557,-0,002654806,0,9902614,-0,001197969,-0,1391898,0,0,0,0,0,0,0,0,0,0,0,0,0,0,0,0,0,0,0,0,0,0,1,1,1,False
6,354746,-10,48907,1,704896,-1,37557,-0,002654806,0,9902614,-0,001197969,-0,1391898,0,0,0,0,0,0,0,0,0,0,0,0,0,0,0,0,0,0,0,0,0,0,1,1,1,False
6,366073,-10,48907,1,704896,-1,37557,-0,002654806,0,9902614,-0,001197969,-0,1391898,0,0,0,0,0,0,0,0,0,0,0,0,0,0,0,0,0,0,0,0,0,0,1,1,1,False
6,378183,-10,48907,1,704896,-1,37557,-0,002654806,0,9902614,-0,001197969,-0,1391898,0,0,0,0,0,0,0,0,0,0,0,0,0,0,0,0,0,0,0,0,0,0,1,1,1,False
6,389498,-10,48907,1,704896,-1,37557,-0,002654806,0,9902614,-0,001197969,-0,1391898,0,0,0,0,0,0,0,0,0,0,0,0,0,0,0,0,0,0,0,0,0,0,1,1,1,False
6,401857,-10,48907,1,704896,-1,37557,-0,002654806,0,9902614,-0,001197969,-0,1391898,0,0,0,0,0,0,0,0,0,0,0,0,0,0,0,0,0,0,0,0,0,0,1,1,1,False
6,414264,-10,48907,1,704896,-1,37557,-0,002654806,0,9902614,-0,001197969,-0,1391898,0,0,0,0,0,0,0,0,0,0,0,0,0,0,0,0,0,0,0,0,0,0,1,1,1,False
6,425642,-10,48907,1,704896,-1,37557,-0,002654806,0,9902614,-0,001197969,-0,1391898,0,0,0,0,0,0,0,0,0,0,0,0,0,0,0,0,0,0,0,0,0,0,1,1,1,False
6,437852,-10,48907,1,704896,-1,37557,-0,002654806,0,9902614,-0,001197969,-0,1391898,0,0,0,0,0,0,0,0,0,0,0,0,0,0,0,0,0,0,0,0,0,0,1,1,1,False
6,449565,-10,48907,1,704896,-1,37557,-0,002654806,0,9902614,-0,001197969,-0,1391898,0,0,0,0,0,0,0,0,0,0,0,0,0,0,0,0,0,0,0,0,0,0,1,1,1,False
6,461788,-10,48907,1,704896,-1,37557,-0,002654806,0,9902614,-0,001197969,-0,1391898,0,0,0,0,0,0,0,0,0,0,0,0,0,0,0,0,0,0,0,0,0,0,1,1,1,False
6,473805,-10,48907,1,704896,-1,37557,-0,002654806,0,9902614,-0,001197969,-0,1391898,0,0,0,0,0,0,0,0,0,0,0,0,0,0,0,0,0,0,0,0,0,0,1,1,1,False
6,485055,-10,48907,1,704896,-1,37557,-0,002654806,0,9902614,-0,001197969,-0,1391898,0,0,0,0,0,0,0,0,0,0,0,0,0,0,0,0,0,0,0,0,0,0,1,1,1,False
6,497149,-10,48907,1,704896,-1,37557,-0,002654806,0,9902614,-0,001197969,-0,1391898,0,0,0,0,0,0,0,0,0,0,0,0,0,0,0,0,0,0,0,0,0,0,1,1,1,False
6,508984,-10,48907,1,704896,-1,37557,-0,002654806,0,9902614,-0,001197969,-0,1391898,0,0,0,0,0,0,0,0,0,0,0,0,0,0,0,0,0,0,0,0,0,0,1,1,1,False
6,521295,-10,48907,1,704896,-1,37557,-0,002654806,0,9902614,-0,001197969,-0,1391898,0,0,0,0,0,0,0,0,0,0,0,0,0,0,0,0,0,0,0,0,0,0,1,1,1,False
6,533431,-10,48907,1,704896,-1,37557,-0,002654806,0,9902614,-0,001197969,-0,1391898,0,0,0,0,0,0,0,0,0,0,0,0,0,0,0,0,0,0,0,0,0,0,1,1,1,False
6,544888,-10,48907,1,704896,-1,37557,-0,002654806,0,9902614,-0,001197969,-0,1391898,0,0,0,0,0,0,0,0,0,0,0,0,0,0,0,0,0,0,0,0,0,0,1,1,1,False
6,556939,-10,48907,1,704896,-1,37557,-0,002654806,0,9902614,-0,001197969,-0,1391898,0,0,0,0,0,0,0,0,0,0,0,0,0,0,0,0,0,0,0,0,0,0,1,1,1,False
6,568309,-10,48907,1,704896,-1,37557,-0,002654806,0,9902614,-0,001197969,-0,1391898,0,0,0,0,0,0,0,0,0,0,0,0,0,0,0,0,0,0,0,0,0,0,1,1,1,False
6,580653,-10,48907,1,704896,-1,37557,-0,002654806,0,9902614,-0,001197969,-0,1391898,0,0,0,0,0,0,0,0,0,0,0,0,0,0,0,0,0,0,0,0,0,0,1,1,1,False
6,592805,-10,48907,1,704896,-1,37557,-0,002654806,0,9902614,-0,001197969,-0,1391898,0,0,0,0,0,0,0,0,0,0,0,0,0,0,0,0,0,0,0,0,0,0,1,1,1,False
6,604223,-10,48907,1,704896,-1,37557,-0,002654806,0,9902614,-0,001197969,-0,1391898,0,0,0,0,0,0,0,0,0,0,0,0,0,0,0,0,0,0,0,0,0,0,1,1,1,False
6,616489,-10,48907,1,704896,-1,37557,-0,002654806,0,9902614,-0,001197969,-0,1391898,0,0,0,0,0,0,0,0,0,0,0,0,0,0,0,0,0,0,0,0,0,0,1,1,1,False
6,627804,-10,48907,1,704896,-1,37557,-0,002654806,0,9902614,-0,001197969,-0,1391898,0,0,0,0,0,0,0,0,0,0,0,0,0,0,0,0,0,0,0,0,0,0,1,1,1,False
6,639815,-10,48907,1,704896,-1,37557,-0,002654806,0,9902614,-0,001197969,-0,1391898,0,0,0,0,0,0,0,0,0,0,0,0,0,0,0,0,0,0,0,0,0,0,1,1,1,False
6,651502,-10,48907,1,704896,-1,37557,-0,002654806,0,9902614,-0,001197969,-0,1391898,0,0,0,0,0,0,0,0,0,0,0,0,0,0,0,0,0,0,0,0,0,0,1,1,1,False
6,663661,-10,48907,1,704896,-1,37557,-0,002654806,0,9902614,-0,001197969,-0,1391898,0,0,0,0,0,0,0,0,0,0,0,0,0,0,0,0,0,0,0,0,0,0,1,1,1,False
6,676158,-10,48907,1,704896,-1,37557,-0,002654806,0,9902614,-0,001197969,-0,1391898,0,0,0,0,0,0,0,0,0,0,0,0,0,0,0,0,0,0,0,0,0,0,1,1,1,False
6,687467,-10,48907,1,704896,-1,37557,-0,002654806,0,9902614,-0,001197969,-0,1391898,0,0,0,0,0,0,0,0,0,0,0,0,0,0,0,0,0,0,0,0,0,0,1,1,1,False
6,699492,-10,48907,1,704896,-1,37557,-0,002654806,0,9902614,-0,001197969,-0,1391898,0,0,0,0,0,0,0,0,0,0,0,0,0,0,0,0,0,0,0,0,0,0,1,1,1,False
6,711023,-10,48907,1,704896,-1,37557,-0,002654806,0,9902614,-0,001197969,-0,1391898,0,0,0,0,0,0,0,0,0,0,0,0,0,0,0,0,0,0,0,0,0,0,1,1,1,False
6,72336,-10,48907,1,704896,-1,37557,-0,002654806,0,9902614,-0,001197969,-0,1391898,0,0,0,0,0,0,0,0,0,0,0,0,0,0,0,0,0,0,0,0,0,0,1,1,1,False
6,735495,-10,48907,1,704896,-1,37557,-0,002654806,0,9902614,-0,001197969,-0,1391898,0,0,0,0,0,0,0,0,0,0,0,0,0,0,0,0,0,0,0,0,0,0,1,1,1,False
6,746752,-10,48907,1,704896,-1,37557,-0,002654806,0,9902614,-0,001197969,-0,1391898,0,0,0,0,0,0,0,0,0,0,0,0,0,0,0,0,0,0,0,0,0,0,1,1,1,False
6,758848,-10,48907,1,704896,-1,37557,-0,002654806,0,9902614,-0,001197969,-0,1391898,0,0,0,0,0,0,0,0,0,0,0,0,0,0,0,0,0,0,0,0,0,0,1,1,1,False
6,770497,-10,48907,1,704896,-1,37557,-0,002654806,0,9902614,-0,001197969,-0,1391898,0,0,0,0,0,0,0,0,0,0,0,0,0,0,0,0,0,0,0,0,0,0,1,1,1,False
6,783182,-10,48907,1,704896,-1,37557,-0,002654806,0,9902614,-0,001197969,-0,1391898,0,0,0,0,0,0,0,0,0,0,0,0,0,0,0,0,0,0,0,0,0,0,1,1,1,False
6,795494,-10,48907,1,704896,-1,37557,-0,002654806,0,9902614,-0,001197969,-0,1391898,0,0,0,0,0,0,0,0,0,0,0,0,0,0,0,0,0,0,0,0,0,0,1,1,1,False
6,807051,-10,48907,1,704896,-1,37557,-0,002654806,0,9902614,-0,001197969,-0,1391898,0,0,0,0,0,0,0,0,0,0,0,0,0,0,0,0,0,0,0,0,0,0,1,1,1,False
6,819247,-10,48907,1,704896,-1,37557,-0,002654806,0,9902614,-0,001197969,-0,1391898,0,0,0,0,0,0,0,0,0,0,0,0,0,0,0,0,0,0,0,0,0,0,1,1,1,False
6,830603,-10,48907,1,704896,-1,37557,-0,002654806,0,9902614,-0,001197969,-0,1391898,0,0,0,0,0,0,0,0,0,0,0,0,0,0,0,0,0,0,0,0,0,0,1,1,1,False
6,842724,-10,48907,1,704896,-1,37557,-0,002654806,0,9902614,-0,001197969,-0,1391898,0,0,0,0,0,0,0,0,0,0,0,0,0,0,0,0,0,0,0,0,0,0,1,1,1,False
6,8548,-10,48907,1,704896,-1,37557,-0,002654806,0,9902614,-0,001197969,-0,1391898,0,0,0,0,0,0,0,0,0,0,0,0,0,0,0,0,0,0,0,0,0,0,1,1,1,False
6,866241,-10,48907,1,704896,-1,37557,-0,002654806,0,9902614,-0,001197969,-0,1391898,0,0,0,0,0,0,0,0,0,0,0,0,0,0,0,0,0,0,0,0,0,0,1,1,1,False
6,878375,-10,48907,1,704896,-1,37557,-0,002654806,0,9902614,-0,001197969,-0,1391898,0,0,0,0,0,0,0,0,0,0,0,0,0,0,0,0,0,0,0,0,0,0,1,1,1,False
6,889684,-10,48907,1,704896,-1,37557,-0,002654806,0,9902614,-0,001197969,-0,1391898,0,0,0,0,0,0,0,0,0,0,0,0,0,0,0,0,0,0,0,0,0,0,1,1,1,False
6,901721,-10,48907,1,704896,-1,37557,-0,002654806,0,9902614,-0,001197969,-0,1391898,0,0,0,0,0,0,0,0,0,0,0,0,0,0,0,0,0,0,0,0,0,0,1,1,1,False
6,914111,-10,48907,1,704896,-1,37557,-0,002654806,0,9902614,-0,001197969,-0,1391898,0,0,0,0,0,0,0,0,0,0,0,0,0,0,0,0,0,0,0,0,0,0,1,1,1,False
6,925719,-10,48907,1,704896,-1,37557,-0,002654806,0,9902614,-0,001197969,-0,1391898,0,0,0,0,0,0,0,0,0,0,0,0,0,0,0,0,0,0,0,0,0,0,1,1,1,False
6,937778,-10,48907,1,704896,-1,37557,-0,002654806,0,9902614,-0,001197969,-0,1391898,0,0,0,0,0,0,0,0,0,0,0,0,0,0,0,0,0,0,0,0,0,0,1,1,1,False
6,949177,-10,48907,1,704896,-1,37557,-0,002654806,0,9902614,-0,001197969,-0,1391898,0,0,0,0,0,0,0,0,0,0,0,0,0,0,0,0,0,0,0,0,0,0,1,1,1,False
6,961285,-10,48907,1,704896,-1,37557,-0,002654806,0,9902614,-0,001197969,-0,1391898,0,0,0,0,0,0,0,0,0,0,0,0,0,0,0,0,0,0,0,0,0,0,1,1,1,False
6,973334,-10,48907,1,704896,-1,37557,-0,002654806,0,9902614,-0,001197969,-0,1391898,0,0,0,0,0,0,0,0,0,0,0,0,0,0,0,0,0,0,0,0,0,0,1,1,1,False
6,984625,-10,48907,1,704896,-1,37557,-0,002654806,0,9902614,-0,001197969,-0,1391898,0,0,0,0,0,0,0,0,0,0,0,0,0,0,0,0,0,0,0,0,0,0,1,1,1,False
6,996607,-10,48907,1,704896,-1,37557,-0,002654806,0,9902614,-0,001197969,-0,1391898,0,0,0,0,0,0,0,0,0,0,0,0,0,0,0,0,0,0,0,0,0,0,1,1,1,False
7,008124,-10,48907,1,704896,-1,37557,-0,002654806,0,9902614,-0,001197969,-0,1391898,0,0,0,0,0,0,0,0,0,0,0,0,0,0,0,0,0,0,0,0,0,0,1,1,1,False
7,020445,-10,48907,1,704896,-1,37557,-0,002654806,0,9902614,-0,001197969,-0,1391898,0,0,0,0,0,0,0,0,0,0,0,0,0,0,0,0,0,0,0,0,0,0,1,1,1,False
7,0326,-10,48907,1,704896,-1,37557,-0,002654806,0,9902614,-0,001197969,-0,1391898,0,0,0,0,0,0,0,0,0,0,0,0,0,0,0,0,0,0,0,0,0,0,1,1,1,False
7,044114,-10,48907,1,704896,-1,37557,-0,002654806,0,9902614,-0,001197969,-0,1391898,0,0,0,0,0,0,0,0,0,0,0,0,0,0,0,0,0,0,0,0,0,0,1,1,1,False
7,05625,-10,48907,1,704896,-1,37557,-0,002654806,0,9902614,-0,001197969,-0,1391898,0,0,0,0,0,0,0,0,0,0,0,0,0,0,0,0,0,0,0,0,0,0,1,1,1,False
7,06748,-10,48907,1,704896,-1,37557,-0,002654806,0,9902614,-0,001197969,-0,1391898,0,0,0,0,0,0,0,0,0,0,0,0,0,0,0,0,0,0,0,0,0,0,1,1,1,False
7,079541,-10,48907,1,704896,-1,37557,-0,002654806,0,9902614,-0,001197969,-0,1391898,0,0,0,0,0,0,0,0,0,0,0,0,0,0,0,0,0,0,0,0,0,0,1,1,1,False
7,090643,-10,48907,1,704896,-1,37557,-0,002654806,0,9902614,-0,001197969,-0,1391898,0,0,0,0,0,0,0,0,0,0,0,0,0,0,0,0,0,0,0,0,0,0,1,1,1,False
7,102774,-10,48907,1,704896,-1,37557,-0,002654806,0,9902614,-0,001197969,-0,1391898,0,0,0,0,0,0,0,0,0,0,0,0,0,0,0,0,0,0,0,0,0,0,1,1,1,False
7,115146,-10,48907,1,704896,-1,37557,-0,002654806,0,9902614,-0,001197969,-0,1391898,0,0,0,0,0,0,0,0,0,0,0,0,0,0,0,0,0,0,0,0,0,0,1,1,1,False
7,126848,-10,48907,1,704896,-1,37557,-0,002654806,0,9902614,-0,001197969,-0,1391898,0,0,0,0,0,0,0,0,0,0,0,0,0,0,0,0,0,0,0,0,0,0,1,1,1,False
7,139037,-10,48907,1,704896,-1,37557,-0,002654806,0,9902614,-0,001197969,-0,1391898,0,0,0,0,0,0,0,0,0,0,0,0,0,0,0,0,0,0,0,0,0,0,1,1,1,False
7,150388,-10,48907,1,704896,-1,37557,-0,002654806,0,9902614,-0,001197969,-0,1391898,0,0,0,0,0,0,0,0,0,0,0,0,0,0,0,0,0,0,0,0,0,0,1,1,1,False
7,162572,-10,48907,1,704896,-1,37557,-0,002654806,0,9902614,-0,001197969,-0,1391898,0,0,0,0,0,0,0,0,0,0,0,0,0,0,0,0,0,0,0,0,0,0,1,1,1,False
7,174689,-10,48907,1,704896,-1,37557,-0,002654806,0,9902614,-0,001197969,-0,1391898,0,0,0,0,0,0,0,0,0,0,0,0,0,0,0,0,0,0,0,0,0,0,1,1,1,False
7,185966,-10,48907,1,704896,-1,37557,-0,002654806,0,9902614,-0,001197969,-0,1391898,0,0,0,0,0,0,0,0,0,0,0,0,0,0,0,0,0,0,0,0,0,0,1,1,1,False
7,198073,-10,48907,1,704896,-1,37557,-0,002654806,0,9902614,-0,001197969,-0,1391898,0,0,0,0,0,0,0,0,0,0,0,0,0,0,0,0,0,0,0,0,0,0,1,1,1,False
7,209393,-10,48907,1,704896,-1,37557,-0,002654806,0,9902614,-0,001197969,-0,1391898,0,0,0,0,0,0,0,0,0,0,0,0,0,0,0,0,0,0,0,0,0,0,1,1,1,False
7,221727,-10,48907,1,704896,-1,37557,-0,002654806,0,9902614,-0,001197969,-0,1391898,0,0,0,0,0,0,0,0,0,0,0,0,0,0,0,0,0,0,0,0,0,0,1,1,1,False
7,233774,-10,48907,1,704896,-1,37557,-0,002654806,0,9902614,-0,001197969,-0,1391898,0,0,0,0,0,0,0,0,0,0,0,0,0,0,0,0,0,0,0,0,0,0,1,1,1,False
7,245131,-10,48907,1,704896,-1,37557,-0,002654806,0,9902614,-0,001197969,-0,1391898,0,0,0,0,0,0,0,0,0,0,0,0,0,0,0,0,0,0,0,0,0,0,1,1,1,False
7,257258,-10,48907,1,704896,-1,37557,-0,002654806,0,9902614,-0,001197969,-0,1391898,0,0,0,0,0,0,0,0,0,0,0,0,0,0,0,0,0,0,0,0,0,0,1,1,1,False
7,268594,-10,48907,1,704896,-1,37557,-0,002654806,0,9902614,-0,001197969,-0,1391898,0,0,0,0,0,0,0,0,0,0,0,0,0,0,0,0,0,0,0,0,0,0,1,1,1,False
7,280809,-10,48907,1,704896,-1,37557,-0,002654806,0,9902614,-0,001197969,-0,1391898,0,0,0,0,0,0,0,0,0,0,0,0,0,0,0,0,0,0,0,0,0,0,1,1,1,False
7,29334,-10,48907,1,704896,-1,37557,-0,002654806,0,9902614,-0,001197969,-0,1391898,0,0,0,0,0,0,0,0,0,0,0,0,0,0,0,0,0,0,0,0,0,0,1,1,1,False
7,304496,-10,48907,1,704896,-1,37557,-0,002654806,0,9902614,-0,001197969,-0,1391898,0,0,0,0,0,0,0,0,0,0,0,0,0,0,0,0,0,0,0,0,0,0,1,1,1,False
7,316638,-10,48907,1,704896,-1,37557,-0,002654806,0,9902614,-0,001197969,-0,1391898,0,0,0,0,0,0,0,0,0,0,0,0,0,0,0,0,0,0,0,0,0,0,1,1,1,False
7,328018,-10,48907,1,704896,-1,37557,-0,002654806,0,9902614,-0,001197969,-0,1391898,0,0,0,0,0,0,0,0,0,0,0,0,0,0,0,0,0,0,0,0,0,0,1,1,1,False
7,340079,-10,48907,1,704896,-1,37557,-0,002654806,0,9902614,-0,001197969,-0,1391898,0,0,0,0,0,0,0,0,0,0,0,0,0,0,0,0,0,0,0,0,0,0,1,1,1,False
7,35221,-10,48907,1,704896,-1,37557,-0,002654806,0,9902614,-0,001197969,-0,1391898,0,0,0,0,0,0,0,0,0,0,0,0,0,0,0,0,0,0,0,0,0,0,1,1,1,False
7,363504,-10,48907,1,704896,-1,37557,-0,002654806,0,9902614,-0,001197969,-0,1391898,0,0,0,0,0,0,0,0,0,0,0,0,0,0,0,0,0,0,0,0,0,0,1,1,1,False
7,375863,-10,48907,1,704896,-1,37557,-0,002654806,0,9902614,-0,001197969,-0,1391898,0,0,0,0,0,0,0,0,0,0,0,0,0,0,0,0,0,0,0,0,0,0,1,1,1,False
7,387212,-10,48907,1,704896,-1,37557,-0,002654806,0,9902614,-0,001197969,-0,1391898,0,0,0,0,0,0,0,0,0,0,0,0,0,0,0,0,0,0,0,0,0,0,1,1,1,False
7,39926,-10,48907,1,704896,-1,37557,-0,002654806,0,9902614,-0,001197969,-0,1391898,0,0,0,0,0,0,0,0,0,0,0,0,0,0,0,0,0,0,0,0,0,0,1,1,1,False
7,410596,-10,48907,1,704896,-1,37557,-0,002654806,0,9902614,-0,001197969,-0,1391898,0,0,0,0,0,0,0,0,0,0,0,0,0,0,0,0,0,0,0,0,0,0,1,1,1,False
7,422959,-10,48907,1,704896,-1,37557,-0,002654806,0,9902614,-0,001197969,-0,1391898,0,0,0,0,0,0,0,0,0,0,0,0,0,0,0,0,0,0,0,0,0,0,1,1,1,False
7,435074,-10,48907,1,704896,-1,37557,-0,002654806,0,9902614,-0,001197969,-0,1391898,0,0,0,0,0,0,0,0,0,0,0,0,0,0,0,0,0,0,0,0,0,0,1,1,1,False
7,446481,-10,48907,1,704896,-1,37557,-0,002654806,0,9902614,-0,001197969,-0,1391898,0,0,0,0,0,0,0,0,0,0,0,0,0,0,0,0,0,0,0,0,0,0,1,1,1,False
7,458456,-10,48907,1,704896,-1,37557,-0,002654806,0,9902614,-0,001197969,-0,1391898,0,0,0,0,0,0,0,0,0,0,0,0,0,0,0,0,0,0,0,0,0,0,1,1,1,False
7,470093,-10,48907,1,704896,-1,37557,-0,002654806,0,9902614,-0,001197969,-0,1391898,0,0,0,0,0,0,0,0,0,0,0,0,0,0,0,0,0,0,0,0,0,0,1,1,1,False
7,482458,-10,48907,1,704896,-1,37557,-0,002654806,0,9902614,-0,001197969,-0,1391898,0,0,0,0,0,0,0,0,0,0,0,0,0,0,0,0,0,0,0,0,0,0,1,1,1,False
7,494659,-10,48907,1,704896,-1,37557,-0,002654806,0,9902614,-0,001197969,-0,1391898,0,0,0,0,0,0,0,0,0,0,0,0,0,0,0,0,0,0,0,0,0,0,1,1,1,False
7,505967,-10,48907,1,704896,-1,37557,-0,002654806,0,9902614,-0,001197969,-0,1391898,0,0,0,0,0,0,0,0,0,0,0,0,0,0,0,0,0,0,0,0,0,0,1,1,1,False
7,518183,-10,48907,1,704896,-1,37557,-0,002654806,0,9902614,-0,001197969,-0,1391898,0,0,0,0,0,0,0,0,0,0,0,0,0,0,0,0,0,0,0,0,0,0,1,1,1,False
7,529505,-10,48907,1,704896,-1,37557,-0,002654806,0,9902614,-0,001197969,-0,1391898,0,0,0,0,0,0,0,0,0,0,0,0,0,0,0,0,0,0,0,0,0,0,1,1,1,False
7,541476,-10,48907,1,704896,-1,37557,-0,002654806,0,9902614,-0,001197969,-0,1391898,0,0,0,0,0,0,0,0,0,0,0,0,0,0,0,0,0,0,0,0,0,0,1,1,1,False
7,553577,-10,48907,1,704896,-1,37557,-0,002654806,0,9902614,-0,001197969,-0,1391898,0,0,0,0,0,0,0,0,0,0,0,0,0,0,0,0,0,0,0,0,0,0,1,1,1,False
7,564914,-10,48907,1,704896,-1,37557,-0,002654806,0,9902614,-0,001197969,-0,1391898,0,0,0,0,0,0,0,0,0,0,0,0,0,0,0,0,0,0,0,0,0,0,1,1,1,False
7,576957,-10,48907,1,704896,-1,37557,-0,002654806,0,9902614,-0,001197969,-0,1391898,0,0,0,0,0,0,0,0,0,0,0,0,0,0,0,0,0,0,0,0,0,0,1,1,1,False
7,588234,-10,48907,1,704896,-1,37557,-0,002654806,0,9902614,-0,001197969,-0,1391898,0,0,0,0,0,0,0,0,0,0,0,0,0,0,0,0,0,0,0,0,0,0,1,1,1,False
7,600344,-10,48907,1,704896,-1,37557,-0,002654806,0,9902614,-0,001197969,-0,1391898,0,0,0,0,0,0,0,0,0,0,0,0,0,0,0,0,0,0,0,0,0,0,1,1,1,False
7,612665,-10,48907,1,704896,-1,37557,-0,002654806,0,9902614,-0,001197969,-0,1391898,0,0,0,0,0,0,0,0,0,0,0,0,0,0,0,0,0,0,0,0,0,0,1,1,1,False
7,623899,-10,48907,1,704896,-1,37557,-0,002654806,0,9902614,-0,001197969,-0,1391898,0,0,0,0,0,0,0,0,0,0,0,0,0,0,0,0,0,0,0,0,0,0,1,1,1,False
7,636048,-10,48907,1,704896,-1,37557,-0,002654806,0,9902614,-0,001197969,-0,1391898,0,0,0,0,0,0,0,0,0,0,0,0,0,0,0,0,0,0,0,0,0,0,1,1,1,False
7,64739,-10,48907,1,704896,-1,37557,-0,002654806,0,9902614,-0,001197969,-0,1391898,0,0,0,0,0,0,0,0,0,0,0,0,0,0,0,0,0,0,0,0,0,0,1,1,1,False
7,659328,-10,48907,1,704896,-1,37557,-0,002654806,0,9902614,-0,001197969,-0,1391898,0,0,0,0,0,0,0,0,0,0,0,0,0,0,0,0,0,0,0,0,0,0,1,1,1,False
7,670845,-10,48907,1,704896,-1,37557,-0,002654806,0,9902614,-0,001197969,-0,1391898,0,0,0,0,0,0,0,0,0,0,0,0,0,0,0,0,0,0,0,0,0,0,1,1,1,False
7,682951,-10,48907,1,704896,-1,37557,-0,002654806,0,9902614,-0,001197969,-0,1391898,0,0,0,0,0,0,0,0,0,0,0,0,0,0,0,0,0,0,0,0,0,0,1,1,1,False
7,694968,-10,48907,1,704896,-1,37557,-0,002654806,0,9902614,-0,001197969,-0,1391898,0,0,0,0,0,0,0,0,0,0,0,0,0,0,0,0,0,0,0,0,0,0,1,1,1,False
7,706289,-10,48907,1,704896,-1,37557,-0,002654806,0,9902614,-0,001197969,-0,1391898,0,0,0,0,0,0,0,0,0,0,0,0,0,0,0,0,0,0,0,0,0,0,1,1,1,False
7,718588,-10,48907,1,704896,-1,37557,-0,002654806,0,9902614,-0,001197969,-0,1391898,0,0,0,0,0,0,0,0,0,0,0,0,0,0,0,0,0,0,0,0,0,0,1,1,1,False
7,730213,-10,48907,1,704896,-1,37557,-0,002654806,0,9902614,-0,001197969,-0,1391898,0,0,0,0,0,0,0,0,0,0,0,0,0,0,0,0,0,0,0,0,0,0,1,1,1,False
7,742893,-10,48907,1,704896,-1,37557,-0,002654806,0,9902614,-0,001197969,-0,1391898,0,0,0,0,0,0,0,0,0,0,0,0,0,0,0,0,0,0,0,0,0,0,1,1,1,False
7,755146,-10,48907,1,704896,-1,37557,-0,002654806,0,9902614,-0,001197969,-0,1391898,0,0,0,0,0,0,0,0,0,0,0,0,0,0,0,0,0,0,0,0,0,0,1,1,1,False
7,76654,-10,48907,1,704896,-1,37557,-0,002654806,0,9902614,-0,001197969,-0,1391898,0,0,0,0,0,0,0,0,0,0,0,0,0,0,0,0,0,0,0,0,0,0,1,1,1,False
7,778684,-10,48907,1,704896,-1,37557,-0,002654806,0,9902614,-0,001197969,-0,1391898,0,0,0,0,0,0,0,0,0,0,0,0,0,0,0,0,0,0,0,0,0,0,1,1,1,False
7,79013,-10,48907,1,704896,-1,37557,-0,002654806,0,9902614,-0,001197969,-0,1391898,0,0,0,0,0,0,0,0,0,0,0,0,0,0,0,0,0,0,0,0,0,0,1,1,1,False
7,802197,-10,48907,1,704896,-1,37557,-0,002654806,0,9902614,-0,001197969,-0,1391898,0,0,0,0,0,0,0,0,0,0,0,0,0,0,0,0,0,0,0,0,0,0,1,1,1,False
7,815086,-10,48907,1,704896,-1,37557,-0,002654806,0,9902614,-0,001197969,-0,1391898,0,0,0,0,0,0,0,0,0,0,0,0,0,0,0,0,0,0,0,0,0,0,1,1,1,False
7,826594,-10,48907,1,704896,-1,37557,-0,002654806,0,9902614,-0,001197969,-0,1391898,0,0,0,0,0,0,0,0,0,0,0,0,0,0,0,0,0,0,0,0,0,0,1,1,1,False
7,838802,-10,48907,1,704896,-1,37557,-0,002654806,0,9902614,-0,001197969,-0,1391898,0,0,0,0,0,0,0,0,0,0,0,0,0,0,0,0,0,0,0,0,0,0,1,1,1,False
7,850174,-10,48907,1,704896,-1,37557,-0,002654806,0,9902614,-0,001197969,-0,1391898,0,0,0,0,0,0,0,0,0,0,0,0,0,0,0,0,0,0,0,0,0,0,1,1,1,False
7,862445,-10,48907,1,704896,-1,37557,-0,002654806,0,9902614,-0,001197969,-0,1391898,0,0,0,0,0,0,0,0,0,0,0,0,0,0,0,0,0,0,0,0,0,0,1,1,1,False
7,874575,-10,48907,1,704896,-1,37557,-0,002654806,0,9902614,-0,001197969,-0,1391898,0,0,0,0,0,0,0,0,0,0,0,0,0,0,0,0,0,0,0,0,0,0,1,1,1,False
7,885837,-10,48907,1,704896,-1,37557,-0,002654806,0,9902614,-0,001197969,-0,1391898,0,0,0,0,0,0,0,0,0,0,0,0,0,0,0,0,0,0,0,0,0,0,1,1,1,False
7,897885,-10,48907,1,704896,-1,37557,-0,002654806,0,9902614,-0,001197969,-0,1391898,0,0,0,0,0,0,0,0,0,0,0,0,0,0,0,0,0,0,0,0,0,0,1,1,1,False
7,909279,-10,48907,1,704896,-1,37557,-0,002654806,0,9902614,-0,001197969,-0,1391898,0,0,0,0,0,0,0,0,0,0,0,0,0,0,0,0,0,0,0,0,0,0,1,1,1,False
7,921617,-10,48907,1,704896,-1,37557,-0,002654806,0,9902614,-0,001197969,-0,1391898,0,0,0,0,0,0,0,0,0,0,0,0,0,0,0,0,0,0,0,0,0,0,1,1,1,False
7,933923,-10,48907,1,704896,-1,37557,-0,002654806,0,9902614,-0,001197969,-0,1391898,0,0,0,0,0,0,0,0,0,0,0,0,0,0,0,0,0,0,0,0,0,0,1,1,1,False
7,945173,-10,48907,1,704896,-1,37557,-0,002654806,0,9902614,-0,001197969,-0,1391898,0,0,0,0,0,0,0,0,0,0,0,0,0,0,0,0,0,0,0,0,0,0,1,1,1,False
7,957131,-10,48907,1,704896,-1,37557,-0,002654806,0,9902614,-0,001197969,-0,1391898,0,0,0,0,0,0,0,0,0,0,0,0,0,0,0,0,0,0,0,0,0,0,1,1,1,False
7,968339,-10,48907,1,704896,-1,37557,-0,002654806,0,9902614,-0,001197969,-0,1391898,0,0,0,0,0,0,0,0,0,0,0,0,0,0,0,0,0,0,0,0,0,0,1,1,1,False
7,980382,-10,48907,1,704896,-1,37557,-0,002654806,0,9902614,-0,001197969,-0,1391898,0,0,0,0,0,0,0,0,0,0,0,0,0,0,0,0,0,0,0,0,0,0,1,1,1,False
7,992341,-10,48907,1,704896,-1,37557,-0,002654806,0,9902614,-0,001197969,-0,1391898,0,0,0,0,0,0,0,0,0,0,0,0,0,0,0,0,0,0,0,0,0,0,1,1,1,False
8,00364,-10,48907,1,704896,-1,37557,-0,002654806,0,9902614,-0,001197969,-0,1391898,0,0,0,0,0,0,0,0,0,0,0,0,0,0,0,0,0,0,0,0,0,0,1,1,1,False
8,015773,-10,48907,1,704896,-1,37557,-0,002654806,0,9902614,-0,001197969,-0,1391898,0,0,0,0,0,0,0,0,0,0,0,0,0,0,0,0,0,0,0,0,0,0,1,1,1,False
8,027455,-10,48907,1,704896,-1,37557,-0,002654806,0,9902614,-0,001197969,-0,1391898,0,0,0,0,0,0,0,0,0,0,0,0,0,0,0,0,0,0,0,0,0,0,1,1,1,False
8,039624,-10,48907,1,704896,-1,37557,-0,002654806,0,9902614,-0,001197969,-0,1391898,0,0,0,0,0,0,0,0,0,0,0,0,0,0,0,0,0,0,0,0,0,0,1,1,1,False
8,050978,-10,48907,1,704896,-1,37557,-0,002654806,0,9902614,-0,001197969,-0,1391898,0,0,0,0,0,0,0,0,0,0,0,0,0,0,0,0,0,0,0,0,0,0,1,1,1,False
8,063205,-10,48907,1,704896,-1,37557,-0,002654806,0,9902614,-0,001197969,-0,1391898,0,0,0,0,0,0,0,0,0,0,0,0,0,0,0,0,0,0,0,0,0,0,1,1,1,False
8,075575,-10,48907,1,704896,-1,37557,-0,002654806,0,9902614,-0,001197969,-0,1391898,0,0,0,0,0,0,0,0,0,0,0,0,0,0,0,0,0,0,0,0,0,0,1,1,1,False
8,086809,-10,48907,1,704896,-1,37557,-0,002654806,0,9902614,-0,001197969,-0,1391898,0,0,0,0,0,0,0,0,0,0,0,0,0,0,0,0,0,0,0,0,0,0,1,1,1,False
8,098882,-10,48907,1,704896,-1,37557,-0,002654806,0,9902614,-0,001197969,-0,1391898,0,0,0,0,0,0,0,0,0,0,0,0,0,0,0,0,0,0,0,0,0,0,1,1,1,False
8,11014,-10,48907,1,704896,-1,37557,-0,002654806,0,9902614,-0,001197969,-0,1391898,0,0,0,0,0,0,0,0,0,0,0,0,0,0,0,0,0,0,0,0,0,0,1,1,1,False
8,12231,-10,48907,1,704896,-1,37557,-0,002654806,0,9902614,-0,001197969,-0,1391898,0,0,0,0,0,0,0,0,0,0,0,0,0,0,0,0,0,0,0,0,0,0,1,1,1,False
8,134625,-10,48907,1,704896,-1,37557,-0,002654806,0,9902614,-0,001197969,-0,1391898,0,0,0,0,0,0,0,0,0,0,0,0,0,0,0,0,0,0,0,0,0,0,1,1,1,False
8,145873,-10,48907,1,704896,-1,37557,-0,002654806,0,9902614,-0,001197969,-0,1391898,0,0,0,0,0,0,0,0,0,0,0,0,0,0,0,0,0,0,0,0,0,0,1,1,1,False
8,158468,-10,48907,1,704896,-1,37557,-0,002654806,0,9902614,-0,001197969,-0,1391898,0,0,0,0,0,0,0,0,0,0,0,0,0,0,0,0,0,0,0,0,0,0,1,1,1,False
8,169877,-10,48907,1,704896,-1,37557,-0,002654806,0,9902614,-0,001197969,-0,1391898,0,0,0,0,0,0,0,0,0,0,0,0,0,0,0,0,0,0,0,0,0,0,1,1,1,False
8,181913,-10,48907,1,704896,-1,37557,-0,002654806,0,9902614,-0,001197969,-0,1391898,0,0,0,0,0,0,0,0,0,0,0,0,0,0,0,0,0,0,0,0,0,0,1,1,1,False
8,194001,-10,48907,1,704896,-1,37557,-0,002654806,0,9902614,-0,001197969,-0,1391898,0,0,0,0,0,0,0,0,0,0,0,0,0,0,0,0,0,0,0,0,0,0,1,1,1,False
8,205283,-10,48907,1,704896,-1,37557,-0,002654806,0,9902614,-0,001197969,-0,1391898,0,0,0,0,0,0,0,0,0,0,0,0,0,0,0,0,0,0,0,0,0,0,1,1,1,False
8,217371,-10,48907,1,704896,-1,37557,-0,002654806,0,9902614,-0,001197969,-0,1391898,0,0,0,0,0,0,0,0,0,0,0,0,0,0,0,0,0,0,0,0,0,0,1,1,1,False
8,228823,-10,48907,1,704896,-1,37557,-0,002654806,0,9902614,-0,001197969,-0,1391898,0,0,0,0,0,0,0,0,0,0,0,0,0,0,0,0,0,0,0,0,0,0,1,1,1,False
8,241031,-10,48907,1,704896,-1,37557,-0,002654806,0,9902614,-0,001197969,-0,1391898,0,0,0,0,0,0,0,0,0,0,0,0,0,0,0,0,0,0,0,0,0,0,1,1,1,False
8,253109,-10,48907,1,704896,-1,37557,-0,002654806,0,9902614,-0,001197969,-0,1391898,0,0,0,0,0,0,0,0,0,0,0,0,0,0,0,0,0,0,0,0,0,0,1,1,1,False
8,264486,-10,48907,1,704896,-1,37557,-0,002654806,0,9902614,-0,001197969,-0,1391898,0,0,0,0,0,0,0,0,0,0,0,0,0,0,0,0,0,0,0,0,0,0,1,1,1,False
8,276569,-10,48907,1,704896,-1,37557,-0,002654806,0,9902614,-0,001197969,-0,1391898,0,0,0,0,0,0,0,0,0,0,0,0,0,0,0,0,0,0,0,0,0,0,1,1,1,False
8,287901,-10,48907,1,704896,-1,37557,-0,002654806,0,9902614,-0,001197969,-0,1391898,0,0,0,0,0,0,0,0,0,0,0,0,0,0,0,0,0,0,0,0,0,0,1,1,1,False
8,299938,-10,48907,1,704896,-1,37557,-0,002654806,0,9902614,-0,001197969,-0,1391898,0,0,0,0,0,0,0,0,0,0,0,0,0,0,0,0,0,0,0,0,0,0,1,1,1,False
8,311179,-10,48907,1,704896,-1,37557,-0,002654806,0,9902614,-0,001197969,-0,1391898,0,0,0,0,0,0,0,0,0,0,0,0,0,0,0,0,0,0,0,0,0,0,1,1,1,False
8,323583,-10,48907,1,704896,-1,37557,-0,002654806,0,9902614,-0,001197969,-0,1391898,0,0,0,0,0,0,0,0,0,0,0,0,0,0,0,0,0,0,0,0,0,0,1,1,1,False
8,33586,-10,48907,1,704896,-1,37557,-0,002654806,0,9902614,-0,001197969,-0,1391898,0,0,0,0,0,0,0,0,0,0,0,0,0,0,0,0,0,0,0,0,0,0,1,1,1,False
8,347108,-10,48907,1,704896,-1,37557,-0,002654806,0,9902614,-0,001197969,-0,1391898,0,0,0,0,0,0,0,0,0,0,0,0,0,0,0,0,0,0,0,0,0,0,1,1,1,False
8,359179,-10,48907,1,704896,-1,37557,-0,002654806,0,9902614,-0,001197969,-0,1391898,0,0,0,0,0,0,0,0,0,0,0,0,0,0,0,0,0,0,0,0,0,0,1,1,1,False
8,370512,-10,48907,1,704896,-1,37557,-0,002654806,0,9902614,-0,001197969,-0,1391898,0,0,0,0,0,0,0,0,0,0,0,0,0,0,0,0,0,0,0,0,0,0,1,1,1,False
8,382622,-10,48907,1,704896,-1,37557,-0,002654806,0,9902614,-0,001197969,-0,1391898,0,0,0,0,0,0,0,0,0,0,0,0,0,0,0,0,0,0,0,0,0,0,1,1,1,False
8,394648,-10,48907,1,704896,-1,37557,-0,002654806,0,9902614,-0,001197969,-0,1391898,0,0,0,0,0,0,0,0,0,0,0,0,0,0,0,0,0,0,0,0,0,0,1,1,1,False
8,40591,-10,48907,1,704896,-1,37557,-0,002654806,0,9902614,-0,001197969,-0,1391898,0,0,0,0,0,0,0,0,0,0,0,0,0,0,0,0,0,0,0,0,0,0,1,1,1,False
8,417883,-10,48907,1,704896,-1,37557,-0,002654806,0,9902614,-0,001197969,-0,1391898,0,0,0,0,0,0,0,0,0,0,0,0,0,0,0,0,0,0,0,0,0,0,1,1,1,False
8,429276,-10,48907,1,704896,-1,37557,-0,002654806,0,9902614,-0,001197969,-0,1391898,0,0,0,0,0,0,0,0,0,0,0,0,0,0,0,0,0,0,0,0,0,0,1,1,1,False
8,44158,-10,48907,1,704896,-1,37557,-0,002654806,0,9902614,-0,001197969,-0,1391898,0,0,0,0,0,0,0,0,0,0,0,0,0,0,0,0,0,0,0,0,0,0,1,1,1,False
8,453623,-10,48907,1,704896,-1,37557,-0,002654806,0,9902614,-0,001197969,-0,1391898,0,0,0,0,0,0,0,0,0,0,0,0,0,0,0,0,0,0,0,0,0,0,1,1,1,False
8,464888,-10,48907,1,704896,-1,37557,-0,002654806,0,9902614,-0,001197969,-0,1391898,0,0,0,0,0,0,0,0,0,0,0,0,0,0,0,0,0,0,0,0,0,0,1,1,1,False
8,476951,-10,48907,1,704896,-1,37557,-0,002654806,0,9902614,-0,001197969,-0,1391898,0,0,0,0,0,0,0,0,0,0,0,0,0,0,0,0,0,0,0,0,0,0,1,1,1,False
8,488272,-10,48907,1,704896,-1,37557,-0,002654806,0,9902614,-0,001197969,-0,1391898,0,0,0,0,0,0,0,0,0,0,0,0,0,0,0,0,0,0,0,0,0,0,1,1,1,False
8,50058,-10,48907,1,704896,-1,37557,-0,002654806,0,9902614,-0,001197969,-0,1391898,0,0,0,0,0,0,0,0,0,0,0,0,0,0,0,0,0,0,0,0,0,0,1,1,1,False
8,512656,-10,48907,1,704896,-1,37557,-0,002654806,0,9902614,-0,001197969,-0,1391898,0,0,0,0,0,0,0,0,0,0,0,0,0,0,0,0,0,0,0,0,0,0,1,1,1,False
8,524192,-10,48907,1,704896,-1,37557,-0,002654806,0,9902614,-0,001197969,-0,1391898,0,0,0,0,0,0,0,0,0,0,0,0,0,0,0,0,0,0,0,0,0,0,1,1,1,False
8,536345,-10,48907,1,704896,-1,37557,-0,002654806,0,9902614,-0,001197969,-0,1391898,0,0,0,0,0,0,0,0,0,0,0,0,0,0,0,0,0,0,0,0,0,0,1,1,1,False
8,547486,-10,48907,1,704896,-1,37557,-0,002654806,0,9902614,-0,001197969,-0,1391898,0,0,0,0,0,0,0,0,0,0,0,0,0,0,0,0,0,0,0,0,0,0,1,1,1,False
8,559608,-10,48907,1,704896,-1,37557,-0,002654806,0,9902614,-0,001197969,-0,1391898,0,0,0,0,0,0,0,0,0,0,0,0,0,0,0,0,0,0,0,0,0,0,1,1,1,False
8,570915,-10,48907,1,704896,-1,37557,-0,002654806,0,9902614,-0,001197969,-0,1391898,0,0,0,0,0,0,0,0,0,0,0,0,0,0,0,0,0,0,0,0,0,0,1,1,1,False
8,583058,-10,48907,1,704896,-1,37557,-0,002654806,0,9902614,-0,001197969,-0,1391898,0,0,0,0,0,0,0,0,0,0,0,0,0,0,0,0,0,0,0,0,0,0,1,1,1,False
8,595075,-10,48907,1,704896,-1,37557,-0,002654806,0,9902614,-0,001197969,-0,1391898,0,0,0,0,0,0,0,0,0,0,0,0,0,0,0,0,0,0,0,0,0,0,1,1,1,False
8,606265,-10,48907,1,704896,-1,37557,-0,002654806,0,9902614,-0,001197969,-0,1391898,0,0,0,0,0,0,0,0,0,0,0,0,0,0,0,0,0,0,0,0,0,0,1,1,1,False
8,618714,-10,48907,1,704896,-1,37557,-0,002654806,0,9902614,-0,001197969,-0,1391898,0,0,0,0,0,0,0,0,0,0,0,0,0,0,0,0,0,0,0,0,0,0,1,1,1,False
8,630266,-10,48907,1,704896,-1,37557,-0,002654806,0,9902614,-0,001197969,-0,1391898,0,0,0,0,0,0,0,0,0,0,0,0,0,0,0,0,0,0,0,0,0,0,1,1,1,False
8,642471,-10,48907,1,704896,-1,37557,-0,002654806,0,9902614,-0,001197969,-0,1391898,0,0,0,0,0,0,0,0,0,0,0,0,0,0,0,0,0,0,0,0,0,0,1,1,1,False
8,654462,-10,48907,1,704896,-1,37557,-0,002654806,0,9902614,-0,001197969,-0,1391898,0,0,0,0,0,0,0,0,0,0,0,0,0,0,0,0,0,0,0,0,0,0,1,1,1,False
8,665824,-10,48907,1,704896,-1,37557,-0,002654806,0,9902614,-0,001197969,-0,1391898,0,0,0,0,0,0,0,0,0,0,0,0,0,0,0,0,0,0,0,0,0,0,1,1,1,False
8,679445,-10,48907,1,704896,-1,37557,-0,002654806,0,9902614,-0,001197969,-0,1391898,0,0,0,0,0,0,0,0,0,0,0,0,0,0,0,0,0,0,0,0,0,0,1,1,1,False
8,691308,-10,48907,1,704896,-1,37557,-0,002654806,0,9902614,-0,001197969,-0,1391898,0,0,0,0,0,0,0,0,0,0,0,0,0,0,0,0,0,0,0,0,0,0,1,1,1,False
8,703286,-10,48907,1,704896,-1,37557,-0,002654806,0,9902614,-0,001197969,-0,1391898,0,0,0,0,0,0,0,0,0,0,0,0,0,0,0,0,0,0,0,0,0,0,1,1,1,False
8,715425,-10,48907,1,704896,-1,37557,-0,002654806,0,9902614,-0,001197969,-0,1391898,0,0,0,0,0,0,0,0,0,0,0,0,0,0,0,0,0,0,0,0,0,0,1,1,1,False
8,727071,-10,48907,1,704896,-1,37557,-0,002654806,0,9902614,-0,001197969,-0,1391898,0,0,0,0,0,0,0,0,0,0,0,0,0,0,0,0,0,0,0,0,0,0,1,1,1,False
8,739315,-10,48907,1,704896,-1,37557,-0,002654806,0,9902614,-0,001197969,-0,1391898,0,0,0,0,0,0,0,0,0,0,0,0,0,0,0,0,0,0,0,0,0,0,1,1,1,False
8,750621,-10,48907,1,704896,-1,37557,-0,002654806,0,9902614,-0,001197969,-0,1391898,0,0,0,0,0,0,0,0,0,0,0,0,0,0,0,0,0,0,0,0,0,0,1,1,1,False
8,762754,-10,48907,1,704896,-1,37557,-0,002654806,0,9902614,-0,001197969,-0,1391898,0,0,0,0,0,0,0,0,0,0,0,0,0,0,0,0,0,0,0,0,0,0,1,1,1,False
8,775023,-10,48907,1,704896,-1,37557,-0,002654806,0,9902614,-0,001197969,-0,1391898,0,0,0,0,0,0,0,0,0,0,0,0,0,0,0,0,0,0,0,0,0,0,1,1,1,False
8,786414,-10,48907,1,704896,-1,37557,-0,002654806,0,9902614,-0,001197969,-0,1391898,0,0,0,0,0,0,0,0,0,0,0,0,0,0,0,0,0,0,0,0,0,0,1,1,1,False
8,798673,-10,48907,1,704896,-1,37557,-0,002654806,0,9902614,-0,001197969,-0,1391898,0,0,0,0,0,0,0,0,0,0,0,0,0,0,0,0,0,0,0,0,0,0,1,1,1,False
8,810087,-10,48907,1,704896,-1,37557,-0,002654806,0,9902614,-0,001197969,-0,1391898,0,0,0,0,0,0,0,0,0,0,0,0,0,0,0,0,0,0,0,0,0,0,1,1,1,False
8,82239,-10,48907,1,704896,-1,37557,-0,002654806,0,9902614,-0,001197969,-0,1391898,0,0,0,0,0,0,0,0,0,0,0,0,0,0,0,0,0,0,0,0,0,0,1,1,1,False
8,83486,-10,48907,1,704896,-1,37557,-0,002654806,0,9902614,-0,001197969,-0,1391898,0,0,0,0,0,0,0,0,0,0,0,0,0,0,0,0,0,0,0,0,0,0,1,1,1,False
8,84629,-10,48907,1,704896,-1,37557,-0,002654806,0,9902614,-0,001197969,-0,1391898,0,0,0,0,0,0,0,0,0,0,0,0,0,0,0,0,0,0,0,0,0,0,1,1,1,False
8,858521,-10,48907,1,704896,-1,37557,-0,002654806,0,9902614,-0,001197969,-0,1391898,0,0,0,0,0,0,0,0,0,0,0,0,0,0,0,0,0,0,0,0,0,0,1,1,1,False
8,86988,-10,48907,1,704896,-1,37557,-0,002654806,0,9902614,-0,001197969,-0,1391898,0,0,0,0,0,0,0,0,0,0,0,0,0,0,0,0,0,0,0,0,0,0,1,1,1,False
8,881826,-10,48907,1,704896,-1,37557,-0,002654806,0,9902614,-0,001197969,-0,1391898,0,0,0,0,0,0,0,0,0,0,0,0,0,0,0,0,0,0,0,0,0,0,1,1,1,False
8,894083,-10,48907,1,704896,-1,37557,-0,002654806,0,9902614,-0,001197969,-0,1391898,0,0,0,0,0,0,0,0,0,0,0,0,0,0,0,0,0,0,0,0,0,0,1,1,1,False
8,905481,-10,48907,1,704896,-1,37557,-0,002654806,0,9902614,-0,001197969,-0,1391898,0,0,0,0,0,0,0,0,0,0,0,0,0,0,0,0,0,0,0,0,0,0,1,1,1,False
8,917611,-10,48907,1,704896,-1,37557,-0,002654806,0,9902614,-0,001197969,-0,1391898,0,0,0,0,0,0,0,0,0,0,0,0,0,0,0,0,0,0,0,0,0,0,1,1,1,False
8,929092,-10,48907,1,704896,-1,37557,-0,002654806,0,9902614,-0,001197969,-0,1391898,0,0,0,0,0,0,0,0,0,0,0,0,0,0,0,0,0,0,0,0,0,0,1,1,1,False
8,941339,-10,48907,1,704896,-1,37557,-0,002654806,0,9902614,-0,001197969,-0,1391898,0,0,0,0,0,0,0,0,0,0,0,0,0,0,0,0,0,0,0,0,0,0,1,1,1,False
8,953423,-10,48907,1,704896,-1,37557,-0,002654806,0,9902614,-0,001197969,-0,1391898,0,0,0,0,0,0,0,0,0,0,0,0,0,0,0,0,0,0,0,0,0,0,1,1,1,False
8,96452,-10,48907,1,704896,-1,37557,-0,002654806,0,9902614,-0,001197969,-0,1391898,0,0,0,0,0,0,0,0,0,0,0,0,0,0,0,0,0,0,0,0,0,0,1,1,1,False
8,97663,-10,48907,1,704896,-1,37557,-0,002654806,0,9902614,-0,001197969,-0,1391898,0,0,0,0,0,0,0,0,0,0,0,0,0,0,0,0,0,0,0,0,0,0,1,1,1,False
8,987905,-10,48907,1,704896,-1,37557,-0,002654806,0,9902614,-0,001197969,-0,1391898,0,0,0,0,0,0,0,0,0,0,0,0,0,0,0,0,0,0,0,0,0,0,1,1,1,False
9,000032,-10,48907,1,704896,-1,37557,-0,002654806,0,9902614,-0,001197969,-0,1391898,0,0,0,0,0,0,0,0,0,0,0,0,0,0,0,0,0,0,0,0,0,0,1,1,1,False
9,012146,-10,48907,1,704896,-1,37557,-0,002654806,0,9902614,-0,001197969,-0,1391898,0,0,0,0,0,0,0,0,0,0,0,0,0,0,0,0,0,0,0,0,0,0,1,1,1,False
9,023408,-10,48907,1,704896,-1,37557,-0,002654806,0,9902614,-0,001197969,-0,1391898,0,0,0,0,0,0,0,0,0,0,0,0,0,0,0,0,0,0,0,0,0,0,1,1,1,False
9,035872,-10,48907,1,704896,-1,37557,-0,002654806,0,9902614,-0,001197969,-0,1391898,0,0,0,0,0,0,0,0,0,0,0,0,0,0,0,0,0,0,0,0,0,0,1,1,1,False
9,047359,-10,48907,1,704896,-1,37557,-0,002654806,0,9902614,-0,001197969,-0,1391898,0,0,0,0,0,0,0,0,0,0,0,0,0,0,0,0,0,0,0,0,0,0,1,1,1,False
9,059493,-10,48907,1,704896,-1,37557,-0,002654806,0,9902614,-0,001197969,-0,1391898,0,0,0,0,0,0,0,0,0,0,0,0,0,0,0,0,0,0,0,0,0,0,1,1,1,False
9,070981,-10,48907,1,704896,-1,37557,-0,002654806,0,9902614,-0,001197969,-0,1391898,0,0,0,0,0,0,0,0,0,0,0,0,0,0,0,0,0,0,0,0,0,0,1,1,1,False
9,083123,-10,48907,1,704896,-1,37557,-0,002654806,0,9902614,-0,001197969,-0,1391898,0,0,0,0,0,0,0,0,0,0,0,0,0,0,0,0,0,0,0,0,0,0,1,1,1,False
9,095275,-10,48907,1,704896,-1,37557,-0,002654806,0,9902614,-0,001197969,-0,1391898,0,0,0,0,0,0,0,0,0,0,0,0,0,0,0,0,0,0,0,0,0,0,1,1,1,False
9,106536,-10,48907,1,704896,-1,37557,-0,002654806,0,9902614,-0,001197969,-0,1391898,0,0,0,0,0,0,0,0,0,0,0,0,0,0,0,0,0,0,0,0,0,0,1,1,1,False
9,118625,-10,48907,1,704896,-1,37557,-0,002654806,0,9902614,-0,001197969,-0,1391898,0,0,0,0,0,0,0,0,0,0,0,0,0,0,0,0,0,0,0,0,0,0,1,1,1,False
9,130101,-10,48907,1,704896,-1,37557,-0,002654806,0,9902614,-0,001197969,-0,1391898,0,0,0,0,0,0,0,0,0,0,0,0,0,0,0,0,0,0,0,0,0,0,1,1,1,False
9,142266,-10,48907,1,704896,-1,37557,-0,002654806,0,9902614,-0,001197969,-0,1391898,0,0,0,0,0,0,0,0,0,0,0,0,0,0,0,0,0,0,0,0,0,0,1,1,1,False
9,154454,-10,48907,1,704896,-1,37557,-0,002654806,0,9902614,-0,001197969,-0,1391898,0,0,0,0,0,0,0,0,0,0,0,0,0,0,0,0,0,0,0,0,0,0,1,1,1,False
9,165685,-10,48907,1,704896,-1,37557,-0,002654806,0,9902614,-0,001197969,-0,1391898,0,0,0,0,0,0,0,0,0,0,0,0,0,0,0,0,0,0,0,0,0,0,1,1,1,False
9,178027,-10,48907,1,704896,-1,37557,-0,002654806,0,9902614,-0,001197969,-0,1391898,0,0,0,0,0,0,0,0,0,0,0,0,0,0,0,0,0,0,0,0,0,0,1,1,1,False
9,189614,-10,48907,1,704896,-1,37557,-0,002654806,0,9902614,-0,001197969,-0,1391898,0,0,0,0,0,0,0,0,0,0,0,0,0,0,0,0,0,0,0,0,0,0,1,1,1,False
9,201675,-10,48907,1,704896,-1,37557,-0,002654806,0,9902614,-0,001197969,-0,1391898,0,0,0,0,0,0,0,0,0,0,0,0,0,0,0,0,0,0,0,0,0,0,1,1,1,False
9,213745,-10,48907,1,704896,-1,37557,-0,002654806,0,9902614,-0,001197969,-0,1391898,0,0,0,0,0,0,0,0,0,0,0,0,0,0,0,0,0,0,0,0,0,0,1,1,1,False
9,224976,-10,48907,1,704896,-1,37557,-0,002654806,0,9902614,-0,001197969,-0,1391898,0,0,0,0,0,0,0,0,0,0,0,0,0,0,0,0,0,0,0,0,0,0,1,1,1,False
9,23728,-10,48907,1,704896,-1,37557,-0,002654806,0,9902614,-0,001197969,-0,1391898,0,0,0,0,0,0,0,0,0,0,0,0,0,0,0,0,0,0,0,0,0,0,1,1,1,False
9,248466,-10,48907,1,704896,-1,37557,-0,002654806,0,9902614,-0,001197969,-0,1391898,0,0,0,0,0,0,0,0,0,0,0,0,0,0,0,0,0,0,0,0,0,0,1,1,1,False
9,260518,-10,48907,1,704896,-1,37557,-0,002654806,0,9902614,-0,001197969,-0,1391898,0,0,0,0,0,0,0,0,0,0,0,0,0,0,0,0,0,0,0,0,0,0,1,1,1,False
9,272601,-10,48907,1,704896,-1,37557,-0,002654806,0,9902614,-0,001197969,-0,1391898,0,0,0,0,0,0,0,0,0,0,0,0,0,0,0,0,0,0,0,0,0,0,1,1,1,False
9,283945,-10,48907,1,704896,-1,37557,-0,002654806,0,9902614,-0,001197969,-0,1391898,0,0,0,0,0,0,0,0,0,0,0,0,0,0,0,0,0,0,0,0,0,0,1,1,1,False
9,296173,-10,48907,1,704896,-1,37557,-0,002654806,0,9902614,-0,001197969,-0,1391898,0,0,0,0,0,0,0,0,0,0,0,0,0,0,0,0,0,0,0,0,0,0,1,1,1,False
9,30749,-10,48907,1,704896,-1,37557,-0,002654806,0,9902614,-0,001197969,-0,1391898,0,0,0,0,0,0,0,0,0,0,0,0,0,0,0,0,0,0,0,0,0,0,1,1,1,False
9,319576,-10,48907,1,704896,-1,37557,-0,002654806,0,9902614,-0,001197969,-0,1391898,0,0,0,0,0,0,0,0,0,0,0,0,0,0,0,0,0,0,0,0,0,0,1,1,1,False
9,331189,-10,48907,1,704896,-1,37557,-0,002654806,0,9902614,-0,001197969,-0,1391898,0,0,0,0,0,0,0,0,0,0,0,0,0,0,0,0,0,0,0,0,0,0,1,1,1,False
9,343575,-10,48907,1,704896,-1,37557,-0,002654806,0,9902614,-0,001197969,-0,1391898,0,0,0,0,0,0,0,0,0,0,0,0,0,0,0,0,0,0,0,0,0,0,1,1,1,False
9,355715,-10,48907,1,704896,-1,37557,-0,002654806,0,9902614,-0,001197969,-0,1391898,0,0,0,0,0,0,0,0,0,0,0,0,0,0,0,0,0,0,0,0,0,0,1,1,1,False
9,366993,-10,48907,1,704896,-1,37557,-0,002654806,0,9902614,-0,001197969,-0,1391898,0,0,0,0,0,0,0,0,0,0,0,0,0,0,0,0,0,0,0,0,0,0,1,1,1,False
9,379067,-10,48907,1,704896,-1,37557,-0,002654806,0,9902614,-0,001197969,-0,1391898,0,0,0,0,0,0,0,0,0,0,0,0,0,0,0,0,0,0,0,0,0,0,1,1,1,False
9,390446,-10,48907,1,704896,-1,37557,-0,002654806,0,9902614,-0,001197969,-0,1391898,0,0,0,0,0,0,0,0,0,0,0,0,0,0,0,0,0,0,0,0,0,0,1,1,1,False
9,402454,-10,48907,1,704896,-1,37557,-0,002654806,0,9902614,-0,001197969,-0,1391898,0,0,0,0,0,0,0,0,0,0,0,0,0,0,0,0,0,0,0,0,0,0,1,1,1,False
9,414565,-10,48907,1,704896,-1,37557,-0,002654806,0,9902614,-0,001197969,-0,1391898,0,0,0,0,0,0,0,0,0,0,0,0,0,0,0,0,0,0,0,0,0,0,1,1,1,False
9,425859,-10,48907,1,704896,-1,37557,-0,002654806,0,9902614,-0,001197969,-0,1391898,0,0,0,0,0,0,0,0,0,0,0,0,0,0,0,0,0,0,0,0,0,0,1,1,1,False
9,438233,-10,48907,1,704896,-1,37557,-0,002654806,0,9902614,-0,001197969,-0,1391898,0,0,0,0,0,0,0,0,0,0,0,0,0,0,0,0,0,0,0,0,0,0,1,1,1,False
9,449622,-10,48907,1,704896,-1,37557,-0,002654806,0,9902614,-0,001197969,-0,1391898,0,0,0,0,0,0,0,0,0,0,0,0,0,0,0,0,0,0,0,0,0,0,1,1,1,False
9,462044,-10,48907,1,704896,-1,37557,-0,002654806,0,9902614,-0,001197969,-0,1391898,0,0,0,0,0,0,0,0,0,0,0,0,0,0,0,0,0,0,0,0,0,0,1,1,1,False
9,474123,-10,48907,1,704896,-1,37557,-0,002654806,0,9902614,-0,001197969,-0,1391898,0,0,0,0,0,0,0,0,0,0,0,0,0,0,0,0,0,0,0,0,0,0,1,1,1,False
9,485469,-10,48907,1,704896,-1,37557,-0,002654806,0,9902614,-0,001197969,-0,1391898,0,0,0,0,0,0,0,0,0,0,0,0,0,0,0,0,0,0,0,0,0,0,1,1,1,False
9,497567,-10,48907,1,704896,-1,37557,-0,002654806,0,9902614,-0,001197969,-0,1391898,0,0,0,0,0,0,0,0,0,0,0,0,0,0,0,0,0,0,0,0,0,0,1,1,1,False
9,509082,-10,48907,1,704896,-1,37557,-0,002654806,0,9902614,-0,001197969,-0,1391898,0,0,0,0,0,0,0,0,0,0,0,0,0,0,0,0,0,0,0,0,0,0,1,1,1,False
9,521717,-10,48907,1,704896,-1,37557,-0,002654806,0,9902614,-0,001197969,-0,1391898,0,0,0,0,0,0,0,0,0,0,0,0,0,0,0,0,0,0,0,0,0,0,1,1,1,False
9,533971,-10,48907,1,704896,-1,37557,-0,002654806,0,9902614,-0,001197969,-0,1391898,0,0,0,0,0,0,0,0,0,0,0,0,0,0,0,0,0,0,0,0,0,0,1,1,1,False
9,545309,-10,48907,1,704896,-1,37557,-0,002654806,0,9902614,-0,001197969,-0,1391898,0,0,0,0,0,0,0,0,0,0,0,0,0,0,0,0,0,0,0,0,0,0,1,1,1,False
9,557463,-10,48907,1,704896,-1,37557,-0,002654806,0,9902614,-0,001197969,-0,1391898,0,0,0,0,0,0,0,0,0,0,0,0,0,0,0,0,0,0,0,0,0,0,1,1,1,False
9,568828,-10,48907,1,704896,-1,37557,-0,002654806,0,9902614,-0,001197969,-0,1391898,0,0,0,0,0,0,0,0,0,0,0,0,0,0,0,0,0,0,0,0,0,0,1,1,1,False
9,580856,-10,48907,1,704896,-1,37557,-0,002654806,0,9902614,-0,001197969,-0,1391898,0,0,0,0,0,0,0,0,0,0,0,0,0,0,0,0,0,0,0,0,0,0,1,1,1,False
9,592996,-10,48907,1,704896,-1,37557,-0,002654806,0,9902614,-0,001197969,-0,1391898,0,0,0,0,0,0,0,0,0,0,0,0,0,0,0,0,0,0,0,0,0,0,1,1,1,False
9,604427,-10,48907,1,704896,-1,37557,-0,002654806,0,9902614,-0,001197969,-0,1391898,0,0,0,0,0,0,0,0,0,0,0,0,0,0,0,0,0,0,0,0,0,0,1,1,1,False
9,616481,-10,48907,1,704896,-1,37557,-0,002654806,0,9902614,-0,001197969,-0,1391898,0,0,0,0,0,0,0,0,0,0,0,0,0,0,0,0,0,0,0,0,0,0,1,1,1,False
9,628106,-10,48907,1,704896,-1,37557,-0,002654806,0,9902614,-0,001197969,-0,1391898,0,0,0,0,0,0,0,0,0,0,0,0,0,0,0,0,0,0,0,0,0,0,1,1,1,False
9,640429,-10,48907,1,704896,-1,37557,-0,002654806,0,9902614,-0,001197969,-0,1391898,0,0,0,0,0,0,0,0,0,0,0,0,0,0,0,0,0,0,0,0,0,0,1,1,1,False
9,652687,-10,48907,1,704896,-1,37557,-0,002654806,0,9902614,-0,001197969,-0,1391898,0,0,0,0,0,0,0,0,0,0,0,0,0,0,0,0,0,0,0,0,0,0,1,1,1,False
9,664146,-10,48907,1,704896,-1,37557,-0,002654806,0,9902614,-0,001197969,-0,1391898,0,0,0,0,0,0,0,0,0,0,0,0,0,0,0,0,0,0,0,0,0,0,1,1,1,False
9,676293,-10,48907,1,704896,-1,37557,-0,002654806,0,9902614,-0,001197969,-0,1391898,0,0,0,0,0,0,0,0,0,0,0,0,0,0,0,0,0,0,0,0,0,0,1,1,1,False
9,687623,-10,48907,1,704896,-1,37557,-0,002654806,0,9902614,-0,001197969,-0,1391898,0,0,0,0,0,0,0,0,0,0,0,0,0,0,0,0,0,0,0,0,0,0,1,1,1,False
9,699691,-10,48907,1,704896,-1,37557,-0,002654806,0,9902614,-0,001197969,-0,1391898,0,0,0,0,0,0,0,0,0,0,0,0,0,0,0,0,0,0,0,0,0,0,1,1,1,False
9,711074,-10,48907,1,704896,-1,37557,-0,002654806,0,9902614,-0,001197969,-0,1391898,0,0,0,0,0,0,0,0,0,0,0,0,0,0,0,0,0,0,0,0,0,0,1,1,1,False
9,72471,-10,48907,1,704896,-1,37557,-0,002654806,0,9902614,-0,001197969,-0,1391898,0,0,0,0,0,0,0,0,0,0,0,0,0,0,0,0,0,0,0,0,0,0,1,1,1,False
9,736919,-10,48907,1,704896,-1,37557,-0,002654806,0,9902614,-0,001197969,-0,1391898,0,0,0,0,0,0,0,0,0,0,0,0,0,0,0,0,0,0,0,0,0,0,1,1,1,False
9,748185,-10,48907,1,704896,-1,37557,-0,002654806,0,9902614,-0,001197969,-0,1391898,0,0,0,0,0,0,0,0,0,0,0,0,0,0,0,0,0,0,0,0,0,0,1,1,1,False
9,760404,-10,48907,1,704896,-1,37557,-0,002654806,0,9902614,-0,001197969,-0,1391898,0,0,0,0,0,0,0,0,0,0,0,0,0,0,0,0,0,0,0,0,0,0,1,1,1,False
9,772596,-10,48907,1,704896,-1,37557,-0,002654806,0,9902614,-0,001197969,-0,1391898,0,0,0,0,0,0,0,0,0,0,0,0,0,0,0,0,0,0,0,0,0,0,1,1,1,False
9,784024,-10,48907,1,704896,-1,37557,-0,002654806,0,9902614,-0,001197969,-0,1391898,0,0,0,0,0,0,0,0,0,0,0,0,0,0,0,0,0,0,0,0,0,0,1,1,1,False
9,796146,-10,48907,1,704896,-1,37557,-0,002654806,0,9902614,-0,001197969,-0,1391898,0,0,0,0,0,0,0,0,0,0,0,0,0,0,0,0,0,0,0,0,0,0,1,1,1,False
9,807626,-10,48907,1,704896,-1,37557,-0,002654806,0,9902614,-0,001197969,-0,1391898,0,0,0,0,0,0,0,0,0,0,0,0,0,0,0,0,0,0,0,0,0,0,1,1,1,False
9,819724,-10,48907,1,704896,-1,37557,-0,002654806,0,9902614,-0,001197969,-0,1391898,0,0,0,0,0,0,0,0,0,0,0,0,0,0,0,0,0,0,0,0,0,0,1,1,1,False
9,831177,-10,48907,1,704896,-1,37557,-0,002654806,0,9902614,-0,001197969,-0,1391898,0,0,0,0,0,0,0,0,0,0,0,0,0,0,0,0,0,0,0,0,0,0,1,1,1,False
9,843459,-10,48907,1,704896,-1,37557,-0,002654806,0,9902614,-0,001197969,-0,1391898,0,0,0,0,0,0,0,0,0,0,0,0,0,0,0,0,0,0,0,0,0,0,1,1,1,False
9,855583,-10,48907,1,704896,-1,37557,-0,002654806,0,9902614,-0,001197969,-0,1391898,0,0,0,0,0,0,0,0,0,0,0,0,0,0,0,0,0,0,0,0,0,0,1,1,1,False
9,867347,-10,48907,1,704896,-1,37557,-0,002654806,0,9902614,-0,001197969,-0,1391898,0,0,0,0,0,0,0,0,0,0,0,0,0,0,0,0,0,0,0,0,0,0,1,1,1,False
9,879408,-10,48907,1,704896,-1,37557,-0,002654806,0,9902614,-0,001197969,-0,1391898,0,0,0,0,0,0,0,0,0,0,0,0,0,0,0,0,0,0,0,0,0,0,1,1,1,False
9,890692,-10,48907,1,704896,-1,37557,-0,002654806,0,9902614,-0,001197969,-0,1391898,0,0,0,0,0,0,0,0,0,0,0,0,0,0,0,0,0,0,0,0,0,0,1,1,1,False
9,90262,-10,48907,1,704896,-1,37557,-0,002654806,0,9902614,-0,001197969,-0,1391898,0,0,0,0,0,0,0,0,0,0,0,0,0,0,0,0,0,0,0,0,0,0,1,1,1,False
9,914762,-10,48907,1,704896,-1,37557,-0,002654806,0,9902614,-0,001197969,-0,1391898,0,0,0,0,0,0,0,0,0,0,0,0,0,0,0,0,0,0,0,0,0,0,1,1,1,False
9,926048,-10,48907,1,704896,-1,37557,-0,002654806,0,9902614,-0,001197969,-0,1391898,0,0,0,0,0,0,0,0,0,0,0,0,0,0,0,0,0,0,0,0,0,0,1,1,1,False
9,938246,-10,48907,1,704896,-1,37557,-0,002654806,0,9902614,-0,001197969,-0,1391898,0,0,0,0,0,0,0,0,0,0,0,0,0,0,0,0,0,0,0,0,0,0,1,1,1,False
9,949552,-10,48907,1,704896,-1,37557,-0,002654806,0,9902614,-0,001197969,-0,1391898,0,0,0,0,0,0,0,0,0,0,0,0,0,0,0,0,0,0,0,0,0,0,1,1,1,False
9,961833,-10,48907,1,704896,-1,37557,-0,002654806,0,9902614,-0,001197969,-0,1391898,0,0,0,0,0,0,0,0,0,0,0,0,0,0,0,0,0,0,0,0,0,0,1,1,1,False
9,973863,-10,48907,1,704896,-1,37557,-0,002654806,0,9902614,-0,001197969,-0,1391898,0,0,0,0,0,0,0,0,0,0,0,0,0,0,0,0,0,0,0,0,0,0,1,1,1,False
9,985065,-10,48907,1,704896,-1,37557,-0,002654806,0,9902614,-0,001197969,-0,1391898,0,0,0,0,0,0,0,0,0,0,0,0,0,0,0,0,0,0,0,0,0,0,1,1,1,False
9,997091,-10,48907,1,704896,-1,37557,-0,002654806,0,9902614,-0,001197969,-0,1391898,0,0,0,0,0,0,0,0,0,0,0,0,0,0,0,0,0,0,0,0,0,0,1,1,1,False
10,00847,-10,48907,1,704896,-1,37557,-0,002654806,0,9902614,-0,001197969,-0,1391898,0,0,0,0,0,0,0,0,0,0,0,0,0,0,0,0,0,0,0,0,0,0,1,1,1,False
10,02038,-10,48907,1,704896,-1,37557,-0,002654806,0,9902614,-0,001197969,-0,1391898,0,0,0,0,0,0,0,0,0,0,0,0,0,0,0,0,0,0,0,0,0,0,1,1,1,False
10,03251,-10,48907,1,704896,-1,37557,-0,002654806,0,9902614,-0,001197969,-0,1391898,0,0,0,0,0,0,0,0,0,0,0,0,0,0,0,0,0,0,0,0,0,0,1,1,1,False
10,04422,-10,48907,1,704896,-1,37557,-0,002654806,0,9902614,-0,001197969,-0,1391898,0,0,0,0,0,0,0,0,0,0,0,0,0,0,0,0,0,0,0,0,0,0,1,1,1,False
10,0564,-10,48907,1,704896,-1,37557,-0,002654806,0,9902614,-0,001197969,-0,1391898,0,0,0,0,0,0,0,0,0,0,0,0,0,0,0,0,0,0,0,0,0,0,1,1,1,False
10,06819,-10,48907,1,704896,-1,37557,-0,002654806,0,9902614,-0,001197969,-0,1391898,0,0,0,0,0,0,0,0,0,0,0,0,0,0,0,0,0,0,0,0,0,0,1,1,1,False
10,08012,-10,48907,1,704896,-1,37557,-0,002654806,0,9902614,-0,001197969,-0,1391898,0,0,0,0,0,0,0,0,0,0,0,0,0,0,0,0,0,0,0,0,0,0,1,1,1,False
10,0924,-10,48907,1,704896,-1,37557,-0,002654806,0,9902614,-0,001197969,-0,1391898,0,0,0,0,0,0,0,0,0,0,0,0,0,0,0,0,0,0,0,0,0,0,1,1,1,False
10,10371,-10,48907,1,704896,-1,37557,-0,002654806,0,9902614,-0,001197969,-0,1391898,0,0,0,0,0,0,0,0,0,0,0,0,0,0,0,0,0,0,0,0,0,0,1,1,1,False
10,11585,-10,48907,1,704896,-1,37557,-0,002654806,0,9902614,-0,001197969,-0,1391898,0,0,0,0,0,0,0,0,0,0,0,0,0,0,0,0,0,0,0,0,0,0,1,1,1,False
10,12713,-10,48907,1,704896,-1,37557,-0,002654806,0,9902614,-0,001197969,-0,1391898,0,0,0,0,0,0,0,0,0,0,0,0,0,0,0,0,0,0,0,0,0,0,1,1,1,False
10,1394,-10,48907,1,704896,-1,37557,-0,002654806,0,9902614,-0,001197969,-0,1391898,0,0,0,0,0,0,0,0,0,0,0,0,0,0,0,0,0,0,0,0,0,0,1,1,1,False
10,15078,-10,48907,1,704896,-1,37557,-0,002654806,0,9902614,-0,001197969,-0,1391898,0,0,0,0,0,0,0,0,0,0,0,0,0,0,0,0,0,0,0,0,0,0,1,1,1,False
10,16293,-10,48907,1,704896,-1,37557,-0,002654806,0,9902614,-0,001197969,-0,1391898,0,0,0,0,0,0,0,0,0,0,0,0,0,0,0,0,0,0,0,0,0,0,1,1,1,False
10,17499,-10,48907,1,704896,-1,37557,-0,002654806,0,9902614,-0,001197969,-0,1391898,0,0,0,0,0,0,0,0,0,0,0,0,0,0,0,0,0,0,0,0,0,0,1,1,1,False
10,1863,-10,48907,1,704896,-1,37557,-0,002654806,0,9902614,-0,001197969,-0,1391898,0,0,0,0,0,0,0,0,0,0,0,0,0,0,0,0,0,0,0,0,0,0,1,1,1,False
10,1986,-10,48907,1,704896,-1,37557,-0,002654806,0,9902614,-0,001197969,-0,1391898,0,0,0,0,0,0,0,0,0,0,0,0,0,0,0,0,0,0,0,0,0,0,1,1,1,False
10,21059,-10,48907,1,704896,-1,37557,-0,002654806,0,9902614,-0,001197969,-0,1391898,0,0,0,0,0,0,0,0,0,0,0,0,0,0,0,0,0,0,0,0,0,0,1,1,1,False
10,22299,-10,48907,1,704896,-1,37557,-0,002654806,0,9902614,-0,001197969,-0,1391898,0,0,0,0,0,0,0,0,0,0,0,0,0,0,0,0,0,0,0,0,0,0,1,1,1,False
10,23524,-10,48907,1,704896,-1,37557,-0,002654806,0,9902614,-0,001197969,-0,1391898,0,0,0,0,0,0,0,0,0,0,0,0,0,0,0,0,0,0,0,0,0,0,1,1,1,False
10,24676,-10,48907,1,704896,-1,37557,-0,002654806,0,9902614,-0,001197969,-0,1391898,0,0,0,0,0,0,0,0,0,0,0,0,0,0,0,0,0,0,0,0,0,0,1,1,1,False
10,25914,-10,48907,1,704896,-1,37557,-0,002654806,0,9902614,-0,001197969,-0,1391898,0,0,0,0,0,0,0,0,0,0,0,0,0,0,0,0,0,0,0,0,0,0,1,1,1,False
10,27035,-10,48907,1,704896,-1,37557,-0,002654806,0,9902614,-0,001197969,-0,1391898,0,0,0,0,0,0,0,0,0,0,0,0,0,0,0,0,0,0,0,0,0,0,1,1,1,False
10,29222,-10,48907,1,704896,-1,37557,-0,002654806,0,9902614,-0,001197969,-0,1391898,0,0,0,0,0,0,0,0,0,0,0,0,0,0,0,0,0,0,0,0,0,0,1,1,1,False
10,3056,-10,48907,1,704896,-1,37557,-0,002654806,0,9902614,-0,001197969,-0,1391898,0,0,0,0,0,0,0,0,0,0,0,0,0,0,0,0,0,0,0,0,0,0,1,1,1,False
10,3179,-10,48907,1,704896,-1,37557,-0,002654806,0,9902614,-0,001197969,-0,1391898,0,0,0,0,0,0,0,0,0,0,0,0,0,0,0,0,0,0,0,0,0,0,1,1,1,False
10,32932,-10,48907,1,704896,-1,37557,-0,002654806,0,9902614,-0,001197969,-0,1391898,0,0,0,0,0,0,0,0,0,0,0,0,0,0,0,0,0,0,0,0,0,0,1,1,1,False
10,34185,-10,48907,1,704896,-1,37557,-0,002654806,0,9902614,-0,001197969,-0,1391898,0,0,0,0,0,0,0,0,0,0,0,0,0,0,0,0,0,0,0,0,0,0,1,1,1,False
10,35402,-10,48907,1,704896,-1,37557,-0,002654806,0,9902614,-0,001197969,-0,1391898,0,0,0,0,0,0,0,0,0,0,0,0,0,0,0,0,0,0,0,0,0,0,1,1,1,False
10,3654,-10,48907,1,704896,-1,37557,-0,002654806,0,9902614,-0,001197969,-0,1391898,0,0,0,0,0,0,0,0,0,0,0,0,0,0,0,0,0,0,0,0,0,0,1,1,1,False
10,3777,-10,48907,1,704896,-1,37557,-0,002654806,0,9902614,-0,001197969,-0,1391898,0,0,0,0,0,0,0,0,0,0,0,0,0,0,0,0,0,0,0,0,0,0,1,1,1,False
10,38922,-10,48907,1,704896,-1,37557,-0,002654806,0,9902614,-0,001197969,-0,1391898,0,0,0,0,0,0,0,0,0,0,0,0,0,0,0,0,0,0,0,0,0,0,1,1,1,False
10,40135,-10,48907,1,704896,-1,37557,-0,002654806,0,9902614,-0,001197969,-0,1391898,0,0,0,0,0,0,0,0,0,0,0,0,0,0,0,0,0,0,0,0,0,0,1,1,1,False
10,41356,-10,48907,1,704896,-1,37557,-0,002654806,0,9902614,-0,001197969,-0,1391898,0,0,0,0,0,0,0,0,0,0,0,0,0,0,0,0,0,0,0,0,0,0,1,1,1,False
10,42517,-10,48907,1,704896,-1,37557,-0,002654806,0,9902614,-0,001197969,-0,1391898,0,0,0,0,0,0,0,0,0,0,0,0,0,0,0,0,0,0,0,0,0,0,1,1,1,False
10,43732,-10,48907,1,704896,-1,37557,-0,002654806,0,9902614,-0,001197969,-0,1391898,0,0,0,0,0,0,0,0,0,0,0,0,0,0,0,0,0,0,0,0,0,0,1,1,1,False
10,44899,-10,48907,1,704896,-1,37557,-0,002654806,0,9902614,-0,001197969,-0,1391898,0,0,0,0,0,0,0,0,0,0,0,0,0,0,0,0,0,0,0,0,0,0,1,1,1,False
10,46126,-10,48907,1,704896,-1,37557,-0,002654806,0,9902614,-0,001197969,-0,1391898,0,0,0,0,0,0,0,0,0,0,0,0,0,0,0,0,0,0,0,0,0,0,1,1,1,False
10,47339,-10,48907,1,704896,-1,37557,-0,002654806,0,9902614,-0,001197969,-0,1391898,0,0,0,0,0,0,0,0,0,0,0,0,0,0,0,0,0,0,0,0,0,0,1,1,1,False
10,48454,-10,48907,1,704896,-1,37557,-0,002654806,0,9902614,-0,001197969,-0,1391898,0,0,0,0,0,0,0,0,0,0,0,0,0,0,0,0,0,0,0,0,0,0,1,1,1,False
10,49677,-10,48907,1,704896,-1,37557,-0,002654806,0,9902614,-0,001197969,-0,1391898,0,0,0,0,0,0,0,0,0,0,0,0,0,0,0,0,0,0,0,0,0,0,1,1,1,False
10,50809,-10,48907,1,704896,-1,37557,-0,002654806,0,9902614,-0,001197969,-0,1391898,0,0,0,0,0,0,0,0,0,0,0,0,0,0,0,0,0,0,0,0,0,0,1,1,1,False
10,52025,-10,48907,1,704896,-1,37557,-0,002654806,0,9902614,-0,001197969,-0,1391898,0,0,0,0,0,0,0,0,0,0,0,0,0,0,0,0,0,0,0,0,0,0,1,1,1,False
10,53259,-10,48907,1,704896,-1,37557,-0,002654806,0,9902614,-0,001197969,-0,1391898,0,0,0,0,0,0,0,0,0,0,0,0,0,0,0,0,0,0,0,0,0,0,1,1,1,False
10,54416,-10,48907,1,704896,-1,37557,-0,002654806,0,9902614,-0,001197969,-0,1391898,0,0,0,0,0,0,0,0,0,0,0,0,0,0,0,0,0,0,0,0,0,0,1,1,1,False
10,55694,-10,48907,1,704896,-1,37557,-0,002654806,0,9902614,-0,001197969,-0,1391898,0,0,0,0,0,0,0,0,0,0,0,0,0,0,0,0,0,0,0,0,0,0,1,1,1,False
10,56835,-10,48907,1,704896,-1,37557,-0,002654806,0,9902614,-0,001197969,-0,1391898,0,0,0,0,0,0,0,0,0,0,0,0,0,0,0,0,0,0,0,0,0,0,1,1,1,False
10,58049,-10,48907,1,704896,-1,37557,-0,002654806,0,9902614,-0,001197969,-0,1391898,0,0,0,0,0,0,0,0,0,0,0,0,0,0,0,0,0,0,0,0,0,0,1,1,1,False
10,59266,-10,48907,1,704896,-1,37557,-0,002654806,0,9902614,-0,001197969,-0,1391898,0,0,0,0,0,0,0,0,0,0,0,0,0,0,0,0,0,0,0,0,0,0,1,1,1,False
10,60391,-10,48907,1,704896,-1,37557,-0,002654806,0,9902614,-0,001197969,-0,1391898,0,0,0,0,0,0,0,0,0,0,0,0,0,0,0,0,0,0,0,0,0,0,1,1,1,False
10,61605,-10,48907,1,704896,-1,37557,-0,002654806,0,9902614,-0,001197969,-0,1391898,0,0,0,0,0,0,0,0,0,0,0,0,0,0,0,0,0,0,0,0,0,0,1,1,1,False
10,6274,-10,48907,1,704896,-1,37557,-0,002654806,0,9902614,-0,001197969,-0,1391898,0,0,0,0,0,0,0,0,0,0,0,0,0,0,0,0,0,0,0,0,0,0,1,1,1,False
10,63948,-10,48907,1,704896,-1,37557,-0,002654806,0,9902614,-0,001197969,-0,1391898,0,0,0,0,0,0,0,0,0,0,0,0,0,0,0,0,0,0,0,0,0,0,1,1,1,False
10,65109,-10,48907,1,704896,-1,37557,-0,002654806,0,9902614,-0,001197969,-0,1391898,0,0,0,0,0,0,0,0,0,0,0,0,0,0,0,0,0,0,0,0,0,0,1,1,1,False
10,66363,-10,48907,1,704896,-1,37557,-0,002654806,0,9902614,-0,001197969,-0,1391898,0,0,0,0,0,0,0,0,0,0,0,0,0,0,0,0,0,0,0,0,0,0,1,1,1,False
10,67588,-10,48907,1,704896,-1,37557,-0,002654806,0,9902614,-0,001197969,-0,1391898,0,0,0,0,0,0,0,0,0,0,0,0,0,0,0,0,0,0,0,0,0,0,1,1,1,False
10,68711,-10,48907,1,704896,-1,37557,-0,002654806,0,9902614,-0,001197969,-0,1391898,0,0,0,0,0,0,0,0,0,0,0,0,0,0,0,0,0,0,0,0,0,0,1,1,1,False
10,69938,-10,48907,1,704896,-1,37557,-0,002654806,0,9902614,-0,001197969,-0,1391898,0,0,0,0,0,0,0,0,0,0,0,0,0,0,0,0,0,0,0,0,0,0,1,1,1,False
10,71079,-10,48907,1,704896,-1,37557,-0,002654806,0,9902614,-0,001197969,-0,1391898,0,0,0,0,0,0,0,0,0,0,0,0,0,0,0,0,0,0,0,0,0,0,1,1,1,False
10,72301,-10,48907,1,704896,-1,37557,-0,002654806,0,9902614,-0,001197969,-0,1391898,0,0,0,0,0,0,0,0,0,0,0,0,0,0,0,0,0,0,0,0,0,0,1,1,1,False
10,73524,-10,48907,1,704896,-1,37557,-0,002654806,0,9902614,-0,001197969,-0,1391898,0,0,0,0,0,0,0,0,0,0,0,0,0,0,0,0,0,0,0,0,0,0,1,1,1,False
10,74748,-10,48907,1,704896,-1,37557,-0,002654806,0,9902614,-0,001197969,-0,1391898,0,0,0,0,0,0,0,0,0,0,0,0,0,0,0,0,0,0,0,0,0,0,1,1,1,False
10,76021,-10,48907,1,704896,-1,37557,-0,002654806,0,9902614,-0,001197969,-0,1391898,0,0,0,0,0,0,0,0,0,0,0,0,0,0,0,0,0,0,0,0,0,0,1,1,1,False
10,77262,-10,48907,1,704896,-1,37557,-0,002654806,0,9902614,-0,001197969,-0,1391898,0,0,0,0,0,0,0,0,0,0,0,0,0,0,0,0,0,0,0,0,0,0,1,1,1,False
10,78396,-10,48907,1,704896,-1,37557,-0,002654806,0,9902614,-0,001197969,-0,1391898,0,0,0,0,0,0,0,0,0,0,0,0,0,0,0,0,0,0,0,0,0,0,1,1,1,False
10,79617,-10,48907,1,704896,-1,37557,-0,002654806,0,9902614,-0,001197969,-0,1391898,0,0,0,0,0,0,0,0,0,0,0,0,0,0,0,0,0,0,0,0,0,0,1,1,1,False
10,80747,-10,48907,1,704896,-1,37557,-0,002654806,0,9902614,-0,001197969,-0,1391898,0,0,0,0,0,0,0,0,0,0,0,0,0,0,0,0,0,0,0,0,0,0,1,1,1,False
10,81986,-10,48907,1,704896,-1,37557,-0,002654806,0,9902614,-0,001197969,-0,1391898,0,0,0,0,0,0,0,0,0,0,0,0,0,0,0,0,0,0,0,0,0,0,1,1,1,False
10,83125,-10,48907,1,704896,-1,37557,-0,002654806,0,9902614,-0,001197969,-0,1391898,0,0,0,0,0,0,0,0,0,0,0,0,0,0,0,0,0,0,0,0,0,0,1,1,1,False
10,84354,-10,48907,1,704896,-1,37557,-0,002654806,0,9902614,-0,001197969,-0,1391898,0,0,0,0,0,0,0,0,0,0,0,0,0,0,0,0,0,0,0,0,0,0,1,1,1,False
10,85591,-10,48907,1,704896,-1,37557,-0,002654806,0,9902614,-0,001197969,-0,1391898,0,0,0,0,0,0,0,0,0,0,0,0,0,0,0,0,0,0,0,0,0,0,1,1,1,False
10,86747,-10,48907,1,704896,-1,37557,-0,002654806,0,9902614,-0,001197969,-0,1391898,0,0,0,0,0,0,0,0,0,0,0,0,0,0,0,0,0,0,0,0,0,0,1,1,1,False
10,8797,-10,48907,1,704896,-1,37557,-0,002654806,0,9902614,-0,001197969,-0,1391898,0,0,0,0,0,0,0,0,0,0,0,0,0,0,0,0,0,0,0,0,0,0,1,1,1,False
10,89121,-10,48907,1,704896,-1,37557,-0,002654806,0,9902614,-0,001197969,-0,1391898,0,0,0,0,0,0,0,0,0,0,0,0,0,0,0,0,0,0,0,0,0,0,1,1,1,False
10,90378,-10,48907,1,704896,-1,37557,-0,002654806,0,9902614,-0,001197969,-0,1391898,0,0,0,0,0,0,0,0,0,0,0,0,0,0,0,0,0,0,0,0,0,0,1,1,1,False
10,91601,-10,48907,1,704896,-1,37557,-0,002654806,0,9902614,-0,001197969,-0,1391898,0,0,0,0,0,0,0,0,0,0,0,0,0,0,0,0,0,0,0,0,0,0,1,1,1,False
10,92737,-10,48907,1,704896,-1,37557,-0,002654806,0,9902614,-0,001197969,-0,1391898,0,0,0,0,0,0,0,0,0,0,0,0,0,0,0,0,0,0,0,0,0,0,1,1,1,False
10,93951,-10,48907,1,704896,-1,37557,-0,002654806,0,9902614,-0,001197969,-0,1391898,0,0,0,0,0,0,0,0,0,0,0,0,0,0,0,0,0,0,0,0,0,0,1,1,1,False
10,9509,-10,48907,1,704896,-1,37557,-0,002654806,0,9902614,-0,001197969,-0,1391898,0,0,0,0,0,0,0,0,0,0,0,0,0,0,0,0,0,0,0,0,0,0,1,1,1,False
10,96325,-10,48907,1,704896,-1,37557,-0,002654806,0,9902614,-0,001197969,-0,1391898,0,0,0,0,0,0,0,0,0,0,0,0,0,0,0,0,0,0,0,0,0,0,1,1,1,False
10,97622,-10,48907,1,704896,-1,37557,-0,002654806,0,9902614,-0,001197969,-0,1391898,0,0,0,0,0,0,0,0,0,0,0,0,0,0,0,0,0,0,0,0,0,0,1,1,1,False
10,98849,-10,48907,1,704896,-1,37557,-0,002654806,0,9902614,-0,001197969,-0,1391898,0,0,0,0,0,0,0,0,0,0,0,0,0,0,0,0,0,0,0,0,0,0,1,1,1,False
11,00078,-10,48907,1,704896,-1,37557,-0,002654806,0,9902614,-0,001197969,-0,1391898,0,0,0,0,0,0,0,0,0,0,0,0,0,0,0,0,0,0,0,0,0,0,1,1,1,False
11,01295,-10,48907,1,704896,-1,37557,-0,002654806,0,9902614,-0,001197969,-0,1391898,0,0,0,0,0,0,0,0,0,0,0,0,0,0,0,0,0,0,0,0,0,0,1,1,1,False
11,02427,-10,48907,1,704896,-1,37557,-0,002654806,0,9902614,-0,001197969,-0,1391898,0,0,0,0,0,0,0,0,0,0,0,0,0,0,0,0,0,0,0,0,0,0,1,1,1,False
11,03643,-10,48907,1,704896,-1,37557,-0,002654806,0,9902614,-0,001197969,-0,1391898,0,0,0,0,0,0,0,0,0,0,0,0,0,0,0,0,0,0,0,0,0,0,1,1,1,False
11,04793,-10,48907,1,704896,-1,37557,-0,002654806,0,9902614,-0,001197969,-0,1391898,0,0,0,0,0,0,0,0,0,0,0,0,0,0,0,0,0,0,0,0,0,0,1,1,1,False
11,16302,-10,48907,1,704896,-1,37557,-0,002654806,0,9902614,-0,001197969,-0,1391898,0,0,0,0,0,0,0,0,0,0,0,0,0,0,0,0,0,0,0,0,0,0,1,1,1,False

