Time,HMD_Position_x,HMD_Position_y,HMD_Position_z,HMD_Rotation_x,HMD_Rotation_y,HMD_Rotation_z,HMD_Rotation_w,Left_Position_x,Left_Position_y,Left_Position_z,Right_Position_x,Right_Position_y,Right_Position_z,Left_Gaze_Origin.x,Left_Gaze_Origin.y,Left_Gaze_Origin.z,Right_Gaze_Origin.x,Right_Gaze_Origin.y,Right_Gaze_Origin.z,Left_Gaze_Direction_x,Left_Gaze_Direction_y,Left_Gaze_Direction_z,Right_Gaze_Direction_x,Right_Gaze_Direction_y,Right_Gaze_Direction_z,Left_Pupil_Diameter,Right_Pupil_Diameter,Left_Openness,Right_Openness,ArtificialBlink_Flag,RBlinkCount,LBlinkCount,BrowerFlag
0,01999999,-14,92907,3,026018,-6,92557,-0,002654806,0,9902614,-0,001197969,-0,1391898,0,0,0,0,0,0,0,0,0,0,0,0,0,0,0,0,0,0,0,0,0,0,1,1,1,False
0,03999998,-14,92705,2,658176,-6,924983,-0,002654806,0,9902614,-0,001197969,-0,1391898,0,0,0,0,0,0,0,0,0,0,0,0,0,0,0,0,0,0,0,0,0,0,1,1,1,False
0,2977748,-14,93972,3,41949,-3,658527,0,0005360197,0,9811738,-0,1809172,-0,06757712,0,0,0,0,0,0,0,0,0,0,0,0,0,0,0,0,0,0,0,0,0,0,1,1,1,False
0,3615821,-14,93876,3,418622,-3,659817,0,0001427259,0,9809522,-0,1826288,-0,0661772,0,0,0,0,0,0,0,0,0,0,0,0,0,0,0,0,0,0,0,0,0,0,1,1,1,False
0,4773458,-14,938,3,418186,-3,66072,9,890855E-05,0,9807904,-0,1832465,-0,06686521,0,0,0,0,0,0,0,0,0,0,0,0,0,0,0,0,0,0,0,0,0,0,1,1,1,False
0,5232505,-14,93755,3,418096,-3,661072,0,0007176211,0,9807667,-0,1835098,-0,06648496,0,0,0,0,0,0,0,0,0,0,0,0,0,0,0,0,0,0,0,0,0,0,1,1,1,False
0,6924019,-14,93597,3,41756,-3,66014,0,001677694,0,9806347,-0,1843797,-0,06600616,0,0,0,0,0,0,0,0,0,0,0,0,0,0,0,0,0,0,0,0,0,0,1,1,1,False
0,7662985,-14,93528,3,418437,-3,659555,0,001746408,0,9811131,-0,1815527,-0,06672928,0,0,0,0,0,0,0,0,0,0,0,0,0,0,0,0,0,0,0,0,0,0,1,1,1,False
0,8133395,-14,9347,3,419056,-3,659133,0,002924114,0,9814098,-0,1797748,-0,06713599,0,0,0,0,0,0,0,0,0,0,0,0,0,0,0,0,0,0,0,0,0,0,1,1,1,False
0,8459312,-14,93455,3,419155,-3,659077,0,003193209,0,9814681,-0,1794179,-0,06722619,0,0,0,0,0,0,0,0,0,0,0,0,0,0,0,0,0,0,0,0,0,0,1,1,1,False
0,8801553,-14,93406,3,419394,-3,658817,0,003396336,0,9815946,-0,1786969,-0,06728983,0,0,0,0,0,0,0,0,0,0,0,0,0,0,0,0,0,0,0,0,0,0,1,1,1,False
0,9135789,-14,93347,3,419446,-3,658534,0,003355526,0,981662,-0,1784578,-0,06694235,0,0,0,0,0,0,0,0,0,0,0,0,0,0,0,0,0,0,0,0,0,0,1,1,1,False
0,9461969,-14,93283,3,41948,-3,658324,0,003259594,0,9817231,-0,1784682,-0,06601678,0,0,0,0,0,0,0,0,0,0,0,0,0,0,0,0,0,0,0,0,0,0,1,1,1,False
0,9803419,-14,9321,3,41958,-3,658228,0,003191973,0,9819232,-0,1779424,-0,06444477,0,0,0,0,0,0,0,0,0,0,0,0,0,0,0,0,0,0,0,0,0,0,1,1,1,False
1,012623,-14,9313,3,419641,-3,658222,0,003415121,0,9820815,-0,1777862,-0,06242154,0,0,0,0,0,0,0,0,0,0,0,0,0,0,0,0,0,0,0,0,0,0,1,1,1,False
1,045614,-14,93054,3,419605,-3,658216,0,003879612,0,9821472,-0,1781273,-0,06035464,0,0,0,0,0,0,0,0,0,0,0,0,0,0,0,0,0,0,0,0,0,0,1,1,1,False
1,0803,-14,92969,3,419594,-3,658291,0,003689047,0,9823055,-0,1780898,-0,05784796,0,0,0,0,0,0,0,0,0,0,0,0,0,0,0,0,0,0,0,0,0,0,1,1,1,False
1,117116,-14,92891,3,419597,-3,658459,0,004195929,0,9824846,-0,1779627,-0,05509738,0,0,0,0,0,0,0,0,0,0,0,0,0,0,0,0,0,0,0,0,0,0,1,1,1,False
1,152859,-14,92829,3,419584,-3,658604,0,004194709,0,9826265,-0,1778051,-0,05303716,0,0,0,0,0,0,0,0,0,0,0,0,0,0,0,0,0,0,0,0,0,0,1,1,1,False
1,186042,-14,92785,3,419516,-3,658726,0,00459545,0,982699,-0,1778985,-0,05131799,0,0,0,0,0,0,0,0,0,0,0,0,0,0,0,0,0,0,0,0,0,0,1,1,1,False
1,221223,-14,92759,3,419477,-3,658864,0,004730848,0,9827631,-0,1779482,-0,0498888,0,0,0,0,0,0,0,0,0,0,0,0,0,0,0,0,0,0,0,0,0,0,1,1,1,False
1,257119,-14,92748,3,419438,-3,659048,0,004885544,0,9828038,-0,1779362,-0,04910704,0,0,0,0,0,0,0,0,0,0,0,0,0,0,0,0,0,0,0,0,0,0,1,1,1,False
1,289805,-14,92754,3,41934,-3,659234,0,005049183,0,9827825,-0,178139,-0,04877969,0,0,0,0,0,0,0,0,0,0,0,0,0,0,0,0,0,0,0,0,0,0,1,1,1,False
1,317355,-14,92771,3,419221,-3,65944,0,00495139,0,9827083,-0,1784894,-0,0490041,0,0,0,0,0,0,0,0,0,0,0,0,0,0,0,0,0,0,0,0,0,0,1,1,1,False
1,350522,-14,92806,3,41896,-3,659725,0,004980823,0,9825271,-0,1793306,-0,04955972,0,0,0,0,0,0,0,0,0,0,0,0,0,0,0,0,0,0,0,0,0,0,1,1,1,False
1,380985,-14,92859,3,418407,-3,660089,0,005014668,0,9821448,-0,1811513,-0,05050307,0,0,0,0,0,0,0,0,0,0,0,0,0,0,0,0,0,0,0,0,0,0,1,1,1,False
1,415712,-14,92907,3,417283,-3,660393,0,004737129,0,9815542,-0,1839661,-0,05182035,0,0,0,0,0,0,0,0,0,0,0,0,0,0,0,0,0,0,0,0,0,0,1,1,1,False
1,44862,-14,92943,3,415668,-3,660945,0,003917187,0,9809473,-0,187024,-0,05243201,0,0,0,0,0,0,0,0,0,0,0,0,0,0,0,0,0,0,0,0,0,0,1,1,1,False
1,482956,-14,92954,3,413747,-3,661301,0,003672255,0,980011,-0,1920849,-0,05165646,0,0,0,0,0,0,0,0,0,0,0,0,0,0,0,0,0,0,0,0,0,0,1,1,1,False
1,517112,-14,92961,3,411638,-3,66193,0,00339521,0,9790812,-0,1970918,-0,05043168,0,0,0,0,0,0,0,0,0,0,0,0,0,0,0,0,0,0,0,0,0,0,1,1,1,False
1,551728,-14,92978,3,409207,-3,663054,0,003024684,0,9781192,-0,2018998,-0,05010182,0,0,0,0,0,0,0,0,0,0,0,0,0,0,0,0,0,0,0,0,0,0,1,1,1,False
1,588892,-14,92994,3,405573,-3,664687,0,00219249,0,9765629,-0,2094418,-0,04954036,0,0,0,0,0,0,0,0,0,0,0,0,0,0,0,0,0,0,0,0,0,0,1,1,1,False
1,621077,-14,93019,3,400219,-3,666699,0,0004093626,0,9741583,-0,2204116,-0,04933593,0,0,0,0,0,0,0,0,0,0,0,0,0,0,0,0,0,0,0,0,0,0,1,1,1,False
1,655141,-14,93075,3,392464,-3,668983,-0,0009148249,0,9705152,-0,2358779,-0,04961009,0,0,0,0,0,0,0,0,0,0,0,0,0,0,0,0,0,0,0,0,0,0,1,1,1,False
1,688999,-14,9314,3,38207,-3,669964,-0,001876644,0,9645498,-0,2591497,-0,04981459,0,0,0,0,0,0,0,0,0,0,0,0,0,0,0,0,0,0,0,0,0,0,1,1,1,False
1,723386,-14,93204,3,36999,-3,668577,-0,003043028,0,9540985,-0,2954819,-0,04875782,0,0,0,0,0,0,0,0,0,0,0,0,0,0,0,0,0,0,0,0,0,0,1,1,1,False
1,757672,-14,93273,3,357594,-3,667341,-0,008097355,0,9446786,-0,3236876,-0,05237558,0,0,0,0,0,0,0,0,0,0,0,0,0,0,0,0,0,0,0,0,0,0,1,1,1,False
1,791839,-14,93383,3,347504,-3,668975,-0,0143299,0,9406683,-0,3347653,-0,05357343,0,0,0,0,0,0,0,0,0,0,0,0,0,0,0,0,0,0,0,0,0,0,1,1,1,False
1,826419,-14,93458,3,33914,-3,670469,-0,0173498,0,9370432,-0,3447068,-0,05316231,0,0,0,0,0,0,0,0,0,0,0,0,0,0,0,0,0,0,0,0,0,0,1,1,1,False
1,860318,-14,9351,3,329085,-3,670565,-0,01941554,0,9302444,-0,362554,-0,05313233,0,0,0,0,0,0,0,0,0,0,0,0,0,0,0,0,0,0,0,0,0,0,1,1,1,False
1,895317,-14,93538,3,320855,-3,669658,-0,02347619,0,9223598,-0,3819765,-0,05287078,0,0,0,0,0,0,0,0,0,0,0,0,0,0,0,0,0,0,0,0,0,0,1,1,1,False
1,926192,-14,93579,3,316227,-3,669599,-0,02763467,0,9183633,-0,3912084,-0,05292515,0,0,0,0,0,0,0,0,0,0,0,0,0,0,0,0,0,0,0,0,0,0,1,1,1,False
1,958345,-14,93636,3,313435,-3,67035,-0,03060853,0,9168279,-0,3946773,-0,05214919,0,0,0,0,0,0,0,0,0,0,0,0,0,0,0,0,0,0,0,0,0,0,1,1,1,False
1,989956,-14,93682,3,31202,-3,67116,-0,03179691,0,9159856,-0,396591,-0,05171939,0,0,0,0,0,0,0,0,0,0,0,0,0,0,0,0,0,0,0,0,0,0,1,1,1,False
2,021601,-14,93742,3,3113,-3,671822,-0,03223989,0,9151607,-0,3984401,-0,05183789,0,0,0,0,0,0,0,0,0,0,0,0,0,0,0,0,0,0,0,0,0,0,1,1,1,False
2,053009,-14,93821,3,311301,-3,672626,-0,03157801,0,9152337,-0,3983281,-0,05181496,0,0,0,0,0,0,0,0,0,0,0,0,0,0,0,0,0,0,0,0,0,0,1,1,1,False
2,084277,-14,93909,3,31114,-3,673322,-0,03014322,0,9150813,-0,3987227,-0,05232396,0,0,0,0,0,0,0,0,0,0,0,0,0,0,0,0,0,0,0,0,0,0,1,1,1,False
2,115467,-14,94013,3,311103,-3,674003,-0,0286216,0,9148617,-0,3989979,-0,05485857,0,0,0,0,0,0,0,0,0,0,0,0,0,0,0,0,0,0,0,0,0,0,1,1,1,False
2,148221,-14,94127,3,310987,-3,674627,-0,02709663,0,9146623,-0,399404,-0,05599304,0,0,0,0,0,0,0,0,0,0,0,0,0,0,0,0,0,0,0,0,0,0,1,1,1,False
2,180999,-14,94217,3,31059,-3,674958,-0,02545412,0,9137646,-0,401291,-0,05789455,0,0,0,0,0,0,0,0,0,0,0,0,0,0,0,0,0,0,0,0,0,0,1,1,1,False
2,213158,-14,94319,3,310123,-3,6755,-0,02450543,0,9129516,-0,4027269,-0,06107256,0,0,0,0,0,0,0,0,0,0,0,0,0,0,0,0,0,0,0,0,0,0,1,1,1,False
2,245286,-14,94381,3,309633,-3,675885,-0,0248462,0,9124319,-0,4037063,-0,06222484,0,0,0,0,0,0,0,0,0,0,0,0,0,0,0,0,0,0,0,0,0,0,1,1,1,False
2,278652,-14,94416,3,309175,-3,676183,-0,02556687,0,9116635,-0,4051057,-0,0640728,0,0,0,0,0,0,0,0,0,0,0,0,0,0,0,0,0,0,0,0,0,0,1,1,1,False
2,312786,-14,94425,3,309,-3,676547,-0,02819042,0,9113792,-0,4056366,-0,06365646,0,0,0,0,0,0,0,0,0,0,0,0,0,0,0,0,0,0,0,0,0,0,1,1,1,False
2,345089,-14,94434,3,309914,-3,677182,-0,02921676,0,9124543,-0,403278,-0,06277149,0,0,0,0,0,0,0,0,0,0,0,0,0,0,0,0,0,0,0,0,0,0,1,1,1,False
2,377575,-14,94432,3,311357,-3,677852,-0,02902976,0,9142752,-0,3992079,-0,06238085,0,0,0,0,0,0,0,0,0,0,0,0,0,0,0,0,0,0,0,0,0,0,1,1,1,False
2,411781,-14,94414,3,313915,-3,678803,-0,03082426,0,9169065,-0,3929461,-0,06265598,0,0,0,0,0,0,0,0,0,0,0,0,0,0,0,0,0,0,0,0,0,0,1,1,1,False
2,444879,-14,94421,3,317477,-3,683765,-0,03304061,0,9213788,-0,3823757,-0,06130415,0,0,0,0,0,0,0,0,0,0,0,0,0,0,0,0,0,0,0,0,0,0,1,1,1,False
2,47916,-14,94744,3,321008,-3,714839,-0,03332306,0,925153,-0,3735604,-0,05860131,0,0,0,0,0,0,0,0,0,0,0,0,0,0,0,0,0,0,0,0,0,0,1,1,1,False
2,512431,-14,95215,3,324082,-3,761909,-0,03340037,0,9275406,-0,3680082,-0,05588346,0,0,0,0,0,0,0,0,0,0,0,0,0,0,0,0,0,0,0,0,0,0,1,1,1,False
2,546361,-14,958,3,326141,-3,820565,-0,03409806,0,9291433,-0,3641103,-0,05434791,0,0,0,0,0,0,0,0,0,0,0,0,0,0,0,0,0,0,0,0,0,0,1,1,1,False
2,580759,-14,96406,3,327114,-3,880039,-0,03415632,0,9301187,-0,3617931,-0,05308893,0,0,0,0,0,0,0,0,0,0,0,0,0,0,0,0,0,0,0,0,0,0,1,1,1,False
2,615141,-14,9697,3,3282,-3,939331,-0,03407774,0,9310378,-0,3597188,-0,05108523,0,0,0,0,0,0,0,0,0,0,0,0,0,0,0,0,0,0,0,0,0,0,1,1,1,False
2,650446,-14,97551,3,328698,-4,000133,-0,03342283,0,9313856,-0,3590154,-0,05011723,0,0,0,0,0,0,0,0,0,0,0,0,0,0,0,0,0,0,0,0,0,0,1,1,1,False
2,686834,-14,98187,3,328684,-4,063556,-0,03244504,0,9315329,-0,3587675,-0,04979766,0,0,0,0,0,0,0,0,0,0,0,0,0,0,0,0,0,0,0,0,0,0,1,1,1,False
2,722767,-14,98824,3,328356,-4,125461,-0,03140185,0,9313585,-0,3592439,-0,05029066,0,0,0,0,0,0,0,0,0,0,0,0,0,0,0,0,0,0,0,0,0,0,1,1,1,False
2,758903,-14,99469,3,327812,-4,187663,-0,03083778,0,9309895,-0,3602024,-0,05061464,0,0,0,0,0,0,0,0,0,0,0,0,0,0,0,0,0,0,0,0,0,0,1,1,1,False
2,794723,-14,99715,3,327338,-4,211452,-0,03060148,0,9306456,-0,3610808,-0,05082258,0,0,0,0,0,0,0,0,0,0,0,0,0,0,0,0,0,0,0,0,0,0,1,1,1,False
2,830684,-14,99873,3,327021,-4,227365,-0,03060783,0,93044,-0,3616142,-0,05079166,0,0,0,0,0,0,0,0,0,0,0,0,0,0,0,0,0,0,0,0,0,0,1,1,1,False
2,867209,-15,0023,3,326828,-4,262887,-0,03061192,0,9302602,-0,3621063,-0,05057459,0,0,0,0,0,0,0,0,0,0,0,0,0,0,0,0,0,0,0,0,0,0,1,1,1,False
2,905093,-15,00691,3,326896,-4,308852,-0,03075353,0,9302923,-0,3620696,-0,05016122,0,0,0,0,0,0,0,0,0,0,0,0,0,0,0,0,0,0,0,0,0,0,1,1,1,False
2,94197,-15,01158,3,327126,-4,355334,-0,03074959,0,9305553,-0,3614616,-0,04966612,0,0,0,0,0,0,0,0,0,0,0,0,0,0,0,0,0,0,0,0,0,0,1,1,1,False
2,980083,-15,01651,3,327243,-4,403333,-0,03034629,0,930682,-0,3611978,-0,04946057,0,0,0,0,0,0,0,0,0,0,0,0,0,0,0,0,0,0,0,0,0,0,1,1,1,False
3,01644,-15,02136,3,327355,-4,449788,-0,02992021,0,9307067,-0,3611764,-0,04941148,0,0,0,0,0,0,0,0,0,0,0,0,0,0,0,0,0,0,0,0,0,0,1,1,1,False
3,052814,-15,0216,3,327497,-4,450135,-0,02963046,0,9307957,-0,3609777,-0,04936131,0,0,0,0,0,0,0,0,0,0,0,0,0,0,0,0,0,0,0,0,0,0,1,1,1,False
3,090662,-15,0218,3,327486,-4,450439,-0,02940483,0,9308421,-0,3608155,-0,04980526,0,0,0,0,0,0,0,0,0,0,0,0,0,0,0,0,0,0,0,0,0,0,1,1,1,False
3,127658,-15,02198,3,327339,-4,45068,-0,02950425,0,9307888,-0,3609789,-0,04955837,0,0,0,0,0,0,0,0,0,0,0,0,0,0,0,0,0,0,0,0,0,0,1,1,1,False
3,164287,-15,02203,3,326911,-4,450738,-0,02987804,0,9306254,-0,3613492,-0,04970353,0,0,0,0,0,0,0,0,0,0,0,0,0,0,0,0,0,0,0,0,0,0,1,1,1,False
3,201086,-15,02214,3,326696,-4,450857,-0,0301522,0,9304788,-0,3617299,-0,04951289,0,0,0,0,0,0,0,0,0,0,0,0,0,0,0,0,0,0,0,0,0,0,1,1,1,False
3,238565,-15,02218,3,326478,-4,450815,-0,03043448,0,9302981,-0,3622329,-0,04905597,0,0,0,0,0,0,0,0,0,0,0,0,0,0,0,0,0,0,0,0,0,0,1,1,1,False
3,27567,-15,02221,3,326272,-4,450688,-0,03026592,0,9301583,-0,3626108,-0,04902069,0,0,0,0,0,0,0,0,0,0,0,0,0,0,0,0,0,0,0,0,0,0,1,1,1,False
3,312354,-15,0222,3,326184,-4,450507,-0,03013457,0,9301468,-0,3626955,-0,04869156,0,0,0,0,0,0,0,0,0,0,0,0,0,0,0,0,0,0,0,0,0,0,1,1,1,False
3,349873,-15,02216,3,326199,-4,450363,-0,0298548,0,9302071,-0,3625797,-0,04857466,0,0,0,0,0,0,0,0,0,0,0,0,0,0,0,0,0,0,0,0,0,0,1,1,1,False
3,386293,-15,02211,3,326314,-4,450212,-0,0297858,0,9302868,-0,3623565,-0,04875678,0,0,0,0,0,0,0,0,0,0,0,0,0,0,0,0,0,0,0,0,0,0,1,1,1,False
3,424045,-15,02209,3,326535,-4,450174,-0,02983629,0,9305276,-0,3617882,-0,04834696,0,0,0,0,0,0,0,0,0,0,0,0,0,0,0,0,0,0,0,0,0,0,1,1,1,False
3,460064,-15,01461,3,326597,-4,539869,-0,02964188,0,9306065,-0,3615637,-0,04862575,0,0,0,0,0,0,0,0,0,0,0,0,0,0,0,0,0,0,0,0,0,0,1,1,1,False
3,496159,-15,00655,3,326526,-4,629744,-0,02950385,0,9306896,-0,3614281,-0,04812469,0,0,0,0,0,0,0,0,0,0,0,0,0,0,0,0,0,0,0,0,0,0,1,1,1,False
3,531808,-14,9986,3,326409,-4,71855,-0,02918023,0,930737,-0,3613281,-0,04815773,0,0,0,0,0,0,0,0,0,0,0,0,0,0,0,0,0,0,0,0,0,0,1,1,1,False
3,567578,-14,99075,3,326175,-4,807661,-0,02895075,0,9306538,-0,3615336,-0,04836198,0,0,0,0,0,0,0,0,0,0,0,0,0,0,0,0,0,0,0,0,0,0,1,1,1,False
3,603251,-14,98354,3,325877,-4,896608,-0,02907856,0,9305086,-0,3618328,-0,0488378,0,0,0,0,0,0,0,0,0,0,0,0,0,0,0,0,0,0,0,0,0,0,1,1,1,False
3,638873,-14,9758,3,325552,-4,985377,-0,02952456,0,9303635,-0,3621596,-0,04891353,0,0,0,0,0,0,0,0,0,0,0,0,0,0,0,0,0,0,0,0,0,0,1,1,1,False
3,674362,-14,96855,3,325241,-5,073933,-0,02986113,0,9302852,-0,3623326,-0,0489168,0,0,0,0,0,0,0,0,0,0,0,0,0,0,0,0,0,0,0,0,0,0,1,1,1,False
3,710073,-14,96035,3,324952,-5,163031,-0,0298287,0,9302275,-0,3625095,-0,04872384,0,0,0,0,0,0,0,0,0,0,0,0,0,0,0,0,0,0,0,0,0,0,1,1,1,False
3,746921,-14,95193,3,324679,-5,254943,-0,0297289,0,9301129,-0,3628007,-0,04880536,0,0,0,0,0,0,0,0,0,0,0,0,0,0,0,0,0,0,0,0,0,0,1,1,1,False
3,783496,-14,94449,3,324459,-5,346275,-0,02944511,0,9300126,-0,3630853,-0,04877302,0,0,0,0,0,0,0,0,0,0,0,0,0,0,0,0,0,0,0,0,0,0,1,1,1,False
3,82236,-14,93815,3,324161,-5,443471,-0,02934106,0,9299725,-0,3631768,-0,04891729,0,0,0,0,0,0,0,0,0,0,0,0,0,0,0,0,0,0,0,0,0,0,1,1,1,False
3,857387,-14,94609,3,323807,-5,522163,-0,02915433,0,9299058,-0,3633438,-0,04905766,0,0,0,0,0,0,0,0,0,0,0,0,0,0,0,0,0,0,0,0,0,0,1,1,1,False
3,89393,-14,95434,3,323527,-5,604156,-0,02921406,0,9298258,-0,3635507,-0,04900454,0,0,0,0,0,0,0,0,0,0,0,0,0,0,0,0,0,0,0,0,0,0,1,1,1,False
3,92992,-14,96247,3,323292,-5,685011,-0,02904044,0,9297988,-0,3636701,-0,04873248,0,0,0,0,0,0,0,0,0,0,0,0,0,0,0,0,0,0,0,0,0,0,1,1,1,False
3,966291,-14,97006,3,323106,-5,759565,-0,02875268,0,9297659,-0,3637417,-0,04899578,0,0,0,0,0,0,0,0,0,0,0,0,0,0,0,0,0,0,0,0,0,0,1,1,1,False
4,002807,-14,97773,3,367285,-5,834421,-0,02875443,0,9297845,-0,3636907,-0,04902149,0,0,0,0,0,0,0,0,0,0,0,0,0,0,0,0,0,0,0,0,0,0,1,1,1,False
4,039146,-14,98537,3,420191,-5,908849,-0,02879279,0,9298145,-0,3635802,-0,04924816,0,0,0,0,0,0,0,0,0,0,0,0,0,0,0,0,0,0,0,0,0,0,1,1,1,False
4,075137,-14,993,3,44571,-5,982668,-0,02905328,0,929731,-0,3637244,-0,04960606,0,0,0,0,0,0,0,0,0,0,0,0,0,0,0,0,0,0,0,0,0,0,1,1,1,False
4,111459,-15,00057,3,451755,-6,057139,-0,02943411,0,9297643,-0,3636588,-0,04923585,0,0,0,0,0,0,0,0,0,0,0,0,0,0,0,0,0,0,0,0,0,0,1,1,1,False
4,147554,-15,00807,3,451742,-6,131008,-0,02938116,0,9298385,-0,3634749,-0,04922397,0,0,0,0,0,0,0,0,0,0,0,0,0,0,0,0,0,0,0,0,0,0,1,1,1,False
4,184335,-15,01598,3,451807,-6,207767,-0,0292264,0,9299165,-0,3632484,-0,0495142,0,0,0,0,0,0,0,0,0,0,0,0,0,0,0,0,0,0,0,0,0,0,1,1,1,False
4,220499,-15,02371,3,45188,-6,283221,-0,02925829,0,9300467,-0,3629329,-0,04936511,0,0,0,0,0,0,0,0,0,0,0,0,0,0,0,0,0,0,0,0,0,0,1,1,1,False
4,258415,-15,03181,3,451698,-6,36229,-0,02910657,0,9301035,-0,3627829,-0,04948604,0,0,0,0,0,0,0,0,0,0,0,0,0,0,0,0,0,0,0,0,0,0,1,1,1,False
4,297417,-15,04177,3,451486,-6,459173,-0,02898818,0,9301556,-0,3626392,-0,04962792,0,0,0,0,0,0,0,0,0,0,0,0,0,0,0,0,0,0,0,0,0,0,1,1,1,False
4,333582,-15,05095,3,43848,-6,549036,-0,02935492,0,9302605,-0,3623375,-0,04965071,0,0,0,0,0,0,0,0,0,0,0,0,0,0,0,0,0,0,0,0,0,0,1,1,1,False
4,370668,-15,06034,3,411656,-6,641277,-0,02935797,0,9303666,-0,3620727,-0,04959235,0,0,0,0,0,0,0,0,0,0,0,0,0,0,0,0,0,0,0,0,0,0,1,1,1,False
4,408661,-15,06988,3,369949,-6,735796,-0,02947165,0,9304838,-0,361821,-0,04916173,0,0,0,0,0,0,0,0,0,0,0,0,0,0,0,0,0,0,0,0,0,0,1,1,1,False
4,446778,-15,07954,3,313779,-6,830583,-0,02907091,0,9304224,-0,3619983,-0,04925728,0,0,0,0,0,0,0,0,0,0,0,0,0,0,0,0,0,0,0,0,0,0,1,1,1,False
4,485705,-15,08956,3,241462,-6,927368,-0,02915221,0,9303229,-0,3621743,-0,04979289,0,0,0,0,0,0,0,0,0,0,0,0,0,0,0,0,0,0,0,0,0,0,1,1,1,False
4,546295,-15,1052,3,241131,-7,078214,-0,02948996,0,9304881,-0,3616945,-0,04999382,0,0,0,0,0,0,0,0,0,0,0,0,0,0,0,0,0,0,0,0,0,0,1,1,1,False
4,60981,-15,12171,3,20141,-7,236423,-0,02935294,0,930854,-0,3607189,-0,05030817,0,0,0,0,0,0,0,0,0,0,0,0,0,0,0,0,0,0,0,0,0,0,1,1,1,False
4,673968,-15,14897,3,120783,-7,394018,-0,02933531,0,9312855,-0,3596038,-0,05031864,0,0,0,0,0,0,0,0,0,0,0,0,0,0,0,0,0,0,0,0,0,0,1,1,1,False
4,729245,-15,18072,3,021179,-7,527403,-0,02921067,0,9314884,-0,3591161,-0,05011698,0,0,0,0,0,0,0,0,0,0,0,0,0,0,0,0,0,0,0,0,0,0,1,1,1,False
4,779636,-15,21474,2,905587,-7,647598,-0,02927852,0,931791,-0,3583364,-0,05003335,0,0,0,0,0,0,0,0,0,0,0,0,0,0,0,0,0,0,0,0,0,0,1,1,1,False
4,832914,-15,25486,2,785624,-7,77352,-0,0289887,0,9322278,-0,3572706,-0,04968444,0,0,0,0,0,0,0,0,0,0,0,0,0,0,0,0,0,0,0,0,0,0,1,1,1,False
4,886011,-15,29795,2,785442,-7,898016,-0,02864727,0,932498,-0,3565989,-0,04963864,0,0,0,0,0,0,0,0,0,0,0,0,0,0,0,0,0,0,0,0,0,0,1,1,1,False
4,938566,-15,34902,2,758058,-8,019054,-0,02839598,0,9329088,-0,3555941,-0,04927142,0,0,0,0,0,0,0,0,0,0,0,0,0,0,0,0,0,0,0,0,0,0,1,1,1,False
4,989288,-15,39859,2,706913,-8,136045,-0,02810873,0,9338346,-0,3530935,-0,04987852,0,0,0,0,0,0,0,0,0,0,0,0,0,0,0,0,0,0,0,0,0,0,1,1,1,False
5,036121,-15,44437,2,639676,-8,245242,-0,02875038,0,9372446,-0,3438541,-0,05010325,0,0,0,0,0,0,0,0,0,0,0,0,0,0,0,0,0,0,0,0,0,0,1,1,1,False
5,079097,-15,48676,2,562374,-8,347159,-0,02850428,0,9440144,-0,3246672,-0,05114259,0,0,0,0,0,0,0,0,0,0,0,0,0,0,0,0,0,0,0,0,0,0,1,1,1,False
5,120828,-15,52733,2,47283,-8,446863,-0,02797019,0,9530945,-0,2970876,-0,05067089,0,0,0,0,0,0,0,0,0,0,0,0,0,0,0,0,0,0,0,0,0,0,1,1,1,False
5,160648,-15,56521,2,391599,-8,540642,-0,02558428,0,9599019,-0,2749158,-0,04852944,0,0,0,0,0,0,0,0,0,0,0,0,0,0,0,0,0,0,0,0,0,0,1,1,1,False
5,200793,-15,60281,2,394829,-8,633265,-0,02445709,0,9624425,-0,2662956,-0,0468288,0,0,0,0,0,0,0,0,0,0,0,0,0,0,0,0,0,0,0,0,0,0,1,1,1,False
5,239528,-15,63868,2,383224,-8,722689,-0,02475743,0,9649381,-0,2573124,-0,04551799,0,0,0,0,0,0,0,0,0,0,0,0,0,0,0,0,0,0,0,0,0,0,1,1,1,False
5,277164,-15,67328,2,358295,-8,810333,-0,02579608,0,9681101,-0,2451624,-0,04463891,0,0,0,0,0,0,0,0,0,0,0,0,0,0,0,0,0,0,0,0,0,0,1,1,1,False
5,316135,-15,70852,2,316742,-8,901189,-0,02660593,0,9708675,-0,2343076,-0,0425242,0,0,0,0,0,0,0,0,0,0,0,0,0,0,0,0,0,0,0,0,0,0,1,1,1,False
5,353891,-15,74186,2,261873,-8,988898,-0,02722331,0,9725212,-0,2276845,-0,04026367,0,0,0,0,0,0,0,0,0,0,0,0,0,0,0,0,0,0,0,0,0,0,1,1,1,False
5,3931,-15,7763,2,188634,-9,079971,-0,02715259,0,9734063,-0,2242137,-0,03835753,0,0,0,0,0,0,0,0,0,0,0,0,0,0,0,0,0,0,0,0,0,0,1,1,1,False
5,431211,-15,80446,2,189813,-9,169658,-0,02688145,0,9746222,-0,2190817,-0,03731178,0,0,0,0,0,0,0,0,0,0,0,0,0,0,0,0,0,0,0,0,0,0,1,1,1,False
5,467998,-15,81078,2,176818,-9,260047,-0,02562664,0,9749064,-0,2179779,-0,03723595,0,0,0,0,0,0,0,0,0,0,0,0,0,0,0,0,0,0,0,0,0,0,1,1,1,False
5,50407,-15,81719,2,151528,-9,348513,-0,02477944,0,9752293,-0,2164748,-0,03811088,0,0,0,0,0,0,0,0,0,0,0,0,0,0,0,0,0,0,0,0,0,0,1,1,1,False
5,540712,-15,82404,2,112367,-9,438803,-0,02426914,0,9753957,-0,2156168,-0,03903306,0,0,0,0,0,0,0,0,0,0,0,0,0,0,0,0,0,0,0,0,0,0,1,1,1,False
5,578436,-15,83114,2,057816,-9,53191,-0,02405668,0,9754201,-0,2154262,-0,03960504,0,0,0,0,0,0,0,0,0,0,0,0,0,0,0,0,0,0,0,0,0,0,1,1,1,False
5,6154,-15,83795,1,990766,-9,623305,-0,02461943,0,975275,-0,2159718,-0,03985898,0,0,0,0,0,0,0,0,0,0,0,0,0,0,0,0,0,0,0,0,0,0,1,1,1,False
5,652806,-15,84469,1,990586,-9,716106,-0,02536774,0,9754022,-0,2154146,-0,03928686,0,0,0,0,0,0,0,0,0,0,0,0,0,0,0,0,0,0,0,0,0,0,1,1,1,False
5,690313,-15,85125,1,97658,-9,808913,-0,02508629,0,9755753,-0,214831,-0,0383549,0,0,0,0,0,0,0,0,0,0,0,0,0,0,0,0,0,0,0,0,0,0,1,1,1,False
5,726714,-15,85393,1,949865,-9,898983,-0,02476486,0,9755317,-0,2151436,-0,03791799,0,0,0,0,0,0,0,0,0,0,0,0,0,0,0,0,0,0,0,0,0,0,1,1,1,False
5,763633,-15,85301,1,909448,-9,99028,-0,02453883,0,9756174,-0,2148011,-0,03780281,0,0,0,0,0,0,0,0,0,0,0,0,0,0,0,0,0,0,0,0,0,0,1,1,1,False
5,799588,-15,84915,1,909184,-10,07905,-0,02449982,0,975584,-0,2149715,-0,03772084,0,0,0,0,0,0,0,0,0,0,0,0,0,0,0,0,0,0,0,0,0,0,1,1,1,False
5,834311,-15,83244,1,908935,-10,16431,-0,0247562,0,9754906,-0,2153611,-0,03774624,0,0,0,0,0,0,0,0,0,0,0,0,0,0,0,0,0,0,0,0,0,0,1,1,1,False
5,869356,-15,81528,1,896812,-10,25039,-0,02496394,0,975571,-0,2149738,-0,03773897,0,0,0,0,0,0,0,0,0,0,0,0,0,0,0,0,0,0,0,0,0,0,1,1,1,False
5,905183,-15,79779,1,871861,-10,33834,-0,02483051,0,9756915,-0,2144638,-0,03761463,0,0,0,0,0,0,0,0,0,0,0,0,0,0,0,0,0,0,0,0,0,0,1,1,1,False
5,94045,-15,78071,1,871781,-10,4249,-0,02443867,0,9756664,-0,2145396,-0,03808653,0,0,0,0,0,0,0,0,0,0,0,0,0,0,0,0,0,0,0,0,0,0,1,1,1,False
5,975804,-15,76369,1,859398,-10,51162,-0,02443929,0,9756761,-0,2144431,-0,03838246,0,0,0,0,0,0,0,0,0,0,0,0,0,0,0,0,0,0,0,0,0,0,1,1,1,False
6,011794,-15,74648,1,834126,-10,6,-0,02473924,0,9757422,-0,2140135,-0,03890097,0,0,0,0,0,0,0,0,0,0,0,0,0,0,0,0,0,0,0,0,0,0,1,1,1,False
6,047117,-15,7297,1,833949,-10,68669,-0,02451896,0,9756933,-0,2142925,-0,03873155,0,0,0,0,0,0,0,0,0,0,0,0,0,0,0,0,0,0,0,0,0,0,1,1,1,False
6,082264,-15,71335,1,833732,-10,77293,-0,02417103,0,9756023,-0,2147051,-0,03895732,0,0,0,0,0,0,0,0,0,0,0,0,0,0,0,0,0,0,0,0,0,0,1,1,1,False
6,11632,-15,69746,1,833516,-10,85651,-0,02425467,0,9755792,-0,214751,-0,03922977,0,0,0,0,0,0,0,0,0,0,0,0,0,0,0,0,0,0,0,0,0,0,1,1,1,False
6,151865,-15,68017,1,833217,-10,9435,-0,02417577,0,9755065,-0,2151092,-0,03912316,0,0,0,0,0,0,0,0,0,0,0,0,0,0,0,0,0,0,0,0,0,0,1,1,1,False
6,187012,-15,66359,1,820858,-11,02957,-0,02396782,0,9755142,-0,2150992,-0,03911301,0,0,0,0,0,0,0,0,0,0,0,0,0,0,0,0,0,0,0,0,0,0,1,1,1,False
6,222311,-15,647,1,820764,-11,11613,-0,02386964,0,9755711,-0,2148318,-0,03922483,0,0,0,0,0,0,0,0,0,0,0,0,0,0,0,0,0,0,0,0,0,0,1,1,1,False
6,258664,-15,62978,1,820658,-11,20524,-0,0235376,0,9755968,-0,2147683,-0,03913292,0,0,0,0,0,0,0,0,0,0,0,0,0,0,0,0,0,0,0,0,0,0,1,1,1,False
6,293349,-15,61491,1,820663,-11,29055,-0,02356604,0,97566,-0,2143906,-0,0396087,0,0,0,0,0,0,0,0,0,0,0,0,0,0,0,0,0,0,0,0,0,0,1,1,1,False
6,328942,-15,60661,1,820616,-11,37766,-0,02313081,0,9757818,-0,2138874,-0,03958567,0,0,0,0,0,0,0,0,0,0,0,0,0,0,0,0,0,0,0,0,0,0,1,1,1,False
6,364821,-15,60832,1,820466,-11,46453,-0,02272681,0,9757947,-0,2137973,-0,03998653,0,0,0,0,0,0,0,0,0,0,0,0,0,0,0,0,0,0,0,0,0,0,1,1,1,False
6,400601,-15,61529,1,820239,-11,55107,-0,02246542,0,975771,-0,2138567,-0,04039414,0,0,0,0,0,0,0,0,0,0,0,0,0,0,0,0,0,0,0,0,0,0,1,1,1,False
6,436682,-15,62257,1,807327,-11,6384,-0,02214646,0,9758291,-0,2134801,-0,04115109,0,0,0,0,0,0,0,0,0,0,0,0,0,0,0,0,0,0,0,0,0,0,1,1,1,False
6,4718,-15,62977,1,807179,-11,72355,-0,02192757,0,9758704,-0,2131885,-0,04179469,0,0,0,0,0,0,0,0,0,0,0,0,0,0,0,0,0,0,0,0,0,0,1,1,1,False
6,508188,-15,63728,1,807008,-11,81166,-0,02178648,0,9758518,-0,2132,-0,04224281,0,0,0,0,0,0,0,0,0,0,0,0,0,0,0,0,0,0,0,0,0,0,1,1,1,False
6,543931,-15,64469,1,806831,-11,89783,-0,02152155,0,9759076,-0,2129069,-0,04256494,0,0,0,0,0,0,0,0,0,0,0,0,0,0,0,0,0,0,0,0,0,0,1,1,1,False
6,578489,-15,65194,1,80663,-11,98117,-0,02120157,0,9759193,-0,2128081,-0,04295128,0,0,0,0,0,0,0,0,0,0,0,0,0,0,0,0,0,0,0,0,0,0,1,1,1,False
6,617431,-15,6601,1,806317,-12,07559,-0,02116024,0,975864,-0,2130309,-0,04312321,0,0,0,0,0,0,0,0,0,0,0,0,0,0,0,0,0,0,0,0,0,0,1,1,1,False
6,658068,-15,66857,1,805936,-12,17356,-0,02123428,0,9758028,-0,2133049,-0,04311771,0,0,0,0,0,0,0,0,0,0,0,0,0,0,0,0,0,0,0,0,0,0,1,1,1,False
6,69701,-15,67667,1,805553,-12,26745,-0,02165391,0,9757878,-0,2133216,-0,04316425,0,0,0,0,0,0,0,0,0,0,0,0,0,0,0,0,0,0,0,0,0,0,1,1,1,False
6,74006,-15,68556,1,805127,-12,37118,-0,02198761,0,9756873,-0,2137656,-0,04307028,0,0,0,0,0,0,0,0,0,0,0,0,0,0,0,0,0,0,0,0,0,0,1,1,1,False
6,776813,-15,69317,1,804931,-12,45972,-0,02210457,0,9757789,-0,2133587,-0,04295455,0,0,0,0,0,0,0,0,0,0,0,0,0,0,0,0,0,0,0,0,0,0,1,1,1,False
6,816425,-15,70139,1,804796,-12,5551,-0,0218308,0,9758564,-0,2130471,-0,04287905,0,0,0,0,0,0,0,0,0,0,0,0,0,0,0,0,0,0,0,0,0,0,1,1,1,False
6,862369,-15,71111,1,804688,-12,6656,-0,02166413,0,9759424,-0,2125318,-0,04355982,0,0,0,0,0,0,0,0,0,0,0,0,0,0,0,0,0,0,0,0,0,0,1,1,1,False
6,902234,-15,71963,1,804648,-12,76143,-0,02166224,0,976118,-0,211669,-0,0438262,0,0,0,0,0,0,0,0,0,0,0,0,0,0,0,0,0,0,0,0,0,0,1,1,1,False
6,943626,-15,72859,1,804538,-12,86092,-0,02203226,0,9761714,-0,2112097,-0,04465866,0,0,0,0,0,0,0,0,0,0,0,0,0,0,0,0,0,0,0,0,0,0,1,1,1,False
6,984342,-15,7373,1,804475,-12,95802,-0,02223893,0,9762367,-0,2108574,-0,0447925,0,0,0,0,0,0,0,0,0,0,0,0,0,0,0,0,0,0,0,0,0,0,1,1,1,False
7,02341,-15,77814,1,804314,-13,04633,-0,0222024,0,9763997,-0,2100667,-0,04497571,0,0,0,0,0,0,0,0,0,0,0,0,0,0,0,0,0,0,0,0,0,0,1,1,1,False
7,06194,-15,82524,1,804119,-13,13014,-0,0218445,0,9765742,-0,2092252,-0,04528261,0,0,0,0,0,0,0,0,0,0,0,0,0,0,0,0,0,0,0,0,0,0,1,1,1,False
7,099373,-15,87276,1,803906,-13,21051,-0,02172174,0,9766821,-0,2086732,-0,04556083,0,0,0,0,0,0,0,0,0,0,0,0,0,0,0,0,0,0,0,0,0,0,1,1,1,False
7,136304,-15,91979,1,803862,-13,28978,-0,02172621,0,9769115,-0,2074959,-0,046014,0,0,0,0,0,0,0,0,0,0,0,0,0,0,0,0,0,0,0,0,0,0,1,1,1,False
7,174292,-15,97116,1,80404,-13,36969,-0,02172248,0,9773203,-0,2054367,-0,04657167,0,0,0,0,0,0,0,0,0,0,0,0,0,0,0,0,0,0,0,0,0,0,1,1,1,False
7,212746,-16,02644,1,804666,-13,44856,-0,02176114,0,9780593,-0,2016895,-0,04741199,0,0,0,0,0,0,0,0,0,0,0,0,0,0,0,0,0,0,0,0,0,0,1,1,1,False
7,252287,-16,094,1,80547,-13,52099,-0,02107133,0,9787945,-0,1979233,-0,04841056,0,0,0,0,0,0,0,0,0,0,0,0,0,0,0,0,0,0,0,0,0,0,1,1,1,False
7,292465,-16,17015,1,805921,-13,58659,-0,02044504,0,9792153,-0,1956854,-0,04926235,0,0,0,0,0,0,0,0,0,0,0,0,0,0,0,0,0,0,0,0,0,0,1,1,1,False
7,334985,-16,25116,1,80633,-13,65555,-0,02020105,0,9796603,-0,1932471,-0,0501303,0,0,0,0,0,0,0,0,0,0,0,0,0,0,0,0,0,0,0,0,0,0,1,1,1,False
7,375794,-16,32941,1,806417,-13,72109,-0,0200464,0,9799902,-0,1914179,-0,05075862,0,0,0,0,0,0,0,0,0,0,0,0,0,0,0,0,0,0,0,0,0,0,1,1,1,False
7,418633,-16,41038,1,806865,-13,79127,-0,02005601,0,980534,-0,1884544,-0,0513403,0,0,0,0,0,0,0,0,0,0,0,0,0,0,0,0,0,0,0,0,0,0,1,1,1,False
7,457623,-16,48389,1,806828,-13,85523,-0,01998647,0,9808548,-0,1867829,-0,05134705,0,0,0,0,0,0,0,0,0,0,0,0,0,0,0,0,0,0,0,0,0,0,1,1,1,False
7,499077,-16,50429,1,806884,-13,93772,-0,01984248,0,9811269,-0,1853875,-0,05126213,0,0,0,0,0,0,0,0,0,0,0,0,0,0,0,0,0,0,0,0,0,0,1,1,1,False
7,534061,-16,51642,1,806777,-14,00813,-0,01976541,0,9812292,-0,1849382,-0,05095444,0,0,0,0,0,0,0,0,0,0,0,0,0,0,0,0,0,0,0,0,0,0,1,1,1,False
7,570842,-16,52815,1,806633,-14,08294,-0,01964701,0,9813617,-0,1844028,-0,05038561,0,0,0,0,0,0,0,0,0,0,0,0,0,0,0,0,0,0,0,0,0,0,1,1,1,False
7,606455,-16,53948,1,806488,-14,1554,-0,01961083,0,9814516,-0,1840334,-0,05000018,0,0,0,0,0,0,0,0,0,0,0,0,0,0,0,0,0,0,0,0,0,0,1,1,1,False
7,645323,-16,54733,1,806276,-14,23487,-0,01948609,0,9814821,-0,1839159,-0,04988132,0,0,0,0,0,0,0,0,0,0,0,0,0,0,0,0,0,0,0,0,0,0,1,1,1,False
7,683758,-16,58459,1,805798,-14,3096,-0,01953785,0,9814455,-0,1841533,-0,04970397,0,0,0,0,0,0,0,0,0,0,0,0,0,0,0,0,0,0,0,0,0,0,1,1,1,False
7,722784,-16,6367,1,805367,-14,38242,-0,01944543,0,9814975,-0,1839639,-0,04941516,0,0,0,0,0,0,0,0,0,0,0,0,0,0,0,0,0,0,0,0,0,0,1,1,1,False
7,762665,-16,6908,1,804919,-14,45514,-0,01901869,0,9814947,-0,1840549,-0,04929639,0,0,0,0,0,0,0,0,0,0,0,0,0,0,0,0,0,0,0,0,0,0,1,1,1,False
7,804039,-16,74824,1,804483,-14,53111,-0,0189016,0,9815364,-0,1837755,-0,04955255,0,0,0,0,0,0,0,0,0,0,0,0,0,0,0,0,0,0,0,0,0,0,1,1,1,False
7,846048,-16,80655,1,803927,-14,60823,-0,01918148,0,9815442,-0,1836729,-0,0496726,0,0,0,0,0,0,0,0,0,0,0,0,0,0,0,0,0,0,0,0,0,0,1,1,1,False
7,887636,-16,8519,1,803368,-14,68607,-0,01951016,0,9814707,-0,1840114,-0,04974305,0,0,0,0,0,0,0,0,0,0,0,0,0,0,0,0,0,0,0,0,0,0,1,1,1,False
7,929131,-16,86264,1,785975,-14,76883,-0,0194075,0,9814847,-0,1840449,-0,04938181,0,0,0,0,0,0,0,0,0,0,0,0,0,0,0,0,0,0,0,0,0,0,1,1,1,False
7,969364,-16,87417,1,78536,-14,84862,-0,01898639,0,9814395,-0,1843942,-0,04914077,0,0,0,0,0,0,0,0,0,0,0,0,0,0,0,0,0,0,0,0,0,0,1,1,1,False
8,007534,-16,88123,1,785058,-14,92098,-0,01868298,0,9814528,-0,1843273,-0,0492418,0,0,0,0,0,0,0,0,0,0,0,0,0,0,0,0,0,0,0,0,0,0,1,1,1,False
8,044189,-16,88794,1,784794,-14,98995,-0,01864426,0,9814377,-0,1844498,-0,04909901,0,0,0,0,0,0,0,0,0,0,0,0,0,0,0,0,0,0,0,0,0,0,1,1,1,False
8,080667,-16,89454,1,784465,-15,05898,-0,01887077,0,9813684,-0,1848608,-0,04884993,0,0,0,0,0,0,0,0,0,0,0,0,0,0,0,0,0,0,0,0,0,0,1,1,1,False
8,116612,-16,91352,1,784158,-15,12019,-0,01889289,0,9814578,-0,1846011,-0,04802112,0,0,0,0,0,0,0,0,0,0,0,0,0,0,0,0,0,0,0,0,0,0,1,1,1,False
8,156686,-16,92189,1,783752,-15,18743,-0,01930296,0,9814672,-0,1844986,-0,0480592,0,0,0,0,0,0,0,0,0,0,0,0,0,0,0,0,0,0,0,0,0,0,1,1,1,False
8,19646,-16,93033,1,783286,-15,25418,-0,0188649,0,9814801,-0,1845593,-0,04773621,0,0,0,0,0,0,0,0,0,0,0,0,0,0,0,0,0,0,0,0,0,0,1,1,1,False
8,235957,-16,93865,1,782824,-15,31974,-0,01865118,0,9814638,-0,1846416,-0,04783759,0,0,0,0,0,0,0,0,0,0,0,0,0,0,0,0,0,0,0,0,0,0,1,1,1,False
8,278555,-16,94778,1,782354,-15,39141,-0,01845368,0,981441,-0,1846634,-0,04829584,0,0,0,0,0,0,0,0,0,0,0,0,0,0,0,0,0,0,0,0,0,0,1,1,1,False
8,321746,-16,95694,1,781923,-15,46415,-0,01854182,0,9814835,-0,1843571,-0,04856804,0,0,0,0,0,0,0,0,0,0,0,0,0,0,0,0,0,0,0,0,0,0,1,1,1,False
8,364801,-16,96598,1,781495,-15,53648,-0,01855451,0,9815159,-0,1842497,-0,0483138,0,0,0,0,0,0,0,0,0,0,0,0,0,0,0,0,0,0,0,0,0,0,1,1,1,False
8,40827,-16,97248,1,781272,-15,60522,-0,01847793,0,981518,-0,1843379,-0,04796643,0,0,0,0,0,0,0,0,0,0,0,0,0,0,0,0,0,0,0,0,0,0,1,1,1,False
8,447855,-16,97845,1,781061,-15,66859,-0,01842603,0,9815435,-0,1842678,-0,0477318,0,0,0,0,0,0,0,0,0,0,0,0,0,0,0,0,0,0,0,0,0,0,1,1,1,False
8,486242,-16,98409,1,780793,-15,72934,-0,0183143,0,9814973,-0,1845802,-0,04751524,0,0,0,0,0,0,0,0,0,0,0,0,0,0,0,0,0,0,0,0,0,0,1,1,1,False
8,522937,-16,9895,1,78055,-15,78808,-0,01829122,0,9814967,-0,1846933,-0,04709573,0,0,0,0,0,0,0,0,0,0,0,0,0,0,0,0,0,0,0,0,0,0,1,1,1,False
8,56019,-16,99495,1,780265,-15,84699,-0,01820489,0,9814615,-0,1849427,-0,04688364,0,0,0,0,0,0,0,0,0,0,0,0,0,0,0,0,0,0,0,0,0,0,1,1,1,False
8,59629,-17,00027,1,78001,-15,90405,-0,01814501,0,9814237,-0,1851857,-0,04673859,0,0,0,0,0,0,0,0,0,0,0,0,0,0,0,0,0,0,0,0,0,0,1,1,1,False
8,636858,-17,00627,1,779703,-15,96815,-0,01810822,0,9813532,-0,1855785,-0,04667417,0,0,0,0,0,0,0,0,0,0,0,0,0,0,0,0,0,0,0,0,0,0,1,1,1,False
8,677359,-16,96632,1,77952,-15,97184,-0,01791249,0,981261,-0,1861368,-0,04646621,0,0,0,0,0,0,0,0,0,0,0,0,0,0,0,0,0,0,0,0,0,0,1,1,1,False
8,716555,-16,91662,1,779292,-15,97645,-0,01789558,0,9811051,-0,187014,-0,04624175,0,0,0,0,0,0,0,0,0,0,0,0,0,0,0,0,0,0,0,0,0,0,1,1,1,False
8,75757,-16,8424,1,778945,-15,98313,-0,01785165,0,9809015,-0,1882554,-0,04553545,0,0,0,0,0,0,0,0,0,0,0,0,0,0,0,0,0,0,0,0,0,0,1,1,1,False
8,800316,-16,75746,1,778545,-15,99073,-0,01812978,0,9806377,-0,1896875,-0,04516345,0,0,0,0,0,0,0,0,0,0,0,0,0,0,0,0,0,0,0,0,0,0,1,1,1,False
8,843416,-16,6713,1,778089,-15,99824,-0,01789962,0,9802172,-0,1920388,-0,04443997,0,0,0,0,0,0,0,0,0,0,0,0,0,0,0,0,0,0,0,0,0,0,1,1,1,False
8,88587,-16,58632,1,777359,-16,00541,-0,01769175,0,9795357,-0,1956573,-0,04376173,0,0,0,0,0,0,0,0,0,0,0,0,0,0,0,0,0,0,0,0,0,0,1,1,1,False
8,927849,-16,50224,1,776134,-16,01211,-0,01731474,0,9784576,-0,2011711,-0,04302389,0,0,0,0,0,0,0,0,0,0,0,0,0,0,0,0,0,0,0,0,0,0,1,1,1,False
8,967977,-16,42183,1,774289,-16,0181,-0,01674618,0,9767271,-0,2096458,-0,04210021,0,0,0,0,0,0,0,0,0,0,0,0,0,0,0,0,0,0,0,0,0,0,1,1,1,False
9,007005,-16,34399,1,770344,-16,02276,-0,01592067,0,9725282,-0,2285494,-0,04123764,0,0,0,0,0,0,0,0,0,0,0,0,0,0,0,0,0,0,0,0,0,0,1,1,1,False
9,043983,-16,26999,1,763641,-16,02572,-0,01658818,0,9647506,-0,2595879,-0,03994117,0,0,0,0,0,0,0,0,0,0,0,0,0,0,0,0,0,0,0,0,0,0,1,1,1,False
9,079693,-16,19832,1,755438,-16,02718,-0,01887512,0,9550318,-0,2935216,-0,03745767,0,0,0,0,0,0,0,0,0,0,0,0,0,0,0,0,0,0,0,0,0,0,1,1,1,False
9,115465,-16,12701,1,749416,-16,03067,-0,02310487,0,9482419,-0,3143906,-0,03823578,0,0,0,0,0,0,0,0,0,0,0,0,0,0,0,0,0,0,0,0,0,0,1,1,1,False
9,155462,-16,09592,1,74579,-15,93638,-0,025357,0,9462656,-0,3196524,-0,04196147,0,0,0,0,0,0,0,0,0,0,0,0,0,0,0,0,0,0,0,0,0,0,1,1,1,False
9,194815,-16,06509,1,743535,-15,84491,-0,02632942,0,9462421,-0,3190871,-0,04600164,0,0,0,0,0,0,0,0,0,0,0,0,0,0,0,0,0,0,0,0,0,0,1,1,1,False
9,233872,-16,03358,1,742429,-15,75379,-0,02606034,0,9458385,-0,3198804,-0,0488565,0,0,0,0,0,0,0,0,0,0,0,0,0,0,0,0,0,0,0,0,0,0,1,1,1,False
9,274126,-16,00034,1,741213,-15,65897,-0,02521306,0,9441884,-0,3245223,-0,05057573,0,0,0,0,0,0,0,0,0,0,0,0,0,0,0,0,0,0,0,0,0,0,1,1,1,False
9,31329,-15,96724,1,740195,-15,56713,-0,02494421,0,9427806,-0,3281884,-0,05324455,0,0,0,0,0,0,0,0,0,0,0,0,0,0,0,0,0,0,0,0,0,0,1,1,1,False
9,356282,-15,9553,1,739579,-15,46086,-0,02461312,0,9419925,-0,3302239,-0,05474087,0,0,0,0,0,0,0,0,0,0,0,0,0,0,0,0,0,0,0,0,0,0,1,1,1,False
9,399624,-15,94277,1,739449,-15,35401,-0,0242909,0,9419955,-0,3301358,-0,05536144,0,0,0,0,0,0,0,0,0,0,0,0,0,0,0,0,0,0,0,0,0,0,1,1,1,False
9,442241,-15,93001,1,73936,-15,24932,-0,02356664,0,9420866,-0,3297542,-0,05638811,0,0,0,0,0,0,0,0,0,0,0,0,0,0,0,0,0,0,0,0,0,0,1,1,1,False
9,484395,-15,91719,1,739078,-15,14522,-0,02366668,0,941819,-0,3305762,-0,05600189,0,0,0,0,0,0,0,0,0,0,0,0,0,0,0,0,0,0,0,0,0,0,1,1,1,False
9,524759,-15,90506,1,738408,-15,04529,-0,02398433,0,941259,-0,3323869,-0,05454694,0,0,0,0,0,0,0,0,0,0,0,0,0,0,0,0,0,0,0,0,0,0,1,1,1,False
9,562886,-15,89385,1,737649,-14,95052,-0,02401576,0,9405391,-0,3345768,-0,05355221,0,0,0,0,0,0,0,0,0,0,0,0,0,0,0,0,0,0,0,0,0,0,1,1,1,False
9,600031,-15,88327,1,736808,-14,85825,-0,02395482,0,9399835,-0,3362841,-0,05263207,0,0,0,0,0,0,0,0,0,0,0,0,0,0,0,0,0,0,0,0,0,0,1,1,1,False
9,636395,-15,87478,2,005067,-14,7685,-0,02364611,0,9400594,-0,3361949,-0,05198435,0,0,0,0,0,0,0,0,0,0,0,0,0,0,0,0,0,0,0,0,0,0,1,1,1,False
9,672354,-15,86627,2,237131,-14,6796,-0,02261605,0,9399452,-0,3365564,-0,05216768,0,0,0,0,0,0,0,0,0,0,0,0,0,0,0,0,0,0,0,0,0,0,1,1,1,False
9,712274,-15,8563,2,453821,-14,58068,-0,02191259,0,9395754,-0,3374712,-0,0532091,0,0,0,0,0,0,0,0,0,0,0,0,0,0,0,0,0,0,0,0,0,0,1,1,1,False
9,750441,-15,84801,2,532586,-14,48577,-0,02189005,0,9393834,-0,3379205,-0,05375264,0,0,0,0,0,0,0,0,0,0,0,0,0,0,0,0,0,0,0,0,0,0,1,1,1,False
9,78963,-15,8419,2,549793,-14,38829,-0,02169938,0,9394783,-0,337765,-0,05314518,0,0,0,0,0,0,0,0,0,0,0,0,0,0,0,0,0,0,0,0,0,0,1,1,1,False
9,837979,-15,83718,2,473816,-14,2679,-0,02115202,0,9399212,-0,3365435,-0,05328351,0,0,0,0,0,0,0,0,0,0,0,0,0,0,0,0,0,0,0,0,0,0,1,1,1,False
9,895296,-15,83447,2,328533,-14,1248,-0,02008115,0,9400003,-0,3362792,-0,05396783,0,0,0,0,0,0,0,0,0,0,0,0,0,0,0,0,0,0,0,0,0,0,1,1,1,False
9,951801,-15,83219,2,153779,-13,98351,-0,02001755,0,9400038,-0,3362592,-0,05405538,0,0,0,0,0,0,0,0,0,0,0,0,0,0,0,0,0,0,0,0,0,0,1,1,1,False
10,00931,-15,83134,1,943674,-13,8399,-0,0196108,0,9402409,-0,3355852,-0,05426919,0,0,0,0,0,0,0,0,0,0,0,0,0,0,0,0,0,0,0,0,0,0,1,1,1,False
10,0583,-15,83161,1,744528,-13,71757,-0,01887724,0,9404345,-0,335181,-0,05366822,0,0,0,0,0,0,0,0,0,0,0,0,0,0,0,0,0,0,0,0,0,0,1,1,1,False
10,11245,-15,83348,1,744511,-13,58249,-0,01838846,0,9403308,-0,3354137,-0,05419961,0,0,0,0,0,0,0,0,0,0,0,0,0,0,0,0,0,0,0,0,0,0,1,1,1,False
10,17267,-15,83843,1,74438,-13,43212,-0,01858881,0,9403418,-0,3353237,-0,05449662,0,0,0,0,0,0,0,0,0,0,0,0,0,0,0,0,0,0,0,0,0,0,1,1,1,False
10,222,-15,84256,1,744483,-13,30894,-0,01916531,0,9404894,-0,334878,-0,05449054,0,0,0,0,0,0,0,0,0,0,0,0,0,0,0,0,0,0,0,0,0,0,1,1,1,False
10,26751,-15,84647,1,744538,-13,1954,-0,01913217,0,9407681,-0,3341166,-0,05436439,0,0,0,0,0,0,0,0,0,0,0,0,0,0,0,0,0,0,0,0,0,0,1,1,1,False
10,30925,-15,85005,1,744702,-13,0912,-0,01930589,0,9408719,-0,3338022,-0,0544376,0,0,0,0,0,0,0,0,0,0,0,0,0,0,0,0,0,0,0,0,0,0,1,1,1,False
10,34445,-15,85474,1,744773,-13,00333,-0,01928489,0,9409452,-0,333608,-0,05436917,0,0,0,0,0,0,0,0,0,0,0,0,0,0,0,0,0,0,0,0,0,0,1,1,1,False
10,37837,-15,85925,1,744757,-12,91865,-0,01921112,0,9410203,-0,3334129,-0,05429244,0,0,0,0,0,0,0,0,0,0,0,0,0,0,0,0,0,0,0,0,0,0,1,1,1,False
10,41298,-15,86378,1,744643,-12,83218,-0,01912992,0,9409637,-0,3335573,-0,05441533,0,0,0,0,0,0,0,0,0,0,0,0,0,0,0,0,0,0,0,0,0,0,1,1,1,False
10,45067,-15,86784,1,744585,-12,73798,-0,01923168,0,9409368,-0,3336409,-0,05433041,0,0,0,0,0,0,0,0,0,0,0,0,0,0,0,0,0,0,0,0,0,0,1,1,1,False
10,4892,-15,87108,1,74455,-12,64173,-0,01933104,0,9410055,-0,3334691,-0,05415964,0,0,0,0,0,0,0,0,0,0,0,0,0,0,0,0,0,0,0,0,0,0,1,1,1,False
10,52469,-15,87575,1,744594,-12,55319,-0,01951076,0,941098,-0,3331881,-0,05421806,0,0,0,0,0,0,0,0,0,0,0,0,0,0,0,0,0,0,0,0,0,0,1,1,1,False
10,56111,-15,88132,2,013665,-12,46273,-0,01970012,0,9411565,-0,333081,-0,0537914,0,0,0,0,0,0,0,0,0,0,0,0,0,0,0,0,0,0,0,0,0,0,1,1,1,False
10,5973,-15,88671,2,24728,-12,37293,-0,01990512,0,9412308,-0,3328421,-0,05389375,0,0,0,0,0,0,0,0,0,0,0,0,0,0,0,0,0,0,0,0,0,0,1,1,1,False
10,63655,-15,89253,2,461001,-12,27547,-0,02006692,0,9412272,-0,3329148,-0,05344483,0,0,0,0,0,0,0,0,0,0,0,0,0,0,0,0,0,0,0,0,0,0,1,1,1,False
10,67477,-15,89811,2,631427,-12,18045,-0,01990081,0,9411754,-0,3331318,-0,05306611,0,0,0,0,0,0,0,0,0,0,0,0,0,0,0,0,0,0,0,0,0,0,1,1,1,False
10,71616,-15,90394,2,771876,-12,07747,-0,01958457,0,9412598,-0,3328878,-0,05321809,0,0,0,0,0,0,0,0,0,0,0,0,0,0,0,0,0,0,0,0,0,0,1,1,1,False
10,75645,-15,90888,2,866847,-11,97711,-0,01931321,0,9411931,-0,3330998,-0,05317002,0,0,0,0,0,0,0,0,0,0,0,0,0,0,0,0,0,0,0,0,0,0,1,1,1,False
10,79684,-15,91142,2,920112,-11,87625,-0,019087,0,941256,-0,3329575,-0,05302832,0,0,0,0,0,0,0,0,0,0,0,0,0,0,0,0,0,0,0,0,0,0,1,1,1,False
10,83539,-15,91212,2,932777,-11,78003,-0,01900654,0,9413338,-0,3327416,-0,05303328,0,0,0,0,0,0,0,0,0,0,0,0,0,0,0,0,0,0,0,0,0,0,1,1,1,False
10,896,-15,90912,2,858013,-11,62846,-0,0198134,0,9414896,-0,3323745,-0,05226843,0,0,0,0,0,0,0,0,0,0,0,0,0,0,0,0,0,0,0,0,0,0,1,1,1,False
10,97404,-15,90255,2,604774,-11,43316,-0,01931858,0,9416029,-0,3323213,-0,0507279,0,0,0,0,0,0,0,0,0,0,0,0,0,0,0,0,0,0,0,0,0,0,1,1,1,False
11,05007,-15,89268,2,240133,-11,24287,-0,01843127,0,9416774,-0,3321071,-0,05107659,0,0,0,0,0,0,0,0,0,0,0,0,0,0,0,0,0,0,0,0,0,0,1,1,1,False
11,11215,-15,88094,1,904672,-11,08771,-0,01837549,0,941792,-0,3317952,-0,05101074,0,0,0,0,0,0,0,0,0,0,0,0,0,0,0,0,0,0,0,0,0,0,1,1,1,False
11,16981,-15,86052,1,760895,-10,95125,-0,01845217,0,9418993,-0,3315039,-0,05089615,0,0,0,0,0,0,0,0,0,0,0,0,0,0,0,0,0,0,0,0,0,0,1,1,1,False
11,23749,-15,83111,1,76082,-10,82815,-0,0187604,0,9418542,-0,3317147,-0,05024128,0,0,0,0,0,0,0,0,0,0,0,0,0,0,0,0,0,0,0,0,0,0,1,1,1,False
11,30452,-15,78679,1,760816,-10,77693,-0,01870408,0,9419217,-0,3316069,-0,04970454,0,0,0,0,0,0,0,0,0,0,0,0,0,0,0,0,0,0,0,0,0,0,1,1,1,False
11,36648,-15,78668,1,760907,-10,77693,-0,01860777,0,9420777,-0,3312573,-0,04911277,0,0,0,0,0,0,0,0,0,0,0,0,0,0,0,0,0,0,0,0,0,0,1,1,1,False
11,41895,-15,78667,1,761074,-10,77685,-0,01825576,0,9421398,-0,3311215,-0,04896694,0,0,0,0,0,0,0,0,0,0,0,0,0,0,0,0,0,0,0,0,0,0,1,1,1,False
11,46094,-15,78673,1,761297,-10,77676,-0,01829593,0,9422752,-0,3307298,-0,04899559,0,0,0,0,0,0,0,0,0,0,0,0,0,0,0,0,0,0,0,0,0,0,1,1,1,False
11,49434,-15,78679,1,761355,-10,77672,-0,01851404,0,942337,-0,3305172,-0,04915833,0,0,0,0,0,0,0,0,0,0,0,0,0,0,0,0,0,0,0,0,0,0,1,1,1,False
11,53116,-15,78689,1,761503,-10,77666,-0,01910738,0,9424303,-0,3301724,-0,04945917,0,0,0,0,0,0,0,0,0,0,0,0,0,0,0,0,0,0,0,0,0,0,1,1,1,False
11,5713,-15,78696,1,761646,-10,77661,-0,01942569,0,942498,-0,3300333,-0,04897147,0,0,0,0,0,0,0,0,0,0,0,0,0,0,0,0,0,0,0,0,0,0,1,1,1,False
11,60944,-15,78701,1,761773,-10,7765,-0,01945158,0,9425871,-0,3297853,-0,04891624,0,0,0,0,0,0,0,0,0,0,0,0,0,0,0,0,0,0,0,0,0,0,1,1,1,False
11,64576,-15,78703,1,761818,-10,77639,-0,01945336,0,9426457,-0,3295979,-0,04904883,0,0,0,0,0,0,0,0,0,0,0,0,0,0,0,0,0,0,0,0,0,0,1,1,1,False
11,68329,-15,78701,1,761953,-10,77628,-0,01964665,0,9427888,-0,3292175,-0,0487755,0,0,0,0,0,0,0,0,0,0,0,0,0,0,0,0,0,0,0,0,0,0,1,1,1,False
11,72414,-15,78722,1,782691,-10,77846,-0,0197743,0,9430366,-0,3285224,-0,0486219,0,0,0,0,0,0,0,0,0,0,0,0,0,0,0,0,0,0,0,0,0,0,1,1,1,False
11,76406,-15,789,1,782871,-10,83311,-0,01977797,0,9432949,-0,3278457,-0,04817437,0,0,0,0,0,0,0,0,0,0,0,0,0,0,0,0,0,0,0,0,0,0,1,1,1,False
11,80325,-15,78869,2,070886,-10,90482,-0,01996963,0,9436767,-0,3268047,-0,04768975,0,0,0,0,0,0,0,0,0,0,0,0,0,0,0,0,0,0,0,0,0,0,1,1,1,False
11,84453,-15,78852,2,330392,-10,98542,-0,01989431,0,9440557,-0,3257659,-0,04732454,0,0,0,0,0,0,0,0,0,0,0,0,0,0,0,0,0,0,0,0,0,0,1,1,1,False
11,88499,-15,78815,2,542592,-11,06432,-0,0198647,0,9444475,-0,32472,-0,04670379,0,0,0,0,0,0,0,0,0,0,0,0,0,0,0,0,0,0,0,0,0,0,1,1,1,False
11,92525,-15,7877,2,712385,-11,14336,-0,01972639,0,9451525,-0,3226644,-0,04674658,0,0,0,0,0,0,0,0,0,0,0,0,0,0,0,0,0,0,0,0,0,0,1,1,1,False
11,96651,-15,78753,2,842768,-11,22496,-0,01992268,0,9460923,-0,3198636,-0,04690151,0,0,0,0,0,0,0,0,0,0,0,0,0,0,0,0,0,0,0,0,0,0,1,1,1,False
12,0055,-15,78658,2,927535,-11,30239,-0,02048116,0,9477612,-0,3148535,-0,0468666,0,0,0,0,0,0,0,0,0,0,0,0,0,0,0,0,0,0,0,0,0,0,1,1,1,False
12,04325,-15,78624,2,97281,-11,3778,-0,02039276,0,9492936,-0,3103324,-0,04604147,0,0,0,0,0,0,0,0,0,0,0,0,0,0,0,0,0,0,0,0,0,0,1,1,1,False
12,08144,-15,78627,2,981335,-11,45471,-0,02001772,0,950938,-0,30538,-0,04537804,0,0,0,0,0,0,0,0,0,0,0,0,0,0,0,0,0,0,0,0,0,0,1,1,1,False
12,11851,-15,78648,2,954025,-11,52978,-0,02008859,0,9521459,-0,3017401,-0,04435727,0,0,0,0,0,0,0,0,0,0,0,0,0,0,0,0,0,0,0,0,0,0,1,1,1,False
12,15551,-15,78665,2,891734,-11,60518,-0,02047787,0,9536262,-0,2972023,-0,04299439,0,0,0,0,0,0,0,0,0,0,0,0,0,0,0,0,0,0,0,0,0,0,1,1,1,False
12,19305,-15,78739,2,791489,-11,68446,-0,0207709,0,9545893,-0,2942401,-0,04184085,0,0,0,0,0,0,0,0,0,0,0,0,0,0,0,0,0,0,0,0,0,0,1,1,1,False
12,23109,-15,78816,2,65305,-11,7675,-0,0208965,0,9558878,-0,2901931,-0,04037177,0,0,0,0,0,0,0,0,0,0,0,0,0,0,0,0,0,0,0,0,0,0,1,1,1,False
12,26826,-15,78905,2,484562,-11,85079,-0,02099846,0,9570448,-0,2865246,-0,03909013,0,0,0,0,0,0,0,0,0,0,0,0,0,0,0,0,0,0,0,0,0,0,1,1,1,False
12,30659,-15,78901,2,296435,-11,93822,-0,02121735,0,9581835,-0,2828079,-0,03812794,0,0,0,0,0,0,0,0,0,0,0,0,0,0,0,0,0,0,0,0,0,0,1,1,1,False
12,34517,-15,78887,2,0926,-12,02768,-0,02082162,0,9594039,-0,2788428,-0,03684275,0,0,0,0,0,0,0,0,0,0,0,0,0,0,0,0,0,0,0,0,0,0,1,1,1,False
12,38668,-15,78884,1,856131,-12,12542,-0,01984195,0,9604631,-0,2753313,-0,03618957,0,0,0,0,0,0,0,0,0,0,0,0,0,0,0,0,0,0,0,0,0,0,1,1,1,False
12,42954,-15,78936,1,767211,-12,22763,-0,01905021,0,9617877,-0,2707413,-0,03606343,0,0,0,0,0,0,0,0,0,0,0,0,0,0,0,0,0,0,0,0,0,0,1,1,1,False
12,4746,-15,79206,1,768936,-12,33677,-0,01853644,0,9632352,-0,265543,-0,03635035,0,0,0,0,0,0,0,0,0,0,0,0,0,0,0,0,0,0,0,0,0,0,1,1,1,False
12,52963,-15,79715,1,770341,-12,47417,-0,01795219,0,9643957,-0,2614076,-0,03584297,0,0,0,0,0,0,0,0,0,0,0,0,0,0,0,0,0,0,0,0,0,0,1,1,1,False
12,58553,-15,80296,1,772663,-12,61374,-0,01797146,0,9657938,-0,2562859,-0,03517184,0,0,0,0,0,0,0,0,0,0,0,0,0,0,0,0,0,0,0,0,0,0,1,1,1,False
12,64007,-15,81162,1,774803,-12,74983,-0,01771376,0,9675866,-0,2496312,-0,03386289,0,0,0,0,0,0,0,0,0,0,0,0,0,0,0,0,0,0,0,0,0,0,1,1,1,False
12,69204,-15,81924,1,77715,-12,87949,-0,01750765,0,9693025,-0,2431246,-0,03219559,0,0,0,0,0,0,0,0,0,0,0,0,0,0,0,0,0,0,0,0,0,0,1,1,1,False
12,7512,-15,82762,1,778802,-13,02696,-0,01703299,0,9706709,-0,2378621,-0,03048722,0,0,0,0,0,0,0,0,0,0,0,0,0,0,0,0,0,0,0,0,0,0,1,1,1,False
12,80393,-15,83456,1,780828,-13,15814,-0,01672681,0,9718505,-0,2331909,-0,02913374,0,0,0,0,0,0,0,0,0,0,0,0,0,0,0,0,0,0,0,0,0,0,1,1,1,False
12,85357,-15,84069,1,782813,-13,28141,-0,01650638,0,9728748,-0,2290944,-0,02753213,0,0,0,0,0,0,0,0,0,0,0,0,0,0,0,0,0,0,0,0,0,0,1,1,1,False
12,89772,-15,84621,1,784575,-13,39104,-0,01536752,0,9738643,-0,2250137,-0,02684955,0,0,0,0,0,0,0,0,0,0,0,0,0,0,0,0,0,0,0,0,0,0,1,1,1,False
12,93744,-15,85146,1,786162,-13,48961,-0,01419345,0,9747451,-0,2212174,-0,0270815,0,0,0,0,0,0,0,0,0,0,0,0,0,0,0,0,0,0,0,0,0,0,1,1,1,False
12,973,-15,85637,1,78764,-13,57782,-0,01313264,0,9756782,-0,2170729,-0,02755017,0,0,0,0,0,0,0,0,0,0,0,0,0,0,0,0,0,0,0,0,0,0,1,1,1,False
13,01069,-15,86175,1,789079,-13,67154,-0,01248956,0,9762381,-0,2144819,-0,02829516,0,0,0,0,0,0,0,0,0,0,0,0,0,0,0,0,0,0,0,0,0,0,1,1,1,False
13,05239,-15,86784,1,790491,-13,77513,-0,01171331,0,9769605,-0,2111303,-0,02889778,0,0,0,0,0,0,0,0,0,0,0,0,0,0,0,0,0,0,0,0,0,0,1,1,1,False
13,09435,-15,87405,1,791788,-13,87936,-0,01099964,0,9776149,-0,2080645,-0,02928232,0,0,0,0,0,0,0,0,0,0,0,0,0,0,0,0,0,0,0,0,0,0,1,1,1,False
13,1377,-15,88067,1,792955,-13,98708,-0,01037539,0,978495,-0,2038149,-0,02999,0,0,0,0,0,0,0,0,0,0,0,0,0,0,0,0,0,0,0,0,0,0,1,1,1,False
13,1798,-15,8873,1,794971,-14,09176,-0,00981861,0,9795282,-0,1987221,-0,0306226,0,0,0,0,0,0,0,0,0,0,0,0,0,0,0,0,0,0,0,0,0,0,1,1,1,False
13,22374,-15,89464,1,796664,-14,20115,-0,01039286,0,9806039,-0,1931062,-0,03190471,0,0,0,0,0,0,0,0,0,0,0,0,0,0,0,0,0,0,0,0,0,0,1,1,1,False
13,26806,-15,90213,1,798374,-14,31118,-0,0102795,0,9814765,-0,1885758,-0,03220651,0,0,0,0,0,0,0,0,0,0,0,0,0,0,0,0,0,0,0,0,0,0,1,1,1,False
13,31333,-15,91007,1,799582,-14,42357,-0,01052591,0,9822272,-0,1844314,-0,03322528,0,0,0,0,0,0,0,0,0,0,0,0,0,0,0,0,0,0,0,0,0,0,1,1,1,False
13,35827,-15,91795,1,800948,-14,53526,-0,01068649,0,982725,-0,1816855,-0,03358045,0,0,0,0,0,0,0,0,0,0,0,0,0,0,0,0,0,0,0,0,0,0,1,1,1,False
13,40223,-15,9257,1,801742,-14,64446,-0,01085354,0,9830239,-0,1799641,-0,03404601,0,0,0,0,0,0,0,0,0,0,0,0,0,0,0,0,0,0,0,0,0,0,1,1,1,False
13,44575,-15,93348,1,802497,-14,75228,-0,01076501,0,9832194,-0,1788574,-0,03426056,0,0,0,0,0,0,0,0,0,0,0,0,0,0,0,0,0,0,0,0,0,0,1,1,1,False
13,489,-15,94121,1,803088,-14,85972,-0,01066924,0,9833781,-0,1779545,-0,03443997,0,0,0,0,0,0,0,0,0,0,0,0,0,0,0,0,0,0,0,0,0,0,1,1,1,False
13,52941,-15,94875,1,803338,-14,95998,-0,0103954,0,9834194,-0,1775865,-0,0352311,0,0,0,0,0,0,0,0,0,0,0,0,0,0,0,0,0,0,0,0,0,0,1,1,1,False
13,56845,-15,95605,1,80353,-15,05706,-0,01044841,0,9835129,-0,1769558,-0,03577405,0,0,0,0,0,0,0,0,0,0,0,0,0,0,0,0,0,0,0,0,0,0,1,1,1,False
13,6066,-15,9631,1,803468,-15,15199,-0,01085429,0,9836702,-0,176042,-0,03583717,0,0,0,0,0,0,0,0,0,0,0,0,0,0,0,0,0,0,0,0,0,0,1,1,1,False
13,64484,-15,97013,1,803957,-15,24712,-0,01101817,0,9837403,-0,1756712,-0,03568158,0,0,0,0,0,0,0,0,0,0,0,0,0,0,0,0,0,0,0,0,0,0,1,1,1,False
13,68456,-15,97734,1,803995,-15,34602,-0,01167993,0,9837055,-0,1758266,-0,03566761,0,0,0,0,0,0,0,0,0,0,0,0,0,0,0,0,0,0,0,0,0,0,1,1,1,False
13,72902,-16,01074,1,803539,-15,45187,-0,01191411,0,983385,-0,1777116,-0,0350802,0,0,0,0,0,0,0,0,0,0,0,0,0,0,0,0,0,0,0,0,0,0,1,1,1,False
13,77446,-16,04564,1,801717,-15,55963,-0,01242169,0,9825113,-0,1824958,-0,03482188,0,0,0,0,0,0,0,0,0,0,0,0,0,0,0,0,0,0,0,0,0,0,1,1,1,False
13,81983,-16,07881,1,797921,-15,66585,-0,01169574,0,9790531,-0,2006135,-0,03274803,0,0,0,0,0,0,0,0,0,0,0,0,0,0,0,0,0,0,0,0,0,0,1,1,1,False
13,86538,-16,10944,1,786968,-15,77153,-0,01221216,0,9685575,-0,2468486,-0,02851436,0,0,0,0,0,0,0,0,0,0,0,0,0,0,0,0,0,0,0,0,0,0,1,1,1,False
13,912,-16,14148,1,773829,-15,88033,-0,01731293,0,9562826,-0,2908314,-0,0253183,0,0,0,0,0,0,0,0,0,0,0,0,0,0,0,0,0,0,0,0,0,0,1,1,1,False
13,96508,-16,17848,1,765919,-16,00819,-0,02117681,0,950587,-0,3085127,-0,02749345,0,0,0,0,0,0,0,0,0,0,0,0,0,0,0,0,0,0,0,0,0,0,1,1,1,False
14,01274,-16,21202,1,760564,-16,12578,-0,02424984,0,9495531,-0,3111295,-0,03097249,0,0,0,0,0,0,0,0,0,0,0,0,0,0,0,0,0,0,0,0,0,0,1,1,1,False
14,06079,-16,24706,1,75796,-16,24329,-0,02253779,0,9493088,-0,3118086,-0,0328692,0,0,0,0,0,0,0,0,0,0,0,0,0,0,0,0,0,0,0,0,0,0,1,1,1,False
14,10631,-16,27944,1,756919,-16,35386,-0,02091605,0,9478837,-0,3160426,-0,03458316,0,0,0,0,0,0,0,0,0,0,0,0,0,0,0,0,0,0,0,0,0,0,1,1,1,False
14,15183,-16,31172,1,755588,-16,46378,-0,01997456,0,9460515,-0,3214856,-0,03513564,0,0,0,0,0,0,0,0,0,0,0,0,0,0,0,0,0,0,0,0,0,0,1,1,1,False
14,19504,-16,34255,1,755273,-16,56872,-0,02083975,0,9456287,-0,3225858,-0,03592437,0,0,0,0,0,0,0,0,0,0,0,0,0,0,0,0,0,0,0,0,0,0,1,1,1,False
14,23613,-16,37246,1,755165,-16,66882,-0,02111011,0,9459646,-0,3214504,-0,03707871,0,0,0,0,0,0,0,0,0,0,0,0,0,0,0,0,0,0,0,0,0,0,1,1,1,False
14,28015,-16,4016,1,754694,-16,77649,-0,02102048,0,9460207,-0,3212956,-0,03704162,0,0,0,0,0,0,0,0,0,0,0,0,0,0,0,0,0,0,0,0,0,0,1,1,1,False
14,32643,-16,4107,1,753562,-16,89267,-0,02072963,0,9448009,-0,3248518,-0,0373227,0,0,0,0,0,0,0,0,0,0,0,0,0,0,0,0,0,0,0,0,0,0,1,1,1,False
14,3739,-16,41969,1,752369,-17,0116,-0,02116307,0,9440079,-0,3271655,-0,03693164,0,0,0,0,0,0,0,0,0,0,0,0,0,0,0,0,0,0,0,0,0,0,1,1,1,False
14,42418,-16,42894,1,752369,-17,13766,-0,02164031,0,9439601,-0,3273052,-0,03663734,0,0,0,0,0,0,0,0,0,0,0,0,0,0,0,0,0,0,0,0,0,0,1,1,1,False
14,4737,-16,43736,1,752482,-17,2621,-0,02238389,0,9446265,-0,3254514,-0,03551289,0,0,0,0,0,0,0,0,0,0,0,0,0,0,0,0,0,0,0,0,0,0,1,1,1,False
14,52314,-16,44465,1,752469,-17,38616,-0,02266074,0,9453729,-0,3235964,-0,03228019,0,0,0,0,0,0,0,0,0,0,0,0,0,0,0,0,0,0,0,0,0,0,1,1,1,False
14,57203,-16,4518,1,75367,-17,50835,-0,02210382,0,9461781,-0,3214024,-0,03096769,0,0,0,0,0,0,0,0,0,0,0,0,0,0,0,0,0,0,0,0,0,0,1,1,1,False
14,6201,-16,45927,1,754735,-17,62781,-0,02156231,0,9466879,-0,3198994,-0,03132867,0,0,0,0,0,0,0,0,0,0,0,0,0,0,0,0,0,0,0,0,0,0,1,1,1,False
14,66644,-16,46678,1,7559,-17,7432,-0,02221927,0,9475386,-0,3172418,-0,03216521,0,0,0,0,0,0,0,0,0,0,0,0,0,0,0,0,0,0,0,0,0,0,1,1,1,False
14,71453,-16,4744,1,757172,-17,86281,-0,02303071,0,9484246,-0,3144799,-0,03259896,0,0,0,0,0,0,0,0,0,0,0,0,0,0,0,0,0,0,0,0,0,0,1,1,1,False
14,75774,-16,48108,1,758299,-17,97016,-0,02305807,0,9492118,-0,3120649,-0,03287648,0,0,0,0,0,0,0,0,0,0,0,0,0,0,0,0,0,0,0,0,0,0,1,1,1,False
14,80191,-16,48463,1,759332,-18,08019,-0,02339758,0,9500257,-0,3094985,-0,03338294,0,0,0,0,0,0,0,0,0,0,0,0,0,0,0,0,0,0,0,0,0,0,1,1,1,False
14,84536,-16,48119,1,760204,-18,18834,-0,02335784,0,950938,-0,3067416,-0,03287777,0,0,0,0,0,0,0,0,0,0,0,0,0,0,0,0,0,0,0,0,0,0,1,1,1,False
14,89383,-16,47503,1,761335,-18,30887,-0,02253844,0,9515203,-0,3050227,-0,03259359,0,0,0,0,0,0,0,0,0,0,0,0,0,0,0,0,0,0,0,0,0,0,1,1,1,False
14,94126,-16,46789,1,762035,-18,4267,-0,0214602,0,9520658,-0,3034091,-0,032451,0,0,0,0,0,0,0,0,0,0,0,0,0,0,0,0,0,0,0,0,0,0,1,1,1,False
14,99078,-16,4601,1,762704,-18,54989,-0,02012438,0,9527233,-0,301421,-0,03253798,0,0,0,0,0,0,0,0,0,0,0,0,0,0,0,0,0,0,0,0,0,0,1,1,1,False
15,04492,-16,45157,1,764111,-18,68499,-0,01924933,0,9535226,-0,2989745,-0,0322243,0,0,0,0,0,0,0,0,0,0,0,0,0,0,0,0,0,0,0,0,0,0,1,1,1,False
15,1027,-16,4422,1,765332,-18,82932,-0,01856972,0,9544432,-0,2961465,-0,03147606,0,0,0,0,0,0,0,0,0,0,0,0,0,0,0,0,0,0,0,0,0,0,1,1,1,False
15,15377,-16,42944,1,76629,-18,95654,-0,01820822,0,9552748,-0,2936172,-0,03012369,0,0,0,0,0,0,0,0,0,0,0,0,0,0,0,0,0,0,0,0,0,0,1,1,1,False
15,20402,-16,41648,1,768465,-19,08174,-0,0179765,0,9566509,-0,2892661,-0,02865579,0,0,0,0,0,0,0,0,0,0,0,0,0,0,0,0,0,0,0,0,0,0,1,1,1,False
15,2488,-16,39996,1,770245,-19,1927,-0,01731895,0,9579208,-0,2851684,-0,02768963,0,0,0,0,0,0,0,0,0,0,0,0,0,0,0,0,0,0,0,0,0,0,1,1,1,False
15,2904,-16,38082,1,771863,-19,29504,-0,01704927,0,9591946,-0,2809163,-0,02722204,0,0,0,0,0,0,0,0,0,0,0,0,0,0,0,0,0,0,0,0,0,0,1,1,1,False
15,3331,-16,36046,1,773771,-19,39988,-0,01658539,0,9605322,-0,2763288,-0,02729541,0,0,0,0,0,0,0,0,0,0,0,0,0,0,0,0,0,0,0,0,0,0,1,1,1,False
15,37976,-16,33904,1,775717,-19,51443,-0,01607591,0,9619779,-0,271354,-0,02659318,0,0,0,0,0,0,0,0,0,0,0,0,0,0,0,0,0,0,0,0,0,0,1,1,1,False
15,42859,-16,3182,1,777733,-19,63449,-0,01535046,0,9634237,-0,2661401,-0,02735901,0,0,0,0,0,0,0,0,0,0,0,0,0,0,0,0,0,0,0,0,0,0,1,1,1,False
15,47774,-16,32584,1,779202,-19,75665,-0,01442468,0,964503,-0,2621947,-0,02792485,0,0,0,0,0,0,0,0,0,0,0,0,0,0,0,0,0,0,0,0,0,0,1,1,1,False
15,53007,-16,33453,1,780808,-19,88654,-0,01459475,0,9654769,-0,2583772,-0,02970851,0,0,0,0,0,0,0,0,0,0,0,0,0,0,0,0,0,0,0,0,0,0,1,1,1,False
15,58635,-16,40413,1,78275,-20,00853,-0,0154922,0,9667748,-0,2532265,-0,03135097,0,0,0,0,0,0,0,0,0,0,0,0,0,0,0,0,0,0,0,0,0,0,1,1,1,False
15,63643,-16,46657,1,785065,-20,1167,-0,01635931,0,9682052,-0,2473985,-0,03324268,0,0,0,0,0,0,0,0,0,0,0,0,0,0,0,0,0,0,0,0,0,0,1,1,1,False
15,68794,-16,53136,1,787041,-20,22762,-0,01666927,0,9692833,-0,2428081,-0,03544312,0,0,0,0,0,0,0,0,0,0,0,0,0,0,0,0,0,0,0,0,0,0,1,1,1,False
15,737,-16,59446,1,788593,-20,33229,-0,01624184,0,9699515,-0,2398834,-0,03723298,0,0,0,0,0,0,0,0,0,0,0,0,0,0,0,0,0,0,0,0,0,0,1,1,1,False
15,78257,-16,65353,1,789626,-20,4295,-0,01729039,0,9706542,-0,2362456,-0,04146598,0,0,0,0,0,0,0,0,0,0,0,0,0,0,0,0,0,0,0,0,0,0,1,1,1,False
15,82506,-16,70869,1,791416,-20,52018,-0,01855937,0,9714175,-0,2328329,-0,04233564,0,0,0,0,0,0,0,0,0,0,0,0,0,0,0,0,0,0,0,0,0,0,1,1,1,False
15,86683,-16,76313,1,791793,-20,60901,-0,01852638,0,9713755,-0,2327492,-0,0437535,0,0,0,0,0,0,0,0,0,0,0,0,0,0,0,0,0,0,0,0,0,0,1,1,1,False
15,91145,-16,82145,1,790992,-20,70374,-0,0192435,0,9705422,-0,235872,-0,04518862,0,0,0,0,0,0,0,0,0,0,0,0,0,0,0,0,0,0,0,0,0,0,1,1,1,False
15,95887,-16,88284,1,789112,-20,80518,-0,01974745,0,9697414,-0,2391006,-0,0451952,0,0,0,0,0,0,0,0,0,0,0,0,0,0,0,0,0,0,0,0,0,0,1,1,1,False
16,00824,-16,94678,1,787368,-20,91051,-0,01935237,0,9678671,-0,2465266,-0,04564472,0,0,0,0,0,0,0,0,0,0,0,0,0,0,0,0,0,0,0,0,0,0,1,1,1,False
16,05705,-17,01064,1,784182,-21,0142,-0,01934407,0,9652275,-0,2565731,-0,04617253,0,0,0,0,0,0,0,0,0,0,0,0,0,0,0,0,0,0,0,0,0,0,1,1,1,False
16,11199,-17,08183,1,781592,-21,13185,-0,0194939,0,9632111,-0,2639401,-0,04668964,0,0,0,0,0,0,0,0,0,0,0,0,0,0,0,0,0,0,0,0,0,0,1,1,1,False
16,16869,-17,13999,1,780245,-21,26201,-0,02011363,0,9621805,-0,2673676,-0,04815419,0,0,0,0,0,0,0,0,0,0,0,0,0,0,0,0,0,0,0,0,0,0,1,1,1,False
16,21778,-17,16319,1,779598,-21,3837,-0,02098255,0,9619378,-0,2680296,-0,0489452,0,0,0,0,0,0,0,0,0,0,0,0,0,0,0,0,0,0,0,0,0,0,1,1,1,False
16,2682,-17,18669,1,778681,-21,50834,-0,02203887,0,9613631,-0,2699614,-0,04915507,0,0,0,0,0,0,0,0,0,0,0,0,0,0,0,0,0,0,0,0,0,0,1,1,1,False
16,31366,-17,20659,1,77885,-21,62116,-0,02244158,0,9610893,-0,2709879,-0,048677,0,0,0,0,0,0,0,0,0,0,0,0,0,0,0,0,0,0,0,0,0,0,1,1,1,False
16,35952,-17,21986,1,778257,-21,73584,-0,02258379,0,9606625,-0,2725853,-0,04811319,0,0,0,0,0,0,0,0,0,0,0,0,0,0,0,0,0,0,0,0,0,0,1,1,1,False
16,40043,-17,22965,1,777564,-21,83813,-0,022346,0,9602817,-0,2740239,-0,04765061,0,0,0,0,0,0,0,0,0,0,0,0,0,0,0,0,0,0,0,0,0,0,1,1,1,False
16,44351,-17,23974,1,776187,-21,9459,-0,02227614,0,959628,-0,2764091,-0,04707513,0,0,0,0,0,0,0,0,0,0,0,0,0,0,0,0,0,0,0,0,0,0,1,1,1,False
16,49249,-17,2508,1,77544,-22,0682,-0,02250656,0,9590358,-0,2786286,-0,04593319,0,0,0,0,0,0,0,0,0,0,0,0,0,0,0,0,0,0,0,0,0,0,1,1,1,False
16,54075,-17,26186,1,774968,-22,18856,-0,02257624,0,9587389,-0,2796215,-0,04606465,0,0,0,0,0,0,0,0,0,0,0,0,0,0,0,0,0,0,0,0,0,0,1,1,1,False
16,59125,-17,27323,1,774209,-22,3144,-0,02240786,0,9585162,-0,2805494,-0,04512844,0,0,0,0,0,0,0,0,0,0,0,0,0,0,0,0,0,0,0,0,0,0,1,1,1,False
16,64221,-17,28487,1,774183,-22,44123,-0,02200825,0,9583133,-0,2812499,-0,04527394,0,0,0,0,0,0,0,0,0,0,0,0,0,0,0,0,0,0,0,0,0,0,1,1,1,False
16,69757,-17,29793,1,774048,-22,57885,-0,02216283,0,9582068,-0,2814571,-0,04615739,0,0,0,0,0,0,0,0,0,0,0,0,0,0,0,0,0,0,0,0,0,0,1,1,1,False
16,74988,-17,31032,1,77419,-22,70886,-0,022589,0,9582585,-0,2812005,-0,04644196,0,0,0,0,0,0,0,0,0,0,0,0,0,0,0,0,0,0,0,0,0,0,1,1,1,False
16,80283,-17,32305,1,774319,-22,84057,-0,02234502,0,9584444,-0,2805006,-0,04695106,0,0,0,0,0,0,0,0,0,0,0,0,0,0,0,0,0,0,0,0,0,0,1,1,1,False
16,88835,-17,34316,1,774091,-23,05328,-0,02252582,0,9583498,-0,2808685,-0,04659704,0,0,0,0,0,0,0,0,0,0,0,0,0,0,0,0,0,0,0,0,0,0,1,1,1,False
16,97592,-17,36345,1,773812,-23,27127,-0,02298161,0,958256,-0,2812247,-0,04615317,0,0,0,0,0,0,0,0,0,0,0,0,0,0,0,0,0,0,0,0,0,0,1,1,1,False
17,044,-17,37916,1,77391,-23,44083,-0,02267728,0,9583785,-0,2809506,-0,04542145,0,0,0,0,0,0,0,0,0,0,0,0,0,0,0,0,0,0,0,0,0,0,1,1,1,False
17,10728,-17,39403,1,774034,-23,59858,-0,02258609,0,9585056,-0,280488,-0,04564346,0,0,0,0,0,0,0,0,0,0,0,0,0,0,0,0,0,0,0,0,0,0,1,1,1,False
17,18544,-17,41266,1,773281,-23,79329,-0,02327991,0,9583555,-0,2808206,-0,04639549,0,0,0,0,0,0,0,0,0,0,0,0,0,0,0,0,0,0,0,0,0,0,1,1,1,False
17,26143,-17,43049,1,773506,-23,98265,-0,02347245,0,9581366,-0,2816273,-0,04592733,0,0,0,0,0,0,0,0,0,0,0,0,0,0,0,0,0,0,0,0,0,0,1,1,1,False
17,32595,-17,44585,1,772105,-24,144,-0,02529392,0,9580689,-0,2815266,-0,04697808,0,0,0,0,0,0,0,0,0,0,0,0,0,0,0,0,0,0,0,0,0,0,1,1,1,False
17,37736,-17,4573,1,771743,-24,27241,-0,02656351,0,9579706,-0,2820199,-0,04529359,0,0,0,0,0,0,0,0,0,0,0,0,0,0,0,0,0,0,0,0,0,0,1,1,1,False
17,41999,-17,46701,1,771128,-24,37837,-0,02460139,0,9574276,-0,2841218,-0,04474349,0,0,0,0,0,0,0,0,0,0,0,0,0,0,0,0,0,0,0,0,0,0,1,1,1,False
17,45216,-17,47447,1,771151,-24,45854,-0,02478382,0,957338,-0,2842692,-0,04561633,0,0,0,0,0,0,0,0,0,0,0,0,0,0,0,0,0,0,0,0,0,0,1,1,1,False
17,4825,-17,48152,1,771046,-24,53413,-0,02502776,0,9573342,-0,2842045,-0,04596343,0,0,0,0,0,0,0,0,0,0,0,0,0,0,0,0,0,0,0,0,0,0,1,1,1,False
17,5146,-17,48881,1,771259,-24,61407,-0,02529463,0,9574296,-0,2838809,-0,04582874,0,0,0,0,0,0,0,0,0,0,0,0,0,0,0,0,0,0,0,0,0,0,1,1,1,False
17,55228,-17,4974,1,771497,-24,70789,-0,02548147,0,9574249,-0,283885,-0,04579712,0,0,0,0,0,0,0,0,0,0,0,0,0,0,0,0,0,0,0,0,0,0,1,1,1,False
17,59247,-17,5065,1,771403,-24,80791,-0,0256058,0,9573466,-0,2841485,-0,04573219,0,0,0,0,0,0,0,0,0,0,0,0,0,0,0,0,0,0,0,0,0,0,1,1,1,False
17,6549,-17,52055,1,77088,-24,96338,-0,02547497,0,9573869,-0,2840487,-0,04558262,0,0,0,0,0,0,0,0,0,0,0,0,0,0,0,0,0,0,0,0,0,0,1,1,1,False
17,72035,-17,53517,1,771314,-25,12635,-0,0252517,0,9572999,-0,284385,-0,0454365,0,0,0,0,0,0,0,0,0,0,0,0,0,0,0,0,0,0,0,0,0,0,1,1,1,False
17,78569,-17,54954,1,771054,-25,28911,-0,02507932,0,9572299,-0,2846691,-0,04522727,0,0,0,0,0,0,0,0,0,0,0,0,0,0,0,0,0,0,0,0,0,0,1,1,1,False
17,84986,-17,56341,1,771099,-25,44893,-0,02491792,0,9571865,-0,2849267,-0,04460695,0,0,0,0,0,0,0,0,0,0,0,0,0,0,0,0,0,0,0,0,0,0,1,1,1,False
17,91562,-17,57764,1,771073,-25,61278,-0,02447761,0,9572588,-0,2847802,-0,04423638,0,0,0,0,0,0,0,0,0,0,0,0,0,0,0,0,0,0,0,0,0,0,1,1,1,False
17,98001,-17,59166,1,771111,-25,77316,-0,0241197,0,9572119,-0,2849666,-0,04424569,0,0,0,0,0,0,0,0,0,0,0,0,0,0,0,0,0,0,0,0,0,0,1,1,1,False
18,03508,-17,60365,1,770754,-25,91037,-0,02384358,0,9571185,-0,2853672,-0,04383105,0,0,0,0,0,0,0,0,0,0,0,0,0,0,0,0,0,0,0,0,0,0,1,1,1,False
18,09617,-17,61218,1,770118,-26,06298,-0,02337378,0,9567267,-0,2867763,-0,04344173,0,0,0,0,0,0,0,0,0,0,0,0,0,0,0,0,0,0,0,0,0,0,1,1,1,False
18,15898,-17,62073,1,768924,-26,21994,-0,02276661,0,9559618,-0,2894556,-0,04282751,0,0,0,0,0,0,0,0,0,0,0,0,0,0,0,0,0,0,0,0,0,0,1,1,1,False
18,21364,-17,6259,1,765818,-26,35685,-0,02194945,0,9541991,-0,2959563,-0,03784376,0,0,0,0,0,0,0,0,0,0,0,0,0,0,0,0,0,0,0,0,0,0,1,1,1,False
18,25842,-17,57672,1,760026,-26,38455,-0,02021421,0,9508824,-0,3074414,-0,02989716,0,0,0,0,0,0,0,0,0,0,0,0,0,0,0,0,0,0,0,0,0,0,1,1,1,False
18,29847,-17,53124,1,753793,-26,40811,-0,01857198,0,9467535,-0,3208424,-0,01931386,0,0,0,0,0,0,0,0,0,0,0,0,0,0,0,0,0,0,0,0,0,0,1,1,1,False
18,33493,-17,50903,1,748853,-26,4046,-0,007347583,0,9467533,-0,3218262,-0,005673081,0,0,0,0,0,0,0,0,0,0,0,0,0,0,0,0,0,0,0,0,0,0,1,1,1,False
18,37964,-17,48357,1,744527,-26,39183,0,01525774,0,9445885,-0,3278952,-0,002109408,0,0,0,0,0,0,0,0,0,0,0,0,0,0,0,0,0,0,0,0,0,0,1,1,1,False
18,42689,-17,45268,1,739054,-26,34948,0,02433061,0,9385521,-0,3441077,-0,01085206,0,0,0,0,0,0,0,0,0,0,0,0,0,0,0,0,0,0,0,0,0,0,1,1,1,False
18,47148,-17,4467,1,733488,-26,27377,0,02384819,0,9334362,-0,3577586,-0,01170313,0,0,0,0,0,0,0,0,0,0,0,0,0,0,0,0,0,0,0,0,0,0,1,1,1,False
18,51678,-17,43896,1,727797,-26,17179,0,0176063,0,9288947,-0,3696851,-0,0133304,0,0,0,0,0,0,0,0,0,0,0,0,0,0,0,0,0,0,0,0,0,0,1,1,1,False
18,5619,-17,43225,1,723195,-26,05891,0,01251821,0,9253178,-0,378797,-0,01196345,0,0,0,0,0,0,0,0,0,0,0,0,0,0,0,0,0,0,0,0,0,0,1,1,1,False
18,61308,-17,42636,1,719013,-25,93085,0,008014097,0,9221503,-0,3866026,-0,01063949,0,0,0,0,0,0,0,0,0,0,0,0,0,0,0,0,0,0,0,0,0,0,1,1,1,False
18,66259,-17,42192,1,716636,-25,80738,0,006761824,0,9206545,-0,3902279,-0,008477278,0,0,0,0,0,0,0,0,0,0,0,0,0,0,0,0,0,0,0,0,0,0,1,1,1,False
18,70676,-17,41736,1,715001,-25,69757,0,005738738,0,9194067,-0,3931385,-0,01003788,0,0,0,0,0,0,0,0,0,0,0,0,0,0,0,0,0,0,0,0,0,0,1,1,1,False
18,75082,-17,41726,1,713995,-25,6983,0,005694161,0,9188742,-0,3943636,-0,01072941,0,0,0,0,0,0,0,0,0,0,0,0,0,0,0,0,0,0,0,0,0,0,1,1,1,False
18,79102,-17,41716,1,713369,-25,69879,0,00532649,0,9181945,-0,3959025,-0,01231846,0,0,0,0,0,0,0,0,0,0,0,0,0,0,0,0,0,0,0,0,0,0,1,1,1,False
18,8298,-17,4169,1,713017,-25,69901,0,003512049,0,9175213,-0,3974598,-0,01296027,0,0,0,0,0,0,0,0,0,0,0,0,0,0,0,0,0,0,0,0,0,0,1,1,1,False
18,86677,-17,41667,1,712828,-25,69956,0,002580687,0,9175293,-0,3975032,-0,01115686,0,0,0,0,0,0,0,0,0,0,0,0,0,0,0,0,0,0,0,0,0,0,1,1,1,False
18,90572,-17,41665,1,71272,-25,6999,0,004112683,0,9173827,-0,397842,-0,01067207,0,0,0,0,0,0,0,0,0,0,0,0,0,0,0,0,0,0,0,0,0,0,1,1,1,False
18,94633,-17,41662,1,712429,-25,70005,0,004997749,0,9170471,-0,3986068,-0,0106002,0,0,0,0,0,0,0,0,0,0,0,0,0,0,0,0,0,0,0,0,0,0,1,1,1,False
18,99021,-17,41669,1,712077,-25,70041,0,005535631,0,9167534,-0,3992657,-0,01093502,0,0,0,0,0,0,0,0,0,0,0,0,0,0,0,0,0,0,0,0,0,0,1,1,1,False
19,03707,-17,3756,1,711395,-25,78623,0,005811909,0,9161748,-0,4005744,-0,01140662,0,0,0,0,0,0,0,0,0,0,0,0,0,0,0,0,0,0,0,0,0,0,1,1,1,False
19,08002,-17,3381,1,710938,-25,86586,0,004697889,0,9159085,-0,4011692,-0,01236167,0,0,0,0,0,0,0,0,0,0,0,0,0,0,0,0,0,0,0,0,0,0,1,1,1,False
19,13022,-17,29487,1,710749,-25,9594,0,004031582,0,9159395,-0,4011077,-0,01229528,0,0,0,0,0,0,0,0,0,0,0,0,0,0,0,0,0,0,0,0,0,0,1,1,1,False
19,17809,-17,25334,1,710811,-26,04868,0,003789762,0,9158241,-0,4013524,-0,01296967,0,0,0,0,0,0,0,0,0,0,0,0,0,0,0,0,0,0,0,0,0,0,1,1,1,False
19,23106,-17,20739,1,711162,-26,14754,0,003724752,0,9161507,-0,4005838,-0,01366517,0,0,0,0,0,0,0,0,0,0,0,0,0,0,0,0,0,0,0,0,0,0,1,1,1,False
19,28638,-17,15991,1,711555,-26,26685,0,004038859,0,9164748,-0,3998065,-0,01457357,0,0,0,0,0,0,0,0,0,0,0,0,0,0,0,0,0,0,0,0,0,0,1,1,1,False
19,33541,-17,12324,1,711916,-26,38393,0,003951333,0,9164386,-0,3998643,-0,01527321,0,0,0,0,0,0,0,0,0,0,0,0,0,0,0,0,0,0,0,0,0,0,1,1,1,False
19,38342,-17,08513,1,71267,-26,4981,0,0050064,0,9172419,-0,3979853,-0,01580919,0,0,0,0,0,0,0,0,0,0,0,0,0,0,0,0,0,0,0,0,0,0,1,1,1,False
19,43236,-17,06652,1,712754,-26,61939,0,00569989,0,9174438,-0,3974486,-0,01729105,0,0,0,0,0,0,0,0,0,0,0,0,0,0,0,0,0,0,0,0,0,0,1,1,1,False
19,48116,-17,04777,1,712801,-26,74025,0,005982641,0,9172819,-0,397822,-0,01720078,0,0,0,0,0,0,0,0,0,0,0,0,0,0,0,0,0,0,0,0,0,0,1,1,1,False
19,52986,-17,05498,1,711946,-26,86212,0,006688274,0,9166208,-0,3993282,-0,01727972,0,0,0,0,0,0,0,0,0,0,0,0,0,0,0,0,0,0,0,0,0,0,1,1,1,False
19,57865,-17,10561,1,710457,-26,97337,0,007553201,0,9161136,-0,4004837,-0,01708348,0,0,0,0,0,0,0,0,0,0,0,0,0,0,0,0,0,0,0,0,0,0,1,1,1,False
19,62677,-17,18661,1,710626,-27,06247,0,007203848,0,9155637,-0,401728,-0,01748729,0,0,0,0,0,0,0,0,0,0,0,0,0,0,0,0,0,0,0,0,0,0,1,1,1,False
19,67554,-17,27779,2,067338,-27,14368,0,007185121,0,9157226,-0,401385,-0,0170446,0,0,0,0,0,0,0,0,0,0,0,0,0,0,0,0,0,0,0,0,0,0,1,1,1,False
19,72335,-17,36954,2,177835,-27,22062,0,00739436,0,9165016,-0,3995827,-0,01742662,0,0,0,0,0,0,0,0,0,0,0,0,0,0,0,0,0,0,0,0,0,0,1,1,1,False
19,773,-17,46583,2,211046,-27,2992,0,008064244,0,9174049,-0,397485,-0,01757899,0,0,0,0,0,0,0,0,0,0,0,0,0,0,0,0,0,0,0,0,0,0,1,1,1,False
19,8218,-17,56202,2,185205,-27,37408,0,008447362,0,9180267,-0,3960201,-0,01798687,0,0,0,0,0,0,0,0,0,0,0,0,0,0,0,0,0,0,0,0,0,0,1,1,1,False
19,87114,-17,6616,2,089881,-27,44593,0,008349304,0,9182007,-0,3956112,-0,01815539,0,0,0,0,0,0,0,0,0,0,0,0,0,0,0,0,0,0,0,0,0,0,1,1,1,False
19,92077,-17,76469,1,96998,-27,51315,0,008055924,0,9183516,-0,3953067,-0,01726951,0,0,0,0,0,0,0,0,0,0,0,0,0,0,0,0,0,0,0,0,0,0,1,1,1,False
19,97061,-17,87364,1,826248,-27,56227,0,007956618,0,9198158,-0,3918783,-0,01751783,0,0,0,0,0,0,0,0,0,0,0,0,0,0,0,0,0,0,0,0,0,0,1,1,1,False
20,02139,-17,98628,1,717283,-27,58806,0,008732669,0,9223908,-0,3857137,-0,01854518,0,0,0,0,0,0,0,0,0,0,0,0,0,0,0,0,0,0,0,0,0,0,1,1,1,False
20,07173,-18,09108,1,720134,-27,58244,0,008745949,0,9249803,-0,3793471,-0,02075425,0,0,0,0,0,0,0,0,0,0,0,0,0,0,0,0,0,0,0,0,0,0,1,1,1,False
20,12298,-18,14571,1,723252,-27,46613,0,007927574,0,9271897,-0,373897,-0,02138776,0,0,0,0,0,0,0,0,0,0,0,0,0,0,0,0,0,0,0,0,0,0,1,1,1,False
20,17386,-18,14552,1,72694,-27,46601,0,006545819,0,9302216,-0,3662971,-0,02171295,0,0,0,0,0,0,0,0,0,0,0,0,0,0,0,0,0,0,0,0,0,0,1,1,1,False
20,2253,-18,1451,1,730924,-27,46602,0,004566699,0,9338825,-0,3569477,-0,02076226,0,0,0,0,0,0,0,0,0,0,0,0,0,0,0,0,0,0,0,0,0,0,1,1,1,False
20,2758,-18,15165,1,736897,-27,58403,0,002829098,0,938432,-0,3448404,-0,02055258,0,0,0,0,0,0,0,0,0,0,0,0,0,0,0,0,0,0,0,0,0,0,1,1,1,False
20,3258,-18,15795,1,74187,-27,70218,0,001902684,0,9415847,-0,336195,-0,01968661,0,0,0,0,0,0,0,0,0,0,0,0,0,0,0,0,0,0,0,0,0,0,1,1,1,False
20,37502,-18,16408,1,745549,-27,82331,3,652414E-05,0,9444525,-0,3280662,-0,01954569,0,0,0,0,0,0,0,0,0,0,0,0,0,0,0,0,0,0,0,0,0,0,1,1,1,False
20,42489,-18,16981,1,74878,-27,94678,-0,0008039554,0,9472643,-0,3199437,-0,01804928,0,0,0,0,0,0,0,0,0,0,0,0,0,0,0,0,0,0,0,0,0,0,1,1,1,False
20,47557,-18,17539,1,760678,-28,07236,-0,0006275375,0,9498107,-0,3123461,-0,01729272,0,0,0,0,0,0,0,0,0,0,0,0,0,0,0,0,0,0,0,0,0,0,1,1,1,False
20,52771,-18,17017,1,776109,-28,2016,0,0005158563,0,9522139,-0,3049272,-0,01754607,0,0,0,0,0,0,0,0,0,0,0,0,0,0,0,0,0,0,0,0,0,0,1,1,1,False
20,58245,-18,16489,1,782839,-28,33744,0,001291939,0,9544001,-0,2979743,-0,01816665,0,0,0,0,0,0,0,0,0,0,0,0,0,0,0,0,0,0,0,0,0,0,1,1,1,False
20,6383,-18,1593,1,797333,-28,47611,0,001361599,0,9564849,-0,291203,-0,0183223,0,0,0,0,0,0,0,0,0,0,0,0,0,0,0,0,0,0,0,0,0,0,1,1,1,False
20,69478,-18,12947,1,814491,-28,6135,0,001367629,0,9588898,-0,2831886,-0,01824035,0,0,0,0,0,0,0,0,0,0,0,0,0,0,0,0,0,0,0,0,0,0,1,1,1,False
20,75234,-18,0994,1,85594,-28,75406,0,0008894131,0,9618933,-0,2728217,-0,01813519,0,0,0,0,0,0,0,0,0,0,0,0,0,0,0,0,0,0,0,0,0,0,1,1,1,False
20,81006,-18,06015,1,88591,-28,89253,0,001083517,0,9642629,-0,264332,-0,01801356,0,0,0,0,0,0,0,0,0,0,0,0,0,0,0,0,0,0,0,0,0,0,1,1,1,False
20,86886,-18,02008,1,917562,-29,0334,0,001252459,0,9662589,-0,256953,-0,01781329,0,0,0,0,0,0,0,0,0,0,0,0,0,0,0,0,0,0,0,0,0,0,1,1,1,False
20,92747,-17,96095,1,949039,-29,1669,0,001826379,0,9682523,-0,2493553,-0,01749457,0,0,0,0,0,0,0,0,0,0,0,0,0,0,0,0,0,0,0,0,0,0,1,1,1,False
20,98573,-17,9023,1,971148,-29,29947,0,002420771,0,9700785,-0,2420668,-0,01859001,0,0,0,0,0,0,0,0,0,0,0,0,0,0,0,0,0,0,0,0,0,0,1,1,1,False
21,04435,-17,84453,1,995405,-29,43323,0,003097733,0,9713652,-0,2366898,-0,02044609,0,0,0,0,0,0,0,0,0,0,0,0,0,0,0,0,0,0,0,0,0,0,1,1,1,False
21,10373,-17,78863,2,027685,-29,56909,0,003440426,0,9725269,-0,2315455,-0,02379691,0,0,0,0,0,0,0,0,0,0,0,0,0,0,0,0,0,0,0,0,0,0,1,1,1,False
21,16155,-17,75193,2,065031,-29,70624,0,003870114,0,9722049,-0,2315452,-0,03448857,0,0,0,0,0,0,0,0,0,0,0,0,0,0,0,0,0,0,0,0,0,0,1,1,1,False
21,21765,-17,7223,2,094155,-29,83927,0,003801674,0,9700667,-0,2379051,-0,04855234,0,0,0,0,0,0,0,0,0,0,0,0,0,0,0,0,0,0,0,0,0,0,1,1,1,False
21,26959,-17,74903,2,132012,-29,96295,0,004957924,0,9653168,-0,2518062,-0,06879438,0,0,0,0,0,0,0,0,0,0,0,0,0,0,0,0,0,0,0,0,0,0,1,1,1,False
21,31486,-17,77624,2,170015,-30,07134,0,003892056,0,9624387,-0,2578704,-0,08485021,0,0,0,0,0,0,0,0,0,0,0,0,0,0,0,0,0,0,0,0,0,0,1,1,1,False
21,362,-17,80882,2,21887,-30,18428,0,003773514,0,9611095,-0,2571059,-0,1007522,0,0,0,0,0,0,0,0,0,0,0,0,0,0,0,0,0,0,0,0,0,0,1,1,1,False
21,42146,-17,84948,2,291817,-30,32702,0,003864255,0,9605625,-0,2548067,-0,1112585,0,0,0,0,0,0,0,0,0,0,0,0,0,0,0,0,0,0,0,0,0,0,1,1,1,False
21,48143,-17,89127,2,36382,-30,47042,0,001725676,0,9601119,-0,2531621,-0,1187063,0,0,0,0,0,0,0,0,0,0,0,0,0,0,0,0,0,0,0,0,0,0,1,1,1,False
21,54073,-17,93181,2,439223,-30,61275,-0,001630852,0,9606443,-0,2502028,-0,1206586,0,0,0,0,0,0,0,0,0,0,0,0,0,0,0,0,0,0,0,0,0,0,1,1,1,False
21,60014,-17,97029,2,509168,-30,75635,-0,005221481,0,9619175,-0,2462566,-0,1185125,0,0,0,0,0,0,0,0,0,0,0,0,0,0,0,0,0,0,0,0,0,0,1,1,1,False
21,65992,-18,01356,2,593686,-30,89959,-0,007805398,0,9630501,-0,2438335,-0,1141006,0,0,0,0,0,0,0,0,0,0,0,0,0,0,0,0,0,0,0,0,0,0,1,1,1,False
21,7181,-18,05371,2,668334,-31,03947,-0,009671841,0,9634671,-0,2443527,-0,1092215,0,0,0,0,0,0,0,0,0,0,0,0,0,0,0,0,0,0,0,0,0,0,1,1,1,False
21,78461,-18,0982,2,750692,-31,1997,-0,01274369,0,9634556,-0,2467469,-0,1034741,0,0,0,0,0,0,0,0,0,0,0,0,0,0,0,0,0,0,0,0,0,0,1,1,1,False
21,85172,-18,14222,2,845549,-31,36173,-0,01574362,0,9631842,-0,2501588,-0,09720469,0,0,0,0,0,0,0,0,0,0,0,0,0,0,0,0,0,0,0,0,0,0,1,1,1,False
21,91117,-18,17919,2,926344,-31,50592,-0,01844176,0,9630442,-0,2528753,-0,09088362,0,0,0,0,0,0,0,0,0,0,0,0,0,0,0,0,0,0,0,0,0,0,1,1,1,False
21,96977,-18,21374,3,001814,-31,64861,-0,01989303,0,9629514,-0,2547655,-0,08616021,0,0,0,0,0,0,0,0,0,0,0,0,0,0,0,0,0,0,0,0,0,0,1,1,1,False
22,02363,-18,23882,3,075002,-31,78154,-0,02224108,0,962715,-0,2574853,-0,07991599,0,0,0,0,0,0,0,0,0,0,0,0,0,0,0,0,0,0,0,0,0,0,1,1,1,False
22,06871,-18,25539,3,145921,-31,89343,-0,02250902,0,9625731,-0,2591712,-0,0760057,0,0,0,0,0,0,0,0,0,0,0,0,0,0,0,0,0,0,0,0,0,0,1,1,1,False
22,10574,-18,26868,3,200983,-31,98544,-0,02163772,0,9624566,-0,2604947,-0,07315424,0,0,0,0,0,0,0,0,0,0,0,0,0,0,0,0,0,0,0,0,0,0,1,1,1,False
22,14204,-18,28136,3,238428,-32,07568,-0,02056174,0,9622487,-0,2619702,-0,07089576,0,0,0,0,0,0,0,0,0,0,0,0,0,0,0,0,0,0,0,0,0,0,1,1,1,False
22,1776,-18,29398,3,275415,-32,16395,-0,01961474,0,9620216,-0,2630946,-0,07007851,0,0,0,0,0,0,0,0,0,0,0,0,0,0,0,0,0,0,0,0,0,0,1,1,1,False
22,21211,-18,30617,3,329149,-32,24967,-0,01842742,0,9618497,-0,264082,-0,06903929,0,0,0,0,0,0,0,0,0,0,0,0,0,0,0,0,0,0,0,0,0,0,1,1,1,False
22,2461,-18,31833,3,385399,-32,33406,-0,01739708,0,9615997,-0,2650495,-0,06908056,0,0,0,0,0,0,0,0,0,0,0,0,0,0,0,0,0,0,0,0,0,0,1,1,1,False
22,27896,-18,33011,3,450037,-32,4156,-0,01674013,0,9615223,-0,2654734,-0,06869162,0,0,0,0,0,0,0,0,0,0,0,0,0,0,0,0,0,0,0,0,0,0,1,1,1,False
22,31443,-18,34278,3,491312,-32,50358,-0,01627709,0,9613906,-0,2660793,-0,06830082,0,0,0,0,0,0,0,0,0,0,0,0,0,0,0,0,0,0,0,0,0,0,1,1,1,False
22,356,-18,35761,3,502221,-32,6065,-0,01612945,0,9611714,-0,2669564,-0,06799719,0,0,0,0,0,0,0,0,0,0,0,0,0,0,0,0,0,0,0,0,0,0,1,1,1,False
22,39922,-18,37285,3,501988,-32,71364,-0,01601737,0,9610349,-0,2675897,-0,06746221,0,0,0,0,0,0,0,0,0,0,0,0,0,0,0,0,0,0,0,0,0,0,1,1,1,False
22,44195,-18,38786,3,501956,-32,81955,-0,01583561,0,9610177,-0,267841,-0,06674812,0,0,0,0,0,0,0,0,0,0,0,0,0,0,0,0,0,0,0,0,0,0,1,1,1,False
22,48543,-18,40298,3,501547,-32,92731,-0,01529473,0,9610283,-0,2680049,-0,06606085,0,0,0,0,0,0,0,0,0,0,0,0,0,0,0,0,0,0,0,0,0,0,1,1,1,False
22,53419,-18,41978,3,501014,-33,04809,-0,0147247,0,9609275,-0,2685863,-0,0652906,0,0,0,0,0,0,0,0,0,0,0,0,0,0,0,0,0,0,0,0,0,0,1,1,1,False
22,58023,-18,43534,3,479754,-33,16219,-0,01436563,0,960967,-0,2687095,-0,06427448,0,0,0,0,0,0,0,0,0,0,0,0,0,0,0,0,0,0,0,0,0,0,1,1,1,False
22,63111,-18,45254,3,43078,-33,2881,-0,01400376,0,9608198,-0,2694033,-0,06364824,0,0,0,0,0,0,0,0,0,0,0,0,0,0,0,0,0,0,0,0,0,0,1,1,1,False
22,6815,-18,46923,3,430188,-33,41293,-0,01364609,0,9607483,-0,269915,-0,06262943,0,0,0,0,0,0,0,0,0,0,0,0,0,0,0,0,0,0,0,0,0,0,1,1,1,False
22,74757,-18,49122,3,429723,-33,57655,-0,01356416,0,960704,-0,2702311,-0,06195989,0,0,0,0,0,0,0,0,0,0,0,0,0,0,0,0,0,0,0,0,0,0,1,1,1,False
22,83919,-18,52226,3,42954,-33,8037,-0,01321496,0,9610737,-0,2689225,-0,06199555,0,0,0,0,0,0,0,0,0,0,0,0,0,0,0,0,0,0,0,0,0,0,1,1,1,False
22,92632,-18,55218,3,429307,-34,01973,-0,01355375,0,9612662,-0,2680493,-0,06271489,0,0,0,0,0,0,0,0,0,0,0,0,0,0,0,0,0,0,0,0,0,0,1,1,1,False
22,99189,-18,5743,3,42941,-34,18219,-0,01391023,0,96183,-0,2661376,-0,0621324,0,0,0,0,0,0,0,0,0,0,0,0,0,0,0,0,0,0,0,0,0,0,1,1,1,False
23,05935,-18,59681,3,429702,-34,34929,-0,01410538,0,9625894,-0,2633907,-0,0620342,0,0,0,0,0,0,0,0,0,0,0,0,0,0,0,0,0,0,0,0,0,0,1,1,1,False
23,13708,-18,62229,3,430295,-34,54173,-0,01439343,0,9636393,-0,2596422,-0,0614662,0,0,0,0,0,0,0,0,0,0,0,0,0,0,0,0,0,0,0,0,0,0,1,1,1,False
23,19913,-18,64229,3,431335,-34,69529,-0,01493658,0,9648266,-0,2552823,-0,06097098,0,0,0,0,0,0,0,0,0,0,0,0,0,0,0,0,0,0,0,0,0,0,1,1,1,False
23,25621,-18,66021,3,432515,-34,83665,-0,01491775,0,9660627,-0,2508202,-0,05991391,0,0,0,0,0,0,0,0,0,0,0,0,0,0,0,0,0,0,0,0,0,0,1,1,1,False
23,30219,-18,67452,3,434794,-34,95121,-0,01575508,0,9685509,-0,2410288,-0,05971652,0,0,0,0,0,0,0,0,0,0,0,0,0,0,0,0,0,0,0,0,0,0,1,1,1,False
23,33761,-18,68541,3,436694,-35,03904,-0,01507637,0,9702747,-0,2341352,-0,05933291,0,0,0,0,0,0,0,0,0,0,0,0,0,0,0,0,0,0,0,0,0,0,1,1,1,False
23,36852,-18,69437,3,437886,-35,11541,-0,01476615,0,9711707,-0,2304545,-0,05916213,0,0,0,0,0,0,0,0,0,0,0,0,0,0,0,0,0,0,0,0,0,0,1,1,1,False
23,39703,-18,69947,3,438666,-35,18619,-0,0147367,0,9718075,-0,2278235,-0,05890243,0,0,0,0,0,0,0,0,0,0,0,0,0,0,0,0,0,0,0,0,0,0,1,1,1,False
23,42754,-18,70497,3,439271,-35,26203,-0,01460498,0,9723228,-0,2256659,-0,05873847,0,0,0,0,0,0,0,0,0,0,0,0,0,0,0,0,0,0,0,0,0,0,1,1,1,False
23,46288,-18,70859,3,440127,-35,34994,-0,01461675,0,9730356,-0,2225815,-0,05870034,0,0,0,0,0,0,0,0,0,0,0,0,0,0,0,0,0,0,0,0,0,0,1,1,1,False
23,49704,-18,71159,3,440402,-35,43503,-0,01407239,0,9733844,-0,2211335,-0,05852278,0,0,0,0,0,0,0,0,0,0,0,0,0,0,0,0,0,0,0,0,0,0,1,1,1,False
23,53168,-18,71343,3,440801,-35,52124,-0,01341658,0,9737788,-0,2194387,-0,05849388,0,0,0,0,0,0,0,0,0,0,0,0,0,0,0,0,0,0,0,0,0,0,1,1,1,False
23,58961,-18,71803,3,440916,-35,66552,-0,01277458,0,9740792,-0,2181319,-0,05852398,0,0,0,0,0,0,0,0,0,0,0,0,0,0,0,0,0,0,0,0,0,0,1,1,1,False
23,64979,-18,7213,3,440604,-35,81549,-0,01246559,0,9741258,-0,2179341,-0,05855118,0,0,0,0,0,0,0,0,0,0,0,0,0,0,0,0,0,0,0,0,0,0,1,1,1,False
23,70862,-18,72441,3,439863,-35,96223,-0,01201484,0,9739071,-0,2190945,-0,05795023,0,0,0,0,0,0,0,0,0,0,0,0,0,0,0,0,0,0,0,0,0,0,1,1,1,False
23,76872,-18,72835,3,438565,-36,11233,-0,01186034,0,9733088,-0,2217642,-0,05787826,0,0,0,0,0,0,0,0,0,0,0,0,0,0,0,0,0,0,0,0,0,0,1,1,1,False
23,82818,-18,73174,3,436483,-36,26101,-0,01216641,0,9721251,-0,2269199,-0,05772436,0,0,0,0,0,0,0,0,0,0,0,0,0,0,0,0,0,0,0,0,0,0,1,1,1,False
23,88723,-18,73529,3,434342,-36,40914,-0,01229123,0,9710801,-0,2313714,-0,05761555,0,0,0,0,0,0,0,0,0,0,0,0,0,0,0,0,0,0,0,0,0,0,1,1,1,False
23,94275,-18,73894,3,433004,-36,54854,-0,01228004,0,9705691,-0,233358,-0,05821421,0,0,0,0,0,0,0,0,0,0,0,0,0,0,0,0,0,0,0,0,0,0,1,1,1,False
23,99499,-18,74179,3,431889,-36,67952,-0,01214082,0,9699999,-0,2356929,-0,05832312,0,0,0,0,0,0,0,0,0,0,0,0,0,0,0,0,0,0,0,0,0,0,1,1,1,False
24,05506,-18,74638,3,430517,-36,83001,-0,0122611,0,9692919,-0,2385207,-0,0585731,0,0,0,0,0,0,0,0,0,0,0,0,0,0,0,0,0,0,0,0,0,0,1,1,1,False
24,1102,-18,75035,3,429623,-36,96815,-0,01235986,0,9690211,-0,2396757,-0,05831787,0,0,0,0,0,0,0,0,0,0,0,0,0,0,0,0,0,0,0,0,0,0,1,1,1,False
24,15808,-18,75385,3,428394,-37,0885,-0,01304232,0,9685103,-0,2416365,-0,05856068,0,0,0,0,0,0,0,0,0,0,0,0,0,0,0,0,0,0,0,0,0,0,1,1,1,False
24,19805,-18,75728,3,427616,-37,1886,-0,01301552,0,9682282,-0,2428947,-0,0580259,0,0,0,0,0,0,0,0,0,0,0,0,0,0,0,0,0,0,0,0,0,0,1,1,1,False
24,23058,-18,76013,3,426876,-37,2701,-0,01301003,0,9678557,-0,2443642,-0,05807246,0,0,0,0,0,0,0,0,0,0,0,0,0,0,0,0,0,0,0,0,0,0,1,1,1,False
24,26324,-18,76259,3,426452,-37,35183,-0,0131004,0,9677116,-0,2448516,-0,05839843,0,0,0,0,0,0,0,0,0,0,0,0,0,0,0,0,0,0,0,0,0,0,1,1,1,False
24,29847,-18,76532,3,437662,-37,43993,-0,01313157,0,9676772,-0,2448894,-0,0588012,0,0,0,0,0,0,0,0,0,0,0,0,0,0,0,0,0,0,0,0,0,0,1,1,1,False
24,33139,-18,76796,3,437491,-37,52214,-0,01293541,0,9676924,-0,2447413,-0,05920929,0,0,0,0,0,0,0,0,0,0,0,0,0,0,0,0,0,0,0,0,0,0,1,1,1,False
24,36919,-18,77112,3,437274,-37,61649,-0,01270757,0,9676542,-0,2447533,-0,05982955,0,0,0,0,0,0,0,0,0,0,0,0,0,0,0,0,0,0,0,0,0,0,1,1,1,False
24,40698,-18,77453,3,437,-37,71072,-0,01264353,0,9674982,-0,2451631,-0,06068295,0,0,0,0,0,0,0,0,0,0,0,0,0,0,0,0,0,0,0,0,0,0,1,1,1,False
24,44282,-18,77814,3,42418,-37,8,-0,01308635,0,9673328,-0,245458,-0,0620187,0,0,0,0,0,0,0,0,0,0,0,0,0,0,0,0,0,0,0,0,0,0,1,1,1,False
24,4811,-18,78528,3,395983,-37,89497,-0,01295689,0,9669323,-0,2459981,-0,06602244,0,0,0,0,0,0,0,0,0,0,0,0,0,0,0,0,0,0,0,0,0,0,1,1,1,False
24,52381,-18,79976,3,346374,-38,00001,-0,01038506,0,9657211,-0,2477167,-0,0768853,0,0,0,0,0,0,0,0,0,0,0,0,0,0,0,0,0,0,0,0,0,0,1,1,1,False
24,56216,-18,82133,3,286765,-38,09281,-0,001095455,0,9633271,-0,250684,-0,09569372,0,0,0,0,0,0,0,0,0,0,0,0,0,0,0,0,0,0,0,0,0,0,1,1,1,False
24,63325,-18,91066,3,168728,-38,24811,0,03088165,0,9498924,-0,2655617,-0,1619498,0,0,0,0,0,0,0,0,0,0,0,0,0,0,0,0,0,0,0,0,0,0,1,1,1,False
24,71918,-19,06215,3,164204,-38,40802,0,04038792,0,9285468,-0,2820214,-0,2379779,0,0,0,0,0,0,0,0,0,0,0,0,0,0,0,0,0,0,0,0,0,0,1,1,1,False
24,79299,-19,22021,3,106956,-38,51772,0,02833057,0,9076161,-0,2931454,-0,2991593,0,0,0,0,0,0,0,0,0,0,0,0,0,0,0,0,0,0,0,0,0,0,1,1,1,False
24,85284,-19,33495,3,023544,-38,58502,0,01113034,0,8902251,-0,301425,-0,3413479,0,0,0,0,0,0,0,0,0,0,0,0,0,0,0,0,0,0,0,0,0,0,1,1,1,False
24,91011,-19,4137,2,994071,-38,63036,-0,005789775,0,8768491,-0,3101645,-0,3672877,0,0,0,0,0,0,0,0,0,0,0,0,0,0,0,0,0,0,0,0,0,0,1,1,1,False
24,97824,-19,47522,2,95923,-38,66467,-0,0305736,0,8639044,-0,3244267,-0,3840338,0,0,0,0,0,0,0,0,0,0,0,0,0,0,0,0,0,0,0,0,0,0,1,1,1,False
25,03459,-19,51054,2,937866,-38,68586,-0,04927273,0,8578143,-0,3369009,-0,3849995,0,0,0,0,0,0,0,0,0,0,0,0,0,0,0,0,0,0,0,0,0,0,1,1,1,False
25,08944,-19,53577,2,913016,-38,7007,-0,0683329,0,8519129,-0,3534415,-0,3803343,0,0,0,0,0,0,0,0,0,0,0,0,0,0,0,0,0,0,0,0,0,0,1,1,1,False
25,13418,-19,551,2,890879,-38,71109,-0,07917011,0,8493172,-0,3655728,-0,3724903,0,0,0,0,0,0,0,0,0,0,0,0,0,0,0,0,0,0,0,0,0,0,1,1,1,False
25,17166,-19,56335,2,885631,-38,71814,-0,08000473,0,8476641,-0,3781575,-0,3634031,0,0,0,0,0,0,0,0,0,0,0,0,0,0,0,0,0,0,0,0,0,0,1,1,1,False
25,20217,-19,56547,2,883228,-38,7177,-0,0800596,0,845829,-0,3836631,-0,3618928,0,0,0,0,0,0,0,0,0,0,0,0,0,0,0,0,0,0,0,0,0,0,1,1,1,False
25,23334,-19,56737,2,88215,-38,71701,-0,07987435,0,8437487,-0,3861346,-0,3641542,0,0,0,0,0,0,0,0,0,0,0,0,0,0,0,0,0,0,0,0,0,0,1,1,1,False
25,26402,-19,56948,2,88153,-38,71622,-0,08133793,0,8419296,-0,3884898,-0,365533,0,0,0,0,0,0,0,0,0,0,0,0,0,0,0,0,0,0,0,0,0,0,1,1,1,False
25,29447,-19,57147,2,881474,-38,71555,-0,08011052,0,8398302,-0,3889055,-0,3701622,0,0,0,0,0,0,0,0,0,0,0,0,0,0,0,0,0,0,0,0,0,0,1,1,1,False
25,32531,-19,57363,2,881788,-38,71508,-0,08046464,0,838411,-0,3894098,-0,3727634,0,0,0,0,0,0,0,0,0,0,0,0,0,0,0,0,0,0,0,0,0,0,1,1,1,False
25,35695,-19,57521,2,882356,-38,71507,-0,07967288,0,8379323,-0,3881532,-0,3753114,0,0,0,0,0,0,0,0,0,0,0,0,0,0,0,0,0,0,0,0,0,0,1,1,1,False
25,38997,-19,576,2,883577,-38,71564,-0,0806161,0,8383291,-0,3855503,-0,3769037,0,0,0,0,0,0,0,0,0,0,0,0,0,0,0,0,0,0,0,0,0,0,1,1,1,False
25,43038,-19,57499,2,886166,-38,71825,-0,08488914,0,8432468,-0,37688,-0,3737515,0,0,0,0,0,0,0,0,0,0,0,0,0,0,0,0,0,0,0,0,0,0,1,1,1,False
25,47287,-19,57114,2,889375,-38,72411,-0,0952119,0,8545805,-0,3627082,-0,3592626,0,0,0,0,0,0,0,0,0,0,0,0,0,0,0,0,0,0,0,0,0,0,1,1,1,False
25,51631,-19,56343,2,873072,-38,73217,-0,1139995,0,8699795,-0,3483981,-0,3297856,0,0,0,0,0,0,0,0,0,0,0,0,0,0,0,0,0,0,0,0,0,0,1,1,1,False
25,55932,-19,5492,2,875367,-38,74403,-0,137804,0,8914174,-0,3308252,-0,2773802,0,0,0,0,0,0,0,0,0,0,0,0,0,0,0,0,0,0,0,0,0,0,1,1,1,False
25,60469,-19,53925,2,877706,-38,76991,-0,1583794,0,9085277,-0,3191458,-0,2182642,0,0,0,0,0,0,0,0,0,0,0,0,0,0,0,0,0,0,0,0,0,0,1,1,1,False
25,65222,-19,52811,2,858124,-38,79522,-0,1683796,0,9207585,-0,313338,-0,1602231,0,0,0,0,0,0,0,0,0,0,0,0,0,0,0,0,0,0,0,0,0,0,1,1,1,False
25,70345,-19,52243,2,828716,-38,8188,-0,1925243,0,9247081,-0,2961907,-0,1418471,0,0,0,0,0,0,0,0,0,0,0,0,0,0,0,0,0,0,0,0,0,0,1,1,1,False
25,75388,-19,50588,2,831711,-38,84736,-0,23944,0,9297222,-0,2586713,-0,10665,0,0,0,0,0,0,0,0,0,0,0,0,0,0,0,0,0,0,0,0,0,0,1,1,1,False
25,80898,-19,48624,2,834973,-38,87863,-0,2890019,0,9308011,-0,2125658,-0,07002159,0,0,0,0,0,0,0,0,0,0,0,0,0,0,0,0,0,0,0,0,0,0,1,1,1,False
25,86422,-19,46512,2,808368,-38,91012,-0,3371904,0,9269991,-0,1605335,-0,03470325,0,0,0,0,0,0,0,0,0,0,0,0,0,0,0,0,0,0,0,0,0,0,1,1,1,False
25,92305,-19,44219,2,781057,-38,94345,-0,3846456,0,9175198,-0,1010208,0,0001279414,0,0,0,0,0,0,0,0,0,0,0,0,0,0,0,0,0,0,0,0,0,0,1,1,1,False
25,98189,-19,4194,2,76745,-38,97654,-0,4274229,0,9026651,-0,03849557,0,03199257,0,0,0,0,0,0,0,0,0,0,0,0,0,0,0,0,0,0,0,0,0,0,1,1,1,False
26,04438,-19,39746,2,748222,-39,01051,-0,4643996,0,8832184,0,02466501,0,06041405,0,0,0,0,0,0,0,0,0,0,0,0,0,0,0,0,0,0,0,0,0,0,1,1,1,False
26,10696,-19,37685,2,751354,-39,04406,-0,4955659,0,8599188,0,08729381,0,0856377,0,0,0,0,0,0,0,0,0,0,0,0,0,0,0,0,0,0,0,0,0,0,1,1,1,False
26,16051,-19,35791,2,726242,-39,07391,-0,521266,0,8333266,0,1488682,0,1081058,0,0,0,0,0,0,0,0,0,0,0,0,0,0,0,0,0,0,0,0,0,0,1,1,1,False
26,21302,-19,34132,2,729015,-39,10259,-0,5410154,0,8053033,0,206328,0,127348,0,0,0,0,0,0,0,0,0,0,0,0,0,0,0,0,0,0,0,0,0,0,1,1,1,False
26,25661,-19,32456,2,713361,-39,1286,-0,5577591,0,7717259,0,268111,0,1464938,0,0,0,0,0,0,0,0,0,0,0,0,0,0,0,0,0,0,0,0,0,0,1,1,1,False
26,29265,-19,31115,2,715924,-39,15031,-0,5683478,0,7401389,0,3209279,0,1618045,0,0,0,0,0,0,0,0,0,0,0,0,0,0,0,0,0,0,0,0,0,0,1,1,1,False
26,32416,-19,30033,2,708435,-39,16912,-0,574687,0,7104034,0,3669064,0,1744753,0,0,0,0,0,0,0,0,0,0,0,0,0,0,0,0,0,0,0,0,0,0,1,1,1,False
26,3507,-19,29296,2,695056,-39,18418,-0,5776402,0,6863555,0,4018448,0,1837627,0,0,0,0,0,0,0,0,0,0,0,0,0,0,0,0,0,0,0,0,0,0,1,1,1,False
26,37652,-19,28628,2,6968,-39,1987,-0,5789046,0,6611798,0,4365327,0,192743,0,0,0,0,0,0,0,0,0,0,0,0,0,0,0,0,0,0,0,0,0,0,1,1,1,False
26,40187,-19,28171,2,692014,-39,21188,-0,5786007,0,6385487,0,4662257,0,2002758,0,0,0,0,0,0,0,0,0,0,0,0,0,0,0,0,0,0,0,0,0,0,1,1,1,False
26,42882,-19,27831,2,679714,-39,22499,-0,5769679,0,6151012,0,4956301,0,207628,0,0,0,0,0,0,0,0,0,0,0,0,0,0,0,0,0,0,0,0,0,0,1,1,1,False
26,45417,-19,27481,2,681365,-39,23719,-0,5737143,0,5891635,0,5266685,0,21531,0,0,0,0,0,0,0,0,0,0,0,0,0,0,0,0,0,0,0,0,0,0,1,1,1,False
26,48039,-19,27359,2,676079,-39,24797,-0,5695505,0,5657158,0,5534732,0,2219127,0,0,0,0,0,0,0,0,0,0,0,0,0,0,0,0,0,0,0,0,0,0,1,1,1,False
26,50587,-19,27278,2,664639,-39,25748,-0,5640857,0,5414376,0,5800494,0,2284631,0,0,0,0,0,0,0,0,0,0,0,0,0,0,0,0,0,0,0,0,0,0,1,1,1,False
26,53275,-19,27257,2,647064,-39,26603,0,5569718,-0,5153578,-0,6073345,-0,2352311,0,0,0,0,0,0,0,0,0,0,0,0,0,0,0,0,0,0,0,0,0,0,1,1,1,False
26,55783,-19,27181,2,648695,-39,27303,0,548179,-0,4879813,-0,6346377,-0,2420931,0,0,0,0,0,0,0,0,0,0,0,0,0,0,0,0,0,0,0,0,0,0,1,1,1,False
26,58282,-19,27219,2,650151,-39,2781,0,5391094,-0,4632474,-0,6581771,-0,2481242,0,0,0,0,0,0,0,0,0,0,0,0,0,0,0,0,0,0,0,0,0,0,1,1,1,False
26,60628,-19,27096,2,651774,-39,28241,0,5277008,-0,4355019,-0,6833551,-0,2547465,0,0,0,0,0,0,0,0,0,0,0,0,0,0,0,0,0,0,0,0,0,0,1,1,1,False
26,63183,-19,27031,2,653386,-39,28537,-0,5150206,0,4077694,0,7072634,0,2612594,0,0,0,0,0,0,0,0,0,0,0,0,0,0,0,0,0,0,0,0,0,0,1,1,1,False
26,66143,-19,26967,2,655162,-39,28716,-0,4995309,0,3770964,0,7322789,0,2683932,0,0,0,0,0,0,0,0,0,0,0,0,0,0,0,0,0,0,0,0,0,0,1,1,1,False
26,69054,-19,49794,2,595134,-39,11956,-0,4995309,0,3770964,0,7322789,0,2683932,0,0,0,0,0,0,0,0,0,0,0,0,0,0,0,0,0,0,0,0,0,0,1,1,1,False
26,72345,-19,41381,2,657901,-39,12257,-0,4995309,0,3770964,0,7322789,0,2683932,0,0,0,0,0,0,0,0,0,0,0,0,0,0,0,0,0,0,0,0,0,0,1,1,1,False
26,75533,-19,33461,2,66743,-39,114,-0,4995309,0,3770964,0,7322789,0,2683932,0,0,0,0,0,0,0,0,0,0,0,0,0,0,0,0,0,0,0,0,0,0,1,1,1,False
26,78783,-19,25499,2,680923,-39,09759,-0,4995309,0,3770964,0,7322789,0,2683932,0,0,0,0,0,0,0,0,0,0,0,0,0,0,0,0,0,0,0,0,0,0,1,1,1,False
26,82068,-19,17519,2,696414,-39,07751,-0,4995309,0,3770964,0,7322789,0,2683932,0,0,0,0,0,0,0,0,0,0,0,0,0,0,0,0,0,0,0,0,0,0,1,1,1,False
26,85295,-19,09846,2,71497,-39,05088,-0,4995309,0,3770964,0,7322789,0,2683932,0,0,0,0,0,0,0,0,0,0,0,0,0,0,0,0,0,0,0,0,0,0,1,1,1,False
26,89126,-19,0207,2,732332,-39,02155,-0,4995309,0,3770964,0,7322789,0,2683932,0,0,0,0,0,0,0,0,0,0,0,0,0,0,0,0,0,0,0,0,0,0,1,1,1,False
26,9246,-19,00946,2,732519,-39,02472,-0,4995309,0,3770964,0,7322789,0,2683932,0,0,0,0,0,0,0,0,0,0,0,0,0,0,0,0,0,0,0,0,0,0,1,1,1,False
26,95777,-19,00909,2,732674,-39,02495,-0,4995309,0,3770964,0,7322789,0,2683932,0,0,0,0,0,0,0,0,0,0,0,0,0,0,0,0,0,0,0,0,0,0,1,1,1,False
26,98904,-19,00864,2,732771,-39,02513,-0,4995309,0,3770964,0,7322789,0,2683932,0,0,0,0,0,0,0,0,0,0,0,0,0,0,0,0,0,0,0,0,0,0,1,1,1,False
27,01929,-19,00817,2,732836,-39,02528,-0,4995309,0,3770964,0,7322789,0,2683932,0,0,0,0,0,0,0,0,0,0,0,0,0,0,0,0,0,0,0,0,0,0,1,1,1,False
27,0501,-19,00785,2,732917,-39,02542,-0,03932598,0,9340382,-0,3505769,-0,05587415,0,0,0,0,0,0,0,0,0,0,0,0,0,0,0,0,0,0,0,0,0,0,1,1,1,False
27,08035,-19,00754,2,733099,-39,02562,-0,0392547,0,934257,-0,3500642,-0,0554805,0,0,0,0,0,0,0,0,0,0,0,0,0,0,0,0,0,0,0,0,0,0,1,1,1,False
27,11168,-19,00732,2,733371,-39,02581,-0,03898667,0,9345128,-0,3494627,-0,05515055,0,0,0,0,0,0,0,0,0,0,0,0,0,0,0,0,0,0,0,0,0,0,1,1,1,False
27,14981,-19,00717,2,733755,-39,02602,-0,0386547,0,9348747,-0,3485741,-0,05487456,0,0,0,0,0,0,0,0,0,0,0,0,0,0,0,0,0,0,0,0,0,0,1,1,1,False
27,19027,-19,0071,2,734145,-39,02618,-0,03825273,0,9352202,-0,3476464,-0,05515327,0,0,0,0,0,0,0,0,0,0,0,0,0,0,0,0,0,0,0,0,0,0,1,1,1,False
27,23171,-19,00712,2,73454,-39,02622,-0,03772201,0,9354932,-0,3469455,-0,05530341,0,0,0,0,0,0,0,0,0,0,0,0,0,0,0,0,0,0,0,0,0,0,1,1,1,False
27,27336,-19,00717,2,735167,-39,02632,-0,03761817,0,9360404,-0,3453666,-0,05599314,0,0,0,0,0,0,0,0,0,0,0,0,0,0,0,0,0,0,0,0,0,0,1,1,1,False
27,31596,-19,00725,2,736193,-39,0266,-0,03751943,0,9370639,-0,3425305,-0,05635924,0,0,0,0,0,0,0,0,0,0,0,0,0,0,0,0,0,0,0,0,0,0,1,1,1,False
27,35861,-19,00747,2,737889,-39,02732,-0,03712074,0,9391785,-0,3366328,-0,05695697,0,0,0,0,0,0,0,0,0,0,0,0,0,0,0,0,0,0,0,0,0,0,1,1,1,False
27,40361,-19,00748,2,739527,-39,02747,-0,03676667,0,9405958,-0,3326528,-0,05718343,0,0,0,0,0,0,0,0,0,0,0,0,0,0,0,0,0,0,0,0,0,0,1,1,1,False
27,45143,-19,00742,2,740948,-39,02718,-0,0364489,0,9413811,-0,3305115,-0,05687941,0,0,0,0,0,0,0,0,0,0,0,0,0,0,0,0,0,0,0,0,0,0,1,1,1,False
27,49319,-19,00749,2,74232,-39,02706,-0,03638703,0,9424415,-0,3274886,-0,05684443,0,0,0,0,0,0,0,0,0,0,0,0,0,0,0,0,0,0,0,0,0,0,1,1,1,False
27,53556,-19,00758,2,743479,-39,02689,-0,03603264,0,9434069,-0,3247866,-0,0565583,0,0,0,0,0,0,0,0,0,0,0,0,0,0,0,0,0,0,0,0,0,0,1,1,1,False
27,57598,-19,0077,2,744267,-39,02669,-0,03590938,0,9439859,-0,3230139,-0,05712314,0,0,0,0,0,0,0,0,0,0,0,0,0,0,0,0,0,0,0,0,0,0,1,1,1,False
27,6207,-19,00784,2,745086,-39,02629,-0,03583654,0,944533,-0,321495,-0,05669393,0,0,0,0,0,0,0,0,0,0,0,0,0,0,0,0,0,0,0,0,0,0,1,1,1,False
27,70852,-19,00305,2,74542,-39,20489,-0,03545675,0,9449658,-0,3201565,-0,05728956,0,0,0,0,0,0,0,0,0,0,0,0,0,0,0,0,0,0,0,0,0,0,1,1,1,False
27,79929,-18,98523,2,664632,-39,43036,-0,03540216,0,9453935,-0,3187553,-0,05807682,0,0,0,0,0,0,0,0,0,0,0,0,0,0,0,0,0,0,0,0,0,0,1,1,1,False
27,87518,-18,98466,2,540478,-39,61882,-0,03593768,0,9456465,-0,3177828,-0,05895262,0,0,0,0,0,0,0,0,0,0,0,0,0,0,0,0,0,0,0,0,0,0,1,1,1,False
27,93696,-19,00063,2,443815,-39,76989,-0,03623776,0,9457988,-0,317362,-0,05859013,0,0,0,0,0,0,0,0,0,0,0,0,0,0,0,0,0,0,0,0,0,0,1,1,1,False
28,01289,-19,04029,2,443118,-39,9517,-0,03625653,0,9456556,-0,317679,-0,05916775,0,0,0,0,0,0,0,0,0,0,0,0,0,0,0,0,0,0,0,0,0,0,1,1,1,False
28,08648,-19,10798,2,389168,-40,12298,-0,03680268,0,9457529,-0,3172819,-0,05940745,0,0,0,0,0,0,0,0,0,0,0,0,0,0,0,0,0,0,0,0,0,0,1,1,1,False
28,14824,-19,15271,2,30645,-40,26983,-0,03668676,0,9456361,-0,317678,-0,05922214,0,0,0,0,0,0,0,0,0,0,0,0,0,0,0,0,0,0,0,0,0,0,1,1,1,False
28,19694,-19,18274,2,305816,-40,38708,-0,03632689,0,9455439,-0,3180212,-0,05907238,0,0,0,0,0,0,0,0,0,0,0,0,0,0,0,0,0,0,0,0,0,0,1,1,1,False
28,2357,-19,19386,2,290684,-40,48348,-0,03641882,0,9454736,-0,3182098,-0,05912703,0,0,0,0,0,0,0,0,0,0,0,0,0,0,0,0,0,0,0,0,0,0,1,1,1,False
28,26682,-19,20274,2,269014,-40,56086,-0,03619547,0,9454032,-0,3185013,-0,05881803,0,0,0,0,0,0,0,0,0,0,0,0,0,0,0,0,0,0,0,0,0,0,1,1,1,False
28,29569,-19,21103,2,240788,-40,63263,-0,0360319,0,9453884,-0,3185478,-0,05890469,0,0,0,0,0,0,0,0,0,0,0,0,0,0,0,0,0,0,0,0,0,0,1,1,1,False
28,32324,-19,219,2,206497,-40,7011,-0,03588154,0,9454294,-0,318433,-0,05896043,0,0,0,0,0,0,0,0,0,0,0,0,0,0,0,0,0,0,0,0,0,0,1,1,1,False
28,35576,-19,2284,2,206285,-40,78186,-0,03566286,0,9454499,-0,3183905,-0,05899347,0,0,0,0,0,0,0,0,0,0,0,0,0,0,0,0,0,0,0,0,0,0,1,1,1,False
28,38728,-19,23757,2,206129,-40,86007,-0,03555667,0,9454559,-0,3183242,-0,05931686,0,0,0,0,0,0,0,0,0,0,0,0,0,0,0,0,0,0,0,0,0,0,1,1,1,False
28,4223,-19,2478,2,206019,-40,94701,-0,03535318,0,9455432,-0,3180952,-0,0592769,0,0,0,0,0,0,0,0,0,0,0,0,0,0,0,0,0,0,0,0,0,0,1,1,1,False
28,4707,-19,26202,2,205915,-41,06711,-0,0350088,0,9457393,-0,3175095,-0,05949257,0,0,0,0,0,0,0,0,0,0,0,0,0,0,0,0,0,0,0,0,0,0,1,1,1,False
28,53147,-19,27991,2,169453,-41,21788,-0,03463054,0,9459924,-0,3167889,-0,05953157,0,0,0,0,0,0,0,0,0,0,0,0,0,0,0,0,0,0,0,0,0,0,1,1,1,False
28,58833,-19,29692,2,169459,-41,35896,-0,03415089,0,9462321,-0,3160067,-0,06015302,0,0,0,0,0,0,0,0,0,0,0,0,0,0,0,0,0,0,0,0,0,0,1,1,1,False
28,64654,-19,3142,2,16983,-41,5033,-0,03428036,0,9468387,-0,3141749,-0,06012939,0,0,0,0,0,0,0,0,0,0,0,0,0,0,0,0,0,0,0,0,0,0,1,1,1,False
28,70403,-19,3312,2,17017,-41,64575,-0,034042,0,9473921,-0,3125331,-0,06010292,0,0,0,0,0,0,0,0,0,0,0,0,0,0,0,0,0,0,0,0,0,0,1,1,1,False
28,76121,-19,34809,2,170841,-41,78734,-0,03384284,0,9482648,-0,3099322,-0,05992258,0,0,0,0,0,0,0,0,0,0,0,0,0,0,0,0,0,0,0,0,0,0,1,1,1,False
28,81991,-19,36554,2,172071,-41,93275,-0,03339684,0,9494958,-0,3061578,-0,06008206,0,0,0,0,0,0,0,0,0,0,0,0,0,0,0,0,0,0,0,0,0,0,1,1,1,False
28,87219,-19,38159,2,174,-42,0624,-0,0330265,0,9511732,-0,3006917,-0,06134537,0,0,0,0,0,0,0,0,0,0,0,0,0,0,0,0,0,0,0,0,0,0,1,1,1,False
28,92471,-19,39801,2,176026,-42,19252,-0,0326658,0,9529229,-0,2949902,-0,06206169,0,0,0,0,0,0,0,0,0,0,0,0,0,0,0,0,0,0,0,0,0,0,1,1,1,False
28,9833,-19,41698,2,179121,-42,33758,-0,03204479,0,9553884,-0,2865793,-0,06386305,0,0,0,0,0,0,0,0,0,0,0,0,0,0,0,0,0,0,0,0,0,0,1,1,1,False
29,03377,-19,44284,2,183784,-42,46183,-0,03113949,0,9596395,-0,2714939,-0,06643323,0,0,0,0,0,0,0,0,0,0,0,0,0,0,0,0,0,0,0,0,0,0,1,1,1,False
29,07647,-19,46852,2,19076,-42,56649,-0,02851446,0,9655269,-0,2489968,-0,07032315,0,0,0,0,0,0,0,0,0,0,0,0,0,0,0,0,0,0,0,0,0,0,1,1,1,False
29,11237,-19,49081,2,196621,-42,65322,-0,02483194,0,9696003,-0,2320536,-0,0735516,0,0,0,0,0,0,0,0,0,0,0,0,0,0,0,0,0,0,0,0,0,0,1,1,1,False
29,14367,-19,51056,2,201179,-42,72757,-0,02217364,0,97196,-0,2212235,-0,07656534,0,0,0,0,0,0,0,0,0,0,0,0,0,0,0,0,0,0,0,0,0,0,1,1,1,False
29,17065,-19,52771,2,204524,-42,79099,-0,02070132,0,9734332,-0,2139121,-0,0789994,0,0,0,0,0,0,0,0,0,0,0,0,0,0,0,0,0,0,0,0,0,0,1,1,1,False
29,20161,-19,5479,2,20718,-42,86414,-0,02018716,0,9747127,-0,2071818,-0,08126052,0,0,0,0,0,0,0,0,0,0,0,0,0,0,0,0,0,0,0,0,0,0,1,1,1,False
29,23293,-19,56846,2,209129,-42,9385,-0,01957739,0,9758056,-0,2015225,-0,0825156,0,0,0,0,0,0,0,0,0,0,0,0,0,0,0,0,0,0,0,0,0,0,1,1,1,False
29,26669,-19,59066,2,211922,-43,0178,-0,01875773,0,9771507,-0,1943503,-0,08398005,0,0,0,0,0,0,0,0,0,0,0,0,0,0,0,0,0,0,0,0,0,0,1,1,1,False
29,30425,-19,61482,2,214285,-43,1063,-0,01842829,0,978303,-0,1881908,-0,08466398,0,0,0,0,0,0,0,0,0,0,0,0,0,0,0,0,0,0,0,0,0,0,1,1,1,False
29,34329,-19,64042,2,216932,-43,19803,-0,01749963,0,9795307,-0,1814459,-0,08538657,0,0,0,0,0,0,0,0,0,0,0,0,0,0,0,0,0,0,0,0,0,0,1,1,1,False
29,38112,-19,66572,2,218949,-43,28711,-0,01648089,0,9804662,-0,1762593,-0,08571517,0,0,0,0,0,0,0,0,0,0,0,0,0,0,0,0,0,0,0,0,0,0,1,1,1,False
29,42052,-19,69146,2,220567,-43,38034,-0,0161949,0,9811416,-0,1722878,-0,08611491,0,0,0,0,0,0,0,0,0,0,0,0,0,0,0,0,0,0,0,0,0,0,1,1,1,False
29,45801,-19,71596,2,222305,-43,46873,-0,01600849,0,9818597,-0,1679151,-0,0866015,0,0,0,0,0,0,0,0,0,0,0,0,0,0,0,0,0,0,0,0,0,0,1,1,1,False
29,49539,-19,73833,2,223472,-43,55766,-0,01596524,0,9823906,-0,1646253,-0,08690391,0,0,0,0,0,0,0,0,0,0,0,0,0,0,0,0,0,0,0,0,0,0,1,1,1,False
29,53572,-19,75803,2,224513,-43,65465,-0,01661922,0,9828148,-0,1620188,-0,08688359,0,0,0,0,0,0,0,0,0,0,0,0,0,0,0,0,0,0,0,0,0,0,1,1,1,False
29,58054,-19,7766,2,224577,-43,76324,-0,01648909,0,9828897,-0,162534,-0,08508086,0,0,0,0,0,0,0,0,0,0,0,0,0,0,0,0,0,0,0,0,0,0,1,1,1,False
29,62213,-19,79322,2,223537,-43,86401,-0,01685804,0,9822837,-0,1671599,-0,08301893,0,0,0,0,0,0,0,0,0,0,0,0,0,0,0,0,0,0,0,0,0,0,1,1,1,False
29,66902,-19,81109,2,220806,-43,9777,-0,01783009,0,9805065,-0,1785398,-0,08007905,0,0,0,0,0,0,0,0,0,0,0,0,0,0,0,0,0,0,0,0,0,0,1,1,1,False
29,71811,-19,82845,2,216252,-44,09671,-0,02025966,0,9772544,-0,1970168,-0,07581471,0,0,0,0,0,0,0,0,0,0,0,0,0,0,0,0,0,0,0,0,0,0,1,1,1,False
29,76212,-19,84226,2,209947,-44,20357,-0,0242027,0,9727847,-0,2194274,-0,07039691,0,0,0,0,0,0,0,0,0,0,0,0,0,0,0,0,0,0,0,0,0,0,1,1,1,False
29,80644,-19,85543,2,20579,-44,31314,-0,0280138,0,9707986,-0,228968,-0,06587064,0,0,0,0,0,0,0,0,0,0,0,0,0,0,0,0,0,0,0,0,0,0,1,1,1,False
29,85048,-19,86832,2,205384,-44,424,-0,02843522,0,97227,-0,2236587,-0,06212328,0,0,0,0,0,0,0,0,0,0,0,0,0,0,0,0,0,0,0,0,0,0,1,1,1,False
29,89544,-19,88111,2,205319,-44,53641,-0,0257985,0,9727976,-0,2224838,-0,05916263,0,0,0,0,0,0,0,0,0,0,0,0,0,0,0,0,0,0,0,0,0,0,1,1,1,False
29,94009,-19,8904,2,204994,-44,64779,-0,02408302,0,9723013,-0,2249456,-0,05873317,0,0,0,0,0,0,0,0,0,0,0,0,0,0,0,0,0,0,0,0,0,0,1,1,1,False
29,98477,-19,9001,2,204581,-44,75926,-0,02354664,0,9716947,-0,2275784,-0,05884743,0,0,0,0,0,0,0,0,0,0,0,0,0,0,0,0,0,0,0,0,0,0,1,1,1,False
30,02648,-19,909,2,204398,-44,86374,-0,0235456,0,9715534,-0,2279176,-0,05986049,0,0,0,0,0,0,0,0,0,0,0,0,0,0,0,0,0,0,0,0,0,0,1,1,1,False
30,0704,-19,91758,2,204179,-44,97392,-0,02355594,0,9717052,-0,2269855,-0,060924,0,0,0,0,0,0,0,0,0,0,0,0,0,0,0,0,0,0,0,0,0,0,1,1,1,False
30,12409,-19,92896,2,203458,-45,10865,-0,02342919,0,9715484,-0,2274267,-0,06182218,0,0,0,0,0,0,0,0,0,0,0,0,0,0,0,0,0,0,0,0,0,0,1,1,1,False
30,19216,-19,94099,2,202354,-45,27929,-0,0235465,0,9711561,-0,2292743,-0,06111206,0,0,0,0,0,0,0,0,0,0,0,0,0,0,0,0,0,0,0,0,0,0,1,1,1,False
30,26076,-19,95265,2,201523,-45,45118,-0,02377658,0,9710553,-0,2298778,-0,06035364,0,0,0,0,0,0,0,0,0,0,0,0,0,0,0,0,0,0,0,0,0,0,1,1,1,False
30,32105,-19,96207,2,200979,-45,60212,-0,02376133,0,971085,-0,2299885,-0,05945259,0,0,0,0,0,0,0,0,0,0,0,0,0,0,0,0,0,0,0,0,0,0,1,1,1,False
30,37117,-19,96992,2,200201,-45,7275,-0,02370154,0,9709957,-0,2304612,-0,05910239,0,0,0,0,0,0,0,0,0,0,0,0,0,0,0,0,0,0,0,0,0,0,1,1,1,False
30,43732,-19,98051,2,199555,-45,89274,-0,02392581,0,9708528,-0,2309536,-0,05943777,0,0,0,0,0,0,0,0,0,0,0,0,0,0,0,0,0,0,0,0,0,0,1,1,1,False
30,49975,-19,9913,2,199142,-46,04869,-0,0237266,0,9709778,-0,2303962,-0,05963784,0,0,0,0,0,0,0,0,0,0,0,0,0,0,0,0,0,0,0,0,0,0,1,1,1,False
30,55448,-20,00117,2,198677,-46,1852,-0,02354359,0,970943,-0,2302603,-0,06079143,0,0,0,0,0,0,0,0,0,0,0,0,0,0,0,0,0,0,0,0,0,0,1,1,1,False
30,5979,-20,00942,2,198258,-46,29338,-0,02377847,0,9709536,-0,230122,-0,06105387,0,0,0,0,0,0,0,0,0,0,0,0,0,0,0,0,0,0,0,0,0,0,1,1,1,False
30,63139,-20,0157,2,197972,-46,37675,-0,02414273,0,9709345,-0,2301374,-0,06115682,0,0,0,0,0,0,0,0,0,0,0,0,0,0,0,0,0,0,0,0,0,0,1,1,1,False
30,65904,-20,02085,2,197907,-46,44561,-0,02432312,0,971042,-0,229749,-0,06083702,0,0,0,0,0,0,0,0,0,0,0,0,0,0,0,0,0,0,0,0,0,0,1,1,1,False
30,68194,-20,02518,2,197846,-46,50271,-0,02457292,0,9710906,-0,2294107,-0,06123792,0,0,0,0,0,0,0,0,0,0,0,0,0,0,0,0,0,0,0,0,0,0,1,1,1,False
30,71342,-20,03115,2,197729,-46,58117,-0,02449806,0,9711582,-0,2291525,-0,06116176,0,0,0,0,0,0,0,0,0,0,0,0,0,0,0,0,0,0,0,0,0,0,1,1,1,False
30,7477,-20,03707,2,197511,-46,66666,-0,02421051,0,9711754,-0,2290719,-0,06130514,0,0,0,0,0,0,0,0,0,0,0,0,0,0,0,0,0,0,0,0,0,0,1,1,1,False
30,7856,-20,04461,2,197226,-46,76112,-0,02406817,0,9711347,-0,2290577,-0,06205349,0,0,0,0,0,0,0,0,0,0,0,0,0,0,0,0,0,0,0,0,0,0,1,1,1,False
30,82383,-20,05291,2,196978,-46,85637,-0,02437123,0,971095,-0,2289702,-0,06287576,0,0,0,0,0,0,0,0,0,0,0,0,0,0,0,0,0,0,0,0,0,0,1,1,1,False
30,86172,-20,06106,2,19671,-46,95086,-0,0247491,0,971098,-0,2288712,-0,06304065,0,0,0,0,0,0,0,0,0,0,0,0,0,0,0,0,0,0,0,0,0,0,1,1,1,False
30,90006,-20,06938,2,196369,-47,04646,-0,0248504,0,9710683,-0,2289055,-0,06333274,0,0,0,0,0,0,0,0,0,0,0,0,0,0,0,0,0,0,0,0,0,0,1,1,1,False
30,94662,-20,07992,2,195817,-47,16251,-0,02505285,0,9709352,-0,2293823,-0,06357013,0,0,0,0,0,0,0,0,0,0,0,0,0,0,0,0,0,0,0,0,0,0,1,1,1,False
30,99527,-20,09044,2,195399,-47,28388,-0,02537766,0,9709129,-0,2293953,-0,06373257,0,0,0,0,0,0,0,0,0,0,0,0,0,0,0,0,0,0,0,0,0,0,1,1,1,False
31,04502,-20,10117,2,194983,-47,40796,-0,02544583,0,97089,-0,229487,-0,0637246,0,0,0,0,0,0,0,0,0,0,0,0,0,0,0,0,0,0,0,0,0,0,1,1,1,False
31,09445,-20,11118,2,194569,-47,53125,-0,02538704,0,9708329,-0,2296893,-0,0638896,0,0,0,0,0,0,0,0,0,0,0,0,0,0,0,0,0,0,0,0,0,0,1,1,1,False
31,14458,-20,12139,2,194212,-47,65622,-0,02538586,0,9707927,-0,229746,-0,06429565,0,0,0,0,0,0,0,0,0,0,0,0,0,0,0,0,0,0,0,0,0,0,1,1,1,False
31,19391,-20,13145,2,193934,-47,77922,-0,02513173,0,9708863,-0,2293829,-0,0642768,0,0,0,0,0,0,0,0,0,0,0,0,0,0,0,0,0,0,0,0,0,0,1,1,1,False
31,24274,-20,14155,2,193571,-47,90096,-0,0249735,0,9708751,-0,2293648,-0,06457152,0,0,0,0,0,0,0,0,0,0,0,0,0,0,0,0,0,0,0,0,0,0,1,1,1,False
31,28601,-20,15125,2,193217,-48,00878,-0,02560284,0,9707932,-0,2294695,-0,06518301,0,0,0,0,0,0,0,0,0,0,0,0,0,0,0,0,0,0,0,0,0,0,1,1,1,False
31,33448,-20,1621,2,192914,-48,12952,-0,02594962,0,9708,-0,2294048,-0,0651713,0,0,0,0,0,0,0,0,0,0,0,0,0,0,0,0,0,0,0,0,0,0,1,1,1,False
31,38315,-20,17303,2,192566,-48,25069,-0,0258418,0,9708416,-0,2292332,-0,06519858,0,0,0,0,0,0,0,0,0,0,0,0,0,0,0,0,0,0,0,0,0,0,1,1,1,False
31,43363,-20,18378,2,192181,-48,37633,-0,02568568,0,9708043,-0,2292094,-0,06589688,0,0,0,0,0,0,0,0,0,0,0,0,0,0,0,0,0,0,0,0,0,0,1,1,1,False
31,47831,-20,19323,2,191795,-48,4875,-0,02572544,0,970817,-0,2291873,-0,06576955,0,0,0,0,0,0,0,0,0,0,0,0,0,0,0,0,0,0,0,0,0,0,1,1,1,False
31,52318,-20,20338,2,191427,-48,59908,-0,02611772,0,9707191,-0,2294625,-0,06610016,0,0,0,0,0,0,0,0,0,0,0,0,0,0,0,0,0,0,0,0,0,0,1,1,1,False
31,56843,-20,21349,2,191127,-48,71162,-0,02631973,0,9708228,-0,2291467,-0,06559127,0,0,0,0,0,0,0,0,0,0,0,0,0,0,0,0,0,0,0,0,0,0,1,1,1,False
31,61212,-20,22384,2,190855,-48,82036,-0,0264104,0,9708325,-0,2289795,-0,06599385,0,0,0,0,0,0,0,0,0,0,0,0,0,0,0,0,0,0,0,0,0,0,1,1,1,False
31,65668,-20,23325,2,190556,-48,93138,-0,02616912,0,9708975,-0,2288145,-0,06570467,0,0,0,0,0,0,0,0,0,0,0,0,0,0,0,0,0,0,0,0,0,0,1,1,1,False
31,70122,-20,24393,2,190218,-49,04222,-0,02604244,0,9708143,-0,2290147,-0,06628497,0,0,0,0,0,0,0,0,0,0,0,0,0,0,0,0,0,0,0,0,0,0,1,1,1,False
31,74575,-20,25358,2,189911,-49,15313,-0,02656963,0,970772,-0,2290188,-0,06668021,0,0,0,0,0,0,0,0,0,0,0,0,0,0,0,0,0,0,0,0,0,0,1,1,1,False
31,79009,-20,2642,2,189634,-49,2635,-0,02685696,0,970833,-0,2287184,-0,06670743,0,0,0,0,0,0,0,0,0,0,0,0,0,0,0,0,0,0,0,0,0,0,1,1,1,False
31,83527,-20,27575,2,189333,-49,37595,-0,02700675,0,970827,-0,228664,-0,06692134,0,0,0,0,0,0,0,0,0,0,0,0,0,0,0,0,0,0,0,0,0,0,1,1,1,False
31,8799,-20,28648,2,188995,-49,48708,-0,02683332,0,9708329,-0,2286369,-0,06699762,0,0,0,0,0,0,0,0,0,0,0,0,0,0,0,0,0,0,0,0,0,0,1,1,1,False
31,92157,-20,29708,2,188626,-49,59076,-0,02676557,0,9707919,-0,2287738,-0,06715155,0,0,0,0,0,0,0,0,0,0,0,0,0,0,0,0,0,0,0,0,0,0,1,1,1,False
31,96092,-20,30744,2,188258,-49,68866,-0,02677117,0,9707419,-0,2289952,-0,06711712,0,0,0,0,0,0,0,0,0,0,0,0,0,0,0,0,0,0,0,0,0,0,1,1,1,False
32,00087,-20,31785,2,187907,-49,78807,-0,02684495,0,9707181,-0,2291333,-0,0669603,0,0,0,0,0,0,0,0,0,0,0,0,0,0,0,0,0,0,0,0,0,0,1,1,1,False
32,03524,-20,32646,2,187583,-49,87366,-0,02691599,0,9706878,-0,2293112,-0,06676167,0,0,0,0,0,0,0,0,0,0,0,0,0,0,0,0,0,0,0,0,0,0,1,1,1,False
32,06353,-20,33407,2,187265,-49,94395,-0,02692239,0,9706616,-0,2294623,-0,06662042,0,0,0,0,0,0,0,0,0,0,0,0,0,0,0,0,0,0,0,0,0,0,1,1,1,False
32,08916,-20,34075,2,187047,-50,00768,-0,02685528,0,9706086,-0,2296805,-0,0666687,0,0,0,0,0,0,0,0,0,0,0,0,0,0,0,0,0,0,0,0,0,0,1,1,1,False
32,11418,-20,34732,2,186871,-50,06988,-0,02669145,0,9706243,-0,2296014,-0,06677842,0,0,0,0,0,0,0,0,0,0,0,0,0,0,0,0,0,0,0,0,0,0,1,1,1,False
32,14013,-20,35443,2,186731,-50,1344,-0,02648335,0,9706742,-0,2294169,-0,06677,0,0,0,0,0,0,0,0,0,0,0,0,0,0,0,0,0,0,0,0,0,0,1,1,1,False
32,16753,-20,3624,2,186583,-50,20241,-0,0263701,0,9706478,-0,2294392,-0,06712085,0,0,0,0,0,0,0,0,0,0,0,0,0,0,0,0,0,0,0,0,0,0,1,1,1,False
32,19755,-20,37074,2,186382,-50,27692,-0,02651406,0,9706361,-0,2294271,-0,06727466,0,0,0,0,0,0,0,0,0,0,0,0,0,0,0,0,0,0,0,0,0,0,1,1,1,False
32,22979,-20,38051,2,186435,-50,35691,-0,02687367,0,9706341,-0,2292848,-0,06764456,0,0,0,0,0,0,0,0,0,0,0,0,0,0,0,0,0,0,0,0,0,0,1,1,1,False
32,2608,-20,38962,2,186224,-50,43386,-0,02727749,0,9705943,-0,2293246,-0,06791782,0,0,0,0,0,0,0,0,0,0,0,0,0,0,0,0,0,0,0,0,0,0,1,1,1,False
32,29139,-20,39857,2,186509,-50,50979,-0,02727518,0,9705968,-0,2293923,-0,0676535,0,0,0,0,0,0,0,0,0,0,0,0,0,0,0,0,0,0,0,0,0,0,1,1,1,False
32,32556,-20,40852,2,186612,-50,59457,-0,02702145,0,9706653,-0,2291611,-0,06755634,0,0,0,0,0,0,0,0,0,0,0,0,0,0,0,0,0,0,0,0,0,0,1,1,1,False
32,36391,-20,41885,2,186658,-50,68976,-0,02670646,0,9706907,-0,2289845,-0,06791466,0,0,0,0,0,0,0,0,0,0,0,0,0,0,0,0,0,0,0,0,0,0,1,1,1,False
32,41203,-20,43166,2,186314,-50,8092,-0,02670357,0,9707076,-0,2289823,-0,06768227,0,0,0,0,0,0,0,0,0,0,0,0,0,0,0,0,0,0,0,0,0,0,1,1,1,False
32,46297,-20,44682,2,186726,-50,93546,-0,02707333,0,9707226,-0,2289208,-0,06752779,0,0,0,0,0,0,0,0,0,0,0,0,0,0,0,0,0,0,0,0,0,0,1,1,1,False
32,51468,-20,46405,2,186639,-51,06347,-0,02689254,0,9707538,-0,2290067,-0,06685665,0,0,0,0,0,0,0,0,0,0,0,0,0,0,0,0,0,0,0,0,0,0,1,1,1,False
32,56376,-20,48056,2,186277,-51,1851,-0,02695521,0,9707398,-0,2289831,-0,06711422,0,0,0,0,0,0,0,0,0,0,0,0,0,0,0,0,0,0,0,0,0,0,1,1,1,False
32,61406,-20,49749,2,186662,-51,30973,-0,02650215,0,9707435,-0,2290699,-0,06694458,0,0,0,0,0,0,0,0,0,0,0,0,0,0,0,0,0,0,0,0,0,0,1,1,1,False
32,66279,-20,51412,2,186646,-51,43046,-0,02632012,0,9705981,-0,2295263,-0,06755894,0,0,0,0,0,0,0,0,0,0,0,0,0,0,0,0,0,0,0,0,0,0,1,1,1,False
32,71544,-20,53207,2,186303,-51,56096,-0,02669817,0,9706541,-0,2291627,-0,06784046,0,0,0,0,0,0,0,0,0,0,0,0,0,0,0,0,0,0,0,0,0,0,1,1,1,False
32,7605,-20,54735,2,186784,-51,67264,-0,02674625,0,9706106,-0,2293541,-0,06779664,0,0,0,0,0,0,0,0,0,0,0,0,0,0,0,0,0,0,0,0,0,0,1,1,1,False
32,80819,-20,5635,2,186809,-51,79088,-0,02658992,0,970637,-0,229298,-0,06767053,0,0,0,0,0,0,0,0,0,0,0,0,0,0,0,0,0,0,0,0,0,0,1,1,1,False
32,8584,-20,58038,2,186362,-51,91533,-0,02627509,0,9706161,-0,2295082,-0,0673803,0,0,0,0,0,0,0,0,0,0,0,0,0,0,0,0,0,0,0,0,0,0,1,1,1,False
32,90353,-20,5955,2,186637,-52,02725,-0,02610341,0,9705362,-0,2299249,-0,06717606,0,0,0,0,0,0,0,0,0,0,0,0,0,0,0,0,0,0,0,0,0,0,1,1,1,False
32,941,-20,60796,2,186542,-52,12012,-0,02608515,0,9704555,-0,2303623,-0,0668505,0,0,0,0,0,0,0,0,0,0,0,0,0,0,0,0,0,0,0,0,0,0,1,1,1,False
32,97607,-20,61964,2,186554,-52,20708,-0,02612117,0,9704539,-0,2304161,-0,0666749,0,0,0,0,0,0,0,0,0,0,0,0,0,0,0,0,0,0,0,0,0,0,1,1,1,False
33,00486,-20,62922,2,18644,-52,27842,-0,02600646,0,9704145,-0,2306539,-0,06646951,0,0,0,0,0,0,0,0,0,0,0,0,0,0,0,0,0,0,0,0,0,0,1,1,1,False
33,03034,-20,63774,2,186283,-52,34152,-0,02599542,0,9704132,-0,2306631,-0,06646039,0,0,0,0,0,0,0,0,0,0,0,0,0,0,0,0,0,0,0,0,0,0,1,1,1,False
33,05618,-20,64644,2,18679,-52,40551,-0,02595438,0,9705435,-0,230112,-0,06648497,0,0,0,0,0,0,0,0,0,0,0,0,0,0,0,0,0,0,0,0,0,0,1,1,1,False
33,08055,-20,65469,2,186959,-52,46588,-0,02585503,0,9706755,-0,2295337,-0,06659544,0,0,0,0,0,0,0,0,0,0,0,0,0,0,0,0,0,0,0,0,0,0,1,1,1,False
33,10682,-20,66368,2,187381,-52,53094,-0,02596173,0,9708133,-0,2288079,-0,06704056,0,0,0,0,0,0,0,0,0,0,0,0,0,0,0,0,0,0,0,0,0,0,1,1,1,False
33,13465,-20,67325,2,187756,-52,59984,-0,02604903,0,9709911,-0,2279949,-0,06720246,0,0,0,0,0,0,0,0,0,0,0,0,0,0,0,0,0,0,0,0,0,0,1,1,1,False
33,16406,-20,68346,2,188072,-52,67266,-0,02621843,0,9712278,-0,2268432,-0,06761254,0,0,0,0,0,0,0,0,0,0,0,0,0,0,0,0,0,0,0,0,0,0,1,1,1,False
33,19316,-20,69366,2,188375,-52,74465,-0,02646187,0,9714444,-0,2257116,-0,0681899,0,0,0,0,0,0,0,0,0,0,0,0,0,0,0,0,0,0,0,0,0,0,1,1,1,False
33,22582,-20,70523,2,189322,-52,82546,-0,02661013,0,9717945,-0,2239785,-0,06885431,0,0,0,0,0,0,0,0,0,0,0,0,0,0,0,0,0,0,0,0,0,0,1,1,1,False
33,2565,-20,71627,2,19031,-52,90143,-0,02631242,0,9723514,-0,2214151,-0,06939567,0,0,0,0,0,0,0,0,0,0,0,0,0,0,0,0,0,0,0,0,0,0,1,1,1,False
33,29147,-20,72535,2,19146,-52,96103,-0,02570193,0,9732083,-0,2172671,-0,07071131,0,0,0,0,0,0,0,0,0,0,0,0,0,0,0,0,0,0,0,0,0,0,1,1,1,False
33,32568,-20,72601,2,192827,-52,96135,-0,02515567,0,9740933,-0,2124004,-0,07345444,0,0,0,0,0,0,0,0,0,0,0,0,0,0,0,0,0,0,0,0,0,0,1,1,1,False
33,35768,-20,72663,2,194265,-52,96151,-0,02509977,0,9748628,-0,207793,-0,07638572,0,0,0,0,0,0,0,0,0,0,0,0,0,0,0,0,0,0,0,0,0,0,1,1,1,False
33,41706,-20,72735,2,197669,-52,96112,-0,02435253,0,9765875,-0,19827,-0,07982938,0,0,0,0,0,0,0,0,0,0,0,0,0,0,0,0,0,0,0,0,0,0,1,1,1,False
33,49882,-20,72799,2,202866,-52,95946,-0,02285613,0,9792837,-0,1838292,-0,08177918,0,0,0,0,0,0,0,0,0,0,0,0,0,0,0,0,0,0,0,0,0,0,1,1,1,False
33,57762,-20,7286,2,207262,-52,95707,-0,02279298,0,9813244,-0,1713515,-0,08438951,0,0,0,0,0,0,0,0,0,0,0,0,0,0,0,0,0,0,0,0,0,0,1,1,1,False
33,63602,-20,7291,2,209881,-52,95541,-0,02399251,0,9826037,-0,1629584,-0,08578524,0,0,0,0,0,0,0,0,0,0,0,0,0,0,0,0,0,0,0,0,0,0,1,1,1,False
33,6904,-20,7294,2,21164,-52,95406,-0,02515226,0,9835289,-0,1566183,-0,08665515,0,0,0,0,0,0,0,0,0,0,0,0,0,0,0,0,0,0,0,0,0,0,1,1,1,False
33,75761,-20,72951,2,213075,-52,95288,-0,0262932,0,9843186,-0,151327,-0,08675063,0,0,0,0,0,0,0,0,0,0,0,0,0,0,0,0,0,0,0,0,0,0,1,1,1,False
33,81963,-20,7295,2,214172,-52,95173,-0,02706223,0,9848178,-0,1481557,-0,08632262,0,0,0,0,0,0,0,0,0,0,0,0,0,0,0,0,0,0,0,0,0,0,1,1,1,False
33,87788,-20,72957,2,215768,-52,95069,-0,02840263,0,9855576,-0,142887,-0,08632979,0,0,0,0,0,0,0,0,0,0,0,0,0,0,0,0,0,0,0,0,0,0,1,1,1,False
33,92505,-20,7297,2,217404,-52,94976,-0,02961057,0,9861938,-0,1382198,-0,08625609,0,0,0,0,0,0,0,0,0,0,0,0,0,0,0,0,0,0,0,0,0,0,1,1,1,False
33,96086,-20,72983,2,218857,-52,94915,-0,03027841,0,98676,-0,1339785,-0,08624243,0,0,0,0,0,0,0,0,0,0,0,0,0,0,0,0,0,0,0,0,0,0,1,1,1,False
33,99138,-20,72981,2,219995,-52,94861,-0,03075681,0,9871075,-0,1308092,-0,08695872,0,0,0,0,0,0,0,0,0,0,0,0,0,0,0,0,0,0,0,0,0,0,1,1,1,False
34,0168,-20,7297,2,220687,-52,94837,-0,03048497,0,9874281,-0,1284223,-0,08697227,0,0,0,0,0,0,0,0,0,0,0,0,0,0,0,0,0,0,0,0,0,0,1,1,1,False
34,04384,-20,72947,2,221194,-52,94819,-0,02972272,0,9876851,-0,1268485,-0,08662647,0,0,0,0,0,0,0,0,0,0,0,0,0,0,0,0,0,0,0,0,0,0,1,1,1,False
34,0722,-20,72913,2,221643,-52,94807,-0,02851371,0,9879912,-0,125243,-0,08587548,0,0,0,0,0,0,0,0,0,0,0,0,0,0,0,0,0,0,0,0,0,0,1,1,1,False
34,10636,-20,72877,2,221976,-52,94799,-0,02760209,0,9882993,-0,1235592,-0,08506296,0,0,0,0,0,0,0,0,0,0,0,0,0,0,0,0,0,0,0,0,0,0,1,1,1,False
34,13567,-20,72843,2,222199,-52,94801,-0,02746717,0,9884768,-0,1223321,-0,08481823,0,0,0,0,0,0,0,0,0,0,0,0,0,0,0,0,0,0,0,0,0,0,1,1,1,False
34,16843,-20,72781,2,222445,-52,94809,-0,02795814,0,9886291,-0,1210017,-0,08479106,0,0,0,0,0,0,0,0,0,0,0,0,0,0,0,0,0,0,0,0,0,0,1,1,1,False
34,21569,-20,72657,2,222805,-52,94831,-0,02980496,0,988815,-0,1196373,-0,08392607,0,0,0,0,0,0,0,0,0,0,0,0,0,0,0,0,0,0,0,0,0,0,1,1,1,False
34,26935,-20,72549,2,223137,-52,94917,-0,03079129,0,9893345,-0,1168291,-0,08136384,0,0,0,0,0,0,0,0,0,0,0,0,0,0,0,0,0,0,0,0,0,0,1,1,1,False
34,32353,-20,72605,2,223028,-52,94967,-0,031712,0,9892527,-0,1170052,-0,08175124,0,0,0,0,0,0,0,0,0,0,0,0,0,0,0,0,0,0,0,0,0,0,1,1,1,False
34,3787,-20,72961,2,222382,-52,94867,-0,03317091,0,9882811,-0,1191721,-0,08943225,0,0,0,0,0,0,0,0,0,0,0,0,0,0,0,0,0,0,0,0,0,0,1,1,1,False
34,43314,-20,73611,2,222153,-52,9463,-0,03782289,0,9860611,-0,1204149,-0,1084123,0,0,0,0,0,0,0,0,0,0,0,0,0,0,0,0,0,0,0,0,0,0,1,1,1,False
34,48647,-20,7409,2,223784,-52,94377,-0,05741054,0,9820554,-0,1177045,-0,1357092,0,0,0,0,0,0,0,0,0,0,0,0,0,0,0,0,0,0,0,0,0,0,1,1,1,False
34,54215,-20,74106,2,226353,-52,94255,-0,06175789,0,9835434,-0,1055028,-0,1330321,0,0,0,0,0,0,0,0,0,0,0,0,0,0,0,0,0,0,0,0,0,0,1,1,1,False
34,59303,-20,74018,2,22896,-52,94243,-0,05260582,0,9855644,-0,09942753,-0,1265293,0,0,0,0,0,0,0,0,0,0,0,0,0,0,0,0,0,0,0,0,0,0,1,1,1,False
34,64422,-20,74031,2,230623,-52,94273,-0,05540769,0,9848197,-0,09350143,-0,1353426,0,0,0,0,0,0,0,0,0,0,0,0,0,0,0,0,0,0,0,0,0,0,1,1,1,False
34,69905,-20,74189,2,231466,-52,94328,-0,04546642,0,9849871,-0,09155827,-0,139105,0,0,0,0,0,0,0,0,0,0,0,0,0,0,0,0,0,0,0,0,0,0,1,1,1,False
34,74583,-20,74254,2,231807,-52,94391,-0,04021336,0,9850151,-0,09424071,-0,1387333,0,0,0,0,0,0,0,0,0,0,0,0,0,0,0,0,0,0,0,0,0,0,1,1,1,False
34,78548,-20,74531,2,231851,-52,94295,-0,03771218,0,9825559,-0,09659436,-0,1543738,0,0,0,0,0,0,0,0,0,0,0,0,0,0,0,0,0,0,0,0,0,0,1,1,1,False
34,81834,-20,74855,2,232636,-52,94237,-0,03778036,0,9810266,-0,09232086,-0,1662417,0,0,0,0,0,0,0,0,0,0,0,0,0,0,0,0,0,0,0,0,0,0,1,1,1,False
34,84619,-20,75158,2,233865,-52,94176,-0,03228442,0,9799297,-0,08888184,-0,1754863,0,0,0,0,0,0,0,0,0,0,0,0,0,0,0,0,0,0,0,0,0,0,1,1,1,False
34,87676,-20,7543,2,233958,-52,94044,-0,03467322,0,9773934,-0,08713105,-0,1894943,0,0,0,0,0,0,0,0,0,0,0,0,0,0,0,0,0,0,0,0,0,0,1,1,1,False
34,91348,-20,75707,2,233275,-52,93917,-0,03190929,0,9756172,-0,08924688,-0,1979593,0,0,0,0,0,0,0,0,0,0,0,0,0,0,0,0,0,0,0,0,0,0,1,1,1,False
34,95167,-20,75754,2,236268,-52,94042,-0,03183846,0,9771726,-0,07502504,-0,1961922,0,0,0,0,0,0,0,0,0,0,0,0,0,0,0,0,0,0,0,0,0,0,1,1,1,False
34,99014,-20,75934,2,239328,-52,94104,-0,01859297,0,9788529,-0,06304819,-0,1937172,0,0,0,0,0,0,0,0,0,0,0,0,0,0,0,0,0,0,0,0,0,0,1,1,1,False
35,02999,-20,7615,2,243149,-52,94165,-0,0116976,0,97971,-0,04410684,-0,1951561,0,0,0,0,0,0,0,0,0,0,0,0,0,0,0,0,0,0,0,0,0,0,1,1,1,False
35,06878,-20,76401,2,249142,-52,94128,-0,006313468,0,9793189,-0,03108829,-0,1998203,0,0,0,0,0,0,0,0,0,0,0,0,0,0,0,0,0,0,0,0,0,0,1,1,1,False
35,10322,-20,76704,2,257189,-52,9406,0,0006239032,0,979106,-0,008829691,-0,2031576,0,0,0,0,0,0,0,0,0,0,0,0,0,0,0,0,0,0,0,0,0,0,1,1,1,False
35,14145,-20,76998,2,267149,-52,93948,0,003841792,0,9783331,0,02068032,-0,2059659,0,0,0,0,0,0,0,0,0,0,0,0,0,0,0,0,0,0,0,0,0,0,1,1,1,False
35,18405,-20,77254,2,275419,-52,93798,0,008051563,0,9762427,0,05026789,-0,2106146,0,0,0,0,0,0,0,0,0,0,0,0,0,0,0,0,0,0,0,0,0,0,1,1,1,False
35,22122,-20,77377,2,278649,-52,93697,0,0232379,0,9743056,0,07350975,-0,2116244,0,0,0,0,0,0,0,0,0,0,0,0,0,0,0,0,0,0,0,0,0,0,1,1,1,False
35,25971,-20,77439,2,283608,-52,93424,0,03521483,0,9716842,0,09208541,-0,2147327,0,0,0,0,0,0,0,0,0,0,0,0,0,0,0,0,0,0,0,0,0,0,1,1,1,False
35,29645,-20,77456,2,287783,-52,93145,0,04178993,0,9694511,0,103503,-0,2184154,0,0,0,0,0,0,0,0,0,0,0,0,0,0,0,0,0,0,0,0,0,0,1,1,1,False
35,33155,-20,77463,2,28935,-52,92939,0,05504594,0,9676535,0,1052915,-0,2225542,0,0,0,0,0,0,0,0,0,0,0,0,0,0,0,0,0,0,0,0,0,0,1,1,1,False
35,36526,-20,77527,2,292986,-52,92757,0,06350803,0,965098,0,1244048,-0,2215313,0,0,0,0,0,0,0,0,0,0,0,0,0,0,0,0,0,0,0,0,0,0,1,1,1,False
35,39796,-20,77535,2,295985,-52,92591,0,06922816,0,9620888,0,1397753,-0,223731,0,0,0,0,0,0,0,0,0,0,0,0,0,0,0,0,0,0,0,0,0,0,1,1,1,False
35,43069,-20,77576,2,298525,-52,92493,0,07485917,0,9611685,0,1472368,-0,2210715,0,0,0,0,0,0,0,0,0,0,0,0,0,0,0,0,0,0,0,0,0,0,1,1,1,False
35,46415,-20,77601,2,303433,-52,92273,0,07911976,0,958361,0,1660114,-0,2184594,0,0,0,0,0,0,0,0,0,0,0,0,0,0,0,0,0,0,0,0,0,0,1,1,1,False
35,49896,-20,77694,2,312679,-52,91842,0,07592384,0,9529024,0,1957815,-0,2188201,0,0,0,0,0,0,0,0,0,0,0,0,0,0,0,0,0,0,0,0,0,0,1,1,1,False
35,53456,-20,7774,2,317764,-52,91395,0,07053497,0,9471235,0,2191452,-0,2235117,0,0,0,0,0,0,0,0,0,0,0,0,0,0,0,0,0,0,0,0,0,0,1,1,1,False
35,57051,-20,77833,2,322596,-52,90913,0,06346072,0,9410825,0,2405173,-0,2291027,0,0,0,0,0,0,0,0,0,0,0,0,0,0,0,0,0,0,0,0,0,0,1,1,1,False
35,60691,-20,77749,2,324813,-52,905,0,05735672,0,9377203,0,2544268,-0,2294731,0,0,0,0,0,0,0,0,0,0,0,0,0,0,0,0,0,0,0,0,0,0,1,1,1,False
35,64344,-20,77596,2,326605,-52,90098,0,05158554,0,9353533,0,2662956,-0,2270238,0,0,0,0,0,0,0,0,0,0,0,0,0,0,0,0,0,0,0,0,0,0,1,1,1,False
35,67934,-20,77534,2,328839,-52,89703,0,04161995,0,9324837,0,2781893,-0,2266111,0,0,0,0,0,0,0,0,0,0,0,0,0,0,0,0,0,0,0,0,0,0,1,1,1,False
35,71481,-20,77523,2,331028,-52,89264,0,03058542,0,9284276,0,2907184,-0,2292805,0,0,0,0,0,0,0,0,0,0,0,0,0,0,0,0,0,0,0,0,0,0,1,1,1,False
35,7463,-20,77572,2,332787,-52,88926,0,02692513,0,9254896,0,2952933,-0,2356818,0,0,0,0,0,0,0,0,0,0,0,0,0,0,0,0,0,0,0,0,0,0,1,1,1,False
35,77466,-20,77568,2,333948,-52,8865,0,02611412,0,9236476,0,2979458,-0,2396281,0,0,0,0,0,0,0,0,0,0,0,0,0,0,0,0,0,0,0,0,0,0,1,1,1,False
35,80251,-20,77553,2,334913,-52,88405,0,02495756,0,9224424,0,3004762,-0,2412287,0,0,0,0,0,0,0,0,0,0,0,0,0,0,0,0,0,0,0,0,0,0,1,1,1,False
35,82772,-20,77556,2,335675,-52,88229,0,0246168,0,9212286,0,302352,-0,2435469,0,0,0,0,0,0,0,0,0,0,0,0,0,0,0,0,0,0,0,0,0,0,1,1,1,False
35,85395,-20,77493,2,336774,-52,88066,0,03164786,0,9201007,0,3008323,-0,2488229,0,0,0,0,0,0,0,0,0,0,0,0,0,0,0,0,0,0,0,0,0,0,1,1,1,False
35,88496,-20,77377,2,3379,-52,87919,0,04019873,0,9197126,0,3023022,-0,247237,0,0,0,0,0,0,0,0,0,0,0,0,0,0,0,0,0,0,0,0,0,0,1,1,1,False
35,91495,-20,77132,2,339606,-52,87798,0,04871033,0,9201467,0,3065945,-0,2386572,0,0,0,0,0,0,0,0,0,0,0,0,0,0,0,0,0,0,0,0,0,0,1,1,1,False
35,94749,-20,76895,2,341467,-52,87689,0,05199859,0,9192934,0,3105472,-0,2361275,0,0,0,0,0,0,0,0,0,0,0,0,0,0,0,0,0,0,0,0,0,0,1,1,1,False
35,98083,-20,76406,2,344592,-52,8752,0,06116794,0,9177253,0,3179376,-0,2301187,0,0,0,0,0,0,0,0,0,0,0,0,0,0,0,0,0,0,0,0,0,0,1,1,1,False
36,01597,-20,75978,2,346801,-52,87393,0,06538137,0,9168537,0,3246096,-0,2230096,0,0,0,0,0,0,0,0,0,0,0,0,0,0,0,0,0,0,0,0,0,0,1,1,1,False
36,0489,-20,75376,2,349422,-52,8723,0,0705615,0,9155436,0,3313687,-0,2167854,0,0,0,0,0,0,0,0,0,0,0,0,0,0,0,0,0,0,0,0,0,0,1,1,1,False
36,08166,-20,74578,2,352167,-52,87056,0,07705278,0,9138405,0,3396171,-0,2088509,0,0,0,0,0,0,0,0,0,0,0,0,0,0,0,0,0,0,0,0,0,0,1,1,1,False
36,11504,-20,7383,2,354375,-52,86947,0,0843164,0,9125448,0,3454125,-0,2020962,0,0,0,0,0,0,0,0,0,0,0,0,0,0,0,0,0,0,0,0,0,0,1,1,1,False
36,14783,-20,73118,2,355799,-52,86874,0,09309109,0,9115772,0,3490977,-0,1961932,0,0,0,0,0,0,0,0,0,0,0,0,0,0,0,0,0,0,0,0,0,0,1,1,1,False
36,17971,-20,72258,2,357027,-52,86824,0,1023986,0,9116099,0,3526297,-0,1847548,0,0,0,0,0,0,0,0,0,0,0,0,0,0,0,0,0,0,0,0,0,0,1,1,1,False
36,21281,-20,71487,2,357532,-52,86809,0,1103722,0,9123695,0,3538587,-0,1737352,0,0,0,0,0,0,0,0,0,0,0,0,0,0,0,0,0,0,0,0,0,0,1,1,1,False
36,24562,-20,70809,2,357171,-52,86838,0,1163984,0,9140047,0,352817,-0,1629943,0,0,0,0,0,0,0,0,0,0,0,0,0,0,0,0,0,0,0,0,0,0,1,1,1,False
36,27827,-20,69983,2,355966,-52,86929,0,1212353,0,9178928,0,3484711,-0,1460913,0,0,0,0,0,0,0,0,0,0,0,0,0,0,0,0,0,0,0,0,0,0,1,1,1,False
36,31726,-20,69192,2,35399,-52,87076,0,125309,0,9232519,0,3398137,-0,1281799,0,0,0,0,0,0,0,0,0,0,0,0,0,0,0,0,0,0,0,0,0,0,1,1,1,False
36,3555,-20,6841,2,351496,-52,87233,0,1284405,0,9291752,0,3294245,-0,1077773,0,0,0,0,0,0,0,0,0,0,0,0,0,0,0,0,0,0,0,0,0,0,1,1,1,False
36,39127,-20,67714,2,349404,-52,87308,0,1264146,0,9337556,0,3240106,-0,08447985,0,0,0,0,0,0,0,0,0,0,0,0,0,0,0,0,0,0,0,0,0,0,1,1,1,False
36,42826,-20,67106,2,34795,-52,87265,0,1174905,0,9369337,0,3230379,-0,06322853,0,0,0,0,0,0,0,0,0,0,0,0,0,0,0,0,0,0,0,0,0,0,1,1,1,False
36,46419,-20,66608,2,347019,-52,87114,0,1051398,0,9388229,0,3242236,-0,04935955,0,0,0,0,0,0,0,0,0,0,0,0,0,0,0,0,0,0,0,0,0,0,1,1,1,False
36,50146,-20,66214,2,346475,-52,86913,0,09461945,0,9395705,0,3261139,-0,04363731,0,0,0,0,0,0,0,0,0,0,0,0,0,0,0,0,0,0,0,0,0,0,1,1,1,False
36,53738,-20,65817,2,346237,-52,86643,0,08650915,0,9390252,0,330211,-0,04133495,0,0,0,0,0,0,0,0,0,0,0,0,0,0,0,0,0,0,0,0,0,0,1,1,1,False
36,57286,-20,655,2,346259,-52,86362,0,08223431,0,9380194,0,3339435,-0,04288264,0,0,0,0,0,0,0,0,0,0,0,0,0,0,0,0,0,0,0,0,0,0,1,1,1,False
36,60647,-20,65234,2,346244,-52,86107,0,08129386,0,936932,0,3367653,-0,04624785,0,0,0,0,0,0,0,0,0,0,0,0,0,0,0,0,0,0,0,0,0,0,1,1,1,False
36,63851,-20,6502,2,346271,-52,85895,0,08180193,0,9357129,0,3394456,-0,05026335,0,0,0,0,0,0,0,0,0,0,0,0,0,0,0,0,0,0,0,0,0,0,1,1,1,False
36,67296,-20,64733,2,346292,-52,85615,0,08582195,0,9338707,0,3425906,-0,0561416,0,0,0,0,0,0,0,0,0,0,0,0,0,0,0,0,0,0,0,0,0,0,1,1,1,False
36,70744,-20,64527,2,346207,-52,85418,0,09088302,0,9325691,0,3443142,-0,05918595,0,0,0,0,0,0,0,0,0,0,0,0,0,0,0,0,0,0,0,0,0,0,1,1,1,False
36,74426,-20,64376,2,346223,-52,85256,0,09473154,0,9318094,0,3452369,-0,05973857,0,0,0,0,0,0,0,0,0,0,0,0,0,0,0,0,0,0,0,0,0,0,1,1,1,False
36,78611,-20,64281,2,346397,-52,85125,0,09626617,0,9313368,0,3460401,-0,06000688,0,0,0,0,0,0,0,0,0,0,0,0,0,0,0,0,0,0,0,0,0,0,1,1,1,False
36,8286,-20,64245,2,346465,-52,85007,0,09597357,0,9311649,0,3466503,-0,05962144,0,0,0,0,0,0,0,0,0,0,0,0,0,0,0,0,0,0,0,0,0,0,1,1,1,False
36,86603,-20,64247,2,346315,-52,84914,0,09491403,0,9311463,0,3470979,-0,05900007,0,0,0,0,0,0,0,0,0,0,0,0,0,0,0,0,0,0,0,0,0,0,1,1,1,False
36,90306,-20,64285,2,346364,-52,84865,0,09256744,0,9309996,0,3482033,-0,05852733,0,0,0,0,0,0,0,0,0,0,0,0,0,0,0,0,0,0,0,0,0,0,1,1,1,False
36,93814,-20,64349,2,346705,-52,84823,0,08949192,0,9305627,0,3501079,-0,0588954,0,0,0,0,0,0,0,0,0,0,0,0,0,0,0,0,0,0,0,0,0,0,1,1,1,False
36,97005,-20,64413,2,347157,-52,84797,0,08810335,0,9299178,0,3519867,-0,05996685,0,0,0,0,0,0,0,0,0,0,0,0,0,0,0,0,0,0,0,0,0,0,1,1,1,False
36,99974,-20,64467,2,347597,-52,84796,0,08783761,0,929663,0,3526115,-0,06063414,0,0,0,0,0,0,0,0,0,0,0,0,0,0,0,0,0,0,0,0,0,0,1,1,1,False
37,04558,-20,6451,2,347905,-52,84808,0,088457,0,9296634,0,3523907,-0,06100934,0,0,0,0,0,0,0,0,0,0,0,0,0,0,0,0,0,0,0,0,0,0,1,1,1,False
37,0918,-20,64603,2,348447,-52,84838,0,09000845,0,9295444,0,3526377,-0,05909517,0,0,0,0,0,0,0,0,0,0,0,0,0,0,0,0,0,0,0,0,0,0,1,1,1,False
37,15457,-20,64695,2,348731,-52,8485,0,08997961,0,9289698,0,3547697,-0,05529227,0,0,0,0,0,0,0,0,0,0,0,0,0,0,0,0,0,0,0,0,0,0,1,1,1,False
37,2122,-20,64755,2,348749,-52,84925,0,08612663,0,9295647,0,3545481,-0,05279518,0,0,0,0,0,0,0,0,0,0,0,0,0,0,0,0,0,0,0,0,0,0,1,1,1,False
37,26766,-20,64731,2,349042,-52,84969,0,08744034,0,9289774,0,355464,-0,05477723,0,0,0,0,0,0,0,0,0,0,0,0,0,0,0,0,0,0,0,0,0,0,1,1,1,False
37,33054,-20,64681,2,349499,-52,8498,0,08994564,0,928344,0,3565806,-0,05420037,0,0,0,0,0,0,0,0,0,0,0,0,0,0,0,0,0,0,0,0,0,0,1,1,1,False
37,39828,-20,64688,2,349851,-52,85065,0,09203725,0,928018,0,3568864,-0,05425701,0,0,0,0,0,0,0,0,0,0,0,0,0,0,0,0,0,0,0,0,0,0,1,1,1,False
37,44489,-20,6471,2,349951,-52,85146,0,09444403,0,9273992,0,3577444,-0,05504771,0,0,0,0,0,0,0,0,0,0,0,0,0,0,0,0,0,0,0,0,0,0,1,1,1,False
37,46813,-20,64782,2,349317,-52,85266,0,09400928,0,9286774,0,3545086,-0,05517342,0,0,0,0,0,0,0,0,0,0,0,0,0,0,0,0,0,0,0,0,0,0,1,1,1,False
37,4985,-20,64829,2,348654,-52,85322,0,09279739,0,9298314,0,3515631,-0,0566201,0,0,0,0,0,0,0,0,0,0,0,0,0,0,0,0,0,0,0,0,0,0,1,1,1,False
37,52609,-20,64862,2,347933,-52,85374,0,09122842,0,9308165,0,349109,-0,05814575,0,0,0,0,0,0,0,0,0,0,0,0,0,0,0,0,0,0,0,0,0,0,1,1,1,False
37,5578,-20,64878,2,347271,-52,85408,0,08990199,0,931484,0,3474716,-0,05931874,0,0,0,0,0,0,0,0,0,0,0,0,0,0,0,0,0,0,0,0,0,0,1,1,1,False
37,58939,-20,6488,2,346844,-52,85439,0,08865923,0,9317485,0,3469378,-0,06015321,0,0,0,0,0,0,0,0,0,0,0,0,0,0,0,0,0,0,0,0,0,0,1,1,1,False
37,62418,-20,64864,2,34627,-52,85487,0,08807685,0,9319998,0,3461108,-0,06185566,0,0,0,0,0,0,0,0,0,0,0,0,0,0,0,0,0,0,0,0,0,0,1,1,1,False
37,65797,-20,64824,2,345757,-52,85537,0,08861393,0,9323046,0,3449926,-0,06273602,0,0,0,0,0,0,0,0,0,0,0,0,0,0,0,0,0,0,0,0,0,0,1,1,1,False
37,69397,-20,64762,2,345326,-52,85588,0,08904319,0,93269,0,3437822,-0,06304348,0,0,0,0,0,0,0,0,0,0,0,0,0,0,0,0,0,0,0,0,0,0,1,1,1,False
37,74431,-20,64686,2,345015,-52,85652,0,08984271,0,933163,0,3423119,-0,06290923,0,0,0,0,0,0,0,0,0,0,0,0,0,0,0,0,0,0,0,0,0,0,1,1,1,False
37,79408,-20,64596,2,344795,-52,85743,0,09150097,0,9337491,0,3403198,-0,06263072,0,0,0,0,0,0,0,0,0,0,0,0,0,0,0,0,0,0,0,0,0,0,1,1,1,False
37,82869,-20,645,2,344558,-52,8582,0,09278332,0,9340817,0,3393815,-0,06085021,0,0,0,0,0,0,0,0,0,0,0,0,0,0,0,0,0,0,0,0,0,0,1,1,1,False
37,85865,-20,64436,2,344327,-52,85906,0,09406704,0,9342176,0,3389554,-0,05914574,0,0,0,0,0,0,0,0,0,0,0,0,0,0,0,0,0,0,0,0,0,0,1,1,1,False
37,88576,-20,64394,2,344156,-52,85965,0,09424688,0,9344367,0,3386168,-0,05730922,0,0,0,0,0,0,0,0,0,0,0,0,0,0,0,0,0,0,0,0,0,0,1,1,1,False
37,90966,-20,64404,2,344158,-52,86017,0,09393147,0,9345331,0,3384412,-0,05729126,0,0,0,0,0,0,0,0,0,0,0,0,0,0,0,0,0,0,0,0,0,0,1,1,1,False
37,94167,-20,64396,2,343979,-52,86073,0,0939002,0,934822,0,3377361,-0,05678874,0,0,0,0,0,0,0,0,0,0,0,0,0,0,0,0,0,0,0,0,0,0,1,1,1,False
37,97255,-20,64392,2,343801,-52,86125,0,09366193,0,9351497,0,3369409,-0,05650892,0,0,0,0,0,0,0,0,0,0,0,0,0,0,0,0,0,0,0,0,0,0,1,1,1,False
38,00924,-20,64398,2,343569,-52,86174,0,09370622,0,935383,0,3363095,-0,05633622,0,0,0,0,0,0,0,0,0,0,0,0,0,0,0,0,0,0,0,0,0,0,1,1,1,False
38,04436,-20,64397,2,343239,-52,86179,0,0936277,0,9356173,0,3357319,-0,05601935,0,0,0,0,0,0,0,0,0,0,0,0,0,0,0,0,0,0,0,0,0,0,1,1,1,False
38,08629,-20,64449,2,342986,-52,8624,0,09298885,0,9361123,0,3345078,-0,05613772,0,0,0,0,0,0,0,0,0,0,0,0,0,0,0,0,0,0,0,0,0,0,1,1,1,False
38,11263,-20,64489,2,34249,-52,86234,0,09150559,0,9365766,0,3335079,-0,05677679,0,0,0,0,0,0,0,0,0,0,0,0,0,0,0,0,0,0,0,0,0,0,1,1,1,False
38,14055,-20,64522,2,342274,-52,86235,0,09100693,0,9368121,0,3327114,-0,05834305,0,0,0,0,0,0,0,0,0,0,0,0,0,0,0,0,0,0,0,0,0,0,1,1,1,False
38,17225,-20,64565,2,342168,-52,86263,0,0910357,0,9370908,0,3317087,-0,05951931,0,0,0,0,0,0,0,0,0,0,0,0,0,0,0,0,0,0,0,0,0,0,1,1,1,False
38,21216,-20,64581,2,341938,-52,86248,0,09118205,0,9371284,0,3314253,-0,06027818,0,0,0,0,0,0,0,0,0,0,0,0,0,0,0,0,0,0,0,0,0,0,1,1,1,False
38,23932,-20,64606,2,342007,-52,8623,0,09131944,0,9368504,0,3320755,-0,06081103,0,0,0,0,0,0,0,0,0,0,0,0,0,0,0,0,0,0,0,0,0,0,1,1,1,False
38,26819,-20,64618,2,341941,-52,86197,0,09186857,0,9367034,0,3322058,-0,06153227,0,0,0,0,0,0,0,0,0,0,0,0,0,0,0,0,0,0,0,0,0,0,1,1,1,False
38,30207,-20,64631,2,341991,-52,86169,0,09203209,0,9366465,0,3323288,-0,06149042,0,0,0,0,0,0,0,0,0,0,0,0,0,0,0,0,0,0,0,0,0,0,1,1,1,False
38,33323,-20,64637,2,342092,-52,86135,0,09183323,0,936452,0,3329882,-0,06118222,0,0,0,0,0,0,0,0,0,0,0,0,0,0,0,0,0,0,0,0,0,0,1,1,1,False
38,36841,-20,6464,2,342221,-52,86084,0,09155669,0,9361832,0,3338725,-0,06088954,0,0,0,0,0,0,0,0,0,0,0,0,0,0,0,0,0,0,0,0,0,0,1,1,1,False
38,4134,-20,64643,2,342398,-52,8605,0,09118826,0,9360574,0,3343837,-0,06057158,0,0,0,0,0,0,0,0,0,0,0,0,0,0,0,0,0,0,0,0,0,0,1,1,1,False
38,45893,-20,64641,2,342771,-52,85975,0,09051849,0,9356601,0,3357001,-0,06043191,0,0,0,0,0,0,0,0,0,0,0,0,0,0,0,0,0,0,0,0,0,0,1,1,1,False
38,49475,-20,64652,2,343708,-52,85936,0,09055547,0,9347242,0,3381562,-0,06116395,0,0,0,0,0,0,0,0,0,0,0,0,0,0,0,0,0,0,0,0,0,0,1,1,1,False
38,52481,-20,64668,2,344727,-52,85931,0,09161836,0,9337407,0,3404139,-0,06207186,0,0,0,0,0,0,0,0,0,0,0,0,0,0,0,0,0,0,0,0,0,0,1,1,1,False
38,55068,-20,6469,2,345464,-52,85956,0,09297223,0,9330433,0,3418416,-0,06269607,0,0,0,0,0,0,0,0,0,0,0,0,0,0,0,0,0,0,0,0,0,0,1,1,1,False
38,57879,-20,64737,2,346684,-52,86047,0,09368116,0,9323798,0,3433677,-0,06316857,0,0,0,0,0,0,0,0,0,0,0,0,0,0,0,0,0,0,0,0,0,0,1,1,1,False
38,60696,-20,6477,2,347692,-52,86112,0,0938154,0,9318626,0,3445872,-0,06395639,0,0,0,0,0,0,0,0,0,0,0,0,0,0,0,0,0,0,0,0,0,0,1,1,1,False
38,64854,-20,6482,2,349577,-52,86265,0,09479512,0,9307455,0,3469825,-0,06580067,0,0,0,0,0,0,0,0,0,0,0,0,0,0,0,0,0,0,0,0,0,0,1,1,1,False
38,67909,-20,64863,2,351728,-52,86473,0,09741007,0,9293159,0,3498651,-0,06691562,0,0,0,0,0,0,0,0,0,0,0,0,0,0,0,0,0,0,0,0,0,0,1,1,1,False
38,82151,-20,64958,2,355063,-52,86995,0,09900364,0,9274336,0,3544776,-0,06641446,0,0,0,0,0,0,0,0,0,0,0,0,0,0,0,0,0,0,0,0,0,0,1,1,1,False

