Time,HMD_Position_x,HMD_Position_y,HMD_Position_z,HMD_Rotation_x,HMD_Rotation_y,HMD_Rotation_z,HMD_Rotation_w,Left_Position_x,Left_Position_y,Left_Position_z,Right_Position_x,Right_Position_y,Right_Position_z,Left_Gaze_Origin.x,Left_Gaze_Origin.y,Left_Gaze_Origin.z,Right_Gaze_Origin.x,Right_Gaze_Origin.y,Right_Gaze_Origin.z,Left_Gaze_Direction_x,Left_Gaze_Direction_y,Left_Gaze_Direction_z,Right_Gaze_Direction_x,Right_Gaze_Direction_y,Right_Gaze_Direction_z,Left_Pupil_Diameter,Right_Pupil_Diameter,Left_Openness,Right_Openness,ArtificialBlink_Flag,RBlinkCount,LBlinkCount,BrowerFlag
0,01999999,0,1,36144,3,0,0,7154236,0,0,698691,0,0,0,0,0,0,0,0,0,0,0,0,0,0,0,0,0,0,0,0,0,0,1,1,1,False
0,03999998,0,1,36144,3,0,0,7154236,0,0,698691,0,0,0,0,0,0,0,0,0,0,0,0,0,0,0,0,0,0,0,0,0,0,1,1,1,False
0,1255954,0,1,36144,3,0,0,7154236,0,0,698691,0,0,0,0,0,0,0,0,0,0,0,0,0,0,0,0,0,0,0,0,0,0,1,1,1,False
0,1697987,0,1,36144,3,0,0,7154236,0,0,698691,0,0,0,0,0,0,0,0,0,0,0,0,0,0,0,0,0,0,0,0,0,0,1,1,1,False
0,1828614,0,1,36144,3,0,0,7154236,0,0,698691,0,0,0,0,0,0,0,0,0,0,0,0,0,0,0,0,0,0,0,0,0,0,1,1,1,False
0,1960734,0,1,36144,3,0,0,7154236,0,0,698691,0,0,0,0,0,0,0,0,0,0,0,0,0,0,0,0,0,0,0,0,0,0,1,1,1,False
0,2072842,0,1,36144,3,0,0,7154236,0,0,698691,0,0,0,0,0,0,0,0,0,0,0,0,0,0,0,0,0,0,0,0,0,0,1,1,1,False
0,2195019,0,1,36144,3,0,0,7154236,0,0,698691,0,0,0,0,0,0,0,0,0,0,0,0,0,0,0,0,0,0,0,0,0,0,1,1,1,False
0,229404,0,1,36144,3,0,0,7154236,0,0,698691,0,0,0,0,0,0,0,0,0,0,0,0,0,0,0,0,0,0,0,0,0,0,1,1,1,False
0,2416359,0,1,36144,3,0,0,7154236,0,0,698691,0,0,0,0,0,0,0,0,0,0,0,0,0,0,0,0,0,0,0,0,0,0,1,1,1,False
0,2539017,0,1,36144,3,0,0,7154236,0,0,698691,0,0,0,0,0,0,0,0,0,0,0,0,0,0,0,0,0,0,0,0,0,0,1,1,1,False
0,2666624,0,1,36144,3,0,0,7154236,0,0,698691,0,0,0,0,0,0,0,0,0,0,0,0,0,0,0,0,0,0,0,0,0,0,1,1,1,False
0,2789102,0,1,36144,3,0,0,7154236,0,0,698691,0,0,0,0,0,0,0,0,0,0,0,0,0,0,0,0,0,0,0,0,0,0,1,1,1,False
0,2915642,0,1,36144,3,0,0,7154236,0,0,698691,0,0,0,0,0,0,0,0,0,0,0,0,0,0,0,0,0,0,0,0,0,0,1,1,1,False
0,3039186,0,1,36144,3,0,0,7154236,0,0,698691,0,0,0,0,0,0,0,0,0,0,0,0,0,0,0,0,0,0,0,0,0,0,1,1,1,False
0,3164095,0,1,36144,3,0,0,7154236,0,0,698691,0,0,0,0,0,0,0,0,0,0,0,0,0,0,0,0,0,0,0,0,0,0,1,1,1,False
0,3286786,0,1,36144,3,0,0,7154236,0,0,698691,0,0,0,0,0,0,0,0,0,0,0,0,0,0,0,0,0,0,0,0,0,0,1,1,1,False
0,3410389,0,1,36144,3,0,0,7154236,0,0,698691,0,0,0,0,0,0,0,0,0,0,0,0,0,0,0,0,0,0,0,0,0,0,1,1,1,False
0,3537416,0,1,36144,3,0,0,7154236,0,0,698691,0,0,0,0,0,0,0,0,0,0,0,0,0,0,0,0,0,0,0,0,0,0,1,1,1,False
0,3660153,0,1,36144,3,0,0,7154236,0,0,698691,0,0,0,0,0,0,0,0,0,0,0,0,0,0,0,0,0,0,0,0,0,0,1,1,1,False
0,3785377,0,1,36144,3,0,0,7154236,0,0,698691,0,0,0,0,0,0,0,0,0,0,0,0,0,0,0,0,0,0,0,0,0,0,1,1,1,False
0,3910693,0,1,36144,3,0,0,7154236,0,0,698691,0,0,0,0,0,0,0,0,0,0,0,0,0,0,0,0,0,0,0,0,0,0,1,1,1,False
0,4036234,0,1,36144,3,0,0,7154236,0,0,698691,0,0,0,0,0,0,0,0,0,0,0,0,0,0,0,0,0,0,0,0,0,0,1,1,1,False
0,4157632,0,1,36144,3,0,0,7154236,0,0,698691,0,0,0,0,0,0,0,0,0,0,0,0,0,0,0,0,0,0,0,0,0,0,1,1,1,False
0,4284564,0,1,36144,3,0,0,7154236,0,0,698691,0,0,0,0,0,0,0,0,0,0,0,0,0,0,0,0,0,0,0,0,0,0,1,1,1,False
0,4407938,0,1,36144,3,0,0,7154236,0,0,698691,0,0,0,0,0,0,0,0,0,0,0,0,0,0,0,0,0,0,0,0,0,0,1,1,1,False
0,4533024,0,1,36144,3,0,0,7154236,0,0,698691,0,0,0,0,0,0,0,0,0,0,0,0,0,0,0,0,0,0,0,0,0,0,1,1,1,False
0,4655029,0,1,36144,3,0,0,7154236,0,0,698691,0,0,0,0,0,0,0,0,0,0,0,0,0,0,0,0,0,0,0,0,0,0,1,1,1,False
0,4781896,0,1,36144,3,0,0,7154236,0,0,698691,0,0,0,0,0,0,0,0,0,0,0,0,0,0,0,0,0,0,0,0,0,0,1,1,1,False
0,490662,0,1,36144,3,0,0,7154236,0,0,698691,0,0,0,0,0,0,0,0,0,0,0,0,0,0,0,0,0,0,0,0,0,0,1,1,1,False
0,5030859,0,1,36144,3,0,0,7154236,0,0,698691,0,0,0,0,0,0,0,0,0,0,0,0,0,0,0,0,0,0,0,0,0,0,1,1,1,False
0,5155472,0,1,36144,3,0,0,7154236,0,0,698691,0,0,0,0,0,0,0,0,0,0,0,0,0,0,0,0,0,0,0,0,0,0,1,1,1,False
0,5279752,0,1,36144,3,0,0,7154236,0,0,698691,0,0,0,0,0,0,0,0,0,0,0,0,0,0,0,0,0,0,0,0,0,0,1,1,1,False
0,5401834,0,1,36144,3,0,0,7154236,0,0,698691,0,0,0,0,0,0,0,0,0,0,0,0,0,0,0,0,0,0,0,0,0,0,1,1,1,False
0,5526069,0,1,36144,3,0,0,7154236,0,0,698691,0,0,0,0,0,0,0,0,0,0,0,0,0,0,0,0,0,0,0,0,0,0,1,1,1,False
0,5650148,0,1,36144,3,0,0,7154236,0,0,698691,0,0,0,0,0,0,0,0,0,0,0,0,0,0,0,0,0,0,0,0,0,0,1,1,1,False
0,5776702,0,1,36144,3,0,0,7154236,0,0,698691,0,0,0,0,0,0,0,0,0,0,0,0,0,0,0,0,0,0,0,0,0,0,1,1,1,False
0,5903667,0,1,36144,3,0,0,7154236,0,0,698691,0,0,0,0,0,0,0,0,0,0,0,0,0,0,0,0,0,0,0,0,0,0,1,1,1,False
0,6043641,0,1,36144,3,0,0,7154236,0,0,698691,0,0,0,0,0,0,0,0,0,0,0,0,0,0,0,0,0,0,0,0,0,0,1,1,1,False
0,6167946,0,1,36144,3,0,0,7154236,0,0,698691,0,0,0,0,0,0,0,0,0,0,0,0,0,0,0,0,0,0,0,0,0,0,1,1,1,False
0,6288005,0,1,36144,3,0,0,7154236,0,0,698691,0,0,0,0,0,0,0,0,0,0,0,0,0,0,0,0,0,0,0,0,0,0,1,1,1,False
0,6428724,0,1,36144,3,0,0,7154236,0,0,698691,0,0,0,0,0,0,0,0,0,0,0,0,0,0,0,0,0,0,0,0,0,0,1,1,1,False
0,6546137,0,1,36144,3,0,0,7154236,0,0,698691,0,0,0,0,0,0,0,0,0,0,0,0,0,0,0,0,0,0,0,0,0,0,1,1,1,False
0,6662269,0,1,36144,3,0,0,7154236,0,0,698691,0,0,0,0,0,0,0,0,0,0,0,0,0,0,0,0,0,0,0,0,0,0,1,1,1,False
0,6786126,0,1,36144,3,0,0,7154236,0,0,698691,0,0,0,0,0,0,0,0,0,0,0,0,0,0,0,0,0,0,0,0,0,0,1,1,1,False
0,6911715,0,1,36144,3,0,0,7154236,0,0,698691,0,0,0,0,0,0,0,0,0,0,0,0,0,0,0,0,0,0,0,0,0,0,1,1,1,False
0,7039222,0,1,36144,3,0,0,7154236,0,0,698691,0,0,0,0,0,0,0,0,0,0,0,0,0,0,0,0,0,0,0,0,0,0,1,1,1,False
0,7162315,0,1,36144,3,0,0,7154236,0,0,698691,0,0,0,0,0,0,0,0,0,0,0,0,0,0,0,0,0,0,0,0,0,0,1,1,1,False
0,7292834,0,1,36144,3,0,0,7154236,0,0,698691,0,0,0,0,0,0,0,0,0,0,0,0,0,0,0,0,0,0,0,0,0,0,1,1,1,False
0,7412475,0,1,36144,3,0,0,7154236,0,0,698691,0,0,0,0,0,0,0,0,0,0,0,0,0,0,0,0,0,0,0,0,0,0,1,1,1,False
0,7535073,0,1,36144,3,0,0,7154236,0,0,698691,0,0,0,0,0,0,0,0,0,0,0,0,0,0,0,0,0,0,0,0,0,0,1,1,1,False
0,7663575,0,1,36144,3,0,0,7154236,0,0,698691,0,0,0,0,0,0,0,0,0,0,0,0,0,0,0,0,0,0,0,0,0,0,1,1,1,False
0,7784591,0,1,36144,3,0,0,7154236,0,0,698691,0,0,0,0,0,0,0,0,0,0,0,0,0,0,0,0,0,0,0,0,0,0,1,1,1,False
0,7910566,0,1,36144,3,0,0,7154236,0,0,698691,0,0,0,0,0,0,0,0,0,0,0,0,0,0,0,0,0,0,0,0,0,0,1,1,1,False
0,8031906,0,1,36144,3,0,0,7154236,0,0,698691,0,0,0,0,0,0,0,0,0,0,0,0,0,0,0,0,0,0,0,0,0,0,1,1,1,False
0,8157027,0,1,36144,3,0,0,7154236,0,0,698691,0,0,0,0,0,0,0,0,0,0,0,0,0,0,0,0,0,0,0,0,0,0,1,1,1,False
0,8283209,0,1,36144,3,0,0,7154236,0,0,698691,0,0,0,0,0,0,0,0,0,0,0,0,0,0,0,0,0,0,0,0,0,0,1,1,1,False
0,8404946,0,1,36144,3,0,0,7154236,0,0,698691,0,0,0,0,0,0,0,0,0,0,0,0,0,0,0,0,0,0,0,0,0,0,1,1,1,False
0,8529716,0,1,36144,3,0,0,7154236,0,0,698691,0,0,0,0,0,0,0,0,0,0,0,0,0,0,0,0,0,0,0,0,0,0,1,1,1,False
0,8654835,0,1,36144,3,0,0,7154236,0,0,698691,0,0,0,0,0,0,0,0,0,0,0,0,0,0,0,0,0,0,0,0,0,0,1,1,1,False
0,8778397,0,1,36144,3,0,0,7154236,0,0,698691,0,0,0,0,0,0,0,0,0,0,0,0,0,0,0,0,0,0,0,0,0,0,1,1,1,False
0,8905435,0,1,36144,3,0,0,7154236,0,0,698691,0,0,0,0,0,0,0,0,0,0,0,0,0,0,0,0,0,0,0,0,0,0,1,1,1,False
0,9027458,0,1,36144,3,0,0,7154236,0,0,698691,0,0,0,0,0,0,0,0,0,0,0,0,0,0,0,0,0,0,0,0,0,0,1,1,1,False
0,9149516,0,1,36144,3,0,0,7154236,0,0,698691,0,0,0,0,0,0,0,0,0,0,0,0,0,0,0,0,0,0,0,0,0,0,1,1,1,False
0,9277388,0,1,36144,3,0,0,7154236,0,0,698691,0,0,0,0,0,0,0,0,0,0,0,0,0,0,0,0,0,0,0,0,0,0,1,1,1,False
0,9398564,0,1,36144,3,0,0,7154236,0,0,698691,0,0,0,0,0,0,0,0,0,0,0,0,0,0,0,0,0,0,0,0,0,0,1,1,1,False
0,95218,0,1,36144,3,0,0,7154236,0,0,698691,0,0,0,0,0,0,0,0,0,0,0,0,0,0,0,0,0,0,0,0,0,0,1,1,1,False
0,9647787,0,1,36144,3,0,0,7154236,0,0,698691,0,0,0,0,0,0,0,0,0,0,0,0,0,0,0,0,0,0,0,0,0,0,1,1,1,False
0,9772809,0,1,36144,3,0,0,7154236,0,0,698691,0,0,0,0,0,0,0,0,0,0,0,0,0,0,0,0,0,0,0,0,0,0,1,1,1,False
0,9896663,0,1,36144,3,0,0,7154236,0,0,698691,0,0,0,0,0,0,0,0,0,0,0,0,0,0,0,0,0,0,0,0,0,0,1,1,1,False
1,002374,0,1,36144,3,0,0,7154236,0,0,698691,0,0,0,0,0,0,0,0,0,0,0,0,0,0,0,0,0,0,0,0,0,0,1,1,1,False
1,015194,0,1,36144,3,0,0,7154236,0,0,698691,0,0,0,0,0,0,0,0,0,0,0,0,0,0,0,0,0,0,0,0,0,0,1,1,1,False
1,02722,0,1,36144,3,0,0,7154236,0,0,698691,0,0,0,0,0,0,0,0,0,0,0,0,0,0,0,0,0,0,0,0,0,0,1,1,1,False
1,039503,0,1,36144,3,0,0,7154236,0,0,698691,0,0,0,0,0,0,0,0,0,0,0,0,0,0,0,0,0,0,0,0,0,0,1,1,1,False
1,052003,0,1,36144,3,0,0,7154236,0,0,698691,0,0,0,0,0,0,0,0,0,0,0,0,0,0,0,0,0,0,0,0,0,0,1,1,1,False
1,064105,0,1,36144,3,0,0,7154236,0,0,698691,0,0,0,0,0,0,0,0,0,0,0,0,0,0,0,0,0,0,0,0,0,0,1,1,1,False
1,076567,0,1,36144,3,0,0,7154236,0,0,698691,0,0,0,0,0,0,0,0,0,0,0,0,0,0,0,0,0,0,0,0,0,0,1,1,1,False
1,089154,0,1,36144,3,0,0,7154236,0,0,698691,0,0,0,0,0,0,0,0,0,0,0,0,0,0,0,0,0,0,0,0,0,0,1,1,1,False
1,101283,0,1,36144,3,0,0,7154236,0,0,698691,0,0,0,0,0,0,0,0,0,0,0,0,0,0,0,0,0,0,0,0,0,0,1,1,1,False
1,113746,0,1,36144,3,0,0,7154236,0,0,698691,0,0,0,0,0,0,0,0,0,0,0,0,0,0,0,0,0,0,0,0,0,0,1,1,1,False
1,126096,0,1,36144,3,0,0,7154236,0,0,698691,0,0,0,0,0,0,0,0,0,0,0,0,0,0,0,0,0,0,0,0,0,0,1,1,1,False
1,138456,0,1,36144,3,0,0,7154236,0,0,698691,0,0,0,0,0,0,0,0,0,0,0,0,0,0,0,0,0,0,0,0,0,0,1,1,1,False
1,151097,0,1,36144,3,0,0,7154236,0,0,698691,0,0,0,0,0,0,0,0,0,0,0,0,0,0,0,0,0,0,0,0,0,0,1,1,1,False
1,163427,0,1,36144,3,0,0,7154236,0,0,698691,0,0,0,0,0,0,0,0,0,0,0,0,0,0,0,0,0,0,0,0,0,0,1,1,1,False
1,175871,0,1,36144,3,0,0,7154236,0,0,698691,0,0,0,0,0,0,0,0,0,0,0,0,0,0,0,0,0,0,0,0,0,0,1,1,1,False
1,18821,0,1,36144,3,0,0,7154236,0,0,698691,0,0,0,0,0,0,0,0,0,0,0,0,0,0,0,0,0,0,0,0,0,0,1,1,1,False
1,200693,0,1,36144,3,0,0,7154236,0,0,698691,0,0,0,0,0,0,0,0,0,0,0,0,0,0,0,0,0,0,0,0,0,0,1,1,1,False
1,213025,0,1,36144,3,0,0,7154236,0,0,698691,0,0,0,0,0,0,0,0,0,0,0,0,0,0,0,0,0,0,0,0,0,0,1,1,1,False
1,225541,0,1,36144,3,0,0,7154236,0,0,698691,0,0,0,0,0,0,0,0,0,0,0,0,0,0,0,0,0,0,0,0,0,0,1,1,1,False
1,23787,0,1,36144,3,0,0,7154236,0,0,698691,0,0,0,0,0,0,0,0,0,0,0,0,0,0,0,0,0,0,0,0,0,0,1,1,1,False
1,250274,0,1,36144,3,0,0,7154236,0,0,698691,0,0,0,0,0,0,0,0,0,0,0,0,0,0,0,0,0,0,0,0,0,0,1,1,1,False
1,262618,0,1,36144,3,0,0,7154236,0,0,698691,0,0,0,0,0,0,0,0,0,0,0,0,0,0,0,0,0,0,0,0,0,0,1,1,1,False
1,275038,0,1,36144,3,0,0,7154236,0,0,698691,0,0,0,0,0,0,0,0,0,0,0,0,0,0,0,0,0,0,0,0,0,0,1,1,1,False
1,287532,0,1,36144,3,0,0,7154236,0,0,698691,0,0,0,0,0,0,0,0,0,0,0,0,0,0,0,0,0,0,0,0,0,0,1,1,1,False
1,299897,0,1,36144,3,0,0,7154236,0,0,698691,0,0,0,0,0,0,0,0,0,0,0,0,0,0,0,0,0,0,0,0,0,0,1,1,1,False
1,312415,0,1,36144,3,0,0,7154236,0,0,698691,0,0,0,0,0,0,0,0,0,0,0,0,0,0,0,0,0,0,0,0,0,0,1,1,1,False
1,324759,0,1,36144,3,0,0,7154236,0,0,698691,0,0,0,0,0,0,0,0,0,0,0,0,0,0,0,0,0,0,0,0,0,0,1,1,1,False
1,337066,0,1,36144,3,0,0,7154236,0,0,698691,0,0,0,0,0,0,0,0,0,0,0,0,0,0,0,0,0,0,0,0,0,0,1,1,1,False
1,349812,0,1,36144,3,0,0,7154236,0,0,698691,0,0,0,0,0,0,0,0,0,0,0,0,0,0,0,0,0,0,0,0,0,0,1,1,1,False
1,362253,0,1,36144,3,0,0,7154236,0,0,698691,0,0,0,0,0,0,0,0,0,0,0,0,0,0,0,0,0,0,0,0,0,0,1,1,1,False
1,375126,0,1,36144,3,0,0,7154236,0,0,698691,0,0,0,0,0,0,0,0,0,0,0,0,0,0,0,0,0,0,0,0,0,0,1,1,1,False
1,387776,0,1,36144,3,0,0,7154236,0,0,698691,0,0,0,0,0,0,0,0,0,0,0,0,0,0,0,0,0,0,0,0,0,0,1,1,1,False
1,401144,0,1,36144,3,0,0,7154236,0,0,698691,0,0,0,0,0,0,0,0,0,0,0,0,0,0,0,0,0,0,0,0,0,0,1,1,1,False
1,412502,0,1,36144,3,0,0,7154236,0,0,698691,0,0,0,0,0,0,0,0,0,0,0,0,0,0,0,0,0,0,0,0,0,0,1,1,1,False
1,424981,0,1,36144,3,0,0,7154236,0,0,698691,0,0,0,0,0,0,0,0,0,0,0,0,0,0,0,0,0,0,0,0,0,0,1,1,1,False
1,438273,0,1,36144,3,0,0,7154236,0,0,698691,0,0,0,0,0,0,0,0,0,0,0,0,0,0,0,0,0,0,0,0,0,0,1,1,1,False
1,450335,0,1,36144,3,0,0,7154236,0,0,698691,0,0,0,0,0,0,0,0,0,0,0,0,0,0,0,0,0,0,0,0,0,0,1,1,1,False
1,462305,0,1,36144,3,0,0,7154236,0,0,698691,0,0,0,0,0,0,0,0,0,0,0,0,0,0,0,0,0,0,0,0,0,0,1,1,1,False
1,474663,0,1,36144,3,0,0,7154236,0,0,698691,0,0,0,0,0,0,0,0,0,0,0,0,0,0,0,0,0,0,0,0,0,0,1,1,1,False
1,487198,0,1,36144,3,0,0,7154236,0,0,698691,0,0,0,0,0,0,0,0,0,0,0,0,0,0,0,0,0,0,0,0,0,0,1,1,1,False
1,499724,0,1,36144,3,0,0,7154236,0,0,698691,0,0,0,0,0,0,0,0,0,0,0,0,0,0,0,0,0,0,0,0,0,0,1,1,1,False
1,512094,0,1,36144,3,0,0,7154236,0,0,698691,0,0,0,0,0,0,0,0,0,0,0,0,0,0,0,0,0,0,0,0,0,0,1,1,1,False
1,524487,0,1,36144,3,0,0,7154236,0,0,698691,0,0,0,0,0,0,0,0,0,0,0,0,0,0,0,0,0,0,0,0,0,0,1,1,1,False
1,536834,0,1,36144,3,0,0,7154236,0,0,698691,0,0,0,0,0,0,0,0,0,0,0,0,0,0,0,0,0,0,0,0,0,0,1,1,1,False
1,549403,0,1,36144,3,0,0,7154236,0,0,698691,0,0,0,0,0,0,0,0,0,0,0,0,0,0,0,0,0,0,0,0,0,0,1,1,1,False
1,561779,0,1,36144,3,0,0,7154236,0,0,698691,0,0,0,0,0,0,0,0,0,0,0,0,0,0,0,0,0,0,0,0,0,0,1,1,1,False
1,574398,0,1,36144,3,0,0,7154236,0,0,698691,0,0,0,0,0,0,0,0,0,0,0,0,0,0,0,0,0,0,0,0,0,0,1,1,1,False
1,586891,0,1,36144,3,0,0,7154236,0,0,698691,0,0,0,0,0,0,0,0,0,0,0,0,0,0,0,0,0,0,0,0,0,0,1,1,1,False
1,599134,0,1,36144,3,0,0,7154236,0,0,698691,0,0,0,0,0,0,0,0,0,0,0,0,0,0,0,0,0,0,0,0,0,0,1,1,1,False
1,61142,0,1,36144,3,0,0,7154236,0,0,698691,0,0,0,0,0,0,0,0,0,0,0,0,0,0,0,0,0,0,0,0,0,0,1,1,1,False
1,623958,0,1,36144,3,0,0,7154236,0,0,698691,0,0,0,0,0,0,0,0,0,0,0,0,0,0,0,0,0,0,0,0,0,0,1,1,1,False
1,636485,0,1,36144,3,0,0,7154236,0,0,698691,0,0,0,0,0,0,0,0,0,0,0,0,0,0,0,0,0,0,0,0,0,0,1,1,1,False
1,648878,0,1,36144,3,0,0,7154236,0,0,698691,0,0,0,0,0,0,0,0,0,0,0,0,0,0,0,0,0,0,0,0,0,0,1,1,1,False
1,66147,0,1,36144,3,0,0,7154236,0,0,698691,0,0,0,0,0,0,0,0,0,0,0,0,0,0,0,0,0,0,0,0,0,0,1,1,1,False
1,674327,0,1,36144,3,0,0,7154236,0,0,698691,0,0,0,0,0,0,0,0,0,0,0,0,0,0,0,0,0,0,0,0,0,0,1,1,1,False
1,687601,0,1,36144,3,0,0,7154236,0,0,698691,0,0,0,0,0,0,0,0,0,0,0,0,0,0,0,0,0,0,0,0,0,0,1,1,1,False
1,699489,0,1,36144,3,0,0,7154236,0,0,698691,0,0,0,0,0,0,0,0,0,0,0,0,0,0,0,0,0,0,0,0,0,0,1,1,1,False
1,71198,0,1,36144,3,0,0,7154236,0,0,698691,0,0,0,0,0,0,0,0,0,0,0,0,0,0,0,0,0,0,0,0,0,0,1,1,1,False
1,724128,0,1,36144,3,0,0,7154236,0,0,698691,0,0,0,0,0,0,0,0,0,0,0,0,0,0,0,0,0,0,0,0,0,0,1,1,1,False
1,736865,0,1,36144,3,0,0,7154236,0,0,698691,0,0,0,0,0,0,0,0,0,0,0,0,0,0,0,0,0,0,0,0,0,0,1,1,1,False
1,749218,0,1,36144,3,0,0,7154236,0,0,698691,0,0,0,0,0,0,0,0,0,0,0,0,0,0,0,0,0,0,0,0,0,0,1,1,1,False
1,761612,0,1,36144,3,0,0,7154236,0,0,698691,0,0,0,0,0,0,0,0,0,0,0,0,0,0,0,0,0,0,0,0,0,0,1,1,1,False
1,774069,0,1,36144,3,0,0,7154236,0,0,698691,0,0,0,0,0,0,0,0,0,0,0,0,0,0,0,0,0,0,0,0,0,0,1,1,1,False
1,786691,0,1,36144,3,0,0,7154236,0,0,698691,0,0,0,0,0,0,0,0,0,0,0,0,0,0,0,0,0,0,0,0,0,0,1,1,1,False
1,799455,0,1,36144,3,0,0,7154236,0,0,698691,0,0,0,0,0,0,0,0,0,0,0,0,0,0,0,0,0,0,0,0,0,0,1,1,1,False
1,811707,0,1,36144,3,0,0,7154236,0,0,698691,0,0,0,0,0,0,0,0,0,0,0,0,0,0,0,0,0,0,0,0,0,0,1,1,1,False
1,824157,0,1,36144,3,0,0,7154236,0,0,698691,0,0,0,0,0,0,0,0,0,0,0,0,0,0,0,0,0,0,0,0,0,0,1,1,1,False
1,836746,0,1,36144,3,0,0,7154236,0,0,698691,0,0,0,0,0,0,0,0,0,0,0,0,0,0,0,0,0,0,0,0,0,0,1,1,1,False
1,848978,0,1,36144,3,0,0,7154236,0,0,698691,0,0,0,0,0,0,0,0,0,0,0,0,0,0,0,0,0,0,0,0,0,0,1,1,1,False
1,862026,0,1,36144,3,0,0,7154236,0,0,698691,0,0,0,0,0,0,0,0,0,0,0,0,0,0,0,0,0,0,0,0,0,0,1,1,1,False
1,874878,0,1,36144,3,0,0,7154236,0,0,698691,0,0,0,0,0,0,0,0,0,0,0,0,0,0,0,0,0,0,0,0,0,0,1,1,1,False
1,886861,0,1,36144,3,0,0,7154236,0,0,698691,0,0,0,0,0,0,0,0,0,0,0,0,0,0,0,0,0,0,0,0,0,0,1,1,1,False
1,900893,0,1,36144,3,0,0,7154236,0,0,698691,0,0,0,0,0,0,0,0,0,0,0,0,0,0,0,0,0,0,0,0,0,0,1,1,1,False
1,913561,0,1,36144,3,0,0,7154236,0,0,698691,0,0,0,0,0,0,0,0,0,0,0,0,0,0,0,0,0,0,0,0,0,0,1,1,1,False
1,926216,0,1,36144,3,0,0,7154236,0,0,698691,0,0,0,0,0,0,0,0,0,0,0,0,0,0,0,0,0,0,0,0,0,0,1,1,1,False
1,938932,0,1,36144,3,0,0,7154236,0,0,698691,0,0,0,0,0,0,0,0,0,0,0,0,0,0,0,0,0,0,0,0,0,0,1,1,1,False
1,95204,0,1,36144,3,0,0,7154236,0,0,698691,0,0,0,0,0,0,0,0,0,0,0,0,0,0,0,0,0,0,0,0,0,0,1,1,1,False
1,965241,0,1,36144,3,0,0,7154236,0,0,698691,0,0,0,0,0,0,0,0,0,0,0,0,0,0,0,0,0,0,0,0,0,0,1,1,1,False
1,978296,0,1,36144,3,0,0,7154236,0,0,698691,0,0,0,0,0,0,0,0,0,0,0,0,0,0,0,0,0,0,0,0,0,0,1,1,1,False
1,992095,0,1,36144,3,0,0,7154236,0,0,698691,0,0,0,0,0,0,0,0,0,0,0,0,0,0,0,0,0,0,0,0,0,0,1,1,1,False
2,00526,0,1,36144,3,0,0,7154236,0,0,698691,0,0,0,0,0,0,0,0,0,0,0,0,0,0,0,0,0,0,0,0,0,0,1,1,1,False
2,018906,0,1,36144,3,0,0,7154236,0,0,698691,0,0,0,0,0,0,0,0,0,0,0,0,0,0,0,0,0,0,0,0,0,0,1,1,1,False
2,031809,0,1,36144,3,0,0,7154236,0,0,698691,0,0,0,0,0,0,0,0,0,0,0,0,0,0,0,0,0,0,0,0,0,0,1,1,1,False
2,044265,0,1,36144,3,0,0,7154236,0,0,698691,0,0,0,0,0,0,0,0,0,0,0,0,0,0,0,0,0,0,0,0,0,0,1,1,1,False
2,056468,0,1,36144,3,0,0,7154236,0,0,698691,0,0,0,0,0,0,0,0,0,0,0,0,0,0,0,0,0,0,0,0,0,0,1,1,1,False
2,069601,0,1,36144,3,0,0,7154236,0,0,698691,0,0,0,0,0,0,0,0,0,0,0,0,0,0,0,0,0,0,0,0,0,0,1,1,1,False
2,082023,0,1,36144,3,0,0,7154236,0,0,698691,0,0,0,0,0,0,0,0,0,0,0,0,0,0,0,0,0,0,0,0,0,0,1,1,1,False
2,094355,0,1,36144,3,0,0,7154236,0,0,698691,0,0,0,0,0,0,0,0,0,0,0,0,0,0,0,0,0,0,0,0,0,0,1,1,1,False
2,109859,0,1,36144,3,0,0,7154236,0,0,698691,0,0,0,0,0,0,0,0,0,0,0,0,0,0,0,0,0,0,0,0,0,0,1,1,1,False
2,121745,0,1,36144,3,0,0,7154236,0,0,698691,0,0,0,0,0,0,0,0,0,0,0,0,0,0,0,0,0,0,0,0,0,0,1,1,1,False
2,133132,0,1,36144,3,0,0,7154236,0,0,698691,0,0,0,0,0,0,0,0,0,0,0,0,0,0,0,0,0,0,0,0,0,0,1,1,1,False
2,144483,0,1,36144,3,0,0,7154236,0,0,698691,0,0,0,0,0,0,0,0,0,0,0,0,0,0,0,0,0,0,0,0,0,0,1,1,1,False
2,155904,0,1,36144,3,0,0,7154236,0,0,698691,0,0,0,0,0,0,0,0,0,0,0,0,0,0,0,0,0,0,0,0,0,0,1,1,1,False
2,168484,0,1,36144,3,0,0,7154236,0,0,698691,0,0,0,0,0,0,0,0,0,0,0,0,0,0,0,0,0,0,0,0,0,0,1,1,1,False
2,182544,0,1,36144,3,0,0,7154236,0,0,698691,0,0,0,0,0,0,0,0,0,0,0,0,0,0,0,0,0,0,0,0,0,0,1,1,1,False
2,196661,0,1,36144,3,0,0,7154236,0,0,698691,0,0,0,0,0,0,0,0,0,0,0,0,0,0,0,0,0,0,0,0,0,0,1,1,1,False
2,209722,0,1,36144,3,0,0,7154236,0,0,698691,0,0,0,0,0,0,0,0,0,0,0,0,0,0,0,0,0,0,0,0,0,0,1,1,1,False
2,223342,0,1,36144,3,0,0,7154236,0,0,698691,0,0,0,0,0,0,0,0,0,0,0,0,0,0,0,0,0,0,0,0,0,0,1,1,1,False
2,235792,0,1,36144,3,0,0,7154236,0,0,698691,0,0,0,0,0,0,0,0,0,0,0,0,0,0,0,0,0,0,0,0,0,0,1,1,1,False
2,248776,0,1,36144,3,0,0,7154236,0,0,698691,0,0,0,0,0,0,0,0,0,0,0,0,0,0,0,0,0,0,0,0,0,0,1,1,1,False
2,26178,0,1,36144,3,0,0,7154236,0,0,698691,0,0,0,0,0,0,0,0,0,0,0,0,0,0,0,0,0,0,0,0,0,0,1,1,1,False
2,272651,0,1,36144,3,0,0,7154236,0,0,698691,0,0,0,0,0,0,0,0,0,0,0,0,0,0,0,0,0,0,0,0,0,0,1,1,1,False
2,284536,0,1,36144,3,0,0,7154236,0,0,698691,0,0,0,0,0,0,0,0,0,0,0,0,0,0,0,0,0,0,0,0,0,0,1,1,1,False
2,296499,0,1,36144,3,0,0,7154236,0,0,698691,0,0,0,0,0,0,0,0,0,0,0,0,0,0,0,0,0,0,0,0,0,0,1,1,1,False
2,308631,0,1,36144,3,0,0,7154236,0,0,698691,0,0,0,0,0,0,0,0,0,0,0,0,0,0,0,0,0,0,0,0,0,0,1,1,1,False
2,32117,0,1,36144,3,0,0,7154236,0,0,698691,0,0,0,0,0,0,0,0,0,0,0,0,0,0,0,0,0,0,0,0,0,0,1,1,1,False
2,333817,0,1,36144,3,0,0,7154236,0,0,698691,0,0,0,0,0,0,0,0,0,0,0,0,0,0,0,0,0,0,0,0,0,0,1,1,1,False
2,346063,0,1,36144,3,0,0,7154236,0,0,698691,0,0,0,0,0,0,0,0,0,0,0,0,0,0,0,0,0,0,0,0,0,0,1,1,1,False
2,358495,0,1,36144,3,0,0,7154236,0,0,698691,0,0,0,0,0,0,0,0,0,0,0,0,0,0,0,0,0,0,0,0,0,0,1,1,1,False
2,371138,0,1,36144,3,0,0,7154236,0,0,698691,0,0,0,0,0,0,0,0,0,0,0,0,0,0,0,0,0,0,0,0,0,0,1,1,1,False
2,383646,0,1,36144,3,0,0,7154236,0,0,698691,0,0,0,0,0,0,0,0,0,0,0,0,0,0,0,0,0,0,0,0,0,0,1,1,1,False
2,395876,0,1,36144,3,0,0,7154236,0,0,698691,0,0,0,0,0,0,0,0,0,0,0,0,0,0,0,0,0,0,0,0,0,0,1,1,1,False
2,408306,0,1,36144,3,0,0,7154236,0,0,698691,0,0,0,0,0,0,0,0,0,0,0,0,0,0,0,0,0,0,0,0,0,0,1,1,1,False
2,420791,0,1,36144,3,0,0,7154236,0,0,698691,0,0,0,0,0,0,0,0,0,0,0,0,0,0,0,0,0,0,0,0,0,0,1,1,1,False
2,433276,0,1,36144,3,0,0,7154236,0,0,698691,0,0,0,0,0,0,0,0,0,0,0,0,0,0,0,0,0,0,0,0,0,0,1,1,1,False
2,445591,0,1,36144,3,0,0,7154236,0,0,698691,0,0,0,0,0,0,0,0,0,0,0,0,0,0,0,0,0,0,0,0,0,0,1,1,1,False
2,458293,0,1,36144,3,0,0,7154236,0,0,698691,0,0,0,0,0,0,0,0,0,0,0,0,0,0,0,0,0,0,0,0,0,0,1,1,1,False
2,470821,0,1,36144,3,0,0,7154236,0,0,698691,0,0,0,0,0,0,0,0,0,0,0,0,0,0,0,0,0,0,0,0,0,0,1,1,1,False
2,48344,0,1,36144,3,0,0,7154236,0,0,698691,0,0,0,0,0,0,0,0,0,0,0,0,0,0,0,0,0,0,0,0,0,0,1,1,1,False
2,495348,0,1,36144,3,0,0,7154236,0,0,698691,0,0,0,0,0,0,0,0,0,0,0,0,0,0,0,0,0,0,0,0,0,0,1,1,1,False
2,508411,0,1,36144,3,0,0,7154236,0,0,698691,0,0,0,0,0,0,0,0,0,0,0,0,0,0,0,0,0,0,0,0,0,0,1,1,1,False
2,520721,0,1,36144,3,0,0,7154236,0,0,698691,0,0,0,0,0,0,0,0,0,0,0,0,0,0,0,0,0,0,0,0,0,0,1,1,1,False
2,53322,0,1,36144,3,0,0,7154236,0,0,698691,0,0,0,0,0,0,0,0,0,0,0,0,0,0,0,0,0,0,0,0,0,0,1,1,1,False
2,54587,0,1,36144,3,0,0,7154236,0,0,698691,0,0,0,0,0,0,0,0,0,0,0,0,0,0,0,0,0,0,0,0,0,0,1,1,1,False
2,558687,0,1,36144,3,0,0,7154236,0,0,698691,0,0,0,0,0,0,0,0,0,0,0,0,0,0,0,0,0,0,0,0,0,0,1,1,1,False
2,570889,0,1,36144,3,0,0,7154236,0,0,698691,0,0,0,0,0,0,0,0,0,0,0,0,0,0,0,0,0,0,0,0,0,0,1,1,1,False
2,583282,0,1,36144,3,0,0,7154236,0,0,698691,0,0,0,0,0,0,0,0,0,0,0,0,0,0,0,0,0,0,0,0,0,0,1,1,1,False
2,595998,0,1,36144,3,0,0,7154236,0,0,698691,0,0,0,0,0,0,0,0,0,0,0,0,0,0,0,0,0,0,0,0,0,0,1,1,1,False
2,608789,0,1,36144,3,0,0,7154236,0,0,698691,0,0,0,0,0,0,0,0,0,0,0,0,0,0,0,0,0,0,0,0,0,0,1,1,1,False
2,621354,0,1,36144,3,0,0,7154236,0,0,698691,0,0,0,0,0,0,0,0,0,0,0,0,0,0,0,0,0,0,0,0,0,0,1,1,1,False
2,633844,0,1,36144,3,0,0,7154236,0,0,698691,0,0,0,0,0,0,0,0,0,0,0,0,0,0,0,0,0,0,0,0,0,0,1,1,1,False
2,647184,0,1,36144,3,0,0,7154236,0,0,698691,0,0,0,0,0,0,0,0,0,0,0,0,0,0,0,0,0,0,0,0,0,0,1,1,1,False
2,660545,0,1,36144,3,0,0,7154236,0,0,698691,0,0,0,0,0,0,0,0,0,0,0,0,0,0,0,0,0,0,0,0,0,0,1,1,1,False
2,67263,0,1,36144,3,0,0,7154236,0,0,698691,0,0,0,0,0,0,0,0,0,0,0,0,0,0,0,0,0,0,0,0,0,0,1,1,1,False
2,684768,0,1,36144,3,0,0,7154236,0,0,698691,0,0,0,0,0,0,0,0,0,0,0,0,0,0,0,0,0,0,0,0,0,0,1,1,1,False
2,697526,0,1,36144,3,0,0,7154236,0,0,698691,0,0,0,0,0,0,0,0,0,0,0,0,0,0,0,0,0,0,0,0,0,0,1,1,1,False
2,709883,0,1,36144,3,0,0,7154236,0,0,698691,0,0,0,0,0,0,0,0,0,0,0,0,0,0,0,0,0,0,0,0,0,0,1,1,1,False
2,722389,0,1,36144,3,0,0,7154236,0,0,698691,0,0,0,0,0,0,0,0,0,0,0,0,0,0,0,0,0,0,0,0,0,0,1,1,1,False
2,734947,0,1,36144,3,0,0,7154236,0,0,698691,0,0,0,0,0,0,0,0,0,0,0,0,0,0,0,0,0,0,0,0,0,0,1,1,1,False
2,747646,0,1,36144,3,0,0,7154236,0,0,698691,0,0,0,0,0,0,0,0,0,0,0,0,0,0,0,0,0,0,0,0,0,0,1,1,1,False
2,759924,0,1,36144,3,0,0,7154236,0,0,698691,0,0,0,0,0,0,0,0,0,0,0,0,0,0,0,0,0,0,0,0,0,0,1,1,1,False
2,772408,0,1,36144,3,0,0,7154236,0,0,698691,0,0,0,0,0,0,0,0,0,0,0,0,0,0,0,0,0,0,0,0,0,0,1,1,1,False
2,785434,0,1,36144,3,0,0,7154236,0,0,698691,0,0,0,0,0,0,0,0,0,0,0,0,0,0,0,0,0,0,0,0,0,0,1,1,1,False
2,798295,0,1,36144,3,0,0,7154236,0,0,698691,0,0,0,0,0,0,0,0,0,0,0,0,0,0,0,0,0,0,0,0,0,0,1,1,1,False
2,81028,0,1,36144,3,0,0,7154236,0,0,698691,0,0,0,0,0,0,0,0,0,0,0,0,0,0,0,0,0,0,0,0,0,0,1,1,1,False
2,822498,0,1,36144,3,0,0,7154236,0,0,698691,0,0,0,0,0,0,0,0,0,0,0,0,0,0,0,0,0,0,0,0,0,0,1,1,1,False
2,835158,0,1,36144,3,0,0,7154236,0,0,698691,0,0,0,0,0,0,0,0,0,0,0,0,0,0,0,0,0,0,0,0,0,0,1,1,1,False
2,847738,0,1,36144,3,0,0,7154236,0,0,698691,0,0,0,0,0,0,0,0,0,0,0,0,0,0,0,0,0,0,0,0,0,0,1,1,1,False
2,860077,0,1,36144,3,0,0,7154236,0,0,698691,0,0,0,0,0,0,0,0,0,0,0,0,0,0,0,0,0,0,0,0,0,0,1,1,1,False
2,872929,0,1,36144,3,0,0,7154236,0,0,698691,0,0,0,0,0,0,0,0,0,0,0,0,0,0,0,0,0,0,0,0,0,0,1,1,1,False
2,884955,0,1,36144,3,0,0,7154236,0,0,698691,0,0,0,0,0,0,0,0,0,0,0,0,0,0,0,0,0,0,0,0,0,0,1,1,1,False
2,897436,0,1,36144,3,0,0,7154236,0,0,698691,0,0,0,0,0,0,0,0,0,0,0,0,0,0,0,0,0,0,0,0,0,0,1,1,1,False
2,909785,0,1,36144,3,0,0,7154236,0,0,698691,0,0,0,0,0,0,0,0,0,0,0,0,0,0,0,0,0,0,0,0,0,0,1,1,1,False
2,922212,0,1,36144,3,0,0,7154236,0,0,698691,0,0,0,0,0,0,0,0,0,0,0,0,0,0,0,0,0,0,0,0,0,0,1,1,1,False
2,934837,0,1,36144,3,0,0,7154236,0,0,698691,0,0,0,0,0,0,0,0,0,0,0,0,0,0,0,0,0,0,0,0,0,0,1,1,1,False
2,947629,0,1,36144,3,0,0,7154236,0,0,698691,0,0,0,0,0,0,0,0,0,0,0,0,0,0,0,0,0,0,0,0,0,0,1,1,1,False
2,960676,0,1,36144,3,0,0,7154236,0,0,698691,0,0,0,0,0,0,0,0,0,0,0,0,0,0,0,0,0,0,0,0,0,0,1,1,1,False
2,972373,0,1,36144,3,0,0,7154236,0,0,698691,0,0,0,0,0,0,0,0,0,0,0,0,0,0,0,0,0,0,0,0,0,0,1,1,1,False
2,984893,0,1,36144,3,0,0,7154236,0,0,698691,0,0,0,0,0,0,0,0,0,0,0,0,0,0,0,0,0,0,0,0,0,0,1,1,1,False
2,997506,0,1,36144,3,0,0,7154236,0,0,698691,0,0,0,0,0,0,0,0,0,0,0,0,0,0,0,0,0,0,0,0,0,0,1,1,1,False
3,010059,0,1,36144,3,0,0,7154236,0,0,698691,0,0,0,0,0,0,0,0,0,0,0,0,0,0,0,0,0,0,0,0,0,0,1,1,1,False
3,022851,0,1,36144,3,0,0,7154236,0,0,698691,0,0,0,0,0,0,0,0,0,0,0,0,0,0,0,0,0,0,0,0,0,0,1,1,1,False
3,035304,0,1,36144,3,0,0,7154236,0,0,698691,0,0,0,0,0,0,0,0,0,0,0,0,0,0,0,0,0,0,0,0,0,0,1,1,1,False
3,047727,0,1,36144,3,0,0,7154236,0,0,698691,0,0,0,0,0,0,0,0,0,0,0,0,0,0,0,0,0,0,0,0,0,0,1,1,1,False
3,060363,0,1,36144,3,0,0,7154236,0,0,698691,0,0,0,0,0,0,0,0,0,0,0,0,0,0,0,0,0,0,0,0,0,0,1,1,1,False
3,073143,0,1,36144,3,0,0,7154236,0,0,698691,0,0,0,0,0,0,0,0,0,0,0,0,0,0,0,0,0,0,0,0,0,0,1,1,1,False
3,085335,0,1,36144,3,0,0,7154236,0,0,698691,0,0,0,0,0,0,0,0,0,0,0,0,0,0,0,0,0,0,0,0,0,0,1,1,1,False
3,097877,0,1,36144,3,0,0,7154236,0,0,698691,0,0,0,0,0,0,0,0,0,0,0,0,0,0,0,0,0,0,0,0,0,0,1,1,1,False
3,110408,0,1,36144,3,0,0,7154236,0,0,698691,0,0,0,0,0,0,0,0,0,0,0,0,0,0,0,0,0,0,0,0,0,0,1,1,1,False
3,123357,0,1,36144,3,0,0,7154236,0,0,698691,0,0,0,0,0,0,0,0,0,0,0,0,0,0,0,0,0,0,0,0,0,0,1,1,1,False
3,135803,0,1,36144,3,0,0,7154236,0,0,698691,0,0,0,0,0,0,0,0,0,0,0,0,0,0,0,0,0,0,0,0,0,0,1,1,1,False
3,148444,0,1,36144,3,0,0,7154236,0,0,698691,0,0,0,0,0,0,0,0,0,0,0,0,0,0,0,0,0,0,0,0,0,0,1,1,1,False
3,160994,0,1,36144,3,0,0,7154236,0,0,698691,0,0,0,0,0,0,0,0,0,0,0,0,0,0,0,0,0,0,0,0,0,0,1,1,1,False
3,174939,0,1,36144,3,0,0,7154236,0,0,698691,0,0,0,0,0,0,0,0,0,0,0,0,0,0,0,0,0,0,0,0,0,0,1,1,1,False
3,187094,0,1,36144,3,0,0,7154236,0,0,698691,0,0,0,0,0,0,0,0,0,0,0,0,0,0,0,0,0,0,0,0,0,0,1,1,1,False
3,19962,0,1,36144,3,0,0,7154236,0,0,698691,0,0,0,0,0,0,0,0,0,0,0,0,0,0,0,0,0,0,0,0,0,0,1,1,1,False
3,212509,0,1,36144,3,0,0,7154236,0,0,698691,0,0,0,0,0,0,0,0,0,0,0,0,0,0,0,0,0,0,0,0,0,0,1,1,1,False
3,225114,0,1,36144,3,0,0,7154236,0,0,698691,0,0,0,0,0,0,0,0,0,0,0,0,0,0,0,0,0,0,0,0,0,0,1,1,1,False
3,237806,0,1,36144,3,0,0,7154236,0,0,698691,0,0,0,0,0,0,0,0,0,0,0,0,0,0,0,0,0,0,0,0,0,0,1,1,1,False
3,250352,0,1,36144,3,0,0,7154236,0,0,698691,0,0,0,0,0,0,0,0,0,0,0,0,0,0,0,0,0,0,0,0,0,0,1,1,1,False
3,263198,0,1,36144,3,0,0,7154236,0,0,698691,0,0,0,0,0,0,0,0,0,0,0,0,0,0,0,0,0,0,0,0,0,0,1,1,1,False
3,275294,0,1,36144,3,0,0,7154236,0,0,698691,0,0,0,0,0,0,0,0,0,0,0,0,0,0,0,0,0,0,0,0,0,0,1,1,1,False
3,287966,0,1,36144,3,0,0,7154236,0,0,698691,0,0,0,0,0,0,0,0,0,0,0,0,0,0,0,0,0,0,0,0,0,0,1,1,1,False
3,300498,0,1,36144,3,0,0,7154236,0,0,698691,0,0,0,0,0,0,0,0,0,0,0,0,0,0,0,0,0,0,0,0,0,0,1,1,1,False
3,312954,0,1,36144,3,0,0,7154236,0,0,698691,0,0,0,0,0,0,0,0,0,0,0,0,0,0,0,0,0,0,0,0,0,0,1,1,1,False
3,325391,0,1,36144,3,0,0,7154236,0,0,698691,0,0,0,0,0,0,0,0,0,0,0,0,0,0,0,0,0,0,0,0,0,0,1,1,1,False
3,337947,0,1,36144,3,0,0,7154236,0,0,698691,0,0,0,0,0,0,0,0,0,0,0,0,0,0,0,0,0,0,0,0,0,0,1,1,1,False
3,350404,0,1,36144,3,0,0,7154236,0,0,698691,0,0,0,0,0,0,0,0,0,0,0,0,0,0,0,0,0,0,0,0,0,0,1,1,1,False
3,363506,0,1,36144,3,0,0,7154236,0,0,698691,0,0,0,0,0,0,0,0,0,0,0,0,0,0,0,0,0,0,0,0,0,0,1,1,1,False
3,376885,0,1,36144,3,0,0,7154236,0,0,698691,0,0,0,0,0,0,0,0,0,0,0,0,0,0,0,0,0,0,0,0,0,0,1,1,1,False
3,391052,0,1,36144,3,0,0,7154236,0,0,698691,0,0,0,0,0,0,0,0,0,0,0,0,0,0,0,0,0,0,0,0,0,0,1,1,1,False
3,40591,0,1,36144,3,0,0,7154236,0,0,698691,0,0,0,0,0,0,0,0,0,0,0,0,0,0,0,0,0,0,0,0,0,0,1,1,1,False
3,419178,0,1,36144,3,0,0,7154236,0,0,698691,0,0,0,0,0,0,0,0,0,0,0,0,0,0,0,0,0,0,0,0,0,0,1,1,1,False
3,433597,0,1,36144,3,0,0,7154236,0,0,698691,0,0,0,0,0,0,0,0,0,0,0,0,0,0,0,0,0,0,0,0,0,0,1,1,1,False
3,445042,0,1,36144,3,0,0,7154236,0,0,698691,0,0,0,0,0,0,0,0,0,0,0,0,0,0,0,0,0,0,0,0,0,0,1,1,1,False
3,457289,0,1,36144,3,0,0,7154236,0,0,698691,0,0,0,0,0,0,0,0,0,0,0,0,0,0,0,0,0,0,0,0,0,0,1,1,1,False
3,468311,0,1,36144,3,0,0,7154236,0,0,698691,0,0,0,0,0,0,0,0,0,0,0,0,0,0,0,0,0,0,0,0,0,0,1,1,1,False
3,479043,0,1,36144,3,0,0,7154236,0,0,698691,0,0,0,0,0,0,0,0,0,0,0,0,0,0,0,0,0,0,0,0,0,0,1,1,1,False
3,491935,0,1,36144,3,0,0,7154236,0,0,698691,0,0,0,0,0,0,0,0,0,0,0,0,0,0,0,0,0,0,0,0,0,0,1,1,1,False
3,504251,0,1,36144,3,0,0,7154236,0,0,698691,0,0,0,0,0,0,0,0,0,0,0,0,0,0,0,0,0,0,0,0,0,0,1,1,1,False
3,516951,0,1,36144,3,0,0,7154236,0,0,698691,0,0,0,0,0,0,0,0,0,0,0,0,0,0,0,0,0,0,0,0,0,0,1,1,1,False
3,529388,0,1,36144,3,0,0,7154236,0,0,698691,0,0,0,0,0,0,0,0,0,0,0,0,0,0,0,0,0,0,0,0,0,0,1,1,1,False
3,542195,0,1,36144,3,0,0,7154236,0,0,698691,0,0,0,0,0,0,0,0,0,0,0,0,0,0,0,0,0,0,0,0,0,0,1,1,1,False
3,554584,0,1,36144,3,0,0,7154236,0,0,698691,0,0,0,0,0,0,0,0,0,0,0,0,0,0,0,0,0,0,0,0,0,0,1,1,1,False
3,567147,0,1,36144,3,0,0,7154236,0,0,698691,0,0,0,0,0,0,0,0,0,0,0,0,0,0,0,0,0,0,0,0,0,0,1,1,1,False
3,579727,0,1,36144,3,0,0,7154236,0,0,698691,0,0,0,0,0,0,0,0,0,0,0,0,0,0,0,0,0,0,0,0,0,0,1,1,1,False
3,592158,0,1,36144,3,0,0,7154236,0,0,698691,0,0,0,0,0,0,0,0,0,0,0,0,0,0,0,0,0,0,0,0,0,0,1,1,1,False
3,60513,0,1,36144,3,0,0,7154236,0,0,698691,0,0,0,0,0,0,0,0,0,0,0,0,0,0,0,0,0,0,0,0,0,0,1,1,1,False
3,617279,0,1,36144,3,0,0,7154236,0,0,698691,0,0,0,0,0,0,0,0,0,0,0,0,0,0,0,0,0,0,0,0,0,0,1,1,1,False
3,629942,0,1,36144,3,0,0,7154236,0,0,698691,0,0,0,0,0,0,0,0,0,0,0,0,0,0,0,0,0,0,0,0,0,0,1,1,1,False
3,642799,0,1,36144,3,0,0,7154236,0,0,698691,0,0,0,0,0,0,0,0,0,0,0,0,0,0,0,0,0,0,0,0,0,0,1,1,1,False
3,65621,0,1,36144,3,0,0,7154236,0,0,698691,0,0,0,0,0,0,0,0,0,0,0,0,0,0,0,0,0,0,0,0,0,0,1,1,1,False
3,66842,0,1,36144,3,0,0,7154236,0,0,698691,0,0,0,0,0,0,0,0,0,0,0,0,0,0,0,0,0,0,0,0,0,0,1,1,1,False
3,682097,0,1,36144,3,0,0,7154236,0,0,698691,0,0,0,0,0,0,0,0,0,0,0,0,0,0,0,0,0,0,0,0,0,0,1,1,1,False
3,694458,0,1,36144,3,0,0,7154236,0,0,698691,0,0,0,0,0,0,0,0,0,0,0,0,0,0,0,0,0,0,0,0,0,0,1,1,1,False
3,707323,0,1,36144,3,0,0,7154236,0,0,698691,0,0,0,0,0,0,0,0,0,0,0,0,0,0,0,0,0,0,0,0,0,0,1,1,1,False
3,719834,0,1,36144,3,0,0,7154236,0,0,698691,0,0,0,0,0,0,0,0,0,0,0,0,0,0,0,0,0,0,0,0,0,0,1,1,1,False
3,733171,0,1,36144,3,0,0,7154236,0,0,698691,0,0,0,0,0,0,0,0,0,0,0,0,0,0,0,0,0,0,0,0,0,0,1,1,1,False
3,745059,0,1,36144,3,0,0,7154236,0,0,698691,0,0,0,0,0,0,0,0,0,0,0,0,0,0,0,0,0,0,0,0,0,0,1,1,1,False
3,758577,0,1,36144,3,0,0,7154236,0,0,698691,0,0,0,0,0,0,0,0,0,0,0,0,0,0,0,0,0,0,0,0,0,0,1,1,1,False
3,771032,0,1,36144,3,0,0,7154236,0,0,698691,0,0,0,0,0,0,0,0,0,0,0,0,0,0,0,0,0,0,0,0,0,0,1,1,1,False
3,783398,0,1,36144,3,0,0,7154236,0,0,698691,0,0,0,0,0,0,0,0,0,0,0,0,0,0,0,0,0,0,0,0,0,0,1,1,1,False
3,794648,0,1,36144,3,0,0,7154236,0,0,698691,0,0,0,0,0,0,0,0,0,0,0,0,0,0,0,0,0,0,0,0,0,0,1,1,1,False
3,807487,0,1,36144,3,0,0,7154236,0,0,698691,0,0,0,0,0,0,0,0,0,0,0,0,0,0,0,0,0,0,0,0,0,0,1,1,1,False
3,821076,0,1,36144,3,0,0,7154236,0,0,698691,0,0,0,0,0,0,0,0,0,0,0,0,0,0,0,0,0,0,0,0,0,0,1,1,1,False
3,832721,0,1,36144,3,0,0,7154236,0,0,698691,0,0,0,0,0,0,0,0,0,0,0,0,0,0,0,0,0,0,0,0,0,0,1,1,1,False
3,84531,0,1,36144,3,0,0,7154236,0,0,698691,0,0,0,0,0,0,0,0,0,0,0,0,0,0,0,0,0,0,0,0,0,0,1,1,1,False
3,857492,0,1,36144,3,0,0,7154236,0,0,698691,0,0,0,0,0,0,0,0,0,0,0,0,0,0,0,0,0,0,0,0,0,0,1,1,1,False
3,870194,0,1,36144,3,0,0,7154236,0,0,698691,0,0,0,0,0,0,0,0,0,0,0,0,0,0,0,0,0,0,0,0,0,0,1,1,1,False
3,882901,0,1,36144,3,0,0,7154236,0,0,698691,0,0,0,0,0,0,0,0,0,0,0,0,0,0,0,0,0,0,0,0,0,0,1,1,1,False
3,895268,0,1,36144,3,0,0,7154236,0,0,698691,0,0,0,0,0,0,0,0,0,0,0,0,0,0,0,0,0,0,0,0,0,0,1,1,1,False
3,907803,0,1,36144,3,0,0,7154236,0,0,698691,0,0,0,0,0,0,0,0,0,0,0,0,0,0,0,0,0,0,0,0,0,0,1,1,1,False
3,920573,0,1,36144,3,0,0,7154236,0,0,698691,0,0,0,0,0,0,0,0,0,0,0,0,0,0,0,0,0,0,0,0,0,0,1,1,1,False
3,933141,0,1,36144,3,0,0,7154236,0,0,698691,0,0,0,0,0,0,0,0,0,0,0,0,0,0,0,0,0,0,0,0,0,0,1,1,1,False
3,94571,0,1,36144,3,0,0,7154236,0,0,698691,0,0,0,0,0,0,0,0,0,0,0,0,0,0,0,0,0,0,0,0,0,0,1,1,1,False
3,958216,0,1,36144,3,0,0,7154236,0,0,698691,0,0,0,0,0,0,0,0,0,0,0,0,0,0,0,0,0,0,0,0,0,0,1,1,1,False
3,971032,0,1,36144,3,0,0,7154236,0,0,698691,0,0,0,0,0,0,0,0,0,0,0,0,0,0,0,0,0,0,0,0,0,0,1,1,1,False
3,983598,0,1,36144,3,0,0,7154236,0,0,698691,0,0,0,0,0,0,0,0,0,0,0,0,0,0,0,0,0,0,0,0,0,0,1,1,1,False
3,99634,0,1,36144,3,0,0,7154236,0,0,698691,0,0,0,0,0,0,0,0,0,0,0,0,0,0,0,0,0,0,0,0,0,0,1,1,1,False
4,008542,0,1,36144,3,0,0,7154236,0,0,698691,0,0,0,0,0,0,0,0,0,0,0,0,0,0,0,0,0,0,0,0,0,0,1,1,1,False
4,021677,0,1,36144,3,0,0,7154236,0,0,698691,0,0,0,0,0,0,0,0,0,0,0,0,0,0,0,0,0,0,0,0,0,0,1,1,1,False
4,034305,0,1,36144,3,0,0,7154236,0,0,698691,0,0,0,0,0,0,0,0,0,0,0,0,0,0,0,0,0,0,0,0,0,0,1,1,1,False
4,047006,0,1,36144,3,0,0,7154236,0,0,698691,0,0,0,0,0,0,0,0,0,0,0,0,0,0,0,0,0,0,0,0,0,0,1,1,1,False
4,059152,0,1,36144,3,0,0,7154236,0,0,698691,0,0,0,0,0,0,0,0,0,0,0,0,0,0,0,0,0,0,0,0,0,0,1,1,1,False
4,072884,0,1,36144,3,0,0,7154236,0,0,698691,0,0,0,0,0,0,0,0,0,0,0,0,0,0,0,0,0,0,0,0,0,0,1,1,1,False
4,089134,0,1,36144,3,0,0,7154236,0,0,698691,0,0,0,0,0,0,0,0,0,0,0,0,0,0,0,0,0,0,0,0,0,0,1,1,1,False
4,105308,0,1,36144,3,0,0,7154236,0,0,698691,0,0,0,0,0,0,0,0,0,0,0,0,0,0,0,0,0,0,0,0,0,0,1,1,1,False
4,122468,0,1,36144,3,0,0,7154236,0,0,698691,0,0,0,0,0,0,0,0,0,0,0,0,0,0,0,0,0,0,0,0,0,0,1,1,1,False
4,142715,0,1,36144,3,0,0,7154236,0,0,698691,0,0,0,0,0,0,0,0,0,0,0,0,0,0,0,0,0,0,0,0,0,0,1,1,1,False
4,1613,0,1,36144,3,0,0,7154236,0,0,698691,0,0,0,0,0,0,0,0,0,0,0,0,0,0,0,0,0,0,0,0,0,0,1,1,1,False
4,181367,0,1,36144,3,0,0,7154236,0,0,698691,0,0,0,0,0,0,0,0,0,0,0,0,0,0,0,0,0,0,0,0,0,0,1,1,1,False
4,20057,0,1,36144,3,0,0,7154236,0,0,698691,0,0,0,0,0,0,0,0,0,0,0,0,0,0,0,0,0,0,0,0,0,0,1,1,1,False
4,217576,0,1,36144,3,0,0,7154236,0,0,698691,0,0,0,0,0,0,0,0,0,0,0,0,0,0,0,0,0,0,0,0,0,0,1,1,1,False
4,23301,0,1,36144,3,0,0,7154236,0,0,698691,0,0,0,0,0,0,0,0,0,0,0,0,0,0,0,0,0,0,0,0,0,0,1,1,1,False
4,249282,0,1,36144,3,0,0,7154236,0,0,698691,0,0,0,0,0,0,0,0,0,0,0,0,0,0,0,0,0,0,0,0,0,0,1,1,1,False
4,266123,0,1,36144,3,0,0,7154236,0,0,698691,0,0,0,0,0,0,0,0,0,0,0,0,0,0,0,0,0,0,0,0,0,0,1,1,1,False
4,282473,0,1,36144,3,0,0,7154236,0,0,698691,0,0,0,0,0,0,0,0,0,0,0,0,0,0,0,0,0,0,0,0,0,0,1,1,1,False
4,300081,0,1,36144,3,0,0,7154236,0,0,698691,0,0,0,0,0,0,0,0,0,0,0,0,0,0,0,0,0,0,0,0,0,0,1,1,1,False
4,317204,0,1,36144,3,0,0,7154236,0,0,698691,0,0,0,0,0,0,0,0,0,0,0,0,0,0,0,0,0,0,0,0,0,0,1,1,1,False
4,334093,0,1,36144,3,0,0,7154236,0,0,698691,0,0,0,0,0,0,0,0,0,0,0,0,0,0,0,0,0,0,0,0,0,0,1,1,1,False
4,351134,0,1,36144,3,0,0,7154236,0,0,698691,0,0,0,0,0,0,0,0,0,0,0,0,0,0,0,0,0,0,0,0,0,0,1,1,1,False
4,368413,0,1,36144,3,0,0,7154236,0,0,698691,0,0,0,0,0,0,0,0,0,0,0,0,0,0,0,0,0,0,0,0,0,0,1,1,1,False
4,384132,0,1,36144,3,0,0,7154236,0,0,698691,0,0,0,0,0,0,0,0,0,0,0,0,0,0,0,0,0,0,0,0,0,0,1,1,1,False
4,400036,0,1,36144,3,0,0,7154236,0,0,698691,0,0,0,0,0,0,0,0,0,0,0,0,0,0,0,0,0,0,0,0,0,0,1,1,1,False
4,416161,0,1,36144,3,0,0,7154236,0,0,698691,0,0,0,0,0,0,0,0,0,0,0,0,0,0,0,0,0,0,0,0,0,0,1,1,1,False
4,431674,0,1,36144,3,0,0,7154236,0,0,698691,0,0,0,0,0,0,0,0,0,0,0,0,0,0,0,0,0,0,0,0,0,0,1,1,1,False
4,450264,0,1,36144,3,0,0,7154236,0,0,698691,0,0,0,0,0,0,0,0,0,0,0,0,0,0,0,0,0,0,0,0,0,0,1,1,1,False
4,466742,0,1,36144,3,0,0,7154236,0,0,698691,0,0,0,0,0,0,0,0,0,0,0,0,0,0,0,0,0,0,0,0,0,0,1,1,1,False
4,48415,0,1,36144,3,0,0,7154236,0,0,698691,0,0,0,0,0,0,0,0,0,0,0,0,0,0,0,0,0,0,0,0,0,0,1,1,1,False
4,501156,0,1,36144,3,0,0,7154236,0,0,698691,0,0,0,0,0,0,0,0,0,0,0,0,0,0,0,0,0,0,0,0,0,0,1,1,1,False
4,518665,0,1,36144,3,0,0,7154236,0,0,698691,0,0,0,0,0,0,0,0,0,0,0,0,0,0,0,0,0,0,0,0,0,0,1,1,1,False
4,534446,0,1,36144,3,0,0,7154236,0,0,698691,0,0,0,0,0,0,0,0,0,0,0,0,0,0,0,0,0,0,0,0,0,0,1,1,1,False
4,550642,0,1,36144,3,0,0,7154236,0,0,698691,0,0,0,0,0,0,0,0,0,0,0,0,0,0,0,0,0,0,0,0,0,0,1,1,1,False
4,566895,0,1,36144,3,0,0,7154236,0,0,698691,0,0,0,0,0,0,0,0,0,0,0,0,0,0,0,0,0,0,0,0,0,0,1,1,1,False
4,583953,0,1,36144,3,0,0,7154236,0,0,698691,0,0,0,0,0,0,0,0,0,0,0,0,0,0,0,0,0,0,0,0,0,0,1,1,1,False
4,601044,0,1,36144,3,0,0,7154236,0,0,698691,0,0,0,0,0,0,0,0,0,0,0,0,0,0,0,0,0,0,0,0,0,0,1,1,1,False
4,617314,0,1,36144,3,0,0,7154236,0,0,698691,0,0,0,0,0,0,0,0,0,0,0,0,0,0,0,0,0,0,0,0,0,0,1,1,1,False
4,634726,0,1,36144,3,0,0,7154236,0,0,698691,0,0,0,0,0,0,0,0,0,0,0,0,0,0,0,0,0,0,0,0,0,0,1,1,1,False
4,651373,0,1,36144,3,0,0,7154236,0,0,698691,0,0,0,0,0,0,0,0,0,0,0,0,0,0,0,0,0,0,0,0,0,0,1,1,1,False
4,669088,0,1,36144,3,0,0,7154236,0,0,698691,0,0,0,0,0,0,0,0,0,0,0,0,0,0,0,0,0,0,0,0,0,0,1,1,1,False
4,685169,0,1,36144,3,0,0,7154236,0,0,698691,0,0,0,0,0,0,0,0,0,0,0,0,0,0,0,0,0,0,0,0,0,0,1,1,1,False
4,701564,0,1,36144,3,0,0,7154236,0,0,698691,0,0,0,0,0,0,0,0,0,0,0,0,0,0,0,0,0,0,0,0,0,0,1,1,1,False
4,718142,0,1,36144,3,0,0,7154236,0,0,698691,0,0,0,0,0,0,0,0,0,0,0,0,0,0,0,0,0,0,0,0,0,0,1,1,1,False
4,735026,0,1,36144,3,0,0,7154236,0,0,698691,0,0,0,0,0,0,0,0,0,0,0,0,0,0,0,0,0,0,0,0,0,0,1,1,1,False
4,752024,0,1,36144,3,0,0,7154236,0,0,698691,0,0,0,0,0,0,0,0,0,0,0,0,0,0,0,0,0,0,0,0,0,0,1,1,1,False
4,768137,0,1,36144,3,0,0,7154236,0,0,698691,0,0,0,0,0,0,0,0,0,0,0,0,0,0,0,0,0,0,0,0,0,0,1,1,1,False
4,78509,0,1,36144,3,0,0,7154236,0,0,698691,0,0,0,0,0,0,0,0,0,0,0,0,0,0,0,0,0,0,0,0,0,0,1,1,1,False
4,800969,0,1,36144,3,0,0,7154236,0,0,698691,0,0,0,0,0,0,0,0,0,0,0,0,0,0,0,0,0,0,0,0,0,0,1,1,1,False
4,818974,0,1,36144,3,0,0,7154236,0,0,698691,0,0,0,0,0,0,0,0,0,0,0,0,0,0,0,0,0,0,0,0,0,0,1,1,1,False
4,835102,0,1,36144,3,0,0,7154236,0,0,698691,0,0,0,0,0,0,0,0,0,0,0,0,0,0,0,0,0,0,0,0,0,0,1,1,1,False
4,850793,0,1,36144,3,0,0,7154236,0,0,698691,0,0,0,0,0,0,0,0,0,0,0,0,0,0,0,0,0,0,0,0,0,0,1,1,1,False
4,866992,0,1,36144,3,0,0,7154236,0,0,698691,0,0,0,0,0,0,0,0,0,0,0,0,0,0,0,0,0,0,0,0,0,0,1,1,1,False
4,88239,0,1,36144,3,0,0,7154236,0,0,698691,0,0,0,0,0,0,0,0,0,0,0,0,0,0,0,0,0,0,0,0,0,0,1,1,1,False
4,899091,0,1,36144,3,0,0,7154236,0,0,698691,0,0,0,0,0,0,0,0,0,0,0,0,0,0,0,0,0,0,0,0,0,0,1,1,1,False
4,914816,0,1,36144,3,0,0,7154236,0,0,698691,0,0,0,0,0,0,0,0,0,0,0,0,0,0,0,0,0,0,0,0,0,0,1,1,1,False
4,931458,0,1,36144,3,0,0,7154236,0,0,698691,0,0,0,0,0,0,0,0,0,0,0,0,0,0,0,0,0,0,0,0,0,0,1,1,1,False
4,946157,0,1,36144,3,0,0,7154236,0,0,698691,0,0,0,0,0,0,0,0,0,0,0,0,0,0,0,0,0,0,0,0,0,0,1,1,1,False
4,962559,0,1,36144,3,0,0,7154236,0,0,698691,0,0,0,0,0,0,0,0,0,0,0,0,0,0,0,0,0,0,0,0,0,0,1,1,1,False
4,977777,0,1,36144,3,0,0,7154236,0,0,698691,0,0,0,0,0,0,0,0,0,0,0,0,0,0,0,0,0,0,0,0,0,0,1,1,1,False
4,992481,0,1,36144,3,0,0,7154236,0,0,698691,0,0,0,0,0,0,0,0,0,0,0,0,0,0,0,0,0,0,0,0,0,0,1,1,1,False
5,008213,0,1,36144,3,0,0,7154236,0,0,698691,0,0,0,0,0,0,0,0,0,0,0,0,0,0,0,0,0,0,0,0,0,0,1,1,1,False
5,023049,0,1,36144,3,0,0,7154236,0,0,698691,0,0,0,0,0,0,0,0,0,0,0,0,0,0,0,0,0,0,0,0,0,0,1,1,1,False
5,043472,0,1,36144,3,0,0,7154236,0,0,698691,0,0,0,0,0,0,0,0,0,0,0,0,0,0,0,0,0,0,0,0,0,0,1,1,1,False
5,058815,0,1,36144,3,0,0,7154236,0,0,698691,0,0,0,0,0,0,0,0,0,0,0,0,0,0,0,0,0,0,0,0,0,0,1,1,1,False
5,075388,0,1,36144,3,0,0,7154236,0,0,698691,0,0,0,0,0,0,0,0,0,0,0,0,0,0,0,0,0,0,0,0,0,0,1,1,1,False
5,089939,0,1,36144,3,0,0,7154236,0,0,698691,0,0,0,0,0,0,0,0,0,0,0,0,0,0,0,0,0,0,0,0,0,0,1,1,1,False
5,106706,0,1,36144,3,0,0,7154236,0,0,698691,0,0,0,0,0,0,0,0,0,0,0,0,0,0,0,0,0,0,0,0,0,0,1,1,1,False
5,122221,0,1,36144,3,0,0,7154236,0,0,698691,0,0,0,0,0,0,0,0,0,0,0,0,0,0,0,0,0,0,0,0,0,0,1,1,1,False
5,13832,0,1,36144,3,0,0,7154236,0,0,698691,0,0,0,0,0,0,0,0,0,0,0,0,0,0,0,0,0,0,0,0,0,0,1,1,1,False
5,154068,0,1,36144,3,0,0,7154236,0,0,698691,0,0,0,0,0,0,0,0,0,0,0,0,0,0,0,0,0,0,0,0,0,0,1,1,1,False
5,169515,0,1,36144,3,0,0,7154236,0,0,698691,0,0,0,0,0,0,0,0,0,0,0,0,0,0,0,0,0,0,0,0,0,0,1,1,1,False
5,185801,0,1,36144,3,0,0,7154236,0,0,698691,0,0,0,0,0,0,0,0,0,0,0,0,0,0,0,0,0,0,0,0,0,0,1,1,1,False
5,201728,0,1,36144,3,0,0,7154236,0,0,698691,0,0,0,0,0,0,0,0,0,0,0,0,0,0,0,0,0,0,0,0,0,0,1,1,1,False
5,217598,0,1,36144,3,0,0,7154236,0,0,698691,0,0,0,0,0,0,0,0,0,0,0,0,0,0,0,0,0,0,0,0,0,0,1,1,1,False
5,232196,0,1,36144,3,0,0,7154236,0,0,698691,0,0,0,0,0,0,0,0,0,0,0,0,0,0,0,0,0,0,0,0,0,0,1,1,1,False
5,248195,0,1,36144,3,0,0,7154236,0,0,698691,0,0,0,0,0,0,0,0,0,0,0,0,0,0,0,0,0,0,0,0,0,0,1,1,1,False
5,264548,0,1,36144,3,0,0,7154236,0,0,698691,0,0,0,0,0,0,0,0,0,0,0,0,0,0,0,0,0,0,0,0,0,0,1,1,1,False
5,279396,0,1,36144,3,0,0,7154236,0,0,698691,0,0,0,0,0,0,0,0,0,0,0,0,0,0,0,0,0,0,0,0,0,0,1,1,1,False
5,295522,0,1,36144,3,0,0,7154236,0,0,698691,0,0,0,0,0,0,0,0,0,0,0,0,0,0,0,0,0,0,0,0,0,0,1,1,1,False
5,310391,0,1,36144,3,0,0,7154236,0,0,698691,0,0,0,0,0,0,0,0,0,0,0,0,0,0,0,0,0,0,0,0,0,0,1,1,1,False
5,325992,0,1,36144,3,0,0,7154236,0,0,698691,0,0,0,0,0,0,0,0,0,0,0,0,0,0,0,0,0,0,0,0,0,0,1,1,1,False
5,340545,0,1,36144,3,0,0,7154236,0,0,698691,0,0,0,0,0,0,0,0,0,0,0,0,0,0,0,0,0,0,0,0,0,0,1,1,1,False
5,355159,0,1,36144,3,0,0,7154236,0,0,698691,0,0,0,0,0,0,0,0,0,0,0,0,0,0,0,0,0,0,0,0,0,0,1,1,1,False
5,369778,0,1,36144,3,0,0,7154236,0,0,698691,0,0,0,0,0,0,0,0,0,0,0,0,0,0,0,0,0,0,0,0,0,0,1,1,1,False
5,38437,0,1,36144,3,0,0,7154236,0,0,698691,0,0,0,0,0,0,0,0,0,0,0,0,0,0,0,0,0,0,0,0,0,0,1,1,1,False
5,400902,0,1,36144,3,0,0,7154236,0,0,698691,0,0,0,0,0,0,0,0,0,0,0,0,0,0,0,0,0,0,0,0,0,0,1,1,1,False
5,416102,0,1,36144,3,0,0,7154236,0,0,698691,0,0,0,0,0,0,0,0,0,0,0,0,0,0,0,0,0,0,0,0,0,0,1,1,1,False
5,431538,0,1,36144,3,0,0,7154236,0,0,698691,0,0,0,0,0,0,0,0,0,0,0,0,0,0,0,0,0,0,0,0,0,0,1,1,1,False
5,446916,0,1,36144,3,0,0,7154236,0,0,698691,0,0,0,0,0,0,0,0,0,0,0,0,0,0,0,0,0,0,0,0,0,0,1,1,1,False
5,462226,0,1,36144,3,0,0,7154236,0,0,698691,0,0,0,0,0,0,0,0,0,0,0,0,0,0,0,0,0,0,0,0,0,0,1,1,1,False
5,477798,0,1,36144,3,0,0,7154236,0,0,698691,0,0,0,0,0,0,0,0,0,0,0,0,0,0,0,0,0,0,0,0,0,0,1,1,1,False
5,492023,0,1,36144,3,0,0,7154236,0,0,698691,0,0,0,0,0,0,0,0,0,0,0,0,0,0,0,0,0,0,0,0,0,0,1,1,1,False
5,507604,0,1,36144,3,0,0,7154236,0,0,698691,0,0,0,0,0,0,0,0,0,0,0,0,0,0,0,0,0,0,0,0,0,0,1,1,1,False
5,523864,0,1,36144,3,0,0,7154236,0,0,698691,0,0,0,0,0,0,0,0,0,0,0,0,0,0,0,0,0,0,0,0,0,0,1,1,1,False
5,539942,0,1,36144,3,0,0,7154236,0,0,698691,0,0,0,0,0,0,0,0,0,0,0,0,0,0,0,0,0,0,0,0,0,0,1,1,1,False
5,555043,0,1,36144,3,0,0,7154236,0,0,698691,0,0,0,0,0,0,0,0,0,0,0,0,0,0,0,0,0,0,0,0,0,0,1,1,1,False
5,570461,0,1,36144,3,0,0,7154236,0,0,698691,0,0,0,0,0,0,0,0,0,0,0,0,0,0,0,0,0,0,0,0,0,0,1,1,1,False
5,585416,0,1,36144,3,0,0,7154236,0,0,698691,0,0,0,0,0,0,0,0,0,0,0,0,0,0,0,0,0,0,0,0,0,0,1,1,1,False
5,600616,0,1,36144,3,0,0,7154236,0,0,698691,0,0,0,0,0,0,0,0,0,0,0,0,0,0,0,0,0,0,0,0,0,0,1,1,1,False
5,617631,0,1,36144,3,0,0,7154236,0,0,698691,0,0,0,0,0,0,0,0,0,0,0,0,0,0,0,0,0,0,0,0,0,0,1,1,1,False
5,632932,0,1,36144,3,0,0,7154236,0,0,698691,0,0,0,0,0,0,0,0,0,0,0,0,0,0,0,0,0,0,0,0,0,0,1,1,1,False
5,6491,0,1,36144,3,0,0,7154236,0,0,698691,0,0,0,0,0,0,0,0,0,0,0,0,0,0,0,0,0,0,0,0,0,0,1,1,1,False
5,664388,0,1,36144,3,0,0,7154236,0,0,698691,0,0,0,0,0,0,0,0,0,0,0,0,0,0,0,0,0,0,0,0,0,0,1,1,1,False
5,680936,0,1,36144,3,0,0,7154236,0,0,698691,0,0,0,0,0,0,0,0,0,0,0,0,0,0,0,0,0,0,0,0,0,0,1,1,1,False
5,696402,0,1,36144,3,0,0,7154236,0,0,698691,0,0,0,0,0,0,0,0,0,0,0,0,0,0,0,0,0,0,0,0,0,0,1,1,1,False
5,712796,0,1,36144,3,0,0,7154236,0,0,698691,0,0,0,0,0,0,0,0,0,0,0,0,0,0,0,0,0,0,0,0,0,0,1,1,1,False
5,728879,0,1,36144,3,0,0,7154236,0,0,698691,0,0,0,0,0,0,0,0,0,0,0,0,0,0,0,0,0,0,0,0,0,0,1,1,1,False
5,743898,0,1,36144,3,0,0,7154236,0,0,698691,0,0,0,0,0,0,0,0,0,0,0,0,0,0,0,0,0,0,0,0,0,0,1,1,1,False
5,759429,0,1,36144,3,0,0,7154236,0,0,698691,0,0,0,0,0,0,0,0,0,0,0,0,0,0,0,0,0,0,0,0,0,0,1,1,1,False
5,774316,0,1,36144,3,0,0,7154236,0,0,698691,0,0,0,0,0,0,0,0,0,0,0,0,0,0,0,0,0,0,0,0,0,0,1,1,1,False
5,790687,0,1,36144,3,0,0,7154236,0,0,698691,0,0,0,0,0,0,0,0,0,0,0,0,0,0,0,0,0,0,0,0,0,0,1,1,1,False
5,80577,0,1,36144,3,0,0,7154236,0,0,698691,0,0,0,0,0,0,0,0,0,0,0,0,0,0,0,0,0,0,0,0,0,0,1,1,1,False
5,821835,0,1,36144,3,0,0,7154236,0,0,698691,0,0,0,0,0,0,0,0,0,0,0,0,0,0,0,0,0,0,0,0,0,0,1,1,1,False
5,837477,0,1,36144,3,0,0,7154236,0,0,698691,0,0,0,0,0,0,0,0,0,0,0,0,0,0,0,0,0,0,0,0,0,0,1,1,1,False
5,852722,0,1,36144,3,0,0,7154236,0,0,698691,0,0,0,0,0,0,0,0,0,0,0,0,0,0,0,0,0,0,0,0,0,0,1,1,1,False
5,869258,0,1,36144,3,0,0,7154236,0,0,698691,0,0,0,0,0,0,0,0,0,0,0,0,0,0,0,0,0,0,0,0,0,0,1,1,1,False
5,885897,0,1,36144,3,0,0,7154236,0,0,698691,0,0,0,0,0,0,0,0,0,0,0,0,0,0,0,0,0,0,0,0,0,0,1,1,1,False
5,902453,0,1,36144,3,0,0,7154236,0,0,698691,0,0,0,0,0,0,0,0,0,0,0,0,0,0,0,0,0,0,0,0,0,0,1,1,1,False
5,918062,0,1,36144,3,0,0,7154236,0,0,698691,0,0,0,0,0,0,0,0,0,0,0,0,0,0,0,0,0,0,0,0,0,0,1,1,1,False
5,933971,0,1,36144,3,0,0,7154236,0,0,698691,0,0,0,0,0,0,0,0,0,0,0,0,0,0,0,0,0,0,0,0,0,0,1,1,1,False
5,950888,0,1,36144,3,0,0,7154236,0,0,698691,0,0,0,0,0,0,0,0,0,0,0,0,0,0,0,0,0,0,0,0,0,0,1,1,1,False
5,96642,0,1,36144,3,0,0,7154236,0,0,698691,0,0,0,0,0,0,0,0,0,0,0,0,0,0,0,0,0,0,0,0,0,0,1,1,1,False
5,983189,0,1,36144,3,0,0,7154236,0,0,698691,0,0,0,0,0,0,0,0,0,0,0,0,0,0,0,0,0,0,0,0,0,0,1,1,1,False
5,998709,0,1,36144,3,0,0,7154236,0,0,698691,0,0,0,0,0,0,0,0,0,0,0,0,0,0,0,0,0,0,0,0,0,0,1,1,1,False
6,014771,0,1,36144,3,0,0,7154236,0,0,698691,0,0,0,0,0,0,0,0,0,0,0,0,0,0,0,0,0,0,0,0,0,0,1,1,1,False
6,030497,0,1,36144,3,0,0,7154236,0,0,698691,0,0,0,0,0,0,0,0,0,0,0,0,0,0,0,0,0,0,0,0,0,0,1,1,1,False
6,046111,0,1,36144,3,0,0,7154236,0,0,698691,0,0,0,0,0,0,0,0,0,0,0,0,0,0,0,0,0,0,0,0,0,0,1,1,1,False
6,062142,0,1,36144,3,0,0,7154236,0,0,698691,0,0,0,0,0,0,0,0,0,0,0,0,0,0,0,0,0,0,0,0,0,0,1,1,1,False
6,078825,0,1,36144,3,0,0,7154236,0,0,698691,0,0,0,0,0,0,0,0,0,0,0,0,0,0,0,0,0,0,0,0,0,0,1,1,1,False
6,095814,0,1,36144,3,0,0,7154236,0,0,698691,0,0,0,0,0,0,0,0,0,0,0,0,0,0,0,0,0,0,0,0,0,0,1,1,1,False
6,111557,0,1,36144,3,0,0,7154236,0,0,698691,0,0,0,0,0,0,0,0,0,0,0,0,0,0,0,0,0,0,0,0,0,0,1,1,1,False
6,129417,0,1,36144,3,0,0,7154236,0,0,698691,0,0,0,0,0,0,0,0,0,0,0,0,0,0,0,0,0,0,0,0,0,0,1,1,1,False
6,14517,0,1,36144,3,0,0,7154236,0,0,698691,0,0,0,0,0,0,0,0,0,0,0,0,0,0,0,0,0,0,0,0,0,0,1,1,1,False
6,16203,0,1,36144,3,0,0,7154236,0,0,698691,0,0,0,0,0,0,0,0,0,0,0,0,0,0,0,0,0,0,0,0,0,0,1,1,1,False
6,178032,0,1,36144,3,0,0,7154236,0,0,698691,0,0,0,0,0,0,0,0,0,0,0,0,0,0,0,0,0,0,0,0,0,0,1,1,1,False
6,194283,0,1,36144,3,0,0,7154236,0,0,698691,0,0,0,0,0,0,0,0,0,0,0,0,0,0,0,0,0,0,0,0,0,0,1,1,1,False
6,210768,0,1,36144,3,0,0,7154236,0,0,698691,0,0,0,0,0,0,0,0,0,0,0,0,0,0,0,0,0,0,0,0,0,0,1,1,1,False
6,226288,0,1,36144,3,0,0,7154236,0,0,698691,0,0,0,0,0,0,0,0,0,0,0,0,0,0,0,0,0,0,0,0,0,0,1,1,1,False
6,242591,0,1,36144,3,0,0,7154236,0,0,698691,0,0,0,0,0,0,0,0,0,0,0,0,0,0,0,0,0,0,0,0,0,0,1,1,1,False
6,25825,0,1,36144,3,0,0,7154236,0,0,698691,0,0,0,0,0,0,0,0,0,0,0,0,0,0,0,0,0,0,0,0,0,0,1,1,1,False
6,274342,0,1,36144,3,0,0,7154236,0,0,698691,0,0,0,0,0,0,0,0,0,0,0,0,0,0,0,0,0,0,0,0,0,0,1,1,1,False
6,28917,0,1,36144,3,0,0,7154236,0,0,698691,0,0,0,0,0,0,0,0,0,0,0,0,0,0,0,0,0,0,0,0,0,0,1,1,1,False
6,303833,0,1,36144,3,0,0,7154236,0,0,698691,0,0,0,0,0,0,0,0,0,0,0,0,0,0,0,0,0,0,0,0,0,0,1,1,1,False
6,320601,0,1,36144,3,0,0,7154236,0,0,698691,0,0,0,0,0,0,0,0,0,0,0,0,0,0,0,0,0,0,0,0,0,0,1,1,1,False
6,336125,0,1,36144,3,0,0,7154236,0,0,698691,0,0,0,0,0,0,0,0,0,0,0,0,0,0,0,0,0,0,0,0,0,0,1,1,1,False
6,352241,0,1,36144,3,0,0,7154236,0,0,698691,0,0,0,0,0,0,0,0,0,0,0,0,0,0,0,0,0,0,0,0,0,0,1,1,1,False
6,36728,0,1,36144,3,0,0,7154236,0,0,698691,0,0,0,0,0,0,0,0,0,0,0,0,0,0,0,0,0,0,0,0,0,0,1,1,1,False
6,383915,0,1,36144,3,0,0,7154236,0,0,698691,0,0,0,0,0,0,0,0,0,0,0,0,0,0,0,0,0,0,0,0,0,0,1,1,1,False
6,399205,0,1,36144,3,0,0,7154236,0,0,698691,0,0,0,0,0,0,0,0,0,0,0,0,0,0,0,0,0,0,0,0,0,0,1,1,1,False
6,414296,0,1,36144,3,0,0,7154236,0,0,698691,0,0,0,0,0,0,0,0,0,0,0,0,0,0,0,0,0,0,0,0,0,0,1,1,1,False
6,431301,0,1,36144,3,0,0,7154236,0,0,698691,0,0,0,0,0,0,0,0,0,0,0,0,0,0,0,0,0,0,0,0,0,0,1,1,1,False
6,446628,0,1,36144,3,0,0,7154236,0,0,698691,0,0,0,0,0,0,0,0,0,0,0,0,0,0,0,0,0,0,0,0,0,0,1,1,1,False
6,462928,0,1,36144,3,0,0,7154236,0,0,698691,0,0,0,0,0,0,0,0,0,0,0,0,0,0,0,0,0,0,0,0,0,0,1,1,1,False
6,47782,0,1,36144,3,0,0,7154236,0,0,698691,0,0,0,0,0,0,0,0,0,0,0,0,0,0,0,0,0,0,0,0,0,0,1,1,1,False
6,492713,0,1,36144,3,0,0,7154236,0,0,698691,0,0,0,0,0,0,0,0,0,0,0,0,0,0,0,0,0,0,0,0,0,0,1,1,1,False
6,508411,0,1,36144,3,0,0,7154236,0,0,698691,0,0,0,0,0,0,0,0,0,0,0,0,0,0,0,0,0,0,0,0,0,0,1,1,1,False
6,524838,0,1,36144,3,0,0,7154236,0,0,698691,0,0,0,0,0,0,0,0,0,0,0,0,0,0,0,0,0,0,0,0,0,0,1,1,1,False
6,540003,0,1,36144,3,0,0,7154236,0,0,698691,0,0,0,0,0,0,0,0,0,0,0,0,0,0,0,0,0,0,0,0,0,0,1,1,1,False
6,554581,0,1,36144,3,0,0,7154236,0,0,698691,0,0,0,0,0,0,0,0,0,0,0,0,0,0,0,0,0,0,0,0,0,0,1,1,1,False
6,569689,0,1,36144,3,0,0,7154236,0,0,698691,0,0,0,0,0,0,0,0,0,0,0,0,0,0,0,0,0,0,0,0,0,0,1,1,1,False
6,583448,0,1,36144,3,0,0,7154236,0,0,698691,0,0,0,0,0,0,0,0,0,0,0,0,0,0,0,0,0,0,0,0,0,0,1,1,1,False
6,597458,0,1,36144,3,0,0,7154236,0,0,698691,0,0,0,0,0,0,0,0,0,0,0,0,0,0,0,0,0,0,0,0,0,0,1,1,1,False
6,610405,0,1,36144,3,0,0,7154236,0,0,698691,0,0,0,0,0,0,0,0,0,0,0,0,0,0,0,0,0,0,0,0,0,0,1,1,1,False
6,622258,0,1,36144,3,0,0,7154236,0,0,698691,0,0,0,0,0,0,0,0,0,0,0,0,0,0,0,0,0,0,0,0,0,0,1,1,1,False
6,634387,0,1,36144,3,0,0,7154236,0,0,698691,0,0,0,0,0,0,0,0,0,0,0,0,0,0,0,0,0,0,0,0,0,0,1,1,1,False
6,645017,0,1,36144,3,0,0,7154236,0,0,698691,0,0,0,0,0,0,0,0,0,0,0,0,0,0,0,0,0,0,0,0,0,0,1,1,1,False
6,655948,0,1,36144,3,0,0,7154236,0,0,698691,0,0,0,0,0,0,0,0,0,0,0,0,0,0,0,0,0,0,0,0,0,0,1,1,1,False
6,668304,0,1,36144,3,0,0,7154236,0,0,698691,0,0,0,0,0,0,0,0,0,0,0,0,0,0,0,0,0,0,0,0,0,0,1,1,1,False
6,680855,0,1,36144,3,0,0,7154236,0,0,698691,0,0,0,0,0,0,0,0,0,0,0,0,0,0,0,0,0,0,0,0,0,0,1,1,1,False
6,693469,0,1,36144,3,0,0,7154236,0,0,698691,0,0,0,0,0,0,0,0,0,0,0,0,0,0,0,0,0,0,0,0,0,0,1,1,1,False
6,706062,0,1,36144,3,0,0,7154236,0,0,698691,0,0,0,0,0,0,0,0,0,0,0,0,0,0,0,0,0,0,0,0,0,0,1,1,1,False
6,718246,0,1,36144,3,0,0,7154236,0,0,698691,0,0,0,0,0,0,0,0,0,0,0,0,0,0,0,0,0,0,0,0,0,0,1,1,1,False
6,730965,0,1,36144,3,0,0,7154236,0,0,698691,0,0,0,0,0,0,0,0,0,0,0,0,0,0,0,0,0,0,0,0,0,0,1,1,1,False
6,743295,0,1,36144,3,0,0,7154236,0,0,698691,0,0,0,0,0,0,0,0,0,0,0,0,0,0,0,0,0,0,0,0,0,0,1,1,1,False
6,755525,0,1,36144,3,0,0,7154236,0,0,698691,0,0,0,0,0,0,0,0,0,0,0,0,0,0,0,0,0,0,0,0,0,0,1,1,1,False
6,768099,0,1,36144,3,0,0,7154236,0,0,698691,0,0,0,0,0,0,0,0,0,0,0,0,0,0,0,0,0,0,0,0,0,0,1,1,1,False
6,780516,0,1,36144,3,0,0,7154236,0,0,698691,0,0,0,0,0,0,0,0,0,0,0,0,0,0,0,0,0,0,0,0,0,0,1,1,1,False
6,792683,0,1,36144,3,0,0,7154236,0,0,698691,0,0,0,0,0,0,0,0,0,0,0,0,0,0,0,0,0,0,0,0,0,0,1,1,1,False
6,805304,0,1,36144,3,0,0,7154236,0,0,698691,0,0,0,0,0,0,0,0,0,0,0,0,0,0,0,0,0,0,0,0,0,0,1,1,1,False
6,81771,0,1,36144,3,0,0,7154236,0,0,698691,0,0,0,0,0,0,0,0,0,0,0,0,0,0,0,0,0,0,0,0,0,0,1,1,1,False
6,829962,0,1,36144,3,0,0,7154236,0,0,698691,0,0,0,0,0,0,0,0,0,0,0,0,0,0,0,0,0,0,0,0,0,0,1,1,1,False
6,842432,0,1,36144,3,0,0,7154236,0,0,698691,0,0,0,0,0,0,0,0,0,0,0,0,0,0,0,0,0,0,0,0,0,0,1,1,1,False
6,855017,0,1,36144,3,0,0,7154236,0,0,698691,0,0,0,0,0,0,0,0,0,0,0,0,0,0,0,0,0,0,0,0,0,0,1,1,1,False
6,867407,0,1,36144,3,0,0,7154236,0,0,698691,0,0,0,0,0,0,0,0,0,0,0,0,0,0,0,0,0,0,0,0,0,0,1,1,1,False
6,879784,0,1,36144,3,0,0,7154236,0,0,698691,0,0,0,0,0,0,0,0,0,0,0,0,0,0,0,0,0,0,0,0,0,0,1,1,1,False
6,892226,0,1,36144,3,0,0,7154236,0,0,698691,0,0,0,0,0,0,0,0,0,0,0,0,0,0,0,0,0,0,0,0,0,0,1,1,1,False
6,904661,0,1,36144,3,0,0,7154236,0,0,698691,0,0,0,0,0,0,0,0,0,0,0,0,0,0,0,0,0,0,0,0,0,0,1,1,1,False
6,917004,0,1,36144,3,0,0,7154236,0,0,698691,0,0,0,0,0,0,0,0,0,0,0,0,0,0,0,0,0,0,0,0,0,0,1,1,1,False
6,929269,0,1,36144,3,0,0,7154236,0,0,698691,0,0,0,0,0,0,0,0,0,0,0,0,0,0,0,0,0,0,0,0,0,0,1,1,1,False
6,941774,0,1,36144,3,0,0,7154236,0,0,698691,0,0,0,0,0,0,0,0,0,0,0,0,0,0,0,0,0,0,0,0,0,0,1,1,1,False
6,95417,0,1,36144,3,0,0,7154236,0,0,698691,0,0,0,0,0,0,0,0,0,0,0,0,0,0,0,0,0,0,0,0,0,0,1,1,1,False
6,966565,0,1,36144,3,0,0,7154236,0,0,698691,0,0,0,0,0,0,0,0,0,0,0,0,0,0,0,0,0,0,0,0,0,0,1,1,1,False
6,978972,0,1,36144,3,0,0,7154236,0,0,698691,0,0,0,0,0,0,0,0,0,0,0,0,0,0,0,0,0,0,0,0,0,0,1,1,1,False
6,991367,0,1,36144,3,0,0,7154236,0,0,698691,0,0,0,0,0,0,0,0,0,0,0,0,0,0,0,0,0,0,0,0,0,0,1,1,1,False
7,003575,0,1,36144,3,0,0,7154236,0,0,698691,0,0,0,0,0,0,0,0,0,0,0,0,0,0,0,0,0,0,0,0,0,0,1,1,1,False
7,016096,0,1,36144,3,0,0,7154236,0,0,698691,0,0,0,0,0,0,0,0,0,0,0,0,0,0,0,0,0,0,0,0,0,0,1,1,1,False
7,028759,0,1,36144,3,0,0,7154236,0,0,698691,0,0,0,0,0,0,0,0,0,0,0,0,0,0,0,0,0,0,0,0,0,0,1,1,1,False
7,041263,0,1,36144,3,0,0,7154236,0,0,698691,0,0,0,0,0,0,0,0,0,0,0,0,0,0,0,0,0,0,0,0,0,0,1,1,1,False
7,053289,0,1,36144,3,0,0,7154236,0,0,698691,0,0,0,0,0,0,0,0,0,0,0,0,0,0,0,0,0,0,0,0,0,0,1,1,1,False
7,065975,0,1,36144,3,0,0,7154236,0,0,698691,0,0,0,0,0,0,0,0,0,0,0,0,0,0,0,0,0,0,0,0,0,0,1,1,1,False
7,078678,0,1,36144,3,0,0,7154236,0,0,698691,0,0,0,0,0,0,0,0,0,0,0,0,0,0,0,0,0,0,0,0,0,0,1,1,1,False
7,091002,0,1,36144,3,0,0,7154236,0,0,698691,0,0,0,0,0,0,0,0,0,0,0,0,0,0,0,0,0,0,0,0,0,0,1,1,1,False
7,104195,0,1,36144,3,0,0,7154236,0,0,698691,0,0,0,0,0,0,0,0,0,0,0,0,0,0,0,0,0,0,0,0,0,0,1,1,1,False
7,115933,0,1,36144,3,0,0,7154236,0,0,698691,0,0,0,0,0,0,0,0,0,0,0,0,0,0,0,0,0,0,0,0,0,0,1,1,1,False
7,129904,0,1,36144,3,0,0,7154236,0,0,698691,0,0,0,0,0,0,0,0,0,0,0,0,0,0,0,0,0,0,0,0,0,0,1,1,1,False
7,141864,0,1,36144,3,0,0,7154236,0,0,698691,0,0,0,0,0,0,0,0,0,0,0,0,0,0,0,0,0,0,0,0,0,0,1,1,1,False
7,155021,0,1,36144,3,0,0,7154236,0,0,698691,0,0,0,0,0,0,0,0,0,0,0,0,0,0,0,0,0,0,0,0,0,0,1,1,1,False
7,167775,0,1,36144,3,0,0,7154236,0,0,698691,0,0,0,0,0,0,0,0,0,0,0,0,0,0,0,0,0,0,0,0,0,0,1,1,1,False
7,181355,0,1,36144,3,0,0,7154236,0,0,698691,0,0,0,0,0,0,0,0,0,0,0,0,0,0,0,0,0,0,0,0,0,0,1,1,1,False
7,194873,0,1,36144,3,0,0,7154236,0,0,698691,0,0,0,0,0,0,0,0,0,0,0,0,0,0,0,0,0,0,0,0,0,0,1,1,1,False
7,207007,0,1,36144,3,0,0,7154236,0,0,698691,0,0,0,0,0,0,0,0,0,0,0,0,0,0,0,0,0,0,0,0,0,0,1,1,1,False
7,219929,0,1,36144,3,0,0,7154236,0,0,698691,0,0,0,0,0,0,0,0,0,0,0,0,0,0,0,0,0,0,0,0,0,0,1,1,1,False
7,23311,0,1,36144,3,0,0,7154236,0,0,698691,0,0,0,0,0,0,0,0,0,0,0,0,0,0,0,0,0,0,0,0,0,0,1,1,1,False
7,246878,0,1,36144,3,0,0,7154236,0,0,698691,0,0,0,0,0,0,0,0,0,0,0,0,0,0,0,0,0,0,0,0,0,0,1,1,1,False
7,259937,0,1,36144,3,0,0,7154236,0,0,698691,0,0,0,0,0,0,0,0,0,0,0,0,0,0,0,0,0,0,0,0,0,0,1,1,1,False
7,272023,0,1,36144,3,0,0,7154236,0,0,698691,0,0,0,0,0,0,0,0,0,0,0,0,0,0,0,0,0,0,0,0,0,0,1,1,1,False
7,285455,0,1,36144,3,0,0,7154236,0,0,698691,0,0,0,0,0,0,0,0,0,0,0,0,0,0,0,0,0,0,0,0,0,0,1,1,1,False
7,298659,0,1,36144,3,0,0,7154236,0,0,698691,0,0,0,0,0,0,0,0,0,0,0,0,0,0,0,0,0,0,0,0,0,0,1,1,1,False
7,311476,0,1,36144,3,0,0,7154236,0,0,698691,0,0,0,0,0,0,0,0,0,0,0,0,0,0,0,0,0,0,0,0,0,0,1,1,1,False
7,324336,0,1,36144,3,0,0,7154236,0,0,698691,0,0,0,0,0,0,0,0,0,0,0,0,0,0,0,0,0,0,0,0,0,0,1,1,1,False
7,338132,0,1,36144,3,0,0,7154236,0,0,698691,0,0,0,0,0,0,0,0,0,0,0,0,0,0,0,0,0,0,0,0,0,0,1,1,1,False
7,351721,0,1,36144,3,0,0,7154236,0,0,698691,0,0,0,0,0,0,0,0,0,0,0,0,0,0,0,0,0,0,0,0,0,0,1,1,1,False
7,365136,0,1,36144,3,0,0,7154236,0,0,698691,0,0,0,0,0,0,0,0,0,0,0,0,0,0,0,0,0,0,0,0,0,0,1,1,1,False
7,377782,0,1,36144,3,0,0,7154236,0,0,698691,0,0,0,0,0,0,0,0,0,0,0,0,0,0,0,0,0,0,0,0,0,0,1,1,1,False
7,389851,0,1,36144,3,0,0,7154236,0,0,698691,0,0,0,0,0,0,0,0,0,0,0,0,0,0,0,0,0,0,0,0,0,0,1,1,1,False
7,403588,0,1,36144,3,0,0,7154236,0,0,698691,0,0,0,0,0,0,0,0,0,0,0,0,0,0,0,0,0,0,0,0,0,0,1,1,1,False
7,415669,0,1,36144,3,0,0,7154236,0,0,698691,0,0,0,0,0,0,0,0,0,0,0,0,0,0,0,0,0,0,0,0,0,0,1,1,1,False
7,429741,0,1,36144,3,0,0,7154236,0,0,698691,0,0,0,0,0,0,0,0,0,0,0,0,0,0,0,0,0,0,0,0,0,0,1,1,1,False
7,442842,0,1,36144,3,0,0,7154236,0,0,698691,0,0,0,0,0,0,0,0,0,0,0,0,0,0,0,0,0,0,0,0,0,0,1,1,1,False
7,455636,0,1,36144,3,0,0,7154236,0,0,698691,0,0,0,0,0,0,0,0,0,0,0,0,0,0,0,0,0,0,0,0,0,0,1,1,1,False
7,468578,0,1,36144,3,0,0,7154236,0,0,698691,0,0,0,0,0,0,0,0,0,0,0,0,0,0,0,0,0,0,0,0,0,0,1,1,1,False
7,481366,0,1,36144,3,0,0,7154236,0,0,698691,0,0,0,0,0,0,0,0,0,0,0,0,0,0,0,0,0,0,0,0,0,0,1,1,1,False
7,495771,0,1,36144,3,0,0,7154236,0,0,698691,0,0,0,0,0,0,0,0,0,0,0,0,0,0,0,0,0,0,0,0,0,0,1,1,1,False
7,508983,0,1,36144,3,0,0,7154236,0,0,698691,0,0,0,0,0,0,0,0,0,0,0,0,0,0,0,0,0,0,0,0,0,0,1,1,1,False
7,523144,0,1,36144,3,0,0,7154236,0,0,698691,0,0,0,0,0,0,0,0,0,0,0,0,0,0,0,0,0,0,0,0,0,0,1,1,1,False
7,536268,0,1,36144,3,0,0,7154236,0,0,698691,0,0,0,0,0,0,0,0,0,0,0,0,0,0,0,0,0,0,0,0,0,0,1,1,1,False
7,547771,0,1,36144,3,0,0,7154236,0,0,698691,0,0,0,0,0,0,0,0,0,0,0,0,0,0,0,0,0,0,0,0,0,0,1,1,1,False
7,561424,0,1,36144,3,0,0,7154236,0,0,698691,0,0,0,0,0,0,0,0,0,0,0,0,0,0,0,0,0,0,0,0,0,0,1,1,1,False
7,574739,0,1,36144,3,0,0,7154236,0,0,698691,0,0,0,0,0,0,0,0,0,0,0,0,0,0,0,0,0,0,0,0,0,0,1,1,1,False
7,587336,0,1,36144,3,0,0,7154236,0,0,698691,0,0,0,0,0,0,0,0,0,0,0,0,0,0,0,0,0,0,0,0,0,0,1,1,1,False
7,599665,0,1,36144,3,0,0,7154236,0,0,698691,0,0,0,0,0,0,0,0,0,0,0,0,0,0,0,0,0,0,0,0,0,0,1,1,1,False
7,614192,0,1,36144,3,0,0,7154236,0,0,698691,0,0,0,0,0,0,0,0,0,0,0,0,0,0,0,0,0,0,0,0,0,0,1,1,1,False
7,627534,0,1,36144,3,0,0,7154236,0,0,698691,0,0,0,0,0,0,0,0,0,0,0,0,0,0,0,0,0,0,0,0,0,0,1,1,1,False
7,640858,0,1,36144,3,0,0,7154236,0,0,698691,0,0,0,0,0,0,0,0,0,0,0,0,0,0,0,0,0,0,0,0,0,0,1,1,1,False
7,654933,0,1,36144,3,0,0,7154236,0,0,698691,0,0,0,0,0,0,0,0,0,0,0,0,0,0,0,0,0,0,0,0,0,0,1,1,1,False
7,667996,0,1,36144,3,0,0,7154236,0,0,698691,0,0,0,0,0,0,0,0,0,0,0,0,0,0,0,0,0,0,0,0,0,0,1,1,1,False
7,680493,0,1,36144,3,0,0,7154236,0,0,698691,0,0,0,0,0,0,0,0,0,0,0,0,0,0,0,0,0,0,0,0,0,0,1,1,1,False
7,693084,0,1,36144,3,0,0,7154236,0,0,698691,0,0,0,0,0,0,0,0,0,0,0,0,0,0,0,0,0,0,0,0,0,0,1,1,1,False
7,707181,0,1,36144,3,0,0,7154236,0,0,698691,0,0,0,0,0,0,0,0,0,0,0,0,0,0,0,0,0,0,0,0,0,0,1,1,1,False
7,721212,0,1,36144,3,0,0,7154236,0,0,698691,0,0,0,0,0,0,0,0,0,0,0,0,0,0,0,0,0,0,0,0,0,0,1,1,1,False
7,735085,0,1,36144,3,0,0,7154236,0,0,698691,0,0,0,0,0,0,0,0,0,0,0,0,0,0,0,0,0,0,0,0,0,0,1,1,1,False
7,746651,0,1,36144,3,0,0,7154236,0,0,698691,0,0,0,0,0,0,0,0,0,0,0,0,0,0,0,0,0,0,0,0,0,0,1,1,1,False
7,757712,0,1,36144,3,0,0,7154236,0,0,698691,0,0,0,0,0,0,0,0,0,0,0,0,0,0,0,0,0,0,0,0,0,0,1,1,1,False
7,770083,0,1,36144,3,0,0,7154236,0,0,698691,0,0,0,0,0,0,0,0,0,0,0,0,0,0,0,0,0,0,0,0,0,0,1,1,1,False
7,782017,0,1,36144,3,0,0,7154236,0,0,698691,0,0,0,0,0,0,0,0,0,0,0,0,0,0,0,0,0,0,0,0,0,0,1,1,1,False
7,793594,0,1,36144,3,0,0,7154236,0,0,698691,0,0,0,0,0,0,0,0,0,0,0,0,0,0,0,0,0,0,0,0,0,0,1,1,1,False
7,805808,0,1,36144,3,0,0,7154236,0,0,698691,0,0,0,0,0,0,0,0,0,0,0,0,0,0,0,0,0,0,0,0,0,0,1,1,1,False
7,818357,0,1,36144,3,0,0,7154236,0,0,698691,0,0,0,0,0,0,0,0,0,0,0,0,0,0,0,0,0,0,0,0,0,0,1,1,1,False
7,830482,0,1,36144,3,0,0,7154236,0,0,698691,0,0,0,0,0,0,0,0,0,0,0,0,0,0,0,0,0,0,0,0,0,0,1,1,1,False
7,842835,0,1,36144,3,0,0,7154236,0,0,698691,0,0,0,0,0,0,0,0,0,0,0,0,0,0,0,0,0,0,0,0,0,0,1,1,1,False
7,855455,0,1,36144,3,0,0,7154236,0,0,698691,0,0,0,0,0,0,0,0,0,0,0,0,0,0,0,0,0,0,0,0,0,0,1,1,1,False
7,8681,0,1,36144,3,0,0,7154236,0,0,698691,0,0,0,0,0,0,0,0,0,0,0,0,0,0,0,0,0,0,0,0,0,0,1,1,1,False
7,881185,0,1,36144,3,0,0,7154236,0,0,698691,0,0,0,0,0,0,0,0,0,0,0,0,0,0,0,0,0,0,0,0,0,0,1,1,1,False
7,892989,0,1,36144,3,0,0,7154236,0,0,698691,0,0,0,0,0,0,0,0,0,0,0,0,0,0,0,0,0,0,0,0,0,0,1,1,1,False
7,905508,0,1,36144,3,0,0,7154236,0,0,698691,0,0,0,0,0,0,0,0,0,0,0,0,0,0,0,0,0,0,0,0,0,0,1,1,1,False
7,917846,0,1,36144,3,0,0,7154236,0,0,698691,0,0,0,0,0,0,0,0,0,0,0,0,0,0,0,0,0,0,0,0,0,0,1,1,1,False
7,930326,0,1,36144,3,0,0,7154236,0,0,698691,0,0,0,0,0,0,0,0,0,0,0,0,0,0,0,0,0,0,0,0,0,0,1,1,1,False
7,942626,0,1,36144,3,0,0,7154236,0,0,698691,0,0,0,0,0,0,0,0,0,0,0,0,0,0,0,0,0,0,0,0,0,0,1,1,1,False
7,955577,0,1,36144,3,0,0,7154236,0,0,698691,0,0,0,0,0,0,0,0,0,0,0,0,0,0,0,0,0,0,0,0,0,0,1,1,1,False
7,96768,0,1,36144,3,0,0,7154236,0,0,698691,0,0,0,0,0,0,0,0,0,0,0,0,0,0,0,0,0,0,0,0,0,0,1,1,1,False
7,980068,0,1,36144,3,0,0,7154236,0,0,698691,0,0,0,0,0,0,0,0,0,0,0,0,0,0,0,0,0,0,0,0,0,0,1,1,1,False
7,992625,0,1,36144,3,0,0,7154236,0,0,698691,0,0,0,0,0,0,0,0,0,0,0,0,0,0,0,0,0,0,0,0,0,0,1,1,1,False
8,0054,0,1,36144,3,0,0,7154236,0,0,698691,0,0,0,0,0,0,0,0,0,0,0,0,0,0,0,0,0,0,0,0,0,0,1,1,1,False
8,017684,0,1,36144,3,0,0,7154236,0,0,698691,0,0,0,0,0,0,0,0,0,0,0,0,0,0,0,0,0,0,0,0,0,0,1,1,1,False
8,030238,0,1,36144,3,0,0,7154236,0,0,698691,0,0,0,0,0,0,0,0,0,0,0,0,0,0,0,0,0,0,0,0,0,0,1,1,1,False
8,042556,0,1,36144,3,0,0,7154236,0,0,698691,0,0,0,0,0,0,0,0,0,0,0,0,0,0,0,0,0,0,0,0,0,0,1,1,1,False
8,055067,0,1,36144,3,0,0,7154236,0,0,698691,0,0,0,0,0,0,0,0,0,0,0,0,0,0,0,0,0,0,0,0,0,0,1,1,1,False
8,067678,0,1,36144,3,0,0,7154236,0,0,698691,0,0,0,0,0,0,0,0,0,0,0,0,0,0,0,0,0,0,0,0,0,0,1,1,1,False
8,080138,0,1,36144,3,0,0,7154236,0,0,698691,0,0,0,0,0,0,0,0,0,0,0,0,0,0,0,0,0,0,0,0,0,0,1,1,1,False
8,092653,0,1,36144,3,0,0,7154236,0,0,698691,0,0,0,0,0,0,0,0,0,0,0,0,0,0,0,0,0,0,0,0,0,0,1,1,1,False
8,104939,0,1,36144,3,0,0,7154236,0,0,698691,0,0,0,0,0,0,0,0,0,0,0,0,0,0,0,0,0,0,0,0,0,0,1,1,1,False
8,117455,0,1,36144,3,0,0,7154236,0,0,698691,0,0,0,0,0,0,0,0,0,0,0,0,0,0,0,0,0,0,0,0,0,0,1,1,1,False
8,129977,0,1,36144,3,0,0,7154236,0,0,698691,0,0,0,0,0,0,0,0,0,0,0,0,0,0,0,0,0,0,0,0,0,0,1,1,1,False
8,142213,0,1,36144,3,0,0,7154236,0,0,698691,0,0,0,0,0,0,0,0,0,0,0,0,0,0,0,0,0,0,0,0,0,0,1,1,1,False
8,154749,0,1,36144,3,0,0,7154236,0,0,698691,0,0,0,0,0,0,0,0,0,0,0,0,0,0,0,0,0,0,0,0,0,0,1,1,1,False
8,167325,0,1,36144,3,0,0,7154236,0,0,698691,0,0,0,0,0,0,0,0,0,0,0,0,0,0,0,0,0,0,0,0,0,0,1,1,1,False
8,17958,0,1,36144,3,0,0,7154236,0,0,698691,0,0,0,0,0,0,0,0,0,0,0,0,0,0,0,0,0,0,0,0,0,0,1,1,1,False
8,192237,0,1,36144,3,0,0,7154236,0,0,698691,0,0,0,0,0,0,0,0,0,0,0,0,0,0,0,0,0,0,0,0,0,0,1,1,1,False
8,204614,0,1,36144,3,0,0,7154236,0,0,698691,0,0,0,0,0,0,0,0,0,0,0,0,0,0,0,0,0,0,0,0,0,0,1,1,1,False
8,216917,0,1,36144,3,0,0,7154236,0,0,698691,0,0,0,0,0,0,0,0,0,0,0,0,0,0,0,0,0,0,0,0,0,0,1,1,1,False
8,22965,0,1,36144,3,0,0,7154236,0,0,698691,0,0,0,0,0,0,0,0,0,0,0,0,0,0,0,0,0,0,0,0,0,0,1,1,1,False
8,242205,0,1,36144,3,0,0,7154236,0,0,698691,0,0,0,0,0,0,0,0,0,0,0,0,0,0,0,0,0,0,0,0,0,0,1,1,1,False
8,255382,0,1,36144,3,0,0,7154236,0,0,698691,0,0,0,0,0,0,0,0,0,0,0,0,0,0,0,0,0,0,0,0,0,0,1,1,1,False
8,267939,0,1,36144,3,0,0,7154236,0,0,698691,0,0,0,0,0,0,0,0,0,0,0,0,0,0,0,0,0,0,0,0,0,0,1,1,1,False
8,281644,0,1,36144,3,0,0,7154236,0,0,698691,0,0,0,0,0,0,0,0,0,0,0,0,0,0,0,0,0,0,0,0,0,0,1,1,1,False
8,294217,0,1,36144,3,0,0,7154236,0,0,698691,0,0,0,0,0,0,0,0,0,0,0,0,0,0,0,0,0,0,0,0,0,0,1,1,1,False
8,30728,0,1,36144,3,0,0,7154236,0,0,698691,0,0,0,0,0,0,0,0,0,0,0,0,0,0,0,0,0,0,0,0,0,0,1,1,1,False
8,32154,0,1,36144,3,0,0,7154236,0,0,698691,0,0,0,0,0,0,0,0,0,0,0,0,0,0,0,0,0,0,0,0,0,0,1,1,1,False
8,333416,0,1,36144,3,0,0,7154236,0,0,698691,0,0,0,0,0,0,0,0,0,0,0,0,0,0,0,0,0,0,0,0,0,0,1,1,1,False
8,346899,0,1,36144,3,0,0,7154236,0,0,698691,0,0,0,0,0,0,0,0,0,0,0,0,0,0,0,0,0,0,0,0,0,0,1,1,1,False
8,359258,0,1,36144,3,0,0,7154236,0,0,698691,0,0,0,0,0,0,0,0,0,0,0,0,0,0,0,0,0,0,0,0,0,0,1,1,1,False
8,371626,0,1,36144,3,0,0,7154236,0,0,698691,0,0,0,0,0,0,0,0,0,0,0,0,0,0,0,0,0,0,0,0,0,0,1,1,1,False
8,384535,0,1,36144,3,0,0,7154236,0,0,698691,0,0,0,0,0,0,0,0,0,0,0,0,0,0,0,0,0,0,0,0,0,0,1,1,1,False
8,39617,0,1,36144,3,0,0,7154236,0,0,698691,0,0,0,0,0,0,0,0,0,0,0,0,0,0,0,0,0,0,0,0,0,0,1,1,1,False
8,406761,0,1,36144,3,0,0,7154236,0,0,698691,0,0,0,0,0,0,0,0,0,0,0,0,0,0,0,0,0,0,0,0,0,0,1,1,1,False
8,418702,0,1,36144,3,0,0,7154236,0,0,698691,0,0,0,0,0,0,0,0,0,0,0,0,0,0,0,0,0,0,0,0,0,0,1,1,1,False
8,431635,0,1,36144,3,0,0,7154236,0,0,698691,0,0,0,0,0,0,0,0,0,0,0,0,0,0,0,0,0,0,0,0,0,0,1,1,1,False
8,443984,0,1,36144,3,0,0,7154236,0,0,698691,0,0,0,0,0,0,0,0,0,0,0,0,0,0,0,0,0,0,0,0,0,0,1,1,1,False
8,456402,0,1,36144,3,0,0,7154236,0,0,698691,0,0,0,0,0,0,0,0,0,0,0,0,0,0,0,0,0,0,0,0,0,0,1,1,1,False
8,46891,0,1,36144,3,0,0,7154236,0,0,698691,0,0,0,0,0,0,0,0,0,0,0,0,0,0,0,0,0,0,0,0,0,0,1,1,1,False
8,481216,0,1,36144,3,0,0,7154236,0,0,698691,0,0,0,0,0,0,0,0,0,0,0,0,0,0,0,0,0,0,0,0,0,0,1,1,1,False
8,49372,0,1,36144,3,0,0,7154236,0,0,698691,0,0,0,0,0,0,0,0,0,0,0,0,0,0,0,0,0,0,0,0,0,0,1,1,1,False
8,506128,0,1,36144,3,0,0,7154236,0,0,698691,0,0,0,0,0,0,0,0,0,0,0,0,0,0,0,0,0,0,0,0,0,0,1,1,1,False
8,518158,0,1,36144,3,0,0,7154236,0,0,698691,0,0,0,0,0,0,0,0,0,0,0,0,0,0,0,0,0,0,0,0,0,0,1,1,1,False
8,530918,0,1,36144,3,0,0,7154236,0,0,698691,0,0,0,0,0,0,0,0,0,0,0,0,0,0,0,0,0,0,0,0,0,0,1,1,1,False
8,543873,0,1,36144,3,0,0,7154236,0,0,698691,0,0,0,0,0,0,0,0,0,0,0,0,0,0,0,0,0,0,0,0,0,0,1,1,1,False
8,556048,0,1,36144,3,0,0,7154236,0,0,698691,0,0,0,0,0,0,0,0,0,0,0,0,0,0,0,0,0,0,0,0,0,0,1,1,1,False
8,56833,0,1,36144,3,0,0,7154236,0,0,698691,0,0,0,0,0,0,0,0,0,0,0,0,0,0,0,0,0,0,0,0,0,0,1,1,1,False
8,580936,0,1,36144,3,0,0,7154236,0,0,698691,0,0,0,0,0,0,0,0,0,0,0,0,0,0,0,0,0,0,0,0,0,0,1,1,1,False
8,593464,0,1,36144,3,0,0,7154236,0,0,698691,0,0,0,0,0,0,0,0,0,0,0,0,0,0,0,0,0,0,0,0,0,0,1,1,1,False
8,606094,0,1,36144,3,0,0,7154236,0,0,698691,0,0,0,0,0,0,0,0,0,0,0,0,0,0,0,0,0,0,0,0,0,0,1,1,1,False
8,618649,0,1,36144,3,0,0,7154236,0,0,698691,0,0,0,0,0,0,0,0,0,0,0,0,0,0,0,0,0,0,0,0,0,0,1,1,1,False
8,630913,0,1,36144,3,0,0,7154236,0,0,698691,0,0,0,0,0,0,0,0,0,0,0,0,0,0,0,0,0,0,0,0,0,0,1,1,1,False
8,643452,0,1,36144,3,0,0,7154236,0,0,698691,0,0,0,0,0,0,0,0,0,0,0,0,0,0,0,0,0,0,0,0,0,0,1,1,1,False
8,656244,0,1,36144,3,0,0,7154236,0,0,698691,0,0,0,0,0,0,0,0,0,0,0,0,0,0,0,0,0,0,0,0,0,0,1,1,1,False
8,668721,0,1,36144,3,0,0,7154236,0,0,698691,0,0,0,0,0,0,0,0,0,0,0,0,0,0,0,0,0,0,0,0,0,0,1,1,1,False
8,681221,0,1,36144,3,0,0,7154236,0,0,698691,0,0,0,0,0,0,0,0,0,0,0,0,0,0,0,0,0,0,0,0,0,0,1,1,1,False
8,693453,0,1,36144,3,0,0,7154236,0,0,698691,0,0,0,0,0,0,0,0,0,0,0,0,0,0,0,0,0,0,0,0,0,0,1,1,1,False
8,706195,0,1,36144,3,0,0,7154236,0,0,698691,0,0,0,0,0,0,0,0,0,0,0,0,0,0,0,0,0,0,0,0,0,0,1,1,1,False
8,718486,0,1,36144,3,0,0,7154236,0,0,698691,0,0,0,0,0,0,0,0,0,0,0,0,0,0,0,0,0,0,0,0,0,0,1,1,1,False
8,731142,0,1,36144,3,0,0,7154236,0,0,698691,0,0,0,0,0,0,0,0,0,0,0,0,0,0,0,0,0,0,0,0,0,0,1,1,1,False
8,74332,0,1,36144,3,0,0,7154236,0,0,698691,0,0,0,0,0,0,0,0,0,0,0,0,0,0,0,0,0,0,0,0,0,0,1,1,1,False
8,756008,0,1,36144,3,0,0,7154236,0,0,698691,0,0,0,0,0,0,0,0,0,0,0,0,0,0,0,0,0,0,0,0,0,0,1,1,1,False
8,768236,0,1,36144,3,0,0,7154236,0,0,698691,0,0,0,0,0,0,0,0,0,0,0,0,0,0,0,0,0,0,0,0,0,0,1,1,1,False
8,780805,0,1,36144,3,0,0,7154236,0,0,698691,0,0,0,0,0,0,0,0,0,0,0,0,0,0,0,0,0,0,0,0,0,0,1,1,1,False
8,793329,0,1,36144,3,0,0,7154236,0,0,698691,0,0,0,0,0,0,0,0,0,0,0,0,0,0,0,0,0,0,0,0,0,0,1,1,1,False
8,805828,0,1,36144,3,0,0,7154236,0,0,698691,0,0,0,0,0,0,0,0,0,0,0,0,0,0,0,0,0,0,0,0,0,0,1,1,1,False
8,818201,0,1,36144,3,0,0,7154236,0,0,698691,0,0,0,0,0,0,0,0,0,0,0,0,0,0,0,0,0,0,0,0,0,0,1,1,1,False
8,830628,0,1,36144,3,0,0,7154236,0,0,698691,0,0,0,0,0,0,0,0,0,0,0,0,0,0,0,0,0,0,0,0,0,0,1,1,1,False
8,843269,0,1,36144,3,0,0,7154236,0,0,698691,0,0,0,0,0,0,0,0,0,0,0,0,0,0,0,0,0,0,0,0,0,0,1,1,1,False
8,855671,0,1,36144,3,0,0,7154236,0,0,698691,0,0,0,0,0,0,0,0,0,0,0,0,0,0,0,0,0,0,0,0,0,0,1,1,1,False
8,868025,0,1,36144,3,0,0,7154236,0,0,698691,0,0,0,0,0,0,0,0,0,0,0,0,0,0,0,0,0,0,0,0,0,0,1,1,1,False
8,880621,0,1,36144,3,0,0,7154236,0,0,698691,0,0,0,0,0,0,0,0,0,0,0,0,0,0,0,0,0,0,0,0,0,0,1,1,1,False
8,892991,0,1,36144,3,0,0,7154236,0,0,698691,0,0,0,0,0,0,0,0,0,0,0,0,0,0,0,0,0,0,0,0,0,0,1,1,1,False
8,905574,0,1,36144,3,0,0,7154236,0,0,698691,0,0,0,0,0,0,0,0,0,0,0,0,0,0,0,0,0,0,0,0,0,0,1,1,1,False
8,918109,0,1,36144,3,0,0,7154236,0,0,698691,0,0,0,0,0,0,0,0,0,0,0,0,0,0,0,0,0,0,0,0,0,0,1,1,1,False
8,930622,0,1,36144,3,0,0,7154236,0,0,698691,0,0,0,0,0,0,0,0,0,0,0,0,0,0,0,0,0,0,0,0,0,0,1,1,1,False
8,943006,0,1,36144,3,0,0,7154236,0,0,698691,0,0,0,0,0,0,0,0,0,0,0,0,0,0,0,0,0,0,0,0,0,0,1,1,1,False
8,955694,0,1,36144,3,0,0,7154236,0,0,698691,0,0,0,0,0,0,0,0,0,0,0,0,0,0,0,0,0,0,0,0,0,0,1,1,1,False
8,968109,0,1,36144,3,0,0,7154236,0,0,698691,0,0,0,0,0,0,0,0,0,0,0,0,0,0,0,0,0,0,0,0,0,0,1,1,1,False
8,980364,0,1,36144,3,0,0,7154236,0,0,698691,0,0,0,0,0,0,0,0,0,0,0,0,0,0,0,0,0,0,0,0,0,0,1,1,1,False
8,992904,0,1,36144,3,0,0,7154236,0,0,698691,0,0,0,0,0,0,0,0,0,0,0,0,0,0,0,0,0,0,0,0,0,0,1,1,1,False
9,005254,0,1,36144,3,0,0,7154236,0,0,698691,0,0,0,0,0,0,0,0,0,0,0,0,0,0,0,0,0,0,0,0,0,0,1,1,1,False
9,017657,0,1,36144,3,0,0,7154236,0,0,698691,0,0,0,0,0,0,0,0,0,0,0,0,0,0,0,0,0,0,0,0,0,0,1,1,1,False
9,030141,0,1,36144,3,0,0,7154236,0,0,698691,0,0,0,0,0,0,0,0,0,0,0,0,0,0,0,0,0,0,0,0,0,0,1,1,1,False
9,042751,0,1,36144,3,0,0,7154236,0,0,698691,0,0,0,0,0,0,0,0,0,0,0,0,0,0,0,0,0,0,0,0,0,0,1,1,1,False
9,055167,0,1,36144,3,0,0,7154236,0,0,698691,0,0,0,0,0,0,0,0,0,0,0,0,0,0,0,0,0,0,0,0,0,0,1,1,1,False
9,067367,0,1,36144,3,0,0,7154236,0,0,698691,0,0,0,0,0,0,0,0,0,0,0,0,0,0,0,0,0,0,0,0,0,0,1,1,1,False
9,080082,0,1,36144,3,0,0,7154236,0,0,698691,0,0,0,0,0,0,0,0,0,0,0,0,0,0,0,0,0,0,0,0,0,0,1,1,1,False
9,092228,0,1,36144,3,0,0,7154236,0,0,698691,0,0,0,0,0,0,0,0,0,0,0,0,0,0,0,0,0,0,0,0,0,0,1,1,1,False
9,104908,0,1,36144,3,0,0,7154236,0,0,698691,0,0,0,0,0,0,0,0,0,0,0,0,0,0,0,0,0,0,0,0,0,0,1,1,1,False
9,1172,0,1,36144,3,0,0,7154236,0,0,698691,0,0,0,0,0,0,0,0,0,0,0,0,0,0,0,0,0,0,0,0,0,0,1,1,1,False
9,130064,0,1,36144,3,0,0,7154236,0,0,698691,0,0,0,0,0,0,0,0,0,0,0,0,0,0,0,0,0,0,0,0,0,0,1,1,1,False
9,142054,0,1,36144,3,0,0,7154236,0,0,698691,0,0,0,0,0,0,0,0,0,0,0,0,0,0,0,0,0,0,0,0,0,0,1,1,1,False
9,155457,0,1,36144,3,0,0,7154236,0,0,698691,0,0,0,0,0,0,0,0,0,0,0,0,0,0,0,0,0,0,0,0,0,0,1,1,1,False
9,168185,0,1,36144,3,0,0,7154236,0,0,698691,0,0,0,0,0,0,0,0,0,0,0,0,0,0,0,0,0,0,0,0,0,0,1,1,1,False
9,180431,0,1,36144,3,0,0,7154236,0,0,698691,0,0,0,0,0,0,0,0,0,0,0,0,0,0,0,0,0,0,0,0,0,0,1,1,1,False
9,193153,0,1,36144,3,0,0,7154236,0,0,698691,0,0,0,0,0,0,0,0,0,0,0,0,0,0,0,0,0,0,0,0,0,0,1,1,1,False
9,205758,0,1,36144,3,0,0,7154236,0,0,698691,0,0,0,0,0,0,0,0,0,0,0,0,0,0,0,0,0,0,0,0,0,0,1,1,1,False
9,218553,0,1,36144,3,0,0,7154236,0,0,698691,0,0,0,0,0,0,0,0,0,0,0,0,0,0,0,0,0,0,0,0,0,0,1,1,1,False
9,230963,0,1,36144,3,0,0,7154236,0,0,698691,0,0,0,0,0,0,0,0,0,0,0,0,0,0,0,0,0,0,0,0,0,0,1,1,1,False
9,243419,0,1,36144,3,0,0,7154236,0,0,698691,0,0,0,0,0,0,0,0,0,0,0,0,0,0,0,0,0,0,0,0,0,0,1,1,1,False
9,255728,0,1,36144,3,0,0,7154236,0,0,698691,0,0,0,0,0,0,0,0,0,0,0,0,0,0,0,0,0,0,0,0,0,0,1,1,1,False
9,268622,0,1,36144,3,0,0,7154236,0,0,698691,0,0,0,0,0,0,0,0,0,0,0,0,0,0,0,0,0,0,0,0,0,0,1,1,1,False
9,28084,0,1,36144,3,0,0,7154236,0,0,698691,0,0,0,0,0,0,0,0,0,0,0,0,0,0,0,0,0,0,0,0,0,0,1,1,1,False
9,293635,0,1,36144,3,0,0,7154236,0,0,698691,0,0,0,0,0,0,0,0,0,0,0,0,0,0,0,0,0,0,0,0,0,0,1,1,1,False
9,306147,0,1,36144,3,0,0,7154236,0,0,698691,0,0,0,0,0,0,0,0,0,0,0,0,0,0,0,0,0,0,0,0,0,0,1,1,1,False
9,318439,0,1,36144,3,0,0,7154236,0,0,698691,0,0,0,0,0,0,0,0,0,0,0,0,0,0,0,0,0,0,0,0,0,0,1,1,1,False
9,33098,0,1,36144,3,0,0,7154236,0,0,698691,0,0,0,0,0,0,0,0,0,0,0,0,0,0,0,0,0,0,0,0,0,0,1,1,1,False
9,34377,0,1,36144,3,0,0,7154236,0,0,698691,0,0,0,0,0,0,0,0,0,0,0,0,0,0,0,0,0,0,0,0,0,0,1,1,1,False
9,356418,0,1,36144,3,0,0,7154236,0,0,698691,0,0,0,0,0,0,0,0,0,0,0,0,0,0,0,0,0,0,0,0,0,0,1,1,1,False
9,368967,0,1,36144,3,0,0,7154236,0,0,698691,0,0,0,0,0,0,0,0,0,0,0,0,0,0,0,0,0,0,0,0,0,0,1,1,1,False
9,381695,0,1,36144,3,0,0,7154236,0,0,698691,0,0,0,0,0,0,0,0,0,0,0,0,0,0,0,0,0,0,0,0,0,0,1,1,1,False
9,393602,0,1,36144,3,0,0,7154236,0,0,698691,0,0,0,0,0,0,0,0,0,0,0,0,0,0,0,0,0,0,0,0,0,0,1,1,1,False
9,406705,0,1,36144,3,0,0,7154236,0,0,698691,0,0,0,0,0,0,0,0,0,0,0,0,0,0,0,0,0,0,0,0,0,0,1,1,1,False
9,419539,0,1,36144,3,0,0,7154236,0,0,698691,0,0,0,0,0,0,0,0,0,0,0,0,0,0,0,0,0,0,0,0,0,0,1,1,1,False
9,432615,0,1,36144,3,0,0,7154236,0,0,698691,0,0,0,0,0,0,0,0,0,0,0,0,0,0,0,0,0,0,0,0,0,0,1,1,1,False
9,444278,0,1,36144,3,0,0,7154236,0,0,698691,0,0,0,0,0,0,0,0,0,0,0,0,0,0,0,0,0,0,0,0,0,0,1,1,1,False
9,457524,0,1,36144,3,0,0,7154236,0,0,698691,0,0,0,0,0,0,0,0,0,0,0,0,0,0,0,0,0,0,0,0,0,0,1,1,1,False
9,469504,0,1,36144,3,0,0,7154236,0,0,698691,0,0,0,0,0,0,0,0,0,0,0,0,0,0,0,0,0,0,0,0,0,0,1,1,1,False
9,482047,0,1,36144,3,0,0,7154236,0,0,698691,0,0,0,0,0,0,0,0,0,0,0,0,0,0,0,0,0,0,0,0,0,0,1,1,1,False
9,494508,0,1,36144,3,0,0,7154236,0,0,698691,0,0,0,0,0,0,0,0,0,0,0,0,0,0,0,0,0,0,0,0,0,0,1,1,1,False
9,507418,0,1,36144,3,0,0,7154236,0,0,698691,0,0,0,0,0,0,0,0,0,0,0,0,0,0,0,0,0,0,0,0,0,0,1,1,1,False
9,519633,0,1,36144,3,0,0,7154236,0,0,698691,0,0,0,0,0,0,0,0,0,0,0,0,0,0,0,0,0,0,0,0,0,0,1,1,1,False
9,532509,0,1,36144,3,0,0,7154236,0,0,698691,0,0,0,0,0,0,0,0,0,0,0,0,0,0,0,0,0,0,0,0,0,0,1,1,1,False
9,545456,0,1,36144,3,0,0,7154236,0,0,698691,0,0,0,0,0,0,0,0,0,0,0,0,0,0,0,0,0,0,0,0,0,0,1,1,1,False
9,557391,0,1,36144,3,0,0,7154236,0,0,698691,0,0,0,0,0,0,0,0,0,0,0,0,0,0,0,0,0,0,0,0,0,0,1,1,1,False
9,570271,0,1,36144,3,0,0,7154236,0,0,698691,0,0,0,0,0,0,0,0,0,0,0,0,0,0,0,0,0,0,0,0,0,0,1,1,1,False
9,582736,0,1,36144,3,0,0,7154236,0,0,698691,0,0,0,0,0,0,0,0,0,0,0,0,0,0,0,0,0,0,0,0,0,0,1,1,1,False
9,595323,0,1,36144,3,0,0,7154236,0,0,698691,0,0,0,0,0,0,0,0,0,0,0,0,0,0,0,0,0,0,0,0,0,0,1,1,1,False
9,607637,0,1,36144,3,0,0,7154236,0,0,698691,0,0,0,0,0,0,0,0,0,0,0,0,0,0,0,0,0,0,0,0,0,0,1,1,1,False
9,620348,0,1,36144,3,0,0,7154236,0,0,698691,0,0,0,0,0,0,0,0,0,0,0,0,0,0,0,0,0,0,0,0,0,0,1,1,1,False
9,633162,0,1,36144,3,0,0,7154236,0,0,698691,0,0,0,0,0,0,0,0,0,0,0,0,0,0,0,0,0,0,0,0,0,0,1,1,1,False
9,646196,0,1,36144,3,0,0,7154236,0,0,698691,0,0,0,0,0,0,0,0,0,0,0,0,0,0,0,0,0,0,0,0,0,0,1,1,1,False
9,658569,0,1,36144,3,0,0,7154236,0,0,698691,0,0,0,0,0,0,0,0,0,0,0,0,0,0,0,0,0,0,0,0,0,0,1,1,1,False
9,671185,0,1,36144,3,0,0,7154236,0,0,698691,0,0,0,0,0,0,0,0,0,0,0,0,0,0,0,0,0,0,0,0,0,0,1,1,1,False
9,683958,0,1,36144,3,0,0,7154236,0,0,698691,0,0,0,0,0,0,0,0,0,0,0,0,0,0,0,0,0,0,0,0,0,0,1,1,1,False
9,696836,0,1,36144,3,0,0,7154236,0,0,698691,0,0,0,0,0,0,0,0,0,0,0,0,0,0,0,0,0,0,0,0,0,0,1,1,1,False
9,709067,0,1,36144,3,0,0,7154236,0,0,698691,0,0,0,0,0,0,0,0,0,0,0,0,0,0,0,0,0,0,0,0,0,0,1,1,1,False
9,721772,0,1,36144,3,0,0,7154236,0,0,698691,0,0,0,0,0,0,0,0,0,0,0,0,0,0,0,0,0,0,0,0,0,0,1,1,1,False
9,734445,0,1,36144,3,0,0,7154236,0,0,698691,0,0,0,0,0,0,0,0,0,0,0,0,0,0,0,0,0,0,0,0,0,0,1,1,1,False
9,746729,0,1,36144,3,0,0,7154236,0,0,698691,0,0,0,0,0,0,0,0,0,0,0,0,0,0,0,0,0,0,0,0,0,0,1,1,1,False
9,759305,0,1,36144,3,0,0,7154236,0,0,698691,0,0,0,0,0,0,0,0,0,0,0,0,0,0,0,0,0,0,0,0,0,0,1,1,1,False
9,771522,0,1,36144,3,0,0,7154236,0,0,698691,0,0,0,0,0,0,0,0,0,0,0,0,0,0,0,0,0,0,0,0,0,0,1,1,1,False
9,78401,0,1,36144,3,0,0,7154236,0,0,698691,0,0,0,0,0,0,0,0,0,0,0,0,0,0,0,0,0,0,0,0,0,0,1,1,1,False
9,796412,0,1,36144,3,0,0,7154236,0,0,698691,0,0,0,0,0,0,0,0,0,0,0,0,0,0,0,0,0,0,0,0,0,0,1,1,1,False
9,809357,0,1,36144,3,0,0,7154236,0,0,698691,0,0,0,0,0,0,0,0,0,0,0,0,0,0,0,0,0,0,0,0,0,0,1,1,1,False
9,821625,0,1,36144,3,0,0,7154236,0,0,698691,0,0,0,0,0,0,0,0,0,0,0,0,0,0,0,0,0,0,0,0,0,0,1,1,1,False
9,834779,0,1,36144,3,0,0,7154236,0,0,698691,0,0,0,0,0,0,0,0,0,0,0,0,0,0,0,0,0,0,0,0,0,0,1,1,1,False
9,847095,0,1,36144,3,0,0,7154236,0,0,698691,0,0,0,0,0,0,0,0,0,0,0,0,0,0,0,0,0,0,0,0,0,0,1,1,1,False
9,859044,0,1,36144,3,0,0,7154236,0,0,698691,0,0,0,0,0,0,0,0,0,0,0,0,0,0,0,0,0,0,0,0,0,0,1,1,1,False
9,871569,0,1,36144,3,0,0,7154236,0,0,698691,0,0,0,0,0,0,0,0,0,0,0,0,0,0,0,0,0,0,0,0,0,0,1,1,1,False
9,884472,0,1,36144,3,0,0,7154236,0,0,698691,0,0,0,0,0,0,0,0,0,0,0,0,0,0,0,0,0,0,0,0,0,0,1,1,1,False
9,896945,0,1,36144,3,0,0,7154236,0,0,698691,0,0,0,0,0,0,0,0,0,0,0,0,0,0,0,0,0,0,0,0,0,0,1,1,1,False
9,910051,0,1,36144,3,0,0,7154236,0,0,698691,0,0,0,0,0,0,0,0,0,0,0,0,0,0,0,0,0,0,0,0,0,0,1,1,1,False
9,9225,0,1,36144,3,0,0,7154236,0,0,698691,0,0,0,0,0,0,0,0,0,0,0,0,0,0,0,0,0,0,0,0,0,0,1,1,1,False
9,935047,0,1,36144,3,0,0,7154236,0,0,698691,0,0,0,0,0,0,0,0,0,0,0,0,0,0,0,0,0,0,0,0,0,0,1,1,1,False
9,947581,0,1,36144,3,0,0,7154236,0,0,698691,0,0,0,0,0,0,0,0,0,0,0,0,0,0,0,0,0,0,0,0,0,0,1,1,1,False
9,960003,0,1,36144,3,0,0,7154236,0,0,698691,0,0,0,0,0,0,0,0,0,0,0,0,0,0,0,0,0,0,0,0,0,0,1,1,1,False
9,972138,0,1,36144,3,0,0,7154236,0,0,698691,0,0,0,0,0,0,0,0,0,0,0,0,0,0,0,0,0,0,0,0,0,0,1,1,1,False
9,984509,0,1,36144,3,0,0,7154236,0,0,698691,0,0,0,0,0,0,0,0,0,0,0,0,0,0,0,0,0,0,0,0,0,0,1,1,1,False
9,997293,0,1,36144,3,0,0,7154236,0,0,698691,0,0,0,0,0,0,0,0,0,0,0,0,0,0,0,0,0,0,0,0,0,0,1,1,1,False
10,00979,0,1,36144,3,0,0,7154236,0,0,698691,0,0,0,0,0,0,0,0,0,0,0,0,0,0,0,0,0,0,0,0,0,0,1,1,1,False
10,0223,0,1,36144,3,0,0,7154236,0,0,698691,0,0,0,0,0,0,0,0,0,0,0,0,0,0,0,0,0,0,0,0,0,0,1,1,1,False
10,03448,0,1,36144,3,0,0,7154236,0,0,698691,0,0,0,0,0,0,0,0,0,0,0,0,0,0,0,0,0,0,0,0,0,0,1,1,1,False
10,04719,0,1,36144,3,0,0,7154236,0,0,698691,0,0,0,0,0,0,0,0,0,0,0,0,0,0,0,0,0,0,0,0,0,0,1,1,1,False
10,05981,0,1,36144,3,0,0,7154236,0,0,698691,0,0,0,0,0,0,0,0,0,0,0,0,0,0,0,0,0,0,0,0,0,0,1,1,1,False
10,07197,0,1,36144,3,0,0,7154236,0,0,698691,0,0,0,0,0,0,0,0,0,0,0,0,0,0,0,0,0,0,0,0,0,0,1,1,1,False
10,08458,0,1,36144,3,0,0,7154236,0,0,698691,0,0,0,0,0,0,0,0,0,0,0,0,0,0,0,0,0,0,0,0,0,0,1,1,1,False
10,09442,0,1,36144,3,0,0,7154236,0,0,698691,0,0,0,0,0,0,0,0,0,0,0,0,0,0,0,0,0,0,0,0,0,0,1,1,1,False
10,10464,0,1,36144,3,0,0,7154236,0,0,698691,0,0,0,0,0,0,0,0,0,0,0,0,0,0,0,0,0,0,0,0,0,0,1,1,1,False
10,12229,0,1,36144,3,0,0,7154236,0,0,698691,0,0,0,0,0,0,0,0,0,0,0,0,0,0,0,0,0,0,0,0,0,0,1,1,1,False
10,13484,0,1,36144,3,0,0,7154236,0,0,698691,0,0,0,0,0,0,0,0,0,0,0,0,0,0,0,0,0,0,0,0,0,0,1,1,1,False
10,14712,0,1,36144,3,0,0,7154236,0,0,698691,0,0,0,0,0,0,0,0,0,0,0,0,0,0,0,0,0,0,0,0,0,0,1,1,1,False
10,16053,0,1,36144,3,0,0,7154236,0,0,698691,0,0,0,0,0,0,0,0,0,0,0,0,0,0,0,0,0,0,0,0,0,0,1,1,1,False
10,17896,0,1,36144,3,0,0,7154236,0,0,698691,0,0,0,0,0,0,0,0,0,0,0,0,0,0,0,0,0,0,0,0,0,0,1,1,1,False
10,19771,0,1,36144,3,0,0,7154236,0,0,698691,0,0,0,0,0,0,0,0,0,0,0,0,0,0,0,0,0,0,0,0,0,0,1,1,1,False
10,21024,0,1,36144,3,0,0,7154236,0,0,698691,0,0,0,0,0,0,0,0,0,0,0,0,0,0,0,0,0,0,0,0,0,0,1,1,1,False
10,22294,0,1,36144,3,0,0,7154236,0,0,698691,0,0,0,0,0,0,0,0,0,0,0,0,0,0,0,0,0,0,0,0,0,0,1,1,1,False
10,23541,0,1,36144,3,0,0,7154236,0,0,698691,0,0,0,0,0,0,0,0,0,0,0,0,0,0,0,0,0,0,0,0,0,0,1,1,1,False
10,24809,0,1,36144,3,0,0,7154236,0,0,698691,0,0,0,0,0,0,0,0,0,0,0,0,0,0,0,0,0,0,0,0,0,0,1,1,1,False
10,2606,0,1,36144,3,0,0,7154236,0,0,698691,0,0,0,0,0,0,0,0,0,0,0,0,0,0,0,0,0,0,0,0,0,0,1,1,1,False
10,27318,0,1,36144,3,0,0,7154236,0,0,698691,0,0,0,0,0,0,0,0,0,0,0,0,0,0,0,0,0,0,0,0,0,0,1,1,1,False
10,28567,0,1,36144,3,0,0,7154236,0,0,698691,0,0,0,0,0,0,0,0,0,0,0,0,0,0,0,0,0,0,0,0,0,0,1,1,1,False
10,29806,0,1,36144,3,0,0,7154236,0,0,698691,0,0,0,0,0,0,0,0,0,0,0,0,0,0,0,0,0,0,0,0,0,0,1,1,1,False
10,31058,0,1,36144,3,0,0,7154236,0,0,698691,0,0,0,0,0,0,0,0,0,0,0,0,0,0,0,0,0,0,0,0,0,0,1,1,1,False
10,32286,0,1,36144,3,0,0,7154236,0,0,698691,0,0,0,0,0,0,0,0,0,0,0,0,0,0,0,0,0,0,0,0,0,0,1,1,1,False
10,33574,0,1,36144,3,0,0,7154236,0,0,698691,0,0,0,0,0,0,0,0,0,0,0,0,0,0,0,0,0,0,0,0,0,0,1,1,1,False
10,34803,0,1,36144,3,0,0,7154236,0,0,698691,0,0,0,0,0,0,0,0,0,0,0,0,0,0,0,0,0,0,0,0,0,0,1,1,1,False
10,36059,0,1,36144,3,0,0,7154236,0,0,698691,0,0,0,0,0,0,0,0,0,0,0,0,0,0,0,0,0,0,0,0,0,0,1,1,1,False
10,37282,0,1,36144,3,0,0,7154236,0,0,698691,0,0,0,0,0,0,0,0,0,0,0,0,0,0,0,0,0,0,0,0,0,0,1,1,1,False
10,38531,0,1,36144,3,0,0,7154236,0,0,698691,0,0,0,0,0,0,0,0,0,0,0,0,0,0,0,0,0,0,0,0,0,0,1,1,1,False
10,39796,0,1,36144,3,0,0,7154236,0,0,698691,0,0,0,0,0,0,0,0,0,0,0,0,0,0,0,0,0,0,0,0,0,0,1,1,1,False
10,41051,0,1,36144,3,0,0,7154236,0,0,698691,0,0,0,0,0,0,0,0,0,0,0,0,0,0,0,0,0,0,0,0,0,0,1,1,1,False
10,42297,0,1,36144,3,0,0,7154236,0,0,698691,0,0,0,0,0,0,0,0,0,0,0,0,0,0,0,0,0,0,0,0,0,0,1,1,1,False
10,43554,0,1,36144,3,0,0,7154236,0,0,698691,0,0,0,0,0,0,0,0,0,0,0,0,0,0,0,0,0,0,0,0,0,0,1,1,1,False
10,44829,0,1,36144,3,0,0,7154236,0,0,698691,0,0,0,0,0,0,0,0,0,0,0,0,0,0,0,0,0,0,0,0,0,0,1,1,1,False
10,46151,0,1,36144,3,0,0,7154236,0,0,698691,0,0,0,0,0,0,0,0,0,0,0,0,0,0,0,0,0,0,0,0,0,0,1,1,1,False
10,47532,0,1,36144,3,0,0,7154236,0,0,698691,0,0,0,0,0,0,0,0,0,0,0,0,0,0,0,0,0,0,0,0,0,0,1,1,1,False
10,48869,0,1,36144,3,0,0,7154236,0,0,698691,0,0,0,0,0,0,0,0,0,0,0,0,0,0,0,0,0,0,0,0,0,0,1,1,1,False
10,50067,0,1,36144,3,0,0,7154236,0,0,698691,0,0,0,0,0,0,0,0,0,0,0,0,0,0,0,0,0,0,0,0,0,0,1,1,1,False
10,51148,0,1,36144,3,0,0,7154236,0,0,698691,0,0,0,0,0,0,0,0,0,0,0,0,0,0,0,0,0,0,0,0,0,0,1,1,1,False
10,52384,0,1,36144,3,0,0,7154236,0,0,698691,0,0,0,0,0,0,0,0,0,0,0,0,0,0,0,0,0,0,0,0,0,0,1,1,1,False
10,53636,0,1,36144,3,0,0,7154236,0,0,698691,0,0,0,0,0,0,0,0,0,0,0,0,0,0,0,0,0,0,0,0,0,0,1,1,1,False
10,54907,0,1,36144,3,0,0,7154236,0,0,698691,0,0,0,0,0,0,0,0,0,0,0,0,0,0,0,0,0,0,0,0,0,0,1,1,1,False
10,56165,0,1,36144,3,0,0,7154236,0,0,698691,0,0,0,0,0,0,0,0,0,0,0,0,0,0,0,0,0,0,0,0,0,0,1,1,1,False
10,57377,0,1,36144,3,0,0,7154236,0,0,698691,0,0,0,0,0,0,0,0,0,0,0,0,0,0,0,0,0,0,0,0,0,0,1,1,1,False
10,58659,0,1,36144,3,0,0,7154236,0,0,698691,0,0,0,0,0,0,0,0,0,0,0,0,0,0,0,0,0,0,0,0,0,0,1,1,1,False
10,59909,0,1,36144,3,0,0,7154236,0,0,698691,0,0,0,0,0,0,0,0,0,0,0,0,0,0,0,0,0,0,0,0,0,0,1,1,1,False
10,61152,0,1,36144,3,0,0,7154236,0,0,698691,0,0,0,0,0,0,0,0,0,0,0,0,0,0,0,0,0,0,0,0,0,0,1,1,1,False
10,62421,0,1,36144,3,0,0,7154236,0,0,698691,0,0,0,0,0,0,0,0,0,0,0,0,0,0,0,0,0,0,0,0,0,0,1,1,1,False
10,63642,0,1,36144,3,0,0,7154236,0,0,698691,0,0,0,0,0,0,0,0,0,0,0,0,0,0,0,0,0,0,0,0,0,0,1,1,1,False
10,65047,0,1,36144,3,0,0,7154236,0,0,698691,0,0,0,0,0,0,0,0,0,0,0,0,0,0,0,0,0,0,0,0,0,0,1,1,1,False
10,66199,0,1,36144,3,0,0,7154236,0,0,698691,0,0,0,0,0,0,0,0,0,0,0,0,0,0,0,0,0,0,0,0,0,0,1,1,1,False
10,67447,0,1,36144,3,0,0,7154236,0,0,698691,0,0,0,0,0,0,0,0,0,0,0,0,0,0,0,0,0,0,0,0,0,0,1,1,1,False
10,68691,0,1,36144,3,0,0,7154236,0,0,698691,0,0,0,0,0,0,0,0,0,0,0,0,0,0,0,0,0,0,0,0,0,0,1,1,1,False
10,69942,0,1,36144,3,0,0,7154236,0,0,698691,0,0,0,0,0,0,0,0,0,0,0,0,0,0,0,0,0,0,0,0,0,0,1,1,1,False
10,71194,0,1,36144,3,0,0,7154236,0,0,698691,0,0,0,0,0,0,0,0,0,0,0,0,0,0,0,0,0,0,0,0,0,0,1,1,1,False
10,72417,0,1,36144,3,0,0,7154236,0,0,698691,0,0,0,0,0,0,0,0,0,0,0,0,0,0,0,0,0,0,0,0,0,0,1,1,1,False
10,73684,0,1,36144,3,0,0,7154236,0,0,698691,0,0,0,0,0,0,0,0,0,0,0,0,0,0,0,0,0,0,0,0,0,0,1,1,1,False
10,74908,0,1,36144,3,0,0,7154236,0,0,698691,0,0,0,0,0,0,0,0,0,0,0,0,0,0,0,0,0,0,0,0,0,0,1,1,1,False
10,7616,0,1,36144,3,0,0,7154236,0,0,698691,0,0,0,0,0,0,0,0,0,0,0,0,0,0,0,0,0,0,0,0,0,0,1,1,1,False
10,77384,0,1,36144,3,0,0,7154236,0,0,698691,0,0,0,0,0,0,0,0,0,0,0,0,0,0,0,0,0,0,0,0,0,0,1,1,1,False
10,78658,0,1,36144,3,0,0,7154236,0,0,698691,0,0,0,0,0,0,0,0,0,0,0,0,0,0,0,0,0,0,0,0,0,0,1,1,1,False
10,7987,0,1,36144,3,0,0,7154236,0,0,698691,0,0,0,0,0,0,0,0,0,0,0,0,0,0,0,0,0,0,0,0,0,0,1,1,1,False
10,8113,0,1,36144,3,0,0,7154236,0,0,698691,0,0,0,0,0,0,0,0,0,0,0,0,0,0,0,0,0,0,0,0,0,0,1,1,1,False
10,82375,0,1,36144,3,0,0,7154236,0,0,698691,0,0,0,0,0,0,0,0,0,0,0,0,0,0,0,0,0,0,0,0,0,0,1,1,1,False
10,83592,0,1,36144,3,0,0,7154236,0,0,698691,0,0,0,0,0,0,0,0,0,0,0,0,0,0,0,0,0,0,0,0,0,0,1,1,1,False
10,84899,0,1,36144,3,0,0,7154236,0,0,698691,0,0,0,0,0,0,0,0,0,0,0,0,0,0,0,0,0,0,0,0,0,0,1,1,1,False
10,86139,0,1,36144,3,0,0,7154236,0,0,698691,0,0,0,0,0,0,0,0,0,0,0,0,0,0,0,0,0,0,0,0,0,0,1,1,1,False
10,87409,0,1,36144,3,0,0,7154236,0,0,698691,0,0,0,0,0,0,0,0,0,0,0,0,0,0,0,0,0,0,0,0,0,0,1,1,1,False
10,88623,0,1,36144,3,0,0,7154236,0,0,698691,0,0,0,0,0,0,0,0,0,0,0,0,0,0,0,0,0,0,0,0,0,0,1,1,1,False
10,89872,0,1,36144,3,0,0,7154236,0,0,698691,0,0,0,0,0,0,0,0,0,0,0,0,0,0,0,0,0,0,0,0,0,0,1,1,1,False
10,91106,0,1,36144,3,0,0,7154236,0,0,698691,0,0,0,0,0,0,0,0,0,0,0,0,0,0,0,0,0,0,0,0,0,0,1,1,1,False
10,92025,0,1,36144,3,0,0,7154236,0,0,698691,0,0,0,0,0,0,0,0,0,0,0,0,0,0,0,0,0,0,0,0,0,0,1,1,1,False
10,93613,0,1,36144,3,0,0,7154236,0,0,698691,0,0,0,0,0,0,0,0,0,0,0,0,0,0,0,0,0,0,0,0,0,0,1,1,1,False
10,94878,0,1,36144,3,0,0,7154236,0,0,698691,0,0,0,0,0,0,0,0,0,0,0,0,0,0,0,0,0,0,0,0,0,0,1,1,1,False
10,96107,0,1,36144,3,0,0,7154236,0,0,698691,0,0,0,0,0,0,0,0,0,0,0,0,0,0,0,0,0,0,0,0,0,0,1,1,1,False
10,97324,0,1,36144,3,0,0,7154236,0,0,698691,0,0,0,0,0,0,0,0,0,0,0,0,0,0,0,0,0,0,0,0,0,0,1,1,1,False
10,98584,0,1,36144,3,0,0,7154236,0,0,698691,0,0,0,0,0,0,0,0,0,0,0,0,0,0,0,0,0,0,0,0,0,0,1,1,1,False
10,99842,0,1,36144,3,0,0,7154236,0,0,698691,0,0,0,0,0,0,0,0,0,0,0,0,0,0,0,0,0,0,0,0,0,0,1,1,1,False
11,01116,0,1,36144,3,0,0,7154236,0,0,698691,0,0,0,0,0,0,0,0,0,0,0,0,0,0,0,0,0,0,0,0,0,0,1,1,1,False
11,02369,0,1,36144,3,0,0,7154236,0,0,698691,0,0,0,0,0,0,0,0,0,0,0,0,0,0,0,0,0,0,0,0,0,0,1,1,1,False
11,0359,0,1,36144,3,0,0,7154236,0,0,698691,0,0,0,0,0,0,0,0,0,0,0,0,0,0,0,0,0,0,0,0,0,0,1,1,1,False
11,04829,0,1,36144,3,0,0,7154236,0,0,698691,0,0,0,0,0,0,0,0,0,0,0,0,0,0,0,0,0,0,0,0,0,0,1,1,1,False
11,06087,0,1,36144,3,0,0,7154236,0,0,698691,0,0,0,0,0,0,0,0,0,0,0,0,0,0,0,0,0,0,0,0,0,0,1,1,1,False
11,07347,0,1,36144,3,0,0,7154236,0,0,698691,0,0,0,0,0,0,0,0,0,0,0,0,0,0,0,0,0,0,0,0,0,0,1,1,1,False
11,0859,0,1,36144,3,0,0,7154236,0,0,698691,0,0,0,0,0,0,0,0,0,0,0,0,0,0,0,0,0,0,0,0,0,0,1,1,1,False
11,09843,0,1,36144,3,0,0,7154236,0,0,698691,0,0,0,0,0,0,0,0,0,0,0,0,0,0,0,0,0,0,0,0,0,0,1,1,1,False
11,11116,0,1,36144,3,0,0,7154236,0,0,698691,0,0,0,0,0,0,0,0,0,0,0,0,0,0,0,0,0,0,0,0,0,0,1,1,1,False
11,12379,0,1,36144,3,0,0,7154236,0,0,698691,0,0,0,0,0,0,0,0,0,0,0,0,0,0,0,0,0,0,0,0,0,0,1,1,1,False
11,13654,0,1,36144,3,0,0,7154236,0,0,698691,0,0,0,0,0,0,0,0,0,0,0,0,0,0,0,0,0,0,0,0,0,0,1,1,1,False
11,14886,0,1,36144,3,0,0,7154236,0,0,698691,0,0,0,0,0,0,0,0,0,0,0,0,0,0,0,0,0,0,0,0,0,0,1,1,1,False
11,16123,0,1,36144,3,0,0,7154236,0,0,698691,0,0,0,0,0,0,0,0,0,0,0,0,0,0,0,0,0,0,0,0,0,0,1,1,1,False
11,17367,0,1,36144,3,0,0,7154236,0,0,698691,0,0,0,0,0,0,0,0,0,0,0,0,0,0,0,0,0,0,0,0,0,0,1,1,1,False
11,18625,0,1,36144,3,0,0,7154236,0,0,698691,0,0,0,0,0,0,0,0,0,0,0,0,0,0,0,0,0,0,0,0,0,0,1,1,1,False
11,19855,0,1,36144,3,0,0,7154236,0,0,698691,0,0,0,0,0,0,0,0,0,0,0,0,0,0,0,0,0,0,0,0,0,0,1,1,1,False
11,21118,0,1,36144,3,0,0,7154236,0,0,698691,0,0,0,0,0,0,0,0,0,0,0,0,0,0,0,0,0,0,0,0,0,0,1,1,1,False
11,22389,0,1,36144,3,0,0,7154236,0,0,698691,0,0,0,0,0,0,0,0,0,0,0,0,0,0,0,0,0,0,0,0,0,0,1,1,1,False
11,23609,0,1,36144,3,0,0,7154236,0,0,698691,0,0,0,0,0,0,0,0,0,0,0,0,0,0,0,0,0,0,0,0,0,0,1,1,1,False
11,2486,0,1,36144,3,0,0,7154236,0,0,698691,0,0,0,0,0,0,0,0,0,0,0,0,0,0,0,0,0,0,0,0,0,0,1,1,1,False
11,2614,0,1,36144,3,0,0,7154236,0,0,698691,0,0,0,0,0,0,0,0,0,0,0,0,0,0,0,0,0,0,0,0,0,0,1,1,1,False
11,27363,0,1,36144,3,0,0,7154236,0,0,698691,0,0,0,0,0,0,0,0,0,0,0,0,0,0,0,0,0,0,0,0,0,0,1,1,1,False
11,28583,0,1,36144,3,0,0,7154236,0,0,698691,0,0,0,0,0,0,0,0,0,0,0,0,0,0,0,0,0,0,0,0,0,0,1,1,1,False
11,29833,0,1,36144,3,0,0,7154236,0,0,698691,0,0,0,0,0,0,0,0,0,0,0,0,0,0,0,0,0,0,0,0,0,0,1,1,1,False
11,31067,0,1,36144,3,0,0,7154236,0,0,698691,0,0,0,0,0,0,0,0,0,0,0,0,0,0,0,0,0,0,0,0,0,0,1,1,1,False
11,32323,0,1,36144,3,0,0,7154236,0,0,698691,0,0,0,0,0,0,0,0,0,0,0,0,0,0,0,0,0,0,0,0,0,0,1,1,1,False
11,33549,0,1,36144,3,0,0,7154236,0,0,698691,0,0,0,0,0,0,0,0,0,0,0,0,0,0,0,0,0,0,0,0,0,0,1,1,1,False
11,34819,0,1,36144,3,0,0,7154236,0,0,698691,0,0,0,0,0,0,0,0,0,0,0,0,0,0,0,0,0,0,0,0,0,0,1,1,1,False
11,36069,0,1,36144,3,0,0,7154236,0,0,698691,0,0,0,0,0,0,0,0,0,0,0,0,0,0,0,0,0,0,0,0,0,0,1,1,1,False
11,3731,0,1,36144,3,0,0,7154236,0,0,698691,0,0,0,0,0,0,0,0,0,0,0,0,0,0,0,0,0,0,0,0,0,0,1,1,1,False
11,38608,0,1,36144,3,0,0,7154236,0,0,698691,0,0,0,0,0,0,0,0,0,0,0,0,0,0,0,0,0,0,0,0,0,0,1,1,1,False
11,39855,0,1,36144,3,0,0,7154236,0,0,698691,0,0,0,0,0,0,0,0,0,0,0,0,0,0,0,0,0,0,0,0,0,0,1,1,1,False
11,41088,0,1,36144,3,0,0,7154236,0,0,698691,0,0,0,0,0,0,0,0,0,0,0,0,0,0,0,0,0,0,0,0,0,0,1,1,1,False
11,42338,0,1,36144,3,0,0,7154236,0,0,698691,0,0,0,0,0,0,0,0,0,0,0,0,0,0,0,0,0,0,0,0,0,0,1,1,1,False
11,43581,0,1,36144,3,0,0,7154236,0,0,698691,0,0,0,0,0,0,0,0,0,0,0,0,0,0,0,0,0,0,0,0,0,0,1,1,1,False
11,44796,0,1,36144,3,0,0,7154236,0,0,698691,0,0,0,0,0,0,0,0,0,0,0,0,0,0,0,0,0,0,0,0,0,0,1,1,1,False
11,46041,0,1,36144,3,0,0,7154236,0,0,698691,0,0,0,0,0,0,0,0,0,0,0,0,0,0,0,0,0,0,0,0,0,0,1,1,1,False
11,47298,0,1,36144,3,0,0,7154236,0,0,698691,0,0,0,0,0,0,0,0,0,0,0,0,0,0,0,0,0,0,0,0,0,0,1,1,1,False
11,48531,0,1,36144,3,0,0,7154236,0,0,698691,0,0,0,0,0,0,0,0,0,0,0,0,0,0,0,0,0,0,0,0,0,0,1,1,1,False
11,49809,0,1,36144,3,0,0,7154236,0,0,698691,0,0,0,0,0,0,0,0,0,0,0,0,0,0,0,0,0,0,0,0,0,0,1,1,1,False
11,51049,0,1,36144,3,0,0,7154236,0,0,698691,0,0,0,0,0,0,0,0,0,0,0,0,0,0,0,0,0,0,0,0,0,0,1,1,1,False
11,52297,0,1,36144,3,0,0,7154236,0,0,698691,0,0,0,0,0,0,0,0,0,0,0,0,0,0,0,0,0,0,0,0,0,0,1,1,1,False
11,53561,0,1,36144,3,0,0,7154236,0,0,698691,0,0,0,0,0,0,0,0,0,0,0,0,0,0,0,0,0,0,0,0,0,0,1,1,1,False
11,54819,0,1,36144,3,0,0,7154236,0,0,698691,0,0,0,0,0,0,0,0,0,0,0,0,0,0,0,0,0,0,0,0,0,0,1,1,1,False
11,56065,0,1,36144,3,0,0,7154236,0,0,698691,0,0,0,0,0,0,0,0,0,0,0,0,0,0,0,0,0,0,0,0,0,0,1,1,1,False
11,57355,0,1,36144,3,0,0,7154236,0,0,698691,0,0,0,0,0,0,0,0,0,0,0,0,0,0,0,0,0,0,0,0,0,0,1,1,1,False
11,58577,0,1,36144,3,0,0,7154236,0,0,698691,0,0,0,0,0,0,0,0,0,0,0,0,0,0,0,0,0,0,0,0,0,0,1,1,1,False
11,59838,0,1,36144,3,0,0,7154236,0,0,698691,0,0,0,0,0,0,0,0,0,0,0,0,0,0,0,0,0,0,0,0,0,0,1,1,1,False
11,61116,0,1,36144,3,0,0,7154236,0,0,698691,0,0,0,0,0,0,0,0,0,0,0,0,0,0,0,0,0,0,0,0,0,0,1,1,1,False
11,62388,0,1,36144,3,0,0,7154236,0,0,698691,0,0,0,0,0,0,0,0,0,0,0,0,0,0,0,0,0,0,0,0,0,0,1,1,1,False
11,63608,0,1,36144,3,0,0,7154236,0,0,698691,0,0,0,0,0,0,0,0,0,0,0,0,0,0,0,0,0,0,0,0,0,0,1,1,1,False
11,6486,0,1,36144,3,0,0,7154236,0,0,698691,0,0,0,0,0,0,0,0,0,0,0,0,0,0,0,0,0,0,0,0,0,0,1,1,1,False
11,6609,0,1,36144,3,0,0,7154236,0,0,698691,0,0,0,0,0,0,0,0,0,0,0,0,0,0,0,0,0,0,0,0,0,0,1,1,1,False
11,67342,0,1,36144,3,0,0,7154236,0,0,698691,0,0,0,0,0,0,0,0,0,0,0,0,0,0,0,0,0,0,0,0,0,0,1,1,1,False
11,68566,0,1,36144,3,0,0,7154236,0,0,698691,0,0,0,0,0,0,0,0,0,0,0,0,0,0,0,0,0,0,0,0,0,0,1,1,1,False
11,69839,0,1,36144,3,0,0,7154236,0,0,698691,0,0,0,0,0,0,0,0,0,0,0,0,0,0,0,0,0,0,0,0,0,0,1,1,1,False
11,71073,0,1,36144,3,0,0,7154236,0,0,698691,0,0,0,0,0,0,0,0,0,0,0,0,0,0,0,0,0,0,0,0,0,0,1,1,1,False
11,7231,0,1,36144,3,0,0,7154236,0,0,698691,0,0,0,0,0,0,0,0,0,0,0,0,0,0,0,0,0,0,0,0,0,0,1,1,1,False
11,73578,0,1,36144,3,0,0,7154236,0,0,698691,0,0,0,0,0,0,0,0,0,0,0,0,0,0,0,0,0,0,0,0,0,0,1,1,1,False
11,74803,0,1,36144,3,0,0,7154236,0,0,698691,0,0,0,0,0,0,0,0,0,0,0,0,0,0,0,0,0,0,0,0,0,0,1,1,1,False
11,76085,0,1,36144,3,0,0,7154236,0,0,698691,0,0,0,0,0,0,0,0,0,0,0,0,0,0,0,0,0,0,0,0,0,0,1,1,1,False
11,77327,0,1,36144,3,0,0,7154236,0,0,698691,0,0,0,0,0,0,0,0,0,0,0,0,0,0,0,0,0,0,0,0,0,0,1,1,1,False
11,78597,0,1,36144,3,0,0,7154236,0,0,698691,0,0,0,0,0,0,0,0,0,0,0,0,0,0,0,0,0,0,0,0,0,0,1,1,1,False
11,79837,0,1,36144,3,0,0,7154236,0,0,698691,0,0,0,0,0,0,0,0,0,0,0,0,0,0,0,0,0,0,0,0,0,0,1,1,1,False
11,81075,0,1,36144,3,0,0,7154236,0,0,698691,0,0,0,0,0,0,0,0,0,0,0,0,0,0,0,0,0,0,0,0,0,0,1,1,1,False
11,82319,0,1,36144,3,0,0,7154236,0,0,698691,0,0,0,0,0,0,0,0,0,0,0,0,0,0,0,0,0,0,0,0,0,0,1,1,1,False
11,83541,0,1,36144,3,0,0,7154236,0,0,698691,0,0,0,0,0,0,0,0,0,0,0,0,0,0,0,0,0,0,0,0,0,0,1,1,1,False
11,84794,0,1,36144,3,0,0,7154236,0,0,698691,0,0,0,0,0,0,0,0,0,0,0,0,0,0,0,0,0,0,0,0,0,0,1,1,1,False
11,86067,0,1,36144,3,0,0,7154236,0,0,698691,0,0,0,0,0,0,0,0,0,0,0,0,0,0,0,0,0,0,0,0,0,0,1,1,1,False
11,87298,0,1,36144,3,0,0,7154236,0,0,698691,0,0,0,0,0,0,0,0,0,0,0,0,0,0,0,0,0,0,0,0,0,0,1,1,1,False
11,88545,0,1,36144,3,0,0,7154236,0,0,698691,0,0,0,0,0,0,0,0,0,0,0,0,0,0,0,0,0,0,0,0,0,0,1,1,1,False
11,8982,0,1,36144,3,0,0,7154236,0,0,698691,0,0,0,0,0,0,0,0,0,0,0,0,0,0,0,0,0,0,0,0,0,0,1,1,1,False
11,91066,0,1,36144,3,0,0,7154236,0,0,698691,0,0,0,0,0,0,0,0,0,0,0,0,0,0,0,0,0,0,0,0,0,0,1,1,1,False
11,92299,0,1,36144,3,0,0,7154236,0,0,698691,0,0,0,0,0,0,0,0,0,0,0,0,0,0,0,0,0,0,0,0,0,0,1,1,1,False
11,93527,0,1,36144,3,0,0,7154236,0,0,698691,0,0,0,0,0,0,0,0,0,0,0,0,0,0,0,0,0,0,0,0,0,0,1,1,1,False
11,94773,0,1,36144,3,0,0,7154236,0,0,698691,0,0,0,0,0,0,0,0,0,0,0,0,0,0,0,0,0,0,0,0,0,0,1,1,1,False
11,96034,0,1,36144,3,0,0,7154236,0,0,698691,0,0,0,0,0,0,0,0,0,0,0,0,0,0,0,0,0,0,0,0,0,0,1,1,1,False
11,97278,0,1,36144,3,0,0,7154236,0,0,698691,0,0,0,0,0,0,0,0,0,0,0,0,0,0,0,0,0,0,0,0,0,0,1,1,1,False
11,98188,0,1,36144,3,0,0,7154236,0,0,698691,0,0,0,0,0,0,0,0,0,0,0,0,0,0,0,0,0,0,0,0,0,0,1,1,1,False
11,99786,0,1,36144,3,0,0,7154236,0,0,698691,0,0,0,0,0,0,0,0,0,0,0,0,0,0,0,0,0,0,0,0,0,0,1,1,1,False
12,01054,0,1,36144,3,0,0,7154236,0,0,698691,0,0,0,0,0,0,0,0,0,0,0,0,0,0,0,0,0,0,0,0,0,0,1,1,1,False
12,02308,0,1,36144,3,0,0,7154236,0,0,698691,0,0,0,0,0,0,0,0,0,0,0,0,0,0,0,0,0,0,0,0,0,0,1,1,1,False
12,03564,0,1,36144,3,0,0,7154236,0,0,698691,0,0,0,0,0,0,0,0,0,0,0,0,0,0,0,0,0,0,0,0,0,0,1,1,1,False
12,0477,0,1,36144,3,0,0,7154236,0,0,698691,0,0,0,0,0,0,0,0,0,0,0,0,0,0,0,0,0,0,0,0,0,0,1,1,1,False
12,06036,0,1,36144,3,0,0,7154236,0,0,698691,0,0,0,0,0,0,0,0,0,0,0,0,0,0,0,0,0,0,0,0,0,0,1,1,1,False
12,07275,0,1,36144,3,0,0,7154236,0,0,698691,0,0,0,0,0,0,0,0,0,0,0,0,0,0,0,0,0,0,0,0,0,0,1,1,1,False
12,08592,0,1,36144,3,0,0,7154236,0,0,698691,0,0,0,0,0,0,0,0,0,0,0,0,0,0,0,0,0,0,0,0,0,0,1,1,1,False
12,09723,0,1,36144,3,0,0,7154236,0,0,698691,0,0,0,0,0,0,0,0,0,0,0,0,0,0,0,0,0,0,0,0,0,0,1,1,1,False
12,10994,0,1,36144,3,0,0,7154236,0,0,698691,0,0,0,0,0,0,0,0,0,0,0,0,0,0,0,0,0,0,0,0,0,0,1,1,1,False
12,12266,0,1,36144,3,0,0,7154236,0,0,698691,0,0,0,0,0,0,0,0,0,0,0,0,0,0,0,0,0,0,0,0,0,0,1,1,1,False
12,13484,0,1,36144,3,0,0,7154236,0,0,698691,0,0,0,0,0,0,0,0,0,0,0,0,0,0,0,0,0,0,0,0,0,0,1,1,1,False
12,14728,0,1,36144,3,0,0,7154236,0,0,698691,0,0,0,0,0,0,0,0,0,0,0,0,0,0,0,0,0,0,0,0,0,0,1,1,1,False
12,15945,0,1,36144,3,0,0,7154236,0,0,698691,0,0,0,0,0,0,0,0,0,0,0,0,0,0,0,0,0,0,0,0,0,0,1,1,1,False
12,17192,0,1,36144,3,0,0,7154236,0,0,698691,0,0,0,0,0,0,0,0,0,0,0,0,0,0,0,0,0,0,0,0,0,0,1,1,1,False
12,1844,0,1,36144,3,0,0,7154236,0,0,698691,0,0,0,0,0,0,0,0,0,0,0,0,0,0,0,0,0,0,0,0,0,0,1,1,1,False
12,19665,0,1,36144,3,0,0,7154236,0,0,698691,0,0,0,0,0,0,0,0,0,0,0,0,0,0,0,0,0,0,0,0,0,0,1,1,1,False
12,20919,0,1,36144,3,0,0,7154236,0,0,698691,0,0,0,0,0,0,0,0,0,0,0,0,0,0,0,0,0,0,0,0,0,0,1,1,1,False
12,22184,0,1,36144,3,0,0,7154236,0,0,698691,0,0,0,0,0,0,0,0,0,0,0,0,0,0,0,0,0,0,0,0,0,0,1,1,1,False
12,23419,0,1,36144,3,0,0,7154236,0,0,698691,0,0,0,0,0,0,0,0,0,0,0,0,0,0,0,0,0,0,0,0,0,0,1,1,1,False
12,24679,0,1,36144,3,0,0,7154236,0,0,698691,0,0,0,0,0,0,0,0,0,0,0,0,0,0,0,0,0,0,0,0,0,0,1,1,1,False
12,25924,0,1,36144,3,0,0,7154236,0,0,698691,0,0,0,0,0,0,0,0,0,0,0,0,0,0,0,0,0,0,0,0,0,0,1,1,1,False
12,27183,0,1,36144,3,0,0,7154236,0,0,698691,0,0,0,0,0,0,0,0,0,0,0,0,0,0,0,0,0,0,0,0,0,0,1,1,1,False
12,28421,0,1,36144,3,0,0,7154236,0,0,698691,0,0,0,0,0,0,0,0,0,0,0,0,0,0,0,0,0,0,0,0,0,0,1,1,1,False
12,29689,0,1,36144,3,0,0,7154236,0,0,698691,0,0,0,0,0,0,0,0,0,0,0,0,0,0,0,0,0,0,0,0,0,0,1,1,1,False
12,30927,0,1,36144,3,0,0,7154236,0,0,698691,0,0,0,0,0,0,0,0,0,0,0,0,0,0,0,0,0,0,0,0,0,0,1,1,1,False
12,32164,0,1,36144,3,0,0,7154236,0,0,698691,0,0,0,0,0,0,0,0,0,0,0,0,0,0,0,0,0,0,0,0,0,0,1,1,1,False
12,33471,0,1,36144,3,0,0,7154236,0,0,698691,0,0,0,0,0,0,0,0,0,0,0,0,0,0,0,0,0,0,0,0,0,0,1,1,1,False
12,3471,0,1,36144,3,0,0,7154236,0,0,698691,0,0,0,0,0,0,0,0,0,0,0,0,0,0,0,0,0,0,0,0,0,0,1,1,1,False
12,35919,0,1,36144,3,0,0,7154236,0,0,698691,0,0,0,0,0,0,0,0,0,0,0,0,0,0,0,0,0,0,0,0,0,0,1,1,1,False
12,37164,0,1,36144,3,0,0,7154236,0,0,698691,0,0,0,0,0,0,0,0,0,0,0,0,0,0,0,0,0,0,0,0,0,0,1,1,1,False
12,38414,0,1,36144,3,0,0,7154236,0,0,698691,0,0,0,0,0,0,0,0,0,0,0,0,0,0,0,0,0,0,0,0,0,0,1,1,1,False
12,3965,0,1,36144,3,0,0,7154236,0,0,698691,0,0,0,0,0,0,0,0,0,0,0,0,0,0,0,0,0,0,0,0,0,0,1,1,1,False
12,40895,0,1,36144,3,0,0,7154236,0,0,698691,0,0,0,0,0,0,0,0,0,0,0,0,0,0,0,0,0,0,0,0,0,0,1,1,1,False
12,4213,0,1,36144,3,0,0,7154236,0,0,698691,0,0,0,0,0,0,0,0,0,0,0,0,0,0,0,0,0,0,0,0,0,0,1,1,1,False
12,43359,0,1,36144,3,0,0,7154236,0,0,698691,0,0,0,0,0,0,0,0,0,0,0,0,0,0,0,0,0,0,0,0,0,0,1,1,1,False
12,44639,0,1,36144,3,0,0,7154236,0,0,698691,0,0,0,0,0,0,0,0,0,0,0,0,0,0,0,0,0,0,0,0,0,0,1,1,1,False
12,45898,0,1,36144,3,0,0,7154236,0,0,698691,0,0,0,0,0,0,0,0,0,0,0,0,0,0,0,0,0,0,0,0,0,0,1,1,1,False
12,47121,0,1,36144,3,0,0,7154236,0,0,698691,0,0,0,0,0,0,0,0,0,0,0,0,0,0,0,0,0,0,0,0,0,0,1,1,1,False
12,48413,0,1,36144,3,0,0,7154236,0,0,698691,0,0,0,0,0,0,0,0,0,0,0,0,0,0,0,0,0,0,0,0,0,0,1,1,1,False
12,49606,0,1,36144,3,0,0,7154236,0,0,698691,0,0,0,0,0,0,0,0,0,0,0,0,0,0,0,0,0,0,0,0,0,0,1,1,1,False
12,50863,0,1,36144,3,0,0,7154236,0,0,698691,0,0,0,0,0,0,0,0,0,0,0,0,0,0,0,0,0,0,0,0,0,0,1,1,1,False
12,52146,0,1,36144,3,0,0,7154236,0,0,698691,0,0,0,0,0,0,0,0,0,0,0,0,0,0,0,0,0,0,0,0,0,0,1,1,1,False
12,53362,0,1,36144,3,0,0,7154236,0,0,698691,0,0,0,0,0,0,0,0,0,0,0,0,0,0,0,0,0,0,0,0,0,0,1,1,1,False
12,54595,0,1,36144,3,0,0,7154236,0,0,698691,0,0,0,0,0,0,0,0,0,0,0,0,0,0,0,0,0,0,0,0,0,0,1,1,1,False
12,55849,0,1,36144,3,0,0,7154236,0,0,698691,0,0,0,0,0,0,0,0,0,0,0,0,0,0,0,0,0,0,0,0,0,0,1,1,1,False
12,57079,0,1,36144,3,0,0,7154236,0,0,698691,0,0,0,0,0,0,0,0,0,0,0,0,0,0,0,0,0,0,0,0,0,0,1,1,1,False
12,58335,0,1,36144,3,0,0,7154236,0,0,698691,0,0,0,0,0,0,0,0,0,0,0,0,0,0,0,0,0,0,0,0,0,0,1,1,1,False
12,59559,0,1,36144,3,0,0,7154236,0,0,698691,0,0,0,0,0,0,0,0,0,0,0,0,0,0,0,0,0,0,0,0,0,0,1,1,1,False
12,60797,0,1,36144,3,0,0,7154236,0,0,698691,0,0,0,0,0,0,0,0,0,0,0,0,0,0,0,0,0,0,0,0,0,0,1,1,1,False
12,62082,0,1,36144,3,0,0,7154236,0,0,698691,0,0,0,0,0,0,0,0,0,0,0,0,0,0,0,0,0,0,0,0,0,0,1,1,1,False
12,63272,0,1,36144,3,0,0,7154236,0,0,698691,0,0,0,0,0,0,0,0,0,0,0,0,0,0,0,0,0,0,0,0,0,0,1,1,1,False
12,64551,0,1,36144,3,0,0,7154236,0,0,698691,0,0,0,0,0,0,0,0,0,0,0,0,0,0,0,0,0,0,0,0,0,0,1,1,1,False
12,65798,0,1,36144,3,0,0,7154236,0,0,698691,0,0,0,0,0,0,0,0,0,0,0,0,0,0,0,0,0,0,0,0,0,0,1,1,1,False
12,67042,0,1,36144,3,0,0,7154236,0,0,698691,0,0,0,0,0,0,0,0,0,0,0,0,0,0,0,0,0,0,0,0,0,0,1,1,1,False
12,68299,0,1,36144,3,0,0,7154236,0,0,698691,0,0,0,0,0,0,0,0,0,0,0,0,0,0,0,0,0,0,0,0,0,0,1,1,1,False
12,69508,0,1,36144,3,0,0,7154236,0,0,698691,0,0,0,0,0,0,0,0,0,0,0,0,0,0,0,0,0,0,0,0,0,0,1,1,1,False
12,7081,0,1,36144,3,0,0,7154236,0,0,698691,0,0,0,0,0,0,0,0,0,0,0,0,0,0,0,0,0,0,0,0,0,0,1,1,1,False
12,7203,0,1,36144,3,0,0,7154236,0,0,698691,0,0,0,0,0,0,0,0,0,0,0,0,0,0,0,0,0,0,0,0,0,0,1,1,1,False
12,73256,0,1,36144,3,0,0,7154236,0,0,698691,0,0,0,0,0,0,0,0,0,0,0,0,0,0,0,0,0,0,0,0,0,0,1,1,1,False
12,74527,0,1,36144,3,0,0,7154236,0,0,698691,0,0,0,0,0,0,0,0,0,0,0,0,0,0,0,0,0,0,0,0,0,0,1,1,1,False
12,75746,0,1,36144,3,0,0,7154236,0,0,698691,0,0,0,0,0,0,0,0,0,0,0,0,0,0,0,0,0,0,0,0,0,0,1,1,1,False
12,76995,0,1,36144,3,0,0,7154236,0,0,698691,0,0,0,0,0,0,0,0,0,0,0,0,0,0,0,0,0,0,0,0,0,0,1,1,1,False
12,78245,0,1,36144,3,0,0,7154236,0,0,698691,0,0,0,0,0,0,0,0,0,0,0,0,0,0,0,0,0,0,0,0,0,0,1,1,1,False
12,79489,0,1,36144,3,0,0,7154236,0,0,698691,0,0,0,0,0,0,0,0,0,0,0,0,0,0,0,0,0,0,0,0,0,0,1,1,1,False
12,80745,0,1,36144,3,0,0,7154236,0,0,698691,0,0,0,0,0,0,0,0,0,0,0,0,0,0,0,0,0,0,0,0,0,0,1,1,1,False
12,8198,0,1,36144,3,0,0,7154236,0,0,698691,0,0,0,0,0,0,0,0,0,0,0,0,0,0,0,0,0,0,0,0,0,0,1,1,1,False
12,83245,0,1,36144,3,0,0,7154236,0,0,698691,0,0,0,0,0,0,0,0,0,0,0,0,0,0,0,0,0,0,0,0,0,0,1,1,1,False
12,84532,0,1,36144,3,0,0,7154236,0,0,698691,0,0,0,0,0,0,0,0,0,0,0,0,0,0,0,0,0,0,0,0,0,0,1,1,1,False
12,85727,0,1,36144,3,0,0,7154236,0,0,698691,0,0,0,0,0,0,0,0,0,0,0,0,0,0,0,0,0,0,0,0,0,0,1,1,1,False
12,87,0,1,36144,3,0,0,7154236,0,0,698691,0,0,0,0,0,0,0,0,0,0,0,0,0,0,0,0,0,0,0,0,0,0,1,1,1,False
12,88262,0,1,36144,3,0,0,7154236,0,0,698691,0,0,0,0,0,0,0,0,0,0,0,0,0,0,0,0,0,0,0,0,0,0,1,1,1,False
12,89517,0,1,36144,3,0,0,7154236,0,0,698691,0,0,0,0,0,0,0,0,0,0,0,0,0,0,0,0,0,0,0,0,0,0,1,1,1,False
12,90771,0,1,36144,3,0,0,7154236,0,0,698691,0,0,0,0,0,0,0,0,0,0,0,0,0,0,0,0,0,0,0,0,0,0,1,1,1,False
12,91991,0,1,36144,3,0,0,7154236,0,0,698691,0,0,0,0,0,0,0,0,0,0,0,0,0,0,0,0,0,0,0,0,0,0,1,1,1,False
12,93254,0,1,36144,3,0,0,7154236,0,0,698691,0,0,0,0,0,0,0,0,0,0,0,0,0,0,0,0,0,0,0,0,0,0,1,1,1,False
12,94516,0,1,36144,3,0,0,7154236,0,0,698691,0,0,0,0,0,0,0,0,0,0,0,0,0,0,0,0,0,0,0,0,0,0,1,1,1,False
12,95734,0,1,36144,3,0,0,7154236,0,0,698691,0,0,0,0,0,0,0,0,0,0,0,0,0,0,0,0,0,0,0,0,0,0,1,1,1,False
12,96986,0,1,36144,3,0,0,7154236,0,0,698691,0,0,0,0,0,0,0,0,0,0,0,0,0,0,0,0,0,0,0,0,0,0,1,1,1,False
12,98224,0,1,36144,3,0,0,7154236,0,0,698691,0,0,0,0,0,0,0,0,0,0,0,0,0,0,0,0,0,0,0,0,0,0,1,1,1,False
12,9945,0,1,36144,3,0,0,7154236,0,0,698691,0,0,0,0,0,0,0,0,0,0,0,0,0,0,0,0,0,0,0,0,0,0,1,1,1,False
13,007,0,1,36144,3,0,0,7154236,0,0,698691,0,0,0,0,0,0,0,0,0,0,0,0,0,0,0,0,0,0,0,0,0,0,1,1,1,False
13,01919,0,1,36144,3,0,0,7154236,0,0,698691,0,0,0,0,0,0,0,0,0,0,0,0,0,0,0,0,0,0,0,0,0,0,1,1,1,False
13,03183,0,1,36144,3,0,0,7154236,0,0,698691,0,0,0,0,0,0,0,0,0,0,0,0,0,0,0,0,0,0,0,0,0,0,1,1,1,False
13,04429,0,1,36144,3,0,0,7154236,0,0,698691,0,0,0,0,0,0,0,0,0,0,0,0,0,0,0,0,0,0,0,0,0,0,1,1,1,False
13,05673,0,1,36144,3,0,0,7154236,0,0,698691,0,0,0,0,0,0,0,0,0,0,0,0,0,0,0,0,0,0,0,0,0,0,1,1,1,False
13,06907,0,1,36144,3,0,0,7154236,0,0,698691,0,0,0,0,0,0,0,0,0,0,0,0,0,0,0,0,0,0,0,0,0,0,1,1,1,False
13,08144,0,1,36144,3,0,0,7154236,0,0,698691,0,0,0,0,0,0,0,0,0,0,0,0,0,0,0,0,0,0,0,0,0,0,1,1,1,False
13,09388,0,1,36144,3,0,0,7154236,0,0,698691,0,0,0,0,0,0,0,0,0,0,0,0,0,0,0,0,0,0,0,0,0,0,1,1,1,False
13,10285,0,1,36144,3,0,0,7154236,0,0,698691,0,0,0,0,0,0,0,0,0,0,0,0,0,0,0,0,0,0,0,0,0,0,1,1,1,False
13,11878,0,1,36144,3,0,0,7154236,0,0,698691,0,0,0,0,0,0,0,0,0,0,0,0,0,0,0,0,0,0,0,0,0,0,1,1,1,False
13,13117,0,1,36144,3,0,0,7154236,0,0,698691,0,0,0,0,0,0,0,0,0,0,0,0,0,0,0,0,0,0,0,0,0,0,1,1,1,False
13,14368,0,1,36144,3,0,0,7154236,0,0,698691,0,0,0,0,0,0,0,0,0,0,0,0,0,0,0,0,0,0,0,0,0,0,1,1,1,False
13,15604,0,1,36144,3,0,0,7154236,0,0,698691,0,0,0,0,0,0,0,0,0,0,0,0,0,0,0,0,0,0,0,0,0,0,1,1,1,False
13,16859,0,1,36144,3,0,0,7154236,0,0,698691,0,0,0,0,0,0,0,0,0,0,0,0,0,0,0,0,0,0,0,0,0,0,1,1,1,False
13,18096,0,1,36144,3,0,0,7154236,0,0,698691,0,0,0,0,0,0,0,0,0,0,0,0,0,0,0,0,0,0,0,0,0,0,1,1,1,False
13,19323,0,1,36144,3,0,0,7154236,0,0,698691,0,0,0,0,0,0,0,0,0,0,0,0,0,0,0,0,0,0,0,0,0,0,1,1,1,False
13,20561,0,1,36144,3,0,0,7154236,0,0,698691,0,0,0,0,0,0,0,0,0,0,0,0,0,0,0,0,0,0,0,0,0,0,1,1,1,False
13,21796,0,1,36144,3,0,0,7154236,0,0,698691,0,0,0,0,0,0,0,0,0,0,0,0,0,0,0,0,0,0,0,0,0,0,1,1,1,False
13,23034,0,1,36144,3,0,0,7154236,0,0,698691,0,0,0,0,0,0,0,0,0,0,0,0,0,0,0,0,0,0,0,0,0,0,1,1,1,False
13,24289,0,1,36144,3,0,0,7154236,0,0,698691,0,0,0,0,0,0,0,0,0,0,0,0,0,0,0,0,0,0,0,0,0,0,1,1,1,False
13,25522,0,1,36144,3,0,0,7154236,0,0,698691,0,0,0,0,0,0,0,0,0,0,0,0,0,0,0,0,0,0,0,0,0,0,1,1,1,False
13,26803,0,1,36144,3,0,0,7154236,0,0,698691,0,0,0,0,0,0,0,0,0,0,0,0,0,0,0,0,0,0,0,0,0,0,1,1,1,False
13,28042,0,1,36144,3,0,0,7154236,0,0,698691,0,0,0,0,0,0,0,0,0,0,0,0,0,0,0,0,0,0,0,0,0,0,1,1,1,False
13,29322,0,1,36144,3,0,0,7154236,0,0,698691,0,0,0,0,0,0,0,0,0,0,0,0,0,0,0,0,0,0,0,0,0,0,1,1,1,False
13,30519,0,1,36144,3,0,0,7154236,0,0,698691,0,0,0,0,0,0,0,0,0,0,0,0,0,0,0,0,0,0,0,0,0,0,1,1,1,False
13,31755,0,1,36144,3,0,0,7154236,0,0,698691,0,0,0,0,0,0,0,0,0,0,0,0,0,0,0,0,0,0,0,0,0,0,1,1,1,False
13,33011,0,1,36144,3,0,0,7154236,0,0,698691,0,0,0,0,0,0,0,0,0,0,0,0,0,0,0,0,0,0,0,0,0,0,1,1,1,False
13,34265,0,1,36144,3,0,0,7154236,0,0,698691,0,0,0,0,0,0,0,0,0,0,0,0,0,0,0,0,0,0,0,0,0,0,1,1,1,False
13,35498,0,1,36144,3,0,0,7154236,0,0,698691,0,0,0,0,0,0,0,0,0,0,0,0,0,0,0,0,0,0,0,0,0,0,1,1,1,False
13,36759,0,1,36144,3,0,0,7154236,0,0,698691,0,0,0,0,0,0,0,0,0,0,0,0,0,0,0,0,0,0,0,0,0,0,1,1,1,False
13,38001,0,1,36144,3,0,0,7154236,0,0,698691,0,0,0,0,0,0,0,0,0,0,0,0,0,0,0,0,0,0,0,0,0,0,1,1,1,False
13,39234,0,1,36144,3,0,0,7154236,0,0,698691,0,0,0,0,0,0,0,0,0,0,0,0,0,0,0,0,0,0,0,0,0,0,1,1,1,False
13,40495,0,1,36144,3,0,0,7154236,0,0,698691,0,0,0,0,0,0,0,0,0,0,0,0,0,0,0,0,0,0,0,0,0,0,1,1,1,False
13,41712,0,1,36144,3,0,0,7154236,0,0,698691,0,0,0,0,0,0,0,0,0,0,0,0,0,0,0,0,0,0,0,0,0,0,1,1,1,False
13,43201,0,1,36144,3,0,0,7154236,0,0,698691,0,0,0,0,0,0,0,0,0,0,0,0,0,0,0,0,0,0,0,0,0,0,1,1,1,False
13,45347,0,1,36144,3,0,0,7154236,0,0,698691,0,0,0,0,0,0,0,0,0,0,0,0,0,0,0,0,0,0,0,0,0,0,1,1,1,False
13,47049,0,1,36144,3,0,0,7154236,0,0,698691,0,0,0,0,0,0,0,0,0,0,0,0,0,0,0,0,0,0,0,0,0,0,1,1,1,False
13,48822,0,1,36144,3,0,0,7154236,0,0,698691,0,0,0,0,0,0,0,0,0,0,0,0,0,0,0,0,0,0,0,0,0,0,1,1,1,False
13,50539,0,1,36144,3,0,0,7154236,0,0,698691,0,0,0,0,0,0,0,0,0,0,0,0,0,0,0,0,0,0,0,0,0,0,1,1,1,False
13,52174,0,1,36144,3,0,0,7154236,0,0,698691,0,0,0,0,0,0,0,0,0,0,0,0,0,0,0,0,0,0,0,0,0,0,1,1,1,False
13,54036,0,1,36144,3,0,0,7154236,0,0,698691,0,0,0,0,0,0,0,0,0,0,0,0,0,0,0,0,0,0,0,0,0,0,1,1,1,False
13,55827,0,1,36144,3,0,0,7154236,0,0,698691,0,0,0,0,0,0,0,0,0,0,0,0,0,0,0,0,0,0,0,0,0,0,1,1,1,False
13,57448,0,1,36144,3,0,0,7154236,0,0,698691,0,0,0,0,0,0,0,0,0,0,0,0,0,0,0,0,0,0,0,0,0,0,1,1,1,False
13,59032,0,1,36144,3,0,0,7154236,0,0,698691,0,0,0,0,0,0,0,0,0,0,0,0,0,0,0,0,0,0,0,0,0,0,1,1,1,False
13,60739,0,1,36144,3,0,0,7154236,0,0,698691,0,0,0,0,0,0,0,0,0,0,0,0,0,0,0,0,0,0,0,0,0,0,1,1,1,False
13,62602,0,1,36144,3,0,0,7154236,0,0,698691,0,0,0,0,0,0,0,0,0,0,0,0,0,0,0,0,0,0,0,0,0,0,1,1,1,False
13,64227,0,1,36144,3,0,0,7154236,0,0,698691,0,0,0,0,0,0,0,0,0,0,0,0,0,0,0,0,0,0,0,0,0,0,1,1,1,False
13,656,0,1,36144,3,0,0,7154236,0,0,698691,0,0,0,0,0,0,0,0,0,0,0,0,0,0,0,0,0,0,0,0,0,0,1,1,1,False
13,67313,0,1,36144,3,0,0,7154236,0,0,698691,0,0,0,0,0,0,0,0,0,0,0,0,0,0,0,0,0,0,0,0,0,0,1,1,1,False
13,68894,0,1,36144,3,0,0,7154236,0,0,698691,0,0,0,0,0,0,0,0,0,0,0,0,0,0,0,0,0,0,0,0,0,0,1,1,1,False
13,7047,0,1,36144,3,0,0,7154236,0,0,698691,0,0,0,0,0,0,0,0,0,0,0,0,0,0,0,0,0,0,0,0,0,0,1,1,1,False
13,71958,0,1,36144,3,0,0,7154236,0,0,698691,0,0,0,0,0,0,0,0,0,0,0,0,0,0,0,0,0,0,0,0,0,0,1,1,1,False
13,73126,0,1,36144,3,0,0,7154236,0,0,698691,0,0,0,0,0,0,0,0,0,0,0,0,0,0,0,0,0,0,0,0,0,0,1,1,1,False
13,74413,0,1,36144,3,0,0,7154236,0,0,698691,0,0,0,0,0,0,0,0,0,0,0,0,0,0,0,0,0,0,0,0,0,0,1,1,1,False
13,75721,0,1,36144,3,0,0,7154236,0,0,698691,0,0,0,0,0,0,0,0,0,0,0,0,0,0,0,0,0,0,0,0,0,0,1,1,1,False
13,76869,0,1,36144,3,0,0,7154236,0,0,698691,0,0,0,0,0,0,0,0,0,0,0,0,0,0,0,0,0,0,0,0,0,0,1,1,1,False
13,78101,0,1,36144,3,0,0,7154236,0,0,698691,0,0,0,0,0,0,0,0,0,0,0,0,0,0,0,0,0,0,0,0,0,0,1,1,1,False
13,79206,0,1,36144,3,0,0,7154236,0,0,698691,0,0,0,0,0,0,0,0,0,0,0,0,0,0,0,0,0,0,0,0,0,0,1,1,1,False
13,8053,0,1,36144,3,0,0,7154236,0,0,698691,0,0,0,0,0,0,0,0,0,0,0,0,0,0,0,0,0,0,0,0,0,0,1,1,1,False
13,81901,0,1,36144,3,0,0,7154236,0,0,698691,0,0,0,0,0,0,0,0,0,0,0,0,0,0,0,0,0,0,0,0,0,0,1,1,1,False
13,82998,0,1,36144,3,0,0,7154236,0,0,698691,0,0,0,0,0,0,0,0,0,0,0,0,0,0,0,0,0,0,0,0,0,0,1,1,1,False
13,84255,0,1,36144,3,0,0,7154236,0,0,698691,0,0,0,0,0,0,0,0,0,0,0,0,0,0,0,0,0,0,0,0,0,0,1,1,1,False
13,85497,0,1,36144,3,0,0,7154236,0,0,698691,0,0,0,0,0,0,0,0,0,0,0,0,0,0,0,0,0,0,0,0,0,0,1,1,1,False
13,86758,0,1,36144,3,0,0,7154236,0,0,698691,0,0,0,0,0,0,0,0,0,0,0,0,0,0,0,0,0,0,0,0,0,0,1,1,1,False
13,87996,0,1,36144,3,0,0,7154236,0,0,698691,0,0,0,0,0,0,0,0,0,0,0,0,0,0,0,0,0,0,0,0,0,0,1,1,1,False
13,89238,0,1,36144,3,0,0,7154236,0,0,698691,0,0,0,0,0,0,0,0,0,0,0,0,0,0,0,0,0,0,0,0,0,0,1,1,1,False
13,90598,0,1,36144,3,0,0,7154236,0,0,698691,0,0,0,0,0,0,0,0,0,0,0,0,0,0,0,0,0,0,0,0,0,0,1,1,1,False
13,91817,0,1,36144,3,0,0,7154236,0,0,698691,0,0,0,0,0,0,0,0,0,0,0,0,0,0,0,0,0,0,0,0,0,0,1,1,1,False
13,93042,0,1,36144,3,0,0,7154236,0,0,698691,0,0,0,0,0,0,0,0,0,0,0,0,0,0,0,0,0,0,0,0,0,0,1,1,1,False
13,94261,0,1,36144,3,0,0,7154236,0,0,698691,0,0,0,0,0,0,0,0,0,0,0,0,0,0,0,0,0,0,0,0,0,0,1,1,1,False
13,95522,0,1,36144,3,0,0,7154236,0,0,698691,0,0,0,0,0,0,0,0,0,0,0,0,0,0,0,0,0,0,0,0,0,0,1,1,1,False
13,96765,0,1,36144,3,0,0,7154236,0,0,698691,0,0,0,0,0,0,0,0,0,0,0,0,0,0,0,0,0,0,0,0,0,0,1,1,1,False
13,97994,0,1,36144,3,0,0,7154236,0,0,698691,0,0,0,0,0,0,0,0,0,0,0,0,0,0,0,0,0,0,0,0,0,0,1,1,1,False
13,99253,0,1,36144,3,0,0,7154236,0,0,698691,0,0,0,0,0,0,0,0,0,0,0,0,0,0,0,0,0,0,0,0,0,0,1,1,1,False
14,00484,0,1,36144,3,0,0,7154236,0,0,698691,0,0,0,0,0,0,0,0,0,0,0,0,0,0,0,0,0,0,0,0,0,0,1,1,1,False
14,0173,0,1,36144,3,0,0,7154236,0,0,698691,0,0,0,0,0,0,0,0,0,0,0,0,0,0,0,0,0,0,0,0,0,0,1,1,1,False
14,0304,0,1,36144,3,0,0,7154236,0,0,698691,0,0,0,0,0,0,0,0,0,0,0,0,0,0,0,0,0,0,0,0,0,0,1,1,1,False
14,04362,0,1,36144,3,0,0,7154236,0,0,698691,0,0,0,0,0,0,0,0,0,0,0,0,0,0,0,0,0,0,0,0,0,0,1,1,1,False
14,05502,0,1,36144,3,0,0,7154236,0,0,698691,0,0,0,0,0,0,0,0,0,0,0,0,0,0,0,0,0,0,0,0,0,0,1,1,1,False
14,06747,0,1,36144,3,0,0,7154236,0,0,698691,0,0,0,0,0,0,0,0,0,0,0,0,0,0,0,0,0,0,0,0,0,0,1,1,1,False
14,07974,0,1,36144,3,0,0,7154236,0,0,698691,0,0,0,0,0,0,0,0,0,0,0,0,0,0,0,0,0,0,0,0,0,0,1,1,1,False
14,09274,0,1,36144,3,0,0,7154236,0,0,698691,0,0,0,0,0,0,0,0,0,0,0,0,0,0,0,0,0,0,0,0,0,0,1,1,1,False
14,10474,0,1,36144,3,0,0,7154236,0,0,698691,0,0,0,0,0,0,0,0,0,0,0,0,0,0,0,0,0,0,0,0,0,0,1,1,1,False
14,11707,0,1,36144,3,0,0,7154236,0,0,698691,0,0,0,0,0,0,0,0,0,0,0,0,0,0,0,0,0,0,0,0,0,0,1,1,1,False
14,12961,0,1,36144,3,0,0,7154236,0,0,698691,0,0,0,0,0,0,0,0,0,0,0,0,0,0,0,0,0,0,0,0,0,0,1,1,1,False
14,14199,0,1,36144,3,0,0,7154236,0,0,698691,0,0,0,0,0,0,0,0,0,0,0,0,0,0,0,0,0,0,0,0,0,0,1,1,1,False
14,15457,0,1,36144,3,0,0,7154236,0,0,698691,0,0,0,0,0,0,0,0,0,0,0,0,0,0,0,0,0,0,0,0,0,0,1,1,1,False
14,16722,0,1,36144,3,0,0,7154236,0,0,698691,0,0,0,0,0,0,0,0,0,0,0,0,0,0,0,0,0,0,0,0,0,0,1,1,1,False
14,17947,0,1,36144,3,0,0,7154236,0,0,698691,0,0,0,0,0,0,0,0,0,0,0,0,0,0,0,0,0,0,0,0,0,0,1,1,1,False
14,19183,0,1,36144,3,0,0,7154236,0,0,698691,0,0,0,0,0,0,0,0,0,0,0,0,0,0,0,0,0,0,0,0,0,0,1,1,1,False
14,2042,0,1,36144,3,0,0,7154236,0,0,698691,0,0,0,0,0,0,0,0,0,0,0,0,0,0,0,0,0,0,0,0,0,0,1,1,1,False
14,21663,0,1,36144,3,0,0,7154236,0,0,698691,0,0,0,0,0,0,0,0,0,0,0,0,0,0,0,0,0,0,0,0,0,0,1,1,1,False
14,22908,0,1,36144,3,0,0,7154236,0,0,698691,0,0,0,0,0,0,0,0,0,0,0,0,0,0,0,0,0,0,0,0,0,0,1,1,1,False
14,24138,0,1,36144,3,0,0,7154236,0,0,698691,0,0,0,0,0,0,0,0,0,0,0,0,0,0,0,0,0,0,0,0,0,0,1,1,1,False
14,2543,0,1,36144,3,0,0,7154236,0,0,698691,0,0,0,0,0,0,0,0,0,0,0,0,0,0,0,0,0,0,0,0,0,0,1,1,1,False
14,26673,0,1,36144,3,0,0,7154236,0,0,698691,0,0,0,0,0,0,0,0,0,0,0,0,0,0,0,0,0,0,0,0,0,0,1,1,1,False
14,27902,0,1,36144,3,0,0,7154236,0,0,698691,0,0,0,0,0,0,0,0,0,0,0,0,0,0,0,0,0,0,0,0,0,0,1,1,1,False
14,29211,0,1,36144,3,0,0,7154236,0,0,698691,0,0,0,0,0,0,0,0,0,0,0,0,0,0,0,0,0,0,0,0,0,0,1,1,1,False
14,30447,0,1,36144,3,0,0,7154236,0,0,698691,0,0,0,0,0,0,0,0,0,0,0,0,0,0,0,0,0,0,0,0,0,0,1,1,1,False
14,31691,0,1,36144,3,0,0,7154236,0,0,698691,0,0,0,0,0,0,0,0,0,0,0,0,0,0,0,0,0,0,0,0,0,0,1,1,1,False
14,32928,0,1,36144,3,0,0,7154236,0,0,698691,0,0,0,0,0,0,0,0,0,0,0,0,0,0,0,0,0,0,0,0,0,0,1,1,1,False
14,34177,0,1,36144,3,0,0,7154236,0,0,698691,0,0,0,0,0,0,0,0,0,0,0,0,0,0,0,0,0,0,0,0,0,0,1,1,1,False
14,35423,0,1,36144,3,0,0,7154236,0,0,698691,0,0,0,0,0,0,0,0,0,0,0,0,0,0,0,0,0,0,0,0,0,0,1,1,1,False
14,36668,0,1,36144,3,0,0,7154236,0,0,698691,0,0,0,0,0,0,0,0,0,0,0,0,0,0,0,0,0,0,0,0,0,0,1,1,1,False
14,37921,0,1,36144,3,0,0,7154236,0,0,698691,0,0,0,0,0,0,0,0,0,0,0,0,0,0,0,0,0,0,0,0,0,0,1,1,1,False
14,39171,0,1,36144,3,0,0,7154236,0,0,698691,0,0,0,0,0,0,0,0,0,0,0,0,0,0,0,0,0,0,0,0,0,0,1,1,1,False
14,40677,0,1,36144,3,0,0,7154236,0,0,698691,0,0,0,0,0,0,0,0,0,0,0,0,0,0,0,0,0,0,0,0,0,0,1,1,1,False
14,41883,0,1,36144,3,0,0,7154236,0,0,698691,0,0,0,0,0,0,0,0,0,0,0,0,0,0,0,0,0,0,0,0,0,0,1,1,1,False
14,43,0,1,36144,3,0,0,7154236,0,0,698691,0,0,0,0,0,0,0,0,0,0,0,0,0,0,0,0,0,0,0,0,0,0,1,1,1,False
14,4425,0,1,36144,3,0,0,7154236,0,0,698691,0,0,0,0,0,0,0,0,0,0,0,0,0,0,0,0,0,0,0,0,0,0,1,1,1,False
14,45532,0,1,36144,3,0,0,7154236,0,0,698691,0,0,0,0,0,0,0,0,0,0,0,0,0,0,0,0,0,0,0,0,0,0,1,1,1,False
14,46747,0,1,36144,3,0,0,7154236,0,0,698691,0,0,0,0,0,0,0,0,0,0,0,0,0,0,0,0,0,0,0,0,0,0,1,1,1,False
14,48005,0,1,36144,3,0,0,7154236,0,0,698691,0,0,0,0,0,0,0,0,0,0,0,0,0,0,0,0,0,0,0,0,0,0,1,1,1,False
14,49258,0,1,36144,3,0,0,7154236,0,0,698691,0,0,0,0,0,0,0,0,0,0,0,0,0,0,0,0,0,0,0,0,0,0,1,1,1,False
14,50508,0,1,36144,3,0,0,7154236,0,0,698691,0,0,0,0,0,0,0,0,0,0,0,0,0,0,0,0,0,0,0,0,0,0,1,1,1,False
14,51721,0,1,36144,3,0,0,7154236,0,0,698691,0,0,0,0,0,0,0,0,0,0,0,0,0,0,0,0,0,0,0,0,0,0,1,1,1,False
14,53014,0,1,36144,3,0,0,7154236,0,0,698691,0,0,0,0,0,0,0,0,0,0,0,0,0,0,0,0,0,0,0,0,0,0,1,1,1,False
14,54241,0,1,36144,3,0,0,7154236,0,0,698691,0,0,0,0,0,0,0,0,0,0,0,0,0,0,0,0,0,0,0,0,0,0,1,1,1,False
14,55472,0,1,36144,3,0,0,7154236,0,0,698691,0,0,0,0,0,0,0,0,0,0,0,0,0,0,0,0,0,0,0,0,0,0,1,1,1,False
14,56767,0,1,36144,3,0,0,7154236,0,0,698691,0,0,0,0,0,0,0,0,0,0,0,0,0,0,0,0,0,0,0,0,0,0,1,1,1,False
14,58034,0,1,36144,3,0,0,7154236,0,0,698691,0,0,0,0,0,0,0,0,0,0,0,0,0,0,0,0,0,0,0,0,0,0,1,1,1,False
14,59265,0,1,36144,3,0,0,7154236,0,0,698691,0,0,0,0,0,0,0,0,0,0,0,0,0,0,0,0,0,0,0,0,0,0,1,1,1,False
14,6052,0,1,36144,3,0,0,7154236,0,0,698691,0,0,0,0,0,0,0,0,0,0,0,0,0,0,0,0,0,0,0,0,0,0,1,1,1,False
14,6182,0,1,36144,3,0,0,7154236,0,0,698691,0,0,0,0,0,0,0,0,0,0,0,0,0,0,0,0,0,0,0,0,0,0,1,1,1,False
14,63075,0,1,36144,3,0,0,7154236,0,0,698691,0,0,0,0,0,0,0,0,0,0,0,0,0,0,0,0,0,0,0,0,0,0,1,1,1,False
14,64495,0,1,36144,3,0,0,7154236,0,0,698691,0,0,0,0,0,0,0,0,0,0,0,0,0,0,0,0,0,0,0,0,0,0,1,1,1,False
14,65741,0,1,36144,3,0,0,7154236,0,0,698691,0,0,0,0,0,0,0,0,0,0,0,0,0,0,0,0,0,0,0,0,0,0,1,1,1,False
14,66885,0,1,36144,3,0,0,7154236,0,0,698691,0,0,0,0,0,0,0,0,0,0,0,0,0,0,0,0,0,0,0,0,0,0,1,1,1,False
14,68105,0,1,36144,3,0,0,7154236,0,0,698691,0,0,0,0,0,0,0,0,0,0,0,0,0,0,0,0,0,0,0,0,0,0,1,1,1,False
14,6935,0,1,36144,3,0,0,7154236,0,0,698691,0,0,0,0,0,0,0,0,0,0,0,0,0,0,0,0,0,0,0,0,0,0,1,1,1,False
14,70621,0,1,36144,3,0,0,7154236,0,0,698691,0,0,0,0,0,0,0,0,0,0,0,0,0,0,0,0,0,0,0,0,0,0,1,1,1,False
14,71879,0,1,36144,3,0,0,7154236,0,0,698691,0,0,0,0,0,0,0,0,0,0,0,0,0,0,0,0,0,0,0,0,0,0,1,1,1,False
14,73133,0,1,36144,3,0,0,7154236,0,0,698691,0,0,0,0,0,0,0,0,0,0,0,0,0,0,0,0,0,0,0,0,0,0,1,1,1,False
14,74356,0,1,36144,3,0,0,7154236,0,0,698691,0,0,0,0,0,0,0,0,0,0,0,0,0,0,0,0,0,0,0,0,0,0,1,1,1,False
14,75617,0,1,36144,3,0,0,7154236,0,0,698691,0,0,0,0,0,0,0,0,0,0,0,0,0,0,0,0,0,0,0,0,0,0,1,1,1,False
14,76838,0,1,36144,3,0,0,7154236,0,0,698691,0,0,0,0,0,0,0,0,0,0,0,0,0,0,0,0,0,0,0,0,0,0,1,1,1,False
14,78088,0,1,36144,3,0,0,7154236,0,0,698691,0,0,0,0,0,0,0,0,0,0,0,0,0,0,0,0,0,0,0,0,0,0,1,1,1,False
14,79331,0,1,36144,3,0,0,7154236,0,0,698691,0,0,0,0,0,0,0,0,0,0,0,0,0,0,0,0,0,0,0,0,0,0,1,1,1,False
14,80593,0,1,36144,3,0,0,7154236,0,0,698691,0,0,0,0,0,0,0,0,0,0,0,0,0,0,0,0,0,0,0,0,0,0,1,1,1,False
14,81809,0,1,36144,3,0,0,7154236,0,0,698691,0,0,0,0,0,0,0,0,0,0,0,0,0,0,0,0,0,0,0,0,0,0,1,1,1,False
14,83047,0,1,36144,3,0,0,7154236,0,0,698691,0,0,0,0,0,0,0,0,0,0,0,0,0,0,0,0,0,0,0,0,0,0,1,1,1,False
14,84296,0,1,36144,3,0,0,7154236,0,0,698691,0,0,0,0,0,0,0,0,0,0,0,0,0,0,0,0,0,0,0,0,0,0,1,1,1,False
14,85555,0,1,36144,3,0,0,7154236,0,0,698691,0,0,0,0,0,0,0,0,0,0,0,0,0,0,0,0,0,0,0,0,0,0,1,1,1,False
14,86816,0,1,36144,3,0,0,7154236,0,0,698691,0,0,0,0,0,0,0,0,0,0,0,0,0,0,0,0,0,0,0,0,0,0,1,1,1,False
14,88046,0,1,36144,3,0,0,7154236,0,0,698691,0,0,0,0,0,0,0,0,0,0,0,0,0,0,0,0,0,0,0,0,0,0,1,1,1,False
14,89294,0,1,36144,3,0,0,7154236,0,0,698691,0,0,0,0,0,0,0,0,0,0,0,0,0,0,0,0,0,0,0,0,0,0,1,1,1,False
14,90511,0,1,36144,3,0,0,7154236,0,0,698691,0,0,0,0,0,0,0,0,0,0,0,0,0,0,0,0,0,0,0,0,0,0,1,1,1,False
14,91733,0,1,36144,3,0,0,7154236,0,0,698691,0,0,0,0,0,0,0,0,0,0,0,0,0,0,0,0,0,0,0,0,0,0,1,1,1,False
14,93006,0,1,36144,3,0,0,7154236,0,0,698691,0,0,0,0,0,0,0,0,0,0,0,0,0,0,0,0,0,0,0,0,0,0,1,1,1,False
14,94212,0,1,36144,3,0,0,7154236,0,0,698691,0,0,0,0,0,0,0,0,0,0,0,0,0,0,0,0,0,0,0,0,0,0,1,1,1,False
14,95467,0,1,36144,3,0,0,7154236,0,0,698691,0,0,0,0,0,0,0,0,0,0,0,0,0,0,0,0,0,0,0,0,0,0,1,1,1,False
14,96707,0,1,36144,3,0,0,7154236,0,0,698691,0,0,0,0,0,0,0,0,0,0,0,0,0,0,0,0,0,0,0,0,0,0,1,1,1,False
14,97947,0,1,36144,3,0,0,7154236,0,0,698691,0,0,0,0,0,0,0,0,0,0,0,0,0,0,0,0,0,0,0,0,0,0,1,1,1,False
14,99221,0,1,36144,3,0,0,7154236,0,0,698691,0,0,0,0,0,0,0,0,0,0,0,0,0,0,0,0,0,0,0,0,0,0,1,1,1,False
15,00463,0,1,36144,3,0,0,7154236,0,0,698691,0,0,0,0,0,0,0,0,0,0,0,0,0,0,0,0,0,0,0,0,0,0,1,1,1,False
15,01684,0,1,36144,3,0,0,7154236,0,0,698691,0,0,0,0,0,0,0,0,0,0,0,0,0,0,0,0,0,0,0,0,0,0,1,1,1,False
15,02958,0,1,36144,3,0,0,7154236,0,0,698691,0,0,0,0,0,0,0,0,0,0,0,0,0,0,0,0,0,0,0,0,0,0,1,1,1,False
15,04209,0,1,36144,3,0,0,7154236,0,0,698691,0,0,0,0,0,0,0,0,0,0,0,0,0,0,0,0,0,0,0,0,0,0,1,1,1,False
15,05449,0,1,36144,3,0,0,7154236,0,0,698691,0,0,0,0,0,0,0,0,0,0,0,0,0,0,0,0,0,0,0,0,0,0,1,1,1,False
15,06693,0,1,36144,3,0,0,7154236,0,0,698691,0,0,0,0,0,0,0,0,0,0,0,0,0,0,0,0,0,0,0,0,0,0,1,1,1,False
15,07957,0,1,36144,3,0,0,7154236,0,0,698691,0,0,0,0,0,0,0,0,0,0,0,0,0,0,0,0,0,0,0,0,0,0,1,1,1,False
15,09284,0,1,36144,3,0,0,7154236,0,0,698691,0,0,0,0,0,0,0,0,0,0,0,0,0,0,0,0,0,0,0,0,0,0,1,1,1,False
15,10459,0,1,36144,3,0,0,7154236,0,0,698691,0,0,0,0,0,0,0,0,0,0,0,0,0,0,0,0,0,0,0,0,0,0,1,1,1,False
15,11708,0,1,36144,3,0,0,7154236,0,0,698691,0,0,0,0,0,0,0,0,0,0,0,0,0,0,0,0,0,0,0,0,0,0,1,1,1,False
15,12945,0,1,36144,3,0,0,7154236,0,0,698691,0,0,0,0,0,0,0,0,0,0,0,0,0,0,0,0,0,0,0,0,0,0,1,1,1,False
15,14174,0,1,36144,3,0,0,7154236,0,0,698691,0,0,0,0,0,0,0,0,0,0,0,0,0,0,0,0,0,0,0,0,0,0,1,1,1,False
15,15443,0,1,36144,3,0,0,7154236,0,0,698691,0,0,0,0,0,0,0,0,0,0,0,0,0,0,0,0,0,0,0,0,0,0,1,1,1,False
15,1672,0,1,36144,3,0,0,7154236,0,0,698691,0,0,0,0,0,0,0,0,0,0,0,0,0,0,0,0,0,0,0,0,0,0,1,1,1,False
15,17934,0,1,36144,3,0,0,7154236,0,0,698691,0,0,0,0,0,0,0,0,0,0,0,0,0,0,0,0,0,0,0,0,0,0,1,1,1,False
15,19193,0,1,36144,3,0,0,7154236,0,0,698691,0,0,0,0,0,0,0,0,0,0,0,0,0,0,0,0,0,0,0,0,0,0,1,1,1,False
15,20436,0,1,36144,3,0,0,7154236,0,0,698691,0,0,0,0,0,0,0,0,0,0,0,0,0,0,0,0,0,0,0,0,0,0,1,1,1,False
15,21689,0,1,36144,3,0,0,7154236,0,0,698691,0,0,0,0,0,0,0,0,0,0,0,0,0,0,0,0,0,0,0,0,0,0,1,1,1,False
15,22925,0,1,36144,3,0,0,7154236,0,0,698691,0,0,0,0,0,0,0,0,0,0,0,0,0,0,0,0,0,0,0,0,0,0,1,1,1,False
15,24168,0,1,36144,3,0,0,7154236,0,0,698691,0,0,0,0,0,0,0,0,0,0,0,0,0,0,0,0,0,0,0,0,0,0,1,1,1,False
15,25402,0,1,36144,3,0,0,7154236,0,0,698691,0,0,0,0,0,0,0,0,0,0,0,0,0,0,0,0,0,0,0,0,0,0,1,1,1,False
15,2666,0,1,36144,3,0,0,7154236,0,0,698691,0,0,0,0,0,0,0,0,0,0,0,0,0,0,0,0,0,0,0,0,0,0,1,1,1,False
15,27888,0,1,36144,3,0,0,7154236,0,0,698691,0,0,0,0,0,0,0,0,0,0,0,0,0,0,0,0,0,0,0,0,0,0,1,1,1,False
15,29141,0,1,36144,3,0,0,7154236,0,0,698691,0,0,0,0,0,0,0,0,0,0,0,0,0,0,0,0,0,0,0,0,0,0,1,1,1,False
15,30425,0,1,36144,3,0,0,7154236,0,0,698691,0,0,0,0,0,0,0,0,0,0,0,0,0,0,0,0,0,0,0,0,0,0,1,1,1,False
15,31645,0,1,36144,3,0,0,7154236,0,0,698691,0,0,0,0,0,0,0,0,0,0,0,0,0,0,0,0,0,0,0,0,0,0,1,1,1,False
15,3288,0,1,36144,3,0,0,7154236,0,0,698691,0,0,0,0,0,0,0,0,0,0,0,0,0,0,0,0,0,0,0,0,0,0,1,1,1,False
15,34118,0,1,36144,3,0,0,7154236,0,0,698691,0,0,0,0,0,0,0,0,0,0,0,0,0,0,0,0,0,0,0,0,0,0,1,1,1,False
15,35378,0,1,36144,3,0,0,7154236,0,0,698691,0,0,0,0,0,0,0,0,0,0,0,0,0,0,0,0,0,0,0,0,0,0,1,1,1,False
15,36641,0,1,36144,3,0,0,7154236,0,0,698691,0,0,0,0,0,0,0,0,0,0,0,0,0,0,0,0,0,0,0,0,0,0,1,1,1,False
15,37879,0,1,36144,3,0,0,7154236,0,0,698691,0,0,0,0,0,0,0,0,0,0,0,0,0,0,0,0,0,0,0,0,0,0,1,1,1,False
15,3911,0,1,36144,3,0,0,7154236,0,0,698691,0,0,0,0,0,0,0,0,0,0,0,0,0,0,0,0,0,0,0,0,0,0,1,1,1,False
15,40395,0,1,36144,3,0,0,7154236,0,0,698691,0,0,0,0,0,0,0,0,0,0,0,0,0,0,0,0,0,0,0,0,0,0,1,1,1,False
15,41596,0,1,36144,3,0,0,7154236,0,0,698691,0,0,0,0,0,0,0,0,0,0,0,0,0,0,0,0,0,0,0,0,0,0,1,1,1,False
15,42858,0,1,36144,3,0,0,7154236,0,0,698691,0,0,0,0,0,0,0,0,0,0,0,0,0,0,0,0,0,0,0,0,0,0,1,1,1,False
15,43753,0,1,36144,3,0,0,7154236,0,0,698691,0,0,0,0,0,0,0,0,0,0,0,0,0,0,0,0,0,0,0,0,0,0,1,1,1,False
15,45419,0,1,36144,3,0,0,7154236,0,0,698691,0,0,0,0,0,0,0,0,0,0,0,0,0,0,0,0,0,0,0,0,0,0,1,1,1,False
15,46683,0,1,36144,3,0,0,7154236,0,0,698691,0,0,0,0,0,0,0,0,0,0,0,0,0,0,0,0,0,0,0,0,0,0,1,1,1,False
15,47929,0,1,36144,3,0,0,7154236,0,0,698691,0,0,0,0,0,0,0,0,0,0,0,0,0,0,0,0,0,0,0,0,0,0,1,1,1,False
15,49115,0,1,36144,3,0,0,7154236,0,0,698691,0,0,0,0,0,0,0,0,0,0,0,0,0,0,0,0,0,0,0,0,0,0,1,1,1,False
15,50363,0,1,36144,3,0,0,7154236,0,0,698691,0,0,0,0,0,0,0,0,0,0,0,0,0,0,0,0,0,0,0,0,0,0,1,1,1,False
15,51628,0,1,36144,3,0,0,7154236,0,0,698691,0,0,0,0,0,0,0,0,0,0,0,0,0,0,0,0,0,0,0,0,0,0,1,1,1,False
15,52886,0,1,36144,3,0,0,7154236,0,0,698691,0,0,0,0,0,0,0,0,0,0,0,0,0,0,0,0,0,0,0,0,0,0,1,1,1,False
15,54329,0,1,36144,3,0,0,7154236,0,0,698691,0,0,0,0,0,0,0,0,0,0,0,0,0,0,0,0,0,0,0,0,0,0,1,1,1,False
15,55458,0,1,36144,3,0,0,7154236,0,0,698691,0,0,0,0,0,0,0,0,0,0,0,0,0,0,0,0,0,0,0,0,0,0,1,1,1,False
15,56794,0,1,36144,3,0,0,7154236,0,0,698691,0,0,0,0,0,0,0,0,0,0,0,0,0,0,0,0,0,0,0,0,0,0,1,1,1,False
15,58021,0,1,36144,3,0,0,7154236,0,0,698691,0,0,0,0,0,0,0,0,0,0,0,0,0,0,0,0,0,0,0,0,0,0,1,1,1,False
15,59224,0,1,36144,3,0,0,7154236,0,0,698691,0,0,0,0,0,0,0,0,0,0,0,0,0,0,0,0,0,0,0,0,0,0,1,1,1,False
15,60567,0,1,36144,3,0,0,7154236,0,0,698691,0,0,0,0,0,0,0,0,0,0,0,0,0,0,0,0,0,0,0,0,0,0,1,1,1,False
15,61905,0,1,36144,3,0,0,7154236,0,0,698691,0,0,0,0,0,0,0,0,0,0,0,0,0,0,0,0,0,0,0,0,0,0,1,1,1,False
15,63181,0,1,36144,3,0,0,7154236,0,0,698691,0,0,0,0,0,0,0,0,0,0,0,0,0,0,0,0,0,0,0,0,0,0,1,1,1,False
15,64411,0,1,36144,3,0,0,7154236,0,0,698691,0,0,0,0,0,0,0,0,0,0,0,0,0,0,0,0,0,0,0,0,0,0,1,1,1,False
15,6553,0,1,36144,3,0,0,7154236,0,0,698691,0,0,0,0,0,0,0,0,0,0,0,0,0,0,0,0,0,0,0,0,0,0,1,1,1,False
15,66837,0,1,36144,3,0,0,7154236,0,0,698691,0,0,0,0,0,0,0,0,0,0,0,0,0,0,0,0,0,0,0,0,0,0,1,1,1,False
15,68099,0,1,36144,3,0,0,7154236,0,0,698691,0,0,0,0,0,0,0,0,0,0,0,0,0,0,0,0,0,0,0,0,0,0,1,1,1,False
15,69326,0,1,36144,3,0,0,7154236,0,0,698691,0,0,0,0,0,0,0,0,0,0,0,0,0,0,0,0,0,0,0,0,0,0,1,1,1,False
15,70614,0,1,36144,3,0,0,7154236,0,0,698691,0,0,0,0,0,0,0,0,0,0,0,0,0,0,0,0,0,0,0,0,0,0,1,1,1,False
15,71816,0,1,36144,3,0,0,7154236,0,0,698691,0,0,0,0,0,0,0,0,0,0,0,0,0,0,0,0,0,0,0,0,0,0,1,1,1,False
15,73069,0,1,36144,3,0,0,7154236,0,0,698691,0,0,0,0,0,0,0,0,0,0,0,0,0,0,0,0,0,0,0,0,0,0,1,1,1,False
15,74318,0,1,36144,3,0,0,7154236,0,0,698691,0,0,0,0,0,0,0,0,0,0,0,0,0,0,0,0,0,0,0,0,0,0,1,1,1,False
15,75568,0,1,36144,3,0,0,7154236,0,0,698691,0,0,0,0,0,0,0,0,0,0,0,0,0,0,0,0,0,0,0,0,0,0,1,1,1,False
15,76818,0,1,36144,3,0,0,7154236,0,0,698691,0,0,0,0,0,0,0,0,0,0,0,0,0,0,0,0,0,0,0,0,0,0,1,1,1,False
15,78084,0,1,36144,3,0,0,7154236,0,0,698691,0,0,0,0,0,0,0,0,0,0,0,0,0,0,0,0,0,0,0,0,0,0,1,1,1,False
15,79334,0,1,36144,3,0,0,7154236,0,0,698691,0,0,0,0,0,0,0,0,0,0,0,0,0,0,0,0,0,0,0,0,0,0,1,1,1,False
15,80597,0,1,36144,3,0,0,7154236,0,0,698691,0,0,0,0,0,0,0,0,0,0,0,0,0,0,0,0,0,0,0,0,0,0,1,1,1,False
15,81904,0,1,36144,3,0,0,7154236,0,0,698691,0,0,0,0,0,0,0,0,0,0,0,0,0,0,0,0,0,0,0,0,0,0,1,1,1,False
15,83078,0,1,36144,3,0,0,7154236,0,0,698691,0,0,0,0,0,0,0,0,0,0,0,0,0,0,0,0,0,0,0,0,0,0,1,1,1,False
15,84297,0,1,36144,3,0,0,7154236,0,0,698691,0,0,0,0,0,0,0,0,0,0,0,0,0,0,0,0,0,0,0,0,0,0,1,1,1,False
15,85549,0,1,36144,3,0,0,7154236,0,0,698691,0,0,0,0,0,0,0,0,0,0,0,0,0,0,0,0,0,0,0,0,0,0,1,1,1,False
15,86783,0,1,36144,3,0,0,7154236,0,0,698691,0,0,0,0,0,0,0,0,0,0,0,0,0,0,0,0,0,0,0,0,0,0,1,1,1,False
15,88,0,1,36144,3,0,0,7154236,0,0,698691,0,0,0,0,0,0,0,0,0,0,0,0,0,0,0,0,0,0,0,0,0,0,1,1,1,False
15,89281,0,1,36144,3,0,0,7154236,0,0,698691,0,0,0,0,0,0,0,0,0,0,0,0,0,0,0,0,0,0,0,0,0,0,1,1,1,False
15,90733,0,1,36144,3,0,0,7154236,0,0,698691,0,0,0,0,0,0,0,0,0,0,0,0,0,0,0,0,0,0,0,0,0,0,1,1,1,False
15,92054,0,1,36144,3,0,0,7154236,0,0,698691,0,0,0,0,0,0,0,0,0,0,0,0,0,0,0,0,0,0,0,0,0,0,1,1,1,False
15,93273,0,1,36144,3,0,0,7154236,0,0,698691,0,0,0,0,0,0,0,0,0,0,0,0,0,0,0,0,0,0,0,0,0,0,1,1,1,False
15,94249,0,1,36144,3,0,0,7154236,0,0,698691,0,0,0,0,0,0,0,0,0,0,0,0,0,0,0,0,0,0,0,0,0,0,1,1,1,False
15,95516,0,1,36144,3,0,0,7154236,0,0,698691,0,0,0,0,0,0,0,0,0,0,0,0,0,0,0,0,0,0,0,0,0,0,1,1,1,False
15,96774,0,1,36144,3,0,0,7154236,0,0,698691,0,0,0,0,0,0,0,0,0,0,0,0,0,0,0,0,0,0,0,0,0,0,1,1,1,False
15,98006,0,1,36144,3,0,0,7154236,0,0,698691,0,0,0,0,0,0,0,0,0,0,0,0,0,0,0,0,0,0,0,0,0,0,1,1,1,False
15,99262,0,1,36144,3,0,0,7154236,0,0,698691,0,0,0,0,0,0,0,0,0,0,0,0,0,0,0,0,0,0,0,0,0,0,1,1,1,False
16,00526,0,1,36144,3,0,0,7154236,0,0,698691,0,0,0,0,0,0,0,0,0,0,0,0,0,0,0,0,0,0,0,0,0,0,1,1,1,False
16,01757,0,1,36144,3,0,0,7154236,0,0,698691,0,0,0,0,0,0,0,0,0,0,0,0,0,0,0,0,0,0,0,0,0,0,1,1,1,False
16,02982,0,1,36144,3,0,0,7154236,0,0,698691,0,0,0,0,0,0,0,0,0,0,0,0,0,0,0,0,0,0,0,0,0,0,1,1,1,False
16,04245,0,1,36144,3,0,0,7154236,0,0,698691,0,0,0,0,0,0,0,0,0,0,0,0,0,0,0,0,0,0,0,0,0,0,1,1,1,False
16,05482,0,1,36144,3,0,0,7154236,0,0,698691,0,0,0,0,0,0,0,0,0,0,0,0,0,0,0,0,0,0,0,0,0,0,1,1,1,False
16,06746,0,1,36144,3,0,0,7154236,0,0,698691,0,0,0,0,0,0,0,0,0,0,0,0,0,0,0,0,0,0,0,0,0,0,1,1,1,False
16,07965,0,1,36144,3,0,0,7154236,0,0,698691,0,0,0,0,0,0,0,0,0,0,0,0,0,0,0,0,0,0,0,0,0,0,1,1,1,False
16,09218,0,1,36144,3,0,0,7154236,0,0,698691,0,0,0,0,0,0,0,0,0,0,0,0,0,0,0,0,0,0,0,0,0,0,1,1,1,False
16,10471,0,1,36144,3,0,0,7154236,0,0,698691,0,0,0,0,0,0,0,0,0,0,0,0,0,0,0,0,0,0,0,0,0,0,1,1,1,False
16,11704,0,1,36144,3,0,0,7154236,0,0,698691,0,0,0,0,0,0,0,0,0,0,0,0,0,0,0,0,0,0,0,0,0,0,1,1,1,False
16,12936,0,1,36144,3,0,0,7154236,0,0,698691,0,0,0,0,0,0,0,0,0,0,0,0,0,0,0,0,0,0,0,0,0,0,1,1,1,False
16,14205,0,1,36144,3,0,0,7154236,0,0,698691,0,0,0,0,0,0,0,0,0,0,0,0,0,0,0,0,0,0,0,0,0,0,1,1,1,False
16,15451,0,1,36144,3,0,0,7154236,0,0,698691,0,0,0,0,0,0,0,0,0,0,0,0,0,0,0,0,0,0,0,0,0,0,1,1,1,False
16,1671,0,1,36144,3,0,0,7154236,0,0,698691,0,0,0,0,0,0,0,0,0,0,0,0,0,0,0,0,0,0,0,0,0,0,1,1,1,False
16,17946,0,1,36144,3,0,0,7154236,0,0,698691,0,0,0,0,0,0,0,0,0,0,0,0,0,0,0,0,0,0,0,0,0,0,1,1,1,False
16,19182,0,1,36144,3,0,0,7154236,0,0,698691,0,0,0,0,0,0,0,0,0,0,0,0,0,0,0,0,0,0,0,0,0,0,1,1,1,False
16,20432,0,1,36144,3,0,0,7154236,0,0,698691,0,0,0,0,0,0,0,0,0,0,0,0,0,0,0,0,0,0,0,0,0,0,1,1,1,False
16,21678,0,1,36144,3,0,0,7154236,0,0,698691,0,0,0,0,0,0,0,0,0,0,0,0,0,0,0,0,0,0,0,0,0,0,1,1,1,False
16,22931,0,1,36144,3,0,0,7154236,0,0,698691,0,0,0,0,0,0,0,0,0,0,0,0,0,0,0,0,0,0,0,0,0,0,1,1,1,False
16,24155,0,1,36144,3,0,0,7154236,0,0,698691,0,0,0,0,0,0,0,0,0,0,0,0,0,0,0,0,0,0,0,0,0,0,1,1,1,False
16,25392,0,1,36144,3,0,0,7154236,0,0,698691,0,0,0,0,0,0,0,0,0,0,0,0,0,0,0,0,0,0,0,0,0,0,1,1,1,False
16,26673,0,1,36144,3,0,0,7154236,0,0,698691,0,0,0,0,0,0,0,0,0,0,0,0,0,0,0,0,0,0,0,0,0,0,1,1,1,False
16,27884,0,1,36144,3,0,0,7154236,0,0,698691,0,0,0,0,0,0,0,0,0,0,0,0,0,0,0,0,0,0,0,0,0,0,1,1,1,False
16,29146,0,1,36144,3,0,0,7154236,0,0,698691,0,0,0,0,0,0,0,0,0,0,0,0,0,0,0,0,0,0,0,0,0,0,1,1,1,False
16,30369,0,1,36144,3,0,0,7154236,0,0,698691,0,0,0,0,0,0,0,0,0,0,0,0,0,0,0,0,0,0,0,0,0,0,1,1,1,False
16,31647,0,1,36144,3,0,0,7154236,0,0,698691,0,0,0,0,0,0,0,0,0,0,0,0,0,0,0,0,0,0,0,0,0,0,1,1,1,False
16,32876,0,1,36144,3,0,0,7154236,0,0,698691,0,0,0,0,0,0,0,0,0,0,0,0,0,0,0,0,0,0,0,0,0,0,1,1,1,False
16,34111,0,1,36144,3,0,0,7154236,0,0,698691,0,0,0,0,0,0,0,0,0,0,0,0,0,0,0,0,0,0,0,0,0,0,1,1,1,False
16,35373,0,1,36144,3,0,0,7154236,0,0,698691,0,0,0,0,0,0,0,0,0,0,0,0,0,0,0,0,0,0,0,0,0,0,1,1,1,False
16,36594,0,1,36144,3,0,0,7154236,0,0,698691,0,0,0,0,0,0,0,0,0,0,0,0,0,0,0,0,0,0,0,0,0,0,1,1,1,False
16,37846,0,1,36144,3,0,0,7154236,0,0,698691,0,0,0,0,0,0,0,0,0,0,0,0,0,0,0,0,0,0,0,0,0,0,1,1,1,False
16,39085,0,1,36144,3,0,0,7154236,0,0,698691,0,0,0,0,0,0,0,0,0,0,0,0,0,0,0,0,0,0,0,0,0,0,1,1,1,False
16,40308,0,1,36144,3,0,0,7154236,0,0,698691,0,0,0,0,0,0,0,0,0,0,0,0,0,0,0,0,0,0,0,0,0,0,1,1,1,False
16,41598,0,1,36144,3,0,0,7154236,0,0,698691,0,0,0,0,0,0,0,0,0,0,0,0,0,0,0,0,0,0,0,0,0,0,1,1,1,False
16,4281,0,1,36144,3,0,0,7154236,0,0,698691,0,0,0,0,0,0,0,0,0,0,0,0,0,0,0,0,0,0,0,0,0,0,1,1,1,False
16,44141,0,1,36144,3,0,0,7154236,0,0,698691,0,0,0,0,0,0,0,0,0,0,0,0,0,0,0,0,0,0,0,0,0,0,1,1,1,False
16,45404,0,1,36144,3,0,0,7154236,0,0,698691,0,0,0,0,0,0,0,0,0,0,0,0,0,0,0,0,0,0,0,0,0,0,1,1,1,False
16,46741,0,1,36144,3,0,0,7154236,0,0,698691,0,0,0,0,0,0,0,0,0,0,0,0,0,0,0,0,0,0,0,0,0,0,1,1,1,False
16,4788,0,1,36144,3,0,0,7154236,0,0,698691,0,0,0,0,0,0,0,0,0,0,0,0,0,0,0,0,0,0,0,0,0,0,1,1,1,False
16,49141,0,1,36144,3,0,0,7154236,0,0,698691,0,0,0,0,0,0,0,0,0,0,0,0,0,0,0,0,0,0,0,0,0,0,1,1,1,False
16,50355,0,1,36144,3,0,0,7154236,0,0,698691,0,0,0,0,0,0,0,0,0,0,0,0,0,0,0,0,0,0,0,0,0,0,1,1,1,False
16,51623,0,1,36144,3,0,0,7154236,0,0,698691,0,0,0,0,0,0,0,0,0,0,0,0,0,0,0,0,0,0,0,0,0,0,1,1,1,False
16,52884,0,1,36144,3,0,0,7154236,0,0,698691,0,0,0,0,0,0,0,0,0,0,0,0,0,0,0,0,0,0,0,0,0,0,1,1,1,False
16,54099,0,1,36144,3,0,0,7154236,0,0,698691,0,0,0,0,0,0,0,0,0,0,0,0,0,0,0,0,0,0,0,0,0,0,1,1,1,False
16,55354,0,1,36144,3,0,0,7154236,0,0,698691,0,0,0,0,0,0,0,0,0,0,0,0,0,0,0,0,0,0,0,0,0,0,1,1,1,False
16,5662,0,1,36144,3,0,0,7154236,0,0,698691,0,0,0,0,0,0,0,0,0,0,0,0,0,0,0,0,0,0,0,0,0,0,1,1,1,False
16,57879,0,1,36144,3,0,0,7154236,0,0,698691,0,0,0,0,0,0,0,0,0,0,0,0,0,0,0,0,0,0,0,0,0,0,1,1,1,False
16,59124,0,1,36144,3,0,0,7154236,0,0,698691,0,0,0,0,0,0,0,0,0,0,0,0,0,0,0,0,0,0,0,0,0,0,1,1,1,False
16,60363,0,1,36144,3,0,0,7154236,0,0,698691,0,0,0,0,0,0,0,0,0,0,0,0,0,0,0,0,0,0,0,0,0,0,1,1,1,False
16,61742,0,1,36144,3,0,0,7154236,0,0,698691,0,0,0,0,0,0,0,0,0,0,0,0,0,0,0,0,0,0,0,0,0,0,1,1,1,False
16,62922,0,1,36144,3,0,0,7154236,0,0,698691,0,0,0,0,0,0,0,0,0,0,0,0,0,0,0,0,0,0,0,0,0,0,1,1,1,False
16,64132,0,1,36144,3,0,0,7154236,0,0,698691,0,0,0,0,0,0,0,0,0,0,0,0,0,0,0,0,0,0,0,0,0,0,1,1,1,False
16,65443,0,1,36144,3,0,0,7154236,0,0,698691,0,0,0,0,0,0,0,0,0,0,0,0,0,0,0,0,0,0,0,0,0,0,1,1,1,False
16,66676,0,1,36144,3,0,0,7154236,0,0,698691,0,0,0,0,0,0,0,0,0,0,0,0,0,0,0,0,0,0,0,0,0,0,1,1,1,False
16,67917,0,1,36144,3,0,0,7154236,0,0,698691,0,0,0,0,0,0,0,0,0,0,0,0,0,0,0,0,0,0,0,0,0,0,1,1,1,False
16,69169,0,1,36144,3,0,0,7154236,0,0,698691,0,0,0,0,0,0,0,0,0,0,0,0,0,0,0,0,0,0,0,0,0,0,1,1,1,False
16,70405,0,1,36144,3,0,0,7154236,0,0,698691,0,0,0,0,0,0,0,0,0,0,0,0,0,0,0,0,0,0,0,0,0,0,1,1,1,False
16,72617,0,1,36144,3,0,0,7154236,0,0,698691,0,0,0,0,0,0,0,0,0,0,0,0,0,0,0,0,0,0,0,0,0,0,1,1,1,False
16,73836,0,1,36144,3,0,0,7154236,0,0,698691,0,0,0,0,0,0,0,0,0,0,0,0,0,0,0,0,0,0,0,0,0,0,1,1,1,False
16,75078,0,1,36144,3,0,0,7154236,0,0,698691,0,0,0,0,0,0,0,0,0,0,0,0,0,0,0,0,0,0,0,0,0,0,1,1,1,False
16,76213,0,1,36144,3,0,0,7154236,0,0,698691,0,0,0,0,0,0,0,0,0,0,0,0,0,0,0,0,0,0,0,0,0,0,1,1,1,False
16,77239,0,1,36144,3,0,0,7154236,0,0,698691,0,0,0,0,0,0,0,0,0,0,0,0,0,0,0,0,0,0,0,0,0,0,1,1,1,False
16,78391,0,1,36144,3,0,0,7154236,0,0,698691,0,0,0,0,0,0,0,0,0,0,0,0,0,0,0,0,0,0,0,0,0,0,1,1,1,False
16,7963,0,1,36144,3,0,0,7154236,0,0,698691,0,0,0,0,0,0,0,0,0,0,0,0,0,0,0,0,0,0,0,0,0,0,1,1,1,False
16,80898,0,1,36144,3,0,0,7154236,0,0,698691,0,0,0,0,0,0,0,0,0,0,0,0,0,0,0,0,0,0,0,0,0,0,1,1,1,False
16,82119,0,1,36144,3,0,0,7154236,0,0,698691,0,0,0,0,0,0,0,0,0,0,0,0,0,0,0,0,0,0,0,0,0,0,1,1,1,False
16,83352,0,1,36144,3,0,0,7154236,0,0,698691,0,0,0,0,0,0,0,0,0,0,0,0,0,0,0,0,0,0,0,0,0,0,1,1,1,False
16,84588,0,1,36144,3,0,0,7154236,0,0,698691,0,0,0,0,0,0,0,0,0,0,0,0,0,0,0,0,0,0,0,0,0,0,1,1,1,False
16,85888,0,1,36144,3,0,0,7154236,0,0,698691,0,0,0,0,0,0,0,0,0,0,0,0,0,0,0,0,0,0,0,0,0,0,1,1,1,False
16,87206,0,1,36144,3,0,0,7154236,0,0,698691,0,0,0,0,0,0,0,0,0,0,0,0,0,0,0,0,0,0,0,0,0,0,1,1,1,False
16,8841,0,1,36144,3,0,0,7154236,0,0,698691,0,0,0,0,0,0,0,0,0,0,0,0,0,0,0,0,0,0,0,0,0,0,1,1,1,False
16,89712,0,1,36144,3,0,0,7154236,0,0,698691,0,0,0,0,0,0,0,0,0,0,0,0,0,0,0,0,0,0,0,0,0,0,1,1,1,False
16,90915,0,1,36144,3,0,0,7154236,0,0,698691,0,0,0,0,0,0,0,0,0,0,0,0,0,0,0,0,0,0,0,0,0,0,1,1,1,False
16,92311,0,1,36144,3,0,0,7154236,0,0,698691,0,0,0,0,0,0,0,0,0,0,0,0,0,0,0,0,0,0,0,0,0,0,1,1,1,False
16,93625,0,1,36144,3,0,0,7154236,0,0,698691,0,0,0,0,0,0,0,0,0,0,0,0,0,0,0,0,0,0,0,0,0,0,1,1,1,False
16,9492,0,1,36144,3,0,0,7154236,0,0,698691,0,0,0,0,0,0,0,0,0,0,0,0,0,0,0,0,0,0,0,0,0,0,1,1,1,False
16,96932,0,1,36144,3,0,0,7154236,0,0,698691,0,0,0,0,0,0,0,0,0,0,0,0,0,0,0,0,0,0,0,0,0,0,1,1,1,False
16,98358,0,1,36144,3,0,0,7154236,0,0,698691,0,0,0,0,0,0,0,0,0,0,0,0,0,0,0,0,0,0,0,0,0,0,1,1,1,False
16,99474,0,1,36144,3,0,0,7154236,0,0,698691,0,0,0,0,0,0,0,0,0,0,0,0,0,0,0,0,0,0,0,0,0,0,1,1,1,False
17,00736,0,1,36144,3,0,0,7154236,0,0,698691,0,0,0,0,0,0,0,0,0,0,0,0,0,0,0,0,0,0,0,0,0,0,1,1,1,False
17,01905,0,1,36144,3,0,0,7154236,0,0,698691,0,0,0,0,0,0,0,0,0,0,0,0,0,0,0,0,0,0,0,0,0,0,1,1,1,False
17,02873,0,1,36144,3,0,0,7154236,0,0,698691,0,0,0,0,0,0,0,0,0,0,0,0,0,0,0,0,0,0,0,0,0,0,1,1,1,False
17,03944,0,1,36144,3,0,0,7154236,0,0,698691,0,0,0,0,0,0,0,0,0,0,0,0,0,0,0,0,0,0,0,0,0,0,1,1,1,False
17,05387,0,1,36144,3,0,0,7154236,0,0,698691,0,0,0,0,0,0,0,0,0,0,0,0,0,0,0,0,0,0,0,0,0,0,1,1,1,False
17,06612,0,1,36144,3,0,0,7154236,0,0,698691,0,0,0,0,0,0,0,0,0,0,0,0,0,0,0,0,0,0,0,0,0,0,1,1,1,False
17,07852,0,1,36144,3,0,0,7154236,0,0,698691,0,0,0,0,0,0,0,0,0,0,0,0,0,0,0,0,0,0,0,0,0,0,1,1,1,False
17,09344,0,1,36144,3,0,0,7154236,0,0,698691,0,0,0,0,0,0,0,0,0,0,0,0,0,0,0,0,0,0,0,0,0,0,1,1,1,False
17,104,0,1,36144,3,0,0,7154236,0,0,698691,0,0,0,0,0,0,0,0,0,0,0,0,0,0,0,0,0,0,0,0,0,0,1,1,1,False
17,11605,0,1,36144,3,0,0,7154236,0,0,698691,0,0,0,0,0,0,0,0,0,0,0,0,0,0,0,0,0,0,0,0,0,0,1,1,1,False
17,12614,0,1,36144,3,0,0,7154236,0,0,698691,0,0,0,0,0,0,0,0,0,0,0,0,0,0,0,0,0,0,0,0,0,0,1,1,1,False
17,1407,0,1,36144,3,0,0,7154236,0,0,698691,0,0,0,0,0,0,0,0,0,0,0,0,0,0,0,0,0,0,0,0,0,0,1,1,1,False
17,15344,0,1,36144,3,0,0,7154236,0,0,698691,0,0,0,0,0,0,0,0,0,0,0,0,0,0,0,0,0,0,0,0,0,0,1,1,1,False
17,1657,0,1,36144,3,0,0,7154236,0,0,698691,0,0,0,0,0,0,0,0,0,0,0,0,0,0,0,0,0,0,0,0,0,0,1,1,1,False
17,17819,0,1,36144,3,0,0,7154236,0,0,698691,0,0,0,0,0,0,0,0,0,0,0,0,0,0,0,0,0,0,0,0,0,0,1,1,1,False
17,18723,0,1,36144,3,0,0,7154236,0,0,698691,0,0,0,0,0,0,0,0,0,0,0,0,0,0,0,0,0,0,0,0,0,0,1,1,1,False
17,20294,0,1,36144,3,0,0,7154236,0,0,698691,0,0,0,0,0,0,0,0,0,0,0,0,0,0,0,0,0,0,0,0,0,0,1,1,1,False
17,21546,0,1,36144,3,0,0,7154236,0,0,698691,0,0,0,0,0,0,0,0,0,0,0,0,0,0,0,0,0,0,0,0,0,0,1,1,1,False
17,22796,0,1,36144,3,0,0,7154236,0,0,698691,0,0,0,0,0,0,0,0,0,0,0,0,0,0,0,0,0,0,0,0,0,0,1,1,1,False
17,24017,0,1,36144,3,0,0,7154236,0,0,698691,0,0,0,0,0,0,0,0,0,0,0,0,0,0,0,0,0,0,0,0,0,0,1,1,1,False
17,25267,0,1,36144,3,0,0,7154236,0,0,698691,0,0,0,0,0,0,0,0,0,0,0,0,0,0,0,0,0,0,0,0,0,0,1,1,1,False
17,26501,0,1,36144,3,0,0,7154236,0,0,698691,0,0,0,0,0,0,0,0,0,0,0,0,0,0,0,0,0,0,0,0,0,0,1,1,1,False
17,27744,0,1,36144,3,0,0,7154236,0,0,698691,0,0,0,0,0,0,0,0,0,0,0,0,0,0,0,0,0,0,0,0,0,0,1,1,1,False
17,28986,0,1,36144,3,0,0,7154236,0,0,698691,0,0,0,0,0,0,0,0,0,0,0,0,0,0,0,0,0,0,0,0,0,0,1,1,1,False
17,30224,0,1,36144,3,0,0,7154236,0,0,698691,0,0,0,0,0,0,0,0,0,0,0,0,0,0,0,0,0,0,0,0,0,0,1,1,1,False
17,31517,0,1,36144,3,0,0,7154236,0,0,698691,0,0,0,0,0,0,0,0,0,0,0,0,0,0,0,0,0,0,0,0,0,0,1,1,1,False
17,32747,0,1,36144,3,0,0,7154236,0,0,698691,0,0,0,0,0,0,0,0,0,0,0,0,0,0,0,0,0,0,0,0,0,0,1,1,1,False
17,34001,0,1,36144,3,0,0,7154236,0,0,698691,0,0,0,0,0,0,0,0,0,0,0,0,0,0,0,0,0,0,0,0,0,0,1,1,1,False
17,35239,0,1,36144,3,0,0,7154236,0,0,698691,0,0,0,0,0,0,0,0,0,0,0,0,0,0,0,0,0,0,0,0,0,0,1,1,1,False
17,36451,0,1,36144,3,0,0,7154236,0,0,698691,0,0,0,0,0,0,0,0,0,0,0,0,0,0,0,0,0,0,0,0,0,0,1,1,1,False
17,37704,0,1,36144,3,0,0,7154236,0,0,698691,0,0,0,0,0,0,0,0,0,0,0,0,0,0,0,0,0,0,0,0,0,0,1,1,1,False
17,38947,0,1,36144,3,0,0,7154236,0,0,698691,0,0,0,0,0,0,0,0,0,0,0,0,0,0,0,0,0,0,0,0,0,0,1,1,1,False
17,40184,0,1,36144,3,0,0,7154236,0,0,698691,0,0,0,0,0,0,0,0,0,0,0,0,0,0,0,0,0,0,0,0,0,0,1,1,1,False
17,41416,0,1,36144,3,0,0,7154236,0,0,698691,0,0,0,0,0,0,0,0,0,0,0,0,0,0,0,0,0,0,0,0,0,0,1,1,1,False
17,42648,0,1,36144,3,0,0,7154236,0,0,698691,0,0,0,0,0,0,0,0,0,0,0,0,0,0,0,0,0,0,0,0,0,0,1,1,1,False
17,43915,0,1,36144,3,0,0,7154236,0,0,698691,0,0,0,0,0,0,0,0,0,0,0,0,0,0,0,0,0,0,0,0,0,0,1,1,1,False
17,45173,0,1,36144,3,0,0,7154236,0,0,698691,0,0,0,0,0,0,0,0,0,0,0,0,0,0,0,0,0,0,0,0,0,0,1,1,1,False
17,46407,0,1,36144,3,0,0,7154236,0,0,698691,0,0,0,0,0,0,0,0,0,0,0,0,0,0,0,0,0,0,0,0,0,0,1,1,1,False
17,47651,0,1,36144,3,0,0,7154236,0,0,698691,0,0,0,0,0,0,0,0,0,0,0,0,0,0,0,0,0,0,0,0,0,0,1,1,1,False
17,48881,0,1,36144,3,0,0,7154236,0,0,698691,0,0,0,0,0,0,0,0,0,0,0,0,0,0,0,0,0,0,0,0,0,0,1,1,1,False
17,50121,0,1,36144,3,0,0,7154236,0,0,698691,0,0,0,0,0,0,0,0,0,0,0,0,0,0,0,0,0,0,0,0,0,0,1,1,1,False
17,51356,0,1,36144,3,0,0,7154236,0,0,698691,0,0,0,0,0,0,0,0,0,0,0,0,0,0,0,0,0,0,0,0,0,0,1,1,1,False
17,52627,0,1,36144,3,0,0,7154236,0,0,698691,0,0,0,0,0,0,0,0,0,0,0,0,0,0,0,0,0,0,0,0,0,0,1,1,1,False
17,53855,0,1,36144,3,0,0,7154236,0,0,698691,0,0,0,0,0,0,0,0,0,0,0,0,0,0,0,0,0,0,0,0,0,0,1,1,1,False
17,55109,0,1,36144,3,0,0,7154236,0,0,698691,0,0,0,0,0,0,0,0,0,0,0,0,0,0,0,0,0,0,0,0,0,0,1,1,1,False
17,56387,0,1,36144,3,0,0,7154236,0,0,698691,0,0,0,0,0,0,0,0,0,0,0,0,0,0,0,0,0,0,0,0,0,0,1,1,1,False
17,57595,0,1,36144,3,0,0,7154236,0,0,698691,0,0,0,0,0,0,0,0,0,0,0,0,0,0,0,0,0,0,0,0,0,0,1,1,1,False
17,5884,0,1,36144,3,0,0,7154236,0,0,698691,0,0,0,0,0,0,0,0,0,0,0,0,0,0,0,0,0,0,0,0,0,0,1,1,1,False
17,60063,0,1,36144,3,0,0,7154236,0,0,698691,0,0,0,0,0,0,0,0,0,0,0,0,0,0,0,0,0,0,0,0,0,0,1,1,1,False
17,61306,0,1,36144,3,0,0,7154236,0,0,698691,0,0,0,0,0,0,0,0,0,0,0,0,0,0,0,0,0,0,0,0,0,0,1,1,1,False
17,62572,0,1,36144,3,0,0,7154236,0,0,698691,0,0,0,0,0,0,0,0,0,0,0,0,0,0,0,0,0,0,0,0,0,0,1,1,1,False
17,63804,0,1,36144,3,0,0,7154236,0,0,698691,0,0,0,0,0,0,0,0,0,0,0,0,0,0,0,0,0,0,0,0,0,0,1,1,1,False
17,65076,0,1,36144,3,0,0,7154236,0,0,698691,0,0,0,0,0,0,0,0,0,0,0,0,0,0,0,0,0,0,0,0,0,0,1,1,1,False
17,66322,0,1,36144,3,0,0,7154236,0,0,698691,0,0,0,0,0,0,0,0,0,0,0,0,0,0,0,0,0,0,0,0,0,0,1,1,1,False
17,67621,0,1,36144,3,0,0,7154236,0,0,698691,0,0,0,0,0,0,0,0,0,0,0,0,0,0,0,0,0,0,0,0,0,0,1,1,1,False
17,68842,0,1,36144,3,0,0,7154236,0,0,698691,0,0,0,0,0,0,0,0,0,0,0,0,0,0,0,0,0,0,0,0,0,0,1,1,1,False
17,70087,0,1,36144,3,0,0,7154236,0,0,698691,0,0,0,0,0,0,0,0,0,0,0,0,0,0,0,0,0,0,0,0,0,0,1,1,1,False
17,71363,0,1,36144,3,0,0,7154236,0,0,698691,0,0,0,0,0,0,0,0,0,0,0,0,0,0,0,0,0,0,0,0,0,0,1,1,1,False
17,72617,0,1,36144,3,0,0,7154236,0,0,698691,0,0,0,0,0,0,0,0,0,0,0,0,0,0,0,0,0,0,0,0,0,0,1,1,1,False
17,7382,0,1,36144,3,0,0,7154236,0,0,698691,0,0,0,0,0,0,0,0,0,0,0,0,0,0,0,0,0,0,0,0,0,0,1,1,1,False
17,75069,0,1,36144,3,0,0,7154236,0,0,698691,0,0,0,0,0,0,0,0,0,0,0,0,0,0,0,0,0,0,0,0,0,0,1,1,1,False
17,76286,0,1,36144,3,0,0,7154236,0,0,698691,0,0,0,0,0,0,0,0,0,0,0,0,0,0,0,0,0,0,0,0,0,0,1,1,1,False
17,77561,0,1,36144,3,0,0,7154236,0,0,698691,0,0,0,0,0,0,0,0,0,0,0,0,0,0,0,0,0,0,0,0,0,0,1,1,1,False
17,78788,0,1,36144,3,0,0,7154236,0,0,698691,0,0,0,0,0,0,0,0,0,0,0,0,0,0,0,0,0,0,0,0,0,0,1,1,1,False
17,80043,0,1,36144,3,0,0,7154236,0,0,698691,0,0,0,0,0,0,0,0,0,0,0,0,0,0,0,0,0,0,0,0,0,0,1,1,1,False
17,81401,0,1,36144,3,0,0,7154236,0,0,698691,0,0,0,0,0,0,0,0,0,0,0,0,0,0,0,0,0,0,0,0,0,0,1,1,1,False
17,82693,0,1,36144,3,0,0,7154236,0,0,698691,0,0,0,0,0,0,0,0,0,0,0,0,0,0,0,0,0,0,0,0,0,0,1,1,1,False
17,83905,0,1,36144,3,0,0,7154236,0,0,698691,0,0,0,0,0,0,0,0,0,0,0,0,0,0,0,0,0,0,0,0,0,0,1,1,1,False
17,85171,0,1,36144,3,0,0,7154236,0,0,698691,0,0,0,0,0,0,0,0,0,0,0,0,0,0,0,0,0,0,0,0,0,0,1,1,1,False
17,86464,0,1,36144,3,0,0,7154236,0,0,698691,0,0,0,0,0,0,0,0,0,0,0,0,0,0,0,0,0,0,0,0,0,0,1,1,1,False
17,87744,0,1,36144,3,0,0,7154236,0,0,698691,0,0,0,0,0,0,0,0,0,0,0,0,0,0,0,0,0,0,0,0,0,0,1,1,1,False
17,89047,0,1,36144,3,0,0,7154236,0,0,698691,0,0,0,0,0,0,0,0,0,0,0,0,0,0,0,0,0,0,0,0,0,0,1,1,1,False
17,90366,0,1,36144,3,0,0,7154236,0,0,698691,0,0,0,0,0,0,0,0,0,0,0,0,0,0,0,0,0,0,0,0,0,0,1,1,1,False
17,91619,0,1,36144,3,0,0,7154236,0,0,698691,0,0,0,0,0,0,0,0,0,0,0,0,0,0,0,0,0,0,0,0,0,0,1,1,1,False
17,92745,0,1,36144,3,0,0,7154236,0,0,698691,0,0,0,0,0,0,0,0,0,0,0,0,0,0,0,0,0,0,0,0,0,0,1,1,1,False
17,93943,0,1,36144,3,0,0,7154236,0,0,698691,0,0,0,0,0,0,0,0,0,0,0,0,0,0,0,0,0,0,0,0,0,0,1,1,1,False
17,95322,0,1,36144,3,0,0,7154236,0,0,698691,0,0,0,0,0,0,0,0,0,0,0,0,0,0,0,0,0,0,0,0,0,0,1,1,1,False
17,96727,0,1,36144,3,0,0,7154236,0,0,698691,0,0,0,0,0,0,0,0,0,0,0,0,0,0,0,0,0,0,0,0,0,0,1,1,1,False
17,98073,0,1,36144,3,0,0,7154236,0,0,698691,0,0,0,0,0,0,0,0,0,0,0,0,0,0,0,0,0,0,0,0,0,0,1,1,1,False
17,99224,0,1,36144,3,0,0,7154236,0,0,698691,0,0,0,0,0,0,0,0,0,0,0,0,0,0,0,0,0,0,0,0,0,0,1,1,1,False
18,00435,0,1,36144,3,0,0,7154236,0,0,698691,0,0,0,0,0,0,0,0,0,0,0,0,0,0,0,0,0,0,0,0,0,0,1,1,1,False
18,01627,0,1,36144,3,0,0,7154236,0,0,698691,0,0,0,0,0,0,0,0,0,0,0,0,0,0,0,0,0,0,0,0,0,0,1,1,1,False
18,03119,0,1,36144,3,0,0,7154236,0,0,698691,0,0,0,0,0,0,0,0,0,0,0,0,0,0,0,0,0,0,0,0,0,0,1,1,1,False
18,04347,0,1,36144,3,0,0,7154236,0,0,698691,0,0,0,0,0,0,0,0,0,0,0,0,0,0,0,0,0,0,0,0,0,0,1,1,1,False
18,0552,0,1,36144,3,0,0,7154236,0,0,698691,0,0,0,0,0,0,0,0,0,0,0,0,0,0,0,0,0,0,0,0,0,0,1,1,1,False
18,06635,0,1,36144,3,0,0,7154236,0,0,698691,0,0,0,0,0,0,0,0,0,0,0,0,0,0,0,0,0,0,0,0,0,0,1,1,1,False
18,08226,0,1,36144,3,0,0,7154236,0,0,698691,0,0,0,0,0,0,0,0,0,0,0,0,0,0,0,0,0,0,0,0,0,0,1,1,1,False
18,09666,0,1,36144,3,0,0,7154236,0,0,698691,0,0,0,0,0,0,0,0,0,0,0,0,0,0,0,0,0,0,0,0,0,0,1,1,1,False
18,10838,0,1,36144,3,0,0,7154236,0,0,698691,0,0,0,0,0,0,0,0,0,0,0,0,0,0,0,0,0,0,0,0,0,0,1,1,1,False
18,12275,0,1,36144,3,0,0,7154236,0,0,698691,0,0,0,0,0,0,0,0,0,0,0,0,0,0,0,0,0,0,0,0,0,0,1,1,1,False
18,14251,0,1,36144,3,0,0,7154236,0,0,698691,0,0,0,0,0,0,0,0,0,0,0,0,0,0,0,0,0,0,0,0,0,0,1,1,1,False
18,15755,0,1,36144,3,0,0,7154236,0,0,698691,0,0,0,0,0,0,0,0,0,0,0,0,0,0,0,0,0,0,0,0,0,0,1,1,1,False
18,17527,0,1,36144,3,0,0,7154236,0,0,698691,0,0,0,0,0,0,0,0,0,0,0,0,0,0,0,0,0,0,0,0,0,0,1,1,1,False
18,19361,0,1,36144,3,0,0,7154236,0,0,698691,0,0,0,0,0,0,0,0,0,0,0,0,0,0,0,0,0,0,0,0,0,0,1,1,1,False
18,20933,0,1,36144,3,0,0,7154236,0,0,698691,0,0,0,0,0,0,0,0,0,0,0,0,0,0,0,0,0,0,0,0,0,0,1,1,1,False
18,22252,0,1,36144,3,0,0,7154236,0,0,698691,0,0,0,0,0,0,0,0,0,0,0,0,0,0,0,0,0,0,0,0,0,0,1,1,1,False
18,23716,0,1,36144,3,0,0,7154236,0,0,698691,0,0,0,0,0,0,0,0,0,0,0,0,0,0,0,0,0,0,0,0,0,0,1,1,1,False
18,25456,0,1,36144,3,0,0,7154236,0,0,698691,0,0,0,0,0,0,0,0,0,0,0,0,0,0,0,0,0,0,0,0,0,0,1,1,1,False
18,27295,0,1,36144,3,0,0,7154236,0,0,698691,0,0,0,0,0,0,0,0,0,0,0,0,0,0,0,0,0,0,0,0,0,0,1,1,1,False
18,29582,0,1,36144,3,0,0,7154236,0,0,698691,0,0,0,0,0,0,0,0,0,0,0,0,0,0,0,0,0,0,0,0,0,0,1,1,1,False
18,31044,0,1,36144,3,0,0,7154236,0,0,698691,0,0,0,0,0,0,0,0,0,0,0,0,0,0,0,0,0,0,0,0,0,0,1,1,1,False
18,33564,0,1,36144,3,0,0,7154236,0,0,698691,0,0,0,0,0,0,0,0,0,0,0,0,0,0,0,0,0,0,0,0,0,0,1,1,1,False
18,35141,0,1,36144,3,0,0,7154236,0,0,698691,0,0,0,0,0,0,0,0,0,0,0,0,0,0,0,0,0,0,0,0,0,0,1,1,1,False
18,36621,0,1,36144,3,0,0,7154236,0,0,698691,0,0,0,0,0,0,0,0,0,0,0,0,0,0,0,0,0,0,0,0,0,0,1,1,1,False
18,38036,0,1,36144,3,0,0,7154236,0,0,698691,0,0,0,0,0,0,0,0,0,0,0,0,0,0,0,0,0,0,0,0,0,0,1,1,1,False
18,39414,0,1,36144,3,0,0,7154236,0,0,698691,0,0,0,0,0,0,0,0,0,0,0,0,0,0,0,0,0,0,0,0,0,0,1,1,1,False
18,40779,0,1,36144,3,0,0,7154236,0,0,698691,0,0,0,0,0,0,0,0,0,0,0,0,0,0,0,0,0,0,0,0,0,0,1,1,1,False
18,42096,0,1,36144,3,0,0,7154236,0,0,698691,0,0,0,0,0,0,0,0,0,0,0,0,0,0,0,0,0,0,0,0,0,0,1,1,1,False
18,43748,0,1,36144,3,0,0,7154236,0,0,698691,0,0,0,0,0,0,0,0,0,0,0,0,0,0,0,0,0,0,0,0,0,0,1,1,1,False
18,45322,0,1,36144,3,0,0,7154236,0,0,698691,0,0,0,0,0,0,0,0,0,0,0,0,0,0,0,0,0,0,0,0,0,0,1,1,1,False
18,46917,0,1,36144,3,0,0,7154236,0,0,698691,0,0,0,0,0,0,0,0,0,0,0,0,0,0,0,0,0,0,0,0,0,0,1,1,1,False
18,4844,0,1,36144,3,0,0,7154236,0,0,698691,0,0,0,0,0,0,0,0,0,0,0,0,0,0,0,0,0,0,0,0,0,0,1,1,1,False
18,49633,0,1,36144,3,0,0,7154236,0,0,698691,0,0,0,0,0,0,0,0,0,0,0,0,0,0,0,0,0,0,0,0,0,0,1,1,1,False
18,50953,0,1,36144,3,0,0,7154236,0,0,698691,0,0,0,0,0,0,0,0,0,0,0,0,0,0,0,0,0,0,0,0,0,0,1,1,1,False
18,52433,0,1,36144,3,0,0,7154236,0,0,698691,0,0,0,0,0,0,0,0,0,0,0,0,0,0,0,0,0,0,0,0,0,0,1,1,1,False
18,54021,0,1,36144,3,0,0,7154236,0,0,698691,0,0,0,0,0,0,0,0,0,0,0,0,0,0,0,0,0,0,0,0,0,0,1,1,1,False
18,55308,0,1,36144,3,0,0,7154236,0,0,698691,0,0,0,0,0,0,0,0,0,0,0,0,0,0,0,0,0,0,0,0,0,0,1,1,1,False
18,56535,0,1,36144,3,0,0,7154236,0,0,698691,0,0,0,0,0,0,0,0,0,0,0,0,0,0,0,0,0,0,0,0,0,0,1,1,1,False
18,57677,0,1,36144,3,0,0,7154236,0,0,698691,0,0,0,0,0,0,0,0,0,0,0,0,0,0,0,0,0,0,0,0,0,0,1,1,1,False
18,58874,0,1,36144,3,0,0,7154236,0,0,698691,0,0,0,0,0,0,0,0,0,0,0,0,0,0,0,0,0,0,0,0,0,0,1,1,1,False
18,59934,0,1,36144,3,0,0,7154236,0,0,698691,0,0,0,0,0,0,0,0,0,0,0,0,0,0,0,0,0,0,0,0,0,0,1,1,1,False
18,61139,0,1,36144,3,0,0,7154236,0,0,698691,0,0,0,0,0,0,0,0,0,0,0,0,0,0,0,0,0,0,0,0,0,0,1,1,1,False
18,62599,0,1,36144,3,0,0,7154236,0,0,698691,0,0,0,0,0,0,0,0,0,0,0,0,0,0,0,0,0,0,0,0,0,0,1,1,1,False
18,6413,0,1,36144,3,0,0,7154236,0,0,698691,0,0,0,0,0,0,0,0,0,0,0,0,0,0,0,0,0,0,0,0,0,0,1,1,1,False
18,65233,0,1,36144,3,0,0,7154236,0,0,698691,0,0,0,0,0,0,0,0,0,0,0,0,0,0,0,0,0,0,0,0,0,0,1,1,1,False
18,66466,0,1,36144,3,0,0,7154236,0,0,698691,0,0,0,0,0,0,0,0,0,0,0,0,0,0,0,0,0,0,0,0,0,0,1,1,1,False
18,67614,0,1,36144,3,0,0,7154236,0,0,698691,0,0,0,0,0,0,0,0,0,0,0,0,0,0,0,0,0,0,0,0,0,0,1,1,1,False
18,69052,0,1,36144,3,0,0,7154236,0,0,698691,0,0,0,0,0,0,0,0,0,0,0,0,0,0,0,0,0,0,0,0,0,0,1,1,1,False
18,70325,0,1,36144,3,0,0,7154236,0,0,698691,0,0,0,0,0,0,0,0,0,0,0,0,0,0,0,0,0,0,0,0,0,0,1,1,1,False
18,71624,0,1,36144,3,0,0,7154236,0,0,698691,0,0,0,0,0,0,0,0,0,0,0,0,0,0,0,0,0,0,0,0,0,0,1,1,1,False
18,72844,0,1,36144,3,0,0,7154236,0,0,698691,0,0,0,0,0,0,0,0,0,0,0,0,0,0,0,0,0,0,0,0,0,0,1,1,1,False
18,74228,0,1,36144,3,0,0,7154236,0,0,698691,0,0,0,0,0,0,0,0,0,0,0,0,0,0,0,0,0,0,0,0,0,0,1,1,1,False
18,75634,0,1,36144,3,0,0,7154236,0,0,698691,0,0,0,0,0,0,0,0,0,0,0,0,0,0,0,0,0,0,0,0,0,0,1,1,1,False
18,77555,0,1,36144,3,0,0,7154236,0,0,698691,0,0,0,0,0,0,0,0,0,0,0,0,0,0,0,0,0,0,0,0,0,0,1,1,1,False
18,78768,0,1,36144,3,0,0,7154236,0,0,698691,0,0,0,0,0,0,0,0,0,0,0,0,0,0,0,0,0,0,0,0,0,0,1,1,1,False
18,79952,0,1,36144,3,0,0,7154236,0,0,698691,0,0,0,0,0,0,0,0,0,0,0,0,0,0,0,0,0,0,0,0,0,0,1,1,1,False
18,81331,0,1,36144,3,0,0,7154236,0,0,698691,0,0,0,0,0,0,0,0,0,0,0,0,0,0,0,0,0,0,0,0,0,0,1,1,1,False
18,82765,0,1,36144,3,0,0,7154236,0,0,698691,0,0,0,0,0,0,0,0,0,0,0,0,0,0,0,0,0,0,0,0,0,0,1,1,1,False
18,84038,0,1,36144,3,0,0,7154236,0,0,698691,0,0,0,0,0,0,0,0,0,0,0,0,0,0,0,0,0,0,0,0,0,0,1,1,1,False
18,85258,0,1,36144,3,0,0,7154236,0,0,698691,0,0,0,0,0,0,0,0,0,0,0,0,0,0,0,0,0,0,0,0,0,0,1,1,1,False
18,86612,0,1,36144,3,0,0,7154236,0,0,698691,0,0,0,0,0,0,0,0,0,0,0,0,0,0,0,0,0,0,0,0,0,0,1,1,1,False
18,87847,0,1,36144,3,0,0,7154236,0,0,698691,0,0,0,0,0,0,0,0,0,0,0,0,0,0,0,0,0,0,0,0,0,0,1,1,1,False
18,88995,0,1,36144,3,0,0,7154236,0,0,698691,0,0,0,0,0,0,0,0,0,0,0,0,0,0,0,0,0,0,0,0,0,0,1,1,1,False
18,9021,0,1,36144,3,0,0,7154236,0,0,698691,0,0,0,0,0,0,0,0,0,0,0,0,0,0,0,0,0,0,0,0,0,0,1,1,1,False
18,91432,0,1,36144,3,0,0,7154236,0,0,698691,0,0,0,0,0,0,0,0,0,0,0,0,0,0,0,0,0,0,0,0,0,0,1,1,1,False
18,92803,0,1,36144,3,0,0,7154236,0,0,698691,0,0,0,0,0,0,0,0,0,0,0,0,0,0,0,0,0,0,0,0,0,0,1,1,1,False
18,94126,0,1,36144,3,0,0,7154236,0,0,698691,0,0,0,0,0,0,0,0,0,0,0,0,0,0,0,0,0,0,0,0,0,0,1,1,1,False
18,9545,0,1,36144,3,0,0,7154236,0,0,698691,0,0,0,0,0,0,0,0,0,0,0,0,0,0,0,0,0,0,0,0,0,0,1,1,1,False
18,96782,0,1,36144,3,0,0,7154236,0,0,698691,0,0,0,0,0,0,0,0,0,0,0,0,0,0,0,0,0,0,0,0,0,0,1,1,1,False
18,98049,0,1,36144,3,0,0,7154236,0,0,698691,0,0,0,0,0,0,0,0,0,0,0,0,0,0,0,0,0,0,0,0,0,0,1,1,1,False
18,99602,0,1,36144,3,0,0,7154236,0,0,698691,0,0,0,0,0,0,0,0,0,0,0,0,0,0,0,0,0,0,0,0,0,0,1,1,1,False
19,00812,0,1,36144,3,0,0,7154236,0,0,698691,0,0,0,0,0,0,0,0,0,0,0,0,0,0,0,0,0,0,0,0,0,0,1,1,1,False
19,01904,0,1,36144,3,0,0,7154236,0,0,698691,0,0,0,0,0,0,0,0,0,0,0,0,0,0,0,0,0,0,0,0,0,0,1,1,1,False
19,03126,0,1,36144,3,0,0,7154236,0,0,698691,0,0,0,0,0,0,0,0,0,0,0,0,0,0,0,0,0,0,0,0,0,0,1,1,1,False
19,04288,0,1,36144,3,0,0,7154236,0,0,698691,0,0,0,0,0,0,0,0,0,0,0,0,0,0,0,0,0,0,0,0,0,0,1,1,1,False
19,05479,0,1,36144,3,0,0,7154236,0,0,698691,0,0,0,0,0,0,0,0,0,0,0,0,0,0,0,0,0,0,0,0,0,0,1,1,1,False
19,06732,0,1,36144,3,0,0,7154236,0,0,698691,0,0,0,0,0,0,0,0,0,0,0,0,0,0,0,0,0,0,0,0,0,0,1,1,1,False
19,07984,0,1,36144,3,0,0,7154236,0,0,698691,0,0,0,0,0,0,0,0,0,0,0,0,0,0,0,0,0,0,0,0,0,0,1,1,1,False
19,09257,0,1,36144,3,0,0,7154236,0,0,698691,0,0,0,0,0,0,0,0,0,0,0,0,0,0,0,0,0,0,0,0,0,0,1,1,1,False
19,10518,0,1,36144,3,0,0,7154236,0,0,698691,0,0,0,0,0,0,0,0,0,0,0,0,0,0,0,0,0,0,0,0,0,0,1,1,1,False
19,12392,0,1,36144,3,0,0,7154236,0,0,698691,0,0,0,0,0,0,0,0,0,0,0,0,0,0,0,0,0,0,0,0,0,0,1,1,1,False
19,13656,0,1,36144,3,0,0,7154236,0,0,698691,0,0,0,0,0,0,0,0,0,0,0,0,0,0,0,0,0,0,0,0,0,0,1,1,1,False
19,14848,0,1,36144,3,0,0,7154236,0,0,698691,0,0,0,0,0,0,0,0,0,0,0,0,0,0,0,0,0,0,0,0,0,0,1,1,1,False
19,16104,0,1,36144,3,0,0,7154236,0,0,698691,0,0,0,0,0,0,0,0,0,0,0,0,0,0,0,0,0,0,0,0,0,0,1,1,1,False
19,17432,0,1,36144,3,0,0,7154236,0,0,698691,0,0,0,0,0,0,0,0,0,0,0,0,0,0,0,0,0,0,0,0,0,0,1,1,1,False
19,19238,0,1,36144,3,0,0,7154236,0,0,698691,0,0,0,0,0,0,0,0,0,0,0,0,0,0,0,0,0,0,0,0,0,0,1,1,1,False
19,2103,0,1,36144,3,0,0,7154236,0,0,698691,0,0,0,0,0,0,0,0,0,0,0,0,0,0,0,0,0,0,0,0,0,0,1,1,1,False
19,22933,0,1,36144,3,0,0,7154236,0,0,698691,0,0,0,0,0,0,0,0,0,0,0,0,0,0,0,0,0,0,0,0,0,0,1,1,1,False
19,24169,0,1,36144,3,0,0,7154236,0,0,698691,0,0,0,0,0,0,0,0,0,0,0,0,0,0,0,0,0,0,0,0,0,0,1,1,1,False
19,25422,0,1,36144,3,0,0,7154236,0,0,698691,0,0,0,0,0,0,0,0,0,0,0,0,0,0,0,0,0,0,0,0,0,0,1,1,1,False
19,26746,0,1,36144,3,0,0,7154236,0,0,698691,0,0,0,0,0,0,0,0,0,0,0,0,0,0,0,0,0,0,0,0,0,0,1,1,1,False
19,27896,0,1,36144,3,0,0,7154236,0,0,698691,0,0,0,0,0,0,0,0,0,0,0,0,0,0,0,0,0,0,0,0,0,0,1,1,1,False
19,29132,0,1,36144,3,0,0,7154236,0,0,698691,0,0,0,0,0,0,0,0,0,0,0,0,0,0,0,0,0,0,0,0,0,0,1,1,1,False
19,30377,0,1,36144,3,0,0,7154236,0,0,698691,0,0,0,0,0,0,0,0,0,0,0,0,0,0,0,0,0,0,0,0,0,0,1,1,1,False
19,31609,0,1,36144,3,0,0,7154236,0,0,698691,0,0,0,0,0,0,0,0,0,0,0,0,0,0,0,0,0,0,0,0,0,0,1,1,1,False
19,32843,0,1,36144,3,0,0,7154236,0,0,698691,0,0,0,0,0,0,0,0,0,0,0,0,0,0,0,0,0,0,0,0,0,0,1,1,1,False
19,34116,0,1,36144,3,0,0,7154236,0,0,698691,0,0,0,0,0,0,0,0,0,0,0,0,0,0,0,0,0,0,0,0,0,0,1,1,1,False
19,35345,0,1,36144,3,0,0,7154236,0,0,698691,0,0,0,0,0,0,0,0,0,0,0,0,0,0,0,0,0,0,0,0,0,0,1,1,1,False
19,36599,0,1,36144,3,0,0,7154236,0,0,698691,0,0,0,0,0,0,0,0,0,0,0,0,0,0,0,0,0,0,0,0,0,0,1,1,1,False
19,37835,0,1,36144,3,0,0,7154236,0,0,698691,0,0,0,0,0,0,0,0,0,0,0,0,0,0,0,0,0,0,0,0,0,0,1,1,1,False
19,39175,0,1,36144,3,0,0,7154236,0,0,698691,0,0,0,0,0,0,0,0,0,0,0,0,0,0,0,0,0,0,0,0,0,0,1,1,1,False
19,40322,0,1,36144,3,0,0,7154236,0,0,698691,0,0,0,0,0,0,0,0,0,0,0,0,0,0,0,0,0,0,0,0,0,0,1,1,1,False
19,41655,0,1,36144,3,0,0,7154236,0,0,698691,0,0,0,0,0,0,0,0,0,0,0,0,0,0,0,0,0,0,0,0,0,0,1,1,1,False
19,43558,0,1,36144,3,0,0,7154236,0,0,698691,0,0,0,0,0,0,0,0,0,0,0,0,0,0,0,0,0,0,0,0,0,0,1,1,1,False
19,4472,0,1,36144,3,0,0,7154236,0,0,698691,0,0,0,0,0,0,0,0,0,0,0,0,0,0,0,0,0,0,0,0,0,0,1,1,1,False
19,46063,0,1,36144,3,0,0,7154236,0,0,698691,0,0,0,0,0,0,0,0,0,0,0,0,0,0,0,0,0,0,0,0,0,0,1,1,1,False
19,47218,0,1,36144,3,0,0,7154236,0,0,698691,0,0,0,0,0,0,0,0,0,0,0,0,0,0,0,0,0,0,0,0,0,0,1,1,1,False
19,48475,0,1,36144,3,0,0,7154236,0,0,698691,0,0,0,0,0,0,0,0,0,0,0,0,0,0,0,0,0,0,0,0,0,0,1,1,1,False
19,4977,0,1,36144,3,0,0,7154236,0,0,698691,0,0,0,0,0,0,0,0,0,0,0,0,0,0,0,0,0,0,0,0,0,0,1,1,1,False
19,50934,0,1,36144,3,0,0,7154236,0,0,698691,0,0,0,0,0,0,0,0,0,0,0,0,0,0,0,0,0,0,0,0,0,0,1,1,1,False
19,52172,0,1,36144,3,0,0,7154236,0,0,698691,0,0,0,0,0,0,0,0,0,0,0,0,0,0,0,0,0,0,0,0,0,0,1,1,1,False
19,53462,0,1,36144,3,0,0,7154236,0,0,698691,0,0,0,0,0,0,0,0,0,0,0,0,0,0,0,0,0,0,0,0,0,0,1,1,1,False
19,54705,0,1,36144,3,0,0,7154236,0,0,698691,0,0,0,0,0,0,0,0,0,0,0,0,0,0,0,0,0,0,0,0,0,0,1,1,1,False
19,55717,0,1,36144,3,0,0,7154236,0,0,698691,0,0,0,0,0,0,0,0,0,0,0,0,0,0,0,0,0,0,0,0,0,0,1,1,1,False
19,57205,0,1,36144,3,0,0,7154236,0,0,698691,0,0,0,0,0,0,0,0,0,0,0,0,0,0,0,0,0,0,0,0,0,0,1,1,1,False
19,58564,0,1,36144,3,0,0,7154236,0,0,698691,0,0,0,0,0,0,0,0,0,0,0,0,0,0,0,0,0,0,0,0,0,0,1,1,1,False
19,59653,0,1,36144,3,0,0,7154236,0,0,698691,0,0,0,0,0,0,0,0,0,0,0,0,0,0,0,0,0,0,0,0,0,0,1,1,1,False
19,60984,0,1,36144,3,0,0,7154236,0,0,698691,0,0,0,0,0,0,0,0,0,0,0,0,0,0,0,0,0,0,0,0,0,0,1,1,1,False
19,6219,0,1,36144,3,0,0,7154236,0,0,698691,0,0,0,0,0,0,0,0,0,0,0,0,0,0,0,0,0,0,0,0,0,0,1,1,1,False
19,63445,0,1,36144,3,0,0,7154236,0,0,698691,0,0,0,0,0,0,0,0,0,0,0,0,0,0,0,0,0,0,0,0,0,0,1,1,1,False
19,64699,0,1,36144,3,0,0,7154236,0,0,698691,0,0,0,0,0,0,0,0,0,0,0,0,0,0,0,0,0,0,0,0,0,0,1,1,1,False
19,65987,0,1,36144,3,0,0,7154236,0,0,698691,0,0,0,0,0,0,0,0,0,0,0,0,0,0,0,0,0,0,0,0,0,0,1,1,1,False
19,69804,0,1,36144,3,0,0,7154236,0,0,698691,0,0,0,0,0,0,0,0,0,0,0,0,0,0,0,0,0,0,0,0,0,0,1,1,1,False
19,71032,0,1,36144,3,0,0,7154236,0,0,698691,0,0,0,0,0,0,0,0,0,0,0,0,0,0,0,0,0,0,0,0,0,0,1,1,1,False
19,7215,0,1,36144,3,0,0,7154236,0,0,698691,0,0,0,0,0,0,0,0,0,0,0,0,0,0,0,0,0,0,0,0,0,0,1,1,1,False
19,7346,0,1,36144,3,0,0,7154236,0,0,698691,0,0,0,0,0,0,0,0,0,0,0,0,0,0,0,0,0,0,0,0,0,0,1,1,1,False
19,75274,0,1,36144,3,0,0,7154236,0,0,698691,0,0,0,0,0,0,0,0,0,0,0,0,0,0,0,0,0,0,0,0,0,0,1,1,1,False
19,76513,0,1,36144,3,0,0,7154236,0,0,698691,0,0,0,0,0,0,0,0,0,0,0,0,0,0,0,0,0,0,0,0,0,0,1,1,1,False
19,84353,0,1,36144,3,0,0,7154236,0,0,698691,0,0,0,0,0,0,0,0,0,0,0,0,0,0,0,0,0,0,0,0,0,0,1,1,1,False

