Time,HMD_Position_x,HMD_Position_y,HMD_Position_z,HMD_Rotation_x,HMD_Rotation_y,HMD_Rotation_z,HMD_Rotation_w,Left_Position_x,Left_Position_y,Left_Position_z,Right_Position_x,Right_Position_y,Right_Position_z,Left_Gaze_Origin.x,Left_Gaze_Origin.y,Left_Gaze_Origin.z,Right_Gaze_Origin.x,Right_Gaze_Origin.y,Right_Gaze_Origin.z,Left_Gaze_Direction_x,Left_Gaze_Direction_y,Left_Gaze_Direction_z,Right_Gaze_Direction_x,Right_Gaze_Direction_y,Right_Gaze_Direction_z,Left_Pupil_Diameter,Right_Pupil_Diameter,Left_Openness,Right_Openness,ArtificialBlink_Flag,RBlinkCount,LBlinkCount,BrowerFlag
0,01999999,-14,51907,4,096018,-2,645571,-0,002654806,0,9902614,-0,001197969,-0,1391898,0,0,0,0,0,0,0,0,0,0,0,0,0,0,0,0,0,0,0,0,0,0,1,1,1,False
0,03999998,-14,51705,3,728177,-2,644983,-0,002654806,0,9902614,-0,001197969,-0,1391898,0,0,0,0,0,0,0,0,0,0,0,0,0,0,0,0,0,0,0,0,0,0,1,1,1,False
0,3061499,-14,56555,3,772432,0,6497416,-0,08678719,0,9837136,-0,1293659,-0,08966586,0,0,0,0,0,0,0,0,0,0,0,0,0,0,0,0,0,0,0,0,0,0,1,1,1,False
0,3686412,-14,56492,3,545209,0,6436479,-0,06844766,0,9842925,-0,1313506,-0,09607385,0,0,0,0,0,0,0,0,0,0,0,0,0,0,0,0,0,0,0,0,0,0,1,1,1,False
0,4914465,-14,55733,3,405791,0,6401391,-0,07488982,0,9843494,-0,1325223,-0,08880076,0,0,0,0,0,0,0,0,0,0,0,0,0,0,0,0,0,0,0,0,0,0,1,1,1,False
0,5406808,-14,55713,3,404272,0,6399205,-0,07151989,0,9836443,-0,1364856,-0,09327598,0,0,0,0,0,0,0,0,0,0,0,0,0,0,0,0,0,0,0,0,0,0,1,1,1,False
0,7254128,-14,54977,3,410556,0,6374984,-0,02687789,0,9918885,-0,09492633,-0,08014941,0,0,0,0,0,0,0,0,0,0,0,0,0,0,0,0,0,0,0,0,0,0,1,1,1,False
0,805097,-14,54636,3,40933,0,6439962,-0,03857727,0,9882846,-0,121085,-0,08452018,0,0,0,0,0,0,0,0,0,0,0,0,0,0,0,0,0,0,0,0,0,0,1,1,1,False
0,8492645,-14,54636,3,40933,0,6439962,-0,03857727,0,9882846,-0,121085,-0,08452018,0,0,0,0,0,0,0,0,0,0,0,0,0,0,0,0,0,0,0,0,0,0,1,1,1,False
0,8834643,-14,54666,3,407165,0,6475432,-0,03068306,0,9859799,-0,135066,-0,09305581,0,0,0,0,0,0,0,0,0,0,0,0,0,0,0,0,0,0,0,0,0,0,1,1,1,False
0,9194922,-14,54717,3,40652,0,6493764,-0,03543619,0,9839355,-0,1435211,-0,1000853,0,0,0,0,0,0,0,0,0,0,0,0,0,0,0,0,0,0,0,0,0,0,1,1,1,False
0,9605452,-14,5465,3,407308,0,6497555,-0,03901409,0,985148,-0,1370734,-0,09577231,0,0,0,0,0,0,0,0,0,0,0,0,0,0,0,0,0,0,0,0,0,0,1,1,1,False
1,009551,-14,54487,3,407545,0,6499515,-0,04222758,0,9850442,-0,1389261,-0,09275894,0,0,0,0,0,0,0,0,0,0,0,0,0,0,0,0,0,0,0,0,0,0,1,1,1,False
1,06632,-14,5432,3,408665,0,6496201,-0,04527168,0,9863581,-0,1337553,-0,08460303,0,0,0,0,0,0,0,0,0,0,0,0,0,0,0,0,0,0,0,0,0,0,1,1,1,False
1,126552,-14,54392,3,407844,0,6489878,-0,04231045,0,9850968,-0,1410861,-0,0888202,0,0,0,0,0,0,0,0,0,0,0,0,0,0,0,0,0,0,0,0,0,0,1,1,1,False
1,186903,-14,54134,3,407056,0,6475856,-0,05317686,0,9856943,-0,1393514,-0,0784867,0,0,0,0,0,0,0,0,0,0,0,0,0,0,0,0,0,0,0,0,0,0,1,1,1,False
1,247645,-14,54049,3,406263,0,64589,-0,04807695,0,9856027,-0,1439213,-0,07458235,0,0,0,0,0,0,0,0,0,0,0,0,0,0,0,0,0,0,0,0,0,0,1,1,1,False
1,309104,-14,53816,3,40406,0,6440046,-0,05103999,0,9848514,-0,1512362,-0,0677525,0,0,0,0,0,0,0,0,0,0,0,0,0,0,0,0,0,0,0,0,0,0,1,1,1,False
1,370737,-14,53524,3,403177,0,6412461,-0,04704702,0,9852986,-0,1523283,-0,06139497,0,0,0,0,0,0,0,0,0,0,0,0,0,0,0,0,0,0,0,0,0,0,1,1,1,False
1,431717,-14,53007,3,403759,0,6379817,-0,03935843,0,9869435,-0,1490019,-0,04681704,0,0,0,0,0,0,0,0,0,0,0,0,0,0,0,0,0,0,0,0,0,0,1,1,1,False
1,493045,-14,52281,3,403645,0,6348336,-0,03667177,0,9868915,-0,1516625,-0,0412165,0,0,0,0,0,0,0,0,0,0,0,0,0,0,0,0,0,0,0,0,0,0,1,1,1,False
1,554224,-14,51511,3,40315,0,6308355,-0,03551727,0,9869013,-0,1524752,-0,03893171,0,0,0,0,0,0,0,0,0,0,0,0,0,0,0,0,0,0,0,0,0,0,1,1,1,False
1,616638,-14,50838,3,401829,0,6269257,-0,02866117,0,9868967,-0,1548789,-0,03501353,0,0,0,0,0,0,0,0,0,0,0,0,0,0,0,0,0,0,0,0,0,0,1,1,1,False
1,676669,-14,50291,3,399332,0,6230049,-0,02469054,0,9856218,-0,1648429,-0,02769164,0,0,0,0,0,0,0,0,0,0,0,0,0,0,0,0,0,0,0,0,0,0,1,1,1,False
1,738089,-14,50033,3,397744,0,6189103,-0,028297,0,9844505,-0,1721696,-0,02035226,0,0,0,0,0,0,0,0,0,0,0,0,0,0,0,0,0,0,0,0,0,0,1,1,1,False
1,799685,-14,50147,3,395515,0,6163874,-0,03173327,0,9833403,-0,1780674,-0,01808181,0,0,0,0,0,0,0,0,0,0,0,0,0,0,0,0,0,0,0,0,0,0,1,1,1,False
1,862218,-14,50438,3,394052,0,614346,-0,0328485,0,9832373,-0,1790081,-0,01102244,0,0,0,0,0,0,0,0,0,0,0,0,0,0,0,0,0,0,0,0,0,0,1,1,1,False
1,925239,-14,5089,3,392986,0,6133494,-0,03341379,0,9823847,-0,1835008,-0,01145491,0,0,0,0,0,0,0,0,0,0,0,0,0,0,0,0,0,0,0,0,0,0,1,1,1,False
1,989957,-14,51211,3,392246,0,6126561,-0,03974409,0,981621,-0,1862021,-0,01301831,0,0,0,0,0,0,0,0,0,0,0,0,0,0,0,0,0,0,0,0,0,0,1,1,1,False
2,048852,-14,51325,3,391094,0,6117146,-0,04142517,0,9808151,-0,1902511,-0,009494752,0,0,0,0,0,0,0,0,0,0,0,0,0,0,0,0,0,0,0,0,0,0,1,1,1,False
2,09795,-14,51226,3,390007,0,6100326,-0,04302927,0,980226,-0,1930144,-0,007133305,0,0,0,0,0,0,0,0,0,0,0,0,0,0,0,0,0,0,0,0,0,0,1,1,1,False
2,149384,-14,50951,3,388647,0,6084933,-0,04212382,0,9798557,-0,1952097,-0,001235828,0,0,0,0,0,0,0,0,0,0,0,0,0,0,0,0,0,0,0,0,0,0,1,1,1,False
2,203811,-14,50203,3,387089,0,6073458,-0,04317044,0,9791184,-0,1973551,0,02268109,0,0,0,0,0,0,0,0,0,0,0,0,0,0,0,0,0,0,0,0,0,0,1,1,1,False
2,248533,-14,48911,3,386857,0,6060755,-0,04883264,0,9771779,-0,1981948,0,0588021,0,0,0,0,0,0,0,0,0,0,0,0,0,0,0,0,0,0,0,0,0,0,1,1,1,False
2,297109,-14,47469,3,386919,0,6045313,-0,0519986,0,9737868,-0,1994277,0,09625019,0,0,0,0,0,0,0,0,0,0,0,0,0,0,0,0,0,0,0,0,0,0,1,1,1,False
2,347312,-14,45999,3,385879,0,6039567,-0,05050357,0,9689236,-0,2012866,0,1346111,0,0,0,0,0,0,0,0,0,0,0,0,0,0,0,0,0,0,0,0,0,0,1,1,1,False
2,398249,-14,4479,3,3837,0,604624,-0,04639042,0,96345,-0,2061052,0,1647206,0,0,0,0,0,0,0,0,0,0,0,0,0,0,0,0,0,0,0,0,0,0,1,1,1,False
2,450974,-14,43656,3,38135,0,6048181,-0,03949687,0,958675,-0,2112488,0,18643,0,0,0,0,0,0,0,0,0,0,0,0,0,0,0,0,0,0,0,0,0,0,1,1,1,False
2,503756,-14,42863,3,37903,0,6037285,-0,03019689,0,9564404,-0,2121802,0,1982156,0,0,0,0,0,0,0,0,0,0,0,0,0,0,0,0,0,0,0,0,0,0,1,1,1,False
2,554378,-14,42383,3,377056,0,6034462,-0,01652154,0,9550816,-0,216024,0,2021874,0,0,0,0,0,0,0,0,0,0,0,0,0,0,0,0,0,0,0,0,0,0,1,1,1,False
2,607774,-14,42076,3,376663,0,6021187,-0,007583781,0,9559192,-0,2181669,0,1963775,0,0,0,0,0,0,0,0,0,0,0,0,0,0,0,0,0,0,0,0,0,0,1,1,1,False
2,660671,-14,41885,3,376859,0,601393,-0,0003788916,0,9575943,-0,2181721,0,1881857,0,0,0,0,0,0,0,0,0,0,0,0,0,0,0,0,0,0,0,0,0,0,1,1,1,False
2,713136,-14,417,3,376299,0,600878,0,005483993,0,9586284,-0,2199028,0,1806773,0,0,0,0,0,0,0,0,0,0,0,0,0,0,0,0,0,0,0,0,0,0,1,1,1,False
2,76702,-14,41483,3,375437,0,6005318,0,01069661,0,9593014,-0,220535,0,1760416,0,0,0,0,0,0,0,0,0,0,0,0,0,0,0,0,0,0,0,0,0,0,1,1,1,False
2,820023,-14,41236,3,374845,0,5994604,0,01353074,0,9594297,-0,222604,0,1725082,0,0,0,0,0,0,0,0,0,0,0,0,0,0,0,0,0,0,0,0,0,0,1,1,1,False
2,882202,-14,40962,3,373213,0,597729,0,01970847,0,9585385,-0,2262476,0,1721268,0,0,0,0,0,0,0,0,0,0,0,0,0,0,0,0,0,0,0,0,0,0,1,1,1,False
2,955171,-14,40742,3,371791,0,5950069,0,02133342,0,9579681,-0,2310685,0,1686692,0,0,0,0,0,0,0,0,0,0,0,0,0,0,0,0,0,0,0,0,0,0,1,1,1,False
3,02974,-14,4057,3,369066,0,5925303,0,02440531,0,9566041,-0,2364611,0,1685209,0,0,0,0,0,0,0,0,0,0,0,0,0,0,0,0,0,0,0,0,0,0,1,1,1,False
3,105284,-14,40489,3,366908,0,5903225,0,02517108,0,955711,-0,2406915,0,1674833,0,0,0,0,0,0,0,0,0,0,0,0,0,0,0,0,0,0,0,0,0,0,1,1,1,False
3,180213,-14,40545,3,365791,0,5883183,0,02657871,0,9552718,-0,2439132,0,1650932,0,0,0,0,0,0,0,0,0,0,0,0,0,0,0,0,0,0,0,0,0,0,1,1,1,False
3,254949,-14,4074,3,365096,0,5876286,0,02539763,0,9553253,-0,2478158,0,1590467,0,0,0,0,0,0,0,0,0,0,0,0,0,0,0,0,0,0,0,0,0,0,1,1,1,False
3,330133,-14,41006,3,364844,0,5869665,0,02129518,0,9560624,-0,2482174,0,1545294,0,0,0,0,0,0,0,0,0,0,0,0,0,0,0,0,0,0,0,0,0,0,1,1,1,False
3,40526,-14,413,3,365009,0,5870035,0,01931026,0,9571212,-0,2474335,0,1494082,0,0,0,0,0,0,0,0,0,0,0,0,0,0,0,0,0,0,0,0,0,0,1,1,1,False
3,477247,-14,4153,3,365616,0,5874474,0,01697523,0,95841,-0,2450361,0,145326,0,0,0,0,0,0,0,0,0,0,0,0,0,0,0,0,0,0,0,0,0,0,1,1,1,False
3,535626,-14,41673,3,366425,0,58776,0,01660246,0,9592245,-0,2431777,0,1430991,0,0,0,0,0,0,0,0,0,0,0,0,0,0,0,0,0,0,0,0,0,0,1,1,1,False
3,592656,-14,41796,3,367271,0,5877242,0,01742048,0,9597824,-0,2423523,0,14064,0,0,0,0,0,0,0,0,0,0,0,0,0,0,0,0,0,0,0,0,0,0,1,1,1,False
3,656513,-14,41908,3,367928,0,5875237,0,01710018,0,9598824,-0,2424327,0,1398565,0,0,0,0,0,0,0,0,0,0,0,0,0,0,0,0,0,0,0,0,0,0,1,1,1,False
3,71709,-14,42051,3,368301,0,5866845,0,01579467,0,9604304,-0,241932,0,1370864,0,0,0,0,0,0,0,0,0,0,0,0,0,0,0,0,0,0,0,0,0,0,1,1,1,False
3,768289,-14,42172,3,368265,0,5866528,0,01331601,0,9606724,-0,2426544,0,1343508,0,0,0,0,0,0,0,0,0,0,0,0,0,0,0,0,0,0,0,0,0,0,1,1,1,False
3,814175,-14,42263,3,367828,0,5863967,0,01149887,0,9610848,-0,2420781,0,1325971,0,0,0,0,0,0,0,0,0,0,0,0,0,0,0,0,0,0,0,0,0,0,1,1,1,False
3,861461,-14,42312,3,367421,0,5865731,0,0103035,0,9612378,-0,242137,0,1314738,0,0,0,0,0,0,0,0,0,0,0,0,0,0,0,0,0,0,0,0,0,0,1,1,1,False
3,922842,-14,42309,3,367197,0,5870092,0,01136034,0,960919,-0,2427842,0,1325197,0,0,0,0,0,0,0,0,0,0,0,0,0,0,0,0,0,0,0,0,0,0,1,1,1,False
3,984294,-14,4229,3,368104,0,5869429,0,01075219,0,961248,-0,241713,0,132142,0,0,0,0,0,0,0,0,0,0,0,0,0,0,0,0,0,0,0,0,0,0,1,1,1,False
4,048462,-14,42271,3,369083,0,5867739,0,01045971,0,9617383,-0,2402428,0,1312762,0,0,0,0,0,0,0,0,0,0,0,0,0,0,0,0,0,0,0,0,0,0,1,1,1,False
4,110737,-14,42253,3,369778,0,586844,0,01018531,0,9622672,-0,2381027,0,1313213,0,0,0,0,0,0,0,0,0,0,0,0,0,0,0,0,0,0,0,0,0,0,1,1,1,False
4,17084,-14,42257,3,370272,0,5868208,0,01080477,0,9625579,-0,2365744,0,1319024,0,0,0,0,0,0,0,0,0,0,0,0,0,0,0,0,0,0,0,0,0,0,1,1,1,False
4,232891,-14,42305,3,371208,0,5866253,0,01026781,0,963385,-0,234403,0,129766,0,0,0,0,0,0,0,0,0,0,0,0,0,0,0,0,0,0,0,0,0,0,1,1,1,False
4,294516,-14,42389,3,371961,0,5864093,0,01060077,0,9642183,-0,2323199,0,1272719,0,0,0,0,0,0,0,0,0,0,0,0,0,0,0,0,0,0,0,0,0,0,1,1,1,False
4,35622,-14,42482,3,372404,0,5864532,0,01018419,0,9650924,-0,2304309,0,1240748,0,0,0,0,0,0,0,0,0,0,0,0,0,0,0,0,0,0,0,0,0,0,1,1,1,False
4,415162,-14,42529,3,372393,0,5870576,0,009549916,0,9655343,-0,2298636,0,1217177,0,0,0,0,0,0,0,0,0,0,0,0,0,0,0,0,0,0,0,0,0,0,1,1,1,False
4,475955,-14,4253,3,372571,0,587728,0,009994257,0,9654396,-0,2296742,0,1227862,0,0,0,0,0,0,0,0,0,0,0,0,0,0,0,0,0,0,0,0,0,0,1,1,1,False
4,537225,-14,42546,3,37397,0,5878696,0,008314706,0,9658965,-0,2279291,0,1225687,0,0,0,0,0,0,0,0,0,0,0,0,0,0,0,0,0,0,0,0,0,0,1,1,1,False
4,600465,-14,42602,3,375512,0,5876212,0,006786893,0,9669167,-0,2245191,0,120901,0,0,0,0,0,0,0,0,0,0,0,0,0,0,0,0,0,0,0,0,0,0,1,1,1,False
4,660724,-14,4268,3,37604,0,5878963,0,007068554,0,9674777,-0,2227237,0,1197125,0,0,0,0,0,0,0,0,0,0,0,0,0,0,0,0,0,0,0,0,0,0,1,1,1,False
4,723071,-14,42754,3,376286,0,5883512,0,005561159,0,9678415,-0,2219861,0,1182122,0,0,0,0,0,0,0,0,0,0,0,0,0,0,0,0,0,0,0,0,0,0,1,1,1,False
4,782772,-14,42805,3,376684,0,5888679,0,003520245,0,9681281,-0,2212863,0,1172522,0,0,0,0,0,0,0,0,0,0,0,0,0,0,0,0,0,0,0,0,0,0,1,1,1,False
4,840633,-14,4284,3,377063,0,5890996,0,001992547,0,9684407,-0,2197129,0,1176643,0,0,0,0,0,0,0,0,0,0,0,0,0,0,0,0,0,0,0,0,0,0,1,1,1,False
4,902774,-14,4287,3,377795,0,589324,0,0009275123,0,9688638,-0,2179417,0,1174883,0,0,0,0,0,0,0,0,0,0,0,0,0,0,0,0,0,0,0,0,0,0,1,1,1,False
4,964846,-14,42895,3,378769,0,5897503,0,0002197721,0,9694553,-0,215341,0,1174076,0,0,0,0,0,0,0,0,0,0,0,0,0,0,0,0,0,0,0,0,0,0,1,1,1,False
5,029308,-14,42909,3,379726,0,5900784,7,371674E-05,0,9701364,-0,2128288,0,1163579,0,0,0,0,0,0,0,0,0,0,0,0,0,0,0,0,0,0,0,0,0,0,1,1,1,False
5,090786,-14,42918,3,380705,0,5908659,0,000899238,0,9708607,-0,2100805,0,1153032,0,0,0,0,0,0,0,0,0,0,0,0,0,0,0,0,0,0,0,0,0,0,1,1,1,False
5,152595,-14,42936,3,38182,0,5917044,0,001180746,0,9714897,-0,2076582,0,114387,0,0,0,0,0,0,0,0,0,0,0,0,0,0,0,0,0,0,0,0,0,0,1,1,1,False
5,213139,-14,42972,3,38321,0,5923307,0,0005149371,0,9725233,-0,2041344,0,1119257,0,0,0,0,0,0,0,0,0,0,0,0,0,0,0,0,0,0,0,0,0,0,1,1,1,False
5,274385,-14,43016,3,384384,0,5928175,0,001374769,0,9734154,-0,2009568,0,1098954,0,0,0,0,0,0,0,0,0,0,0,0,0,0,0,0,0,0,0,0,0,0,1,1,1,False
5,335231,-14,43063,3,385366,0,5932024,0,00225939,0,9740621,-0,1983153,0,1089442,0,0,0,0,0,0,0,0,0,0,0,0,0,0,0,0,0,0,0,0,0,0,1,1,1,False
5,397089,-14,43141,3,386177,0,5933638,0,004562954,0,9747185,-0,1956539,0,1078083,0,0,0,0,0,0,0,0,0,0,0,0,0,0,0,0,0,0,0,0,0,0,1,1,1,False
5,456576,-14,43267,3,386926,0,5937932,0,006128423,0,9750531,-0,1954146,0,1051048,0,0,0,0,0,0,0,0,0,0,0,0,0,0,0,0,0,0,0,0,0,0,1,1,1,False
5,518859,-14,43415,3,38758,0,5940487,0,005680908,0,9754928,-0,1940085,0,1036447,0,0,0,0,0,0,0,0,0,0,0,0,0,0,0,0,0,0,0,0,0,0,1,1,1,False
5,5784,-14,43581,3,388189,0,5945888,0,004108245,0,9756828,-0,1938005,0,102311,0,0,0,0,0,0,0,0,0,0,0,0,0,0,0,0,0,0,0,0,0,0,1,1,1,False
5,640888,-14,43762,3,389315,0,5955038,0,0009670609,0,9762395,-0,1912584,0,1018615,0,0,0,0,0,0,0,0,0,0,0,0,0,0,0,0,0,0,0,0,0,0,1,1,1,False
5,702641,-14,44037,3,390671,0,5969143,-6,042887E-05,0,9770586,-0,1881281,0,09982148,0,0,0,0,0,0,0,0,0,0,0,0,0,0,0,0,0,0,0,0,0,0,1,1,1,False
5,763957,-14,44311,3,392421,0,5977874,-0,002948608,0,9783781,-0,183546,0,09528098,0,0,0,0,0,0,0,0,0,0,0,0,0,0,0,0,0,0,0,0,0,0,1,1,1,False
5,823528,-14,44529,3,394077,0,5978379,-0,005626424,0,9795833,-0,1794034,0,0905499,0,0,0,0,0,0,0,0,0,0,0,0,0,0,0,0,0,0,0,0,0,0,1,1,1,False
5,884138,-14,44649,3,394939,0,597409,-0,00762824,0,9801273,-0,177828,0,08757576,0,0,0,0,0,0,0,0,0,0,0,0,0,0,0,0,0,0,0,0,0,0,1,1,1,False
5,945938,-14,44637,3,394749,0,5961452,-0,009988696,0,9801934,-0,1778263,0,08659652,0,0,0,0,0,0,0,0,0,0,0,0,0,0,0,0,0,0,0,0,0,0,1,1,1,False
6,007236,-14,44517,3,393992,0,594583,-0,01206885,0,9799318,-0,1788414,0,08719954,0,0,0,0,0,0,0,0,0,0,0,0,0,0,0,0,0,0,0,0,0,0,1,1,1,False
6,069355,-14,44326,3,393178,0,5922623,-0,0126868,0,9794155,-0,180186,0,09009621,0,0,0,0,0,0,0,0,0,0,0,0,0,0,0,0,0,0,0,0,0,0,1,1,1,False
6,131422,-14,4411,3,392038,0,5895474,-0,01242564,0,9786718,-0,1828124,0,09287952,0,0,0,0,0,0,0,0,0,0,0,0,0,0,0,0,0,0,0,0,0,0,1,1,1,False
6,191959,-14,43933,3,39086,0,5870702,-0,01212318,0,978066,-0,1853798,0,09420358,0,0,0,0,0,0,0,0,0,0,0,0,0,0,0,0,0,0,0,0,0,0,1,1,1,False
6,251785,-14,43806,3,389543,0,5853181,-0,01125045,0,9774879,-0,1876281,0,0958474,0,0,0,0,0,0,0,0,0,0,0,0,0,0,0,0,0,0,0,0,0,0,1,1,1,False
6,312085,-14,43692,3,38787,0,5834162,-0,009900462,0,9767879,-0,1912141,0,09604457,0,0,0,0,0,0,0,0,0,0,0,0,0,0,0,0,0,0,0,0,0,0,1,1,1,False
6,372704,-14,43634,3,386725,0,5814896,-0,008545623,0,9763867,-0,1936978,0,09527519,0,0,0,0,0,0,0,0,0,0,0,0,0,0,0,0,0,0,0,0,0,0,1,1,1,False
6,43331,-14,4362,3,38587,0,5801167,-0,007547069,0,9761503,-0,19584,0,09338357,0,0,0,0,0,0,0,0,0,0,0,0,0,0,0,0,0,0,0,0,0,0,1,1,1,False
6,495233,-14,43609,3,385505,0,5792367,-0,007707776,0,9761237,-0,1969409,0,09130986,0,0,0,0,0,0,0,0,0,0,0,0,0,0,0,0,0,0,0,0,0,0,1,1,1,False
6,5569,-14,43576,3,384828,0,5790126,-0,007632528,0,9760938,-0,1973471,0,09075645,0,0,0,0,0,0,0,0,0,0,0,0,0,0,0,0,0,0,0,0,0,0,1,1,1,False
6,617658,-14,4348,3,38372,0,5786784,-0,007354411,0,97583,-0,1986375,0,09080148,0,0,0,0,0,0,0,0,0,0,0,0,0,0,0,0,0,0,0,0,0,0,1,1,1,False
6,678974,-14,43347,3,382774,0,5779471,-0,006095937,0,9753147,-0,2002214,0,0929275,0,0,0,0,0,0,0,0,0,0,0,0,0,0,0,0,0,0,0,0,0,0,1,1,1,False
6,740918,-14,43184,3,382391,0,5762434,-0,006387147,0,9751863,-0,2002571,0,09417069,0,0,0,0,0,0,0,0,0,0,0,0,0,0,0,0,0,0,0,0,0,0,1,1,1,False
6,799152,-14,42971,3,381675,0,5729415,-0,005333805,0,9750835,-0,1997766,0,09629601,0,0,0,0,0,0,0,0,0,0,0,0,0,0,0,0,0,0,0,0,0,0,1,1,1,False
6,859986,-14,42763,3,379952,0,5687993,-0,003819922,0,9747271,-0,2013574,0,09668356,0,0,0,0,0,0,0,0,0,0,0,0,0,0,0,0,0,0,0,0,0,0,1,1,1,False
6,923285,-14,42529,3,377222,0,5638199,-0,003056609,0,9738243,-0,2059527,0,09612709,0,0,0,0,0,0,0,0,0,0,0,0,0,0,0,0,0,0,0,0,0,0,1,1,1,False
6,986039,-14,42218,3,373269,0,5572329,-0,002777396,0,9721739,-0,2136684,0,09600039,0,0,0,0,0,0,0,0,0,0,0,0,0,0,0,0,0,0,0,0,0,0,1,1,1,False
7,048184,-14,41893,3,3702,0,5502636,-0,0044485,0,970805,-0,2193935,0,09687269,0,0,0,0,0,0,0,0,0,0,0,0,0,0,0,0,0,0,0,0,0,0,1,1,1,False
7,10976,-14,41595,3,367734,0,5431736,-0,004749474,0,9700495,-0,2233361,0,09540647,0,0,0,0,0,0,0,0,0,0,0,0,0,0,0,0,0,0,0,0,0,0,1,1,1,False
7,171509,-14,41276,3,36541,0,5365005,-0,004537311,0,9690571,-0,2275347,0,09558101,0,0,0,0,0,0,0,0,0,0,0,0,0,0,0,0,0,0,0,0,0,0,1,1,1,False
7,234654,-14,40981,3,363745,0,530652,-0,004404769,0,9683892,-0,2301089,0,09619191,0,0,0,0,0,0,0,0,0,0,0,0,0,0,0,0,0,0,0,0,0,0,1,1,1,False
7,297169,-14,40708,3,362421,0,5245392,-0,003140183,0,9679167,-0,2319564,0,09655926,0,0,0,0,0,0,0,0,0,0,0,0,0,0,0,0,0,0,0,0,0,0,1,1,1,False
7,360694,-14,40509,3,360625,0,5184319,-0,0002058235,0,9676911,-0,2331764,0,09593001,0,0,0,0,0,0,0,0,0,0,0,0,0,0,0,0,0,0,0,0,0,0,1,1,1,False
7,422946,-14,4035,3,358598,0,513876,0,003362037,0,9661141,-0,2397076,0,09566896,0,0,0,0,0,0,0,0,0,0,0,0,0,0,0,0,0,0,0,0,0,0,1,1,1,False
7,484477,-14,40227,3,357483,0,5102372,0,002665477,0,9653733,-0,2417192,0,09807687,0,0,0,0,0,0,0,0,0,0,0,0,0,0,0,0,0,0,0,0,0,0,1,1,1,False
7,54783,-14,4017,3,357078,0,5076251,0,00267043,0,9647915,-0,2437677,0,09872974,0,0,0,0,0,0,0,0,0,0,0,0,0,0,0,0,0,0,0,0,0,0,1,1,1,False
7,608976,-14,40201,3,357079,0,5056725,0,001152046,0,964581,-0,2442112,0,09971465,0,0,0,0,0,0,0,0,0,0,0,0,0,0,0,0,0,0,0,0,0,0,1,1,1,False
7,67021,-14,40284,3,357333,0,5032792,-0,001506377,0,9649142,-0,2428855,0,09972453,0,0,0,0,0,0,0,0,0,0,0,0,0,0,0,0,0,0,0,0,0,0,1,1,1,False
7,732167,-14,40327,3,356977,0,5013022,-0,003716921,0,9653864,-0,2414761,0,09851198,0,0,0,0,0,0,0,0,0,0,0,0,0,0,0,0,0,0,0,0,0,0,1,1,1,False
7,794803,-14,40319,3,355583,0,4977427,-0,00540855,0,965497,-0,2405185,0,09968515,0,0,0,0,0,0,0,0,0,0,0,0,0,0,0,0,0,0,0,0,0,0,1,1,1,False
7,858796,-14,40261,3,354763,0,4932389,-0,005471737,0,9654037,-0,2406892,0,100172,0,0,0,0,0,0,0,0,0,0,0,0,0,0,0,0,0,0,0,0,0,0,1,1,1,False
7,92154,-14,40195,3,354114,0,4881959,-0,005880917,0,965672,-0,2404777,0,09804863,0,0,0,0,0,0,0,0,0,0,0,0,0,0,0,0,0,0,0,0,0,0,1,1,1,False
7,984741,-14,40118,3,353722,0,4826961,-0,006299477,0,9659239,-0,2399438,0,0968418,0,0,0,0,0,0,0,0,0,0,0,0,0,0,0,0,0,0,0,0,0,0,1,1,1,False
8,04803,-14,40018,3,353249,0,4777074,-0,007455102,0,9658253,-0,2403934,0,09662811,0,0,0,0,0,0,0,0,0,0,0,0,0,0,0,0,0,0,0,0,0,0,1,1,1,False
8,108442,-14,39942,3,352882,0,4733233,-0,007085363,0,9653108,-0,2416834,0,09856093,0,0,0,0,0,0,0,0,0,0,0,0,0,0,0,0,0,0,0,0,0,0,1,1,1,False
8,172008,-14,39924,3,352649,0,4690764,-0,007443078,0,9647951,-0,2439507,0,09799573,0,0,0,0,0,0,0,0,0,0,0,0,0,0,0,0,0,0,0,0,0,0,1,1,1,False
8,234011,-14,39983,3,352266,0,4664276,-0,008111143,0,9642934,-0,2460408,0,09765348,0,0,0,0,0,0,0,0,0,0,0,0,0,0,0,0,0,0,0,0,0,0,1,1,1,False
8,296888,-14,40078,3,351614,0,4635322,-0,00964118,0,9645882,-0,2460013,0,09465756,0,0,0,0,0,0,0,0,0,0,0,0,0,0,0,0,0,0,0,0,0,0,1,1,1,False
8,360804,-14,40104,3,350317,0,4626219,-0,008433487,0,9637145,-0,2492071,0,09528351,0,0,0,0,0,0,0,0,0,0,0,0,0,0,0,0,0,0,0,0,0,0,1,1,1,False
8,424697,-14,40097,3,349745,0,4629891,-0,009162502,0,9629114,-0,2521559,0,09557752,0,0,0,0,0,0,0,0,0,0,0,0,0,0,0,0,0,0,0,0,0,0,1,1,1,False
8,490098,-14,40147,3,350297,0,463743,-0,0106781,0,9631327,-0,2512734,0,09551483,0,0,0,0,0,0,0,0,0,0,0,0,0,0,0,0,0,0,0,0,0,0,1,1,1,False
8,55559,-14,40263,3,351264,0,4653437,-0,01117206,0,9634176,-0,2507482,0,09395301,0,0,0,0,0,0,0,0,0,0,0,0,0,0,0,0,0,0,0,0,0,0,1,1,1,False
8,610635,-14,4038,3,352079,0,4667389,-0,0137903,0,9643854,-0,2477738,0,09153613,0,0,0,0,0,0,0,0,0,0,0,0,0,0,0,0,0,0,0,0,0,0,1,1,1,False
8,665393,-14,4045,3,352261,0,4679334,-0,01306531,0,9647757,-0,246318,0,09145804,0,0,0,0,0,0,0,0,0,0,0,0,0,0,0,0,0,0,0,0,0,0,1,1,1,False
8,727324,-14,40476,3,352831,0,4690354,-0,01282939,0,9646397,-0,2467194,0,09184279,0,0,0,0,0,0,0,0,0,0,0,0,0,0,0,0,0,0,0,0,0,0,1,1,1,False
8,788939,-14,40479,3,354218,0,4701464,-0,01455414,0,9651851,-0,2441401,0,09274416,0,0,0,0,0,0,0,0,0,0,0,0,0,0,0,0,0,0,0,0,0,0,1,1,1,False
8,868673,-14,40448,3,355181,0,4704204,-0,01569407,0,9657419,-0,2417539,0,09301274,0,0,0,0,0,0,0,0,0,0,0,0,0,0,0,0,0,0,0,0,0,0,1,1,1,False
8,951956,-14,40352,3,35501,0,4703054,-0,01501781,0,965576,-0,2414834,0,09551568,0,0,0,0,0,0,0,0,0,0,0,0,0,0,0,0,0,0,0,0,0,0,1,1,1,False
9,034032,-14,40233,3,35481,0,4707484,-0,01524184,0,9650031,-0,242494,0,09865774,0,0,0,0,0,0,0,0,0,0,0,0,0,0,0,0,0,0,0,0,0,0,1,1,1,False
9,114976,-14,40092,3,355335,0,4714839,-0,01777951,0,9651489,-0,2414257,0,09942389,0,0,0,0,0,0,0,0,0,0,0,0,0,0,0,0,0,0,0,0,0,0,1,1,1,False
9,197949,-14,39933,3,355981,0,4719837,-0,01771394,0,9659572,-0,23688,0,1024737,0,0,0,0,0,0,0,0,0,0,0,0,0,0,0,0,0,0,0,0,0,0,1,1,1,False
9,283057,-14,39765,3,355504,0,4723334,-0,01336441,0,9661713,-0,2355759,0,1041077,0,0,0,0,0,0,0,0,0,0,0,0,0,0,0,0,0,0,0,0,0,0,1,1,1,False
9,363762,-14,39586,3,354805,0,4726636,-0,008500388,0,9659616,-0,2359154,0,1057823,0,0,0,0,0,0,0,0,0,0,0,0,0,0,0,0,0,0,0,0,0,0,1,1,1,False
9,438381,-14,39501,3,354998,0,4735491,-0,00667191,0,9654424,-0,2377993,0,1064325,0,0,0,0,0,0,0,0,0,0,0,0,0,0,0,0,0,0,0,0,0,0,1,1,1,False
9,496047,-14,39495,3,355816,0,4738045,-0,006929055,0,9658054,-0,2365472,0,1059119,0,0,0,0,0,0,0,0,0,0,0,0,0,0,0,0,0,0,0,0,0,0,1,1,1,False
9,570683,-14,39553,3,356266,0,4738791,-0,006874956,0,9663697,-0,2349576,0,1042934,0,0,0,0,0,0,0,0,0,0,0,0,0,0,0,0,0,0,0,0,0,0,1,1,1,False
9,639501,-14,39629,3,356277,0,4739017,-0,005422812,0,96621,-0,235324,0,1050306,0,0,0,0,0,0,0,0,0,0,0,0,0,0,0,0,0,0,0,0,0,0,1,1,1,False
9,701302,-14,39722,3,356212,0,4738469,-0,0058738,0,9661559,-0,236372,0,1031342,0,0,0,0,0,0,0,0,0,0,0,0,0,0,0,0,0,0,0,0,0,0,1,1,1,False
9,749784,-14,3981,3,356256,0,4738302,-0,007801117,0,9661612,-0,2366865,0,102231,0,0,0,0,0,0,0,0,0,0,0,0,0,0,0,0,0,0,0,0,0,0,1,1,1,False
9,785989,-14,39868,3,356796,0,4742713,-0,00946233,0,9662271,-0,2362264,0,1025318,0,0,0,0,0,0,0,0,0,0,0,0,0,0,0,0,0,0,0,0,0,0,1,1,1,False
9,824805,-14,39923,3,35741,0,4744899,-0,01035452,0,966584,-0,2347661,0,1024352,0,0,0,0,0,0,0,0,0,0,0,0,0,0,0,0,0,0,0,0,0,0,1,1,1,False
9,867323,-14,39965,3,358014,0,474448,-0,01145656,0,9670278,-0,2334059,0,1012305,0,0,0,0,0,0,0,0,0,0,0,0,0,0,0,0,0,0,0,0,0,0,1,1,1,False
9,912642,-14,3998,3,358355,0,4744699,-0,0119861,0,9675679,-0,2313193,0,1007967,0,0,0,0,0,0,0,0,0,0,0,0,0,0,0,0,0,0,0,0,0,0,1,1,1,False
9,960019,-14,39945,3,357934,0,4743819,-0,0113183,0,9676818,-0,2312218,0,1000016,0,0,0,0,0,0,0,0,0,0,0,0,0,0,0,0,0,0,0,0,0,0,1,1,1,False
10,00608,-14,3986,3,357079,0,4747348,-0,01003319,0,967407,-0,2320417,0,1008949,0,0,0,0,0,0,0,0,0,0,0,0,0,0,0,0,0,0,0,0,0,0,1,1,1,False
10,11442,-14,3986,3,357079,0,4747348,-0,01003319,0,967407,-0,2320417,0,1008949,0,0,0,0,0,0,0,0,0,0,0,0,0,0,0,0,0,0,0,0,0,0,1,1,1,False
10,22213,-14,39595,3,356971,0,4748249,-0,008853295,0,9672272,-0,2313317,0,1043018,0,0,0,0,0,0,0,0,0,0,0,0,0,0,0,0,0,0,0,0,0,0,1,1,1,False
10,33255,-14,39233,3,355834,0,4723659,-0,00733498,0,9683931,-0,2273325,0,1023761,0,0,0,0,0,0,0,0,0,0,0,0,0,0,0,0,0,0,0,0,0,0,1,1,1,False
10,44768,-14,38886,3,354686,0,4659522,-0,002149274,0,9695018,-0,2199828,0,108024,0,0,0,0,0,0,0,0,0,0,0,0,0,0,0,0,0,0,0,0,0,0,1,1,1,False
10,53356,-14,39011,3,353703,0,4434032,0,0007694615,0,9691347,-0,2222039,0,1067836,0,0,0,0,0,0,0,0,0,0,0,0,0,0,0,0,0,0,0,0,0,0,1,1,1,False
10,62648,-14,39203,3,353383,0,4343965,-0,001732684,0,9679635,-0,2272239,0,1068321,0,0,0,0,0,0,0,0,0,0,0,0,0,0,0,0,0,0,0,0,0,0,1,1,1,False
10,71855,-14,39416,3,353474,0,4275007,-0,004928659,0,9671668,-0,2293038,0,109471,0,0,0,0,0,0,0,0,0,0,0,0,0,0,0,0,0,0,0,0,0,0,1,1,1,False
10,79371,-14,39808,3,353925,0,4217918,-0,006124409,0,9651619,-0,2357144,0,1134183,0,0,0,0,0,0,0,0,0,0,0,0,0,0,0,0,0,0,0,0,0,0,1,1,1,False
10,85261,-14,40129,3,35472,0,4209712,-0,01772684,0,9643166,-0,240294,0,1097181,0,0,0,0,0,0,0,0,0,0,0,0,0,0,0,0,0,0,0,0,0,0,1,1,1,False
10,89889,-14,40103,3,355436,0,4230397,-0,02487995,0,9632879,-0,2396557,0,1184168,0,0,0,0,0,0,0,0,0,0,0,0,0,0,0,0,0,0,0,0,0,0,1,1,1,False
10,93642,-14,40035,3,355926,0,4247928,-0,03023381,0,9635037,-0,2346213,0,1252971,0,0,0,0,0,0,0,0,0,0,0,0,0,0,0,0,0,0,0,0,0,0,1,1,1,False
10,96836,-14,40046,3,355923,0,4264326,-0,02741785,0,9640985,-0,2304564,0,1290441,0,0,0,0,0,0,0,0,0,0,0,0,0,0,0,0,0,0,0,0,0,0,1,1,1,False
11,00436,-14,40129,3,355688,0,4270434,-0,02579949,0,9645404,-0,2290357,0,1286041,0,0,0,0,0,0,0,0,0,0,0,0,0,0,0,0,0,0,0,0,0,0,1,1,1,False
11,05221,-14,40343,3,3552,0,4271476,-0,02263231,0,9653965,-0,2283668,0,123879,0,0,0,0,0,0,0,0,0,0,0,0,0,0,0,0,0,0,0,0,0,0,1,1,1,False
11,12202,-14,40706,3,354511,0,4274602,-0,01778377,0,9670113,-0,228091,0,1120149,0,0,0,0,0,0,0,0,0,0,0,0,0,0,0,0,0,0,0,0,0,0,1,1,1,False
11,19404,-14,40906,3,354983,0,4277701,-0,01675557,0,9678403,-0,2292169,0,1022941,0,0,0,0,0,0,0,0,0,0,0,0,0,0,0,0,0,0,0,0,0,0,1,1,1,False
11,28281,-14,40676,3,356391,0,4281757,-0,02050219,0,9687768,-0,2260792,0,09969708,0,0,0,0,0,0,0,0,0,0,0,0,0,0,0,0,0,0,0,0,0,0,1,1,1,False
11,38969,-14,40676,3,356391,0,4281757,-0,02050219,0,9687768,-0,2260792,0,09969708,0,0,0,0,0,0,0,0,0,0,0,0,0,0,0,0,0,0,0,0,0,0,1,1,1,False
11,51386,-14,40013,3,357209,0,4295166,-0,0158792,0,9680977,-0,2233782,0,1124143,0,0,0,0,0,0,0,0,0,0,0,0,0,0,0,0,0,0,0,0,0,0,1,1,1,False
11,62643,-14,40031,3,35909,0,4293749,-0,004370878,0,9680486,-0,2251342,0,110351,0,0,0,0,0,0,0,0,0,0,0,0,0,0,0,0,0,0,0,0,0,0,1,1,1,False
11,71818,-14,40795,3,362335,0,4287252,-0,008421931,0,9686143,-0,2281547,0,09828952,0,0,0,0,0,0,0,0,0,0,0,0,0,0,0,0,0,0,0,0,0,0,1,1,1,False
11,82251,-14,4172,3,366025,0,4286177,-0,02264483,0,9706974,-0,2236746,0,08487292,0,0,0,0,0,0,0,0,0,0,0,0,0,0,0,0,0,0,0,0,0,0,1,1,1,False
11,90886,-14,42652,3,3684,0,429739,-0,03789302,0,9724474,-0,2178288,0,07389711,0,0,0,0,0,0,0,0,0,0,0,0,0,0,0,0,0,0,0,0,0,0,1,1,1,False
11,97666,-14,43457,3,371121,0,4327631,-0,05517589,0,9746251,-0,2065065,0,06645824,0,0,0,0,0,0,0,0,0,0,0,0,0,0,0,0,0,0,0,0,0,0,1,1,1,False
12,02642,-14,43743,3,37253,0,4377398,-0,06328682,0,9760343,-0,1978627,0,06482378,0,0,0,0,0,0,0,0,0,0,0,0,0,0,0,0,0,0,0,0,0,0,1,1,1,False
12,06562,-14,43677,3,373444,0,4430411,-0,06732839,0,9773329,-0,1896999,0,06558369,0,0,0,0,0,0,0,0,0,0,0,0,0,0,0,0,0,0,0,0,0,0,1,1,1,False
12,10536,-14,43453,3,374848,0,4480522,-0,0653626,0,9785671,-0,1833146,0,06730437,0,0,0,0,0,0,0,0,0,0,0,0,0,0,0,0,0,0,0,0,0,0,1,1,1,False
12,15049,-14,43044,3,376541,0,4544346,-0,05999869,0,9792334,-0,1786391,0,07476766,0,0,0,0,0,0,0,0,0,0,0,0,0,0,0,0,0,0,0,0,0,0,1,1,1,False
12,20094,-14,42626,3,378942,0,4614635,-0,0518779,0,9793983,-0,1749865,0,0864137,0,0,0,0,0,0,0,0,0,0,0,0,0,0,0,0,0,0,0,0,0,0,1,1,1,False
12,25257,-14,42704,3,382503,0,469219,-0,04533094,0,9800593,-0,1766828,0,07881732,0,0,0,0,0,0,0,0,0,0,0,0,0,0,0,0,0,0,0,0,0,0,1,1,1,False
12,31376,-14,4297,3,384791,0,4763427,-0,03564145,0,982801,-0,1668216,0,07072762,0,0,0,0,0,0,0,0,0,0,0,0,0,0,0,0,0,0,0,0,0,0,1,1,1,False
12,39101,-14,42986,3,386424,0,4812686,-0,04036667,0,9831646,-0,172581,0,0444265,0,0,0,0,0,0,0,0,0,0,0,0,0,0,0,0,0,0,0,0,0,0,1,1,1,False
12,46721,-14,42952,3,399839,0,4798379,-0,07552139,0,9852959,-0,1522303,0,01773514,0,0,0,0,0,0,0,0,0,0,0,0,0,0,0,0,0,0,0,0,0,0,1,1,1,False
12,54327,-14,4282,3,409683,0,4805617,-0,06783028,0,9911016,-0,1108277,0,02887599,0,0,0,0,0,0,0,0,0,0,0,0,0,0,0,0,0,0,0,0,0,0,1,1,1,False
12,61657,-14,42949,3,414687,0,4814425,-0,05634051,0,9941612,-0,08953761,0,02126257,0,0,0,0,0,0,0,0,0,0,0,0,0,0,0,0,0,0,0,0,0,0,1,1,1,False
12,69524,-14,4306,3,415195,0,4832127,-0,05809305,0,9943351,-0,08643904,0,02124572,0,0,0,0,0,0,0,0,0,0,0,0,0,0,0,0,0,0,0,0,0,0,1,1,1,False
12,7688,-14,43161,3,412806,0,4860396,-0,0532062,0,9936087,-0,09425931,0,03203146,0,0,0,0,0,0,0,0,0,0,0,0,0,0,0,0,0,0,0,0,0,0,1,1,1,False
12,84386,-14,43032,3,406906,0,4891033,-0,05258818,0,9901583,-0,1185026,0,0527084,0,0,0,0,0,0,0,0,0,0,0,0,0,0,0,0,0,0,0,0,0,0,1,1,1,False
12,91184,-14,42833,3,401477,0,4912586,-0,03771581,0,9875063,-0,1310975,0,07888061,0,0,0,0,0,0,0,0,0,0,0,0,0,0,0,0,0,0,0,0,0,0,1,1,1,False
12,96908,-14,42793,3,392615,0,4943762,-0,01734835,0,9828729,-0,1551631,0,09790017,0,0,0,0,0,0,0,0,0,0,0,0,0,0,0,0,0,0,0,0,0,0,1,1,1,False
13,0394,-14,42766,3,384159,0,4977224,-0,001566988,0,9771596,-0,1809698,0,1113848,0,0,0,0,0,0,0,0,0,0,0,0,0,0,0,0,0,0,0,0,0,0,1,1,1,False
13,10396,-14,42732,3,380558,0,4977658,0,01076189,0,9736374,-0,1948967,0,1180242,0,0,0,0,0,0,0,0,0,0,0,0,0,0,0,0,0,0,0,0,0,0,1,1,1,False
13,15717,-14,42365,3,379384,0,4952395,-0,001271826,0,9738228,-0,1991798,0,1095216,0,0,0,0,0,0,0,0,0,0,0,0,0,0,0,0,0,0,0,0,0,0,1,1,1,False
13,19945,-14,42015,3,383873,0,491267,-0,01760993,0,9791625,-0,1798966,0,09256357,0,0,0,0,0,0,0,0,0,0,0,0,0,0,0,0,0,0,0,0,0,0,1,1,1,False
13,24482,-14,4176,3,391248,0,4872656,-0,02901879,0,9837729,-0,1620506,0,0713338,0,0,0,0,0,0,0,0,0,0,0,0,0,0,0,0,0,0,0,0,0,0,1,1,1,False
13,31282,-14,41727,3,40302,0,4798932,-0,04329933,0,9898452,-0,1302998,0,03679399,0,0,0,0,0,0,0,0,0,0,0,0,0,0,0,0,0,0,0,0,0,0,1,1,1,False
13,41967,-14,41727,3,40302,0,4798932,-0,04329933,0,9898452,-0,1302998,0,03679399,0,0,0,0,0,0,0,0,0,0,0,0,0,0,0,0,0,0,0,0,0,0,1,1,1,False
13,53686,-14,41576,3,409657,0,4763741,-0,04597864,0,9953702,-0,07966778,0,02787887,0,0,0,0,0,0,0,0,0,0,0,0,0,0,0,0,0,0,0,0,0,0,1,1,1,False
13,63539,-14,41536,3,403257,0,4721377,-0,03617137,0,9942429,-0,09458053,0,0350325,0,0,0,0,0,0,0,0,0,0,0,0,0,0,0,0,0,0,0,0,0,0,1,1,1,False
13,7285,-14,41593,3,397179,0,474988,-0,0157933,0,9916998,-0,118894,0,04633032,0,0,0,0,0,0,0,0,0,0,0,0,0,0,0,0,0,0,0,0,0,0,1,1,1,False
13,82458,-14,41984,3,381664,0,4846344,0,01408892,0,9805326,-0,1818127,0,07281053,0,0,0,0,0,0,0,0,0,0,0,0,0,0,0,0,0,0,0,0,0,0,1,1,1,False
13,90416,-14,42488,3,370064,0,4922364,0,01791704,0,9721023,-0,2156642,0,09047152,0,0,0,0,0,0,0,0,0,0,0,0,0,0,0,0,0,0,0,0,0,0,1,1,1,False
13,97921,-14,42699,3,370096,0,4914086,0,02615909,0,9701853,-0,2235356,0,08993372,0,0,0,0,0,0,0,0,0,0,0,0,0,0,0,0,0,0,0,0,0,0,1,1,1,False
14,03945,-14,42971,3,369929,0,4929268,0,03319191,0,9700624,-0,2267816,0,08029519,0,0,0,0,0,0,0,0,0,0,0,0,0,0,0,0,0,0,0,0,0,0,1,1,1,False
14,08933,-14,4358,3,370265,0,4960835,0,03036713,0,9698486,-0,2347077,0,05817045,0,0,0,0,0,0,0,0,0,0,0,0,0,0,0,0,0,0,0,0,0,0,1,1,1,False
14,17333,-14,44546,3,373709,0,4989059,0,009591309,0,9724635,-0,2296495,0,03851986,0,0,0,0,0,0,0,0,0,0,0,0,0,0,0,0,0,0,0,0,0,0,1,1,1,False
14,26068,-14,45515,3,378299,0,5038462,-0,01442621,0,9746625,-0,2202436,0,0362992,0,0,0,0,0,0,0,0,0,0,0,0,0,0,0,0,0,0,0,0,0,0,1,1,1,False
14,34071,-14,46729,3,378944,0,5107174,-0,01604438,0,9746503,-0,2218518,0,0241048,0,0,0,0,0,0,0,0,0,0,0,0,0,0,0,0,0,0,0,0,0,0,1,1,1,False
14,403,-14,47942,3,37987,0,5153265,-0,02226468,0,975575,-0,2182827,0,01051116,0,0,0,0,0,0,0,0,0,0,0,0,0,0,0,0,0,0,0,0,0,0,1,1,1,False
14,46504,-14,49278,3,381217,0,5200956,-0,02648796,0,9757017,-0,2171738,-0,01183787,0,0,0,0,0,0,0,0,0,0,0,0,0,0,0,0,0,0,0,0,0,0,1,1,1,False
14,53675,-14,50389,3,382666,0,5256734,-0,03080218,0,9753094,-0,2173216,-0,02437574,0,0,0,0,0,0,0,0,0,0,0,0,0,0,0,0,0,0,0,0,0,0,1,1,1,False
14,60365,-14,51455,3,384817,0,5321486,-0,03468383,0,9751214,-0,2166569,-0,03154527,0,0,0,0,0,0,0,0,0,0,0,0,0,0,0,0,0,0,0,0,0,0,1,1,1,False
14,66447,-14,52374,3,387758,0,5376201,-0,04056283,0,9755796,-0,2123187,-0,03898668,0,0,0,0,0,0,0,0,0,0,0,0,0,0,0,0,0,0,0,0,0,0,1,1,1,False
14,71679,-14,53303,3,390877,0,5431199,-0,0429197,0,9765856,-0,206221,-0,04371969,0,0,0,0,0,0,0,0,0,0,0,0,0,0,0,0,0,0,0,0,0,0,1,1,1,False
14,76003,-14,54089,3,393415,0,5483172,-0,0493071,0,9773542,-0,2011269,-0,04353915,0,0,0,0,0,0,0,0,0,0,0,0,0,0,0,0,0,0,0,0,0,0,1,1,1,False
14,80574,-14,54695,3,395154,0,5522377,-0,05000975,0,9778777,-0,1986771,-0,04221018,0,0,0,0,0,0,0,0,0,0,0,0,0,0,0,0,0,0,0,0,0,0,1,1,1,False
14,86517,-14,5519,3,396777,0,5558913,-0,05305387,0,9783755,-0,1958868,-0,0399384,0,0,0,0,0,0,0,0,0,0,0,0,0,0,0,0,0,0,0,0,0,0,1,1,1,False
14,92214,-14,55566,3,398262,0,5592928,-0,05372162,0,9791027,-0,1929755,-0,03510635,0,0,0,0,0,0,0,0,0,0,0,0,0,0,0,0,0,0,0,0,0,0,1,1,1,False
14,97355,-14,55714,3,399335,0,5616367,-0,05402169,0,979755,-0,1905437,-0,02923935,0,0,0,0,0,0,0,0,0,0,0,0,0,0,0,0,0,0,0,0,0,0,1,1,1,False
15,03161,-14,55744,3,399926,0,5638146,-0,05476245,0,9802976,-0,1885746,-0,02138656,0,0,0,0,0,0,0,0,0,0,0,0,0,0,0,0,0,0,0,0,0,0,1,1,1,False
15,0898,-14,55685,3,400139,0,566304,-0,0544293,0,9803928,-0,1889457,-0,01292093,0,0,0,0,0,0,0,0,0,0,0,0,0,0,0,0,0,0,0,0,0,0,1,1,1,False
15,14909,-14,5556,3,400291,0,5690734,-0,05383221,0,9807343,-0,1877165,-0,004975334,0,0,0,0,0,0,0,0,0,0,0,0,0,0,0,0,0,0,0,0,0,0,1,1,1,False
15,20912,-14,55385,3,400156,0,571908,-0,0515069,0,9808913,-0,1876112,0,001124173,0,0,0,0,0,0,0,0,0,0,0,0,0,0,0,0,0,0,0,0,0,0,1,1,1,False
15,26877,-14,55187,3,400078,0,5748615,-0,04845841,0,9810885,-0,1873439,0,004395217,0,0,0,0,0,0,0,0,0,0,0,0,0,0,0,0,0,0,0,0,0,0,1,1,1,False
15,32827,-14,54974,3,400202,0,5778511,-0,04518547,0,9815269,-0,1859007,0,002051428,0,0,0,0,0,0,0,0,0,0,0,0,0,0,0,0,0,0,0,0,0,0,1,1,1,False
15,39221,-14,54601,3,39973,0,5813909,-0,0408636,0,9819046,-0,1848998,-0,002381504,0,0,0,0,0,0,0,0,0,0,0,0,0,0,0,0,0,0,0,0,0,0,1,1,1,False
15,45307,-14,54092,3,398081,0,5853446,-0,03603406,0,9821127,-0,184672,-0,007239431,0,0,0,0,0,0,0,0,0,0,0,0,0,0,0,0,0,0,0,0,0,0,1,1,1,False
15,51174,-14,53505,3,39481,0,590297,-0,03186945,0,9817777,-0,1869019,-0,01282513,0,0,0,0,0,0,0,0,0,0,0,0,0,0,0,0,0,0,0,0,0,0,1,1,1,False
15,57006,-14,52811,3,390654,0,5965998,-0,02796003,0,9811931,-0,1902772,-0,01652132,0,0,0,0,0,0,0,0,0,0,0,0,0,0,0,0,0,0,0,0,0,0,1,1,1,False
15,63084,-14,52023,3,386719,0,6035674,-0,02637482,0,9804754,-0,1937902,-0,02044033,0,0,0,0,0,0,0,0,0,0,0,0,0,0,0,0,0,0,0,0,0,0,1,1,1,False
15,69319,-14,5131,3,384484,0,6099894,-0,02285223,0,9801505,-0,1958572,-0,02056353,0,0,0,0,0,0,0,0,0,0,0,0,0,0,0,0,0,0,0,0,0,0,1,1,1,False
15,75706,-14,50692,3,384714,0,6147714,-0,01943053,0,9803262,-0,195417,-0,01988032,0,0,0,0,0,0,0,0,0,0,0,0,0,0,0,0,0,0,0,0,0,0,1,1,1,False
15,81282,-14,50253,3,387382,0,6170528,-0,01737935,0,9812126,-0,1909909,-0,02103238,0,0,0,0,0,0,0,0,0,0,0,0,0,0,0,0,0,0,0,0,0,0,1,1,1,False
15,87413,-14,49943,3,390516,0,6170926,-0,01580348,0,9827967,-0,1826124,-0,02266484,0,0,0,0,0,0,0,0,0,0,0,0,0,0,0,0,0,0,0,0,0,0,1,1,1,False
15,94077,-14,49785,3,390335,0,6159656,-0,01108876,0,9829842,-0,1821239,-0,02121376,0,0,0,0,0,0,0,0,0,0,0,0,0,0,0,0,0,0,0,0,0,0,1,1,1,False
16,00646,-14,49743,3,388012,0,614434,-0,008636638,0,9817228,-0,1894154,-0,01635659,0,0,0,0,0,0,0,0,0,0,0,0,0,0,0,0,0,0,0,0,0,0,1,1,1,False
16,07424,-14,49806,3,385712,0,6127079,-0,01143937,0,9803177,-0,1966866,-0,01268613,0,0,0,0,0,0,0,0,0,0,0,0,0,0,0,0,0,0,0,0,0,0,1,1,1,False
16,14392,-14,49885,3,383832,0,6115677,-0,01830331,0,9791475,-0,202066,-0,01022682,0,0,0,0,0,0,0,0,0,0,0,0,0,0,0,0,0,0,0,0,0,0,1,1,1,False
16,20938,-14,49948,3,382244,0,6115978,-0,02427389,0,9784526,-0,2049959,-0,004241168,0,0,0,0,0,0,0,0,0,0,0,0,0,0,0,0,0,0,0,0,0,0,1,1,1,False
16,27551,-14,50083,3,38214,0,611686,-0,02643758,0,9787672,-0,2032447,-0,002718672,0,0,0,0,0,0,0,0,0,0,0,0,0,0,0,0,0,0,0,0,0,0,1,1,1,False
16,34393,-14,50276,3,382521,0,6120536,-0,02736154,0,9788626,-0,2026145,-0,005164281,0,0,0,0,0,0,0,0,0,0,0,0,0,0,0,0,0,0,0,0,0,0,1,1,1,False
16,41102,-14,50493,3,383051,0,6125202,-0,02839802,0,9790967,-0,2011796,-0,009491876,0,0,0,0,0,0,0,0,0,0,0,0,0,0,0,0,0,0,0,0,0,0,1,1,1,False
16,47598,-14,50691,3,383382,0,612745,-0,104043,0,8984527,-0,1748109,-0,3891002,0,0,0,0,0,0,0,0,0,0,0,0,0,0,0,0,0,0,0,0,0,0,1,1,1,False
16,54532,-14,5079,3,383059,0,6139646,-0,1063198,0,8961529,-0,1742478,-0,39401,0,0,0,0,0,0,0,0,0,0,0,0,0,0,0,0,0,0,0,0,0,0,1,1,1,False
16,61376,-14,50829,3,382669,0,6144867,-0,1086858,0,895053,-0,1737491,-0,3960794,0,0,0,0,0,0,0,0,0,0,0,0,0,0,0,0,0,0,0,0,0,0,1,1,1,False
16,68396,-14,5086,3,382502,0,6146371,-0,1090166,0,8946634,-0,1734918,-0,3969804,0,0,0,0,0,0,0,0,0,0,0,0,0,0,0,0,0,0,0,0,0,0,1,1,1,False
16,73409,-14,50858,3,382487,0,614332,-0,1094783,0,8948706,-0,1732553,-0,3964892,0,0,0,0,0,0,0,0,0,0,0,0,0,0,0,0,0,0,0,0,0,0,1,1,1,False
16,77257,-14,50848,3,38254,0,6140103,-0,1091267,0,8951951,-0,1732906,-0,3958376,0,0,0,0,0,0,0,0,0,0,0,0,0,0,0,0,0,0,0,0,0,0,1,1,1,False
16,80385,-14,50845,3,382699,0,6136546,-0,1090385,0,895573,-0,1727642,-0,3952369,0,0,0,0,0,0,0,0,0,0,0,0,0,0,0,0,0,0,0,0,0,0,1,1,1,False
16,83519,-14,5085,3,382711,0,6133115,-0,1083935,0,8959655,-0,1727126,-0,3945467,0,0,0,0,0,0,0,0,0,0,0,0,0,0,0,0,0,0,0,0,0,0,1,1,1,False
16,87629,-14,50853,3,382538,0,6130929,-0,1081804,0,8959559,-0,1737467,-0,3941727,0,0,0,0,0,0,0,0,0,0,0,0,0,0,0,0,0,0,0,0,0,0,1,1,1,False
16,9206,-14,50857,3,382265,0,6128623,-0,1080696,0,8956884,-0,174531,-0,3944646,0,0,0,0,0,0,0,0,0,0,0,0,0,0,0,0,0,0,0,0,0,0,1,1,1,False
16,96702,-14,50857,3,381905,0,6126628,-0,1074697,0,895626,-0,1751634,-0,3944898,0,0,0,0,0,0,0,0,0,0,0,0,0,0,0,0,0,0,0,0,0,0,1,1,1,False
17,01478,-14,50825,3,381483,0,6122086,-0,1077593,0,895657,-0,1761408,-0,3939047,0,0,0,0,0,0,0,0,0,0,0,0,0,0,0,0,0,0,0,0,0,0,1,1,1,False
17,06282,-14,50779,3,381372,0,6115644,-0,1080486,0,8964964,-0,1765236,-0,3917387,0,0,0,0,0,0,0,0,0,0,0,0,0,0,0,0,0,0,0,0,0,0,1,1,1,False
17,10965,-14,50713,3,381433,0,6106339,-0,1080091,0,8975787,-0,1764011,-0,3893191,0,0,0,0,0,0,0,0,0,0,0,0,0,0,0,0,0,0,0,0,0,0,1,1,1,False
17,15792,-14,50622,3,381517,0,6096084,-0,1074691,0,8991324,-0,1764196,-0,3858594,0,0,0,0,0,0,0,0,0,0,0,0,0,0,0,0,0,0,0,0,0,0,1,1,1,False
17,20347,-14,50502,3,381861,0,6083071,-0,107742,0,9014661,-0,1750777,-0,3809179,0,0,0,0,0,0,0,0,0,0,0,0,0,0,0,0,0,0,0,0,0,0,1,1,1,False
17,25422,-14,50288,3,382423,0,6060402,-0,1088855,0,9056281,-0,1731637,-0,3714783,0,0,0,0,0,0,0,0,0,0,0,0,0,0,0,0,0,0,0,0,0,0,1,1,1,False
17,30169,-14,50018,3,383174,0,6036026,-0,1094806,0,910457,-0,1714973,-0,3600984,0,0,0,0,0,0,0,0,0,0,0,0,0,0,0,0,0,0,0,0,0,0,1,1,1,False
17,35083,-14,49797,3,383891,0,6015613,-0,1076324,0,9148901,-0,1698865,-0,3500429,0,0,0,0,0,0,0,0,0,0,0,0,0,0,0,0,0,0,0,0,0,0,1,1,1,False
17,40078,-14,49614,3,384602,0,6001382,-0,1617626,0,7147609,-0,1168251,-0,6702997,0,0,0,0,0,0,0,0,0,0,0,0,0,0,0,0,0,0,0,0,0,0,1,1,1,False
17,44815,-14,48516,3,384676,0,4805629,-0,1621141,0,7171359,-0,1167539,-0,6676854,0,0,0,0,0,0,0,0,0,0,0,0,0,0,0,0,0,0,0,0,0,0,1,1,1,False
17,49062,-14,47473,3,384747,0,3739875,-0,1611755,0,7192077,-0,1162747,-0,665765,0,0,0,0,0,0,0,0,0,0,0,0,0,0,0,0,0,0,0,0,0,0,1,1,1,False
17,54117,-14,47457,3,385127,0,3732677,-0,1605189,0,7204022,-0,1143024,-0,6649733,0,0,0,0,0,0,0,0,0,0,0,0,0,0,0,0,0,0,0,0,0,0,1,1,1,False
17,5818,-14,47427,3,385526,0,3726418,-0,1592048,0,7216703,-0,11389,-0,6639842,0,0,0,0,0,0,0,0,0,0,0,0,0,0,0,0,0,0,0,0,0,0,1,1,1,False
17,6175,-14,47412,3,385756,0,3721636,-0,1583199,0,7226304,-0,1138535,-0,6631573,0,0,0,0,0,0,0,0,0,0,0,0,0,0,0,0,0,0,0,0,0,0,1,1,1,False
17,64484,-14,47419,3,385981,0,371887,-0,1577065,0,7232369,-0,1135929,-0,6626869,0,0,0,0,0,0,0,0,0,0,0,0,0,0,0,0,0,0,0,0,0,0,1,1,1,False
17,66698,-14,47423,3,386032,0,3718472,-0,1569974,0,7232658,-0,1142905,-0,6627038,0,0,0,0,0,0,0,0,0,0,0,0,0,0,0,0,0,0,0,0,0,0,1,1,1,False
17,68906,-14,4744,3,386011,0,3718503,-0,1567418,0,7228633,-0,1147524,-0,6631233,0,0,0,0,0,0,0,0,0,0,0,0,0,0,0,0,0,0,0,0,0,0,1,1,1,False
17,7195,-14,47457,3,385946,0,3718515,-0,1565012,0,7223784,-0,1153617,-0,6636027,0,0,0,0,0,0,0,0,0,0,0,0,0,0,0,0,0,0,0,0,0,0,1,1,1,False
17,75023,-14,47463,3,385713,0,3718052,-0,1565565,0,7219117,-0,1160695,-0,6639741,0,0,0,0,0,0,0,0,0,0,0,0,0,0,0,0,0,0,0,0,0,0,1,1,1,False
17,78357,-14,47458,3,385356,0,3717504,-0,1562311,0,721684,-0,1175756,-0,6640332,0,0,0,0,0,0,0,0,0,0,0,0,0,0,0,0,0,0,0,0,0,0,1,1,1,False
17,8158,-14,4746,3,385175,0,3715945,-0,156533,0,7214529,-0,1184477,-0,6640582,0,0,0,0,0,0,0,0,0,0,0,0,0,0,0,0,0,0,0,0,0,0,1,1,1,False
17,84956,-14,47479,3,385168,0,3715375,-0,1558535,0,721294,-0,1187335,-0,6643397,0,0,0,0,0,0,0,0,0,0,0,0,0,0,0,0,0,0,0,0,0,0,1,1,1,False
17,88311,-14,47496,3,385195,0,3716364,-0,1550053,0,7208225,-0,119149,-0,6649752,0,0,0,0,0,0,0,0,0,0,0,0,0,0,0,0,0,0,0,0,0,0,1,1,1,False
17,91863,-14,47503,3,385175,0,3718081,-0,1550993,0,7202318,-0,1197108,-0,665492,0,0,0,0,0,0,0,0,0,0,0,0,0,0,0,0,0,0,0,0,0,0,1,1,1,False
17,95137,-14,46994,3,385067,0,297126,-0,1553825,0,7195271,-0,1198453,-0,6661639,0,0,0,0,0,0,0,0,0,0,0,0,0,0,0,0,0,0,0,0,0,0,1,1,1,False
17,98347,-14,46521,3,384959,0,2239538,-0,155451,0,718612,-0,1196101,-0,6671773,0,0,0,0,0,0,0,0,0,0,0,0,0,0,0,0,0,0,0,0,0,0,1,1,1,False
18,01943,-14,46664,3,384739,0,1344762,-0,1560579,0,7176473,-0,1191771,-0,6681506,0,0,0,0,0,0,0,0,0,0,0,0,0,0,0,0,0,0,0,0,0,0,1,1,1,False
18,05515,-14,47495,3,38449,0,07169562,-0,1564981,0,716875,-0,1188564,-0,6689333,0,0,0,0,0,0,0,0,0,0,0,0,0,0,0,0,0,0,0,0,0,0,1,1,1,False
18,09132,-14,47485,3,384473,0,07200675,-0,1563161,0,7166882,-0,1191079,-0,6691313,0,0,0,0,0,0,0,0,0,0,0,0,0,0,0,0,0,0,0,0,0,0,1,1,1,False
18,12717,-14,47478,3,384531,0,07227545,-0,1560363,0,7163601,-0,1193268,-0,6695089,0,0,0,0,0,0,0,0,0,0,0,0,0,0,0,0,0,0,0,0,0,0,1,1,1,False
18,16099,-14,47473,3,384776,0,07262474,-0,1557713,0,7157827,-0,1193538,-0,6701829,0,0,0,0,0,0,0,0,0,0,0,0,0,0,0,0,0,0,0,0,0,0,1,1,1,False
18,1944,-14,47474,3,385002,0,07283216,-0,1555654,0,7157502,-0,1187034,-0,670381,0,0,0,0,0,0,0,0,0,0,0,0,0,0,0,0,0,0,0,0,0,0,1,1,1,False
18,2276,-14,47475,3,385281,0,07306247,-0,1555547,0,7156488,-0,1178024,-0,6706507,0,0,0,0,0,0,0,0,0,0,0,0,0,0,0,0,0,0,0,0,0,0,1,1,1,False
18,26195,-14,47472,3,385367,0,07321959,-0,1556507,0,7156779,-0,1175464,-0,6706422,0,0,0,0,0,0,0,0,0,0,0,0,0,0,0,0,0,0,0,0,0,0,1,1,1,False
18,29947,-14,47469,3,385262,0,07331162,-0,1561027,0,7160933,-0,1172131,-0,6701518,0,0,0,0,0,0,0,0,0,0,0,0,0,0,0,0,0,0,0,0,0,0,1,1,1,False
18,33603,-14,47453,3,385155,0,07339006,-0,1561779,0,7161368,-0,1175532,-0,6700282,0,0,0,0,0,0,0,0,0,0,0,0,0,0,0,0,0,0,0,0,0,0,1,1,1,False
18,3709,-14,47435,3,385038,0,07350164,-0,1565349,0,7159244,-0,117855,-0,6701189,0,0,0,0,0,0,0,0,0,0,0,0,0,0,0,0,0,0,0,0,0,0,1,1,1,False
18,40426,-14,47429,3,384917,0,073556,-0,1566088,0,7159267,-0,117742,-0,670119,0,0,0,0,0,0,0,0,0,0,0,0,0,0,0,0,0,0,0,0,0,0,1,1,1,False
18,43563,-14,47427,3,384881,0,0735715,-0,1565841,0,715933,-0,1177572,-0,6701155,0,0,0,0,0,0,0,0,0,0,0,0,0,0,0,0,0,0,0,0,0,0,1,1,1,False
18,46677,-14,4742,3,384762,0,07362371,-0,1565025,0,7159536,-0,1178078,-0,6701035,0,0,0,0,0,0,0,0,0,0,0,0,0,0,0,0,0,0,0,0,0,0,1,1,1,False
18,49701,-14,47415,3,384653,0,07367115,-0,1564281,0,7159725,-0,117854,-0,6700926,0,0,0,0,0,0,0,0,0,0,0,0,0,0,0,0,0,0,0,0,0,0,1,1,1,False
18,52808,-14,47408,3,384537,0,07372194,-0,1563484,0,7159928,-0,1179034,-0,6700808,0,0,0,0,0,0,0,0,0,0,0,0,0,0,0,0,0,0,0,0,0,0,1,1,1,False
18,56306,-14,47402,3,384422,0,07377201,-0,1562699,0,7160128,-0,1179521,-0,6700693,0,0,0,0,0,0,0,0,0,0,0,0,0,0,0,0,0,0,0,0,0,0,1,1,1,False
18,59985,-14,47396,3,384301,0,07382446,-0,1561876,0,7160336,-0,1180032,-0,6700572,0,0,0,0,0,0,0,0,0,0,0,0,0,0,0,0,0,0,0,0,0,0,1,1,1,False
18,63757,-14,4739,3,384179,0,07387786,-0,1561041,0,7160548,-0,118055,-0,6700449,0,0,0,0,0,0,0,0,0,0,0,0,0,0,0,0,0,0,0,0,0,0,1,1,1,False
18,67344,-14,47383,3,384055,0,07393198,-0,1560189,0,7160764,-0,1181079,-0,6700323,0,0,0,0,0,0,0,0,0,0,0,0,0,0,0,0,0,0,0,0,0,0,1,1,1,False
18,70964,-14,47376,3,383932,0,07398587,-0,1559349,0,7160977,-0,11816,-0,67002,0,0,0,0,0,0,0,0,0,0,0,0,0,0,0,0,0,0,0,0,0,0,1,1,1,False
18,74394,-14,4737,3,383813,0,07403808,-0,1558531,0,7161185,-0,1182107,-0,6700078,0,0,0,0,0,0,0,0,0,0,0,0,0,0,0,0,0,0,0,0,0,0,1,1,1,False
18,77784,-14,47364,3,38369,0,07409149,-0,1557691,0,7161397,-0,1182628,-0,6699954,0,0,0,0,0,0,0,0,0,0,0,0,0,0,0,0,0,0,0,0,0,0,1,1,1,False
18,81056,-14,47357,3,383568,0,07414465,-0,1556858,0,7161608,-0,1183145,-0,6699831,0,0,0,0,0,0,0,0,0,0,0,0,0,0,0,0,0,0,0,0,0,0,1,1,1,False
18,84218,-14,47351,3,383454,0,07419425,-0,1556079,0,7161807,-0,1183629,-0,6699715,0,0,0,0,0,0,0,0,0,0,0,0,0,0,0,0,0,0,0,0,0,0,1,1,1,False
18,87644,-14,47345,3,383339,0,07424455,-0,1555296,0,7162005,-0,1184114,-0,6699598,0,0,0,0,0,0,0,0,0,0,0,0,0,0,0,0,0,0,0,0,0,0,1,1,1,False
18,91088,-14,47339,3,383222,0,07429557,-0,1554493,0,7162209,-0,1184613,-0,669948,0,0,0,0,0,0,0,0,0,0,0,0,0,0,0,0,0,0,0,0,0,0,1,1,1,False
18,94497,-14,47332,3,383101,0,07434803,-0,1553667,0,7162417,-0,1185125,-0,6699358,0,0,0,0,0,0,0,0,0,0,0,0,0,0,0,0,0,0,0,0,0,0,1,1,1,False
18,98047,-14,47326,3,382984,0,07439905,-0,1552867,0,716262,-0,1185621,-0,6699238,0,0,0,0,0,0,0,0,0,0,0,0,0,0,0,0,0,0,0,0,0,0,1,1,1,False
19,01623,-14,4732,3,38286,0,07445341,-0,1552017,0,7162834,-0,1186147,-0,6699113,0,0,0,0,0,0,0,0,0,0,0,0,0,0,0,0,0,0,0,0,0,0,1,1,1,False
19,05025,-14,47313,3,382734,0,07450848,-0,1551154,0,7163054,-0,1186683,-0,6698984,0,0,0,0,0,0,0,0,0,0,0,0,0,0,0,0,0,0,0,0,0,0,1,1,1,False
19,08286,-14,47307,3,382618,0,07455879,-0,1550362,0,7163253,-0,1187174,-0,6698866,0,0,0,0,0,0,0,0,0,0,0,0,0,0,0,0,0,0,0,0,0,0,1,1,1,False
19,11619,-14,47301,3,382506,0,0746079,-0,1549596,0,7163447,-0,1187649,-0,6698752,0,0,0,0,0,0,0,0,0,0,0,0,0,0,0,0,0,0,0,0,0,0,1,1,1,False
19,14873,-14,47294,3,382383,0,07466107,-0,1548759,0,7163659,-0,1188169,-0,6698627,0,0,0,0,0,0,0,0,0,0,0,0,0,0,0,0,0,0,0,0,0,0,1,1,1,False
19,18049,-14,47288,3,382271,0,07471042,-0,1547985,0,7163854,-0,1188647,-0,6698512,0,0,0,0,0,0,0,0,0,0,0,0,0,0,0,0,0,0,0,0,0,0,1,1,1,False
19,21346,-14,47282,3,382157,0,07475977,-0,1547208,0,7164051,-0,118913,-0,6698395,0,0,0,0,0,0,0,0,0,0,0,0,0,0,0,0,0,0,0,0,0,0,1,1,1,False
19,2466,-14,47276,3,382042,0,07481008,-0,1546423,0,7164249,-0,1189617,-0,6698278,0,0,0,0,0,0,0,0,0,0,0,0,0,0,0,0,0,0,0,0,0,0,1,1,1,False
19,2815,-14,4727,3,381925,0,07486134,-0,1545619,0,7164452,-0,1190115,-0,6698158,0,0,0,0,0,0,0,0,0,0,0,0,0,0,0,0,0,0,0,0,0,0,1,1,1,False
19,31773,-14,47264,3,381801,0,07491522,-0,1544772,0,7164666,-0,1190641,-0,6698031,0,0,0,0,0,0,0,0,0,0,0,0,0,0,0,0,0,0,0,0,0,0,1,1,1,False
19,3528,-14,47257,3,381676,0,07496958,-0,154392,0,7164881,-0,1191168,-0,6697904,0,0,0,0,0,0,0,0,0,0,0,0,0,0,0,0,0,0,0,0,0,0,1,1,1,False
19,38941,-14,47251,3,381555,0,07502275,-0,154309,0,7165091,-0,1191684,-0,6697779,0,0,0,0,0,0,0,0,0,0,0,0,0,0,0,0,0,0,0,0,0,0,1,1,1,False
19,42559,-14,47244,3,381433,0,07507568,-0,1542259,0,7165301,-0,1192198,-0,6697655,0,0,0,0,0,0,0,0,0,0,0,0,0,0,0,0,0,0,0,0,0,0,1,1,1,False
19,46102,-14,47237,3,381309,0,0751298,-0,154141,0,7165515,-0,1192725,-0,6697528,0,0,0,0,0,0,0,0,0,0,0,0,0,0,0,0,0,0,0,0,0,0,1,1,1,False
19,49459,-14,47231,3,381181,0,07518607,-0,1540532,0,7165737,-0,119327,-0,6697395,0,0,0,0,0,0,0,0,0,0,0,0,0,0,0,0,0,0,0,0,0,0,1,1,1,False
19,52578,-14,47224,3,381061,0,07523828,-0,1539711,0,7165943,-0,1193778,-0,6697272,0,0,0,0,0,0,0,0,0,0,0,0,0,0,0,0,0,0,0,0,0,0,1,1,1,False
19,55757,-14,47219,3,380957,0,0752831,-0,1539002,0,7166122,-0,1194217,-0,6697165,0,0,0,0,0,0,0,0,0,0,0,0,0,0,0,0,0,0,0,0,0,0,1,1,1,False
19,59015,-14,47212,3,380835,0,07533651,-0,1538167,0,7166333,-0,1194735,-0,669704,0,0,0,0,0,0,0,0,0,0,0,0,0,0,0,0,0,0,0,0,0,0,1,1,1,False
19,62223,-14,47207,3,380726,0,07538419,-0,153742,0,716652,-0,1195198,-0,6696927,0,0,0,0,0,0,0,0,0,0,0,0,0,0,0,0,0,0,0,0,0,0,1,1,1,False
19,65551,-14,472,3,380609,0,07543498,-0,1536624,0,7166722,-0,1195692,-0,6696807,0,0,0,0,0,0,0,0,0,0,0,0,0,0,0,0,0,0,0,0,0,0,1,1,1,False
19,68984,-14,47194,3,380488,0,0754879,-0,1535791,0,7166931,-0,1196208,-0,6696681,0,0,0,0,0,0,0,0,0,0,0,0,0,0,0,0,0,0,0,0,0,0,1,1,1,False
19,72451,-14,47188,3,380372,0,07553869,-0,1534999,0,7167131,-0,1196699,-0,6696562,0,0,0,0,0,0,0,0,0,0,0,0,0,0,0,0,0,0,0,0,0,0,1,1,1,False
19,76086,-14,47181,3,38025,0,07559185,-0,1534164,0,7167341,-0,1197217,-0,6696435,0,0,0,0,0,0,0,0,0,0,0,0,0,0,0,0,0,0,0,0,0,0,1,1,1,False
19,79788,-14,47175,3,380122,0,07564741,-0,1533293,0,7167561,-0,1197757,-0,6696303,0,0,0,0,0,0,0,0,0,0,0,0,0,0,0,0,0,0,0,0,0,0,1,1,1,False
19,8358,-14,46475,3,395994,0,08441453,-0,1389921,0,6961324,-0,1003815,-0,6971403,0,0,0,0,0,0,0,0,0,0,0,0,0,0,0,0,0,0,0,0,0,0,1,1,1,False
19,87266,-14,46475,3,395994,0,08441453,-0,1389921,0,6961324,-0,1003815,-0,6971403,0,0,0,0,0,0,0,0,0,0,0,0,0,0,0,0,0,0,0,0,0,0,1,1,1,False
19,90881,-14,46475,3,395994,0,08441453,-0,1389921,0,6961324,-0,1003815,-0,6971403,0,0,0,0,0,0,0,0,0,0,0,0,0,0,0,0,0,0,0,0,0,0,1,1,1,False
19,94329,-14,45338,3,400792,0,1085218,-0,1403401,0,6662218,-0,08071545,-0,7279686,0,0,0,0,0,0,0,0,0,0,0,0,0,0,0,0,0,0,0,0,0,0,1,1,1,False
19,97446,-14,45343,3,401207,0,1085363,-0,139892,0,6663256,-0,07964091,-0,7280782,0,0,0,0,0,0,0,0,0,0,0,0,0,0,0,0,0,0,0,0,0,0,1,1,1,False
20,00253,-14,45418,3,40362,0,1078096,-0,1367238,0,6670836,-0,07323045,-0,7286587,0,0,0,0,0,0,0,0,0,0,0,0,0,0,0,0,0,0,0,0,0,0,1,1,1,False
20,02721,-14,45446,3,40385,0,1072526,-0,1370168,0,6677874,-0,07306036,-0,7279757,0,0,0,0,0,0,0,0,0,0,0,0,0,0,0,0,0,0,0,0,0,0,1,1,1,False
20,05,-14,45466,3,403946,0,1067997,-0,1374067,0,6684648,-0,07335987,-0,7272501,0,0,0,0,0,0,0,0,0,0,0,0,0,0,0,0,0,0,0,0,0,0,1,1,1,False
20,07215,-14,45488,3,403704,0,1060999,-0,1379966,0,6694087,-0,07446976,-0,7261564,0,0,0,0,0,0,0,0,0,0,0,0,0,0,0,0,0,0,0,0,0,0,1,1,1,False
20,10078,-14,4553,3,403286,0,1050313,-0,1389272,0,6707143,-0,07581673,-0,7246333,0,0,0,0,0,0,0,0,0,0,0,0,0,0,0,0,0,0,0,0,0,0,1,1,1,False
20,13022,-14,45555,3,403059,0,1046083,-0,1390641,0,6710098,-0,07590629,-0,724324,0,0,0,0,0,0,0,0,0,0,0,0,0,0,0,0,0,0,0,0,0,0,1,1,1,False
20,16131,-14,45588,3,402477,0,1038714,-0,1402381,0,6708879,-0,07690983,-0,7241049,0,0,0,0,0,0,0,0,0,0,0,0,0,0,0,0,0,0,0,0,0,0,1,1,1,False
20,19342,-14,45621,3,401858,0,1029945,-0,1415383,0,6708168,-0,07753726,-0,7238506,0,0,0,0,0,0,0,0,0,0,0,0,0,0,0,0,0,0,0,0,0,0,1,1,1,False
20,22427,-14,45668,3,401486,0,1020115,-0,1420721,0,6706025,-0,07806177,-0,7238883,0,0,0,0,0,0,0,0,0,0,0,0,0,0,0,0,0,0,0,0,0,0,1,1,1,False
20,25466,-14,45733,3,401356,0,1009532,-0,1409873,0,6703818,-0,07874733,-0,7242305,0,0,0,0,0,0,0,0,0,0,0,0,0,0,0,0,0,0,0,0,0,0,1,1,1,False
20,28751,-14,45823,3,401584,0,09970861,-0,1387544,0,6713891,-0,07935248,-0,7236623,0,0,0,0,0,0,0,0,0,0,0,0,0,0,0,0,0,0,0,0,0,0,1,1,1,False
20,3212,-14,45884,3,40153,0,0984376,-0,1368961,0,673334,-0,08187287,-0,7219263,0,0,0,0,0,0,0,0,0,0,0,0,0,0,0,0,0,0,0,0,0,0,1,1,1,False
20,35687,-14,45912,3,401316,0,09735446,-0,1353751,0,6745787,-0,08539485,-0,7206421,0,0,0,0,0,0,0,0,0,0,0,0,0,0,0,0,0,0,0,0,0,0,1,1,1,False
20,39246,-14,45912,3,400791,0,09679943,-0,1329683,0,6756652,-0,08781955,-0,7197804,0,0,0,0,0,0,0,0,0,0,0,0,0,0,0,0,0,0,0,0,0,0,1,1,1,False
20,42623,-14,4585,3,399877,0,09658866,-0,1322731,0,6762344,-0,09128474,-0,7189422,0,0,0,0,0,0,0,0,0,0,0,0,0,0,0,0,0,0,0,0,0,0,1,1,1,False
20,45918,-14,45729,3,398901,0,09677582,-0,1343265,0,6752445,-0,09443408,-0,7190852,0,0,0,0,0,0,0,0,0,0,0,0,0,0,0,0,0,0,0,0,0,0,1,1,1,False
20,49159,-14,45584,3,398802,0,09759002,-0,1361923,0,6719403,-0,0934666,-0,7219502,0,0,0,0,0,0,0,0,0,0,0,0,0,0,0,0,0,0,0,0,0,0,1,1,1,False
20,52222,-14,45466,3,399556,0,0985859,-0,1353252,0,6693368,-0,08963073,-0,7250116,0,0,0,0,0,0,0,0,0,0,0,0,0,0,0,0,0,0,0,0,0,0,1,1,1,False
20,55196,-14,45364,3,400682,0,09948688,-0,1332718,0,6672715,-0,086413,-0,7276814,0,0,0,0,0,0,0,0,0,0,0,0,0,0,0,0,0,0,0,0,0,0,1,1,1,False
20,58246,-14,45282,3,402107,0,100348,-0,1300312,0,6661432,-0,08429521,-0,7295475,0,0,0,0,0,0,0,0,0,0,0,0,0,0,0,0,0,0,0,0,0,0,1,1,1,False
20,61257,-14,45228,3,403501,0,1010933,-0,1270966,0,6650661,-0,08313415,-0,7311788,0,0,0,0,0,0,0,0,0,0,0,0,0,0,0,0,0,0,0,0,0,0,1,1,1,False
20,64344,-14,45198,3,404646,0,1018034,-0,124054,0,664936,-0,08241164,-0,731901,0,0,0,0,0,0,0,0,0,0,0,0,0,0,0,0,0,0,0,0,0,0,1,1,1,False
20,6756,-14,45173,3,405327,0,102618,-0,1223092,0,665027,-0,08276907,-0,7320716,0,0,0,0,0,0,0,0,0,0,0,0,0,0,0,0,0,0,0,0,0,0,1,1,1,False
20,70859,-14,45156,3,405861,0,1037303,-0,1212465,0,6646816,-0,08340628,-0,7324896,0,0,0,0,0,0,0,0,0,0,0,0,0,0,0,0,0,0,0,0,0,0,1,1,1,False
20,74478,-14,45173,3,406031,0,1052335,-0,1218562,0,6631359,-0,08286163,-0,7338501,0,0,0,0,0,0,0,0,0,0,0,0,0,0,0,0,0,0,0,0,0,0,1,1,1,False
20,78426,-14,45198,3,405802,0,106828,-0,1248535,0,6604375,-0,08148678,-0,7359306,0,0,0,0,0,0,0,0,0,0,0,0,0,0,0,0,0,0,0,0,0,0,1,1,1,False
20,82469,-14,45213,3,405146,0,1085272,-0,1280832,0,6582355,-0,07986307,-0,7375247,0,0,0,0,0,0,0,0,0,0,0,0,0,0,0,0,0,0,0,0,0,0,1,1,1,False
20,86831,-14,45218,3,404422,0,1099532,-0,1327796,0,6552957,-0,07866909,-0,7394379,0,0,0,0,0,0,0,0,0,0,0,0,0,0,0,0,0,0,0,0,0,0,1,1,1,False
20,91268,-14,45234,3,403805,0,1112836,-0,1354709,0,6525441,-0,07762758,-0,7414903,0,0,0,0,0,0,0,0,0,0,0,0,0,0,0,0,0,0,0,0,0,0,1,1,1,False
20,95717,-14,45247,3,403674,0,112484,-0,1355088,0,6511317,-0,07650313,-0,7428407,0,0,0,0,0,0,0,0,0,0,0,0,0,0,0,0,0,0,0,0,0,0,1,1,1,False
20,99945,-14,45243,3,404016,0,1137283,-0,1334489,0,6500171,-0,07631973,-0,7442074,0,0,0,0,0,0,0,0,0,0,0,0,0,0,0,0,0,0,0,0,0,0,1,1,1,False
21,04137,-14,45214,3,40467,0,1148589,-0,1316751,0,6490404,-0,07476185,-0,7455328,0,0,0,0,0,0,0,0,0,0,0,0,0,0,0,0,0,0,0,0,0,0,1,1,1,False
21,08142,-14,45162,3,404939,0,116102,-0,1316241,0,6461836,-0,07191788,-0,7482979,0,0,0,0,0,0,0,0,0,0,0,0,0,0,0,0,0,0,0,0,0,0,1,1,1,False
21,11972,-14,45041,3,404386,0,1170087,-0,134627,0,6451228,-0,07214561,-0,748657,0,0,0,0,0,0,0,0,0,0,0,0,0,0,0,0,0,0,0,0,0,0,1,1,1,False
21,15611,-14,44915,3,404343,0,1178368,-0,137021,0,6445784,-0,07161376,-0,7487426,0,0,0,0,0,0,0,0,0,0,0,0,0,0,0,0,0,0,0,0,0,0,1,1,1,False
21,19268,-14,44875,3,405446,0,1186977,-0,1351278,0,6438205,-0,06727981,-0,7501394,0,0,0,0,0,0,0,0,0,0,0,0,0,0,0,0,0,0,0,0,0,0,1,1,1,False
21,22926,-14,44859,3,407144,0,1199606,-0,1317201,0,6427316,-0,06253583,-0,7520873,0,0,0,0,0,0,0,0,0,0,0,0,0,0,0,0,0,0,0,0,0,0,1,1,1,False
21,26679,-14,44828,3,407915,0,1207762,-0,1314143,0,6410097,-0,06015636,-0,7538024,0,0,0,0,0,0,0,0,0,0,0,0,0,0,0,0,0,0,0,0,0,0,1,1,1,False
21,30941,-14,44789,3,407921,0,1213377,-0,1312321,0,641021,-0,06061272,-0,7537881,0,0,0,0,0,0,0,0,0,0,0,0,0,0,0,0,0,0,0,0,0,0,1,1,1,False
21,35321,-14,44748,3,406724,0,1215814,-0,1336901,0,6406966,-0,06421409,-0,7533336,0,0,0,0,0,0,0,0,0,0,0,0,0,0,0,0,0,0,0,0,0,0,1,1,1,False
21,39641,-14,44748,3,405473,0,1219068,-0,135323,0,639584,-0,06712946,-0,7537332,0,0,0,0,0,0,0,0,0,0,0,0,0,0,0,0,0,0,0,0,0,0,1,1,1,False
21,43895,-14,44782,3,404374,0,1222539,-0,136381,0,6396623,-0,06740704,-0,7534512,0,0,0,0,0,0,0,0,0,0,0,0,0,0,0,0,0,0,0,0,0,0,1,1,1,False
21,48052,-14,44819,3,40363,0,1222444,-0,1407015,0,6396648,-0,06643102,-0,7527411,0,0,0,0,0,0,0,0,0,0,0,0,0,0,0,0,0,0,0,0,0,0,1,1,1,False
21,52119,-14,44823,3,4029,0,122341,-0,1431041,0,6407194,-0,06738256,-0,7513052,0,0,0,0,0,0,0,0,0,0,0,0,0,0,0,0,0,0,0,0,0,0,1,1,1,False
21,55879,-14,4484,3,402519,0,122356,-0,1455269,0,6420499,-0,06643724,-0,7497867,0,0,0,0,0,0,0,0,0,0,0,0,0,0,0,0,0,0,0,0,0,0,1,1,1,False
21,59166,-14,44889,3,40293,0,1222854,-0,1454816,0,6434183,-0,06299561,-0,748919,0,0,0,0,0,0,0,0,0,0,0,0,0,0,0,0,0,0,0,0,0,0,1,1,1,False
21,62248,-14,4493,3,403472,0,1222351,-0,1432983,0,6450699,-0,06016766,-0,7481514,0,0,0,0,0,0,0,0,0,0,0,0,0,0,0,0,0,0,0,0,0,0,1,1,1,False
21,65551,-14,44961,3,403541,0,1218374,-0,1430445,0,6457852,-0,05697699,-0,7478325,0,0,0,0,0,0,0,0,0,0,0,0,0,0,0,0,0,0,0,0,0,0,1,1,1,False
21,6912,-14,44958,3,403131,0,1213525,-0,1453619,0,6467217,-0,05837585,-0,7464673,0,0,0,0,0,0,0,0,0,0,0,0,0,0,0,0,0,0,0,0,0,0,1,1,1,False
21,73006,-14,44952,3,402311,0,1206606,-0,1465413,0,65108,-0,06295886,-0,7420624,0,0,0,0,0,0,0,0,0,0,0,0,0,0,0,0,0,0,0,0,0,0,1,1,1,False
21,77107,-14,45044,3,403154,0,1209784,-0,144777,0,6523747,-0,06292035,-0,7412746,0,0,0,0,0,0,0,0,0,0,0,0,0,0,0,0,0,0,0,0,0,0,1,1,1,False
21,81359,-14,45147,3,404207,0,1219898,-0,1432372,0,6512067,-0,05976333,-0,7428603,0,0,0,0,0,0,0,0,0,0,0,0,0,0,0,0,0,0,0,0,0,0,1,1,1,False
21,85806,-14,4517,3,404163,0,1231201,-0,1452471,0,6496573,-0,05850963,-0,7439257,0,0,0,0,0,0,0,0,0,0,0,0,0,0,0,0,0,0,0,0,0,0,1,1,1,False
21,90239,-14,45174,3,40334,0,1246286,-0,1488367,0,6477249,-0,05710292,-0,7450097,0,0,0,0,0,0,0,0,0,0,0,0,0,0,0,0,0,0,0,0,0,0,1,1,1,False
21,94435,-14,45192,3,402643,0,1263245,-0,1494614,0,6450201,-0,05710538,-0,747228,0,0,0,0,0,0,0,0,0,0,0,0,0,0,0,0,0,0,0,0,0,0,1,1,1,False
21,98474,-14,4518,3,401727,0,1283253,-0,1488623,0,6411288,-0,05752501,-0,7506563,0,0,0,0,0,0,0,0,0,0,0,0,0,0,0,0,0,0,0,0,0,0,1,1,1,False
22,02358,-14,45129,3,400432,0,1295291,-0,1522255,0,6353493,-0,05732903,-0,7548987,0,0,0,0,0,0,0,0,0,0,0,0,0,0,0,0,0,0,0,0,0,0,1,1,1,False
22,06011,-14,45058,3,398903,0,1303206,-0,1549931,0,6327247,-0,06076896,-0,7562696,0,0,0,0,0,0,0,0,0,0,0,0,0,0,0,0,0,0,0,0,0,0,1,1,1,False
22,09686,-14,45004,3,39816,0,1310616,-0,1560778,0,6292354,-0,06293672,-0,7587764,0,0,0,0,0,0,0,0,0,0,0,0,0,0,0,0,0,0,0,0,0,0,1,1,1,False
22,13337,-14,44984,3,398475,0,1318005,-0,1536865,0,626799,-0,06358752,-0,7612227,0,0,0,0,0,0,0,0,0,0,0,0,0,0,0,0,0,0,0,0,0,0,1,1,1,False
22,17109,-14,44961,3,39909,0,1321817,-0,1520461,0,6245205,-0,06274775,-0,7634914,0,0,0,0,0,0,0,0,0,0,0,0,0,0,0,0,0,0,0,0,0,0,1,1,1,False
22,21055,-14,44936,3,399561,0,1322115,-0,1518726,0,6216666,-0,06130697,-0,765968,0,0,0,0,0,0,0,0,0,0,0,0,0,0,0,0,0,0,0,0,0,0,1,1,1,False
22,25081,-14,44907,3,399444,0,1317154,-0,15268,0,6205692,-0,06123009,-0,7667032,0,0,0,0,0,0,0,0,0,0,0,0,0,0,0,0,0,0,0,0,0,0,1,1,1,False
22,2926,-14,44901,3,399193,0,1308952,-0,1526989,0,6211859,-0,06179726,-0,7661542,0,0,0,0,0,0,0,0,0,0,0,0,0,0,0,0,0,0,0,0,0,0,1,1,1,False
22,33471,-14,44958,3,399519,0,129984,-0,1513632,0,6213674,-0,06070431,-0,7663595,0,0,0,0,0,0,0,0,0,0,0,0,0,0,0,0,0,0,0,0,0,0,1,1,1,False
22,37614,-14,45018,3,399655,0,1294079,-0,1505658,0,6206154,-0,06027267,-0,7671596,0,0,0,0,0,0,0,0,0,0,0,0,0,0,0,0,0,0,0,0,0,0,1,1,1,False
22,41599,-14,45067,3,399556,0,128675,-0,1513682,0,6202793,-0,06224361,-0,7671161,0,0,0,0,0,0,0,0,0,0,0,0,0,0,0,0,0,0,0,0,0,0,1,1,1,False
22,45779,-14,45121,3,399487,0,1281064,-0,1515274,0,6201016,-0,06461337,-0,7670324,0,0,0,0,0,0,0,0,0,0,0,0,0,0,0,0,0,0,0,0,0,0,1,1,1,False
22,49565,-14,45194,3,399668,0,1277671,-0,1502876,0,6192423,-0,06549824,-0,767895,0,0,0,0,0,0,0,0,0,0,0,0,0,0,0,0,0,0,0,0,0,0,1,1,1,False
22,52982,-14,45252,3,39969,0,1275395,-0,1495654,0,6189823,-0,06632068,-0,768175,0,0,0,0,0,0,0,0,0,0,0,0,0,0,0,0,0,0,0,0,0,0,1,1,1,False
22,563,-14,45297,3,399336,0,1271768,-0,1499942,0,6181815,-0,06674037,-0,7686997,0,0,0,0,0,0,0,0,0,0,0,0,0,0,0,0,0,0,0,0,0,0,1,1,1,False
22,59741,-14,43739,3,398837,0,2112704,-0,1508425,0,6181922,-0,0677632,-0,7684356,0,0,0,0,0,0,0,0,0,0,0,0,0,0,0,0,0,0,0,0,0,0,1,1,1,False
22,63177,-14,42786,3,398276,0,2960039,-0,1518798,0,6194794,-0,06979258,-0,7670117,0,0,0,0,0,0,0,0,0,0,0,0,0,0,0,0,0,0,0,0,0,0,1,1,1,False
22,66673,-14,42823,3,398012,0,3828059,-0,1516641,0,6204206,-0,07087785,-0,7661937,0,0,0,0,0,0,0,0,0,0,0,0,0,0,0,0,0,0,0,0,0,0,1,1,1,False
22,70485,-14,43722,3,397933,0,4747553,-0,1511307,0,6211995,-0,07161667,-0,765599,0,0,0,0,0,0,0,0,0,0,0,0,0,0,0,0,0,0,0,0,0,0,1,1,1,False
22,74486,-14,43709,3,397949,0,4741471,-0,1511534,0,6222975,-0,07289992,-0,764581,0,0,0,0,0,0,0,0,0,0,0,0,0,0,0,0,0,0,0,0,0,0,1,1,1,False
22,78854,-14,43687,3,398122,0,4737456,-0,1504396,0,6236807,-0,07390302,-0,7634977,0,0,0,0,0,0,0,0,0,0,0,0,0,0,0,0,0,0,0,0,0,0,1,1,1,False
22,83372,-14,43664,3,398503,0,4733572,-0,149126,0,6246791,-0,07349493,-0,7629784,0,0,0,0,0,0,0,0,0,0,0,0,0,0,0,0,0,0,0,0,0,0,1,1,1,False
22,87926,-14,43637,3,398824,0,4732225,-0,1481373,0,6255355,-0,07303359,-0,7625135,0,0,0,0,0,0,0,0,0,0,0,0,0,0,0,0,0,0,0,0,0,0,1,1,1,False
22,9199,-14,43607,3,399032,0,4732456,-0,1477325,0,6261486,-0,0728405,-0,7621072,0,0,0,0,0,0,0,0,0,0,0,0,0,0,0,0,0,0,0,0,0,0,1,1,1,False
22,95965,-14,43591,3,399107,0,4734869,-0,1478592,0,625486,-0,07248155,-0,7626608,0,0,0,0,0,0,0,0,0,0,0,0,0,0,0,0,0,0,0,0,0,0,1,1,1,False
22,99675,-14,43576,3,399179,0,4738407,-0,1481036,0,6248485,-0,07226022,-0,7631567,0,0,0,0,0,0,0,0,0,0,0,0,0,0,0,0,0,0,0,0,0,0,1,1,1,False
23,02964,-14,43577,3,399286,0,4741771,-0,1481386,0,6242349,-0,07255284,-0,7636242,0,0,0,0,0,0,0,0,0,0,0,0,0,0,0,0,0,0,0,0,0,0,1,1,1,False
23,05721,-14,43584,3,39941,0,4745126,-0,1480864,0,6234588,-0,0726101,-0,7642627,0,0,0,0,0,0,0,0,0,0,0,0,0,0,0,0,0,0,0,0,0,0,1,1,1,False
23,08553,-14,43599,3,399573,0,4746842,-0,1478807,0,6231709,-0,07233956,-0,7645629,0,0,0,0,0,0,0,0,0,0,0,0,0,0,0,0,0,0,0,0,0,0,1,1,1,False
23,11731,-14,43617,3,399758,0,4748471,-0,1618079,0,282546,-0,01082477,-0,9454464,0,0,0,0,0,0,0,0,0,0,0,0,0,0,0,0,0,0,0,0,0,0,1,1,1,False
23,15422,-14,4362,3,39982,0,4749467,-0,161631,0,2822433,-0,01065775,-0,9455689,0,0,0,0,0,0,0,0,0,0,0,0,0,0,0,0,0,0,0,0,0,0,1,1,1,False
23,1982,-14,43638,3,399775,0,4749537,-0,1617208,0,2818798,-0,01045638,-0,9456642,0,0,0,0,0,0,0,0,0,0,0,0,0,0,0,0,0,0,0,0,0,0,1,1,1,False
23,24312,-14,43669,3,399729,0,4748988,-0,1614624,0,2821995,-0,01083712,-0,9456089,0,0,0,0,0,0,0,0,0,0,0,0,0,0,0,0,0,0,0,0,0,0,1,1,1,False
23,28507,-14,43709,3,399635,0,4747226,-0,1614674,0,2825123,-0,01188486,-0,9455019,0,0,0,0,0,0,0,0,0,0,0,0,0,0,0,0,0,0,0,0,0,0,1,1,1,False
23,32826,-14,43741,3,399633,0,4746008,-0,1613025,0,2826203,-0,01283746,-0,9454854,0,0,0,0,0,0,0,0,0,0,0,0,0,0,0,0,0,0,0,0,0,0,1,1,1,False
23,36875,-14,43773,3,399717,0,4745595,-0,1606977,0,2826676,-0,01361492,-0,9455633,0,0,0,0,0,0,0,0,0,0,0,0,0,0,0,0,0,0,0,0,0,0,1,1,1,False
23,41675,-14,43799,3,399789,0,4744494,-0,1604992,0,2824897,-0,01425886,-0,9456406,0,0,0,0,0,0,0,0,0,0,0,0,0,0,0,0,0,0,0,0,0,0,1,1,1,False
23,46357,-14,43828,3,399752,0,4743712,-0,1606698,0,2822425,-0,01437245,-0,9456838,0,0,0,0,0,0,0,0,0,0,0,0,0,0,0,0,0,0,0,0,0,0,1,1,1,False
23,51012,-14,43854,3,399731,0,4743068,-0,1604689,0,2824482,-0,01456159,-0,9456536,0,0,0,0,0,0,0,0,0,0,0,0,0,0,0,0,0,0,0,0,0,0,1,1,1,False
23,5537,-14,43871,3,399705,0,4743719,-0,1605236,0,2820737,-0,01533558,-0,9457439,0,0,0,0,0,0,0,0,0,0,0,0,0,0,0,0,0,0,0,0,0,0,1,1,1,False
23,59731,-14,43859,3,39978,0,4746215,-0,1600359,0,2804586,-0,0161617,-0,9462929,0,0,0,0,0,0,0,0,0,0,0,0,0,0,0,0,0,0,0,0,0,0,1,1,1,False
23,64067,-14,43818,3,399775,0,4751916,-0,1599592,0,2772098,-0,01694623,-0,9472489,0,0,0,0,0,0,0,0,0,0,0,0,0,0,0,0,0,0,0,0,0,0,1,1,1,False
23,6831,-14,43723,3,399696,0,4760118,-0,15283,-0,1112096,0,04399606,-0,9809892,0,0,0,0,0,0,0,0,0,0,0,0,0,0,0,0,0,0,0,0,0,0,1,1,1,False
23,72359,-14,43488,3,399416,0,4754794,-0,1543072,-0,1209842,0,03873475,-0,9798223,0,0,0,0,0,0,0,0,0,0,0,0,0,0,0,0,0,0,0,0,0,0,1,1,1,False
23,76217,-14,43106,3,398662,0,4744666,-0,1577777,-0,1360824,0,02878049,-0,9776296,0,0,0,0,0,0,0,0,0,0,0,0,0,0,0,0,0,0,0,0,0,0,1,1,1,False
23,80105,-14,42631,3,397737,0,4731638,-0,1626205,-0,1555151,0,01427766,-0,9742514,0,0,0,0,0,0,0,0,0,0,0,0,0,0,0,0,0,0,0,0,0,0,1,1,1,False
23,85255,-14,42111,3,396816,0,4715786,-0,1678561,-0,1787535,-0,0001496377,-0,9694697,0,0,0,0,0,0,0,0,0,0,0,0,0,0,0,0,0,0,0,0,0,0,1,1,1,False
23,90184,-14,41682,3,396254,0,4703441,-0,1711648,-0,1987904,-0,007096161,-0,9649532,0,0,0,0,0,0,0,0,0,0,0,0,0,0,0,0,0,0,0,0,0,0,1,1,1,False
23,95169,-14,41321,3,395965,0,4695554,-0,1723118,-0,2148814,-0,01026759,-0,9612644,0,0,0,0,0,0,0,0,0,0,0,0,0,0,0,0,0,0,0,0,0,0,1,1,1,False
24,00392,-14,41085,3,395399,0,4692683,-0,1730859,-0,2245239,-0,008171913,-0,9589388,0,0,0,0,0,0,0,0,0,0,0,0,0,0,0,0,0,0,0,0,0,0,1,1,1,False
24,05966,-14,41006,3,394668,0,4692981,-0,1743917,-0,2267378,-0,003736656,-0,9582086,0,0,0,0,0,0,0,0,0,0,0,0,0,0,0,0,0,0,0,0,0,0,1,1,1,False
24,11628,-14,41009,3,393661,0,4700146,-0,1752037,-0,2241683,0,003103363,-0,9586672,0,0,0,0,0,0,0,0,0,0,0,0,0,0,0,0,0,0,0,0,0,0,1,1,1,False
24,17331,-14,41064,3,392601,0,4710009,-0,1770517,-0,2180159,0,007381327,-0,9597226,0,0,0,0,0,0,0,0,0,0,0,0,0,0,0,0,0,0,0,0,0,0,1,1,1,False
24,22577,-14,41085,3,391315,0,4718146,-0,1817163,-0,2140198,0,005252178,-0,9597641,0,0,0,0,0,0,0,0,0,0,0,0,0,0,0,0,0,0,0,0,0,0,1,1,1,False
24,27864,-14,41084,3,390173,0,4724135,-0,1858457,-0,2130517,0,001919174,-0,9592012,0,0,0,0,0,0,0,0,0,0,0,0,0,0,0,0,0,0,0,0,0,0,1,1,1,False
24,3304,-14,41142,3,389331,0,4733863,-0,1872833,-0,2110698,0,002187401,-0,9593591,0,0,0,0,0,0,0,0,0,0,0,0,0,0,0,0,0,0,0,0,0,0,1,1,1,False
24,38156,-14,41237,3,389,0,4742272,-0,1878486,-0,2073809,0,003638089,-0,9600484,0,0,0,0,0,0,0,0,0,0,0,0,0,0,0,0,0,0,0,0,0,0,1,1,1,False
24,43306,-14,38644,3,388994,0,4626296,-0,1876333,-0,2021723,0,005735951,-0,9611906,0,0,0,0,0,0,0,0,0,0,0,0,0,0,0,0,0,0,0,0,0,0,1,1,1,False
24,4835,-14,35554,3,388862,0,4508743,-0,1878849,-0,1869857,0,01000933,-0,9641761,0,0,0,0,0,0,0,0,0,0,0,0,0,0,0,0,0,0,0,0,0,0,1,1,1,False
24,53687,-14,32508,3,388326,0,4416285,-0,1876623,-0,1604445,0,01848822,-0,9688647,0,0,0,0,0,0,0,0,0,0,0,0,0,0,0,0,0,0,0,0,0,0,1,1,1,False
24,58826,-14,33642,3,387686,0,4456263,-0,1862375,-0,1179788,0,03217439,-0,9748648,0,0,0,0,0,0,0,0,0,0,0,0,0,0,0,0,0,0,0,0,0,0,1,1,1,False
24,64201,-14,3514,3,386765,0,4495113,-0,1859424,-0,06241009,0,04768876,-0,9794163,0,0,0,0,0,0,0,0,0,0,0,0,0,0,0,0,0,0,0,0,0,0,1,1,1,False
24,69512,-14,36678,3,386151,0,4521999,-0,186729,-0,007311299,0,05577311,-0,9807999,0,0,0,0,0,0,0,0,0,0,0,0,0,0,0,0,0,0,0,0,0,0,1,1,1,False
24,74816,-14,38273,3,38617,0,4537311,-0,1871673,0,04291843,0,06434707,-0,9792783,0,0,0,0,0,0,0,0,0,0,0,0,0,0,0,0,0,0,0,0,0,0,1,1,1,False
24,79916,-14,39682,3,386025,0,4542296,-0,1866108,0,08743212,0,06265609,-0,9765278,0,0,0,0,0,0,0,0,0,0,0,0,0,0,0,0,0,0,0,0,0,0,1,1,1,False
24,84922,-14,40761,3,385173,0,453912,-0,1891356,0,1181619,0,05778777,-0,9731013,0,0,0,0,0,0,0,0,0,0,0,0,0,0,0,0,0,0,0,0,0,0,1,1,1,False
24,89534,-14,41397,3,384023,0,4537773,-0,1924094,0,1327064,0,05111816,-0,9709556,0,0,0,0,0,0,0,0,0,0,0,0,0,0,0,0,0,0,0,0,0,0,1,1,1,False
24,93556,-14,41606,3,382854,0,4542363,-0,1954542,0,1307447,0,04313254,-0,9710011,0,0,0,0,0,0,0,0,0,0,0,0,0,0,0,0,0,0,0,0,0,0,1,1,1,False
24,96951,-14,41385,3,382035,0,4552841,-0,1976711,0,1137365,0,03607336,-0,9729794,0,0,0,0,0,0,0,0,0,0,0,0,0,0,0,0,0,0,0,0,0,0,1,1,1,False
24,99852,-14,40997,3,381429,0,4564505,-0,1990732,0,09263271,0,0316578,-0,975083,0,0,0,0,0,0,0,0,0,0,0,0,0,0,0,0,0,0,0,0,0,0,1,1,1,False
25,02378,-14,4049,3,380872,0,4574285,-0,200748,0,06834529,0,02813551,-0,9768509,0,0,0,0,0,0,0,0,0,0,0,0,0,0,0,0,0,0,0,0,0,0,1,1,1,False
25,05097,-14,39862,3,380297,0,4582431,-0,2017031,0,04176477,0,02170582,-0,9783152,0,0,0,0,0,0,0,0,0,0,0,0,0,0,0,0,0,0,0,0,0,0,1,1,1,False
25,08075,-14,39069,3,379742,0,4587109,-0,203193,0,01006845,0,01351703,-0,9789937,0,0,0,0,0,0,0,0,0,0,0,0,0,0,0,0,0,0,0,0,0,0,1,1,1,False
25,11556,-14,38324,3,37936,0,4587755,0,01383874,-0,9781485,0,2066161,0,01854266,0,0,0,0,0,0,0,0,0,0,0,0,0,0,0,0,0,0,0,0,0,0,1,1,1,False
25,14959,-14,39202,3,378953,0,4593225,0,00546727,-0,976854,0,207788,0,05050442,0,0,0,0,0,0,0,0,0,0,0,0,0,0,0,0,0,0,0,0,0,0,1,1,1,False
25,20984,-14,40567,3,378539,0,4611831,-0,005549665,-0,9730094,0,2103056,0,0948347,0,0,0,0,0,0,0,0,0,0,0,0,0,0,0,0,0,0,0,0,0,0,1,1,1,False
25,2788,-14,41758,3,378361,0,4637103,-0,00380555,-0,9683732,0,2130233,0,1298464,0,0,0,0,0,0,0,0,0,0,0,0,0,0,0,0,0,0,0,0,0,0,1,1,1,False
25,33463,-14,42473,3,378488,0,4657536,-0,0004695747,-0,9655626,0,2138858,0,148127,0,0,0,0,0,0,0,0,0,0,0,0,0,0,0,0,0,0,0,0,0,0,1,1,1,False
25,39538,-14,43067,3,379014,0,4677052,0,0006192785,-0,9639793,0,2130256,0,1592598,0,0,0,0,0,0,0,0,0,0,0,0,0,0,0,0,0,0,0,0,0,0,1,1,1,False
25,45456,-14,4354,3,379494,0,4694061,0,003946413,-0,9629925,0,2110135,0,1676403,0,0,0,0,0,0,0,0,0,0,0,0,0,0,0,0,0,0,0,0,0,0,1,1,1,False
25,5143,-14,43851,3,37962,0,47103,0,01045661,-0,9624191,0,2097424,0,172187,0,0,0,0,0,0,0,0,0,0,0,0,0,0,0,0,0,0,0,0,0,0,1,1,1,False
25,57428,-14,44009,3,379516,0,4724324,0,01711592,-0,9623941,0,2094124,0,1721952,0,0,0,0,0,0,0,0,0,0,0,0,0,0,0,0,0,0,0,0,0,0,1,1,1,False
25,64504,-14,43953,3,379538,0,4728858,0,02146221,-0,9638803,0,2087294,0,1640316,0,0,0,0,0,0,0,0,0,0,0,0,0,0,0,0,0,0,0,0,0,0,1,1,1,False
25,72455,-14,43215,3,379962,0,4708052,0,03555549,-0,9683153,0,2058102,0,1369068,0,0,0,0,0,0,0,0,0,0,0,0,0,0,0,0,0,0,0,0,0,0,1,1,1,False
25,80753,-14,42605,3,381989,0,4279439,0,05034212,-0,9736692,0,2015512,0,09386774,0,0,0,0,0,0,0,0,0,0,0,0,0,0,0,0,0,0,0,0,0,0,1,1,1,False
25,89384,-14,32938,3,382668,0,2272098,0,05400328,-0,9765414,0,2003895,0,05740071,0,0,0,0,0,0,0,0,0,0,0,0,0,0,0,0,0,0,0,0,0,0,1,1,1,False
25,98286,-14,21653,3,382209,0,0296123,0,05014827,-0,9774186,0,2018928,0,03711247,0,0,0,0,0,0,0,0,0,0,0,0,0,0,0,0,0,0,0,0,0,0,1,1,1,False
26,07905,-14,08594,3,382234,-0,1760685,0,04402573,-0,9781113,0,2011323,0,03009851,0,0,0,0,0,0,0,0,0,0,0,0,0,0,0,0,0,0,0,0,0,0,1,1,1,False
26,17471,-13,96064,3,382402,-0,3812978,0,03768069,-0,9784834,0,2005078,0,03077685,0,0,0,0,0,0,0,0,0,0,0,0,0,0,0,0,0,0,0,0,0,0,1,1,1,False
26,25668,-13,86096,3,384439,-0,5629535,0,04184636,-0,9790642,0,1976553,0,02479103,0,0,0,0,0,0,0,0,0,0,0,0,0,0,0,0,0,0,0,0,0,0,1,1,1,False
26,32781,-13,77692,3,385228,-0,7241797,0,04762849,-0,9797232,0,1944297,0,008432642,0,0,0,0,0,0,0,0,0,0,0,0,0,0,0,0,0,0,0,0,0,0,1,1,1,False
26,40961,-13,76599,3,384344,-0,7469769,0,05950439,-0,9784607,0,1967724,-0,01883028,0,0,0,0,0,0,0,0,0,0,0,0,0,0,0,0,0,0,0,0,0,0,1,1,1,False
26,49146,-13,76344,3,38257,-0,7490904,0,06613479,-0,9759147,0,2052101,-0,03325026,0,0,0,0,0,0,0,0,0,0,0,0,0,0,0,0,0,0,0,0,0,0,1,1,1,False
26,5597,-13,76607,3,382696,-0,7487547,0,06944965,-0,976787,0,2003174,-0,03061236,0,0,0,0,0,0,0,0,0,0,0,0,0,0,0,0,0,0,0,0,0,0,1,1,1,False
26,63288,-13,77061,3,383719,-0,7488039,0,06768522,-0,9781778,0,1954476,-0,01967929,0,0,0,0,0,0,0,0,0,0,0,0,0,0,0,0,0,0,0,0,0,0,1,1,1,False
26,74065,-13,77061,3,383719,-0,7488039,0,06768522,-0,9781778,0,1954476,-0,01967929,0,0,0,0,0,0,0,0,0,0,0,0,0,0,0,0,0,0,0,0,0,0,1,1,1,False
26,86185,-13,77493,3,382921,-0,750282,0,07275183,-0,9774241,0,1981833,-0,008543596,0,0,0,0,0,0,0,0,0,0,0,0,0,0,0,0,0,0,0,0,0,0,1,1,1,False
26,98764,-13,7767,3,379997,-0,7519829,0,07917187,-0,9760128,0,2027535,-0,004697308,0,0,0,0,0,0,0,0,0,0,0,0,0,0,0,0,0,0,0,0,0,0,1,1,1,False
27,11071,-13,77813,3,378864,-0,7525961,0,08277816,-0,9755893,0,2034039,-0,0004435927,0,0,0,0,0,0,0,0,0,0,0,0,0,0,0,0,0,0,0,0,0,0,1,1,1,False
27,21797,-13,77813,3,379265,-0,7525671,0,08316602,-0,9757948,0,2022568,0,0005785972,0,0,0,0,0,0,0,0,0,0,0,0,0,0,0,0,0,0,0,0,0,0,1,1,1,False
27,3294,-13,7782,3,379166,-0,7526515,0,08392661,-0,9755844,0,2029522,0,001407564,0,0,0,0,0,0,0,0,0,0,0,0,0,0,0,0,0,0,0,0,0,0,1,1,1,False
27,42358,-13,77848,3,37878,-0,7522383,0,08278514,-0,9756028,0,2033237,0,002316296,0,0,0,0,0,0,0,0,0,0,0,0,0,0,0,0,0,0,0,0,0,0,1,1,1,False
27,50106,-13,77889,3,378956,-0,7519116,0,08052517,-0,9758823,0,2028514,0,004577368,0,0,0,0,0,0,0,0,0,0,0,0,0,0,0,0,0,0,0,0,0,0,1,1,1,False
27,56319,-13,78005,3,379258,-0,751833,0,07548353,-0,976265,0,2028356,0,008161679,0,0,0,0,0,0,0,0,0,0,0,0,0,0,0,0,0,0,0,0,0,0,1,1,1,False
27,61356,-13,78387,3,379045,-0,7515731,0,06312114,-0,9767395,0,2036248,0,02307943,0,0,0,0,0,0,0,0,0,0,0,0,0,0,0,0,0,0,0,0,0,0,1,1,1,False
27,66419,-13,7887,3,378155,-0,7500694,0,04735457,-0,9763185,0,2059848,0,04615275,0,0,0,0,0,0,0,0,0,0,0,0,0,0,0,0,0,0,0,0,0,0,1,1,1,False
27,72488,-13,79312,3,377829,-0,7472858,0,03479138,-0,9746456,0,2094129,0,07072404,0,0,0,0,0,0,0,0,0,0,0,0,0,0,0,0,0,0,0,0,0,0,1,1,1,False
27,78536,-13,79936,3,380235,-0,7450151,0,01936368,-0,9733945,0,2067677,0,09682724,0,0,0,0,0,0,0,0,0,0,0,0,0,0,0,0,0,0,0,0,0,0,1,1,1,False
27,84344,-13,80449,3,38345,-0,7435598,0,01536245,-0,9722012,0,2007666,0,1195058,0,0,0,0,0,0,0,0,0,0,0,0,0,0,0,0,0,0,0,0,0,0,1,1,1,False
27,9185,-13,80387,3,386791,-0,7429709,0,04655473,-0,9729319,0,1916039,0,1205166,0,0,0,0,0,0,0,0,0,0,0,0,0,0,0,0,0,0,0,0,0,0,1,1,1,False
27,99349,-13,79707,3,388644,-0,7433305,0,08073863,-0,9762652,0,1824508,0,08425722,0,0,0,0,0,0,0,0,0,0,0,0,0,0,0,0,0,0,0,0,0,0,1,1,1,False
28,0716,-13,78731,3,390874,-0,7438214,0,1169988,-0,9771674,0,1734974,0,03679704,0,0,0,0,0,0,0,0,0,0,0,0,0,0,0,0,0,0,0,0,0,0,1,1,1,False
28,15142,-13,78582,3,391532,-0,7420068,0,1148002,-0,9778916,0,174266,0,01343413,0,0,0,0,0,0,0,0,0,0,0,0,0,0,0,0,0,0,0,0,0,0,1,1,1,False
28,23378,-13,78933,3,391123,-0,740618,0,1108452,-0,9783171,0,1742999,0,01511874,0,0,0,0,0,0,0,0,0,0,0,0,0,0,0,0,0,0,0,0,0,0,1,1,1,False
28,34015,-13,78933,3,391123,-0,740618,0,1108452,-0,9783171,0,1742999,0,01511874,0,0,0,0,0,0,0,0,0,0,0,0,0,0,0,0,0,0,0,0,0,0,1,1,1,False
28,44672,-13,79396,3,389426,-0,7395518,0,1050244,-0,9780245,0,1785787,0,02340607,0,0,0,0,0,0,0,0,0,0,0,0,0,0,0,0,0,0,0,0,0,0,1,1,1,False
28,56124,-13,79656,3,391684,-0,7418749,0,1058896,-0,9791239,0,1700866,0,03427066,0,0,0,0,0,0,0,0,0,0,0,0,0,0,0,0,0,0,0,0,0,0,1,1,1,False
28,6737,-13,7991,3,389839,-0,742588,0,09893207,-0,9791073,0,17408,0,03546262,0,0,0,0,0,0,0,0,0,0,0,0,0,0,0,0,0,0,0,0,0,0,1,1,1,False
28,78785,-13,79716,3,388101,-0,742748,0,105807,-0,9775006,0,1788326,0,03628382,0,0,0,0,0,0,0,0,0,0,0,0,0,0,0,0,0,0,0,0,0,0,1,1,1,False
28,89979,-13,79492,3,389176,-0,7431071,0,1124583,-0,9775184,0,175149,0,03367311,0,0,0,0,0,0,0,0,0,0,0,0,0,0,0,0,0,0,0,0,0,0,1,1,1,False
29,01279,-13,79418,3,388999,-0,7429235,0,1065617,-0,9782695,0,1756171,0,02814416,0,0,0,0,0,0,0,0,0,0,0,0,0,0,0,0,0,0,0,0,0,0,1,1,1,False
29,11418,-13,79589,3,384679,-0,7453892,0,08577091,-0,9777552,0,1884536,0,03351635,0,0,0,0,0,0,0,0,0,0,0,0,0,0,0,0,0,0,0,0,0,0,1,1,1,False
29,21041,-13,79758,3,384118,-0,7461195,0,08437597,-0,9765159,0,1932934,0,04398885,0,0,0,0,0,0,0,0,0,0,0,0,0,0,0,0,0,0,0,0,0,0,1,1,1,False
29,31351,-13,79792,3,382594,-0,7454672,0,07786909,-0,9771854,0,19328,0,04108456,0,0,0,0,0,0,0,0,0,0,0,0,0,0,0,0,0,0,0,0,0,0,1,1,1,False
29,39585,-13,79753,3,382361,-0,7460086,0,07937121,-0,9762542,0,1958027,0,04784728,0,0,0,0,0,0,0,0,0,0,0,0,0,0,0,0,0,0,0,0,0,0,1,1,1,False
29,46341,-13,79678,3,381368,-0,7460861,0,0782851,-0,9759464,0,1992419,0,04126632,0,0,0,0,0,0,0,0,0,0,0,0,0,0,0,0,0,0,0,0,0,0,1,1,1,False
29,51913,-13,79704,3,38115,-0,7469444,0,07446107,-0,9760163,0,1995595,0,04498689,0,0,0,0,0,0,0,0,0,0,0,0,0,0,0,0,0,0,0,0,0,0,1,1,1,False
29,57336,-13,79757,3,380794,-0,747601,0,07065786,-0,9761893,0,2001206,0,04487622,0,0,0,0,0,0,0,0,0,0,0,0,0,0,0,0,0,0,0,0,0,0,1,1,1,False
29,64771,-13,79626,3,381003,-0,7483931,0,07831335,-0,9750667,0,2021296,0,04749578,0,0,0,0,0,0,0,0,0,0,0,0,0,0,0,0,0,0,0,0,0,0,1,1,1,False
29,7252,-13,79333,3,38184,-0,7489729,0,0957011,-0,9747729,0,1977204,0,03956987,0,0,0,0,0,0,0,0,0,0,0,0,0,0,0,0,0,0,0,0,0,0,1,1,1,False
29,80651,-13,78939,3,382647,-0,7487524,0,1124401,-0,9741514,0,19455,0,02316964,0,0,0,0,0,0,0,0,0,0,0,0,0,0,0,0,0,0,0,0,0,0,1,1,1,False
29,88569,-13,78773,3,38431,-0,7480185,0,1234184,-0,9739825,0,1896494,0,01261593,0,0,0,0,0,0,0,0,0,0,0,0,0,0,0,0,0,0,0,0,0,0,1,1,1,False
29,96235,-13,78792,3,385415,-0,7478297,0,1270288,-0,9742926,0,1859404,0,006621078,0,0,0,0,0,0,0,0,0,0,0,0,0,0,0,0,0,0,0,0,0,0,1,1,1,False
30,04129,-13,789,3,38639,-0,7481499,0,1322335,-0,9741371,0,1831844,0,003855973,0,0,0,0,0,0,0,0,0,0,0,0,0,0,0,0,0,0,0,0,0,0,1,1,1,False
30,11996,-13,79042,3,385458,-0,7473304,0,1256386,-0,974917,0,1837156,0,0007239133,0,0,0,0,0,0,0,0,0,0,0,0,0,0,0,0,0,0,0,0,0,0,1,1,1,False
30,19756,-13,79272,3,383857,-0,7475843,0,1142688,-0,9753582,0,188679,0,004390389,0,0,0,0,0,0,0,0,0,0,0,0,0,0,0,0,0,0,0,0,0,0,1,1,1,False
30,27602,-13,79564,3,382303,-0,7480299,0,1013485,-0,9758192,0,1930855,0,01494941,0,0,0,0,0,0,0,0,0,0,0,0,0,0,0,0,0,0,0,0,0,0,1,1,1,False
30,3805,-13,79537,3,381325,-0,7478046,0,09881737,-0,9752277,0,1968773,0,02013458,0,0,0,0,0,0,0,0,0,0,0,0,0,0,0,0,0,0,0,0,0,0,1,1,1,False
30,4879,-13,79537,3,381325,-0,7478046,0,09881737,-0,9752277,0,1968773,0,02013458,0,0,0,0,0,0,0,0,0,0,0,0,0,0,0,0,0,0,0,0,0,0,1,1,1,False
30,59798,-13,7937,3,38394,-0,7475865,0,1050931,-0,9756529,0,1907719,0,02574869,0,0,0,0,0,0,0,0,0,0,0,0,0,0,0,0,0,0,0,0,0,0,1,1,1,False
30,71436,-13,79269,3,384578,-0,7481785,0,108781,-0,9760064,0,1874336,0,02114099,0,0,0,0,0,0,0,0,0,0,0,0,0,0,0,0,0,0,0,0,0,0,1,1,1,False
30,83254,-13,79115,3,382801,-0,7489698,0,1079265,-0,9754704,0,1912139,0,01570551,0,0,0,0,0,0,0,0,0,0,0,0,0,0,0,0,0,0,0,0,0,0,1,1,1,False
30,93934,-13,79177,3,381667,-0,7492576,0,1006154,-0,9755884,0,1947313,0,01354943,0,0,0,0,0,0,0,0,0,0,0,0,0,0,0,0,0,0,0,0,0,0,1,1,1,False
31,0268,-13,79448,3,382719,-0,7496583,0,09778,-0,9761805,0,1911958,0,03090173,0,0,0,0,0,0,0,0,0,0,0,0,0,0,0,0,0,0,0,0,0,0,1,1,1,False
31,13698,-13,79509,3,383955,-0,7493367,0,09974063,-0,9767427,0,1868567,0,03331973,0,0,0,0,0,0,0,0,0,0,0,0,0,0,0,0,0,0,0,0,0,0,1,1,1,False
31,23243,-13,79513,3,384045,-0,7487659,0,09659252,-0,9771098,0,1868353,0,03192116,0,0,0,0,0,0,0,0,0,0,0,0,0,0,0,0,0,0,0,0,0,0,1,1,1,False
31,30872,-13,79587,3,384494,-0,74893,0,09384711,-0,9775495,0,1852478,0,03567974,0,0,0,0,0,0,0,0,0,0,0,0,0,0,0,0,0,0,0,0,0,0,1,1,1,False
31,36792,-13,79471,3,382555,-0,7480366,0,09284434,-0,9766476,0,1917823,0,02754901,0,0,0,0,0,0,0,0,0,0,0,0,0,0,0,0,0,0,0,0,0,0,1,1,1,False
31,41895,-13,79416,3,381083,-0,747956,0,09186367,-0,9754526,0,198393,0,02633711,0,0,0,0,0,0,0,0,0,0,0,0,0,0,0,0,0,0,0,0,0,0,1,1,1,False
31,49439,-13,7948,3,380755,-0,7487452,0,09060617,-0,9755659,0,1979124,0,02987321,0,0,0,0,0,0,0,0,0,0,0,0,0,0,0,0,0,0,0,0,0,0,1,1,1,False
31,60051,-13,7948,3,380755,-0,7487452,0,09060617,-0,9755659,0,1979124,0,02987321,0,0,0,0,0,0,0,0,0,0,0,0,0,0,0,0,0,0,0,0,0,0,1,1,1,False
31,70772,-13,79504,3,380376,-0,7488649,0,08603605,-0,9759112,0,1982295,0,03000581,0,0,0,0,0,0,0,0,0,0,0,0,0,0,0,0,0,0,0,0,0,0,1,1,1,False
31,84434,-13,79501,3,380456,-0,7496302,0,07963579,-0,9763312,0,1979005,0,03565071,0,0,0,0,0,0,0,0,0,0,0,0,0,0,0,0,0,0,0,0,0,0,1,1,1,False
31,959,-13,79486,3,379546,-0,7503426,0,07522389,-0,976401,0,1988835,0,03778787,0,0,0,0,0,0,0,0,0,0,0,0,0,0,0,0,0,0,0,0,0,0,1,1,1,False
32,05068,-13,79457,3,378351,-0,7504182,0,0751306,-0,9754761,0,2035446,0,0370334,0,0,0,0,0,0,0,0,0,0,0,0,0,0,0,0,0,0,0,0,0,0,1,1,1,False
32,16242,-13,79518,3,377676,-0,750675,0,07149683,-0,9753025,0,2053978,0,03853526,0,0,0,0,0,0,0,0,0,0,0,0,0,0,0,0,0,0,0,0,0,0,1,1,1,False
32,25176,-13,79532,3,376666,-0,7507892,0,07019172,-0,9747429,0,2082614,0,03970663,0,0,0,0,0,0,0,0,0,0,0,0,0,0,0,0,0,0,0,0,0,0,1,1,1,False
32,32403,-13,79479,3,37629,-0,7509243,0,07287629,-0,9741111,0,2103195,0,03952532,0,0,0,0,0,0,0,0,0,0,0,0,0,0,0,0,0,0,0,0,0,0,1,1,1,False
32,38037,-13,79455,3,376372,-0,7511086,0,07391148,-0,9742345,0,2096017,0,0383593,0,0,0,0,0,0,0,0,0,0,0,0,0,0,0,0,0,0,0,0,0,0,1,1,1,False
32,42742,-13,79452,3,376484,-0,7511525,0,07295682,-0,9744421,0,2091849,0,03716967,0,0,0,0,0,0,0,0,0,0,0,0,0,0,0,0,0,0,0,0,0,0,1,1,1,False
32,47073,-13,79437,3,376096,-0,7508683,0,07334055,-0,9739535,0,2114534,0,03637987,0,0,0,0,0,0,0,0,0,0,0,0,0,0,0,0,0,0,0,0,0,0,1,1,1,False
32,51689,-13,79453,3,375987,-0,7506571,0,0740222,-0,9735401,0,2130353,0,03682987,0,0,0,0,0,0,0,0,0,0,0,0,0,0,0,0,0,0,0,0,0,0,1,1,1,False
32,58912,-13,79474,3,375872,-0,7512403,0,07603211,-0,9736909,0,2116089,0,03697301,0,0,0,0,0,0,0,0,0,0,0,0,0,0,0,0,0,0,0,0,0,0,1,1,1,False
32,68201,-13,79421,3,375213,-0,7515624,0,07568716,-0,9734115,0,2136236,0,03326481,0,0,0,0,0,0,0,0,0,0,0,0,0,0,0,0,0,0,0,0,0,0,1,1,1,False
32,77023,-13,79453,3,375095,-0,751832,0,07443498,-0,9733977,0,2138426,0,03503938,0,0,0,0,0,0,0,0,0,0,0,0,0,0,0,0,0,0,0,0,0,0,1,1,1,False
32,85991,-13,79447,3,375154,-0,7516351,0,07447792,-0,9733615,0,2140937,0,03441691,0,0,0,0,0,0,0,0,0,0,0,0,0,0,0,0,0,0,0,0,0,0,1,1,1,False
32,95107,-13,79455,3,375174,-0,7517083,0,07427064,-0,9732706,0,2145244,0,03475047,0,0,0,0,0,0,0,0,0,0,0,0,0,0,0,0,0,0,0,0,0,0,1,1,1,False
33,03814,-13,79479,3,375114,-0,7518044,0,07335017,-0,9732956,0,2145488,0,03583912,0,0,0,0,0,0,0,0,0,0,0,0,0,0,0,0,0,0,0,0,0,0,1,1,1,False
33,12817,-13,79444,3,375152,-0,7518549,0,07429267,-0,9733042,0,214238,0,0355211,0,0,0,0,0,0,0,0,0,0,0,0,0,0,0,0,0,0,0,0,0,0,1,1,1,False
33,21898,-13,79406,3,375321,-0,7518656,0,07457767,-0,973423,0,2137736,0,03445043,0,0,0,0,0,0,0,0,0,0,0,0,0,0,0,0,0,0,0,0,0,0,1,1,1,False
33,30848,-13,79402,3,375245,-0,7518368,0,0739281,-0,9734027,0,2141069,0,03435167,0,0,0,0,0,0,0,0,0,0,0,0,0,0,0,0,0,0,0,0,0,0,1,1,1,False
33,40372,-13,79417,3,375188,-0,7517219,0,07384252,-0,97338,0,2141388,0,03497547,0,0,0,0,0,0,0,0,0,0,0,0,0,0,0,0,0,0,0,0,0,0,1,1,1,False
33,4925,-13,79439,3,375393,-0,7518177,0,07385693,-0,9734957,0,2134923,0,03567053,0,0,0,0,0,0,0,0,0,0,0,0,0,0,0,0,0,0,0,0,0,0,1,1,1,False
33,58318,-13,79453,3,375461,-0,7520399,0,07429138,-0,9735517,0,2130782,0,03571779,0,0,0,0,0,0,0,0,0,0,0,0,0,0,0,0,0,0,0,0,0,0,1,1,1,False
33,67396,-13,7946,3,375382,-0,7518625,0,07407005,-0,9734882,0,2135261,0,03523007,0,0,0,0,0,0,0,0,0,0,0,0,0,0,0,0,0,0,0,0,0,0,1,1,1,False
33,76436,-13,79471,3,37535,-0,7517276,0,07434078,-0,9735218,0,213161,0,03593407,0,0,0,0,0,0,0,0,0,0,0,0,0,0,0,0,0,0,0,0,0,0,1,1,1,False
33,85576,-13,7951,3,375062,-0,7512262,0,07358926,-0,9731126,0,2152955,0,0358373,0,0,0,0,0,0,0,0,0,0,0,0,0,0,0,0,0,0,0,0,0,0,1,1,1,False
33,94573,-13,7952,3,375808,-0,7511349,0,06891593,-0,9737399,0,2139922,0,03589842,0,0,0,0,0,0,0,0,0,0,0,0,0,0,0,0,0,0,0,0,0,0,1,1,1,False
34,04388,-13,79296,3,378126,-0,7519674,0,06941093,-0,9750023,0,2084053,0,03346581,0,0,0,0,0,0,0,0,0,0,0,0,0,0,0,0,0,0,0,0,0,0,1,1,1,False
34,13701,-13,7922,3,377317,-0,7508826,0,07079064,-0,9746908,0,2097905,0,03089742,0,0,0,0,0,0,0,0,0,0,0,0,0,0,0,0,0,0,0,0,0,0,1,1,1,False
34,23127,-13,79431,3,376378,-0,7494891,0,06806655,-0,9742232,0,2118254,0,03723203,0,0,0,0,0,0,0,0,0,0,0,0,0,0,0,0,0,0,0,0,0,0,1,1,1,False
34,31571,-13,7952,3,377349,-0,7494981,0,07319841,-0,9744021,0,2083687,0,04201435,0,0,0,0,0,0,0,0,0,0,0,0,0,0,0,0,0,0,0,0,0,0,1,1,1,False
34,39965,-13,79285,3,37822,-0,7494888,0,07482243,-0,9750258,0,2061916,0,03480405,0,0,0,0,0,0,0,0,0,0,0,0,0,0,0,0,0,0,0,0,0,0,1,1,1,False
34,50053,-13,78878,3,378589,-0,7503347,0,07286087,-0,9757079,0,2054487,0,02182703,0,0,0,0,0,0,0,0,0,0,0,0,0,0,0,0,0,0,0,0,0,0,1,1,1,False
34,58959,-13,78512,3,377735,-0,7508266,0,07176828,-0,9753193,0,2084902,0,01155695,0,0,0,0,0,0,0,0,0,0,0,0,0,0,0,0,0,0,0,0,0,0,1,1,1,False
34,67211,-13,78405,3,377345,-0,7508378,0,069121,-0,9756966,0,2077643,0,008511797,0,0,0,0,0,0,0,0,0,0,0,0,0,0,0,0,0,0,0,0,0,0,1,1,1,False
34,76321,-13,78396,3,377891,-0,7505121,0,06766282,-0,9755805,0,2088197,0,007667199,0,0,0,0,0,0,0,0,0,0,0,0,0,0,0,0,0,0,0,0,0,0,1,1,1,False
34,84977,-13,78349,3,378261,-0,7507274,0,06515403,-0,9760106,0,2075938,0,007947102,0,0,0,0,0,0,0,0,0,0,0,0,0,0,0,0,0,0,0,0,0,0,1,1,1,False
34,94454,-13,78231,3,377852,-0,7515121,0,06488142,-0,9756731,0,209247,0,008256331,0,0,0,0,0,0,0,0,0,0,0,0,0,0,0,0,0,0,0,0,0,0,1,1,1,False
35,03648,-13,78152,3,377213,-0,7515709,0,06244989,-0,9753305,0,2116296,0,006588683,0,0,0,0,0,0,0,0,0,0,0,0,0,0,0,0,0,0,0,0,0,0,1,1,1,False
35,13473,-13,7808,3,377532,-0,7523627,0,06172259,-0,9757324,0,2098817,0,009291269,0,0,0,0,0,0,0,0,0,0,0,0,0,0,0,0,0,0,0,0,0,0,1,1,1,False
35,22832,-13,78037,3,377679,-0,7521758,0,05924837,-0,9760095,0,2092299,0,01085988,0,0,0,0,0,0,0,0,0,0,0,0,0,0,0,0,0,0,0,0,0,0,1,1,1,False
35,31546,-13,78038,3,378324,-0,7520094,0,05822418,-0,9763183,0,2079554,0,01293385,0,0,0,0,0,0,0,0,0,0,0,0,0,0,0,0,0,0,0,0,0,0,1,1,1,False
35,40266,-13,78015,3,379036,-0,7519045,0,05769289,-0,976715,0,2063063,0,01171695,0,0,0,0,0,0,0,0,0,0,0,0,0,0,0,0,0,0,0,0,0,0,1,1,1,False
35,49649,-13,78032,3,378769,-0,7516241,0,05679749,-0,9763091,0,208469,0,01163478,0,0,0,0,0,0,0,0,0,0,0,0,0,0,0,0,0,0,0,0,0,0,1,1,1,False
35,59113,-13,78058,3,378293,-0,7515714,0,05829153,-0,9761001,0,2090533,0,01128639,0,0,0,0,0,0,0,0,0,0,0,0,0,0,0,0,0,0,0,0,0,0,1,1,1,False
35,69003,-13,78109,3,377945,-0,751364,0,05944949,-0,975804,0,2101356,0,01074524,0,0,0,0,0,0,0,0,0,0,0,0,0,0,0,0,0,0,0,0,0,0,1,1,1,False
35,78804,-13,78259,3,37809,-0,7516365,0,05748131,-0,9758337,0,210332,0,01432034,0,0,0,0,0,0,0,0,0,0,0,0,0,0,0,0,0,0,0,0,0,0,1,1,1,False
35,8861,-13,7829,3,377927,-0,7521639,0,05781386,-0,9759325,0,2096651,0,01593782,0,0,0,0,0,0,0,0,0,0,0,0,0,0,0,0,0,0,0,0,0,0,1,1,1,False
35,97126,-13,78267,3,37755,-0,752367,0,05741575,-0,9757633,0,2105347,0,01626806,0,0,0,0,0,0,0,0,0,0,0,0,0,0,0,0,0,0,0,0,0,0,1,1,1,False
36,05826,-13,78204,3,377495,-0,75229,0,05755353,-0,9756739,0,2109285,0,01604305,0,0,0,0,0,0,0,0,0,0,0,0,0,0,0,0,0,0,0,0,0,0,1,1,1,False
36,14126,-13,7814,3,377635,-0,7521009,0,05783241,-0,9757546,0,2105877,0,01453244,0,0,0,0,0,0,0,0,0,0,0,0,0,0,0,0,0,0,0,0,0,0,1,1,1,False
36,23476,-13,78129,3,377858,-0,7518203,0,05651446,-0,9758779,0,2103661,0,01465397,0,0,0,0,0,0,0,0,0,0,0,0,0,0,0,0,0,0,0,0,0,0,1,1,1,False
36,33292,-13,78139,3,377825,-0,7518375,0,05519948,-0,9759585,0,2103495,0,01452947,0,0,0,0,0,0,0,0,0,0,0,0,0,0,0,0,0,0,0,0,0,0,1,1,1,False
36,42937,-13,78165,3,377505,-0,7517378,0,05704767,-0,9755244,0,2118454,0,01481223,0,0,0,0,0,0,0,0,0,0,0,0,0,0,0,0,0,0,0,0,0,0,1,1,1,False
36,51571,-13,78394,3,37726,-0,750479,0,0559819,-0,9754066,0,2122822,0,01960446,0,0,0,0,0,0,0,0,0,0,0,0,0,0,0,0,0,0,0,0,0,0,1,1,1,False
36,60407,-13,79032,3,378517,-0,7481797,0,04993973,-0,9755185,0,2107977,0,03787012,0,0,0,0,0,0,0,0,0,0,0,0,0,0,0,0,0,0,0,0,0,0,1,1,1,False
36,6885,-13,79843,3,381225,-0,7465916,0,04690769,-0,9758008,0,2054531,0,05832391,0,0,0,0,0,0,0,0,0,0,0,0,0,0,0,0,0,0,0,0,0,0,1,1,1,False
36,78385,-13,80293,3,381509,-0,7454872,0,05172051,-0,9743884,0,2054049,0,07550547,0,0,0,0,0,0,0,0,0,0,0,0,0,0,0,0,0,0,0,0,0,0,1,1,1,False
36,87868,-13,80288,3,380598,-0,7455139,0,05860567,-0,9738914,0,2065036,0,07387325,0,0,0,0,0,0,0,0,0,0,0,0,0,0,0,0,0,0,0,0,0,0,1,1,1,False
36,97654,-13,80135,3,380285,-0,7468359,0,06128404,-0,9739413,0,2057112,0,07325143,0,0,0,0,0,0,0,0,0,0,0,0,0,0,0,0,0,0,0,0,0,0,1,1,1,False
37,05872,-13,79957,3,379191,-0,7471972,0,05972677,-0,9737252,0,208384,0,06977163,0,0,0,0,0,0,0,0,0,0,0,0,0,0,0,0,0,0,0,0,0,0,1,1,1,False
37,14083,-13,79785,3,379137,-0,7470407,0,05662959,-0,9739805,0,2084336,0,06863299,0,0,0,0,0,0,0,0,0,0,0,0,0,0,0,0,0,0,0,0,0,0,1,1,1,False
37,21528,-13,79644,3,379735,-0,7470512,0,05409713,-0,9744759,0,2072513,0,06721047,0,0,0,0,0,0,0,0,0,0,0,0,0,0,0,0,0,0,0,0,0,0,1,1,1,False
37,28649,-13,79571,3,379866,-0,7467663,0,05246785,-0,9745213,0,2074824,0,06713047,0,0,0,0,0,0,0,0,0,0,0,0,0,0,0,0,0,0,0,0,0,0,1,1,1,False
37,37616,-13,79638,3,37997,-0,7462583,0,05206452,-0,9744022,0,2074845,0,0691364,0,0,0,0,0,0,0,0,0,0,0,0,0,0,0,0,0,0,0,0,0,0,1,1,1,False
37,46492,-13,79823,3,380687,-0,7454922,0,05229214,-0,9745145,0,2054785,0,07325028,0,0,0,0,0,0,0,0,0,0,0,0,0,0,0,0,0,0,0,0,0,0,1,1,1,False
37,55487,-13,80113,3,381131,-0,7445893,0,05462318,-0,9742301,0,2038501,0,07960701,0,0,0,0,0,0,0,0,0,0,0,0,0,0,0,0,0,0,0,0,0,0,1,1,1,False
37,64122,-13,80359,3,380886,-0,7433591,0,05694457,-0,9734187,0,2042272,0,08662921,0,0,0,0,0,0,0,0,0,0,0,0,0,0,0,0,0,0,0,0,0,0,1,1,1,False
37,72927,-13,80475,3,380861,-0,742758,0,05797439,-0,9732771,0,2031468,0,09001254,0,0,0,0,0,0,0,0,0,0,0,0,0,0,0,0,0,0,0,0,0,0,1,1,1,False
37,81494,-13,80408,3,380607,-0,7426586,0,05836556,-0,9730108,0,2040956,0,09049025,0,0,0,0,0,0,0,0,0,0,0,0,0,0,0,0,0,0,0,0,0,0,1,1,1,False
37,90985,-13,80299,3,380383,-0,7424178,0,05758069,-0,9733526,0,2042721,0,08684573,0,0,0,0,0,0,0,0,0,0,0,0,0,0,0,0,0,0,0,0,0,0,1,1,1,False
38,00437,-13,80356,3,381412,-0,7424126,0,05771513,-0,9737841,0,2024379,0,08621174,0,0,0,0,0,0,0,0,0,0,0,0,0,0,0,0,0,0,0,0,0,0,1,1,1,False
38,08483,-13,8049,3,382318,-0,7427175,0,05829234,-0,9738407,0,2010321,0,08844435,0,0,0,0,0,0,0,0,0,0,0,0,0,0,0,0,0,0,0,0,0,0,1,1,1,False
38,16593,-13,8048,3,381798,-0,7426019,0,05887578,-0,973787,0,2020589,0,08628397,0,0,0,0,0,0,0,0,0,0,0,0,0,0,0,0,0,0,0,0,0,0,1,1,1,False
38,24482,-13,80315,3,381459,-0,74224,0,05950662,-0,9741939,0,2019701,0,08132317,0,0,0,0,0,0,0,0,0,0,0,0,0,0,0,0,0,0,0,0,0,0,1,1,1,False
38,33168,-13,80167,3,382324,-0,7417264,0,05883717,-0,974758,0,2009844,0,0773969,0,0,0,0,0,0,0,0,0,0,0,0,0,0,0,0,0,0,0,0,0,0,1,1,1,False
38,4174,-13,80093,3,38336,-0,7414627,0,05826678,-0,9754504,0,1983105,0,07599076,0,0,0,0,0,0,0,0,0,0,0,0,0,0,0,0,0,0,0,0,0,0,1,1,1,False
38,50758,-13,80058,3,383765,-0,7415555,0,05754205,-0,9757167,0,1973948,0,07550658,0,0,0,0,0,0,0,0,0,0,0,0,0,0,0,0,0,0,0,0,0,0,1,1,1,False
38,60065,-13,80058,3,383765,-0,7415555,0,05754205,-0,9757167,0,1973948,0,07550658,0,0,0,0,0,0,0,0,0,0,0,0,0,0,0,0,0,0,0,0,0,0,1,1,1,False
38,69849,-13,80044,3,383754,-0,7421489,0,0557074,-0,9757948,0,1973031,0,07611066,0,0,0,0,0,0,0,0,0,0,0,0,0,0,0,0,0,0,0,0,0,0,1,1,1,False
38,79144,-13,80002,3,383074,-0,7426062,0,05535389,-0,9754665,0,1992467,0,07551107,0,0,0,0,0,0,0,0,0,0,0,0,0,0,0,0,0,0,0,0,0,0,1,1,1,False
38,8755,-13,79943,3,382234,-0,7437167,0,05934952,-0,9750738,0,2000896,0,07531954,0,0,0,0,0,0,0,0,0,0,0,0,0,0,0,0,0,0,0,0,0,0,1,1,1,False
38,95726,-13,79839,3,380995,-0,7448211,0,0603367,-0,9748147,0,2021738,0,07226104,0,0,0,0,0,0,0,0,0,0,0,0,0,0,0,0,0,0,0,0,0,0,1,1,1,False
39,0336,-13,79681,3,379567,-0,7456744,0,05716698,-0,9745589,0,2057937,0,06794099,0,0,0,0,0,0,0,0,0,0,0,0,0,0,0,0,0,0,0,0,0,0,1,1,1,False
39,10954,-13,79495,3,378898,-0,7461123,0,05621118,-0,9743541,0,2085959,0,06294617,0,0,0,0,0,0,0,0,0,0,0,0,0,0,0,0,0,0,0,0,0,0,1,1,1,False
39,1982,-13,79485,3,379908,-0,746511,0,05385392,-0,9750401,0,206873,0,0600016,0,0,0,0,0,0,0,0,0,0,0,0,0,0,0,0,0,0,0,0,0,0,1,1,1,False
39,28803,-13,79657,3,380329,-0,7468057,0,05368794,-0,9748664,0,2069169,0,06275734,0,0,0,0,0,0,0,0,0,0,0,0,0,0,0,0,0,0,0,0,0,0,1,1,1,False
39,37073,-13,79808,3,379359,-0,7468162,0,05470611,-0,9744499,0,2075481,0,06616954,0,0,0,0,0,0,0,0,0,0,0,0,0,0,0,0,0,0,0,0,0,0,1,1,1,False
39,46942,-13,79848,3,378382,-0,7466087,0,05506157,-0,9737831,0,2097844,0,06859546,0,0,0,0,0,0,0,0,0,0,0,0,0,0,0,0,0,0,0,0,0,0,1,1,1,False
39,56015,-13,79769,3,378976,-0,7468696,0,05640993,-0,9740232,0,2079806,0,0695777,0,0,0,0,0,0,0,0,0,0,0,0,0,0,0,0,0,0,0,0,0,0,1,1,1,False
39,6433,-13,79575,3,379057,-0,7473102,0,05536135,-0,9743651,0,2074556,0,06715722,0,0,0,0,0,0,0,0,0,0,0,0,0,0,0,0,0,0,0,0,0,0,1,1,1,False
39,73138,-13,79173,3,378259,-0,7482159,0,05369451,-0,9745746,0,2094257,0,05883905,0,0,0,0,0,0,0,0,0,0,0,0,0,0,0,0,0,0,0,0,0,0,1,1,1,False
39,81281,-13,78514,3,37815,-0,7497721,0,05533786,-0,9752777,0,2099613,0,04107933,0,0,0,0,0,0,0,0,0,0,0,0,0,0,0,0,0,0,0,0,0,0,1,1,1,False
39,8968,-13,7781,3,378728,-0,7509105,0,05766892,-0,9758648,0,2096879,0,01983253,0,0,0,0,0,0,0,0,0,0,0,0,0,0,0,0,0,0,0,0,0,0,1,1,1,False
39,98428,-13,77112,3,379024,-0,7516234,0,06040201,-0,9759409,0,2094963,-0,001540169,0,0,0,0,0,0,0,0,0,0,0,0,0,0,0,0,0,0,0,0,0,0,1,1,1,False
40,08303,-13,76884,3,379147,-0,7522516,0,05465459,-0,9765365,0,2080524,-0,01018062,0,0,0,0,0,0,0,0,0,0,0,0,0,0,0,0,0,0,0,0,0,0,1,1,1,False
40,17838,-13,76486,3,378734,-0,752708,0,05543252,-0,9760079,0,20955,-0,02061072,0,0,0,0,0,0,0,0,0,0,0,0,0,0,0,0,0,0,0,0,0,0,1,1,1,False
40,27906,-13,75881,3,378586,-0,7532129,0,06087777,-0,9753742,0,2092821,-0,03376801,0,0,0,0,0,0,0,0,0,0,0,0,0,0,0,0,0,0,0,0,0,0,1,1,1,False
40,36908,-13,75363,3,378716,-0,7534602,0,06520115,-0,9744118,0,2102536,-0,04543127,0,0,0,0,0,0,0,0,0,0,0,0,0,0,0,0,0,0,0,0,0,0,1,1,1,False
40,46127,-13,75025,3,378721,-0,7533851,0,06389851,-0,9742294,0,2090593,-0,05557349,0,0,0,0,0,0,0,0,0,0,0,0,0,0,0,0,0,0,0,0,0,0,1,1,1,False
40,55304,-13,74844,3,379129,-0,7540822,0,060265,-0,9748583,0,2064047,-0,05845304,0,0,0,0,0,0,0,0,0,0,0,0,0,0,0,0,0,0,0,0,0,0,1,1,1,False
40,64303,-13,74866,3,378501,-0,7541623,0,05446107,-0,9747466,0,2091408,-0,05624445,0,0,0,0,0,0,0,0,0,0,0,0,0,0,0,0,0,0,0,0,0,0,1,1,1,False
40,73108,-13,74906,3,378761,-0,7544625,0,05554505,-0,9749442,0,2083942,-0,05450419,0,0,0,0,0,0,0,0,0,0,0,0,0,0,0,0,0,0,0,0,0,0,1,1,1,False
40,83408,-13,74936,3,379044,-0,7546124,0,05720539,-0,9749477,0,2085155,-0,05220973,0,0,0,0,0,0,0,0,0,0,0,0,0,0,0,0,0,0,0,0,0,0,1,1,1,False
40,93748,-13,74994,3,378932,-0,7544115,0,0557392,-0,9752729,0,2072901,-0,05260073,0,0,0,0,0,0,0,0,0,0,0,0,0,0,0,0,0,0,0,0,0,0,1,1,1,False
41,02858,-13,75107,3,379095,-0,7545767,0,05186455,-0,9759238,0,2061724,-0,04874319,0,0,0,0,0,0,0,0,0,0,0,0,0,0,0,0,0,0,0,0,0,0,1,1,1,False
41,11834,-13,75183,3,378511,-0,7542577,0,04786538,-0,9757046,0,208822,-0,04585634,0,0,0,0,0,0,0,0,0,0,0,0,0,0,0,0,0,0,0,0,0,0,1,1,1,False
41,19893,-13,7513,3,379281,-0,7546153,0,05263043,-0,9757215,0,2079402,-0,04425451,0,0,0,0,0,0,0,0,0,0,0,0,0,0,0,0,0,0,0,0,0,0,1,1,1,False
41,27495,-13,7499,3,379601,-0,7542911,0,05636257,-0,975495,0,2071827,-0,0480416,0,0,0,0,0,0,0,0,0,0,0,0,0,0,0,0,0,0,0,0,0,0,1,1,1,False
41,33891,-13,74916,3,38,-0,7536442,0,06062553,-0,9750839,0,2071455,-0,05125035,0,0,0,0,0,0,0,0,0,0,0,0,0,0,0,0,0,0,0,0,0,0,1,1,1,False
41,40168,-13,74895,3,381939,-0,7546947,0,06663478,-0,9763464,0,1995806,-0,04975227,0,0,0,0,0,0,0,0,0,0,0,0,0,0,0,0,0,0,0,0,0,0,1,1,1,False
41,4944,-13,74908,3,383646,-0,7546263,0,06611962,-0,9777026,0,1925001,-0,05166741,0,0,0,0,0,0,0,0,0,0,0,0,0,0,0,0,0,0,0,0,0,0,1,1,1,False
41,58743,-13,74776,3,387115,-0,7557948,0,07531399,-0,9791612,0,1830452,-0,04545036,0,0,0,0,0,0,0,0,0,0,0,0,0,0,0,0,0,0,0,0,0,0,1,1,1,False
41,67752,-13,74658,3,386311,-0,7542498,0,05406903,-0,9811,0,1756248,-0,06062536,0,0,0,0,0,0,0,0,0,0,0,0,0,0,0,0,0,0,0,0,0,0,1,1,1,False
41,77108,-13,74763,3,382459,-0,7537458,0,03065214,-0,9803573,0,1884686,-0,04939191,0,0,0,0,0,0,0,0,0,0,0,0,0,0,0,0,0,0,0,0,0,0,1,1,1,False
41,8635,-13,74876,3,379829,-0,7537394,0,02966196,-0,9785885,0,2006305,-0,03510268,0,0,0,0,0,0,0,0,0,0,0,0,0,0,0,0,0,0,0,0,0,0,1,1,1,False
41,95666,-13,74959,3,379371,-0,7556078,0,0312167,-0,9785737,0,201964,-0,02508958,0,0,0,0,0,0,0,0,0,0,0,0,0,0,0,0,0,0,0,0,0,0,1,1,1,False
42,05014,-13,74904,3,380757,-0,7577591,0,02727215,-0,9800146,0,195287,-0,02627979,0,0,0,0,0,0,0,0,0,0,0,0,0,0,0,0,0,0,0,0,0,0,1,1,1,False
42,14413,-13,74823,3,380021,-0,7581911,0,02331594,-0,9795769,0,1986575,-0,02050944,0,0,0,0,0,0,0,0,0,0,0,0,0,0,0,0,0,0,0,0,0,0,1,1,1,False
42,24685,-13,75087,3,377461,-0,7567935,0,02143794,-0,977887,0,2073882,-0,01636028,0,0,0,0,0,0,0,0,0,0,0,0,0,0,0,0,0,0,0,0,0,0,1,1,1,False
42,35114,-13,74984,3,376938,-0,7561789,0,0295728,-0,9768938,0,2104816,-0,02239288,0,0,0,0,0,0,0,0,0,0,0,0,0,0,0,0,0,0,0,0,0,0,1,1,1,False
42,44341,-13,75083,3,377728,-0,7555673,0,02823711,-0,9770193,0,2099119,-0,02393778,0,0,0,0,0,0,0,0,0,0,0,0,0,0,0,0,0,0,0,0,0,0,1,1,1,False
42,53532,-13,75054,3,378821,-0,7562788,0,03104139,-0,978146,0,2042324,-0,02358176,0,0,0,0,0,0,0,0,0,0,0,0,0,0,0,0,0,0,0,0,0,0,1,1,1,False
42,62014,-13,75105,3,381464,-0,7572417,0,02446127,-0,9801782,0,1948539,-0,02616096,0,0,0,0,0,0,0,0,0,0,0,0,0,0,0,0,0,0,0,0,0,0,1,1,1,False
42,70592,-13,75229,3,380476,-0,7560406,0,0176578,-0,9796705,0,199063,-0,01755434,0,0,0,0,0,0,0,0,0,0,0,0,0,0,0,0,0,0,0,0,0,0,1,1,1,False
42,79549,-13,75373,3,376991,-0,7549438,0,02027588,-0,9769169,0,2119635,-0,01713924,0,0,0,0,0,0,0,0,0,0,0,0,0,0,0,0,0,0,0,0,0,0,1,1,1,False
42,89615,-13,75284,3,37838,-0,7575719,0,03524639,-0,9776253,0,2067112,-0,01664436,0,0,0,0,0,0,0,0,0,0,0,0,0,0,0,0,0,0,0,0,0,0,1,1,1,False
43,00006,-13,75255,3,380172,-0,757514,0,02661984,-0,9796372,0,1974236,-0,02502885,0,0,0,0,0,0,0,0,0,0,0,0,0,0,0,0,0,0,0,0,0,0,1,1,1,False
43,10546,-13,75611,3,376954,-0,7561364,0,01570939,-0,977649,0,2091796,-0,01412986,0,0,0,0,0,0,0,0,0,0,0,0,0,0,0,0,0,0,0,0,0,0,1,1,1,False
43,1978,-13,75768,3,373132,-0,7557669,0,02292667,-0,9747721,0,2216299,-0,01319461,0,0,0,0,0,0,0,0,0,0,0,0,0,0,0,0,0,0,0,0,0,0,1,1,1,False
43,28783,-13,75807,3,373492,-0,756217,0,03804665,-0,9735086,0,2246656,-0,01894651,0,0,0,0,0,0,0,0,0,0,0,0,0,0,0,0,0,0,0,0,0,0,1,1,1,False
43,37317,-13,76136,3,374642,-0,7568069,0,04287848,-0,9743826,0,2203406,-0,0137895,0,0,0,0,0,0,0,0,0,0,0,0,0,0,0,0,0,0,0,0,0,0,1,1,1,False
43,44492,-13,76496,3,37345,-0,7562983,0,04705008,-0,9742002,0,2206398,-0,006206185,0,0,0,0,0,0,0,0,0,0,0,0,0,0,0,0,0,0,0,0,0,0,1,1,1,False
43,50496,-13,76835,3,372052,-0,7555039,0,04915724,-0,9740586,0,2208879,0,001435637,0,0,0,0,0,0,0,0,0,0,0,0,0,0,0,0,0,0,0,0,0,0,1,1,1,False
43,57761,-13,7701,3,372661,-0,7551627,0,05103857,-0,9743646,0,2190065,0,006712511,0,0,0,0,0,0,0,0,0,0,0,0,0,0,0,0,0,0,0,0,0,0,1,1,1,False
43,6678,-13,77202,3,374858,-0,754832,0,05200246,-0,9751933,0,2147556,0,01318957,0,0,0,0,0,0,0,0,0,0,0,0,0,0,0,0,0,0,0,0,0,0,1,1,1,False
43,7594,-13,77194,3,376853,-0,7542067,0,05414924,-0,9759848,0,2105404,0,01394153,0,0,0,0,0,0,0,0,0,0,0,0,0,0,0,0,0,0,0,0,0,0,1,1,1,False
43,8528,-13,77125,3,378786,-0,7525892,0,05704422,-0,9767864,0,2061299,0,01203927,0,0,0,0,0,0,0,0,0,0,0,0,0,0,0,0,0,0,0,0,0,0,1,1,1,False
43,94592,-13,7708,3,381636,-0,7506402,0,05888852,-0,978076,0,1994387,0,01112714,0,0,0,0,0,0,0,0,0,0,0,0,0,0,0,0,0,0,0,0,0,0,1,1,1,False
44,03731,-13,77052,3,38499,-0,7483435,0,05896234,-0,9797832,0,1909996,0,008216247,0,0,0,0,0,0,0,0,0,0,0,0,0,0,0,0,0,0,0,0,0,0,1,1,1,False
44,12867,-13,7709,3,387752,-0,7467349,0,05903898,-0,9810714,0,184288,0,007179111,0,0,0,0,0,0,0,0,0,0,0,0,0,0,0,0,0,0,0,0,0,0,1,1,1,False
44,22004,-13,77145,3,390347,-0,745712,0,06101144,-0,9821624,0,17772,0,007094517,0,0,0,0,0,0,0,0,0,0,0,0,0,0,0,0,0,0,0,0,0,0,1,1,1,False
44,31796,-13,7716,3,391959,-0,7447157,0,06117612,-0,983016,0,1729208,0,005947828,0,0,0,0,0,0,0,0,0,0,0,0,0,0,0,0,0,0,0,0,0,0,1,1,1,False
44,41954,-13,77143,3,392635,-0,7440596,0,05925768,-0,9835422,0,1705607,0,006513834,0,0,0,0,0,0,0,0,0,0,0,0,0,0,0,0,0,0,0,0,0,0,1,1,1,False
44,50838,-13,77079,3,393001,-0,7440891,0,05775288,-0,9838246,0,169443,0,006566316,0,0,0,0,0,0,0,0,0,0,0,0,0,0,0,0,0,0,0,0,0,0,1,1,1,False
44,59761,-13,76978,3,392798,-0,7444863,0,05731594,-0,9837574,0,1700431,0,004662663,0,0,0,0,0,0,0,0,0,0,0,0,0,0,0,0,0,0,0,0,0,0,1,1,1,False
44,68336,-13,76881,3,392163,-0,7449453,0,05663414,-0,9835076,0,1717507,0,002686098,0,0,0,0,0,0,0,0,0,0,0,0,0,0,0,0,0,0,0,0,0,0,1,1,1,False
44,77099,-13,76864,3,392003,-0,7453229,0,0558776,-0,9834566,0,1722881,0,002784044,0,0,0,0,0,0,0,0,0,0,0,0,0,0,0,0,0,0,0,0,0,0,1,1,1,False
44,86293,-13,76863,3,392044,-0,7457802,0,05543803,-0,9835333,0,1719892,0,00297153,0,0,0,0,0,0,0,0,0,0,0,0,0,0,0,0,0,0,0,0,0,0,1,1,1,False
44,96257,-13,76848,3,391834,-0,745966,0,05541433,-0,9833832,0,172859,0,002560958,0,0,0,0,0,0,0,0,0,0,0,0,0,0,0,0,0,0,0,0,0,0,1,1,1,False
45,05177,-13,7683,3,391381,-0,7458181,0,05537252,-0,9832835,0,173445,0,002098009,0,0,0,0,0,0,0,0,0,0,0,0,0,0,0,0,0,0,0,0,0,0,1,1,1,False
45,14288,-13,76825,3,391496,-0,745615,0,05528263,-0,983313,0,1733088,0,001873821,0,0,0,0,0,0,0,0,0,0,0,0,0,0,0,0,0,0,0,0,0,0,1,1,1,False
45,22971,-13,76839,3,391901,-0,7455688,0,05525614,-0,9834436,0,17257,0,002240226,0,0,0,0,0,0,0,0,0,0,0,0,0,0,0,0,0,0,0,0,0,0,1,1,1,False
45,31907,-13,76864,3,391999,-0,7455733,0,05560086,-0,9834282,0,1725375,0,002869904,0,0,0,0,0,0,0,0,0,0,0,0,0,0,0,0,0,0,0,0,0,0,1,1,1,False
45,41166,-13,76882,3,391852,-0,7456539,0,05562576,-0,9834061,0,1726516,0,003105044,0,0,0,0,0,0,0,0,0,0,0,0,0,0,0,0,0,0,0,0,0,0,1,1,1,False
45,50042,-13,76874,3,391678,-0,7457743,0,05546908,-0,9833265,0,1731554,0,00306946,0,0,0,0,0,0,0,0,0,0,0,0,0,0,0,0,0,0,0,0,0,0,1,1,1,False
45,59312,-13,76861,3,391633,-0,7458181,0,05503414,-0,9833313,0,1732691,0,002962098,0,0,0,0,0,0,0,0,0,0,0,0,0,0,0,0,0,0,0,0,0,0,1,1,1,False
45,69307,-13,76848,3,391631,-0,7458124,0,05497331,-0,9833067,0,1734234,0,003208235,0,0,0,0,0,0,0,0,0,0,0,0,0,0,0,0,0,0,0,0,0,0,1,1,1,False
45,79862,-13,76838,3,391721,-0,745826,0,05454466,-0,9833792,0,1731476,0,003204033,0,0,0,0,0,0,0,0,0,0,0,0,0,0,0,0,0,0,0,0,0,0,1,1,1,False
45,89263,-13,76824,3,391752,-0,7459579,0,05506292,-0,9833093,0,1733783,0,003291368,0,0,0,0,0,0,0,0,0,0,0,0,0,0,0,0,0,0,0,0,0,0,1,1,1,False
45,98513,-13,76808,3,39168,-0,7459376,0,05453488,-0,9833691,0,173216,0,00275217,0,0,0,0,0,0,0,0,0,0,0,0,0,0,0,0,0,0,0,0,0,0,1,1,1,False
46,06783,-13,76794,3,391557,-0,7457824,0,05406846,-0,9833693,0,1733634,0,002581477,0,0,0,0,0,0,0,0,0,0,0,0,0,0,0,0,0,0,0,0,0,0,1,1,1,False
46,14551,-13,76782,3,391771,-0,7456784,0,05419322,-0,9834194,0,1730417,0,002426744,0,0,0,0,0,0,0,0,0,0,0,0,0,0,0,0,0,0,0,0,0,0,1,1,1,False
46,21395,-13,76785,3,391921,-0,7457745,0,05405767,-0,9834839,0,1727186,0,002365306,0,0,0,0,0,0,0,0,0,0,0,0,0,0,0,0,0,0,0,0,0,0,1,1,1,False
46,27445,-13,76806,3,391704,-0,7458584,0,05403687,-0,9833584,0,1734279,0,003050297,0,0,0,0,0,0,0,0,0,0,0,0,0,0,0,0,0,0,0,0,0,0,1,1,1,False
46,3297,-13,76814,3,391579,-0,7459574,0,05444109,-0,9833262,0,1734786,0,003317341,0,0,0,0,0,0,0,0,0,0,0,0,0,0,0,0,0,0,0,0,0,0,1,1,1,False
46,3846,-13,76814,3,391468,-0,746001,0,05437675,-0,9832931,0,1736895,0,003138125,0,0,0,0,0,0,0,0,0,0,0,0,0,0,0,0,0,0,0,0,0,0,1,1,1,False
46,44073,-13,76808,3,391431,-0,746022,0,05429811,-0,9832744,0,1738209,0,003089398,0,0,0,0,0,0,0,0,0,0,0,0,0,0,0,0,0,0,0,0,0,0,1,1,1,False
46,49841,-13,76799,3,391408,-0,7459488,0,0542624,-0,9832371,0,1740468,0,002872244,0,0,0,0,0,0,0,0,0,0,0,0,0,0,0,0,0,0,0,0,0,0,1,1,1,False
46,59959,-13,76788,3,391389,-0,7458394,0,05425519,-0,9832367,0,1740556,0,002573818,0,0,0,0,0,0,0,0,0,0,0,0,0,0,0,0,0,0,0,0,0,0,1,1,1,False
46,70778,-13,76784,3,391528,-0,7456679,0,05421609,-0,9832885,0,1737704,0,002870411,0,0,0,0,0,0,0,0,0,0,0,0,0,0,0,0,0,0,0,0,0,0,1,1,1,False
46,81517,-13,76784,3,391528,-0,7456679,0,05421609,-0,9832885,0,1737704,0,002870411,0,0,0,0,0,0,0,0,0,0,0,0,0,0,0,0,0,0,0,0,0,0,1,1,1,False
46,93049,-13,76797,3,391629,-0,7455463,0,05355427,-0,983385,0,1734235,0,003224447,0,0,0,0,0,0,0,0,0,0,0,0,0,0,0,0,0,0,0,0,0,0,1,1,1,False
47,05739,-13,76797,3,39169,-0,7457025,0,05441399,-0,9832973,0,1736538,0,003143206,0,0,0,0,0,0,0,0,0,0,0,0,0,0,0,0,0,0,0,0,0,0,1,1,1,False
47,18124,-13,76795,3,391359,-0,7454457,0,05378336,-0,9832892,0,1739002,0,002915829,0,0,0,0,0,0,0,0,0,0,0,0,0,0,0,0,0,0,0,0,0,0,1,1,1,False
47,30248,-13,76783,3,391737,-0,7453144,0,05462294,-0,9833893,0,1730663,0,003182948,0,0,0,0,0,0,0,0,0,0,0,0,0,0,0,0,0,0,0,0,0,0,1,1,1,False
47,42362,-13,7679,3,391505,-0,7454128,0,05364361,-0,9833472,0,1736107,0,003179848,0,0,0,0,0,0,0,0,0,0,0,0,0,0,0,0,0,0,0,0,0,0,1,1,1,False
47,54356,-13,76747,3,391182,-0,7455137,0,05305364,-0,9832495,0,1743482,0,002910212,0,0,0,0,0,0,0,0,0,0,0,0,0,0,0,0,0,0,0,0,0,0,1,1,1,False
47,65275,-13,76733,3,391231,-0,7454505,0,05339521,-0,9832419,0,1742876,0,002889439,0,0,0,0,0,0,0,0,0,0,0,0,0,0,0,0,0,0,0,0,0,0,1,1,1,False
47,77085,-13,76736,3,391312,-0,7453063,0,05301265,-0,9832669,0,1742605,0,003034726,0,0,0,0,0,0,0,0,0,0,0,0,0,0,0,0,0,0,0,0,0,0,1,1,1,False
47,86428,-13,76752,3,391517,-0,7452035,0,05283059,-0,9833593,0,173783,0,003591418,0,0,0,0,0,0,0,0,0,0,0,0,0,0,0,0,0,0,0,0,0,0,1,1,1,False
47,93401,-13,77365,3,391529,-0,7467623,0,05358832,-0,9832942,0,1739004,0,00443773,0,0,0,0,0,0,0,0,0,0,0,0,0,0,0,0,0,0,0,0,0,0,1,1,1,False
47,98723,-13,77871,3,3911,-0,7478693,0,0526078,-0,9832198,0,1745915,0,00539045,0,0,0,0,0,0,0,0,0,0,0,0,0,0,0,0,0,0,0,0,0,0,1,1,1,False
48,03062,-13,78352,3,390739,-0,748858,0,05181572,-0,9831094,0,1753325,0,008346796,0,0,0,0,0,0,0,0,0,0,0,0,0,0,0,0,0,0,0,0,0,0,1,1,1,False
48,0658,-13,78681,3,390703,-0,7495017,0,05251528,-0,9830244,0,1754933,0,01035901,0,0,0,0,0,0,0,0,0,0,0,0,0,0,0,0,0,0,0,0,0,0,1,1,1,False
48,09352,-13,7872,3,390931,-0,7495646,0,05348301,-0,9830409,0,1750404,0,01145054,0,0,0,0,0,0,0,0,0,0,0,0,0,0,0,0,0,0,0,0,0,0,1,1,1,False
48,12238,-13,7876,3,39103,-0,7495964,0,05335271,-0,9830981,0,1747386,0,01175538,0,0,0,0,0,0,0,0,0,0,0,0,0,0,0,0,0,0,0,0,0,0,1,1,1,False
48,16002,-13,78787,3,391064,-0,7496693,0,05355981,-0,9830433,0,1749519,0,01221734,0,0,0,0,0,0,0,0,0,0,0,0,0,0,0,0,0,0,0,0,0,0,1,1,1,False
48,20008,-13,78816,3,391052,-0,749752,0,05358916,-0,9830385,0,1749446,0,01256846,0,0,0,0,0,0,0,0,0,0,0,0,0,0,0,0,0,0,0,0,0,0,1,1,1,False
48,2434,-13,78841,3,390945,-0,7498307,0,05413362,-0,9829491,0,17521,0,01349422,0,0,0,0,0,0,0,0,0,0,0,0,0,0,0,0,0,0,0,0,0,0,1,1,1,False
48,28234,-13,83534,3,390496,-0,775105,0,0546995,-0,9828894,0,1753738,0,01343503,0,0,0,0,0,0,0,0,0,0,0,0,0,0,0,0,0,0,0,0,0,0,1,1,1,False
48,3228,-13,88421,3,389984,-0,8013012,0,05507474,-0,9827967,0,175754,0,01371203,0,0,0,0,0,0,0,0,0,0,0,0,0,0,0,0,0,0,0,0,0,0,1,1,1,False
48,42908,-14,09016,3,38863,-0,9253409,0,05507474,-0,9827967,0,175754,0,01371203,0,0,0,0,0,0,0,0,0,0,0,0,0,0,0,0,0,0,0,0,0,0,1,1,1,False
48,55643,-14,33745,3,387019,-1,073566,0,0552341,-0,9827643,0,1758195,0,01452989,0,0,0,0,0,0,0,0,0,0,0,0,0,0,0,0,0,0,0,0,0,0,1,1,1,False
48,69051,-14,56777,3,385566,-1,318314,0,05476997,-0,9827597,0,1755948,0,01871442,0,0,0,0,0,0,0,0,0,0,0,0,0,0,0,0,0,0,0,0,0,0,1,1,1,False
48,83142,-14,81181,3,760449,-1,573439,0,05501965,-0,9828088,0,1747925,0,02252375,0,0,0,0,0,0,0,0,0,0,0,0,0,0,0,0,0,0,0,0,0,0,1,1,1,False
48,9727,-15,05582,5,247342,-1,828495,0,05735298,-0,9826701,0,1745666,0,02442637,0,0,0,0,0,0,0,0,0,0,0,0,0,0,0,0,0,0,0,0,0,0,1,1,1,False
49,11211,-15,19827,6,008718,-2,10823,0,05853169,-0,9826398,0,1743311,0,02453238,0,0,0,0,0,0,0,0,0,0,0,0,0,0,0,0,0,0,0,0,0,0,1,1,1,False
49,21112,-15,25089,6,261241,-2,295162,0,05869542,-0,9827321,0,1737134,0,0248272,0,0,0,0,0,0,0,0,0,0,0,0,0,0,0,0,0,0,0,0,0,0,1,1,1,False
49,32713,-15,26012,5,799097,-2,491914,0,05899898,-0,9826357,0,1741873,0,02459902,0,0,0,0,0,0,0,0,0,0,0,0,0,0,0,0,0,0,0,0,0,0,1,1,1,False
49,41176,-15,25356,5,45619,-2,624192,0,05826446,-0,9825929,0,1747687,0,02392451,0,0,0,0,0,0,0,0,0,0,0,0,0,0,0,0,0,0,0,0,0,0,1,1,1,False
49,48925,-15,24404,5,139177,-2,715508,0,05819007,-0,9825395,0,1751167,0,02375402,0,0,0,0,0,0,0,0,0,0,0,0,0,0,0,0,0,0,0,0,0,0,1,1,1,False
49,55239,-15,23478,4,74768,-2,777728,0,05787823,-0,9825699,0,1750861,0,0234837,0,0,0,0,0,0,0,0,0,0,0,0,0,0,0,0,0,0,0,0,0,0,1,1,1,False
49,6039,-15,22864,4,589537,-2,815114,0,05775892,-0,982524,0,1753486,0,02373566,0,0,0,0,0,0,0,0,0,0,0,0,0,0,0,0,0,0,0,0,0,0,1,1,1,False
49,67823,-15,22169,4,494947,-2,848587,0,05740245,-0,9825981,0,175012,0,02401739,0,0,0,0,0,0,0,0,0,0,0,0,0,0,0,0,0,0,0,0,0,0,1,1,1,False
49,75743,-15,21542,4,4042,-2,869654,0,05800014,-0,9825379,0,1751394,0,02411666,0,0,0,0,0,0,0,0,0,0,0,0,0,0,0,0,0,0,0,0,0,0,1,1,1,False
49,85318,-15,20872,4,35953,-2,882096,0,05809642,-0,9825609,0,1750115,0,02387123,0,0,0,0,0,0,0,0,0,0,0,0,0,0,0,0,0,0,0,0,0,0,1,1,1,False
49,94834,-15,2022,4,323879,-2,887561,0,05774245,-0,9824867,0,175546,0,02386336,0,0,0,0,0,0,0,0,0,0,0,0,0,0,0,0,0,0,0,0,0,0,1,1,1,False
50,04497,-15,13281,4,21359,-2,800445,0,0581806,-0,9825599,0,1749982,0,02381101,0,0,0,0,0,0,0,0,0,0,0,0,0,0,0,0,0,0,0,0,0,0,1,1,1,False
50,14167,-15,00742,4,121442,-2,712269,0,05763719,-0,9825996,0,1749394,0,02392101,0,0,0,0,0,0,0,0,0,0,0,0,0,0,0,0,0,0,0,0,0,0,1,1,1,False
50,23727,-14,88243,4,067885,-2,550631,0,05772442,-0,9824077,0,1759116,0,02445712,0,0,0,0,0,0,0,0,0,0,0,0,0,0,0,0,0,0,0,0,0,0,1,1,1,False
50,33266,-14,78039,4,032416,-2,349597,0,05748095,-0,9822676,0,1767927,0,02430828,0,0,0,0,0,0,0,0,0,0,0,0,0,0,0,0,0,0,0,0,0,0,1,1,1,False
50,42763,-14,68376,3,607256,-2,136929,0,05763645,-0,9821889,0,1772186,0,02401123,0,0,0,0,0,0,0,0,0,0,0,0,0,0,0,0,0,0,0,0,0,0,1,1,1,False
50,5229,-14,58511,3,383668,-1,918958,0,05763252,-0,9821087,0,1777042,0,02371282,0,0,0,0,0,0,0,0,0,0,0,0,0,0,0,0,0,0,0,0,0,0,1,1,1,False
50,61517,-14,49688,3,38478,-1,708529,0,05677423,-0,9821089,0,1778932,0,02434935,0,0,0,0,0,0,0,0,0,0,0,0,0,0,0,0,0,0,0,0,0,0,1,1,1,False
50,70939,-14,40711,3,385962,-1,490794,0,05622057,-0,9821616,0,1776458,0,02529622,0,0,0,0,0,0,0,0,0,0,0,0,0,0,0,0,0,0,0,0,0,0,1,1,1,False
50,80525,-14,35193,3,386808,-1,257677,0,05574148,-0,9819517,0,1786696,0,02722094,0,0,0,0,0,0,0,0,0,0,0,0,0,0,0,0,0,0,0,0,0,0,1,1,1,False
50,89357,-14,32295,3,386616,-1,038749,0,0567194,-0,981851,0,1787609,0,02821542,0,0,0,0,0,0,0,0,0,0,0,0,0,0,0,0,0,0,0,0,0,0,1,1,1,False
50,98734,-14,29654,3,386615,-0,8056688,0,0568011,-0,9818456,0,1787611,0,02824043,0,0,0,0,0,0,0,0,0,0,0,0,0,0,0,0,0,0,0,0,0,0,1,1,1,False
51,08461,-14,25858,3,386904,-0,5655274,0,05695299,-0,9818965,0,1783425,0,02880693,0,0,0,0,0,0,0,0,0,0,0,0,0,0,0,0,0,0,0,0,0,0,1,1,1,False
51,18125,-14,19389,3,387801,-0,3327649,0,05676026,-0,9818001,0,1788674,0,02921327,0,0,0,0,0,0,0,0,0,0,0,0,0,0,0,0,0,0,0,0,0,0,1,1,1,False
51,27677,-14,12752,3,388739,-0,1033547,0,05713452,-0,9817365,0,179003,0,02978342,0,0,0,0,0,0,0,0,0,0,0,0,0,0,0,0,0,0,0,0,0,0,1,1,1,False
51,35761,-14,12746,3,388776,-0,1033165,0,05680429,-0,9817818,0,1788587,0,02979162,0,0,0,0,0,0,0,0,0,0,0,0,0,0,0,0,0,0,0,0,0,0,1,1,1,False
51,43647,-14,12735,3,388821,-0,103317,0,05695586,-0,9817806,0,1788082,0,02984276,0,0,0,0,0,0,0,0,0,0,0,0,0,0,0,0,0,0,0,0,0,0,1,1,1,False
51,50837,-14,12722,3,388848,-0,1032805,0,05705614,-0,9817907,0,1787789,0,0294929,0,0,0,0,0,0,0,0,0,0,0,0,0,0,0,0,0,0,0,0,0,0,1,1,1,False
51,59411,-14,12718,3,388936,-0,1034193,0,05685632,-0,9818317,0,1785959,0,02962141,0,0,0,0,0,0,0,0,0,0,0,0,0,0,0,0,0,0,0,0,0,0,1,1,1,False
51,68586,-14,12708,3,388802,-0,1037045,0,05706669,-0,9818187,0,1786418,0,02936826,0,0,0,0,0,0,0,0,0,0,0,0,0,0,0,0,0,0,0,0,0,0,1,1,1,False
51,77404,-14,12695,3,388626,-0,1038969,0,05725778,-0,9817206,0,1791977,0,02888779,0,0,0,0,0,0,0,0,0,0,0,0,0,0,0,0,0,0,0,0,0,0,1,1,1,False
51,8614,-14,12683,3,388551,-0,1038108,0,05701132,-0,9817826,0,178985,0,02858523,0,0,0,0,0,0,0,0,0,0,0,0,0,0,0,0,0,0,0,0,0,0,1,1,1,False
51,94674,-14,12682,3,38885,-0,1037562,0,05706291,-0,9818906,0,1783986,0,02843742,0,0,0,0,0,0,0,0,0,0,0,0,0,0,0,0,0,0,0,0,0,0,1,1,1,False
52,02915,-14,12688,3,388939,-0,1038549,0,05695496,-0,9818979,0,1784314,0,02819648,0,0,0,0,0,0,0,0,0,0,0,0,0,0,0,0,0,0,0,0,0,0,1,1,1,False
52,12035,-14,12704,3,388669,-0,1039627,0,05707231,-0,9817791,0,1789792,0,0286197,0,0,0,0,0,0,0,0,0,0,0,0,0,0,0,0,0,0,0,0,0,0,1,1,1,False
52,2091,-14,12712,3,388559,-0,1040876,0,05736204,-0,981753,0,1790268,0,02863842,0,0,0,0,0,0,0,0,0,0,0,0,0,0,0,0,0,0,0,0,0,0,1,1,1,False
52,30022,-14,12707,3,388518,-0,1042006,0,05711446,-0,9817401,0,1791884,0,02856455,0,0,0,0,0,0,0,0,0,0,0,0,0,0,0,0,0,0,0,0,0,0,1,1,1,False
52,3935,-14,00058,3,388469,-0,1091859,0,05726778,-0,9817277,0,1792763,0,02813031,0,0,0,0,0,0,0,0,0,0,0,0,0,0,0,0,0,0,0,0,0,0,1,1,1,False
52,47667,-13,86356,3,388431,-0,1170135,0,05685666,-0,9817271,0,1794158,0,02809387,0,0,0,0,0,0,0,0,0,0,0,0,0,0,0,0,0,0,0,0,0,0,1,1,1,False
52,55697,-13,7283,3,388585,-0,1500127,0,05623659,-0,9818159,0,179085,0,02834989,0,0,0,0,0,0,0,0,0,0,0,0,0,0,0,0,0,0,0,0,0,0,1,1,1,False
52,6402,-13,60243,3,388701,-0,2077842,0,05698553,-0,981775,0,17908,0,02830065,0,0,0,0,0,0,0,0,0,0,0,0,0,0,0,0,0,0,0,0,0,0,1,1,1,False
52,72998,-13,55739,3,388604,-0,2670023,0,0564472,-0,9817882,0,1792362,0,02793092,0,0,0,0,0,0,0,0,0,0,0,0,0,0,0,0,0,0,0,0,0,0,1,1,1,False
52,81625,-13,55739,3,388494,-0,2668297,0,05614733,-0,9817543,0,1794987,0,02804239,0,0,0,0,0,0,0,0,0,0,0,0,0,0,0,0,0,0,0,0,0,0,1,1,1,False
52,90836,-13,55736,3,388812,-0,2666442,0,05658968,-0,9818735,0,1787273,0,02790567,0,0,0,0,0,0,0,0,0,0,0,0,0,0,0,0,0,0,0,0,0,0,1,1,1,False
53,00636,-13,55753,3,388895,-0,2666717,0,05644001,-0,98185,0,1788967,0,02794795,0,0,0,0,0,0,0,0,0,0,0,0,0,0,0,0,0,0,0,0,0,0,1,1,1,False
53,10242,-13,55792,3,388751,-0,2666965,0,05662388,-0,9817882,0,179052,0,02874227,0,0,0,0,0,0,0,0,0,0,0,0,0,0,0,0,0,0,0,0,0,0,1,1,1,False
53,20078,-13,55797,3,388649,-0,266782,0,05693221,-0,9817457,0,1792016,0,02865458,0,0,0,0,0,0,0,0,0,0,0,0,0,0,0,0,0,0,0,0,0,0,1,1,1,False
53,28836,-13,55782,3,388621,-0,2668185,0,05693447,-0,9817498,0,1792493,0,02820691,0,0,0,0,0,0,0,0,0,0,0,0,0,0,0,0,0,0,0,0,0,0,1,1,1,False
53,37717,-13,55767,3,388658,-0,2667592,0,05682569,-0,9817639,0,1792359,0,0280206,0,0,0,0,0,0,0,0,0,0,0,0,0,0,0,0,0,0,0,0,0,0,1,1,1,False
53,4603,-13,55767,3,38876,-0,2666833,0,05656826,-0,9818224,0,1789416,0,02836882,0,0,0,0,0,0,0,0,0,0,0,0,0,0,0,0,0,0,0,0,0,0,1,1,1,False
53,55716,-13,55763,3,388838,-0,2666681,0,05624567,-0,9818705,0,1787863,0,02832773,0,0,0,0,0,0,0,0,0,0,0,0,0,0,0,0,0,0,0,0,0,0,1,1,1,False
53,65565,-13,55754,3,388861,-0,2667706,0,05682342,-0,9818202,0,1789182,0,02808053,0,0,0,0,0,0,0,0,0,0,0,0,0,0,0,0,0,0,0,0,0,0,1,1,1,False
53,75335,-13,55763,3,388797,-0,26689,0,05659198,-0,9817835,0,1791928,0,02808151,0,0,0,0,0,0,0,0,0,0,0,0,0,0,0,0,0,0,0,0,0,0,1,1,1,False
53,84011,-13,55767,3,388591,-0,2666938,0,05643481,-0,9817564,0,1793749,0,02818035,0,0,0,0,0,0,0,0,0,0,0,0,0,0,0,0,0,0,0,0,0,0,1,1,1,False
53,93253,-13,55758,3,388865,-0,2665002,0,05684248,-0,9818466,0,1787829,0,0279806,0,0,0,0,0,0,0,0,0,0,0,0,0,0,0,0,0,0,0,0,0,0,1,1,1,False
54,01843,-13,55758,3,388929,-0,2664981,0,05635342,-0,9819149,0,1785697,0,02793477,0,0,0,0,0,0,0,0,0,0,0,0,0,0,0,0,0,0,0,0,0,0,1,1,1,False
54,11449,-13,55758,3,388683,-0,2665825,0,05646174,-0,9818042,0,1790928,0,02825605,0,0,0,0,0,0,0,0,0,0,0,0,0,0,0,0,0,0,0,0,0,0,1,1,1,False
54,2136,-13,55742,3,38847,-0,266742,0,05621605,-0,9817437,0,1795235,0,0281169,0,0,0,0,0,0,0,0,0,0,0,0,0,0,0,0,0,0,0,0,0,0,1,1,1,False
54,31349,-13,55714,3,388314,-0,2668097,0,05601357,-0,981701,0,1798373,0,02800692,0,0,0,0,0,0,0,0,0,0,0,0,0,0,0,0,0,0,0,0,0,0,1,1,1,False
54,40131,-13,55716,3,387707,-0,266675,0,05597173,-0,9814149,0,1813725,0,028218,0,0,0,0,0,0,0,0,0,0,0,0,0,0,0,0,0,0,0,0,0,0,1,1,1,False
54,48825,-13,56497,3,387923,-0,2741625,0,05319788,-0,9803633,0,1868592,0,03378679,0,0,0,0,0,0,0,0,0,0,0,0,0,0,0,0,0,0,0,0,0,0,1,1,1,False
54,5745,-13,62182,3,385159,-0,3575184,0,05056531,-0,9790369,0,1927686,0,04207412,0,0,0,0,0,0,0,0,0,0,0,0,0,0,0,0,0,0,0,0,0,0,1,1,1,False
54,65958,-13,6792,3,383685,-0,485446,0,05318097,-0,9781423,0,1954156,0,04714025,0,0,0,0,0,0,0,0,0,0,0,0,0,0,0,0,0,0,0,0,0,0,1,1,1,False
54,75075,-13,74199,3,382154,-0,6457219,0,05521069,-0,9773552,0,1981539,0,04963436,0,0,0,0,0,0,0,0,0,0,0,0,0,0,0,0,0,0,0,0,0,0,1,1,1,False
54,84591,-13,80564,3,380009,-0,8108573,0,05585897,-0,9764948,0,2013467,0,05288878,0,0,0,0,0,0,0,0,0,0,0,0,0,0,0,0,0,0,0,0,0,0,1,1,1,False
54,94402,-13,87204,3,378127,-0,9770079,0,05550553,-0,9755017,0,2046271,0,05868009,0,0,0,0,0,0,0,0,0,0,0,0,0,0,0,0,0,0,0,0,0,0,1,1,1,False
55,04486,-13,94084,3,37761,-1,148675,0,05469818,-0,9751847,0,2044844,0,06487808,0,0,0,0,0,0,0,0,0,0,0,0,0,0,0,0,0,0,0,0,0,0,1,1,1,False
55,14526,-14,01043,3,376971,-1,319345,0,05411427,-0,974887,0,2046452,0,06919197,0,0,0,0,0,0,0,0,0,0,0,0,0,0,0,0,0,0,0,0,0,0,1,1,1,False
55,23389,-14,06977,3,375783,-1,471672,0,05317347,-0,9744661,0,2058004,0,07235293,0,0,0,0,0,0,0,0,0,0,0,0,0,0,0,0,0,0,0,0,0,0,1,1,1,False
55,31926,-14,12573,3,374508,-1,616667,0,05419058,-0,9739268,0,2074008,0,0742629,0,0,0,0,0,0,0,0,0,0,0,0,0,0,0,0,0,0,0,0,0,0,1,1,1,False
55,39811,-14,17594,3,373916,-1,750797,0,0572632,-0,973886,0,2072485,0,07290495,0,0,0,0,0,0,0,0,0,0,0,0,0,0,0,0,0,0,0,0,0,0,1,1,1,False
55,47218,-14,22262,3,373712,-1,876885,0,0573468,-0,9741448,0,2066723,0,07099234,0,0,0,0,0,0,0,0,0,0,0,0,0,0,0,0,0,0,0,0,0,0,1,1,1,False
55,55905,-14,27794,3,383883,-2,024716,0,05512025,-0,9743469,0,2063206,0,0710064,0,0,0,0,0,0,0,0,0,0,0,0,0,0,0,0,0,0,0,0,0,0,1,1,1,False
55,64873,-14,33365,3,383213,-2,175354,0,05516652,-0,9741481,0,2071321,0,07133346,0,0,0,0,0,0,0,0,0,0,0,0,0,0,0,0,0,0,0,0,0,0,1,1,1,False
55,74097,-14,39016,3,382265,-2,330484,0,05528161,-0,9740697,0,2079544,0,06990929,0,0,0,0,0,0,0,0,0,0,0,0,0,0,0,0,0,0,0,0,0,0,1,1,1,False
55,83155,-14,40971,3,382283,-2,49051,0,05483031,-0,9745988,0,2059849,0,06871027,0,0,0,0,0,0,0,0,0,0,0,0,0,0,0,0,0,0,0,0,0,0,1,1,1,False
55,92358,-14,42892,3,382136,-2,651047,0,05424756,-0,9747399,0,205925,0,0673369,0,0,0,0,0,0,0,0,0,0,0,0,0,0,0,0,0,0,0,0,0,0,1,1,1,False
56,01996,-14,44923,3,381735,-2,819341,0,05330832,-0,9747679,0,2062336,0,06673535,0,0,0,0,0,0,0,0,0,0,0,0,0,0,0,0,0,0,0,0,0,0,1,1,1,False
56,12402,-14,47134,3,381086,-2,999627,0,05341302,-0,9746452,0,206613,0,06726854,0,0,0,0,0,0,0,0,0,0,0,0,0,0,0,0,0,0,0,0,0,0,1,1,1,False
56,2272,-14,49338,3,380638,-3,181566,0,05315048,-0,9746976,0,2065894,0,0667876,0,0,0,0,0,0,0,0,0,0,0,0,0,0,0,0,0,0,0,0,0,0,1,1,1,False
56,31972,-14,51236,3,380237,-3,34308,0,05293441,-0,9747396,0,2067456,0,06585623,0,0,0,0,0,0,0,0,0,0,0,0,0,0,0,0,0,0,0,0,0,0,1,1,1,False
56,41087,-14,531,3,379874,-3,502338,0,0527964,-0,9747782,0,2068004,0,06522037,0,0,0,0,0,0,0,0,0,0,0,0,0,0,0,0,0,0,0,0,0,0,1,1,1,False
56,50282,-14,55024,3,379416,-3,66446,0,0521863,-0,9747608,0,2070418,0,06520464,0,0,0,0,0,0,0,0,0,0,0,0,0,0,0,0,0,0,0,0,0,0,1,1,1,False
56,60755,-14,5722,3,379104,-3,849171,0,05242774,-0,9748165,0,2066956,0,06527723,0,0,0,0,0,0,0,0,0,0,0,0,0,0,0,0,0,0,0,0,0,0,1,1,1,False
56,70984,-14,5932,3,378765,-4,02783,0,05257418,-0,9748461,0,2066319,0,06491886,0,0,0,0,0,0,0,0,0,0,0,0,0,0,0,0,0,0,0,0,0,0,1,1,1,False
56,81663,-14,6153,3,378205,-4,215955,0,05238545,-0,9748769,0,2066278,0,06461965,0,0,0,0,0,0,0,0,0,0,0,0,0,0,0,0,0,0,0,0,0,0,1,1,1,False
56,91093,-14,63471,3,378178,-4,380337,0,0524648,-0,97508,0,2056122,0,06473193,0,0,0,0,0,0,0,0,0,0,0,0,0,0,0,0,0,0,0,0,0,0,1,1,1,False
57,00514,-14,65425,3,377905,-4,544832,0,05263477,-0,9750783,0,2055521,0,0648101,0,0,0,0,0,0,0,0,0,0,0,0,0,0,0,0,0,0,0,0,0,0,1,1,1,False
57,09909,-14,67398,3,377281,-4,708981,0,05299324,-0,9749525,0,205862,0,0654238,0,0,0,0,0,0,0,0,0,0,0,0,0,0,0,0,0,0,0,0,0,0,1,1,1,False
57,19122,-14,69317,3,376747,-4,871603,0,05315321,-0,9749236,0,2060525,0,06512433,0,0,0,0,0,0,0,0,0,0,0,0,0,0,0,0,0,0,0,0,0,0,1,1,1,False
57,29012,-14,71333,3,376324,-5,046161,0,05324527,-0,9749467,0,2060831,0,06460417,0,0,0,0,0,0,0,0,0,0,0,0,0,0,0,0,0,0,0,0,0,0,1,1,1,False
57,39041,-14,734,3,376019,-5,222935,0,05257935,-0,9750329,0,2058633,0,06454929,0,0,0,0,0,0,0,0,0,0,0,0,0,0,0,0,0,0,0,0,0,0,1,1,1,False
57,49881,-14,75671,3,375845,-5,413901,0,05230739,-0,9751141,0,2053763,0,06509262,0,0,0,0,0,0,0,0,0,0,0,0,0,0,0,0,0,0,0,0,0,0,1,1,1,False
57,60582,-14,77876,3,375575,-5,600525,0,05227314,-0,975216,0,2049817,0,06483828,0,0,0,0,0,0,0,0,0,0,0,0,0,0,0,0,0,0,0,0,0,0,1,1,1,False
57,71761,-14,80178,3,375156,-5,795742,0,05284628,-0,9751593,0,2051418,0,06471983,0,0,0,0,0,0,0,0,0,0,0,0,0,0,0,0,0,0,0,0,0,0,1,1,1,False
57,81311,-14,82163,3,485189,-5,962261,0,05215211,-0,9751316,0,2054351,0,06476835,0,0,0,0,0,0,0,0,0,0,0,0,0,0,0,0,0,0,0,0,0,0,1,1,1,False
57,90783,-14,84099,3,502684,-6,126253,0,05238781,-0,9751609,0,2052377,0,06476326,0,0,0,0,0,0,0,0,0,0,0,0,0,0,0,0,0,0,0,0,0,0,1,1,1,False
57,99997,-14,85983,3,502842,-6,286539,0,05228124,-0,975209,0,2050359,0,06476512,0,0,0,0,0,0,0,0,0,0,0,0,0,0,0,0,0,0,0,0,0,0,1,1,1,False
58,09537,-14,87916,3,502094,-6,451955,0,05225536,-0,9750984,0,205573,0,06474953,0,0,0,0,0,0,0,0,0,0,0,0,0,0,0,0,0,0,0,0,0,0,1,1,1,False
58,19696,-14,89966,3,407227,-6,628096,0,05197239,-0,975113,0,2056165,0,06461687,0,0,0,0,0,0,0,0,0,0,0,0,0,0,0,0,0,0,0,0,0,0,1,1,1,False
58,30215,-14,9206,3,406608,-6,811072,0,05146188,-0,975131,0,2058435,0,06402852,0,0,0,0,0,0,0,0,0,0,0,0,0,0,0,0,0,0,0,0,0,0,1,1,1,False
58,41388,-14,94236,3,283545,-7,003294,0,05135112,-0,975197,0,205764,0,06336591,0,0,0,0,0,0,0,0,0,0,0,0,0,0,0,0,0,0,0,0,0,0,1,1,1,False
58,52498,-14,9618,3,166107,-7,184311,0,05053273,-0,9752842,0,2056124,0,06317219,0,0,0,0,0,0,0,0,0,0,0,0,0,0,0,0,0,0,0,0,0,0,1,1,1,False
58,62305,-14,97136,3,166134,-7,26612,0,05026027,-0,9754127,0,2049617,0,06352059,0,0,0,0,0,0,0,0,0,0,0,0,0,0,0,0,0,0,0,0,0,0,1,1,1,False
58,71816,-14,97139,3,133848,-7,266414,0,05079612,-0,9752148,0,2058219,0,06334919,0,0,0,0,0,0,0,0,0,0,0,0,0,0,0,0,0,0,0,0,0,0,1,1,1,False
58,80196,-14,97116,3,133504,-7,266593,0,05086911,-0,9751804,0,2061785,0,06265865,0,0,0,0,0,0,0,0,0,0,0,0,0,0,0,0,0,0,0,0,0,0,1,1,1,False
58,87886,-14,97076,3,13348,-7,266552,0,0509003,-0,975219,0,2061978,0,06196421,0,0,0,0,0,0,0,0,0,0,0,0,0,0,0,0,0,0,0,0,0,0,1,1,1,False
58,94983,-14,97052,3,134061,-7,266697,0,05037212,-0,9755601,0,2048246,0,06157875,0,0,0,0,0,0,0,0,0,0,0,0,0,0,0,0,0,0,0,0,0,0,1,1,1,False
59,01775,-14,97047,3,134132,-7,26686,0,04965481,-0,9755663,0,2050138,0,0614358,0,0,0,0,0,0,0,0,0,0,0,0,0,0,0,0,0,0,0,0,0,0,1,1,1,False
59,11213,-14,97046,3,133772,-7,266989,0,0503378,-0,9753576,0,2057223,0,06182262,0,0,0,0,0,0,0,0,0,0,0,0,0,0,0,0,0,0,0,0,0,0,1,1,1,False
59,21111,-14,97053,3,13351,-7,267228,0,05002224,-0,9753102,0,2060868,0,0616132,0,0,0,0,0,0,0,0,0,0,0,0,0,0,0,0,0,0,0,0,0,0,1,1,1,False
59,30997,-14,97578,3,133201,-7,314697,0,05011699,-0,9752117,0,2065793,0,0614457,0,0,0,0,0,0,0,0,0,0,0,0,0,0,0,0,0,0,0,0,0,0,1,1,1,False
59,41293,-14,98722,3,054368,-7,417228,0,05040177,-0,9752311,0,2064457,0,06135362,0,0,0,0,0,0,0,0,0,0,0,0,0,0,0,0,0,0,0,0,0,0,1,1,1,False
59,51432,-14,99885,3,054206,-7,517894,0,05007255,-0,975246,0,2063001,0,06187406,0,0,0,0,0,0,0,0,0,0,0,0,0,0,0,0,0,0,0,0,0,0,1,1,1,False
59,61142,-15,01044,2,961562,-7,618475,0,05094539,-0,9752198,0,2060629,0,06236307,0,0,0,0,0,0,0,0,0,0,0,0,0,0,0,0,0,0,0,0,0,0,1,1,1,False
59,7091,-15,02077,2,870662,-7,718782,0,0510467,-0,9753067,0,2057445,0,06197187,0,0,0,0,0,0,0,0,0,0,0,0,0,0,0,0,0,0,0,0,0,0,1,1,1,False
59,8096,-15,03228,2,870354,-7,821861,0,05103968,-0,9753759,0,205496,0,06171128,0,0,0,0,0,0,0,0,0,0,0,0,0,0,0,0,0,0,0,0,0,0,1,1,1,False
59,91978,-15,04505,2,751298,-7,934724,0,05125361,-0,9755265,0,2046705,0,06189708,0,0,0,0,0,0,0,0,0,0,0,0,0,0,0,0,0,0,0,0,0,0,1,1,1,False
60,02979,-15,05818,2,750846,-8,04831,0,05068193,-0,9754772,0,2050099,0,06202013,0,0,0,0,0,0,0,0,0,0,0,0,0,0,0,0,0,0,0,0,0,0,1,1,1,False
60,12703,-15,06958,2,657574,-8,148057,0,0513794,-0,9753484,0,2052817,0,06257257,0,0,0,0,0,0,0,0,0,0,0,0,0,0,0,0,0,0,0,0,0,0,1,1,1,False
60,22137,-15,07934,2,58138,-8,243836,0,05146496,-0,9753129,0,2055346,0,06222232,0,0,0,0,0,0,0,0,0,0,0,0,0,0,0,0,0,0,0,0,0,0,1,1,1,False
60,30721,-15,08893,2,5811,-8,331333,0,05135715,-0,975343,0,2054913,0,06198281,0,0,0,0,0,0,0,0,0,0,0,0,0,0,0,0,0,0,0,0,0,0,1,1,1,False
60,38975,-15,09831,2,514101,-8,4158,0,05115488,-0,9753883,0,2053655,0,06185451,0,0,0,0,0,0,0,0,0,0,0,0,0,0,0,0,0,0,0,0,0,0,1,1,1,False
60,45929,-15,10644,2,513964,-8,486879,0,05096466,-0,9754121,0,2051578,0,06232319,0,0,0,0,0,0,0,0,0,0,0,0,0,0,0,0,0,0,0,0,0,0,1,1,1,False
60,52009,-15,1136,2,477561,-8,549087,0,05061977,-0,9754581,0,2049812,0,06246518,0,0,0,0,0,0,0,0,0,0,0,0,0,0,0,0,0,0,0,0,0,0,1,1,1,False
60,59603,-15,12243,2,379254,-8,627348,0,05143571,-0,9754612,0,204803,0,06233428,0,0,0,0,0,0,0,0,0,0,0,0,0,0,0,0,0,0,0,0,0,0,1,1,1,False
60,68491,-15,13287,2,378913,-8,719259,0,05120486,-0,9754098,0,2051953,0,06203772,0,0,0,0,0,0,0,0,0,0,0,0,0,0,0,0,0,0,0,0,0,0,1,1,1,False
60,78252,-15,14426,2,284867,-8,81905,0,05096516,-0,9753176,0,2056398,0,06221347,0,0,0,0,0,0,0,0,0,0,0,0,0,0,0,0,0,0,0,0,0,0,1,1,1,False
60,87756,-15,15516,2,284856,-8,916299,0,05118718,-0,9754642,0,204921,0,06210413,0,0,0,0,0,0,0,0,0,0,0,0,0,0,0,0,0,0,0,0,0,0,1,1,1,False
60,9746,-15,16636,2,192221,-9,015797,0,05062338,-0,9754621,0,2050725,0,06209868,0,0,0,0,0,0,0,0,0,0,0,0,0,0,0,0,0,0,0,0,0,0,1,1,1,False
61,06526,-15,17687,2,102492,-9,108767,0,05070105,-0,9753651,0,205387,0,06251895,0,0,0,0,0,0,0,0,0,0,0,0,0,0,0,0,0,0,0,0,0,0,1,1,1,False
61,16101,-15,18793,2,102144,-9,207495,0,05046034,-0,9753727,0,205459,0,06235779,0,0,0,0,0,0,0,0,0,0,0,0,0,0,0,0,0,0,0,0,0,0,1,1,1,False
61,25477,-15,19838,2,015653,-9,301872,0,05025182,-0,975392,0,2054501,0,06225396,0,0,0,0,0,0,0,0,0,0,0,0,0,0,0,0,0,0,0,0,0,0,1,1,1,False
61,34977,-15,20809,1,9484,-9,397855,0,04998247,-0,9754211,0,2054392,0,06204999,0,0,0,0,0,0,0,0,0,0,0,0,0,0,0,0,0,0,0,0,0,0,1,1,1,False
61,45086,-15,21981,1,948241,-9,499809,0,04974497,-0,9754616,0,2051904,0,06242641,0,0,0,0,0,0,0,0,0,0,0,0,0,0,0,0,0,0,0,0,0,0,1,1,1,False
61,55055,-15,23186,1,850687,-9,601696,0,04958181,-0,9755117,0,2047961,0,06306499,0,0,0,0,0,0,0,0,0,0,0,0,0,0,0,0,0,0,0,0,0,0,1,1,1,False
61,655,-15,24442,1,850378,-9,708718,0,05043944,-0,9754817,0,2046461,0,06333677,0,0,0,0,0,0,0,0,0,0,0,0,0,0,0,0,0,0,0,0,0,0,1,1,1,False
61,74563,-15,25543,1,769426,-9,802646,0,05010853,-0,9754875,0,2047658,0,06312167,0,0,0,0,0,0,0,0,0,0,0,0,0,0,0,0,0,0,0,0,0,0,1,1,1,False
61,83539,-15,2662,1,681323,-9,895486,0,05028449,-0,9754606,0,2048117,0,06324657,0,0,0,0,0,0,0,0,0,0,0,0,0,0,0,0,0,0,0,0,0,0,1,1,1,False
61,91918,-15,27619,1,681488,-9,982092,0,05066009,-0,9756678,0,2036851,0,06339178,0,0,0,0,0,0,0,0,0,0,0,0,0,0,0,0,0,0,0,0,0,0,1,1,1,False
62,00068,-15,28568,1,615887,-10,06585,0,0503386,-0,9756058,0,2042583,0,06275176,0,0,0,0,0,0,0,0,0,0,0,0,0,0,0,0,0,0,0,0,0,0,1,1,1,False
62,07799,-15,29463,1,537833,-10,1453,0,05071579,-0,9754058,0,2051162,0,0627609,0,0,0,0,0,0,0,0,0,0,0,0,0,0,0,0,0,0,0,0,0,0,1,1,1,False
62,15461,-15,30339,1,537438,-10,22407,0,05031737,-0,9753842,0,2054288,0,06239312,0,0,0,0,0,0,0,0,0,0,0,0,0,0,0,0,0,0,0,0,0,0,1,1,1,False
62,23892,-15,31283,1,467292,-10,31087,0,04965413,-0,9754609,0,2054294,0,06172044,0,0,0,0,0,0,0,0,0,0,0,0,0,0,0,0,0,0,0,0,0,0,1,1,1,False
62,33008,-15,32293,1,393507,-10,40359,0,04951306,-0,9755492,0,2052197,0,06113223,0,0,0,0,0,0,0,0,0,0,0,0,0,0,0,0,0,0,0,0,0,0,1,1,1,False
62,42058,-15,33051,1,392675,-10,49655,0,05144235,-0,9755095,0,2064369,0,05584614,0,0,0,0,0,0,0,0,0,0,0,0,0,0,0,0,0,0,0,0,0,0,1,1,1,False
62,51665,-15,334,1,300894,-10,59591,0,05592581,-0,9754318,0,2084589,0,04416068,0,0,0,0,0,0,0,0,0,0,0,0,0,0,0,0,0,0,0,0,0,0,1,1,1,False
62,61773,-15,33892,1,241971,-10,70267,0,05189552,-0,9758179,0,2083846,0,04077136,0,0,0,0,0,0,0,0,0,0,0,0,0,0,0,0,0,0,0,0,0,0,1,1,1,False
62,71911,-15,34745,1,241393,-10,81305,0,04762178,-0,9757658,0,2091875,0,04305853,0,0,0,0,0,0,0,0,0,0,0,0,0,0,0,0,0,0,0,0,0,0,1,1,1,False
62,81028,-15,3567,1,159051,-10,91516,0,04752299,-0,9752976,0,2104482,0,04741145,0,0,0,0,0,0,0,0,0,0,0,0,0,0,0,0,0,0,0,0,0,0,1,1,1,False
62,896,-15,36568,1,083284,-11,01218,0,0481429,-0,9752545,0,2100251,0,04950375,0,0,0,0,0,0,0,0,0,0,0,0,0,0,0,0,0,0,0,0,0,0,1,1,1,False
62,96621,-15,37295,1,082801,-11,09182,0,04734992,-0,9751384,0,2106978,0,04969732,0,0,0,0,0,0,0,0,0,0,0,0,0,0,0,0,0,0,0,0,0,0,1,1,1,False
63,02559,-15,37948,1,047941,-11,16211,0,04761155,-0,9750172,0,2110201,0,05044966,0,0,0,0,0,0,0,0,0,0,0,0,0,0,0,0,0,0,0,0,0,0,1,1,1,False
63,07515,-15,38501,1,048058,-11,22066,0,04875743,-0,9751054,0,2102678,0,05079158,0,0,0,0,0,0,0,0,0,0,0,0,0,0,0,0,0,0,0,0,0,0,1,1,1,False
63,15112,-15,39355,0,9913399,-11,31056,0,04903686,-0,9751876,0,2097303,0,05116546,0,0,0,0,0,0,0,0,0,0,0,0,0,0,0,0,0,0,0,0,0,0,1,1,1,False
63,23989,-15,4039,0,9074526,-11,41552,0,04887822,-0,975175,0,2094887,0,05253012,0,0,0,0,0,0,0,0,0,0,0,0,0,0,0,0,0,0,0,0,0,0,1,1,1,False
63,32571,-15,41379,0,9071567,-11,51715,0,04948325,-0,9751688,0,2091642,0,05336373,0,0,0,0,0,0,0,0,0,0,0,0,0,0,0,0,0,0,0,0,0,0,1,1,1,False
63,4142,-15,42379,0,8300686,-11,62316,0,04970526,-0,975186,0,209057,0,05326149,0,0,0,0,0,0,0,0,0,0,0,0,0,0,0,0,0,0,0,0,0,0,1,1,1,False
63,49997,-15,43334,0,7596016,-11,72598,0,04999258,-0,9752642,0,2086554,0,05313645,0,0,0,0,0,0,0,0,0,0,0,0,0,0,0,0,0,0,0,0,0,0,1,1,1,False
63,58503,-15,44169,0,7041051,-11,82758,0,05059771,-0,9750363,0,2095532,0,05321458,0,0,0,0,0,0,0,0,0,0,0,0,0,0,0,0,0,0,0,0,0,0,1,1,1,False
63,67353,-15,45203,0,7036774,-11,93381,0,04945461,-0,9751168,0,2092971,0,05381824,0,0,0,0,0,0,0,0,0,0,0,0,0,0,0,0,0,0,0,0,0,0,1,1,1,False
63,76181,-15,46225,0,6268623,-12,04025,0,04981851,-0,9750562,0,2093786,0,05426142,0,0,0,0,0,0,0,0,0,0,0,0,0,0,0,0,0,0,0,0,0,0,1,1,1,False
63,84301,-15,4717,0,6266849,-12,13805,0,05002549,-0,9751356,0,2089561,0,05427258,0,0,0,0,0,0,0,0,0,0,0,0,0,0,0,0,0,0,0,0,0,0,1,1,1,False
63,92845,-15,4846,1,119108,-12,24019,0,04971773,-0,9750225,0,209638,0,05395734,0,0,0,0,0,0,0,0,0,0,0,0,0,0,0,0,0,0,0,0,0,0,1,1,1,False
64,01388,-15,49712,1,423711,-12,34206,0,0502654,-0,9749916,0,2094565,0,05470657,0,0,0,0,0,0,0,0,0,0,0,0,0,0,0,0,0,0,0,0,0,0,1,1,1,False
64,11018,-15,50908,1,528451,-12,45611,0,05002601,-0,9750476,0,209143,0,0551254,0,0,0,0,0,0,0,0,0,0,0,0,0,0,0,0,0,0,0,0,0,0,1,1,1,False
64,19724,-15,51851,1,427947,-12,55879,0,05023614,-0,9750893,0,2089021,0,05511062,0,0,0,0,0,0,0,0,0,0,0,0,0,0,0,0,0,0,0,0,0,0,1,1,1,False
64,28052,-15,52606,1,15334,-12,65655,0,05040356,-0,9751902,0,2084294,0,05496329,0,0,0,0,0,0,0,0,0,0,0,0,0,0,0,0,0,0,0,0,0,0,1,1,1,False
64,36144,-15,53338,0,741807,-12,75133,0,04987162,-0,9753228,0,2078064,0,05545186,0,0,0,0,0,0,0,0,0,0,0,0,0,0,0,0,0,0,0,0,0,0,1,1,1,False
64,45347,-15,54158,0,2749012,-12,86023,0,04986038,-0,9755219,0,2066718,0,0561951,0,0,0,0,0,0,0,0,0,0,0,0,0,0,0,0,0,0,0,0,0,0,1,1,1,False
64,54836,-15,55307,0,2745168,-12,97317,0,05071159,-0,9753957,0,2069713,0,05652002,0,0,0,0,0,0,0,0,0,0,0,0,0,0,0,0,0,0,0,0,0,0,1,1,1,False
64,64258,-15,56414,0,1870964,-13,08492,0,05070206,-0,9754428,0,2069302,0,05586368,0,0,0,0,0,0,0,0,0,0,0,0,0,0,0,0,0,0,0,0,0,0,1,1,1,False
64,72593,-15,57381,0,1866145,-13,18375,0,05060057,-0,9753953,0,2071813,0,05585324,0,0,0,0,0,0,0,0,0,0,0,0,0,0,0,0,0,0,0,0,0,0,1,1,1,False
64,80611,-15,58286,0,1234295,-13,27893,0,05036263,-0,9755605,0,2065732,0,05543482,0,0,0,0,0,0,0,0,0,0,0,0,0,0,0,0,0,0,0,0,0,0,1,1,1,False
64,88359,-15,59147,0,1231394,-13,37094,0,04987777,-0,9755611,0,2068688,0,0547551,0,0,0,0,0,0,0,0,0,0,0,0,0,0,0,0,0,0,0,0,0,0,1,1,1,False
64,9638,-15,60392,0,05960941,-13,49979,0,04992917,-0,9755553,0,2068234,0,0549849,0,0,0,0,0,0,0,0,0,0,0,0,0,0,0,0,0,0,0,0,0,0,1,1,1,False
65,05206,-15,61797,-0,03078389,-13,6436,0,0495041,-0,975496,0,2072344,0,05487216,0,0,0,0,0,0,0,0,0,0,0,0,0,0,0,0,0,0,0,0,0,0,1,1,1,False
65,13926,-15,63222,-0,03132892,-13,7899,0,04959776,-0,9754881,0,2072667,0,05480695,0,0,0,0,0,0,0,0,0,0,0,0,0,0,0,0,0,0,0,0,0,0,1,1,1,False
65,22607,-15,64887,-0,1060426,-13,96141,0,04971128,-0,9753708,0,2078344,0,05464091,0,0,0,0,0,0,0,0,0,0,0,0,0,0,0,0,0,0,0,0,0,0,1,1,1,False
65,32394,-15,66883,-0,1067355,-14,1657,0,04952098,-0,9753808,0,2078737,0,05448648,0,0,0,0,0,0,0,0,0,0,0,0,0,0,0,0,0,0,0,0,0,0,1,1,1,False
65,41565,-15,68898,-0,1896827,-14,36904,0,05009693,-0,9754502,0,207274,0,05499706,0,0,0,0,0,0,0,0,0,0,0,0,0,0,0,0,0,0,0,0,0,0,1,1,1,False
65,50015,-15,70806,-0,2779768,-14,56004,0,05056917,-0,9753844,0,2073672,0,05537954,0,0,0,0,0,0,0,0,0,0,0,0,0,0,0,0,0,0,0,0,0,0,1,1,1,False
65,58401,-15,72756,-0,2788196,-14,75428,0,05033433,-0,9753515,0,207506,0,05565327,0,0,0,0,0,0,0,0,0,0,0,0,0,0,0,0,0,0,0,0,0,0,1,1,1,False
65,6678,-15,74723,-0,3481514,-14,95503,0,05108094,-0,975445,0,2069201,0,05551599,0,0,0,0,0,0,0,0,0,0,0,0,0,0,0,0,0,0,0,0,0,0,1,1,1,False
65,76236,-15,76982,-0,3484914,-15,18591,0,05109836,-0,9756499,0,2060239,0,05523089,0,0,0,0,0,0,0,0,0,0,0,0,0,0,0,0,0,0,0,0,0,0,1,1,1,False
65,85628,-15,7931,-0,4358644,-15,41957,0,05031751,-0,9756175,0,2062855,0,0555448,0,0,0,0,0,0,0,0,0,0,0,0,0,0,0,0,0,0,0,0,0,0,1,1,1,False
65,94341,-15,8148,-0,538094,-15,63637,0,05094096,-0,9754808,0,2066209,0,05612635,0,0,0,0,0,0,0,0,0,0,0,0,0,0,0,0,0,0,0,0,0,0,1,1,1,False
66,02706,-15,8353,-0,5388341,-15,84457,0,05084485,-0,9755068,0,2066158,0,05577811,0,0,0,0,0,0,0,0,0,0,0,0,0,0,0,0,0,0,0,0,0,0,1,1,1,False
66,10556,-15,85421,-0,5998645,-16,03979,0,05062535,-0,9755675,0,2065174,0,05528012,0,0,0,0,0,0,0,0,0,0,0,0,0,0,0,0,0,0,0,0,0,0,1,1,1,False
66,18443,-15,87324,-0,6003942,-16,23598,0,05067078,-0,9756029,0,2063752,0,05514466,0,0,0,0,0,0,0,0,0,0,0,0,0,0,0,0,0,0,0,0,0,0,1,1,1,False
66,26902,-15,8941,-0,6711059,-16,44619,0,05006024,-0,9756916,0,2060471,0,05535934,0,0,0,0,0,0,0,0,0,0,0,0,0,0,0,0,0,0,0,0,0,0,1,1,1,False
66,35691,-15,91602,-0,6715677,-16,66479,0,05044645,-0,9757315,0,2056192,0,05589405,0,0,0,0,0,0,0,0,0,0,0,0,0,0,0,0,0,0,0,0,0,0,1,1,1,False
66,44347,-15,93915,-0,7428417,-16,88006,0,05089642,-0,9756992,0,2057342,0,05562582,0,0,0,0,0,0,0,0,0,0,0,0,0,0,0,0,0,0,0,0,0,0,1,1,1,False
66,53342,-15,96328,-0,7437572,-17,10343,0,05026607,-0,9756521,0,2060719,0,05577485,0,0,0,0,0,0,0,0,0,0,0,0,0,0,0,0,0,0,0,0,0,0,1,1,1,False
66,62951,-16,03657,-0,8218932,-17,33195,0,05072182,-0,9758284,0,2051816,0,05555928,0,0,0,0,0,0,0,0,0,0,0,0,0,0,0,0,0,0,0,0,0,0,1,1,1,False
66,72649,-16,11092,-0,8223834,-17,55307,0,05052868,-0,9760763,0,2040745,0,05545762,0,0,0,0,0,0,0,0,0,0,0,0,0,0,0,0,0,0,0,0,0,0,1,1,1,False
66,81178,-16,11108,-0,8225403,-17,55298,0,05023107,-0,9759308,0,2047171,0,0559191,0,0,0,0,0,0,0,0,0,0,0,0,0,0,0,0,0,0,0,0,0,0,1,1,1,False
66,89818,-16,11177,-0,8225777,-17,55311,0,05145229,-0,9758525,0,2043417,0,05752508,0,0,0,0,0,0,0,0,0,0,0,0,0,0,0,0,0,0,0,0,0,0,1,1,1,False
66,98092,-16,1124,-0,8231032,-17,55304,0,05189355,-0,9755654,0,2054327,0,05811007,0,0,0,0,0,0,0,0,0,0,0,0,0,0,0,0,0,0,0,0,0,0,1,1,1,False
67,06351,-16,11231,-0,8226998,-17,55276,0,05251509,-0,975693,0,2049121,0,0572401,0,0,0,0,0,0,0,0,0,0,0,0,0,0,0,0,0,0,0,0,0,0,1,1,1,False
67,14741,-16,11235,-0,8221886,-17,55283,0,05361693,-0,9760462,0,2026873,0,05811232,0,0,0,0,0,0,0,0,0,0,0,0,0,0,0,0,0,0,0,0,0,0,1,1,1,False
67,24158,-16,11035,-0,8243637,-17,55291,0,05396763,-0,9752377,0,2071883,0,05542576,0,0,0,0,0,0,0,0,0,0,0,0,0,0,0,0,0,0,0,0,0,0,1,1,1,False
67,34117,-16,10268,-0,8245788,-17,55431,0,07000683,-0,9751388,0,2073957,0,03450261,0,0,0,0,0,0,0,0,0,0,0,0,0,0,0,0,0,0,0,0,0,0,1,1,1,False
67,44071,-16,09276,-0,8229277,-17,55571,0,0861834,-0,9749616,0,2049738,0,002851903,0,0,0,0,0,0,0,0,0,0,0,0,0,0,0,0,0,0,0,0,0,0,1,1,1,False
67,5273,-16,08475,-0,8216498,-17,55576,0,09352033,-0,9744802,0,2018824,-0,02976458,0,0,0,0,0,0,0,0,0,0,0,0,0,0,0,0,0,0,0,0,0,0,1,1,1,False
67,60834,-16,08259,-0,8202031,-17,55656,0,08913726,-0,9755387,0,1967866,-0,04066741,0,0,0,0,0,0,0,0,0,0,0,0,0,0,0,0,0,0,0,0,0,0,1,1,1,False
67,67249,-16,08588,-0,8205535,-17,55678,0,07795118,-0,9768108,0,1964401,-0,03428733,0,0,0,0,0,0,0,0,0,0,0,0,0,0,0,0,0,0,0,0,0,0,1,1,1,False
67,72617,-16,08714,-0,8228154,-17,55621,0,06786904,-0,9771069,0,1989568,-0,03274304,0,0,0,0,0,0,0,0,0,0,0,0,0,0,0,0,0,0,0,0,0,0,1,1,1,False
67,77303,-16,08768,-0,8237085,-17,55624,0,06732707,-0,9758413,0,2057787,-0,02926046,0,0,0,0,0,0,0,0,0,0,0,0,0,0,0,0,0,0,0,0,0,0,1,1,1,False
67,81644,-16,08776,-0,8236506,-17,55629,0,06890995,-0,975504,0,2072105,-0,02659461,0,0,0,0,0,0,0,0,0,0,0,0,0,0,0,0,0,0,0,0,0,0,1,1,1,False
67,86111,-16,08614,-0,8230217,-17,55695,0,07392788,-0,9755531,0,2049334,-0,02886608,0,0,0,0,0,0,0,0,0,0,0,0,0,0,0,0,0,0,0,0,0,0,1,1,1,False
67,90759,-16,08523,-0,8222997,-17,55772,0,07359499,-0,9762695,0,2012698,-0,03117923,0,0,0,0,0,0,0,0,0,0,0,0,0,0,0,0,0,0,0,0,0,0,1,1,1,False
67,95145,-16,08447,-0,8224216,-17,55818,0,06937517,-0,9766917,0,2002309,-0,03417815,0,0,0,0,0,0,0,0,0,0,0,0,0,0,0,0,0,0,0,0,0,0,1,1,1,False
67,98987,-16,08436,-0,8233528,-17,55841,0,06361429,-0,9762887,0,2044247,-0,03200743,0,0,0,0,0,0,0,0,0,0,0,0,0,0,0,0,0,0,0,0,0,0,1,1,1,False
68,09639,-16,08459,-0,8238542,-17,55894,0,06383172,-0,976018,0,206493,-0,02598615,0,0,0,0,0,0,0,0,0,0,0,0,0,0,0,0,0,0,0,0,0,0,1,1,1,False
68,20417,-16,08459,-0,8238542,-17,55894,0,06383172,-0,976018,0,206493,-0,02598615,0,0,0,0,0,0,0,0,0,0,0,0,0,0,0,0,0,0,0,0,0,0,1,1,1,False
68,32349,-16,08361,-0,8232443,-17,56138,0,06364072,-0,9771768,0,2012789,-0,02371357,0,0,0,0,0,0,0,0,0,0,0,0,0,0,0,0,0,0,0,0,0,0,1,1,1,False
68,44424,-16,08297,-0,8202882,-17,56353,0,05972197,-0,9797101,0,1906006,-0,01651992,0,0,0,0,0,0,0,0,0,0,0,0,0,0,0,0,0,0,0,0,0,0,1,1,1,False
68,56647,-16,08646,-0,8632586,-17,56221,0,03494313,-0,9803482,0,1940569,-0,006186873,0,0,0,0,0,0,0,0,0,0,0,0,0,0,0,0,0,0,0,0,0,0,1,1,1,False
68,67932,-16,07549,-0,8687794,-17,56029,0,02447211,-0,9752209,0,2182934,-0,02633426,0,0,0,0,0,0,0,0,0,0,0,0,0,0,0,0,0,0,0,0,0,0,1,1,1,False
68,7765,-16,0744,-0,8711662,-17,56209,0,02350102,-0,974306,0,2218938,-0,03063747,0,0,0,0,0,0,0,0,0,0,0,0,0,0,0,0,0,0,0,0,0,0,1,1,1,False
68,88439,-16,07121,-0,8708141,-17,56441,0,01829157,-0,9752796,0,2176452,-0,03355326,0,0,0,0,0,0,0,0,0,0,0,0,0,0,0,0,0,0,0,0,0,0,1,1,1,False
68,98783,-16,06823,-0,8718975,-17,56351,0,0186963,-0,9734036,0,2253403,-0,03684808,0,0,0,0,0,0,0,0,0,0,0,0,0,0,0,0,0,0,0,0,0,0,1,1,1,False
69,06648,-16,06689,-0,8723128,-17,56424,0,01657283,-0,9732327,0,2250465,-0,04356228,0,0,0,0,0,0,0,0,0,0,0,0,0,0,0,0,0,0,0,0,0,0,1,1,1,False
69,12256,-16,06557,-0,870677,-17,5662,0,01708612,-0,9746759,0,2193275,-0,04013105,0,0,0,0,0,0,0,0,0,0,0,0,0,0,0,0,0,0,0,0,0,0,1,1,1,False
69,16946,-16,06589,-0,8734229,-17,5648,0,01439721,-0,9727392,0,2278505,-0,04068534,0,0,0,0,0,0,0,0,0,0,0,0,0,0,0,0,0,0,0,0,0,0,1,1,1,False
69,20664,-16,06562,-0,8746476,-17,56465,0,01855185,-0,9720836,0,2295833,-0,04473162,0,0,0,0,0,0,0,0,0,0,0,0,0,0,0,0,0,0,0,0,0,0,1,1,1,False
69,31289,-16,06562,-0,8746476,-17,56465,0,01855185,-0,9720836,0,2295833,-0,04473162,0,0,0,0,0,0,0,0,0,0,0,0,0,0,0,0,0,0,0,0,0,0,1,1,1,False
69,42216,-16,06571,-0,9157047,-17,56579,0,01921803,-0,9733014,0,2249133,-0,04158385,0,0,0,0,0,0,0,0,0,0,0,0,0,0,0,0,0,0,0,0,0,0,1,1,1,False
69,54343,-16,06723,-0,9115565,-17,5678,0,005434505,-0,9770287,0,2089513,-0,04153171,0,0,0,0,0,0,0,0,0,0,0,0,0,0,0,0,0,0,0,0,0,0,1,1,1,False
69,66444,-16,06841,-0,9134219,-17,56702,0,005701408,-0,9746271,0,2217079,-0,03025502,0,0,0,0,0,0,0,0,0,0,0,0,0,0,0,0,0,0,0,0,0,0,1,1,1,False
69,78601,-16,06582,-0,9116557,-17,569,0,01616244,-0,9760507,0,2125161,-0,04359803,0,0,0,0,0,0,0,0,0,0,0,0,0,0,0,0,0,0,0,0,0,0,1,1,1,False
69,91004,-16,06587,-0,9150543,-17,56524,0,00253606,-0,9731378,0,2234471,-0,05538903,0,0,0,0,0,0,0,0,0,0,0,0,0,0,0,0,0,0,0,0,0,0,1,1,1,False
70,02736,-16,06584,-0,9539878,-17,56367,0,01872786,-0,9708625,0,2333016,-0,05143556,0,0,0,0,0,0,0,0,0,0,0,0,0,0,0,0,0,0,0,0,0,0,1,1,1,False
70,13317,-16,07821,-0,9548481,-17,56214,0,02020344,-0,9733732,0,227679,-0,0172836,0,0,0,0,0,0,0,0,0,0,0,0,0,0,0,0,0,0,0,0,0,0,1,1,1,False
70,23862,-16,08531,-0,9551842,-17,56072,0,02208815,-0,9736293,0,2270641,0,0002335012,0,0,0,0,0,0,0,0,0,0,0,0,0,0,0,0,0,0,0,0,0,0,1,1,1,False
70,32674,-16,09298,-0,9525142,-17,56007,0,02522657,-0,9743084,0,222822,0,02091001,0,0,0,0,0,0,0,0,0,0,0,0,0,0,0,0,0,0,0,0,0,0,1,1,1,False
70,40398,-16,10688,-0,9506917,-17,68547,0,03259647,-0,9747314,0,2181531,0,03529177,0,0,0,0,0,0,0,0,0,0,0,0,0,0,0,0,0,0,0,0,0,0,1,1,1,False
70,46226,-16,11952,-0,9845138,-17,77875,0,04187778,-0,9736642,0,219497,0,04522615,0,0,0,0,0,0,0,0,0,0,0,0,0,0,0,0,0,0,0,0,0,0,1,1,1,False
70,50967,-16,12938,-1,003946,-17,8546,0,05096139,-0,9733806,0,2182639,0,04789773,0,0,0,0,0,0,0,0,0,0,0,0,0,0,0,0,0,0,0,0,0,0,1,1,1,False
70,5869,-16,14438,-1,004013,-18,00499,0,05511696,-0,9734762,0,2164553,0,04953308,0,0,0,0,0,0,0,0,0,0,0,0,0,0,0,0,0,0,0,0,0,0,1,1,1,False
70,67426,-16,16581,-1,003773,-18,22156,0,05666966,-0,9737023,0,2143049,0,05259136,0,0,0,0,0,0,0,0,0,0,0,0,0,0,0,0,0,0,0,0,0,0,1,1,1,False
70,76112,-16,21135,-1,003239,-18,43355,0,05874658,-0,9741439,0,2107455,0,05638351,0,0,0,0,0,0,0,0,0,0,0,0,0,0,0,0,0,0,0,0,0,0,1,1,1,False
70,84741,-16,25599,-1,076373,-18,64439,0,06048374,-0,9741959,0,208855,0,0605289,0,0,0,0,0,0,0,0,0,0,0,0,0,0,0,0,0,0,0,0,0,0,1,1,1,False
70,9343,-16,30501,-0,5049827,-18,85729,0,06142563,-0,9741968,0,2078485,0,06298101,0,0,0,0,0,0,0,0,0,0,0,0,0,0,0,0,0,0,0,0,0,0,1,1,1,False
71,02127,-16,35255,-0,5796528,-19,06906,0,06130069,-0,9743672,0,2065535,0,06470294,0,0,0,0,0,0,0,0,0,0,0,0,0,0,0,0,0,0,0,0,0,0,1,1,1,False
71,11044,-16,40195,-0,7339146,-19,28655,0,06086409,-0,9746865,0,2050621,0,06504977,0,0,0,0,0,0,0,0,0,0,0,0,0,0,0,0,0,0,0,0,0,0,1,1,1,False
71,19968,-16,44864,-0,9671464,-19,50433,0,06169738,-0,974571,0,2054766,0,06468598,0,0,0,0,0,0,0,0,0,0,0,0,0,0,0,0,0,0,0,0,0,0,1,1,1,False
71,28262,-16,4848,-1,14529,-19,7077,0,06247555,-0,9743725,0,2061355,0,06483284,0,0,0,0,0,0,0,0,0,0,0,0,0,0,0,0,0,0,0,0,0,0,1,1,1,False
71,3713,-16,51913,-1,14594,-19,92642,0,06209827,-0,9744198,0,2057369,0,0657434,0,0,0,0,0,0,0,0,0,0,0,0,0,0,0,0,0,0,0,0,0,0,1,1,1,False
71,46497,-16,54627,-1,146248,-20,15885,0,06266562,-0,974614,0,2044962,0,06619654,0,0,0,0,0,0,0,0,0,0,0,0,0,0,0,0,0,0,0,0,0,0,1,1,1,False
71,55248,-16,57102,-1,146613,-20,37588,0,06290108,-0,9748715,0,2034388,0,06543623,0,0,0,0,0,0,0,0,0,0,0,0,0,0,0,0,0,0,0,0,0,0,1,1,1,False
71,64607,-16,59711,-1,136648,-20,60828,0,06314953,-0,9751066,0,2024101,0,06488042,0,0,0,0,0,0,0,0,0,0,0,0,0,0,0,0,0,0,0,0,0,0,1,1,1,False
71,7359,-16,62195,-1,13481,-20,8313,0,06260271,-0,9753559,0,2015752,0,06425992,0,0,0,0,0,0,0,0,0,0,0,0,0,0,0,0,0,0,0,0,0,0,1,1,1,False
71,82836,-16,64736,-1,104566,-21,0608,0,06220553,-0,9755179,0,2010311,0,06389065,0,0,0,0,0,0,0,0,0,0,0,0,0,0,0,0,0,0,0,0,0,0,1,1,1,False
71,90989,-16,66967,-1,092803,-21,26334,0,06218814,-0,9757357,0,200044,0,06368002,0,0,0,0,0,0,0,0,0,0,0,0,0,0,0,0,0,0,0,0,0,0,1,1,1,False
71,9941,-16,69234,-1,075146,-21,47276,0,06171271,-0,9759174,0,1995738,0,06282663,0,0,0,0,0,0,0,0,0,0,0,0,0,0,0,0,0,0,0,0,0,0,1,1,1,False
72,07374,-16,71367,-1,069686,-21,6708,0,06163662,-0,9758894,0,199826,0,06253362,0,0,0,0,0,0,0,0,0,0,0,0,0,0,0,0,0,0,0,0,0,0,1,1,1,False
72,16087,-16,73678,-1,04242,-21,88752,0,0613923,-0,9760399,0,1993401,0,06197271,0,0,0,0,0,0,0,0,0,0,0,0,0,0,0,0,0,0,0,0,0,0,1,1,1,False
72,25751,-16,76114,-1,003725,-22,12787,0,06261519,-0,9761237,0,1990323,0,06039899,0,0,0,0,0,0,0,0,0,0,0,0,0,0,0,0,0,0,0,0,0,0,1,1,1,False
72,34744,-16,78274,-0,9767313,-22,35155,0,06304459,-0,9763463,0,1984458,0,05824667,0,0,0,0,0,0,0,0,0,0,0,0,0,0,0,0,0,0,0,0,0,0,1,1,1,False
72,42916,-16,80246,-0,9589748,-22,55475,0,06154138,-0,9765489,0,1981661,0,05740447,0,0,0,0,0,0,0,0,0,0,0,0,0,0,0,0,0,0,0,0,0,0,1,1,1,False
72,51541,-16,82383,-0,9216752,-22,7694,0,06093396,-0,9766218,0,1978238,0,05798948,0,0,0,0,0,0,0,0,0,0,0,0,0,0,0,0,0,0,0,0,0,0,1,1,1,False
72,60508,-16,84595,-0,8795028,-22,9926,0,0607812,-0,9766166,0,1979286,0,05788035,0,0,0,0,0,0,0,0,0,0,0,0,0,0,0,0,0,0,0,0,0,0,1,1,1,False
72,69861,-16,86892,-0,8261032,-23,22509,0,06058739,-0,9764596,0,1988044,0,05772984,0,0,0,0,0,0,0,0,0,0,0,0,0,0,0,0,0,0,0,0,0,0,1,1,1,False
72,78024,-16,88898,-0,7824142,-23,42813,0,0602667,-0,9765556,0,1984458,0,05767575,0,0,0,0,0,0,0,0,0,0,0,0,0,0,0,0,0,0,0,0,0,0,1,1,1,False
72,86123,-16,90905,-0,725884,-23,62971,0,05971531,-0,9765909,0,1983914,0,05783815,0,0,0,0,0,0,0,0,0,0,0,0,0,0,0,0,0,0,0,0,0,0,1,1,1,False
72,94723,-16,93053,-0,678062,-23,84372,0,05944839,-0,9764627,0,1990087,0,05815671,0,0,0,0,0,0,0,0,0,0,0,0,0,0,0,0,0,0,0,0,0,0,1,1,1,False
73,02643,-16,95043,-0,6417828,-24,04084,0,05961607,-0,9763415,0,1994307,0,05857262,0,0,0,0,0,0,0,0,0,0,0,0,0,0,0,0,0,0,0,0,0,0,1,1,1,False
73,11346,-16,97212,-0,5885124,-24,25742,0,05890162,-0,976281,0,2000023,0,05835293,0,0,0,0,0,0,0,0,0,0,0,0,0,0,0,0,0,0,0,0,0,0,1,1,1,False
73,20134,-17,00942,-0,5432291,-24,47392,0,05838667,-0,9762538,0,2003938,0,05798257,0,0,0,0,0,0,0,0,0,0,0,0,0,0,0,0,0,0,0,0,0,0,1,1,1,False
73,28857,-17,04667,-0,481478,-24,68867,0,05741963,-0,9761873,0,201016,0,05791308,0,0,0,0,0,0,0,0,0,0,0,0,0,0,0,0,0,0,0,0,0,0,1,1,1,False
73,3858,-17,09043,-0,4070823,-24,92784,0,05708392,-0,9761553,0,2011598,0,05828294,0,0,0,0,0,0,0,0,0,0,0,0,0,0,0,0,0,0,0,0,0,0,1,1,1,False
73,47816,-17,13133,-0,3494101,-25,15524,0,05748244,-0,9760427,0,2014916,0,05863166,0,0,0,0,0,0,0,0,0,0,0,0,0,0,0,0,0,0,0,0,0,0,1,1,1,False
73,57382,-17,17453,-0,2712719,-25,39049,0,05707413,-0,9760346,0,2017083,0,05841888,0,0,0,0,0,0,0,0,0,0,0,0,0,0,0,0,0,0,0,0,0,0,1,1,1,False
73,65661,-17,21241,-0,2055352,-25,59383,0,05714484,-0,9759781,0,202018,0,05822344,0,0,0,0,0,0,0,0,0,0,0,0,0,0,0,0,0,0,0,0,0,0,1,1,1,False
73,74072,-17,25065,-0,1307137,-25,80071,0,05694481,-0,97617,0,2012909,0,05771873,0,0,0,0,0,0,0,0,0,0,0,0,0,0,0,0,0,0,0,0,0,0,1,1,1,False
73,81647,-17,28419,-0,05573511,-25,9872,0,05587895,-0,9760877,0,2021722,0,05706895,0,0,0,0,0,0,0,0,0,0,0,0,0,0,0,0,0,0,0,0,0,0,1,1,1,False
73,88303,-17,31373,0,002914429,-26,15111,0,05593565,-0,9759529,0,2027707,0,05719408,0,0,0,0,0,0,0,0,0,0,0,0,0,0,0,0,0,0,0,0,0,0,1,1,1,False
73,93549,-17,33645,0,06158423,-26,28049,0,05588691,-0,9759659,0,2028037,0,05690275,0,0,0,0,0,0,0,0,0,0,0,0,0,0,0,0,0,0,0,0,0,0,1,1,1,False
74,04057,-17,38248,0,1642373,-26,53912,0,05588691,-0,9759659,0,2028037,0,05690275,0,0,0,0,0,0,0,0,0,0,0,0,0,0,0,0,0,0,0,0,0,0,1,1,1,False
74,15131,-17,43208,0,2647967,-26,81173,0,0554391,-0,975934,0,2031773,0,05655367,0,0,0,0,0,0,0,0,0,0,0,0,0,0,0,0,0,0,0,0,0,0,1,1,1,False
74,28341,-17,48755,0,4058542,-27,13779,0,05495784,-0,9756835,0,2047996,0,05548535,0,0,0,0,0,0,0,0,0,0,0,0,0,0,0,0,0,0,0,0,0,0,1,1,1,False
74,41197,-17,54112,0,5390761,-27,45386,0,05485772,-0,9753213,0,2065478,0,05547133,0,0,0,0,0,0,0,0,0,0,0,0,0,0,0,0,0,0,0,0,0,0,1,1,1,False
74,54483,-17,54168,0,5388684,-27,45428,0,05556619,-0,9750779,0,2072638,0,05636883,0,0,0,0,0,0,0,0,0,0,0,0,0,0,0,0,0,0,0,0,0,0,1,1,1,False
74,67833,-17,5422,0,5386937,-27,45414,0,05567836,-0,9750425,0,2072702,0,05684514,0,0,0,0,0,0,0,0,0,0,0,0,0,0,0,0,0,0,0,0,0,0,1,1,1,False
74,81174,-17,5411,0,6948578,-27,7875,0,0565426,-0,9751655,0,2063379,0,05727078,0,0,0,0,0,0,0,0,0,0,0,0,0,0,0,0,0,0,0,0,0,0,1,1,1,False
74,93616,-17,53885,0,8480957,-28,09856,0,05664479,-0,9751631,0,2063612,0,05712656,0,0,0,0,0,0,0,0,0,0,0,0,0,0,0,0,0,0,0,0,0,0,1,1,1,False
75,04136,-17,535,0,9794276,-28,36176,0,05637364,-0,9751791,0,2063961,0,05699545,0,0,0,0,0,0,0,0,0,0,0,0,0,0,0,0,0,0,0,0,0,0,1,1,1,False
75,15213,-17,53683,1,063508,-28,52434,0,05651765,-0,9751928,0,2063674,0,05672203,0,0,0,0,0,0,0,0,0,0,0,0,0,0,0,0,0,0,0,0,0,0,1,1,1,False
75,25783,-17,53683,1,063743,-28,52416,0,05574727,-0,9753125,0,2059854,0,05681475,0,0,0,0,0,0,0,0,0,0,0,0,0,0,0,0,0,0,0,0,0,0,1,1,1,False
75,33932,-17,53691,1,064023,-28,52402,0,0554356,-0,9754162,0,2054463,0,05728935,0,0,0,0,0,0,0,0,0,0,0,0,0,0,0,0,0,0,0,0,0,0,1,1,1,False
75,40292,-17,53682,1,063926,-28,52409,0,05639939,-0,9753109,0,2057793,0,05694538,0,0,0,0,0,0,0,0,0,0,0,0,0,0,0,0,0,0,0,0,0,0,1,1,1,False
75,45737,-17,5368,1,063713,-28,52407,0,05570851,-0,9752936,0,2061208,0,05668491,0,0,0,0,0,0,0,0,0,0,0,0,0,0,0,0,0,0,0,0,0,0,1,1,1,False
75,5134,-17,53674,1,063674,-28,52398,0,05587931,-0,975257,0,2062095,0,05682419,0,0,0,0,0,0,0,0,0,0,0,0,0,0,0,0,0,0,0,0,0,0,1,1,1,False
75,59079,-17,53671,1,063886,-28,52401,0,05589898,-0,9753391,0,2057842,0,05693898,0,0,0,0,0,0,0,0,0,0,0,0,0,0,0,0,0,0,0,0,0,0,1,1,1,False
75,66705,-17,53671,1,063927,-28,52419,0,05564058,-0,9753211,0,2059447,0,05691975,0,0,0,0,0,0,0,0,0,0,0,0,0,0,0,0,0,0,0,0,0,0,1,1,1,False
75,74473,-17,53675,1,063583,-28,52424,0,05556536,-0,9750705,0,207019,0,05738594,0,0,0,0,0,0,0,0,0,0,0,0,0,0,0,0,0,0,0,0,0,0,1,1,1,False
75,82294,-17,53657,1,063463,-28,52433,0,05596674,-0,9750571,0,2070307,0,05718267,0,0,0,0,0,0,0,0,0,0,0,0,0,0,0,0,0,0,0,0,0,0,1,1,1,False
75,90049,-17,55541,1,189023,-28,71598,0,05538346,-0,9751134,0,2069986,0,05690582,0,0,0,0,0,0,0,0,0,0,0,0,0,0,0,0,0,0,0,0,0,0,1,1,1,False
75,9776,-17,57436,1,293523,-28,90765,0,05505276,-0,9751067,0,2070968,0,05698313,0,0,0,0,0,0,0,0,0,0,0,0,0,0,0,0,0,0,0,0,0,0,1,1,1,False
76,0698,-17,59428,1,391882,-29,10737,0,05491385,-0,9751237,0,2070182,0,05711167,0,0,0,0,0,0,0,0,0,0,0,0,0,0,0,0,0,0,0,0,0,0,1,1,1,False
76,16638,-17,59433,1,391831,-29,1073,0,05512121,-0,9750764,0,2071193,0,05735432,0,0,0,0,0,0,0,0,0,0,0,0,0,0,0,0,0,0,0,0,0,0,1,1,1,False
76,26221,-17,59456,1,391927,-29,10724,0,05486066,-0,9750906,0,2070029,0,05777936,0,0,0,0,0,0,0,0,0,0,0,0,0,0,0,0,0,0,0,0,0,0,1,1,1,False
76,35831,-17,59468,1,391874,-29,10729,0,05560273,-0,9750059,0,2070551,0,05830964,0,0,0,0,0,0,0,0,0,0,0,0,0,0,0,0,0,0,0,0,0,0,1,1,1,False
76,45481,-17,59467,1,391747,-29,10728,0,05531257,-0,975004,0,207212,0,05805973,0,0,0,0,0,0,0,0,0,0,0,0,0,0,0,0,0,0,0,0,0,0,1,1,1,False
76,55061,-17,5946,1,391423,-29,10699,0,05496576,-0,9748657,0,2078537,0,0584178,0,0,0,0,0,0,0,0,0,0,0,0,0,0,0,0,0,0,0,0,0,0,1,1,1,False
76,64859,-17,59449,1,39136,-29,10703,0,05465617,-0,9748536,0,2079583,0,0585368,0,0,0,0,0,0,0,0,0,0,0,0,0,0,0,0,0,0,0,0,0,0,1,1,1,False
76,74709,-17,59502,1,391048,-29,10718,0,05335514,-0,9745582,0,2092449,0,06005161,0,0,0,0,0,0,0,0,0,0,0,0,0,0,0,0,0,0,0,0,0,0,1,1,1,False
76,84316,-17,59689,1,390226,-29,10735,0,05057129,-0,9737927,0,2115231,0,06654691,0,0,0,0,0,0,0,0,0,0,0,0,0,0,0,0,0,0,0,0,0,0,1,1,1,False
76,94498,-17,60018,1,388971,-29,10692,0,1282224,-0,8671809,0,1822978,0,4453354,0,0,0,0,0,0,0,0,0,0,0,0,0,0,0,0,0,0,0,0,0,0,1,1,1,False
77,04272,-17,60358,1,387248,-29,10266,0,1290913,-0,8594356,0,1857231,0,4584897,0,0,0,0,0,0,0,0,0,0,0,0,0,0,0,0,0,0,0,0,0,0,1,1,1,False
77,14561,-17,60663,1,387029,-29,09878,0,1288433,-0,8530645,0,1867393,0,4699029,0,0,0,0,0,0,0,0,0,0,0,0,0,0,0,0,0,0,0,0,0,0,1,1,1,False
77,23269,-17,60848,1,387661,-29,09658,0,1318046,-0,8499683,0,1829707,0,4761336,0,0,0,0,0,0,0,0,0,0,0,0,0,0,0,0,0,0,0,0,0,0,1,1,1,False
77,31734,-17,60917,1,387669,-29,09546,0,1357848,-0,8493559,0,1804429,0,4770716,0,0,0,0,0,0,0,0,0,0,0,0,0,0,0,0,0,0,0,0,0,0,1,1,1,False
77,39037,-17,60905,1,387558,-29,09517,0,1377632,-0,8500353,0,1794851,0,4756537,0,0,0,0,0,0,0,0,0,0,0,0,0,0,0,0,0,0,0,0,0,0,1,1,1,False
77,44847,-17,60879,1,38762,-29,09463,0,1385243,-0,8507494,0,1786681,0,4744618,0,0,0,0,0,0,0,0,0,0,0,0,0,0,0,0,0,0,0,0,0,0,1,1,1,False
77,49864,-17,60872,1,388022,-29,09405,0,1370502,-0,8504806,0,178352,0,4754898,0,0,0,0,0,0,0,0,0,0,0,0,0,0,0,0,0,0,0,0,0,0,1,1,1,False
77,57838,-17,60898,1,388531,-29,09389,0,1923671,-0,6019827,0,1134281,0,7666459,0,0,0,0,0,0,0,0,0,0,0,0,0,0,0,0,0,0,0,0,0,0,1,1,1,False
77,66837,-17,60934,1,388654,-29,09385,0,1923069,-0,6010376,0,1131104,0,7674491,0,0,0,0,0,0,0,0,0,0,0,0,0,0,0,0,0,0,0,0,0,0,1,1,1,False
77,75315,-17,60984,1,388351,-29,09441,0,1930521,-0,6016265,0,1128947,0,766832,0,0,0,0,0,0,0,0,0,0,0,0,0,0,0,0,0,0,0,0,0,0,1,1,1,False
77,84007,-17,61005,1,388053,-29,09493,0,1929782,-0,6023757,0,114394,0,7660399,0,0,0,0,0,0,0,0,0,0,0,0,0,0,0,0,0,0,0,0,0,0,1,1,1,False
77,92683,-17,60999,1,388191,-29,09508,0,192002,-0,6022113,0,1148504,0,766346,0,0,0,0,0,0,0,0,0,0,0,0,0,0,0,0,0,0,0,0,0,0,1,1,1,False
78,01218,-17,60968,1,388501,-29,09494,0,1918729,-0,6016608,0,1141123,0,7669209,0,0,0,0,0,0,0,0,0,0,0,0,0,0,0,0,0,0,0,0,0,0,1,1,1,False
78,09686,-17,60937,1,388881,-29,0944,0,1912537,-0,6010891,0,1136562,0,7675913,0,0,0,0,0,0,0,0,0,0,0,0,0,0,0,0,0,0,0,0,0,0,1,1,1,False
78,18302,-17,60897,1,389051,-29,09295,0,2173887,-0,2578592,0,03384911,0,9408003,0,0,0,0,0,0,0,0,0,0,0,0,0,0,0,0,0,0,0,0,0,0,1,1,1,False
78,26855,-17,60557,1,389385,-29,09116,0,2154799,-0,247311,0,04068864,0,9437957,0,0,0,0,0,0,0,0,0,0,0,0,0,0,0,0,0,0,0,0,0,0,1,1,1,False
78,35728,-17,59594,1,390548,-29,0864,0,205334,-0,2169766,0,06970928,0,9517878,0,0,0,0,0,0,0,0,0,0,0,0,0,0,0,0,0,0,0,0,0,0,1,1,1,False
78,44703,-17,58068,1,392834,-29,08067,0,1931674,-0,1572898,0,1054506,0,9627184,0,0,0,0,0,0,0,0,0,0,0,0,0,0,0,0,0,0,0,0,0,0,1,1,1,False
78,5343,-17,56657,1,39548,-29,07686,0,1854531,-0,09974003,0,1215195,0,969996,0,0,0,0,0,0,0,0,0,0,0,0,0,0,0,0,0,0,0,0,0,0,1,1,1,False
78,61156,-17,55424,1,397686,-29,07478,0,1798819,-0,05112185,0,127467,0,9740542,0,0,0,0,0,0,0,0,0,0,0,0,0,0,0,0,0,0,0,0,0,0,1,1,1,False
78,68542,-17,54609,1,398453,-29,07378,0,1775948,-0,02092698,0,1208844,0,9764267,0,0,0,0,0,0,0,0,0,0,0,0,0,0,0,0,0,0,0,0,0,0,1,1,1,False
78,75095,-17,5415,1,398799,-29,07305,0,1768628,-0,008163184,0,1115819,0,9778562,0,0,0,0,0,0,0,0,0,0,0,0,0,0,0,0,0,0,0,0,0,0,1,1,1,False
78,80687,-17,53967,1,398561,-29,07262,0,178063,-0,007797584,0,1026734,0,978617,0,0,0,0,0,0,0,0,0,0,0,0,0,0,0,0,0,0,0,0,0,0,1,1,1,False
78,85519,-17,53819,1,398396,-29,07217,0,1796332,-0,009983435,0,09765343,0,9788238,0,0,0,0,0,0,0,0,0,0,0,0,0,0,0,0,0,0,0,0,0,0,1,1,1,False
78,91013,-17,53624,1,443792,-29,07387,0,1817591,-0,008875772,0,0975748,0,9784498,0,0,0,0,0,0,0,0,0,0,0,0,0,0,0,0,0,0,0,0,0,0,1,1,1,False
78,98538,-17,5442,1,523432,-29,25119,0,1823757,-0,005233079,0,09567882,0,9785487,0,0,0,0,0,0,0,0,0,0,0,0,0,0,0,0,0,0,0,0,0,0,1,1,1,False
79,06537,-17,55418,1,607708,-29,43992,0,1823392,-0,002690047,0,09206218,0,9789127,0,0,0,0,0,0,0,0,0,0,0,0,0,0,0,0,0,0,0,0,0,0,1,1,1,False
79,14151,-17,56297,1,704843,-29,63018,0,1833574,-0,0008268505,0,08889513,0,9790186,0,0,0,0,0,0,0,0,0,0,0,0,0,0,0,0,0,0,0,0,0,0,1,1,1,False
79,21563,-17,56792,1,797902,-29,81578,0,1844332,-0,001733199,0,08715063,0,978972,0,0,0,0,0,0,0,0,0,0,0,0,0,0,0,0,0,0,0,0,0,0,1,1,1,False
79,28618,-17,57267,1,890697,-29,99241,0,1846261,-0,002504393,0,0865436,0,978988,0,0,0,0,0,0,0,0,0,0,0,0,0,0,0,0,0,0,0,0,0,0,1,1,1,False
79,36218,-17,57747,2,010804,-30,1825,0,1839656,-0,003264681,0,08684031,0,9790837,0,0,0,0,0,0,0,0,0,0,0,0,0,0,0,0,0,0,0,0,0,0,1,1,1,False
79,4374,-17,58191,2,119725,-30,37035,0,1839217,-0,004230827,0,08580887,0,9791792,0,0,0,0,0,0,0,0,0,0,0,0,0,0,0,0,0,0,0,0,0,0,1,1,1,False
79,5126,-17,58608,2,249588,-30,55814,0,1846528,-0,004302561,0,08582298,0,97904,0,0,0,0,0,0,0,0,0,0,0,0,0,0,0,0,0,0,0,0,0,0,1,1,1,False
79,59219,-17,5878,2,326185,-30,69556,0,1849052,-0,004702717,0,08545026,0,9790232,0,0,0,0,0,0,0,0,0,0,0,0,0,0,0,0,0,0,0,0,0,0,1,1,1,False
79,67447,-17,58829,2,370112,-30,77872,0,1854492,-0,005599573,0,08551209,0,9789101,0,0,0,0,0,0,0,0,0,0,0,0,0,0,0,0,0,0,0,0,0,0,1,1,1,False
79,75546,-17,58766,2,398988,-30,82719,0,186003,-0,006654024,0,08575149,0,9787775,0,0,0,0,0,0,0,0,0,0,0,0,0,0,0,0,0,0,0,0,0,0,1,1,1,False
79,827,-17,59186,2,443004,-30,87419,0,1860621,-0,007816941,0,08514504,0,9788107,0,0,0,0,0,0,0,0,0,0,0,0,0,0,0,0,0,0,0,0,0,0,1,1,1,False
79,89921,-17,60966,2,501559,-30,96726,0,1858055,-0,009021834,0,0853257,0,9788334,0,0,0,0,0,0,0,0,0,0,0,0,0,0,0,0,0,0,0,0,0,0,1,1,1,False
79,96899,-17,63488,2,571015,-31,0843,0,1855521,-0,008507371,0,08499738,0,9789145,0,0,0,0,0,0,0,0,0,0,0,0,0,0,0,0,0,0,0,0,0,0,1,1,1,False
80,03983,-17,66414,2,677464,-31,22183,0,1863243,-0,008406714,0,08419532,0,978838,0,0,0,0,0,0,0,0,0,0,0,0,0,0,0,0,0,0,0,0,0,0,1,1,1,False
80,11963,-17,69851,2,786757,-31,39244,0,1869247,-0,008983463,0,08397174,0,9787377,0,0,0,0,0,0,0,0,0,0,0,0,0,0,0,0,0,0,0,0,0,0,1,1,1,False
80,20175,-17,73111,2,923029,-31,57851,0,1871655,-0,00970228,0,08393081,0,9786883,0,0,0,0,0,0,0,0,0,0,0,0,0,0,0,0,0,0,0,0,0,0,1,1,1,False
80,28439,-17,76217,3,044482,-31,77181,0,186669,-0,00978142,0,08388481,0,9787862,0,0,0,0,0,0,0,0,0,0,0,0,0,0,0,0,0,0,0,0,0,0,1,1,1,False
80,35912,-17,78944,3,145137,-31,94953,0,1870535,-0,009793773,0,08335035,0,9787584,0,0,0,0,0,0,0,0,0,0,0,0,0,0,0,0,0,0,0,0,0,0,1,1,1,False
80,43655,-17,82111,3,243319,-32,13728,0,1876995,-0,009227738,0,08312564,0,9786593,0,0,0,0,0,0,0,0,0,0,0,0,0,0,0,0,0,0,0,0,0,0,1,1,1,False
80,51761,-17,85145,3,390047,-32,3376,0,1881274,-0,009309381,0,08313336,0,9785757,0,0,0,0,0,0,0,0,0,0,0,0,0,0,0,0,0,0,0,0,0,0,1,1,1,False
80,59173,-17,8578,3,450314,-32,4665,0,1881775,-0,009460986,0,08336116,0,9785452,0,0,0,0,0,0,0,0,0,0,0,0,0,0,0,0,0,0,0,0,0,0,1,1,1,False
80,67186,-17,86204,3,492879,-32,55,0,188221,-0,009741396,0,08314639,0,9785523,0,0,0,0,0,0,0,0,0,0,0,0,0,0,0,0,0,0,0,0,0,0,1,1,1,False
80,75162,-17,862,3,492774,-32,55003,0,1887062,-0,009734794,0,08331671,0,9784446,0,0,0,0,0,0,0,0,0,0,0,0,0,0,0,0,0,0,0,0,0,0,1,1,1,False
80,83701,-17,86187,3,492837,-32,54989,0,1883879,-0,009827703,0,08370448,0,9784719,0,0,0,0,0,0,0,0,0,0,0,0,0,0,0,0,0,0,0,0,0,0,1,1,1,False
80,92312,-17,86076,3,492407,-32,54935,0,1884487,-0,009382203,0,08264608,0,9785545,0,0,0,0,0,0,0,0,0,0,0,0,0,0,0,0,0,0,0,0,0,0,1,1,1,False
80,99966,-17,8598,3,50246,-32,58933,0,1892848,-0,0100276,0,08276194,0,9783769,0,0,0,0,0,0,0,0,0,0,0,0,0,0,0,0,0,0,0,0,0,0,1,1,1,False
81,07227,-17,86068,3,507401,-32,6798,0,1892702,-0,01057042,0,08327959,0,9783301,0,0,0,0,0,0,0,0,0,0,0,0,0,0,0,0,0,0,0,0,0,0,1,1,1,False
81,13773,-17,86222,3,507482,-32,84358,0,1888525,-0,01067689,0,08308161,0,9784265,0,0,0,0,0,0,0,0,0,0,0,0,0,0,0,0,0,0,0,0,0,0,1,1,1,False
81,19315,-17,86349,3,507057,-32,98203,0,1881996,-0,01079915,0,08267251,0,9785855,0,0,0,0,0,0,0,0,0,0,0,0,0,0,0,0,0,0,0,0,0,0,1,1,1,False
81,24393,-17,86459,3,506466,-33,10893,0,1889596,-0,01126528,0,08219951,0,9784737,0,0,0,0,0,0,0,0,0,0,0,0,0,0,0,0,0,0,0,0,0,0,1,1,1,False
81,31622,-17,8661,3,45429,-33,28957,0,1891249,-0,01114708,0,08228879,0,9784356,0,0,0,0,0,0,0,0,0,0,0,0,0,0,0,0,0,0,0,0,0,0,1,1,1,False
81,40047,-17,86796,3,453228,-33,50012,0,1896311,-0,01140891,0,08237547,0,9783273,0,0,0,0,0,0,0,0,0,0,0,0,0,0,0,0,0,0,0,0,0,0,1,1,1,False
81,48217,-17,86942,3,452361,-33,70433,0,1896619,-0,01232491,0,08235469,0,978312,0,0,0,0,0,0,0,0,0,0,0,0,0,0,0,0,0,0,0,0,0,0,1,1,1,False
81,56539,-17,87051,3,451366,-33,91245,0,1898255,-0,01300558,0,08234281,0,9782724,0,0,0,0,0,0,0,0,0,0,0,0,0,0,0,0,0,0,0,0,0,0,1,1,1,False
81,64923,-17,94681,3,450293,-34,10773,0,1896242,-0,01319389,0,08312675,0,9782428,0,0,0,0,0,0,0,0,0,0,0,0,0,0,0,0,0,0,0,0,0,0,1,1,1,False
81,73404,-18,0242,3,449114,-34,30517,0,1896041,-0,01257458,0,08304074,0,9782621,0,0,0,0,0,0,0,0,0,0,0,0,0,0,0,0,0,0,0,0,0,0,1,1,1,False
81,816,-18,09892,3,44805,-34,49589,0,1895424,-0,01247068,0,08313075,0,9782676,0,0,0,0,0,0,0,0,0,0,0,0,0,0,0,0,0,0,0,0,0,0,1,1,1,False
81,89466,-18,1886,3,446649,-34,66537,0,1900831,-0,01214974,0,08218664,0,9782466,0,0,0,0,0,0,0,0,0,0,0,0,0,0,0,0,0,0,0,0,0,0,1,1,1,False
81,97662,-18,23476,3,445923,-34,75623,0,1907761,-0,01319616,0,0824387,0,9780769,0,0,0,0,0,0,0,0,0,0,0,0,0,0,0,0,0,0,0,0,0,0,1,1,1,False
82,06323,-18,27679,3,445256,-34,84219,0,1909415,-0,01326004,0,08329208,0,9779714,0,0,0,0,0,0,0,0,0,0,0,0,0,0,0,0,0,0,0,0,0,0,1,1,1,False
82,14777,-18,31643,3,444887,-34,92094,0,1903831,-0,01281095,0,08370441,0,9780511,0,0,0,0,0,0,0,0,0,0,0,0,0,0,0,0,0,0,0,0,0,0,1,1,1,False
82,23665,-18,35855,3,44434,-35,00602,0,1905757,-0,01184024,0,0829552,0,9780896,0,0,0,0,0,0,0,0,0,0,0,0,0,0,0,0,0,0,0,0,0,0,1,1,1,False
82,31691,-18,39335,3,443595,-35,08012,0,1915787,-0,01153459,0,08260048,0,9779273,0,0,0,0,0,0,0,0,0,0,0,0,0,0,0,0,0,0,0,0,0,0,1,1,1,False
82,39479,-18,39381,3,44308,-35,15709,0,1922449,-0,01110978,0,08247849,0,9778118,0,0,0,0,0,0,0,0,0,0,0,0,0,0,0,0,0,0,0,0,0,0,1,1,1,False
82,46995,-18,39454,3,442651,-35,25098,0,1926101,-0,01076148,0,08275253,0,9777207,0,0,0,0,0,0,0,0,0,0,0,0,0,0,0,0,0,0,0,0,0,0,1,1,1,False
82,54646,-18,39515,3,442094,-35,34671,0,1930821,-0,01015721,0,08238604,0,9776649,0,0,0,0,0,0,0,0,0,0,0,0,0,0,0,0,0,0,0,0,0,0,1,1,1,False
82,62025,-18,39687,3,440806,-35,5311,0,1943052,-0,009651989,0,08131777,0,9775173,0,0,0,0,0,0,0,0,0,0,0,0,0,0,0,0,0,0,0,0,0,0,1,1,1,False
82,70986,-18,39916,3,43925,-35,75515,0,1964215,-0,009303942,0,0808375,0,9771374,0,0,0,0,0,0,0,0,0,0,0,0,0,0,0,0,0,0,0,0,0,0,1,1,1,False
82,79298,-18,40135,3,43793,-35,96288,0,1979192,-0,009004191,0,08002091,0,9769052,0,0,0,0,0,0,0,0,0,0,0,0,0,0,0,0,0,0,0,0,0,0,1,1,1,False
82,87146,-18,40313,3,436729,-36,15842,0,1986683,-0,009878039,0,07872328,0,9768501,0,0,0,0,0,0,0,0,0,0,0,0,0,0,0,0,0,0,0,0,0,0,1,1,1,False
82,95654,-18,40473,3,43525,-36,33921,0,2012638,-0,01023436,0,07721499,0,9764354,0,0,0,0,0,0,0,0,0,0,0,0,0,0,0,0,0,0,0,0,0,0,1,1,1,False
83,04151,-18,40567,3,433603,-36,51718,0,2032549,-0,01375875,0,07559887,0,9761062,0,0,0,0,0,0,0,0,0,0,0,0,0,0,0,0,0,0,0,0,0,0,1,1,1,False
83,12257,-18,40579,3,432445,-36,6171,0,2053136,-0,015122,0,07645027,0,9755886,0,0,0,0,0,0,0,0,0,0,0,0,0,0,0,0,0,0,0,0,0,0,1,1,1,False
83,20766,-18,40548,3,432581,-36,61689,0,2048939,-0,0145359,0,07786103,0,9755742,0,0,0,0,0,0,0,0,0,0,0,0,0,0,0,0,0,0,0,0,0,0,1,1,1,False
83,28944,-18,40493,3,43276,-36,61666,0,2050395,-0,01260012,0,07858183,0,9755127,0,0,0,0,0,0,0,0,0,0,0,0,0,0,0,0,0,0,0,0,0,0,1,1,1,False
83,37309,-18,40481,3,432536,-36,6166,0,2049312,-0,01105972,0,07768738,0,9756258,0,0,0,0,0,0,0,0,0,0,0,0,0,0,0,0,0,0,0,0,0,0,1,1,1,False
83,45121,-18,40525,3,432483,-36,61662,0,1622272,-0,3845227,0,1501779,0,8962541,0,0,0,0,0,0,0,0,0,0,0,0,0,0,0,0,0,0,0,0,0,0,1,1,1,False
83,53391,-18,40561,3,432639,-36,61704,0,1618681,-0,3861054,0,1503659,0,8956068,0,0,0,0,0,0,0,0,0,0,0,0,0,0,0,0,0,0,0,0,0,0,1,1,1,False
83,62691,-18,4056,3,432916,-36,61728,0,1608753,-0,3867134,0,1504358,0,8955116,0,0,0,0,0,0,0,0,0,0,0,0,0,0,0,0,0,0,0,0,0,0,1,1,1,False
83,7204,-18,40553,3,433275,-36,61748,0,1599716,-0,3867712,0,1496185,0,8957855,0,0,0,0,0,0,0,0,0,0,0,0,0,0,0,0,0,0,0,0,0,0,1,1,1,False
83,81651,-18,40538,3,433812,-36,61742,0,1591004,-0,386992,0,1491985,0,8959153,0,0,0,0,0,0,0,0,0,0,0,0,0,0,0,0,0,0,0,0,0,0,1,1,1,False
83,91644,-18,4052,3,433923,-36,6174,0,1589556,-0,3868348,0,1474697,0,896295,0,0,0,0,0,0,0,0,0,0,0,0,0,0,0,0,0,0,0,0,0,0,1,1,1,False
84,00326,-18,40526,3,434073,-36,61763,0,1593825,-0,3882849,0,1462762,0,8957877,0,0,0,0,0,0,0,0,0,0,0,0,0,0,0,0,0,0,0,0,0,0,1,1,1,False
84,08971,-18,40566,3,434068,-36,61846,0,1601755,-0,3918672,0,1436681,0,8945074,0,0,0,0,0,0,0,0,0,0,0,0,0,0,0,0,0,0,0,0,0,0,1,1,1,False
84,16293,-18,40648,3,434168,-36,61965,0,1610261,-0,397116,0,1423423,0,892249,0,0,0,0,0,0,0,0,0,0,0,0,0,0,0,0,0,0,0,0,0,0,1,1,1,False
84,22153,-18,40978,3,433572,-36,62375,0,166567,-0,41433,0,1309182,0,8851252,0,0,0,0,0,0,0,0,0,0,0,0,0,0,0,0,0,0,0,0,0,0,1,1,1,False
84,26924,-18,40306,3,432193,-36,66747,0,1747622,-0,4415694,0,1203784,0,8717705,0,0,0,0,0,0,0,0,0,0,0,0,0,0,0,0,0,0,0,0,0,0,1,1,1,False
84,30892,-18,38186,3,430295,-36,76654,0,1848565,-0,4756734,0,1016664,0,8539478,0,0,0,0,0,0,0,0,0,0,0,0,0,0,0,0,0,0,0,0,0,0,1,1,1,False
84,35305,-18,3478,3,428964,-36,87342,0,2006387,-0,5088766,0,07288943,0,8339521,0,0,0,0,0,0,0,0,0,0,0,0,0,0,0,0,0,0,0,0,0,0,1,1,1,False
84,40739,-18,3039,3,427819,-37,0091,0,2183007,-0,5396971,0,05865527,0,810945,0,0,0,0,0,0,0,0,0,0,0,0,0,0,0,0,0,0,0,0,0,0,1,1,1,False
84,45229,-18,29183,3,427286,-37,12825,0,2290416,-0,5689659,0,05182226,0,7881194,0,0,0,0,0,0,0,0,0,0,0,0,0,0,0,0,0,0,0,0,0,0,1,1,1,False
84,50037,-18,31289,3,426632,-37,25185,0,2324535,-0,5858284,0,05492979,0,7744374,0,0,0,0,0,0,0,0,0,0,0,0,0,0,0,0,0,0,0,0,0,0,1,1,1,False
84,54507,-18,32795,3,425378,-37,36834,0,2363768,-0,6005804,0,05774865,0,7616394,0,0,0,0,0,0,0,0,0,0,0,0,0,0,0,0,0,0,0,0,0,0,1,1,1,False
84,60939,-18,37938,3,424123,-37,52364,0,2371791,-0,6049882,0,06265087,0,7575028,0,0,0,0,0,0,0,0,0,0,0,0,0,0,0,0,0,0,0,0,0,0,1,1,1,False
84,70092,-18,46619,3,422683,-37,63917,0,2357552,-0,6093432,0,06646986,0,7541235,0,0,0,0,0,0,0,0,0,0,0,0,0,0,0,0,0,0,0,0,0,0,1,1,1,False
84,79424,-18,55212,3,421335,-37,76111,0,234492,-0,6180251,0,07025038,0,7470767,0,0,0,0,0,0,0,0,0,0,0,0,0,0,0,0,0,0,0,0,0,0,1,1,1,False
84,88681,-18,5536,3,421168,-37,76707,0,1845341,-0,8620701,0,1603058,0,4439421,0,0,0,0,0,0,0,0,0,0,0,0,0,0,0,0,0,0,0,0,0,0,1,1,1,False
84,97658,-18,55158,3,376469,-37,76993,0,1774601,-0,8644143,0,1647826,0,4406164,0,0,0,0,0,0,0,0,0,0,0,0,0,0,0,0,0,0,0,0,0,0,1,1,1,False
85,06457,-18,55003,3,377285,-37,7709,0,168021,-0,8639554,0,1691473,0,4435532,0,0,0,0,0,0,0,0,0,0,0,0,0,0,0,0,0,0,0,0,0,0,1,1,1,False
85,1532,-18,55038,3,377411,-37,77052,0,1641686,-0,8631046,0,1709285,0,4459626,0,0,0,0,0,0,0,0,0,0,0,0,0,0,0,0,0,0,0,0,0,0,1,1,1,False
85,2376,-18,5508,3,377,-37,76966,0,1608898,-0,8614264,0,1740703,0,4491756,0,0,0,0,0,0,0,0,0,0,0,0,0,0,0,0,0,0,0,0,0,0,1,1,1,False
85,32439,-18,55117,3,377127,-37,76895,0,1593985,-0,8595587,0,1744614,0,4531163,0,0,0,0,0,0,0,0,0,0,0,0,0,0,0,0,0,0,0,0,0,0,1,1,1,False
85,41347,-18,55161,3,377241,-37,76769,0,1583495,-0,8571759,0,1751879,0,4576944,0,0,0,0,0,0,0,0,0,0,0,0,0,0,0,0,0,0,0,0,0,0,1,1,1,False
85,50598,-18,55216,3,377402,-37,7664,0,1568716,-0,8550517,0,1748098,0,4622982,0,0,0,0,0,0,0,0,0,0,0,0,0,0,0,0,0,0,0,0,0,0,1,1,1,False
85,59331,-18,55226,3,377544,-37,76555,0,1560814,-0,8538935,0,1745322,0,4648044,0,0,0,0,0,0,0,0,0,0,0,0,0,0,0,0,0,0,0,0,0,0,1,1,1,False
85,68513,-18,55216,3,377891,-37,76578,0,07841288,-0,967291,0,2184864,0,1022895,0,0,0,0,0,0,0,0,0,0,0,0,0,0,0,0,0,0,0,0,0,0,1,1,1,False
85,77647,-18,551,3,378054,-37,76643,0,07957879,-0,967667,0,2177688,0,09932048,0,0,0,0,0,0,0,0,0,0,0,0,0,0,0,0,0,0,0,0,0,0,1,1,1,False
85,85454,-18,55013,3,377695,-37,76675,0,07960733,-0,9677123,0,2189265,0,09626477,0,0,0,0,0,0,0,0,0,0,0,0,0,0,0,0,0,0,0,0,0,0,1,1,1,False
85,93507,-18,54981,3,377509,-37,76661,0,07774086,-0,967836,0,2193769,0,09551733,0,0,0,0,0,0,0,0,0,0,0,0,0,0,0,0,0,0,0,0,0,0,1,1,1,False
86,01304,-18,54985,3,377842,-37,76647,0,07589805,-0,9680586,0,2186181,0,09647807,0,0,0,0,0,0,0,0,0,0,0,0,0,0,0,0,0,0,0,0,0,0,1,1,1,False
86,0948,-18,55017,3,378196,-37,76657,0,07555195,-0,9680251,0,2181382,0,09815735,0,0,0,0,0,0,0,0,0,0,0,0,0,0,0,0,0,0,0,0,0,0,1,1,1,False
86,18153,-18,55049,3,377824,-37,76662,0,07516265,-0,9677966,0,2189016,0,09900637,0,0,0,0,0,0,0,0,0,0,0,0,0,0,0,0,0,0,0,0,0,0,1,1,1,False
86,27032,-18,55051,3,377452,-37,76682,0,0750801,-0,9676993,0,219393,0,09893332,0,0,0,0,0,0,0,0,0,0,0,0,0,0,0,0,0,0,0,0,0,0,1,1,1,False
86,35818,-18,55711,3,376875,-37,96068,0,07475641,-0,9677519,0,219789,0,09777845,0,0,0,0,0,0,0,0,0,0,0,0,0,0,0,0,0,0,0,0,0,0,1,1,1,False
86,45116,-18,56346,3,291363,-38,16578,0,07385797,-0,9678513,0,2202826,0,09635583,0,0,0,0,0,0,0,0,0,0,0,0,0,0,0,0,0,0,0,0,0,0,1,1,1,False
86,54472,-18,58548,3,119543,-38,38331,0,07300975,-0,9678817,0,2207861,0,0955406,0,0,0,0,0,0,0,0,0,0,0,0,0,0,0,0,0,0,0,0,0,0,1,1,1,False
86,62436,-18,60942,2,997392,-38,57252,0,07203168,-0,9679751,0,2206852,0,09557011,0,0,0,0,0,0,0,0,0,0,0,0,0,0,0,0,0,0,0,0,0,0,1,1,1,False
86,68586,-18,63087,2,99699,-38,72062,0,07128634,-0,9679644,0,2209615,0,09559906,0,0,0,0,0,0,0,0,0,0,0,0,0,0,0,0,0,0,0,0,0,0,1,1,1,False
86,7331,-18,65113,2,974723,-38,83704,0,07066471,-0,9679781,0,2211595,0,09546395,0,0,0,0,0,0,0,0,0,0,0,0,0,0,0,0,0,0,0,0,0,0,1,1,1,False
86,77435,-18,66876,2,938536,-38,93864,0,07015345,-0,9680129,0,2212577,0,0952599,0,0,0,0,0,0,0,0,0,0,0,0,0,0,0,0,0,0,0,0,0,0,1,1,1,False
86,81197,-18,68479,2,891742,-39,03126,0,06957565,-0,9680847,0,2212698,0,09492626,0,0,0,0,0,0,0,0,0,0,0,0,0,0,0,0,0,0,0,0,0,0,1,1,1,False
86,86625,-18,70787,2,795306,-39,16482,0,06912018,-0,9681674,0,2212511,0,09445721,0,0,0,0,0,0,0,0,0,0,0,0,0,0,0,0,0,0,0,0,0,0,1,1,1,False
86,92805,-18,73421,2,669853,-39,31699,0,06844443,-0,9683853,0,2206817,0,09404705,0,0,0,0,0,0,0,0,0,0,0,0,0,0,0,0,0,0,0,0,0,0,1,1,1,False
86,98458,-18,75841,2,669602,-39,45625,0,06829856,-0,9685074,0,2202334,0,09394661,0,0,0,0,0,0,0,0,0,0,0,0,0,0,0,0,0,0,0,0,0,0,1,1,1,False
87,05976,-18,76861,2,669315,-39,5406,0,06825784,-0,9684633,0,2204841,0,09384234,0,0,0,0,0,0,0,0,0,0,0,0,0,0,0,0,0,0,0,0,0,0,1,1,1,False
87,16597,-18,79889,2,558536,-39,71231,0,06806868,-0,9683885,0,2206438,0,09437542,0,0,0,0,0,0,0,0,0,0,0,0,0,0,0,0,0,0,0,0,0,0,1,1,1,False
87,27284,-18,83317,2,558046,-39,90823,0,06805464,-0,9684343,0,2204769,0,09430553,0,0,0,0,0,0,0,0,0,0,0,0,0,0,0,0,0,0,0,0,0,0,1,1,1,False
87,37736,-18,88941,2,449959,-40,16336,0,06838237,-0,9684613,0,2203785,0,09401951,0,0,0,0,0,0,0,0,0,0,0,0,0,0,0,0,0,0,0,0,0,0,1,1,1,False
87,48079,-18,94501,2,238095,-40,4152,0,06770804,-0,9684858,0,2204323,0,09412982,0,0,0,0,0,0,0,0,0,0,0,0,0,0,0,0,0,0,0,0,0,0,1,1,1,False
87,56202,-18,98873,2,096106,-40,61291,0,06786701,-0,96849,0,2201793,0,0945634,0,0,0,0,0,0,0,0,0,0,0,0,0,0,0,0,0,0,0,0,0,0,1,1,1,False
87,66922,-19,04513,1,950734,-40,87375,0,06772693,-0,9683638,0,2207748,0,09456836,0,0,0,0,0,0,0,0,0,0,0,0,0,0,0,0,0,0,0,0,0,0,1,1,1,False
87,7627,-19,09301,1,8173,-41,10099,0,06767529,-0,9683899,0,2206959,0,09452161,0,0,0,0,0,0,0,0,0,0,0,0,0,0,0,0,0,0,0,0,0,0,1,1,1,False
87,84732,-19,13878,1,816621,-41,3073,0,06757738,-0,9684108,0,2206373,0,09451443,0,0,0,0,0,0,0,0,0,0,0,0,0,0,0,0,0,0,0,0,0,0,1,1,1,False
87,91479,-19,17553,1,771582,-41,47195,0,06737889,-0,9685087,0,2201886,0,09469939,0,0,0,0,0,0,0,0,0,0,0,0,0,0,0,0,0,0,0,0,0,0,1,1,1,False
87,96872,-19,20498,1,706824,-41,60352,0,067087,-0,9684259,0,2206217,0,09474552,0,0,0,0,0,0,0,0,0,0,0,0,0,0,0,0,0,0,0,0,0,0,1,1,1,False
88,01115,-19,22814,1,638152,-41,70707,0,06710708,-0,9682997,0,2209135,0,09533912,0,0,0,0,0,0,0,0,0,0,0,0,0,0,0,0,0,0,0,0,0,0,1,1,1,False
88,04683,-19,24755,1,568053,-41,79418,0,06723389,-0,9683093,0,2207308,0,09557524,0,0,0,0,0,0,0,0,0,0,0,0,0,0,0,0,0,0,0,0,0,0,1,1,1,False
88,08488,-19,26814,1,479071,-41,887,0,06710609,-0,9683107,0,220781,0,09553497,0,0,0,0,0,0,0,0,0,0,0,0,0,0,0,0,0,0,0,0,0,0,1,1,1,False
88,13528,-19,29543,1,348584,-42,00996,0,06677588,-0,9683476,0,2207898,0,09537119,0,0,0,0,0,0,0,0,0,0,0,0,0,0,0,0,0,0,0,0,0,0,1,1,1,False
88,18497,-19,32226,1,348243,-42,13125,0,06664629,-0,9683972,0,2206334,0,09532026,0,0,0,0,0,0,0,0,0,0,0,0,0,0,0,0,0,0,0,0,0,0,1,1,1,False
88,23727,-19,34868,1,320984,-42,25921,0,06633572,-0,9684331,0,2206904,0,09504008,0,0,0,0,0,0,0,0,0,0,0,0,0,0,0,0,0,0,0,0,0,0,1,1,1,False
88,29416,-19,37746,1,25957,-42,39827,0,06605681,-0,968452,0,2206994,0,09502071,0,0,0,0,0,0,0,0,0,0,0,0,0,0,0,0,0,0,0,0,0,0,1,1,1,False
88,35281,-19,40597,1,162673,-42,54188,0,06567714,-0,9685651,0,2203967,0,09483388,0,0,0,0,0,0,0,0,0,0,0,0,0,0,0,0,0,0,0,0,0,0,1,1,1,False
88,41091,-19,43355,1,033803,-42,68441,0,06560545,-0,968685,0,2197351,0,0951933,0,0,0,0,0,0,0,0,0,0,0,0,0,0,0,0,0,0,0,0,0,0,1,1,1,False
88,47066,-19,46125,0,9269917,-42,8312,0,06558461,-0,9688562,0,219038,0,09507231,0,0,0,0,0,0,0,0,0,0,0,0,0,0,0,0,0,0,0,0,0,0,1,1,1,False
88,5263,-19,48657,0,926502,-42,96799,0,0657261,-0,9687326,0,2195849,0,09497246,0,0,0,0,0,0,0,0,0,0,0,0,0,0,0,0,0,0,0,0,0,0,1,1,1,False
88,58555,-19,5124,0,8915927,-43,11398,0,06559056,-0,9688274,0,2193171,0,09471722,0,0,0,0,0,0,0,0,0,0,0,0,0,0,0,0,0,0,0,0,0,0,1,1,1,False
88,64484,-19,53823,0,8220079,-43,26002,0,0656388,-0,9687641,0,2195938,0,09468941,0,0,0,0,0,0,0,0,0,0,0,0,0,0,0,0,0,0,0,0,0,0,1,1,1,False
88,71427,-19,5683,0,693378,-43,43098,0,06565532,-0,9687867,0,2196088,0,09441244,0,0,0,0,0,0,0,0,0,0,0,0,0,0,0,0,0,0,0,0,0,0,1,1,1,False
88,80276,-19,60534,0,5598772,-43,64868,0,06555074,-0,9689491,0,2189591,0,09432735,0,0,0,0,0,0,0,0,0,0,0,0,0,0,0,0,0,0,0,0,0,0,1,1,1,False
88,88979,-19,64309,0,5592146,-43,86299,0,0653545,-0,9689233,0,2191626,0,09425627,0,0,0,0,0,0,0,0,0,0,0,0,0,0,0,0,0,0,0,0,0,0,1,1,1,False
88,97702,-19,68098,0,4839625,-44,07788,0,06575664,-0,9689845,0,2186997,0,09442148,0,0,0,0,0,0,0,0,0,0,0,0,0,0,0,0,0,0,0,0,0,0,1,1,1,False
89,06541,-19,71917,0,3309689,-44,29562,0,06541934,-0,9690281,0,2187548,0,09407979,0,0,0,0,0,0,0,0,0,0,0,0,0,0,0,0,0,0,0,0,0,0,1,1,1,False
89,14766,-19,75437,0,3303251,-44,49832,0,0654121,-0,969104,0,2186298,0,09359308,0,0,0,0,0,0,0,0,0,0,0,0,0,0,0,0,0,0,0,0,0,0,1,1,1,False
89,23267,-19,7865,0,2587698,-44,70838,0,06543595,-0,9690965,0,2188375,0,09316706,0,0,0,0,0,0,0,0,0,0,0,0,0,0,0,0,0,0,0,0,0,0,1,1,1,False
89,31138,-19,81571,0,1558547,-44,90299,0,06476256,-0,9692667,0,2183348,0,09304748,0,0,0,0,0,0,0,0,0,0,0,0,0,0,0,0,0,0,0,0,0,0,1,1,1,False
89,39872,-19,84763,0,1553652,-45,11902,0,06503276,-0,9693323,0,2178769,0,0932483,0,0,0,0,0,0,0,0,0,0,0,0,0,0,0,0,0,0,0,0,0,0,1,1,1,False
89,48134,-19,8758,0,08780408,-45,32364,0,06563542,-0,9692818,0,217943,0,09319696,0,0,0,0,0,0,0,0,0,0,0,0,0,0,0,0,0,0,0,0,0,0,1,1,1,False
89,54453,-19,89737,0,01411605,-45,48001,0,06534604,-0,9694083,0,2177246,0,09259255,0,0,0,0,0,0,0,0,0,0,0,0,0,0,0,0,0,0,0,0,0,0,1,1,1,False
89,59528,-19,91453,0,01372862,-45,60546,0,06512437,-0,9695157,0,2175627,0,09200326,0,0,0,0,0,0,0,0,0,0,0,0,0,0,0,0,0,0,0,0,0,0,1,1,1,False
89,63467,-19,92786,0,0137949,-45,703,0,06665538,-0,9697586,0,2160669,0,09187213,0,0,0,0,0,0,0,0,0,0,0,0,0,0,0,0,0,0,0,0,0,0,1,1,1,False
89,66835,-19,93839,0,002966166,-45,78668,0,06929973,-0,9703879,0,2136063,0,08897816,0,0,0,0,0,0,0,0,0,0,0,0,0,0,0,0,0,0,0,0,0,0,1,1,1,False
89,71726,-19,95301,-0,03667068,-45,90811,0,07109413,-0,97069,0,212864,0,08599679,0,0,0,0,0,0,0,0,0,0,0,0,0,0,0,0,0,0,0,0,0,0,1,1,1,False
89,77399,-19,96969,-0,09246469,-46,04888,0,07053681,-0,9708772,0,2131148,0,08369012,0,0,0,0,0,0,0,0,0,0,0,0,0,0,0,0,0,0,0,0,0,0,1,1,1,False
89,83056,-19,98429,-0,09289694,-46,18945,0,068666,-0,9709164,0,2135395,0,08370884,0,0,0,0,0,0,0,0,0,0,0,0,0,0,0,0,0,0,0,0,0,0,1,1,1,False
89,88806,-19,98931,-0,0933187,-46,33305,0,06742662,-0,9707506,0,2138881,0,08572447,0,0,0,0,0,0,0,0,0,0,0,0,0,0,0,0,0,0,0,0,0,0,1,1,1,False
89,9397,-19,99468,-0,119786,-46,462,0,06730839,-0,97067,0,2139048,0,08668265,0,0,0,0,0,0,0,0,0,0,0,0,0,0,0,0,0,0,0,0,0,0,1,1,1,False
89,99655,-20,00038,-0,1199639,-46,60395,0,06758076,-0,9707428,0,2134294,0,08682834,0,0,0,0,0,0,0,0,0,0,0,0,0,0,0,0,0,0,0,0,0,0,1,1,1,False
90,05233,-20,00561,-0,15062,-46,74317,0,06811601,-0,9708973,0,2128417,0,08612158,0,0,0,0,0,0,0,0,0,0,0,0,0,0,0,0,0,0,0,0,0,0,1,1,1,False
90,10948,-20,01086,-0,2020962,-46,88585,0,06831149,-0,9710948,0,2121079,0,08554919,0,0,0,0,0,0,0,0,0,0,0,0,0,0,0,0,0,0,0,0,0,0,1,1,1,False
90,16629,-20,01633,-0,2022009,-47,02761,0,06820007,-0,9712402,0,2115808,0,08529215,0,0,0,0,0,0,0,0,0,0,0,0,0,0,0,0,0,0,0,0,0,0,1,1,1,False
90,22392,-20,0223,-0,2024641,-47,17144,0,0677643,-0,9713305,0,2113225,0,08525178,0,0,0,0,0,0,0,0,0,0,0,0,0,0,0,0,0,0,0,0,0,0,1,1,1,False
90,28555,-20,01026,-0,2026305,-47,32496,0,06751933,-0,9713625,0,2111238,0,08557281,0,0,0,0,0,0,0,0,0,0,0,0,0,0,0,0,0,0,0,0,0,0,1,1,1,False
90,34778,-19,99805,-0,2029164,-47,48007,0,06796031,-0,9713544,0,2109814,0,08566745,0,0,0,0,0,0,0,0,0,0,0,0,0,0,0,0,0,0,0,0,0,0,1,1,1,False
90,41275,-19,98455,-0,2445829,-47,64196,0,0683772,-0,9712912,0,2110659,0,08584306,0,0,0,0,0,0,0,0,0,0,0,0,0,0,0,0,0,0,0,0,0,0,1,1,1,False
90,48771,-19,96904,-0,2450409,-47,82847,0,06793778,-0,9712538,0,2111481,0,08641168,0,0,0,0,0,0,0,0,0,0,0,0,0,0,0,0,0,0,0,0,0,0,1,1,1,False
90,56135,-19,9541,-0,2454805,-48,01165,0,06817438,-0,9711776,0,2111761,0,08701156,0,0,0,0,0,0,0,0,0,0,0,0,0,0,0,0,0,0,0,0,0,0,1,1,1,False
90,63503,-19,95824,-0,2456696,-48,19567,0,06798077,-0,9713597,0,2103557,0,08711661,0,0,0,0,0,0,0,0,0,0,0,0,0,0,0,0,0,0,0,0,0,0,1,1,1,False
90,70512,-19,98606,-0,2637107,-48,36868,0,06769095,-0,9713823,0,2102255,0,08740468,0,0,0,0,0,0,0,0,0,0,0,0,0,0,0,0,0,0,0,0,0,0,1,1,1,False
90,77479,-20,01394,-0,2604015,-48,54054,0,0676176,-0,9712373,0,2107181,0,0878853,0,0,0,0,0,0,0,0,0,0,0,0,0,0,0,0,0,0,0,0,0,0,1,1,1,False
90,84804,-20,04364,-0,2434425,-48,72123,0,06775244,-0,9711441,0,2107517,0,08872597,0,0,0,0,0,0,0,0,0,0,0,0,0,0,0,0,0,0,0,0,0,0,1,1,1,False
90,92183,-20,07361,-0,2385836,-48,90317,0,06749326,-0,9710605,0,211037,0,08916007,0,0,0,0,0,0,0,0,0,0,0,0,0,0,0,0,0,0,0,0,0,0,1,1,1,False
90,99402,-20,10297,-0,2272379,-49,08118,0,06707965,-0,9710767,0,2109762,0,08943852,0,0,0,0,0,0,0,0,0,0,0,0,0,0,0,0,0,0,0,0,0,0,1,1,1,False
91,06667,-20,13251,-0,2117922,-49,2602,0,06684847,-0,9711087,0,2108071,0,08966337,0,0,0,0,0,0,0,0,0,0,0,0,0,0,0,0,0,0,0,0,0,0,1,1,1,False
91,13227,-20,15919,-0,2069333,-49,42179,0,06706292,-0,9711349,0,2106048,0,08969457,0,0,0,0,0,0,0,0,0,0,0,0,0,0,0,0,0,0,0,0,0,0,1,1,1,False
91,19759,-20,18577,-0,1936307,-49,58268,0,06702942,-0,9712616,0,2100901,0,08955448,0,0,0,0,0,0,0,0,0,0,0,0,0,0,0,0,0,0,0,0,0,0,1,1,1,False
91,25851,-20,21078,-0,1760616,-49,73271,0,06684203,-0,97133,0,2097252,0,0898082,0,0,0,0,0,0,0,0,0,0,0,0,0,0,0,0,0,0,0,0,0,0,1,1,1,False
91,32048,-20,23638,-0,150624,-49,88547,0,0668806,-0,9714207,0,2091887,0,09004886,0,0,0,0,0,0,0,0,0,0,0,0,0,0,0,0,0,0,0,0,0,0,1,1,1,False
91,37218,-20,25982,0,2183466,-50,01349,0,06752059,-0,9712982,0,2094589,0,09026505,0,0,0,0,0,0,0,0,0,0,0,0,0,0,0,0,0,0,0,0,0,0,1,1,1,False
91,42223,-20,28225,0,5111046,-50,13754,0,06740478,-0,9714068,0,2090333,0,09016968,0,0,0,0,0,0,0,0,0,0,0,0,0,0,0,0,0,0,0,0,0,0,1,1,1,False
91,47744,-20,30665,0,7554045,-50,27425,0,06727061,-0,9713932,0,2091237,0,09020644,0,0,0,0,0,0,0,0,0,0,0,0,0,0,0,0,0,0,0,0,0,0,1,1,1,False
91,54334,-20,33359,0,8067346,-50,43673,0,06787373,-0,9712498,0,2096272,0,09013072,0,0,0,0,0,0,0,0,0,0,0,0,0,0,0,0,0,0,0,0,0,0,1,1,1,False
91,60873,-20,36041,0,7105019,-50,59809,0,06781643,-0,9714331,0,2088175,0,09007701,0,0,0,0,0,0,0,0,0,0,0,0,0,0,0,0,0,0,0,0,0,0,1,1,1,False
91,675,-20,38657,0,5132294,-50,76125,0,06713635,-0,9714535,0,2089649,0,09002504,0,0,0,0,0,0,0,0,0,0,0,0,0,0,0,0,0,0,0,0,0,0,1,1,1,False
91,74216,-20,41294,0,2688675,-50,92649,0,06725821,-0,9713536,0,2092215,0,0904152,0,0,0,0,0,0,0,0,0,0,0,0,0,0,0,0,0,0,0,0,0,0,1,1,1,False
91,80689,-20,43806,0,03070068,-51,08582,0,06784128,-0,971311,0,2091847,0,09052286,0,0,0,0,0,0,0,0,0,0,0,0,0,0,0,0,0,0,0,0,0,0,1,1,1,False
91,87062,-20,46431,0,07021952,-51,2431,0,06752189,-0,9712471,0,2096334,0,09040828,0,0,0,0,0,0,0,0,0,0,0,0,0,0,0,0,0,0,0,0,0,0,1,1,1,False
91,94056,-20,49319,0,1085613,-51,41573,0,06725562,-0,9711593,0,210069,0,09053825,0,0,0,0,0,0,0,0,0,0,0,0,0,0,0,0,0,0,0,0,0,0,1,1,1,False
92,01064,-20,52191,0,1454654,-51,58868,0,06734186,-0,9710855,0,210452,0,09037706,0,0,0,0,0,0,0,0,0,0,0,0,0,0,0,0,0,0,0,0,0,0,1,1,1,False
92,08028,-20,55032,0,1940913,-51,76054,0,06745111,-0,9711079,0,2104611,0,09003328,0,0,0,0,0,0,0,0,0,0,0,0,0,0,0,0,0,0,0,0,0,0,1,1,1,False
92,14546,-20,57696,0,2352812,-51,92129,0,06714048,-0,9711401,0,2104807,0,08987094,0,0,0,0,0,0,0,0,0,0,0,0,0,0,0,0,0,0,0,0,0,0,1,1,1,False
92,20841,-20,60297,0,282058,-52,07649,0,06667425,-0,9712048,0,210176,0,09023207,0,0,0,0,0,0,0,0,0,0,0,0,0,0,0,0,0,0,0,0,0,0,1,1,1,False
92,27056,-20,62861,0,3270495,-52,22979,0,06711906,-0,9711897,0,2100462,0,09036724,0,0,0,0,0,0,0,0,0,0,0,0,0,0,0,0,0,0,0,0,0,0,1,1,1,False
92,33318,-20,65433,0,3697145,-52,38428,0,06753775,-0,9711216,0,2103073,0,09017919,0,0,0,0,0,0,0,0,0,0,0,0,0,0,0,0,0,0,0,0,0,0,1,1,1,False
92,39294,-20,67883,0,4139438,-52,53164,0,0671756,-0,9711181,0,2105189,0,08999348,0,0,0,0,0,0,0,0,0,0,0,0,0,0,0,0,0,0,0,0,0,0,1,1,1,False
92,45466,-20,70412,0,4630315,-52,68383,0,06695482,-0,9711393,0,210501,0,08997153,0,0,0,0,0,0,0,0,0,0,0,0,0,0,0,0,0,0,0,0,0,0,1,1,1,False
92,51643,-20,72946,0,5152795,-52,83611,0,06695741,-0,9711491,0,210419,0,09005538,0,0,0,0,0,0,0,0,0,0,0,0,0,0,0,0,0,0,0,0,0,0,1,1,1,False
92,57584,-20,75386,0,5625825,-52,98276,0,06730517,-0,9712364,0,2099174,0,09002492,0,0,0,0,0,0,0,0,0,0,0,0,0,0,0,0,0,0,0,0,0,0,1,1,1,False
92,63692,-20,77891,0,609098,-53,13353,0,06710934,-0,9711505,0,2104954,0,08974828,0,0,0,0,0,0,0,0,0,0,0,0,0,0,0,0,0,0,0,0,0,0,1,1,1,False
92,70338,-20,80643,0,6725469,-53,29746,0,06702653,-0,9709492,0,2111765,0,09038492,0,0,0,0,0,0,0,0,0,0,0,0,0,0,0,0,0,0,0,0,0,0,1,1,1,False
92,77324,-20,83517,0,7376194,-53,46983,0,06759849,-0,9708833,0,2112371,0,09052567,0,0,0,0,0,0,0,0,0,0,0,0,0,0,0,0,0,0,0,0,0,0,1,1,1,False
92,8437,-20,8638,0,8021812,-53,64365,0,06744589,-0,9708842,0,2115291,0,08994652,0,0,0,0,0,0,0,0,0,0,0,0,0,0,0,0,0,0,0,0,0,0,1,1,1,False
92,90881,-20,89014,0,8694458,-53,80426,0,06718836,-0,9709735,0,211326,0,0896524,0,0,0,0,0,0,0,0,0,0,0,0,0,0,0,0,0,0,0,0,0,0,1,1,1,False
92,97377,-20,91637,0,9355299,-53,9644,0,06693023,-0,9709448,0,2116555,0,08937852,0,0,0,0,0,0,0,0,0,0,0,0,0,0,0,0,0,0,0,0,0,0,1,1,1,False
93,03742,-20,94217,0,9984007,-54,12131,0,06683401,-0,9709624,0,2116358,0,08930564,0,0,0,0,0,0,0,0,0,0,0,0,0,0,0,0,0,0,0,0,0,0,1,1,1,False
93,10094,-20,96424,1,069797,-54,27843,0,06670756,-0,9708868,0,2118366,0,08974579,0,0,0,0,0,0,0,0,0,0,0,0,0,0,0,0,0,0,0,0,0,0,1,1,1,False
93,16402,-20,98336,1,139767,-54,43496,0,06660226,-0,9708682,0,211775,0,09016936,0,0,0,0,0,0,0,0,0,0,0,0,0,0,0,0,0,0,0,0,0,0,1,1,1,False
93,23781,-20,99424,1,218953,-54,61917,0,06731497,-0,9708114,0,2117443,0,09032308,0,0,0,0,0,0,0,0,0,0,0,0,0,0,0,0,0,0,0,0,0,0,1,1,1,False
93,30972,-21,0047,1,298302,-54,7988,0,06781262,-0,9706899,0,2122177,0,09014551,0,0,0,0,0,0,0,0,0,0,0,0,0,0,0,0,0,0,0,0,0,0,1,1,1,False
93,3759,-21,0144,1,372153,-54,96397,0,06731487,-0,9706519,0,2125162,0,09022406,0,0,0,0,0,0,0,0,0,0,0,0,0,0,0,0,0,0,0,0,0,0,1,1,1,False
93,44055,-21,02283,1,450495,-55,12527,0,06758887,-0,9705912,0,212638,0,09038436,0,0,0,0,0,0,0,0,0,0,0,0,0,0,0,0,0,0,0,0,0,0,1,1,1,False
93,50473,-21,03111,1,524584,-55,28538,0,067707,-0,9706691,0,2123213,0,09020458,0,0,0,0,0,0,0,0,0,0,0,0,0,0,0,0,0,0,0,0,0,0,1,1,1,False
93,5641,-21,03888,1,595702,-55,43362,0,06768043,-0,9707449,0,2118798,0,0904468,0,0,0,0,0,0,0,0,0,0,0,0,0,0,0,0,0,0,0,0,0,0,1,1,1,False
93,6218,-21,0473,1,665067,-55,57755,0,06721584,-0,9706992,0,212304,0,09028905,0,0,0,0,0,0,0,0,0,0,0,0,0,0,0,0,0,0,0,0,0,0,1,1,1,False
93,67877,-21,05582,1,735519,-55,71968,0,06719083,-0,9706428,0,212273,0,09098414,0,0,0,0,0,0,0,0,0,0,0,0,0,0,0,0,0,0,0,0,0,0,1,1,1,False
93,74001,-21,06487,1,813932,-55,87254,0,06741906,-0,9706484,0,2121509,0,09104009,0,0,0,0,0,0,0,0,0,0,0,0,0,0,0,0,0,0,0,0,0,0,1,1,1,False
93,80703,-21,07469,1,894021,-56,03989,0,06718409,-0,9706312,0,2124304,0,0907445,0,0,0,0,0,0,0,0,0,0,0,0,0,0,0,0,0,0,0,0,0,0,1,1,1,False
93,87981,-21,08549,1,99189,-56,22146,0,06712846,-0,9705481,0,2127863,0,09084183,0,0,0,0,0,0,0,0,0,0,0,0,0,0,0,0,0,0,0,0,0,0,1,1,1,False
93,95377,-21,09862,2,086427,-56,40577,0,06654388,-0,9705364,0,2128215,0,09131333,0,0,0,0,0,0,0,0,0,0,0,0,0,0,0,0,0,0,0,0,0,0,1,1,1,False
94,0203,-21,11062,2,176637,-56,5715,0,06646105,-0,9706024,0,2123238,0,09182859,0,0,0,0,0,0,0,0,0,0,0,0,0,0,0,0,0,0,0,0,0,0,1,1,1,False
94,08878,-21,1233,2,28364,-56,74198,0,06674,-0,9705703,0,2122283,0,09218621,0,0,0,0,0,0,0,0,0,0,0,0,0,0,0,0,0,0,0,0,0,0,1,1,1,False
94,1577,-21,13527,2,388738,-56,91331,0,06680252,-0,9706817,0,2115972,0,09241724,0,0,0,0,0,0,0,0,0,0,0,0,0,0,0,0,0,0,0,0,0,0,1,1,1,False
94,22287,-21,146,2,487909,-57,07535,0,06699399,-0,9707488,0,2111699,0,09255216,0,0,0,0,0,0,0,0,0,0,0,0,0,0,0,0,0,0,0,0,0,0,1,1,1,False
94,28612,-21,15594,2,587321,-57,23259,0,06733654,-0,970615,0,2115889,0,09275,0,0,0,0,0,0,0,0,0,0,0,0,0,0,0,0,0,0,0,0,0,0,1,1,1,False
94,34786,-21,1657,2,694258,-57,38601,0,06709227,-0,9706678,0,2114222,0,0927536,0,0,0,0,0,0,0,0,0,0,0,0,0,0,0,0,0,0,0,0,0,0,1,1,1,False
94,4063,-21,17467,2,787075,-57,53102,0,06731557,-0,9706241,0,2115247,0,09281579,0,0,0,0,0,0,0,0,0,0,0,0,0,0,0,0,0,0,0,0,0,0,1,1,1,False
94,46455,-21,18344,2,896828,-57,67558,0,06742657,-0,9706762,0,2112395,0,09283923,0,0,0,0,0,0,0,0,0,0,0,0,0,0,0,0,0,0,0,0,0,0,1,1,1,False
94,52612,-21,19292,2,995548,-57,82855,0,06738281,-0,9708876,0,2101553,0,09312101,0,0,0,0,0,0,0,0,0,0,0,0,0,0,0,0,0,0,0,0,0,0,1,1,1,False
94,59358,-21,19878,3,081403,-57,9395,0,06721211,-0,9709319,0,2100948,0,09291856,0,0,0,0,0,0,0,0,0,0,0,0,0,0,0,0,0,0,0,0,0,0,1,1,1,False
94,66752,-21,20132,3,129583,-58,01569,0,1422886,-0,8607342,0,1710606,0,4578525,0,0,0,0,0,0,0,0,0,0,0,0,0,0,0,0,0,0,0,0,0,0,1,1,1,False
94,74374,-21,23501,3,152201,-58,04699,0,1427398,-0,8608299,0,1713141,0,4574372,0,0,0,0,0,0,0,0,0,0,0,0,0,0,0,0,0,0,0,0,0,0,1,1,1,False
94,81357,-21,25728,3,16782,-58,06628,0,1424491,-0,8610151,0,1713228,0,4571761,0,0,0,0,0,0,0,0,0,0,0,0,0,0,0,0,0,0,0,0,0,0,1,1,1,False
94,88383,-21,25733,3,168362,-58,06628,0,1417698,-0,8608538,0,1713619,0,4576761,0,0,0,0,0,0,0,0,0,0,0,0,0,0,0,0,0,0,0,0,0,0,1,1,1,False
94,94009,-21,25737,3,168428,-58,06633,0,1412517,-0,8608223,0,1713406,0,4579033,0,0,0,0,0,0,0,0,0,0,0,0,0,0,0,0,0,0,0,0,0,0,1,1,1,False
94,98188,-21,25731,3,168231,-58,06643,0,1418477,-0,8607923,0,1716269,0,4576682,0,0,0,0,0,0,0,0,0,0,0,0,0,0,0,0,0,0,0,0,0,0,1,1,1,False
95,01369,-21,25735,3,168126,-58,06647,0,1421371,-0,8608428,0,1717389,0,4574414,0,0,0,0,0,0,0,0,0,0,0,0,0,0,0,0,0,0,0,0,0,0,1,1,1,False
95,04202,-21,25749,3,168055,-58,06646,0,1421783,-0,8608802,0,1718041,0,4573336,0,0,0,0,0,0,0,0,0,0,0,0,0,0,0,0,0,0,0,0,0,0,1,1,1,False
95,06474,-21,25753,3,168035,-58,06641,0,1420369,-0,8608171,0,1718138,0,4574929,0,0,0,0,0,0,0,0,0,0,0,0,0,0,0,0,0,0,0,0,0,0,1,1,1,False
95,09615,-21,25767,3,168022,-58,06633,0,1421305,-0,8606375,0,1718755,0,4577784,0,0,0,0,0,0,0,0,0,0,0,0,0,0,0,0,0,0,0,0,0,0,1,1,1,False
95,13107,-21,25785,3,167989,-58,0662,0,1423366,-0,8603395,0,1718363,0,4582889,0,0,0,0,0,0,0,0,0,0,0,0,0,0,0,0,0,0,0,0,0,0,1,1,1,False
95,16768,-21,25797,3,167939,-58,06611,0,1426977,-0,8601425,0,1718439,0,4585435,0,0,0,0,0,0,0,0,0,0,0,0,0,0,0,0,0,0,0,0,0,0,1,1,1,False
95,2045,-21,25806,3,167947,-58,06602,0,19607,-0,6188831,0,1057762,0,7532275,0,0,0,0,0,0,0,0,0,0,0,0,0,0,0,0,0,0,0,0,0,0,1,1,1,False
95,24498,-21,25797,3,167955,-58,06595,0,1961376,-0,6186232,0,1056708,0,7534382,0,0,0,0,0,0,0,0,0,0,0,0,0,0,0,0,0,0,0,0,0,0,1,1,1,False
95,34187,-21,25772,3,160653,-58,06606,0,1962013,-0,6189125,0,1051351,0,7532589,0,0,0,0,0,0,0,0,0,0,0,0,0,0,0,0,0,0,0,0,0,0,1,1,1,False
95,44055,-21,25658,3,160081,-58,06567,0,1957297,-0,6187857,0,1048138,0,7535305,0,0,0,0,0,0,0,0,0,0,0,0,0,0,0,0,0,0,0,0,0,0,1,1,1,False
95,53899,-21,25661,3,160098,-58,06535,0,1953248,-0,6182645,0,105499,0,7539676,0,0,0,0,0,0,0,0,0,0,0,0,0,0,0,0,0,0,0,0,0,0,1,1,1,False
95,63639,-21,25685,3,159949,-58,06537,0,1963876,-0,6180533,0,104806,0,7539613,0,0,0,0,0,0,0,0,0,0,0,0,0,0,0,0,0,0,0,0,0,0,1,1,1,False
95,71069,-21,25693,3,159838,-58,06528,0,1963157,-0,6180199,0,1053735,0,7539283,0,0,0,0,0,0,0,0,0,0,0,0,0,0,0,0,0,0,0,0,0,0,1,1,1,False
95,80613,-21,25689,3,159722,-58,06501,0,196161,-0,6170188,0,1061965,0,7546728,0,0,0,0,0,0,0,0,0,0,0,0,0,0,0,0,0,0,0,0,0,0,1,1,1,False
95,89243,-21,25672,3,159647,-58,06437,0,1957157,-0,6153774,0,1067416,0,7560504,0,0,0,0,0,0,0,0,0,0,0,0,0,0,0,0,0,0,0,0,0,0,1,1,1,False
95,96437,-21,25624,3,159625,-58,06331,0,2197469,-0,2752242,0,02594816,0,9355692,0,0,0,0,0,0,0,0,0,0,0,0,0,0,0,0,0,0,0,0,0,0,1,1,1,False
96,0206,-21,25567,3,16024,-58,06294,0,2175833,-0,2745275,0,0258234,0,9362828,0,0,0,0,0,0,0,0,0,0,0,0,0,0,0,0,0,0,0,0,0,0,1,1,1,False
96,06139,-21,25573,3,160643,-58,06326,0,2172597,-0,2756911,0,02393658,0,9360662,0,0,0,0,0,0,0,0,0,0,0,0,0,0,0,0,0,0,0,0,0,0,1,1,1,False
96,09903,-21,25562,3,160746,-58,06335,0,2175815,-0,27543,0,02348327,0,9360797,0,0,0,0,0,0,0,0,0,0,0,0,0,0,0,0,0,0,0,0,0,0,1,1,1,False
96,14568,-21,25503,3,160774,-58,06316,0,2168042,-0,2754603,0,02453018,0,9362243,0,0,0,0,0,0,0,0,0,0,0,0,0,0,0,0,0,0,0,0,0,0,1,1,1,False
96,19247,-21,25437,3,160529,-58,06297,0,2171705,-0,2731508,0,02497355,0,9368042,0,0,0,0,0,0,0,0,0,0,0,0,0,0,0,0,0,0,0,0,0,0,1,1,1,False
96,25133,-21,25363,3,160267,-58,06268,0,2175948,-0,2714398,0,02511256,0,9371992,0,0,0,0,0,0,0,0,0,0,0,0,0,0,0,0,0,0,0,0,0,0,1,1,1,False
96,35828,-21,25363,3,160267,-58,06268,0,2175948,-0,2714398,0,02511256,0,9371992,0,0,0,0,0,0,0,0,0,0,0,0,0,0,0,0,0,0,0,0,0,0,1,1,1,False
96,46568,-21,25342,3,160461,-58,0623,0,2180467,-0,2701911,0,0224316,0,937523,0,0,0,0,0,0,0,0,0,0,0,0,0,0,0,0,0,0,0,0,0,0,1,1,1,False
96,56896,-21,22805,3,162023,-58,05005,0,2010871,-0,1829624,0,08471189,0,9585993,0,0,0,0,0,0,0,0,0,0,0,0,0,0,0,0,0,0,0,0,0,0,1,1,1,False
96,67602,-21,22805,3,162023,-58,05005,0,2010871,-0,1829624,0,08471189,0,9585993,0,0,0,0,0,0,0,0,0,0,0,0,0,0,0,0,0,0,0,0,0,0,1,1,1,False
96,78349,-21,19201,3,16604,-58,04229,0,1919545,-0,0594414,0,1386396,0,9697419,0,0,0,0,0,0,0,0,0,0,0,0,0,0,0,0,0,0,0,0,0,0,1,1,1,False
96,88907,-21,16972,3,167678,-58,04046,0,1853537,0,0192492,0,08161178,0,9790879,0,0,0,0,0,0,0,0,0,0,0,0,0,0,0,0,0,0,0,0,0,0,1,1,1,False
96,97147,-21,17044,3,166585,-58,03965,0,1881483,0,005492121,0,07108185,0,9795496,0,0,0,0,0,0,0,0,0,0,0,0,0,0,0,0,0,0,0,0,0,0,1,1,1,False
97,06779,-21,16902,3,165743,-58,0391,0,1943793,2,105534E-05,0,06782579,0,9785788,0,0,0,0,0,0,0,0,0,0,0,0,0,0,0,0,0,0,0,0,0,0,1,1,1,False
97,16389,-21,17405,3,317473,-58,27869,0,1987928,0,00254178,0,06870828,0,9776268,0,0,0,0,0,0,0,0,0,0,0,0,0,0,0,0,0,0,0,0,0,0,1,1,1,False
97,24085,-21,18082,3,391527,-58,47117,0,200303,0,007442504,0,07105947,0,9771254,0,0,0,0,0,0,0,0,0,0,0,0,0,0,0,0,0,0,0,0,0,0,1,1,1,False
97,31475,-21,18994,3,449387,-58,65607,0,1978388,0,01192228,0,06846309,0,9777682,0,0,0,0,0,0,0,0,0,0,0,0,0,0,0,0,0,0,0,0,0,0,1,1,1,False
97,3751,-21,19784,5,116005,-58,80715,0,1980749,0,009793505,0,0654718,0,9779488,0,0,0,0,0,0,0,0,0,0,0,0,0,0,0,0,0,0,0,0,0,0,1,1,1,False
97,43999,-21,20548,5,207798,-58,96964,0,1984869,0,005987242,0,06435098,0,9779704,0,0,0,0,0,0,0,0,0,0,0,0,0,0,0,0,0,0,0,0,0,0,1,1,1,False
97,54874,-21,21479,5,073928,-59,24098,0,1984869,0,005987242,0,06435098,0,9779704,0,0,0,0,0,0,0,0,0,0,0,0,0,0,0,0,0,0,0,0,0,0,1,1,1,False
97,66212,-21,22369,4,753276,-59,52346,0,1988578,0,004018947,0,06487153,0,9778707,0,0,0,0,0,0,0,0,0,0,0,0,0,0,0,0,0,0,0,0,0,0,1,1,1,False
97,80932,-21,22293,4,125252,-59,61883,0,2004965,0,005003348,0,06572061,0,9774748,0,0,0,0,0,0,0,0,0,0,0,0,0,0,0,0,0,0,0,0,0,0,1,1,1,False
97,95249,-21,21827,3,404587,-59,64361,0,1983306,0,005549282,0,06397881,0,9780291,0,0,0,0,0,0,0,0,0,0,0,0,0,0,0,0,0,0,0,0,0,0,1,1,1,False
98,07465,-21,21766,3,404705,-59,65249,0,1986247,0,004273936,0,06053899,0,9781948,0,0,0,0,0,0,0,0,0,0,0,0,0,0,0,0,0,0,0,0,0,0,1,1,1,False
98,17826,-21,21646,3,406344,-59,65302,0,1961705,0,00317052,0,05763992,0,9788691,0,0,0,0,0,0,0,0,0,0,0,0,0,0,0,0,0,0,0,0,0,0,1,1,1,False
98,28622,-21,21733,3,407005,-59,65324,0,1952006,-0,000623703,0,05600362,0,9791629,0,0,0,0,0,0,0,0,0,0,0,0,0,0,0,0,0,0,0,0,0,0,1,1,1,False
98,37282,-21,22019,3,407365,-59,65351,0,1938807,-0,008422792,0,05385254,0,9795098,0,0,0,0,0,0,0,0,0,0,0,0,0,0,0,0,0,0,0,0,0,0,1,1,1,False
98,44957,-21,22672,3,407514,-59,65419,0,1933864,-0,02870025,0,04644436,0,9796025,0,0,0,0,0,0,0,0,0,0,0,0,0,0,0,0,0,0,0,0,0,0,1,1,1,False
98,51002,-21,23584,3,406998,-59,65531,0,193025,-0,05771556,0,03759118,0,9787734,0,0,0,0,0,0,0,0,0,0,0,0,0,0,0,0,0,0,0,0,0,0,1,1,1,False
98,55888,-21,24031,3,40654,-59,65629,0,1957772,-0,07303452,0,04108554,0,9770616,0,0,0,0,0,0,0,0,0,0,0,0,0,0,0,0,0,0,0,0,0,0,1,1,1,False
98,61378,-21,24445,3,406002,-59,65732,0,1974922,-0,08522505,0,04033016,0,9757598,0,0,0,0,0,0,0,0,0,0,0,0,0,0,0,0,0,0,0,0,0,0,1,1,1,False
98,69108,-21,24784,3,405746,-59,65797,0,1981592,-0,09447207,0,03988381,0,9747909,0,0,0,0,0,0,0,0,0,0,0,0,0,0,0,0,0,0,0,0,0,0,1,1,1,False
98,79148,-21,2518,3,405358,-59,65852,0,1995052,-0,1038798,0,04009444,0,9735498,0,0,0,0,0,0,0,0,0,0,0,0,0,0,0,0,0,0,0,0,0,0,1,1,1,False
98,89817,-21,2518,3,405358,-59,65852,0,1995052,-0,1038798,0,04009444,0,9735498,0,0,0,0,0,0,0,0,0,0,0,0,0,0,0,0,0,0,0,0,0,0,1,1,1,False
99,00653,-21,25492,3,40502,-59,65916,0,2005535,-0,1135155,0,03893391,0,9723048,0,0,0,0,0,0,0,0,0,0,0,0,0,0,0,0,0,0,0,0,0,0,1,1,1,False
99,11854,-21,25486,3,404768,-59,65924,0,2009429,-0,1136519,0,04645866,0,9718781,0,0,0,0,0,0,0,0,0,0,0,0,0,0,0,0,0,0,0,0,0,0,1,1,1,False
99,22708,-21,24961,3,405386,-59,65788,0,1984679,-0,09685852,0,0558253,0,9737108,0,0,0,0,0,0,0,0,0,0,0,0,0,0,0,0,0,0,0,0,0,0,1,1,1,False
99,34058,-21,24021,3,40657,-59,65598,0,1956815,-0,0650565,0,06825647,0,9761238,0,0,0,0,0,0,0,0,0,0,0,0,0,0,0,0,0,0,0,0,0,0,1,1,1,False
99,43411,-21,22793,3,408034,-59,65472,0,1905136,-0,0231497,0,06775378,0,9790701,0,0,0,0,0,0,0,0,0,0,0,0,0,0,0,0,0,0,0,0,0,0,1,1,1,False
99,53919,-21,22482,3,408869,-59,65475,0,1876992,-0,01589325,0,06617767,0,9798658,0,0,0,0,0,0,0,0,0,0,0,0,0,0,0,0,0,0,0,0,0,0,1,1,1,False
99,61871,-21,22254,3,409576,-59,65478,0,18504,-0,01134163,0,0627621,0,9806592,0,0,0,0,0,0,0,0,0,0,0,0,0,0,0,0,0,0,0,0,0,0,1,1,1,False
99,69347,-21,22081,3,410182,-59,65464,0,1830196,-0,007523552,0,05826147,0,9813526,0,0,0,0,0,0,0,0,0,0,0,0,0,0,0,0,0,0,0,0,0,0,1,1,1,False
99,75144,-21,20042,3,410269,-59,65493,0,1838109,-0,004060581,0,05399168,0,9814693,0,0,0,0,0,0,0,0,0,0,0,0,0,0,0,0,0,0,0,0,0,0,1,1,1,False
99,80433,-21,18241,3,410207,-59,65564,0,1860525,-0,003285453,0,05224611,0,9811444,0,0,0,0,0,0,0,0,0,0,0,0,0,0,0,0,0,0,0,0,0,0,1,1,1,False
99,87848,-21,06991,3,410746,-59,64109,0,1847966,-0,003811479,0,05331945,0,9813219,0,0,0,0,0,0,0,0,0,0,0,0,0,0,0,0,0,0,0,0,0,0,1,1,1,False
99,97358,-20,91483,3,411784,-59,6084,0,1828798,-0,009946212,0,05308524,0,9816507,0,0,0,0,0,0,0,0,0,0,0,0,0,0,0,0,0,0,0,0,0,0,1,1,1,False
100,0818,-20,73633,3,411784,-59,57045,0,1828798,-0,009946212,0,05308524,0,9816507,0,0,0,0,0,0,0,0,0,0,0,0,0,0,0,0,0,0,0,0,0,0,1,1,1,False
100,2126,-20,75735,3,411257,-59,57261,0,1820169,-0,07915626,0,02302988,0,9798335,0,0,0,0,0,0,0,0,0,0,0,0,0,0,0,0,0,0,0,0,0,0,1,1,1,False
100,3525,-20,79577,3,410427,-59,58451,0,1831129,-0,2074515,-0,01929206,0,9607608,0,0,0,0,0,0,0,0,0,0,0,0,0,0,0,0,0,0,0,0,0,0,1,1,1,False
100,4828,-20,83599,3,416736,-59,61068,0,1808999,-0,3372266,0,002367419,0,9238766,0,0,0,0,0,0,0,0,0,0,0,0,0,0,0,0,0,0,0,0,0,0,1,1,1,False
100,5839,-20,84493,3,419718,-59,61563,0,1728181,-0,3622697,0,008817302,0,9158695,0,0,0,0,0,0,0,0,0,0,0,0,0,0,0,0,0,0,0,0,0,0,1,1,1,False
100,7007,-20,84914,3,420261,-59,61898,0,1716249,-0,3683582,0,01982412,0,9134901,0,0,0,0,0,0,0,0,0,0,0,0,0,0,0,0,0,0,0,0,0,0,1,1,1,False
100,7817,-20,85257,3,419816,-59,62146,0,1675515,-0,3678011,0,03164301,0,9141376,0,0,0,0,0,0,0,0,0,0,0,0,0,0,0,0,0,0,0,0,0,0,1,1,1,False
100,8388,-20,85258,3,418998,-59,62297,0,1672722,-0,3685796,0,03661045,0,9136897,0,0,0,0,0,0,0,0,0,0,0,0,0,0,0,0,0,0,0,0,0,0,1,1,1,False
100,8829,-20,85133,3,419252,-59,6237,0,16689,-0,3672941,0,03884427,0,9141849,0,0,0,0,0,0,0,0,0,0,0,0,0,0,0,0,0,0,0,0,0,0,1,1,1,False
100,919,-20,85041,3,420384,-59,62399,0,1648289,-0,3671509,0,03742854,0,9146752,0,0,0,0,0,0,0,0,0,0,0,0,0,0,0,0,0,0,0,0,0,0,1,1,1,False
100,9633,-20,84915,3,421894,-59,6237,0,1621422,-0,3653989,0,03474407,0,9159621,0,0,0,0,0,0,0,0,0,0,0,0,0,0,0,0,0,0,0,0,0,0,1,1,1,False
101,0739,-20,84915,3,421894,-59,6237,0,1621422,-0,3653989,0,03474407,0,9159621,0,0,0,0,0,0,0,0,0,0,0,0,0,0,0,0,0,0,0,0,0,0,1,1,1,False
101,1826,-20,84641,3,423428,-59,62244,0,1609869,-0,3622838,0,03036188,0,9175576,0,0,0,0,0,0,0,0,0,0,0,0,0,0,0,0,0,0,0,0,0,0,1,1,1,False
101,3015,-20,84472,3,422915,-59,62052,0,161949,-0,3556232,0,02749488,0,9200808,0,0,0,0,0,0,0,0,0,0,0,0,0,0,0,0,0,0,0,0,0,0,1,1,1,False
101,4172,-20,84607,3,422015,-59,62045,0,1631996,-0,3571732,0,02545537,0,9193178,0,0,0,0,0,0,0,0,0,0,0,0,0,0,0,0,0,0,0,0,0,0,1,1,1,False
101,5137,-20,85248,3,419814,-59,62059,0,167318,-0,3612734,0,02772861,0,9169064,0,0,0,0,0,0,0,0,0,0,0,0,0,0,0,0,0,0,0,0,0,0,1,1,1,False
101,6137,-20,85826,3,418776,-59,62036,0,1663826,-0,3644079,0,03013204,0,9157597,0,0,0,0,0,0,0,0,0,0,0,0,0,0,0,0,0,0,0,0,0,0,1,1,1,False
101,7149,-20,86135,3,415787,-59,61978,0,1676468,-0,3695985,0,0372495,0,9131835,0,0,0,0,0,0,0,0,0,0,0,0,0,0,0,0,0,0,0,0,0,0,1,1,1,False
101,79,-20,85669,3,409933,-59,61667,0,1802408,-0,3565152,0,05299618,0,9152059,0,0,0,0,0,0,0,0,0,0,0,0,0,0,0,0,0,0,0,0,0,0,1,1,1,False
101,8457,-20,84207,3,410132,-59,61043,0,1794721,-0,3142841,0,0565486,0,9304932,0,0,0,0,0,0,0,0,0,0,0,0,0,0,0,0,0,0,0,0,0,0,1,1,1,False
101,8898,-20,82833,3,413709,-59,60452,0,1695526,-0,2748033,0,05247491,0,944977,0,0,0,0,0,0,0,0,0,0,0,0,0,0,0,0,0,0,0,0,0,0,1,1,1,False
101,9263,-20,81653,3,416327,-59,59884,0,1633553,-0,2400523,0,04964314,0,9556283,0,0,0,0,0,0,0,0,0,0,0,0,0,0,0,0,0,0,0,0,0,0,1,1,1,False
101,9807,-20,8086,3,417619,-59,59398,0,169537,-0,1951658,0,01866343,0,9658257,0,0,0,0,0,0,0,0,0,0,0,0,0,0,0,0,0,0,0,0,0,0,1,1,1,False
102,0441,-20,80342,3,416209,-59,58965,0,174289,-0,2025713,0,03183012,0,963107,0,0,0,0,0,0,0,0,0,0,0,0,0,0,0,0,0,0,0,0,0,0,1,1,1,False
102,1056,-20,80236,3,420828,-59,5836,0,1572202,-0,2007702,0,04408439,0,9659347,0,0,0,0,0,0,0,0,0,0,0,0,0,0,0,0,0,0,0,0,0,0,1,1,1,False
102,1669,-20,80304,3,422291,-59,58096,0,1484293,-0,1994441,0,03573523,0,9679431,0,0,0,0,0,0,0,0,0,0,0,0,0,0,0,0,0,0,0,0,0,0,1,1,1,False
102,2341,-20,79893,3,42398,-59,5765,0,1357123,-0,2012734,0,05766498,0,9683729,0,0,0,0,0,0,0,0,0,0,0,0,0,0,0,0,0,0,0,0,0,0,1,1,1,False
102,3076,-20,79459,3,442472,-59,56769,0,07516981,-0,1878397,0,04465778,0,9783003,0,0,0,0,0,0,0,0,0,0,0,0,0,0,0,0,0,0,0,0,0,0,1,1,1,False
102,3795,-20,78741,3,466357,-59,56017,0,005871476,-0,1735988,0,01255633,0,9847189,0,0,0,0,0,0,0,0,0,0,0,0,0,0,0,0,0,0,0,0,0,0,1,1,1,False
102,457,-20,78168,3,484714,-59,56058,-0,01861543,-0,1692076,0,006545444,0,9853829,0,0,0,0,0,0,0,0,0,0,0,0,0,0,0,0,0,0,0,0,0,0,1,1,1,False
102,5336,-20,77419,3,504622,-59,56114,-0,06266725,-0,1651642,-0,01726991,0,9841216,0,0,0,0,0,0,0,0,0,0,0,0,0,0,0,0,0,0,0,0,0,0,1,1,1,False
102,6087,-20,76772,3,518982,-59,56517,-0,0980093,-0,1533498,-0,03327334,0,9827365,0,0,0,0,0,0,0,0,0,0,0,0,0,0,0,0,0,0,0,0,0,0,1,1,1,False
102,6833,-20,76366,3,52821,-59,57035,-0,1246036,-0,1565013,-0,04797443,0,9786112,0,0,0,0,0,0,0,0,0,0,0,0,0,0,0,0,0,0,0,0,0,0,1,1,1,False
102,7566,-20,76179,3,53793,-59,57605,-0,1556579,-0,1618877,-0,05980385,0,9726185,0,0,0,0,0,0,0,0,0,0,0,0,0,0,0,0,0,0,0,0,0,0,1,1,1,False
102,8276,-20,75732,3,55119,-59,58314,-0,1877109,-0,1667459,-0,0748257,0,9650708,0,0,0,0,0,0,0,0,0,0,0,0,0,0,0,0,0,0,0,0,0,0,1,1,1,False
102,8967,-20,74867,3,566653,-59,59103,-0,2274499,-0,1713634,-0,1045532,0,9528745,0,0,0,0,0,0,0,0,0,0,0,0,0,0,0,0,0,0,0,0,0,0,1,1,1,False
102,9656,-20,73838,3,578501,-59,60114,-0,2663386,-0,169232,-0,1376119,0,9388756,0,0,0,0,0,0,0,0,0,0,0,0,0,0,0,0,0,0,0,0,0,0,1,1,1,False
103,0327,-20,73042,3,583696,-59,60971,-0,2930745,-0,1553585,-0,1685203,0,9282091,0,0,0,0,0,0,0,0,0,0,0,0,0,0,0,0,0,0,0,0,0,0,1,1,1,False
103,1015,-20,72984,3,582775,-59,61213,-0,2982888,-0,1401447,-0,1834237,0,926142,0,0,0,0,0,0,0,0,0,0,0,0,0,0,0,0,0,0,0,0,0,0,1,1,1,False
103,1708,-20,73502,3,576471,-59,61123,-0,2905362,-0,1249569,-0,1855273,0,9303517,0,0,0,0,0,0,0,0,0,0,0,0,0,0,0,0,0,0,0,0,0,0,1,1,1,False
103,2397,-20,73913,3,574044,-59,6101,-0,2922195,-0,1103738,-0,1771948,0,9332885,0,0,0,0,0,0,0,0,0,0,0,0,0,0,0,0,0,0,0,0,0,0,1,1,1,False
103,2967,-20,74408,3,574474,-59,61211,-0,2968054,-0,1061978,-0,1676127,0,9340956,0,0,0,0,0,0,0,0,0,0,0,0,0,0,0,0,0,0,0,0,0,0,1,1,1,False
103,3506,-20,74854,3,574261,-59,61721,-0,3184682,-0,112505,-0,1632826,0,9269626,0,0,0,0,0,0,0,0,0,0,0,0,0,0,0,0,0,0,0,0,0,0,1,1,1,False
103,4099,-20,75212,3,573161,-59,61976,-0,321459,-0,1181798,-0,1746367,0,9231467,0,0,0,0,0,0,0,0,0,0,0,0,0,0,0,0,0,0,0,0,0,0,1,1,1,False
103,472,-20,75401,3,572341,-59,61869,-0,3144618,-0,1278554,-0,1895255,0,9213288,0,0,0,0,0,0,0,0,0,0,0,0,0,0,0,0,0,0,0,0,0,0,1,1,1,False
103,5377,-20,75679,3,570029,-59,61768,-0,3011707,-0,1231642,-0,2031085,0,9235116,0,0,0,0,0,0,0,0,0,0,0,0,0,0,0,0,0,0,0,0,0,0,1,1,1,False
103,6031,-20,75756,3,568495,-59,61794,-0,2935335,-0,1162474,-0,2110139,0,9250934,0,0,0,0,0,0,0,0,0,0,0,0,0,0,0,0,0,0,0,0,0,0,1,1,1,False
103,666,-20,75756,3,568771,-59,61848,-0,2862546,-0,09772253,-0,2056653,0,9307043,0,0,0,0,0,0,0,0,0,0,0,0,0,0,0,0,0,0,0,0,0,0,1,1,1,False
103,73,-20,75792,3,569676,-59,6198,-0,2926143,-0,09290701,-0,1946088,0,9315969,0,0,0,0,0,0,0,0,0,0,0,0,0,0,0,0,0,0,0,0,0,0,1,1,1,False
103,7985,-20,75795,3,571285,-59,62181,-0,3005956,-0,09044689,-0,1916377,0,9299122,0,0,0,0,0,0,0,0,0,0,0,0,0,0,0,0,0,0,0,0,0,0,1,1,1,False
103,8663,-20,75892,3,571188,-59,62259,-0,3004355,-0,08832289,-0,192875,0,9299123,0,0,0,0,0,0,0,0,0,0,0,0,0,0,0,0,0,0,0,0,0,0,1,1,1,False
103,9301,-20,76296,3,569101,-59,6217,-0,2965053,-0,08270116,-0,1802095,0,9342215,0,0,0,0,0,0,0,0,0,0,0,0,0,0,0,0,0,0,0,0,0,0,1,1,1,False
103,9978,-20,76671,3,566749,-59,61927,-0,2850096,-0,07190706,-0,1708337,0,9404334,0,0,0,0,0,0,0,0,0,0,0,0,0,0,0,0,0,0,0,0,0,0,1,1,1,False
104,0653,-20,76838,3,565886,-59,6184,-0,2911515,-0,06361999,-0,1614837,0,940801,0,0,0,0,0,0,0,0,0,0,0,0,0,0,0,0,0,0,0,0,0,0,1,1,1,False
104,1328,-20,77072,3,566007,-59,6197,-0,2992482,-0,05691469,-0,1554688,0,9397025,0,0,0,0,0,0,0,0,0,0,0,0,0,0,0,0,0,0,0,0,0,0,1,1,1,False
104,2024,-20,77585,3,566526,-59,62314,-0,3029536,-0,0534378,-0,1462642,0,9401971,0,0,0,0,0,0,0,0,0,0,0,0,0,0,0,0,0,0,0,0,0,0,1,1,1,False
104,2706,-20,78309,3,568152,-59,62827,-0,3102158,-0,04966605,-0,1259874,0,9409711,0,0,0,0,0,0,0,0,0,0,0,0,0,0,0,0,0,0,0,0,0,0,1,1,1,False
104,3393,-20,78309,3,568152,-59,62827,-0,3102158,-0,04966605,-0,1259874,0,9409711,0,0,0,0,0,0,0,0,0,0,0,0,0,0,0,0,0,0,0,0,0,0,1,1,1,False
104,4009,-20,78949,3,569412,-59,63147,-0,3215188,-0,05623233,-0,1053901,0,9393384,0,0,0,0,0,0,0,0,0,0,0,0,0,0,0,0,0,0,0,0,0,0,1,1,1,False
104,4612,-20,7951,3,570304,-59,63475,-0,3278557,-0,06322517,-0,09197219,0,9381122,0,0,0,0,0,0,0,0,0,0,0,0,0,0,0,0,0,0,0,0,0,0,1,1,1,False
104,5233,-20,80228,3,570522,-59,64061,-0,3370932,-0,06324619,-0,07474547,0,936366,0,0,0,0,0,0,0,0,0,0,0,0,0,0,0,0,0,0,0,0,0,0,1,1,1,False
104,5891,-20,80835,3,570004,-59,64594,-0,347049,-0,06619793,-0,06288458,0,9333919,0,0,0,0,0,0,0,0,0,0,0,0,0,0,0,0,0,0,0,0,0,0,1,1,1,False
104,6565,-20,81314,3,569701,-59,65062,-0,3536351,-0,06901425,-0,05638025,0,9311287,0,0,0,0,0,0,0,0,0,0,0,0,0,0,0,0,0,0,0,0,0,0,1,1,1,False
104,7241,-20,81672,3,56999,-59,65276,-0,3566245,-0,06694715,-0,05110738,0,9304435,0,0,0,0,0,0,0,0,0,0,0,0,0,0,0,0,0,0,0,0,0,0,1,1,1,False
104,7821,-20,81772,3,572479,-59,65485,-0,3675571,-0,0676056,-0,04365448,0,9265127,0,0,0,0,0,0,0,0,0,0,0,0,0,0,0,0,0,0,0,0,0,0,1,1,1,False
104,8378,-20,81764,3,57409,-59,65506,-0,3800362,-0,07156914,-0,05025603,0,9208283,0,0,0,0,0,0,0,0,0,0,0,0,0,0,0,0,0,0,0,0,0,0,1,1,1,False
104,8923,-20,81808,3,5743,-59,65302,-0,3765629,-0,06606847,-0,05471864,0,9224105,0,0,0,0,0,0,0,0,0,0,0,0,0,0,0,0,0,0,0,0,0,0,1,1,1,False
104,9533,-20,81686,3,573098,-59,65014,-0,3747037,-0,06302173,-0,05271491,0,923497,0,0,0,0,0,0,0,0,0,0,0,0,0,0,0,0,0,0,0,0,0,0,1,1,1,False
105,0165,-20,81471,3,571481,-59,64714,-0,3673115,-0,06115881,-0,05555519,0,9264209,0,0,0,0,0,0,0,0,0,0,0,0,0,0,0,0,0,0,0,0,0,0,1,1,1,False
105,0703,-20,81211,3,570342,-59,64496,-0,3632633,-0,06052341,-0,05823326,0,9278932,0,0,0,0,0,0,0,0,0,0,0,0,0,0,0,0,0,0,0,0,0,0,1,1,1,False
105,1282,-20,80993,3,570295,-59,64462,-0,362816,-0,05955946,-0,06186416,0,9278955,0,0,0,0,0,0,0,0,0,0,0,0,0,0,0,0,0,0,0,0,0,0,1,1,1,False
105,191,-20,8093,3,571177,-59,6449,-0,3619305,-0,05559169,-0,06347544,0,9283786,0,0,0,0,0,0,0,0,0,0,0,0,0,0,0,0,0,0,0,0,0,0,1,1,1,False
105,2534,-20,80861,3,571934,-59,64566,-0,3628438,-0,04887058,-0,06389873,0,9283713,0,0,0,0,0,0,0,0,0,0,0,0,0,0,0,0,0,0,0,0,0,0,1,1,1,False
105,3199,-20,80791,3,572323,-59,64615,-0,3669271,-0,04742062,-0,06331408,0,9268804,0,0,0,0,0,0,0,0,0,0,0,0,0,0,0,0,0,0,0,0,0,0,1,1,1,False
105,3857,-20,8079,3,572596,-59,647,-0,3682784,-0,04439576,-0,05850843,0,92681,0,0,0,0,0,0,0,0,0,0,0,0,0,0,0,0,0,0,0,0,0,0,1,1,1,False
105,4517,-20,80831,3,572896,-59,6477,-0,3703061,-0,04623407,-0,05557724,0,9260924,0,0,0,0,0,0,0,0,0,0,0,0,0,0,0,0,0,0,0,0,0,0,1,1,1,False
105,509,-20,80894,3,572933,-59,64842,-0,3709258,-0,05006513,-0,05718027,0,9255475,0,0,0,0,0,0,0,0,0,0,0,0,0,0,0,0,0,0,0,0,0,0,1,1,1,False
105,5652,-20,8103,3,572991,-59,64938,-0,3714147,-0,05114357,-0,05848276,0,925211,0,0,0,0,0,0,0,0,0,0,0,0,0,0,0,0,0,0,0,0,0,0,1,1,1,False
105,6199,-20,81206,3,573409,-59,65009,-0,3712856,-0,05127576,-0,05846576,0,9252565,0,0,0,0,0,0,0,0,0,0,0,0,0,0,0,0,0,0,0,0,0,0,1,1,1,False
105,6775,-20,8139,3,573597,-59,65075,-0,3735222,-0,0536723,-0,05926443,0,9241689,0,0,0,0,0,0,0,0,0,0,0,0,0,0,0,0,0,0,0,0,0,0,1,1,1,False
105,7388,-20,81552,3,573157,-59,65117,-0,3737742,-0,0549577,-0,05652353,0,9241633,0,0,0,0,0,0,0,0,0,0,0,0,0,0,0,0,0,0,0,0,0,0,1,1,1,False
105,8024,-20,81606,3,573056,-59,65081,-0,3735747,-0,05824795,-0,05670702,0,9240311,0,0,0,0,0,0,0,0,0,0,0,0,0,0,0,0,0,0,0,0,0,0,1,1,1,False
105,869,-20,81524,3,572907,-59,65044,-0,3730808,-0,06008402,-0,05847168,0,9240031,0,0,0,0,0,0,0,0,0,0,0,0,0,0,0,0,0,0,0,0,0,0,1,1,1,False
105,9349,-20,81431,3,572502,-59,6503,-0,3716111,-0,06068383,-0,06096321,0,924395,0,0,0,0,0,0,0,0,0,0,0,0,0,0,0,0,0,0,0,0,0,0,1,1,1,False
105,994,-20,81443,3,57238,-59,65088,-0,3709277,-0,05910632,-0,06046929,0,9248042,0,0,0,0,0,0,0,0,0,0,0,0,0,0,0,0,0,0,0,0,0,0,1,1,1,False
106,0514,-20,81554,3,572602,-59,65181,-0,3728555,-0,05951825,-0,0585596,0,924125,0,0,0,0,0,0,0,0,0,0,0,0,0,0,0,0,0,0,0,0,0,0,1,1,1,False
106,1083,-20,81683,3,572695,-59,65199,-0,3735917,-0,06169027,-0,05752657,0,9237502,0,0,0,0,0,0,0,0,0,0,0,0,0,0,0,0,0,0,0,0,0,0,1,1,1,False
106,1654,-20,81733,3,573862,-59,65071,-0,3785612,-0,06463909,-0,05213973,0,9218431,0,0,0,0,0,0,0,0,0,0,0,0,0,0,0,0,0,0,0,0,0,0,1,1,1,False
106,2215,-20,8166,3,574012,-59,64825,-0,3747051,-0,06549691,-0,05621826,0,9231175,0,0,0,0,0,0,0,0,0,0,0,0,0,0,0,0,0,0,0,0,0,0,1,1,1,False
106,2768,-20,81475,3,572716,-59,64615,-0,3715699,-0,06777431,-0,05817076,0,9240988,0,0,0,0,0,0,0,0,0,0,0,0,0,0,0,0,0,0,0,0,0,0,1,1,1,False
106,3344,-20,81293,3,571994,-59,64596,-0,3720928,-0,06558746,-0,06025195,0,9239129,0,0,0,0,0,0,0,0,0,0,0,0,0,0,0,0,0,0,0,0,0,0,1,1,1,False
106,3989,-20,81278,3,572472,-59,64635,-0,3748258,-0,06885308,-0,06484912,0,9222578,0,0,0,0,0,0,0,0,0,0,0,0,0,0,0,0,0,0,0,0,0,0,1,1,1,False
106,464,-20,81527,3,572963,-59,6456,-0,3723795,-0,07257666,-0,07114779,0,9224989,0,0,0,0,0,0,0,0,0,0,0,0,0,0,0,0,0,0,0,0,0,0,1,1,1,False
106,531,-20,81872,3,571996,-59,64474,-0,3670697,-0,07865545,-0,07134055,0,9241124,0,0,0,0,0,0,0,0,0,0,0,0,0,0,0,0,0,0,0,0,0,0,1,1,1,False
106,5906,-20,8196,3,570483,-59,64496,-0,3633545,-0,08322705,-0,07186056,0,9251394,0,0,0,0,0,0,0,0,0,0,0,0,0,0,0,0,0,0,0,0,0,0,1,1,1,False
106,6496,-20,81778,3,569479,-59,64635,-0,3620919,-0,08556613,-0,07568073,0,9251164,0,0,0,0,0,0,0,0,0,0,0,0,0,0,0,0,0,0,0,0,0,0,1,1,1,False
106,7065,-20,81339,3,570512,-59,64915,-0,3666703,-0,08344023,-0,07851732,0,923269,0,0,0,0,0,0,0,0,0,0,0,0,0,0,0,0,0,0,0,0,0,0,1,1,1,False
106,7647,-20,80804,3,572601,-59,65246,-0,3727086,-0,08047126,-0,08718883,0,920332,0,0,0,0,0,0,0,0,0,0,0,0,0,0,0,0,0,0,0,0,0,0,1,1,1,False
106,8313,-20,80411,3,57482,-59,65566,-0,37984,-0,07482272,-0,09470547,0,9171445,0,0,0,0,0,0,0,0,0,0,0,0,0,0,0,0,0,0,0,0,0,0,1,1,1,False
106,9368,-20,80371,3,575779,-59,65666,-0,3810418,-0,07146925,-0,09441261,0,9169437,0,0,0,0,0,0,0,0,0,0,0,0,0,0,0,0,0,0,0,0,0,0,1,1,1,False
107,0176,-20,80382,3,575898,-59,65649,-0,3806082,-0,07377766,-0,09452364,0,9169294,0,0,0,0,0,0,0,0,0,0,0,0,0,0,0,0,0,0,0,0,0,0,1,1,1,False
107,0606,-20,80397,3,575423,-59,65565,-0,378957,-0,07675853,-0,09583823,0,9172322,0,0,0,0,0,0,0,0,0,0,0,0,0,0,0,0,0,0,0,0,0,0,1,1,1,False
107,0978,-20,80347,3,574631,-59,65512,-0,3765966,-0,07685168,-0,09786211,0,9179825,0,0,0,0,0,0,0,0,0,0,0,0,0,0,0,0,0,0,0,0,0,0,1,1,1,False
107,1507,-20,80297,3,574534,-59,65562,-0,3766581,-0,07476473,-0,09890547,0,9180177,0,0,0,0,0,0,0,0,0,0,0,0,0,0,0,0,0,0,0,0,0,0,1,1,1,False
107,2091,-20,80292,3,57489,-59,65648,-0,377346,-0,07215075,-0,09847142,0,9179911,0,0,0,0,0,0,0,0,0,0,0,0,0,0,0,0,0,0,0,0,0,0,1,1,1,False
107,2688,-20,80332,3,575671,-59,65747,-0,3799742,-0,07212454,-0,09745298,0,9170172,0,0,0,0,0,0,0,0,0,0,0,0,0,0,0,0,0,0,0,0,0,0,1,1,1,False
107,3289,-20,8035,3,576086,-59,65833,-0,3815567,-0,07316566,-0,0982732,0,9161898,0,0,0,0,0,0,0,0,0,0,0,0,0,0,0,0,0,0,0,0,0,0,1,1,1,False
107,3881,-20,80376,3,576278,-59,65895,-0,3825053,-0,07294251,-0,09928451,0,9157029,0,0,0,0,0,0,0,0,0,0,0,0,0,0,0,0,0,0,0,0,0,0,1,1,1,False
107,4581,-20,80391,3,576305,-59,65947,-0,3826945,-0,07288569,-0,09904529,0,9156542,0,0,0,0,0,0,0,0,0,0,0,0,0,0,0,0,0,0,0,0,0,0,1,1,1,False
107,5207,-20,80381,3,576076,-59,66005,-0,3831474,-0,07321863,-0,09845401,0,9155021,0,0,0,0,0,0,0,0,0,0,0,0,0,0,0,0,0,0,0,0,0,0,1,1,1,False
107,5864,-20,80363,3,576085,-59,66044,-0,3835416,-0,07396711,-0,09840484,0,9152821,0,0,0,0,0,0,0,0,0,0,0,0,0,0,0,0,0,0,0,0,0,0,1,1,1,False
107,6533,-20,80299,3,576273,-59,66124,-0,3841402,-0,07557543,-0,09990034,0,9147375,0,0,0,0,0,0,0,0,0,0,0,0,0,0,0,0,0,0,0,0,0,0,1,1,1,False
107,7146,-20,80259,3,576854,-59,66233,-0,3860791,-0,0745014,-0,1012856,0,9138566,0,0,0,0,0,0,0,0,0,0,0,0,0,0,0,0,0,0,0,0,0,0,1,1,1,False
107,755,-20,80276,3,577411,-59,66325,-0,3872919,-0,0730484,-0,1014551,0,9134418,0,0,0,0,0,0,0,0,0,0,0,0,0,0,0,0,0,0,0,0,0,0,1,1,1,False
107,8956,-20,80315,3,577523,-59,66414,-0,3888068,-0,07353339,-0,1005927,0,9128544,0,0,0,0,0,0,0,0,0,0,0,0,0,0,0,0,0,0,0,0,0,0,1,1,1,False

