Time,HMD_Position_x,HMD_Position_y,HMD_Position_z,HMD_Rotation_x,HMD_Rotation_y,HMD_Rotation_z,HMD_Rotation_w,Left_Position_x,Left_Position_y,Left_Position_z,Right_Position_x,Right_Position_y,Right_Position_z,Left_Gaze_Origin.x,Left_Gaze_Origin.y,Left_Gaze_Origin.z,Right_Gaze_Origin.x,Right_Gaze_Origin.y,Right_Gaze_Origin.z,Left_Gaze_Direction_x,Left_Gaze_Direction_y,Left_Gaze_Direction_z,Right_Gaze_Direction_x,Right_Gaze_Direction_y,Right_Gaze_Direction_z,Left_Pupil_Diameter,Right_Pupil_Diameter,Left_Openness,Right_Openness,ArtificialBlink_Flag,RBlinkCount,LBlinkCount,BrowerFlag
0,01999999,-10,48907,1,776018,-1,37557,-0,002654806,0,9902614,-0,001197969,-0,1391898,0,0,0,0,0,0,0,0,0,0,0,0,0,0,0,0,0,0,0,0,0,0,1,1,1,False
0,03999998,-10,48907,1,76817,-1,37557,-0,002654806,0,9902614,-0,001197969,-0,1391898,0,0,0,0,0,0,0,0,0,0,0,0,0,0,0,0,0,0,0,0,0,0,1,1,1,False
0,1094032,-10,48907,1,693685,-1,37557,-0,002654806,0,9902614,-0,001197969,-0,1391898,0,0,0,0,0,0,0,0,0,0,0,0,0,0,0,0,0,0,0,0,0,0,1,1,1,False
0,1433462,-10,48907,1,693685,-1,37557,-0,002654806,0,9902614,-0,001197969,-0,1391898,0,0,0,0,0,0,0,0,0,0,0,0,0,0,0,0,0,0,0,0,0,0,1,1,1,False
0,1596496,-10,48907,1,693685,-1,37557,-0,002654806,0,9902614,-0,001197969,-0,1391898,0,0,0,0,0,0,0,0,0,0,0,0,0,0,0,0,0,0,0,0,0,0,1,1,1,False
0,1840366,-10,48907,1,693685,-1,37557,-0,002654806,0,9902614,-0,001197969,-0,1391898,0,0,0,0,0,0,0,0,0,0,0,0,0,0,0,0,0,0,0,0,0,0,1,1,1,False
0,1993523,-10,48907,1,693685,-1,37557,-0,002654806,0,9902614,-0,001197969,-0,1391898,0,0,0,0,0,0,0,0,0,0,0,0,0,0,0,0,0,0,0,0,0,0,1,1,1,False
0,2134387,-10,48907,1,693685,-1,37557,-0,002654806,0,9902614,-0,001197969,-0,1391898,0,0,0,0,0,0,0,0,0,0,0,0,0,0,0,0,0,0,0,0,0,0,1,1,1,False
0,2294399,-10,48907,1,693685,-1,37557,-0,002654806,0,9902614,-0,001197969,-0,1391898,0,0,0,0,0,0,0,0,0,0,0,0,0,0,0,0,0,0,0,0,0,0,1,1,1,False
0,2449828,-10,48907,1,693685,-1,37557,-0,002654806,0,9902614,-0,001197969,-0,1391898,0,0,0,0,0,0,0,0,0,0,0,0,0,0,0,0,0,0,0,0,0,0,1,1,1,False
0,2612628,-10,48907,1,693685,-1,37557,-0,002654806,0,9902614,-0,001197969,-0,1391898,0,0,0,0,0,0,0,0,0,0,0,0,0,0,0,0,0,0,0,0,0,0,1,1,1,False
0,2766051,-10,48907,1,693685,-1,37557,-0,002654806,0,9902614,-0,001197969,-0,1391898,0,0,0,0,0,0,0,0,0,0,0,0,0,0,0,0,0,0,0,0,0,0,1,1,1,False
0,2909586,-10,48907,1,693685,-1,37557,-0,002654806,0,9902614,-0,001197969,-0,1391898,0,0,0,0,0,0,0,0,0,0,0,0,0,0,0,0,0,0,0,0,0,0,1,1,1,False
0,3067766,-10,48907,1,693685,-1,37557,-0,002654806,0,9902614,-0,001197969,-0,1391898,0,0,0,0,0,0,0,0,0,0,0,0,0,0,0,0,0,0,0,0,0,0,1,1,1,False
0,3221445,-10,48907,1,693685,-1,37557,-0,002654806,0,9902614,-0,001197969,-0,1391898,0,0,0,0,0,0,0,0,0,0,0,0,0,0,0,0,0,0,0,0,0,0,1,1,1,False
0,3477188,-10,48907,1,693685,-1,37557,-0,002654806,0,9902614,-0,001197969,-0,1391898,0,0,0,0,0,0,0,0,0,0,0,0,0,0,0,0,0,0,0,0,0,0,1,1,1,False
0,3628465,-10,48907,1,693685,-1,37557,-0,002654806,0,9902614,-0,001197969,-0,1391898,0,0,0,0,0,0,0,0,0,0,0,0,0,0,0,0,0,0,0,0,0,0,1,1,1,False
0,3779955,-10,48907,1,693685,-1,37557,-0,002654806,0,9902614,-0,001197969,-0,1391898,0,0,0,0,0,0,0,0,0,0,0,0,0,0,0,0,0,0,0,0,0,0,1,1,1,False
0,3920754,-10,48907,1,693685,-1,37557,-0,002654806,0,9902614,-0,001197969,-0,1391898,0,0,0,0,0,0,0,0,0,0,0,0,0,0,0,0,0,0,0,0,0,0,1,1,1,False
0,4070579,-10,48907,1,693685,-1,37557,-0,002654806,0,9902614,-0,001197969,-0,1391898,0,0,0,0,0,0,0,0,0,0,0,0,0,0,0,0,0,0,0,0,0,0,1,1,1,False
0,4220412,-10,48907,1,693685,-1,37557,-0,002654806,0,9902614,-0,001197969,-0,1391898,0,0,0,0,0,0,0,0,0,0,0,0,0,0,0,0,0,0,0,0,0,0,1,1,1,False
0,4369508,-10,48907,1,693685,-1,37557,-0,002654806,0,9902614,-0,001197969,-0,1391898,0,0,0,0,0,0,0,0,0,0,0,0,0,0,0,0,0,0,0,0,0,0,1,1,1,False
0,4514529,-10,48907,1,693685,-1,37557,-0,002654806,0,9902614,-0,001197969,-0,1391898,0,0,0,0,0,0,0,0,0,0,0,0,0,0,0,0,0,0,0,0,0,0,1,1,1,False
0,4666591,-10,48907,1,693685,-1,37557,-0,002654806,0,9902614,-0,001197969,-0,1391898,0,0,0,0,0,0,0,0,0,0,0,0,0,0,0,0,0,0,0,0,0,0,1,1,1,False
0,481574,-10,48907,1,693685,-1,37557,-0,002654806,0,9902614,-0,001197969,-0,1391898,0,0,0,0,0,0,0,0,0,0,0,0,0,0,0,0,0,0,0,0,0,0,1,1,1,False
0,5065691,-10,48907,1,693685,-1,37557,-0,002654806,0,9902614,-0,001197969,-0,1391898,0,0,0,0,0,0,0,0,0,0,0,0,0,0,0,0,0,0,0,0,0,0,1,1,1,False
0,5215204,-10,48907,1,693685,-1,37557,-0,002654806,0,9902614,-0,001197969,-0,1391898,0,0,0,0,0,0,0,0,0,0,0,0,0,0,0,0,0,0,0,0,0,0,1,1,1,False
0,5364858,-10,48907,1,693685,-1,37557,-0,002654806,0,9902614,-0,001197969,-0,1391898,0,0,0,0,0,0,0,0,0,0,0,0,0,0,0,0,0,0,0,0,0,0,1,1,1,False
0,551518,-10,48907,1,693685,-1,37557,-0,002654806,0,9902614,-0,001197969,-0,1391898,0,0,0,0,0,0,0,0,0,0,0,0,0,0,0,0,0,0,0,0,0,0,1,1,1,False
0,56668,-10,48907,1,693685,-1,37557,-0,002654806,0,9902614,-0,001197969,-0,1391898,0,0,0,0,0,0,0,0,0,0,0,0,0,0,0,0,0,0,0,0,0,0,1,1,1,False
0,5819235,-10,48907,1,693685,-1,37557,-0,002654806,0,9902614,-0,001197969,-0,1391898,0,0,0,0,0,0,0,0,0,0,0,0,0,0,0,0,0,0,0,0,0,0,1,1,1,False
0,5969899,-10,48907,1,693685,-1,37557,-0,002654806,0,9902614,-0,001197969,-0,1391898,0,0,0,0,0,0,0,0,0,0,0,0,0,0,0,0,0,0,0,0,0,0,1,1,1,False
0,6111521,-10,48907,1,693685,-1,37557,-0,002654806,0,9902614,-0,001197969,-0,1391898,0,0,0,0,0,0,0,0,0,0,0,0,0,0,0,0,0,0,0,0,0,0,1,1,1,False
0,6267111,-10,48907,1,693685,-1,37557,-0,002654806,0,9902614,-0,001197969,-0,1391898,0,0,0,0,0,0,0,0,0,0,0,0,0,0,0,0,0,0,0,0,0,0,1,1,1,False
0,6418957,-10,48907,1,693685,-1,37557,-0,002654806,0,9902614,-0,001197969,-0,1391898,0,0,0,0,0,0,0,0,0,0,0,0,0,0,0,0,0,0,0,0,0,0,1,1,1,False
0,6672379,-10,48907,1,693685,-1,37557,-0,002654806,0,9902614,-0,001197969,-0,1391898,0,0,0,0,0,0,0,0,0,0,0,0,0,0,0,0,0,0,0,0,0,0,1,1,1,False
0,681838,-10,48907,1,693685,-1,37557,-0,002654806,0,9902614,-0,001197969,-0,1391898,0,0,0,0,0,0,0,0,0,0,0,0,0,0,0,0,0,0,0,0,0,0,1,1,1,False
0,6967519,-10,48907,1,693685,-1,37557,-0,002654806,0,9902614,-0,001197969,-0,1391898,0,0,0,0,0,0,0,0,0,0,0,0,0,0,0,0,0,0,0,0,0,0,1,1,1,False
0,711621,-10,48907,1,693685,-1,37557,-0,002654806,0,9902614,-0,001197969,-0,1391898,0,0,0,0,0,0,0,0,0,0,0,0,0,0,0,0,0,0,0,0,0,0,1,1,1,False
0,7270038,-10,48907,1,693685,-1,37557,-0,002654806,0,9902614,-0,001197969,-0,1391898,0,0,0,0,0,0,0,0,0,0,0,0,0,0,0,0,0,0,0,0,0,0,1,1,1,False
0,7433848,-10,48907,1,693685,-1,37557,-0,002654806,0,9902614,-0,001197969,-0,1391898,0,0,0,0,0,0,0,0,0,0,0,0,0,0,0,0,0,0,0,0,0,0,1,1,1,False
0,7595072,-10,48907,1,693685,-1,37557,-0,002654806,0,9902614,-0,001197969,-0,1391898,0,0,0,0,0,0,0,0,0,0,0,0,0,0,0,0,0,0,0,0,0,0,1,1,1,False
0,7742512,-10,48907,1,693685,-1,37557,-0,002654806,0,9902614,-0,001197969,-0,1391898,0,0,0,0,0,0,0,0,0,0,0,0,0,0,0,0,0,0,0,0,0,0,1,1,1,False
0,7889749,-10,48907,1,693685,-1,37557,-0,002654806,0,9902614,-0,001197969,-0,1391898,0,0,0,0,0,0,0,0,0,0,0,0,0,0,0,0,0,0,0,0,0,0,1,1,1,False
0,8037631,-10,48907,1,693685,-1,37557,-0,002654806,0,9902614,-0,001197969,-0,1391898,0,0,0,0,0,0,0,0,0,0,0,0,0,0,0,0,0,0,0,0,0,0,1,1,1,False
0,8287941,-10,48907,1,693685,-1,37557,-0,002654806,0,9902614,-0,001197969,-0,1391898,0,0,0,0,0,0,0,0,0,0,0,0,0,0,0,0,0,0,0,0,0,0,1,1,1,False
0,8432794,-10,48907,1,693685,-1,37557,-0,002654806,0,9902614,-0,001197969,-0,1391898,0,0,0,0,0,0,0,0,0,0,0,0,0,0,0,0,0,0,0,0,0,0,1,1,1,False
0,8582819,-10,48907,1,693685,-1,37557,-0,002654806,0,9902614,-0,001197969,-0,1391898,0,0,0,0,0,0,0,0,0,0,0,0,0,0,0,0,0,0,0,0,0,0,1,1,1,False
0,8719177,-10,48907,1,693685,-1,37557,-0,002654806,0,9902614,-0,001197969,-0,1391898,0,0,0,0,0,0,0,0,0,0,0,0,0,0,0,0,0,0,0,0,0,0,1,1,1,False
0,8865314,-10,48907,1,693685,-1,37557,-0,002654806,0,9902614,-0,001197969,-0,1391898,0,0,0,0,0,0,0,0,0,0,0,0,0,0,0,0,0,0,0,0,0,0,1,1,1,False
0,9008414,-10,48907,1,693685,-1,37557,-0,002654806,0,9902614,-0,001197969,-0,1391898,0,0,0,0,0,0,0,0,0,0,0,0,0,0,0,0,0,0,0,0,0,0,1,1,1,False
0,9154351,-10,48907,1,693685,-1,37557,-0,002654806,0,9902614,-0,001197969,-0,1391898,0,0,0,0,0,0,0,0,0,0,0,0,0,0,0,0,0,0,0,0,0,0,1,1,1,False
0,9290491,-10,48907,1,693685,-1,37557,-0,002654806,0,9902614,-0,001197969,-0,1391898,0,0,0,0,0,0,0,0,0,0,0,0,0,0,0,0,0,0,0,0,0,0,1,1,1,False
0,9433098,-10,48907,1,693685,-1,37557,-0,002654806,0,9902614,-0,001197969,-0,1391898,0,0,0,0,0,0,0,0,0,0,0,0,0,0,0,0,0,0,0,0,0,0,1,1,1,False
0,9576442,-10,48907,1,693685,-1,37557,-0,002654806,0,9902614,-0,001197969,-0,1391898,0,0,0,0,0,0,0,0,0,0,0,0,0,0,0,0,0,0,0,0,0,0,1,1,1,False
0,9814157,-10,48907,1,693685,-1,37557,-0,002654806,0,9902614,-0,001197969,-0,1391898,0,0,0,0,0,0,0,0,0,0,0,0,0,0,0,0,0,0,0,0,0,0,1,1,1,False
0,9965094,-10,48907,1,693685,-1,37557,-0,002654806,0,9902614,-0,001197969,-0,1391898,0,0,0,0,0,0,0,0,0,0,0,0,0,0,0,0,0,0,0,0,0,0,1,1,1,False
1,010273,-10,48907,1,693685,-1,37557,-0,002654806,0,9902614,-0,001197969,-0,1391898,0,0,0,0,0,0,0,0,0,0,0,0,0,0,0,0,0,0,0,0,0,0,1,1,1,False
1,024622,-10,48907,1,693685,-1,37557,-0,002654806,0,9902614,-0,001197969,-0,1391898,0,0,0,0,0,0,0,0,0,0,0,0,0,0,0,0,0,0,0,0,0,0,1,1,1,False
1,039069,-10,48907,1,693685,-1,37557,-0,002654806,0,9902614,-0,001197969,-0,1391898,0,0,0,0,0,0,0,0,0,0,0,0,0,0,0,0,0,0,0,0,0,0,1,1,1,False
1,052786,-10,48907,1,693685,-1,37557,-0,002654806,0,9902614,-0,001197969,-0,1391898,0,0,0,0,0,0,0,0,0,0,0,0,0,0,0,0,0,0,0,0,0,0,1,1,1,False
1,067379,-10,48907,1,693685,-1,37557,-0,002654806,0,9902614,-0,001197969,-0,1391898,0,0,0,0,0,0,0,0,0,0,0,0,0,0,0,0,0,0,0,0,0,0,1,1,1,False
1,081579,-10,48907,1,693685,-1,37557,-0,002654806,0,9902614,-0,001197969,-0,1391898,0,0,0,0,0,0,0,0,0,0,0,0,0,0,0,0,0,0,0,0,0,0,1,1,1,False
1,095688,-10,48907,1,693685,-1,37557,-0,002654806,0,9902614,-0,001197969,-0,1391898,0,0,0,0,0,0,0,0,0,0,0,0,0,0,0,0,0,0,0,0,0,0,1,1,1,False
1,109012,-10,48907,1,693685,-1,37557,-0,002654806,0,9902614,-0,001197969,-0,1391898,0,0,0,0,0,0,0,0,0,0,0,0,0,0,0,0,0,0,0,0,0,0,1,1,1,False
1,133053,-10,48907,1,693685,-1,37557,-0,002654806,0,9902614,-0,001197969,-0,1391898,0,0,0,0,0,0,0,0,0,0,0,0,0,0,0,0,0,0,0,0,0,0,1,1,1,False
1,147967,-10,48907,1,693685,-1,37557,-0,002654806,0,9902614,-0,001197969,-0,1391898,0,0,0,0,0,0,0,0,0,0,0,0,0,0,0,0,0,0,0,0,0,0,1,1,1,False
1,162376,-10,48907,1,693685,-1,37557,-0,002654806,0,9902614,-0,001197969,-0,1391898,0,0,0,0,0,0,0,0,0,0,0,0,0,0,0,0,0,0,0,0,0,0,1,1,1,False
1,177689,-10,48907,1,693685,-1,37557,-0,002654806,0,9902614,-0,001197969,-0,1391898,0,0,0,0,0,0,0,0,0,0,0,0,0,0,0,0,0,0,0,0,0,0,1,1,1,False
1,191817,-10,48907,1,693685,-1,37557,-0,002654806,0,9902614,-0,001197969,-0,1391898,0,0,0,0,0,0,0,0,0,0,0,0,0,0,0,0,0,0,0,0,0,0,1,1,1,False
1,206087,-10,48907,1,693685,-1,37557,-0,002654806,0,9902614,-0,001197969,-0,1391898,0,0,0,0,0,0,0,0,0,0,0,0,0,0,0,0,0,0,0,0,0,0,1,1,1,False
1,220491,-10,48907,1,693685,-1,37557,-0,002654806,0,9902614,-0,001197969,-0,1391898,0,0,0,0,0,0,0,0,0,0,0,0,0,0,0,0,0,0,0,0,0,0,1,1,1,False
1,234623,-10,48907,1,693685,-1,37557,-0,002654806,0,9902614,-0,001197969,-0,1391898,0,0,0,0,0,0,0,0,0,0,0,0,0,0,0,0,0,0,0,0,0,0,1,1,1,False
1,248238,-10,48907,1,693685,-1,37557,-0,002654806,0,9902614,-0,001197969,-0,1391898,0,0,0,0,0,0,0,0,0,0,0,0,0,0,0,0,0,0,0,0,0,0,1,1,1,False
1,262791,-10,48907,1,693685,-1,37557,-0,002654806,0,9902614,-0,001197969,-0,1391898,0,0,0,0,0,0,0,0,0,0,0,0,0,0,0,0,0,0,0,0,0,0,1,1,1,False
1,287219,-10,48907,1,693685,-1,37557,-0,002654806,0,9902614,-0,001197969,-0,1391898,0,0,0,0,0,0,0,0,0,0,0,0,0,0,0,0,0,0,0,0,0,0,1,1,1,False
1,301489,-10,48907,1,693685,-1,37557,-0,002654806,0,9902614,-0,001197969,-0,1391898,0,0,0,0,0,0,0,0,0,0,0,0,0,0,0,0,0,0,0,0,0,0,1,1,1,False
1,315912,-10,48907,1,693685,-1,37557,-0,002654806,0,9902614,-0,001197969,-0,1391898,0,0,0,0,0,0,0,0,0,0,0,0,0,0,0,0,0,0,0,0,0,0,1,1,1,False
1,330379,-10,48907,1,693685,-1,37557,-0,002654806,0,9902614,-0,001197969,-0,1391898,0,0,0,0,0,0,0,0,0,0,0,0,0,0,0,0,0,0,0,0,0,0,1,1,1,False
1,345175,-10,48907,1,693685,-1,37557,-0,002654806,0,9902614,-0,001197969,-0,1391898,0,0,0,0,0,0,0,0,0,0,0,0,0,0,0,0,0,0,0,0,0,0,1,1,1,False
1,359897,-10,48907,1,693685,-1,37557,-0,002654806,0,9902614,-0,001197969,-0,1391898,0,0,0,0,0,0,0,0,0,0,0,0,0,0,0,0,0,0,0,0,0,0,1,1,1,False
1,373899,-10,48907,1,693685,-1,37557,-0,002654806,0,9902614,-0,001197969,-0,1391898,0,0,0,0,0,0,0,0,0,0,0,0,0,0,0,0,0,0,0,0,0,0,1,1,1,False
1,388464,-10,48907,1,693685,-1,37557,-0,002654806,0,9902614,-0,001197969,-0,1391898,0,0,0,0,0,0,0,0,0,0,0,0,0,0,0,0,0,0,0,0,0,0,1,1,1,False
1,402884,-10,48907,1,693685,-1,37557,-0,002654806,0,9902614,-0,001197969,-0,1391898,0,0,0,0,0,0,0,0,0,0,0,0,0,0,0,0,0,0,0,0,0,0,1,1,1,False
1,417233,-10,48907,1,693685,-1,37557,-0,002654806,0,9902614,-0,001197969,-0,1391898,0,0,0,0,0,0,0,0,0,0,0,0,0,0,0,0,0,0,0,0,0,0,1,1,1,False
1,440755,-10,48907,1,693685,-1,37557,-0,002654806,0,9902614,-0,001197969,-0,1391898,0,0,0,0,0,0,0,0,0,0,0,0,0,0,0,0,0,0,0,0,0,0,1,1,1,False
1,455472,-10,48907,1,693685,-1,37557,-0,002654806,0,9902614,-0,001197969,-0,1391898,0,0,0,0,0,0,0,0,0,0,0,0,0,0,0,0,0,0,0,0,0,0,1,1,1,False
1,469129,-10,48907,1,693685,-1,37557,-0,002654806,0,9902614,-0,001197969,-0,1391898,0,0,0,0,0,0,0,0,0,0,0,0,0,0,0,0,0,0,0,0,0,0,1,1,1,False
1,483795,-10,48907,1,693685,-1,37557,-0,002654806,0,9902614,-0,001197969,-0,1391898,0,0,0,0,0,0,0,0,0,0,0,0,0,0,0,0,0,0,0,0,0,0,1,1,1,False
1,498133,-10,48907,1,693685,-1,37557,-0,002654806,0,9902614,-0,001197969,-0,1391898,0,0,0,0,0,0,0,0,0,0,0,0,0,0,0,0,0,0,0,0,0,0,1,1,1,False
1,511626,-10,48907,1,693685,-1,37557,-0,002654806,0,9902614,-0,001197969,-0,1391898,0,0,0,0,0,0,0,0,0,0,0,0,0,0,0,0,0,0,0,0,0,0,1,1,1,False
1,525969,-10,48907,1,693685,-1,37557,-0,002654806,0,9902614,-0,001197969,-0,1391898,0,0,0,0,0,0,0,0,0,0,0,0,0,0,0,0,0,0,0,0,0,0,1,1,1,False
1,540247,-10,48907,1,693685,-1,37557,-0,002654806,0,9902614,-0,001197969,-0,1391898,0,0,0,0,0,0,0,0,0,0,0,0,0,0,0,0,0,0,0,0,0,0,1,1,1,False
1,554481,-10,48907,1,693685,-1,37557,-0,002654806,0,9902614,-0,001197969,-0,1391898,0,0,0,0,0,0,0,0,0,0,0,0,0,0,0,0,0,0,0,0,0,0,1,1,1,False
1,568164,-10,48907,1,693685,-1,37557,-0,002654806,0,9902614,-0,001197969,-0,1391898,0,0,0,0,0,0,0,0,0,0,0,0,0,0,0,0,0,0,0,0,0,0,1,1,1,False
1,592825,-10,48907,1,693685,-1,37557,-0,002654806,0,9902614,-0,001197969,-0,1391898,0,0,0,0,0,0,0,0,0,0,0,0,0,0,0,0,0,0,0,0,0,0,1,1,1,False
1,606991,-10,48907,1,693685,-1,37557,-0,002654806,0,9902614,-0,001197969,-0,1391898,0,0,0,0,0,0,0,0,0,0,0,0,0,0,0,0,0,0,0,0,0,0,1,1,1,False
1,621266,-10,48907,1,693685,-1,37557,-0,002654806,0,9902614,-0,001197969,-0,1391898,0,0,0,0,0,0,0,0,0,0,0,0,0,0,0,0,0,0,0,0,0,0,1,1,1,False
1,63552,-10,48907,1,693685,-1,37557,-0,002654806,0,9902614,-0,001197969,-0,1391898,0,0,0,0,0,0,0,0,0,0,0,0,0,0,0,0,0,0,0,0,0,0,1,1,1,False
1,648943,-10,48907,1,693685,-1,37557,-0,002654806,0,9902614,-0,001197969,-0,1391898,0,0,0,0,0,0,0,0,0,0,0,0,0,0,0,0,0,0,0,0,0,0,1,1,1,False
1,663502,-10,48907,1,693685,-1,37557,-0,002654806,0,9902614,-0,001197969,-0,1391898,0,0,0,0,0,0,0,0,0,0,0,0,0,0,0,0,0,0,0,0,0,0,1,1,1,False
1,678514,-10,48907,1,693685,-1,37557,-0,002654806,0,9902614,-0,001197969,-0,1391898,0,0,0,0,0,0,0,0,0,0,0,0,0,0,0,0,0,0,0,0,0,0,1,1,1,False
1,691965,-10,48907,1,693685,-1,37557,-0,002654806,0,9902614,-0,001197969,-0,1391898,0,0,0,0,0,0,0,0,0,0,0,0,0,0,0,0,0,0,0,0,0,0,1,1,1,False
1,706678,-10,48907,1,693685,-1,37557,-0,002654806,0,9902614,-0,001197969,-0,1391898,0,0,0,0,0,0,0,0,0,0,0,0,0,0,0,0,0,0,0,0,0,0,1,1,1,False
1,720803,-10,48907,1,693685,-1,37557,-0,002654806,0,9902614,-0,001197969,-0,1391898,0,0,0,0,0,0,0,0,0,0,0,0,0,0,0,0,0,0,0,0,0,0,1,1,1,False
1,74529,-10,48907,1,693685,-1,37557,-0,002654806,0,9902614,-0,001197969,-0,1391898,0,0,0,0,0,0,0,0,0,0,0,0,0,0,0,0,0,0,0,0,0,0,1,1,1,False
1,759268,-10,48907,1,693685,-1,37557,-0,002654806,0,9902614,-0,001197969,-0,1391898,0,0,0,0,0,0,0,0,0,0,0,0,0,0,0,0,0,0,0,0,0,0,1,1,1,False
1,772813,-10,48907,1,693685,-1,37557,-0,002654806,0,9902614,-0,001197969,-0,1391898,0,0,0,0,0,0,0,0,0,0,0,0,0,0,0,0,0,0,0,0,0,0,1,1,1,False
1,787621,-10,48907,1,693685,-1,37557,-0,002654806,0,9902614,-0,001197969,-0,1391898,0,0,0,0,0,0,0,0,0,0,0,0,0,0,0,0,0,0,0,0,0,0,1,1,1,False
1,80211,-10,48907,1,693685,-1,37557,-0,002654806,0,9902614,-0,001197969,-0,1391898,0,0,0,0,0,0,0,0,0,0,0,0,0,0,0,0,0,0,0,0,0,0,1,1,1,False
1,816154,-10,48907,1,693685,-1,37557,-0,002654806,0,9902614,-0,001197969,-0,1391898,0,0,0,0,0,0,0,0,0,0,0,0,0,0,0,0,0,0,0,0,0,0,1,1,1,False
1,829705,-10,48907,1,693685,-1,37557,-0,002654806,0,9902614,-0,001197969,-0,1391898,0,0,0,0,0,0,0,0,0,0,0,0,0,0,0,0,0,0,0,0,0,0,1,1,1,False
1,843833,-10,48907,1,693685,-1,37557,-0,002654806,0,9902614,-0,001197969,-0,1391898,0,0,0,0,0,0,0,0,0,0,0,0,0,0,0,0,0,0,0,0,0,0,1,1,1,False
1,858148,-10,48907,1,693685,-1,37557,-0,002654806,0,9902614,-0,001197969,-0,1391898,0,0,0,0,0,0,0,0,0,0,0,0,0,0,0,0,0,0,0,0,0,0,1,1,1,False
1,871839,-10,48907,1,693685,-1,37557,-0,002654806,0,9902614,-0,001197969,-0,1391898,0,0,0,0,0,0,0,0,0,0,0,0,0,0,0,0,0,0,0,0,0,0,1,1,1,False
1,89607,-10,48907,1,693685,-1,37557,-0,002654806,0,9902614,-0,001197969,-0,1391898,0,0,0,0,0,0,0,0,0,0,0,0,0,0,0,0,0,0,0,0,0,0,1,1,1,False
1,910392,-10,48907,1,693685,-1,37557,-0,002654806,0,9902614,-0,001197969,-0,1391898,0,0,0,0,0,0,0,0,0,0,0,0,0,0,0,0,0,0,0,0,0,0,1,1,1,False
1,92459,-10,48907,1,693685,-1,37557,-0,002654806,0,9902614,-0,001197969,-0,1391898,0,0,0,0,0,0,0,0,0,0,0,0,0,0,0,0,0,0,0,0,0,0,1,1,1,False
1,938823,-10,48907,1,693685,-1,37557,-0,002654806,0,9902614,-0,001197969,-0,1391898,0,0,0,0,0,0,0,0,0,0,0,0,0,0,0,0,0,0,0,0,0,0,1,1,1,False
1,952511,-10,48907,1,693685,-1,37557,-0,002654806,0,9902614,-0,001197969,-0,1391898,0,0,0,0,0,0,0,0,0,0,0,0,0,0,0,0,0,0,0,0,0,0,1,1,1,False
1,966797,-10,48907,1,693685,-1,37557,-0,002654806,0,9902614,-0,001197969,-0,1391898,0,0,0,0,0,0,0,0,0,0,0,0,0,0,0,0,0,0,0,0,0,0,1,1,1,False
1,981036,-10,48907,1,693685,-1,37557,-0,002654806,0,9902614,-0,001197969,-0,1391898,0,0,0,0,0,0,0,0,0,0,0,0,0,0,0,0,0,0,0,0,0,0,1,1,1,False
1,995196,-10,48907,1,693685,-1,37557,-0,002654806,0,9902614,-0,001197969,-0,1391898,0,0,0,0,0,0,0,0,0,0,0,0,0,0,0,0,0,0,0,0,0,0,1,1,1,False
2,008537,-10,48907,1,693685,-1,37557,-0,002654806,0,9902614,-0,001197969,-0,1391898,0,0,0,0,0,0,0,0,0,0,0,0,0,0,0,0,0,0,0,0,0,0,1,1,1,False
2,030251,-10,48907,1,693685,-1,37557,-0,002654806,0,9902614,-0,001197969,-0,1391898,0,0,0,0,0,0,0,0,0,0,0,0,0,0,0,0,0,0,0,0,0,0,1,1,1,False
2,055438,-10,48907,1,693685,-1,37557,-0,002654806,0,9902614,-0,001197969,-0,1391898,0,0,0,0,0,0,0,0,0,0,0,0,0,0,0,0,0,0,0,0,0,0,1,1,1,False
2,070207,-10,48907,1,693685,-1,37557,-0,002654806,0,9902614,-0,001197969,-0,1391898,0,0,0,0,0,0,0,0,0,0,0,0,0,0,0,0,0,0,0,0,0,0,1,1,1,False
2,085213,-10,48907,1,693685,-1,37557,-0,002654806,0,9902614,-0,001197969,-0,1391898,0,0,0,0,0,0,0,0,0,0,0,0,0,0,0,0,0,0,0,0,0,0,1,1,1,False
2,100302,-10,48907,1,693685,-1,37557,-0,002654806,0,9902614,-0,001197969,-0,1391898,0,0,0,0,0,0,0,0,0,0,0,0,0,0,0,0,0,0,0,0,0,0,1,1,1,False
2,115201,-10,48907,1,693685,-1,37557,-0,002654806,0,9902614,-0,001197969,-0,1391898,0,0,0,0,0,0,0,0,0,0,0,0,0,0,0,0,0,0,0,0,0,0,1,1,1,False
2,129331,-10,48907,1,693685,-1,37557,-0,002654806,0,9902614,-0,001197969,-0,1391898,0,0,0,0,0,0,0,0,0,0,0,0,0,0,0,0,0,0,0,0,0,0,1,1,1,False
2,144392,-10,48907,1,693685,-1,37557,-0,002654806,0,9902614,-0,001197969,-0,1391898,0,0,0,0,0,0,0,0,0,0,0,0,0,0,0,0,0,0,0,0,0,0,1,1,1,False
2,15924,-10,48907,1,693685,-1,37557,-0,002654806,0,9902614,-0,001197969,-0,1391898,0,0,0,0,0,0,0,0,0,0,0,0,0,0,0,0,0,0,0,0,0,0,1,1,1,False
2,173657,-10,48907,1,693685,-1,37557,-0,002654806,0,9902614,-0,001197969,-0,1391898,0,0,0,0,0,0,0,0,0,0,0,0,0,0,0,0,0,0,0,0,0,0,1,1,1,False
2,188804,-10,48907,1,693685,-1,37557,-0,002654806,0,9902614,-0,001197969,-0,1391898,0,0,0,0,0,0,0,0,0,0,0,0,0,0,0,0,0,0,0,0,0,0,1,1,1,False
2,213843,-10,48907,1,693685,-1,37557,-0,002654806,0,9902614,-0,001197969,-0,1391898,0,0,0,0,0,0,0,0,0,0,0,0,0,0,0,0,0,0,0,0,0,0,1,1,1,False
2,228762,-10,48907,1,693685,-1,37557,-0,002654806,0,9902614,-0,001197969,-0,1391898,0,0,0,0,0,0,0,0,0,0,0,0,0,0,0,0,0,0,0,0,0,0,1,1,1,False
2,243777,-10,48907,1,693685,-1,37557,-0,002654806,0,9902614,-0,001197969,-0,1391898,0,0,0,0,0,0,0,0,0,0,0,0,0,0,0,0,0,0,0,0,0,0,1,1,1,False
2,25884,-10,48907,1,693685,-1,37557,-0,002654806,0,9902614,-0,001197969,-0,1391898,0,0,0,0,0,0,0,0,0,0,0,0,0,0,0,0,0,0,0,0,0,0,1,1,1,False
2,273439,-10,48907,1,693685,-1,37557,-0,002654806,0,9902614,-0,001197969,-0,1391898,0,0,0,0,0,0,0,0,0,0,0,0,0,0,0,0,0,0,0,0,0,0,1,1,1,False
2,288596,-10,48907,1,693685,-1,37557,-0,002654806,0,9902614,-0,001197969,-0,1391898,0,0,0,0,0,0,0,0,0,0,0,0,0,0,0,0,0,0,0,0,0,0,1,1,1,False
2,303817,-10,48907,1,693685,-1,37557,-0,002654806,0,9902614,-0,001197969,-0,1391898,0,0,0,0,0,0,0,0,0,0,0,0,0,0,0,0,0,0,0,0,0,0,1,1,1,False
2,318803,-10,48907,1,693685,-1,37557,-0,002654806,0,9902614,-0,001197969,-0,1391898,0,0,0,0,0,0,0,0,0,0,0,0,0,0,0,0,0,0,0,0,0,0,1,1,1,False
2,333828,-10,48907,1,693685,-1,37557,-0,002654806,0,9902614,-0,001197969,-0,1391898,0,0,0,0,0,0,0,0,0,0,0,0,0,0,0,0,0,0,0,0,0,0,1,1,1,False
2,348918,-10,48907,1,693685,-1,37557,-0,002654806,0,9902614,-0,001197969,-0,1391898,0,0,0,0,0,0,0,0,0,0,0,0,0,0,0,0,0,0,0,0,0,0,1,1,1,False
2,374505,-10,48907,1,693685,-1,37557,-0,002654806,0,9902614,-0,001197969,-0,1391898,0,0,0,0,0,0,0,0,0,0,0,0,0,0,0,0,0,0,0,0,0,0,1,1,1,False
2,389688,-10,48907,1,693685,-1,37557,-0,002654806,0,9902614,-0,001197969,-0,1391898,0,0,0,0,0,0,0,0,0,0,0,0,0,0,0,0,0,0,0,0,0,0,1,1,1,False
2,405013,-10,48907,1,693685,-1,37557,-0,002654806,0,9902614,-0,001197969,-0,1391898,0,0,0,0,0,0,0,0,0,0,0,0,0,0,0,0,0,0,0,0,0,0,1,1,1,False
2,420162,-10,48907,1,693685,-1,37557,-0,002654806,0,9902614,-0,001197969,-0,1391898,0,0,0,0,0,0,0,0,0,0,0,0,0,0,0,0,0,0,0,0,0,0,1,1,1,False
2,43443,-10,48907,1,693685,-1,37557,-0,002654806,0,9902614,-0,001197969,-0,1391898,0,0,0,0,0,0,0,0,0,0,0,0,0,0,0,0,0,0,0,0,0,0,1,1,1,False
2,448843,-10,48907,1,693685,-1,37557,-0,002654806,0,9902614,-0,001197969,-0,1391898,0,0,0,0,0,0,0,0,0,0,0,0,0,0,0,0,0,0,0,0,0,0,1,1,1,False
2,46381,-10,48907,1,693685,-1,37557,-0,002654806,0,9902614,-0,001197969,-0,1391898,0,0,0,0,0,0,0,0,0,0,0,0,0,0,0,0,0,0,0,0,0,0,1,1,1,False
2,479114,-10,48907,1,693685,-1,37557,-0,002654806,0,9902614,-0,001197969,-0,1391898,0,0,0,0,0,0,0,0,0,0,0,0,0,0,0,0,0,0,0,0,0,0,1,1,1,False
2,493607,-10,48907,1,693685,-1,37557,-0,002654806,0,9902614,-0,001197969,-0,1391898,0,0,0,0,0,0,0,0,0,0,0,0,0,0,0,0,0,0,0,0,0,0,1,1,1,False
2,50863,-10,48907,1,693685,-1,37557,-0,002654806,0,9902614,-0,001197969,-0,1391898,0,0,0,0,0,0,0,0,0,0,0,0,0,0,0,0,0,0,0,0,0,0,1,1,1,False
2,533715,-10,48907,1,693685,-1,37557,-0,002654806,0,9902614,-0,001197969,-0,1391898,0,0,0,0,0,0,0,0,0,0,0,0,0,0,0,0,0,0,0,0,0,0,1,1,1,False
2,548978,-10,48907,1,693685,-1,37557,-0,002654806,0,9902614,-0,001197969,-0,1391898,0,0,0,0,0,0,0,0,0,0,0,0,0,0,0,0,0,0,0,0,0,0,1,1,1,False
2,564662,-10,48907,1,693685,-1,37557,-0,002654806,0,9902614,-0,001197969,-0,1391898,0,0,0,0,0,0,0,0,0,0,0,0,0,0,0,0,0,0,0,0,0,0,1,1,1,False
2,579808,-10,48907,1,693685,-1,37557,-0,002654806,0,9902614,-0,001197969,-0,1391898,0,0,0,0,0,0,0,0,0,0,0,0,0,0,0,0,0,0,0,0,0,0,1,1,1,False
2,59418,-10,48907,1,693685,-1,37557,-0,002654806,0,9902614,-0,001197969,-0,1391898,0,0,0,0,0,0,0,0,0,0,0,0,0,0,0,0,0,0,0,0,0,0,1,1,1,False
2,609368,-10,48907,1,693685,-1,37557,-0,002654806,0,9902614,-0,001197969,-0,1391898,0,0,0,0,0,0,0,0,0,0,0,0,0,0,0,0,0,0,0,0,0,0,1,1,1,False
2,624557,-10,48907,1,693685,-1,37557,-0,002654806,0,9902614,-0,001197969,-0,1391898,0,0,0,0,0,0,0,0,0,0,0,0,0,0,0,0,0,0,0,0,0,0,1,1,1,False
2,639623,-10,48907,1,693685,-1,37557,-0,002654806,0,9902614,-0,001197969,-0,1391898,0,0,0,0,0,0,0,0,0,0,0,0,0,0,0,0,0,0,0,0,0,0,1,1,1,False
2,653936,-10,48907,1,693685,-1,37557,-0,002654806,0,9902614,-0,001197969,-0,1391898,0,0,0,0,0,0,0,0,0,0,0,0,0,0,0,0,0,0,0,0,0,0,1,1,1,False
2,669346,-10,48907,1,693685,-1,37557,-0,002654806,0,9902614,-0,001197969,-0,1391898,0,0,0,0,0,0,0,0,0,0,0,0,0,0,0,0,0,0,0,0,0,0,1,1,1,False
2,694851,-10,48907,1,693685,-1,37557,-0,002654806,0,9902614,-0,001197969,-0,1391898,0,0,0,0,0,0,0,0,0,0,0,0,0,0,0,0,0,0,0,0,0,0,1,1,1,False
2,709975,-10,48907,1,693685,-1,37557,-0,002654806,0,9902614,-0,001197969,-0,1391898,0,0,0,0,0,0,0,0,0,0,0,0,0,0,0,0,0,0,0,0,0,0,1,1,1,False
2,725249,-10,48907,1,693685,-1,37557,-0,002654806,0,9902614,-0,001197969,-0,1391898,0,0,0,0,0,0,0,0,0,0,0,0,0,0,0,0,0,0,0,0,0,0,1,1,1,False
2,740197,-10,48907,1,693685,-1,37557,-0,002654806,0,9902614,-0,001197969,-0,1391898,0,0,0,0,0,0,0,0,0,0,0,0,0,0,0,0,0,0,0,0,0,0,1,1,1,False
2,754465,-10,48907,1,693685,-1,37557,-0,002654806,0,9902614,-0,001197969,-0,1391898,0,0,0,0,0,0,0,0,0,0,0,0,0,0,0,0,0,0,0,0,0,0,1,1,1,False
2,768587,-10,48907,1,693685,-1,37557,-0,002654806,0,9902614,-0,001197969,-0,1391898,0,0,0,0,0,0,0,0,0,0,0,0,0,0,0,0,0,0,0,0,0,0,1,1,1,False
2,782975,-10,48907,1,693685,-1,37557,-0,002654806,0,9902614,-0,001197969,-0,1391898,0,0,0,0,0,0,0,0,0,0,0,0,0,0,0,0,0,0,0,0,0,0,1,1,1,False
2,79728,-10,48907,1,693685,-1,37557,-0,002654806,0,9902614,-0,001197969,-0,1391898,0,0,0,0,0,0,0,0,0,0,0,0,0,0,0,0,0,0,0,0,0,0,1,1,1,False
2,811604,-10,48907,1,693685,-1,37557,-0,002654806,0,9902614,-0,001197969,-0,1391898,0,0,0,0,0,0,0,0,0,0,0,0,0,0,0,0,0,0,0,0,0,0,1,1,1,False
2,826524,-10,48907,1,693685,-1,37557,-0,002654806,0,9902614,-0,001197969,-0,1391898,0,0,0,0,0,0,0,0,0,0,0,0,0,0,0,0,0,0,0,0,0,0,1,1,1,False
2,851518,-10,48907,1,693685,-1,37557,-0,002654806,0,9902614,-0,001197969,-0,1391898,0,0,0,0,0,0,0,0,0,0,0,0,0,0,0,0,0,0,0,0,0,0,1,1,1,False
2,866562,-10,48907,1,693685,-1,37557,-0,002654806,0,9902614,-0,001197969,-0,1391898,0,0,0,0,0,0,0,0,0,0,0,0,0,0,0,0,0,0,0,0,0,0,1,1,1,False
2,88151,-10,48907,1,693685,-1,37557,-0,002654806,0,9902614,-0,001197969,-0,1391898,0,0,0,0,0,0,0,0,0,0,0,0,0,0,0,0,0,0,0,0,0,0,1,1,1,False
2,89873,-10,48907,1,693685,-1,37557,-0,002654806,0,9902614,-0,001197969,-0,1391898,0,0,0,0,0,0,0,0,0,0,0,0,0,0,0,0,0,0,0,0,0,0,1,1,1,False
2,912901,-10,48907,1,693685,-1,37557,-0,002654806,0,9902614,-0,001197969,-0,1391898,0,0,0,0,0,0,0,0,0,0,0,0,0,0,0,0,0,0,0,0,0,0,1,1,1,False
2,928145,-10,48907,1,693685,-1,37557,-0,002654806,0,9902614,-0,001197969,-0,1391898,0,0,0,0,0,0,0,0,0,0,0,0,0,0,0,0,0,0,0,0,0,0,1,1,1,False
2,94354,-10,48907,1,693685,-1,37557,-0,002654806,0,9902614,-0,001197969,-0,1391898,0,0,0,0,0,0,0,0,0,0,0,0,0,0,0,0,0,0,0,0,0,0,1,1,1,False
2,958719,-10,48907,1,693685,-1,37557,-0,002654806,0,9902614,-0,001197969,-0,1391898,0,0,0,0,0,0,0,0,0,0,0,0,0,0,0,0,0,0,0,0,0,0,1,1,1,False
2,973401,-10,48907,1,693685,-1,37557,-0,002654806,0,9902614,-0,001197969,-0,1391898,0,0,0,0,0,0,0,0,0,0,0,0,0,0,0,0,0,0,0,0,0,0,1,1,1,False
2,988724,-10,48907,1,693685,-1,37557,-0,002654806,0,9902614,-0,001197969,-0,1391898,0,0,0,0,0,0,0,0,0,0,0,0,0,0,0,0,0,0,0,0,0,0,1,1,1,False
3,014108,-10,48907,1,693685,-1,37557,-0,002654806,0,9902614,-0,001197969,-0,1391898,0,0,0,0,0,0,0,0,0,0,0,0,0,0,0,0,0,0,0,0,0,0,1,1,1,False
3,029093,-10,48907,1,693685,-1,37557,-0,002654806,0,9902614,-0,001197969,-0,1391898,0,0,0,0,0,0,0,0,0,0,0,0,0,0,0,0,0,0,0,0,0,0,1,1,1,False
3,044857,-10,48907,1,693685,-1,37557,-0,002654806,0,9902614,-0,001197969,-0,1391898,0,0,0,0,0,0,0,0,0,0,0,0,0,0,0,0,0,0,0,0,0,0,1,1,1,False
3,060262,-10,48907,1,693685,-1,37557,-0,002654806,0,9902614,-0,001197969,-0,1391898,0,0,0,0,0,0,0,0,0,0,0,0,0,0,0,0,0,0,0,0,0,0,1,1,1,False
3,075653,-10,48907,1,693685,-1,37557,-0,002654806,0,9902614,-0,001197969,-0,1391898,0,0,0,0,0,0,0,0,0,0,0,0,0,0,0,0,0,0,0,0,0,0,1,1,1,False
3,090016,-10,48907,1,693685,-1,37557,-0,002654806,0,9902614,-0,001197969,-0,1391898,0,0,0,0,0,0,0,0,0,0,0,0,0,0,0,0,0,0,0,0,0,0,1,1,1,False
3,105376,-10,48907,1,693685,-1,37557,-0,002654806,0,9902614,-0,001197969,-0,1391898,0,0,0,0,0,0,0,0,0,0,0,0,0,0,0,0,0,0,0,0,0,0,1,1,1,False
3,120504,-10,48907,1,693685,-1,37557,-0,002654806,0,9902614,-0,001197969,-0,1391898,0,0,0,0,0,0,0,0,0,0,0,0,0,0,0,0,0,0,0,0,0,0,1,1,1,False
3,135658,-10,48907,1,693685,-1,37557,-0,002654806,0,9902614,-0,001197969,-0,1391898,0,0,0,0,0,0,0,0,0,0,0,0,0,0,0,0,0,0,0,0,0,0,1,1,1,False
3,149954,-10,48907,1,693685,-1,37557,-0,002654806,0,9902614,-0,001197969,-0,1391898,0,0,0,0,0,0,0,0,0,0,0,0,0,0,0,0,0,0,0,0,0,0,1,1,1,False
3,175409,-10,48907,1,693685,-1,37557,-0,002654806,0,9902614,-0,001197969,-0,1391898,0,0,0,0,0,0,0,0,0,0,0,0,0,0,0,0,0,0,0,0,0,0,1,1,1,False
3,190602,-10,48907,1,693685,-1,37557,-0,002654806,0,9902614,-0,001197969,-0,1391898,0,0,0,0,0,0,0,0,0,0,0,0,0,0,0,0,0,0,0,0,0,0,1,1,1,False
3,206009,-10,48907,1,693685,-1,37557,-0,002654806,0,9902614,-0,001197969,-0,1391898,0,0,0,0,0,0,0,0,0,0,0,0,0,0,0,0,0,0,0,0,0,0,1,1,1,False
3,221375,-10,48907,1,693685,-1,37557,-0,002654806,0,9902614,-0,001197969,-0,1391898,0,0,0,0,0,0,0,0,0,0,0,0,0,0,0,0,0,0,0,0,0,0,1,1,1,False
3,236511,-10,48907,1,693685,-1,37557,-0,002654806,0,9902614,-0,001197969,-0,1391898,0,0,0,0,0,0,0,0,0,0,0,0,0,0,0,0,0,0,0,0,0,0,1,1,1,False
3,250629,-10,48907,1,693685,-1,37557,-0,002654806,0,9902614,-0,001197969,-0,1391898,0,0,0,0,0,0,0,0,0,0,0,0,0,0,0,0,0,0,0,0,0,0,1,1,1,False
3,265165,-10,48907,1,693685,-1,37557,-0,002654806,0,9902614,-0,001197969,-0,1391898,0,0,0,0,0,0,0,0,0,0,0,0,0,0,0,0,0,0,0,0,0,0,1,1,1,False
3,280451,-10,48907,1,693685,-1,37557,-0,002654806,0,9902614,-0,001197969,-0,1391898,0,0,0,0,0,0,0,0,0,0,0,0,0,0,0,0,0,0,0,0,0,0,1,1,1,False
3,295368,-10,48907,1,693685,-1,37557,-0,002654806,0,9902614,-0,001197969,-0,1391898,0,0,0,0,0,0,0,0,0,0,0,0,0,0,0,0,0,0,0,0,0,0,1,1,1,False
3,30969,-10,48907,1,693685,-1,37557,-0,002654806,0,9902614,-0,001197969,-0,1391898,0,0,0,0,0,0,0,0,0,0,0,0,0,0,0,0,0,0,0,0,0,0,1,1,1,False
3,33454,-10,48907,1,693685,-1,37557,-0,002654806,0,9902614,-0,001197969,-0,1391898,0,0,0,0,0,0,0,0,0,0,0,0,0,0,0,0,0,0,0,0,0,0,1,1,1,False
3,349213,-10,48907,1,693685,-1,37557,-0,002654806,0,9902614,-0,001197969,-0,1391898,0,0,0,0,0,0,0,0,0,0,0,0,0,0,0,0,0,0,0,0,0,0,1,1,1,False
3,36409,-10,48907,1,693685,-1,37557,-0,002654806,0,9902614,-0,001197969,-0,1391898,0,0,0,0,0,0,0,0,0,0,0,0,0,0,0,0,0,0,0,0,0,0,1,1,1,False
3,379498,-10,48907,1,693685,-1,37557,-0,002654806,0,9902614,-0,001197969,-0,1391898,0,0,0,0,0,0,0,0,0,0,0,0,0,0,0,0,0,0,0,0,0,0,1,1,1,False
3,394581,-10,48907,1,693685,-1,37557,-0,002654806,0,9902614,-0,001197969,-0,1391898,0,0,0,0,0,0,0,0,0,0,0,0,0,0,0,0,0,0,0,0,0,0,1,1,1,False
3,409445,-10,48907,1,693685,-1,37557,-0,002654806,0,9902614,-0,001197969,-0,1391898,0,0,0,0,0,0,0,0,0,0,0,0,0,0,0,0,0,0,0,0,0,0,1,1,1,False
3,424656,-10,48907,1,693685,-1,37557,-0,002654806,0,9902614,-0,001197969,-0,1391898,0,0,0,0,0,0,0,0,0,0,0,0,0,0,0,0,0,0,0,0,0,0,1,1,1,False
3,439896,-10,48907,1,693685,-1,37557,-0,002654806,0,9902614,-0,001197969,-0,1391898,0,0,0,0,0,0,0,0,0,0,0,0,0,0,0,0,0,0,0,0,0,0,1,1,1,False
3,453705,-10,48907,1,693685,-1,37557,-0,002654806,0,9902614,-0,001197969,-0,1391898,0,0,0,0,0,0,0,0,0,0,0,0,0,0,0,0,0,0,0,0,0,0,1,1,1,False
3,468572,-10,48907,1,693685,-1,37557,-0,002654806,0,9902614,-0,001197969,-0,1391898,0,0,0,0,0,0,0,0,0,0,0,0,0,0,0,0,0,0,0,0,0,0,1,1,1,False
3,515499,-10,48907,1,693685,-1,37557,-0,002654806,0,9902614,-0,001197969,-0,1391898,0,0,0,0,0,0,0,0,0,0,0,0,0,0,0,0,0,0,0,0,0,0,1,1,1,False
3,535501,-10,48907,1,693685,-1,37557,-0,002654806,0,9902614,-0,001197969,-0,1391898,0,0,0,0,0,0,0,0,0,0,0,0,0,0,0,0,0,0,0,0,0,0,1,1,1,False
3,550477,-10,48907,1,693685,-1,37557,-0,002654806,0,9902614,-0,001197969,-0,1391898,0,0,0,0,0,0,0,0,0,0,0,0,0,0,0,0,0,0,0,0,0,0,1,1,1,False
3,565632,-10,48907,1,693685,-1,37557,-0,002654806,0,9902614,-0,001197969,-0,1391898,0,0,0,0,0,0,0,0,0,0,0,0,0,0,0,0,0,0,0,0,0,0,1,1,1,False
3,580589,-10,48907,1,693685,-1,37557,-0,002654806,0,9902614,-0,001197969,-0,1391898,0,0,0,0,0,0,0,0,0,0,0,0,0,0,0,0,0,0,0,0,0,0,1,1,1,False
3,59571,-10,48907,1,693685,-1,37557,-0,002654806,0,9902614,-0,001197969,-0,1391898,0,0,0,0,0,0,0,0,0,0,0,0,0,0,0,0,0,0,0,0,0,0,1,1,1,False
3,610477,-10,48907,1,693685,-1,37557,-0,002654806,0,9902614,-0,001197969,-0,1391898,0,0,0,0,0,0,0,0,0,0,0,0,0,0,0,0,0,0,0,0,0,0,1,1,1,False
3,62579,-10,48907,1,693685,-1,37557,-0,002654806,0,9902614,-0,001197969,-0,1391898,0,0,0,0,0,0,0,0,0,0,0,0,0,0,0,0,0,0,0,0,0,0,1,1,1,False
3,651249,-10,48907,1,693685,-1,37557,-0,002654806,0,9902614,-0,001197969,-0,1391898,0,0,0,0,0,0,0,0,0,0,0,0,0,0,0,0,0,0,0,0,0,0,1,1,1,False
3,666578,-10,48907,1,693685,-1,37557,-0,002654806,0,9902614,-0,001197969,-0,1391898,0,0,0,0,0,0,0,0,0,0,0,0,0,0,0,0,0,0,0,0,0,0,1,1,1,False
3,68252,-10,48907,1,693685,-1,37557,-0,002654806,0,9902614,-0,001197969,-0,1391898,0,0,0,0,0,0,0,0,0,0,0,0,0,0,0,0,0,0,0,0,0,0,1,1,1,False
3,698237,-10,48907,1,693685,-1,37557,-0,002654806,0,9902614,-0,001197969,-0,1391898,0,0,0,0,0,0,0,0,0,0,0,0,0,0,0,0,0,0,0,0,0,0,1,1,1,False
3,713096,-10,48907,1,693685,-1,37557,-0,002654806,0,9902614,-0,001197969,-0,1391898,0,0,0,0,0,0,0,0,0,0,0,0,0,0,0,0,0,0,0,0,0,0,1,1,1,False
3,729135,-10,48907,1,693685,-1,37557,-0,002654806,0,9902614,-0,001197969,-0,1391898,0,0,0,0,0,0,0,0,0,0,0,0,0,0,0,0,0,0,0,0,0,0,1,1,1,False
3,745129,-10,48907,1,693685,-1,37557,-0,002654806,0,9902614,-0,001197969,-0,1391898,0,0,0,0,0,0,0,0,0,0,0,0,0,0,0,0,0,0,0,0,0,0,1,1,1,False
3,760792,-10,48907,1,693685,-1,37557,-0,002654806,0,9902614,-0,001197969,-0,1391898,0,0,0,0,0,0,0,0,0,0,0,0,0,0,0,0,0,0,0,0,0,0,1,1,1,False
3,776563,-10,48907,1,693685,-1,37557,-0,002654806,0,9902614,-0,001197969,-0,1391898,0,0,0,0,0,0,0,0,0,0,0,0,0,0,0,0,0,0,0,0,0,0,1,1,1,False
3,807346,-10,48907,1,693685,-1,37557,-0,002654806,0,9902614,-0,001197969,-0,1391898,0,0,0,0,0,0,0,0,0,0,0,0,0,0,0,0,0,0,0,0,0,0,1,1,1,False
3,825081,-10,48907,1,693685,-1,37557,-0,002654806,0,9902614,-0,001197969,-0,1391898,0,0,0,0,0,0,0,0,0,0,0,0,0,0,0,0,0,0,0,0,0,0,1,1,1,False
3,840794,-10,48907,1,693685,-1,37557,-0,002654806,0,9902614,-0,001197969,-0,1391898,0,0,0,0,0,0,0,0,0,0,0,0,0,0,0,0,0,0,0,0,0,0,1,1,1,False
3,856447,-10,48907,1,693685,-1,37557,-0,002654806,0,9902614,-0,001197969,-0,1391898,0,0,0,0,0,0,0,0,0,0,0,0,0,0,0,0,0,0,0,0,0,0,1,1,1,False
3,870389,-10,48907,1,693685,-1,37557,-0,002654806,0,9902614,-0,001197969,-0,1391898,0,0,0,0,0,0,0,0,0,0,0,0,0,0,0,0,0,0,0,0,0,0,1,1,1,False
3,885363,-10,48907,1,693685,-1,37557,-0,002654806,0,9902614,-0,001197969,-0,1391898,0,0,0,0,0,0,0,0,0,0,0,0,0,0,0,0,0,0,0,0,0,0,1,1,1,False
3,900758,-10,48907,1,693685,-1,37557,-0,002654806,0,9902614,-0,001197969,-0,1391898,0,0,0,0,0,0,0,0,0,0,0,0,0,0,0,0,0,0,0,0,0,0,1,1,1,False
3,916206,-10,48907,1,693685,-1,37557,-0,002654806,0,9902614,-0,001197969,-0,1391898,0,0,0,0,0,0,0,0,0,0,0,0,0,0,0,0,0,0,0,0,0,0,1,1,1,False
3,930587,-10,48907,1,693685,-1,37557,-0,002654806,0,9902614,-0,001197969,-0,1391898,0,0,0,0,0,0,0,0,0,0,0,0,0,0,0,0,0,0,0,0,0,0,1,1,1,False
3,956006,-10,48907,1,693685,-1,37557,-0,002654806,0,9902614,-0,001197969,-0,1391898,0,0,0,0,0,0,0,0,0,0,0,0,0,0,0,0,0,0,0,0,0,0,1,1,1,False
3,9712,-10,48907,1,693685,-1,37557,-0,002654806,0,9902614,-0,001197969,-0,1391898,0,0,0,0,0,0,0,0,0,0,0,0,0,0,0,0,0,0,0,0,0,0,1,1,1,False
3,986762,-10,48907,1,693685,-1,37557,-0,002654806,0,9902614,-0,001197969,-0,1391898,0,0,0,0,0,0,0,0,0,0,0,0,0,0,0,0,0,0,0,0,0,0,1,1,1,False
4,001335,-10,48907,1,693685,-1,37557,-0,002654806,0,9902614,-0,001197969,-0,1391898,0,0,0,0,0,0,0,0,0,0,0,0,0,0,0,0,0,0,0,0,0,0,1,1,1,False
4,01665,-10,48907,1,693685,-1,37557,-0,002654806,0,9902614,-0,001197969,-0,1391898,0,0,0,0,0,0,0,0,0,0,0,0,0,0,0,0,0,0,0,0,0,0,1,1,1,False
4,030791,-10,48907,1,693685,-1,37557,-0,002654806,0,9902614,-0,001197969,-0,1391898,0,0,0,0,0,0,0,0,0,0,0,0,0,0,0,0,0,0,0,0,0,0,1,1,1,False
4,04518,-10,48907,1,693685,-1,37557,-0,002654806,0,9902614,-0,001197969,-0,1391898,0,0,0,0,0,0,0,0,0,0,0,0,0,0,0,0,0,0,0,0,0,0,1,1,1,False
4,060312,-10,48907,1,693685,-1,37557,-0,002654806,0,9902614,-0,001197969,-0,1391898,0,0,0,0,0,0,0,0,0,0,0,0,0,0,0,0,0,0,0,0,0,0,1,1,1,False
4,076092,-10,48907,1,693685,-1,37557,-0,002654806,0,9902614,-0,001197969,-0,1391898,0,0,0,0,0,0,0,0,0,0,0,0,0,0,0,0,0,0,0,0,0,0,1,1,1,False
4,090501,-10,48907,1,693685,-1,37557,-0,002654806,0,9902614,-0,001197969,-0,1391898,0,0,0,0,0,0,0,0,0,0,0,0,0,0,0,0,0,0,0,0,0,0,1,1,1,False
4,115569,-10,48907,1,693685,-1,37557,-0,002654806,0,9902614,-0,001197969,-0,1391898,0,0,0,0,0,0,0,0,0,0,0,0,0,0,0,0,0,0,0,0,0,0,1,1,1,False
4,130458,-10,48907,1,693685,-1,37557,-0,002654806,0,9902614,-0,001197969,-0,1391898,0,0,0,0,0,0,0,0,0,0,0,0,0,0,0,0,0,0,0,0,0,0,1,1,1,False
4,145647,-10,48907,1,693685,-1,37557,-0,002654806,0,9902614,-0,001197969,-0,1391898,0,0,0,0,0,0,0,0,0,0,0,0,0,0,0,0,0,0,0,0,0,0,1,1,1,False
4,160618,-10,48907,1,693685,-1,37557,-0,002654806,0,9902614,-0,001197969,-0,1391898,0,0,0,0,0,0,0,0,0,0,0,0,0,0,0,0,0,0,0,0,0,0,1,1,1,False
4,175702,-10,48907,1,693685,-1,37557,-0,002654806,0,9902614,-0,001197969,-0,1391898,0,0,0,0,0,0,0,0,0,0,0,0,0,0,0,0,0,0,0,0,0,0,1,1,1,False
4,190695,-10,48907,1,693685,-1,37557,-0,002654806,0,9902614,-0,001197969,-0,1391898,0,0,0,0,0,0,0,0,0,0,0,0,0,0,0,0,0,0,0,0,0,0,1,1,1,False
4,207669,-10,48907,1,693685,-1,37557,-0,002654806,0,9902614,-0,001197969,-0,1391898,0,0,0,0,0,0,0,0,0,0,0,0,0,0,0,0,0,0,0,0,0,0,1,1,1,False
4,223759,-10,48907,1,693685,-1,37557,-0,002654806,0,9902614,-0,001197969,-0,1391898,0,0,0,0,0,0,0,0,0,0,0,0,0,0,0,0,0,0,0,0,0,0,1,1,1,False
4,239425,-10,48907,1,693685,-1,37557,-0,002654806,0,9902614,-0,001197969,-0,1391898,0,0,0,0,0,0,0,0,0,0,0,0,0,0,0,0,0,0,0,0,0,0,1,1,1,False
4,252667,-10,48907,1,693685,-1,37557,-0,002654806,0,9902614,-0,001197969,-0,1391898,0,0,0,0,0,0,0,0,0,0,0,0,0,0,0,0,0,0,0,0,0,0,1,1,1,False
4,276535,-10,48907,1,693685,-1,37557,-0,002654806,0,9902614,-0,001197969,-0,1391898,0,0,0,0,0,0,0,0,0,0,0,0,0,0,0,0,0,0,0,0,0,0,1,1,1,False
4,290935,-10,48907,1,693685,-1,37557,-0,002654806,0,9902614,-0,001197969,-0,1391898,0,0,0,0,0,0,0,0,0,0,0,0,0,0,0,0,0,0,0,0,0,0,1,1,1,False
4,305364,-10,48907,1,693685,-1,37557,-0,002654806,0,9902614,-0,001197969,-0,1391898,0,0,0,0,0,0,0,0,0,0,0,0,0,0,0,0,0,0,0,0,0,0,1,1,1,False
4,319726,-10,48907,1,693685,-1,37557,-0,002654806,0,9902614,-0,001197969,-0,1391898,0,0,0,0,0,0,0,0,0,0,0,0,0,0,0,0,0,0,0,0,0,0,1,1,1,False
4,333093,-10,48907,1,693685,-1,37557,-0,002654806,0,9902614,-0,001197969,-0,1391898,0,0,0,0,0,0,0,0,0,0,0,0,0,0,0,0,0,0,0,0,0,0,1,1,1,False
4,347141,-10,48907,1,693685,-1,37557,-0,002654806,0,9902614,-0,001197969,-0,1391898,0,0,0,0,0,0,0,0,0,0,0,0,0,0,0,0,0,0,0,0,0,0,1,1,1,False
4,361214,-10,48907,1,693685,-1,37557,-0,002654806,0,9902614,-0,001197969,-0,1391898,0,0,0,0,0,0,0,0,0,0,0,0,0,0,0,0,0,0,0,0,0,0,1,1,1,False
4,375312,-10,48907,1,693685,-1,37557,-0,002654806,0,9902614,-0,001197969,-0,1391898,0,0,0,0,0,0,0,0,0,0,0,0,0,0,0,0,0,0,0,0,0,0,1,1,1,False
4,38921,-10,48907,1,693685,-1,37557,-0,002654806,0,9902614,-0,001197969,-0,1391898,0,0,0,0,0,0,0,0,0,0,0,0,0,0,0,0,0,0,0,0,0,0,1,1,1,False
4,404587,-10,48907,1,693685,-1,37557,-0,002654806,0,9902614,-0,001197969,-0,1391898,0,0,0,0,0,0,0,0,0,0,0,0,0,0,0,0,0,0,0,0,0,0,1,1,1,False
4,430203,-10,48907,1,693685,-1,37557,-0,002654806,0,9902614,-0,001197969,-0,1391898,0,0,0,0,0,0,0,0,0,0,0,0,0,0,0,0,0,0,0,0,0,0,1,1,1,False
4,444518,-10,48907,1,693685,-1,37557,-0,002654806,0,9902614,-0,001197969,-0,1391898,0,0,0,0,0,0,0,0,0,0,0,0,0,0,0,0,0,0,0,0,0,0,1,1,1,False
4,458876,-10,48907,1,693685,-1,37557,-0,002654806,0,9902614,-0,001197969,-0,1391898,0,0,0,0,0,0,0,0,0,0,0,0,0,0,0,0,0,0,0,0,0,0,1,1,1,False
4,471827,-10,48907,1,693685,-1,37557,-0,002654806,0,9902614,-0,001197969,-0,1391898,0,0,0,0,0,0,0,0,0,0,0,0,0,0,0,0,0,0,0,0,0,0,1,1,1,False
4,486309,-10,48907,1,693685,-1,37557,-0,002654806,0,9902614,-0,001197969,-0,1391898,0,0,0,0,0,0,0,0,0,0,0,0,0,0,0,0,0,0,0,0,0,0,1,1,1,False
4,500285,-10,48907,1,693685,-1,37557,-0,002654806,0,9902614,-0,001197969,-0,1391898,0,0,0,0,0,0,0,0,0,0,0,0,0,0,0,0,0,0,0,0,0,0,1,1,1,False
4,514253,-10,48907,1,693685,-1,37557,-0,002654806,0,9902614,-0,001197969,-0,1391898,0,0,0,0,0,0,0,0,0,0,0,0,0,0,0,0,0,0,0,0,0,0,1,1,1,False
4,527843,-10,48907,1,693685,-1,37557,-0,002654806,0,9902614,-0,001197969,-0,1391898,0,0,0,0,0,0,0,0,0,0,0,0,0,0,0,0,0,0,0,0,0,0,1,1,1,False
4,542564,-10,48907,1,693685,-1,37557,-0,002654806,0,9902614,-0,001197969,-0,1391898,0,0,0,0,0,0,0,0,0,0,0,0,0,0,0,0,0,0,0,0,0,0,1,1,1,False
4,557367,-10,48907,1,693685,-1,37557,-0,002654806,0,9902614,-0,001197969,-0,1391898,0,0,0,0,0,0,0,0,0,0,0,0,0,0,0,0,0,0,0,0,0,0,1,1,1,False
4,581076,-10,48907,1,693685,-1,37557,-0,002654806,0,9902614,-0,001197969,-0,1391898,0,0,0,0,0,0,0,0,0,0,0,0,0,0,0,0,0,0,0,0,0,0,1,1,1,False
4,595943,-10,48907,1,693685,-1,37557,-0,002654806,0,9902614,-0,001197969,-0,1391898,0,0,0,0,0,0,0,0,0,0,0,0,0,0,0,0,0,0,0,0,0,0,1,1,1,False
4,609918,-10,48907,1,693685,-1,37557,-0,002654806,0,9902614,-0,001197969,-0,1391898,0,0,0,0,0,0,0,0,0,0,0,0,0,0,0,0,0,0,0,0,0,0,1,1,1,False
4,624041,-10,48907,1,693685,-1,37557,-0,002654806,0,9902614,-0,001197969,-0,1391898,0,0,0,0,0,0,0,0,0,0,0,0,0,0,0,0,0,0,0,0,0,0,1,1,1,False
4,638105,-10,48907,1,693685,-1,37557,-0,002654806,0,9902614,-0,001197969,-0,1391898,0,0,0,0,0,0,0,0,0,0,0,0,0,0,0,0,0,0,0,0,0,0,1,1,1,False
4,652289,-10,48907,1,693685,-1,37557,-0,002654806,0,9902614,-0,001197969,-0,1391898,0,0,0,0,0,0,0,0,0,0,0,0,0,0,0,0,0,0,0,0,0,0,1,1,1,False
4,666889,-10,48907,1,693685,-1,37557,-0,002654806,0,9902614,-0,001197969,-0,1391898,0,0,0,0,0,0,0,0,0,0,0,0,0,0,0,0,0,0,0,0,0,0,1,1,1,False
4,681034,-10,48907,1,693685,-1,37557,-0,002654806,0,9902614,-0,001197969,-0,1391898,0,0,0,0,0,0,0,0,0,0,0,0,0,0,0,0,0,0,0,0,0,0,1,1,1,False
4,695179,-10,48907,1,693685,-1,37557,-0,002654806,0,9902614,-0,001197969,-0,1391898,0,0,0,0,0,0,0,0,0,0,0,0,0,0,0,0,0,0,0,0,0,0,1,1,1,False
4,709333,-10,48907,1,693685,-1,37557,-0,002654806,0,9902614,-0,001197969,-0,1391898,0,0,0,0,0,0,0,0,0,0,0,0,0,0,0,0,0,0,0,0,0,0,1,1,1,False
4,733122,-10,48907,1,693685,-1,37557,-0,002654806,0,9902614,-0,001197969,-0,1391898,0,0,0,0,0,0,0,0,0,0,0,0,0,0,0,0,0,0,0,0,0,0,1,1,1,False
4,747395,-10,48907,1,693685,-1,37557,-0,002654806,0,9902614,-0,001197969,-0,1391898,0,0,0,0,0,0,0,0,0,0,0,0,0,0,0,0,0,0,0,0,0,0,1,1,1,False
4,761634,-10,48907,1,693685,-1,37557,-0,002654806,0,9902614,-0,001197969,-0,1391898,0,0,0,0,0,0,0,0,0,0,0,0,0,0,0,0,0,0,0,0,0,0,1,1,1,False
4,775465,-10,48907,1,693685,-1,37557,-0,002654806,0,9902614,-0,001197969,-0,1391898,0,0,0,0,0,0,0,0,0,0,0,0,0,0,0,0,0,0,0,0,0,0,1,1,1,False
4,788552,-10,48907,1,693685,-1,37557,-0,002654806,0,9902614,-0,001197969,-0,1391898,0,0,0,0,0,0,0,0,0,0,0,0,0,0,0,0,0,0,0,0,0,0,1,1,1,False
4,802566,-10,48907,1,693685,-1,37557,-0,002654806,0,9902614,-0,001197969,-0,1391898,0,0,0,0,0,0,0,0,0,0,0,0,0,0,0,0,0,0,0,0,0,0,1,1,1,False
4,816695,-10,48907,1,693685,-1,37557,-0,002654806,0,9902614,-0,001197969,-0,1391898,0,0,0,0,0,0,0,0,0,0,0,0,0,0,0,0,0,0,0,0,0,0,1,1,1,False
4,829769,-10,48907,1,693685,-1,37557,-0,002654806,0,9902614,-0,001197969,-0,1391898,0,0,0,0,0,0,0,0,0,0,0,0,0,0,0,0,0,0,0,0,0,0,1,1,1,False
4,843594,-10,48907,1,693685,-1,37557,-0,002654806,0,9902614,-0,001197969,-0,1391898,0,0,0,0,0,0,0,0,0,0,0,0,0,0,0,0,0,0,0,0,0,0,1,1,1,False
4,857954,-10,48907,1,693685,-1,37557,-0,002654806,0,9902614,-0,001197969,-0,1391898,0,0,0,0,0,0,0,0,0,0,0,0,0,0,0,0,0,0,0,0,0,0,1,1,1,False
4,870996,-10,48907,1,693685,-1,37557,-0,002654806,0,9902614,-0,001197969,-0,1391898,0,0,0,0,0,0,0,0,0,0,0,0,0,0,0,0,0,0,0,0,0,0,1,1,1,False
4,89466,-10,48907,1,693685,-1,37557,-0,002654806,0,9902614,-0,001197969,-0,1391898,0,0,0,0,0,0,0,0,0,0,0,0,0,0,0,0,0,0,0,0,0,0,1,1,1,False
4,90845,-10,48907,1,693685,-1,37557,-0,002654806,0,9902614,-0,001197969,-0,1391898,0,0,0,0,0,0,0,0,0,0,0,0,0,0,0,0,0,0,0,0,0,0,1,1,1,False
4,922188,-10,48907,1,693685,-1,37557,-0,002654806,0,9902614,-0,001197969,-0,1391898,0,0,0,0,0,0,0,0,0,0,0,0,0,0,0,0,0,0,0,0,0,0,1,1,1,False
4,936219,-10,48907,1,693685,-1,37557,-0,002654806,0,9902614,-0,001197969,-0,1391898,0,0,0,0,0,0,0,0,0,0,0,0,0,0,0,0,0,0,0,0,0,0,1,1,1,False
4,949477,-10,48907,1,693685,-1,37557,-0,002654806,0,9902614,-0,001197969,-0,1391898,0,0,0,0,0,0,0,0,0,0,0,0,0,0,0,0,0,0,0,0,0,0,1,1,1,False
4,963838,-10,48907,1,693685,-1,37557,-0,002654806,0,9902614,-0,001197969,-0,1391898,0,0,0,0,0,0,0,0,0,0,0,0,0,0,0,0,0,0,0,0,0,0,1,1,1,False
4,977867,-10,48907,1,693685,-1,37557,-0,002654806,0,9902614,-0,001197969,-0,1391898,0,0,0,0,0,0,0,0,0,0,0,0,0,0,0,0,0,0,0,0,0,0,1,1,1,False
4,990499,-10,48907,1,693685,-1,37557,-0,002654806,0,9902614,-0,001197969,-0,1391898,0,0,0,0,0,0,0,0,0,0,0,0,0,0,0,0,0,0,0,0,0,0,1,1,1,False
5,004078,-10,48907,1,693685,-1,37557,-0,002654806,0,9902614,-0,001197969,-0,1391898,0,0,0,0,0,0,0,0,0,0,0,0,0,0,0,0,0,0,0,0,0,0,1,1,1,False
5,017834,-10,48907,1,693685,-1,37557,-0,002654806,0,9902614,-0,001197969,-0,1391898,0,0,0,0,0,0,0,0,0,0,0,0,0,0,0,0,0,0,0,0,0,0,1,1,1,False
5,030447,-10,48907,1,693685,-1,37557,-0,002654806,0,9902614,-0,001197969,-0,1391898,0,0,0,0,0,0,0,0,0,0,0,0,0,0,0,0,0,0,0,0,0,0,1,1,1,False
5,057178,-10,48907,1,693685,-1,37557,-0,002654806,0,9902614,-0,001197969,-0,1391898,0,0,0,0,0,0,0,0,0,0,0,0,0,0,0,0,0,0,0,0,0,0,1,1,1,False
5,071181,-10,48907,1,693685,-1,37557,-0,002654806,0,9902614,-0,001197969,-0,1391898,0,0,0,0,0,0,0,0,0,0,0,0,0,0,0,0,0,0,0,0,0,0,1,1,1,False
5,08533,-10,48907,1,693685,-1,37557,-0,002654806,0,9902614,-0,001197969,-0,1391898,0,0,0,0,0,0,0,0,0,0,0,0,0,0,0,0,0,0,0,0,0,0,1,1,1,False
5,099586,-10,48907,1,693685,-1,37557,-0,002654806,0,9902614,-0,001197969,-0,1391898,0,0,0,0,0,0,0,0,0,0,0,0,0,0,0,0,0,0,0,0,0,0,1,1,1,False
5,113673,-10,48907,1,693685,-1,37557,-0,002654806,0,9902614,-0,001197969,-0,1391898,0,0,0,0,0,0,0,0,0,0,0,0,0,0,0,0,0,0,0,0,0,0,1,1,1,False
5,127494,-10,48907,1,693685,-1,37557,-0,002654806,0,9902614,-0,001197969,-0,1391898,0,0,0,0,0,0,0,0,0,0,0,0,0,0,0,0,0,0,0,0,0,0,1,1,1,False
5,142701,-10,48907,1,693685,-1,37557,-0,002654806,0,9902614,-0,001197969,-0,1391898,0,0,0,0,0,0,0,0,0,0,0,0,0,0,0,0,0,0,0,0,0,0,1,1,1,False
5,157543,-10,48907,1,693685,-1,37557,-0,002654806,0,9902614,-0,001197969,-0,1391898,0,0,0,0,0,0,0,0,0,0,0,0,0,0,0,0,0,0,0,0,0,0,1,1,1,False
5,173057,-10,48907,1,693685,-1,37557,-0,002654806,0,9902614,-0,001197969,-0,1391898,0,0,0,0,0,0,0,0,0,0,0,0,0,0,0,0,0,0,0,0,0,0,1,1,1,False
5,187127,-10,48907,1,693685,-1,37557,-0,002654806,0,9902614,-0,001197969,-0,1391898,0,0,0,0,0,0,0,0,0,0,0,0,0,0,0,0,0,0,0,0,0,0,1,1,1,False
5,211584,-10,48907,1,693685,-1,37557,-0,002654806,0,9902614,-0,001197969,-0,1391898,0,0,0,0,0,0,0,0,0,0,0,0,0,0,0,0,0,0,0,0,0,0,1,1,1,False
5,22534,-10,48907,1,693685,-1,37557,-0,002654806,0,9902614,-0,001197969,-0,1391898,0,0,0,0,0,0,0,0,0,0,0,0,0,0,0,0,0,0,0,0,0,0,1,1,1,False
5,239367,-10,48907,1,693685,-1,37557,-0,002654806,0,9902614,-0,001197969,-0,1391898,0,0,0,0,0,0,0,0,0,0,0,0,0,0,0,0,0,0,0,0,0,0,1,1,1,False
5,252739,-10,48907,1,693685,-1,37557,-0,002654806,0,9902614,-0,001197969,-0,1391898,0,0,0,0,0,0,0,0,0,0,0,0,0,0,0,0,0,0,0,0,0,0,1,1,1,False
5,266865,-10,48907,1,693685,-1,37557,-0,002654806,0,9902614,-0,001197969,-0,1391898,0,0,0,0,0,0,0,0,0,0,0,0,0,0,0,0,0,0,0,0,0,0,1,1,1,False
5,280907,-10,48907,1,693685,-1,37557,-0,002654806,0,9902614,-0,001197969,-0,1391898,0,0,0,0,0,0,0,0,0,0,0,0,0,0,0,0,0,0,0,0,0,0,1,1,1,False
5,294919,-10,48907,1,693685,-1,37557,-0,002654806,0,9902614,-0,001197969,-0,1391898,0,0,0,0,0,0,0,0,0,0,0,0,0,0,0,0,0,0,0,0,0,0,1,1,1,False
5,308224,-10,48907,1,693685,-1,37557,-0,002654806,0,9902614,-0,001197969,-0,1391898,0,0,0,0,0,0,0,0,0,0,0,0,0,0,0,0,0,0,0,0,0,0,1,1,1,False
5,322093,-10,48907,1,693685,-1,37557,-0,002654806,0,9902614,-0,001197969,-0,1391898,0,0,0,0,0,0,0,0,0,0,0,0,0,0,0,0,0,0,0,0,0,0,1,1,1,False
5,335908,-10,48907,1,693685,-1,37557,-0,002654806,0,9902614,-0,001197969,-0,1391898,0,0,0,0,0,0,0,0,0,0,0,0,0,0,0,0,0,0,0,0,0,0,1,1,1,False
5,34891,-10,48907,1,693685,-1,37557,-0,002654806,0,9902614,-0,001197969,-0,1391898,0,0,0,0,0,0,0,0,0,0,0,0,0,0,0,0,0,0,0,0,0,0,1,1,1,False
5,372974,-10,48907,1,693685,-1,37557,-0,002654806,0,9902614,-0,001197969,-0,1391898,0,0,0,0,0,0,0,0,0,0,0,0,0,0,0,0,0,0,0,0,0,0,1,1,1,False
5,386982,-10,48907,1,693685,-1,37557,-0,002654806,0,9902614,-0,001197969,-0,1391898,0,0,0,0,0,0,0,0,0,0,0,0,0,0,0,0,0,0,0,0,0,0,1,1,1,False
5,401014,-10,48907,1,693685,-1,37557,-0,002654806,0,9902614,-0,001197969,-0,1391898,0,0,0,0,0,0,0,0,0,0,0,0,0,0,0,0,0,0,0,0,0,0,1,1,1,False
5,41505,-10,48907,1,693685,-1,37557,-0,002654806,0,9902614,-0,001197969,-0,1391898,0,0,0,0,0,0,0,0,0,0,0,0,0,0,0,0,0,0,0,0,0,0,1,1,1,False
5,428077,-10,48907,1,693685,-1,37557,-0,002654806,0,9902614,-0,001197969,-0,1391898,0,0,0,0,0,0,0,0,0,0,0,0,0,0,0,0,0,0,0,0,0,0,1,1,1,False
5,442112,-10,48907,1,693685,-1,37557,-0,002654806,0,9902614,-0,001197969,-0,1391898,0,0,0,0,0,0,0,0,0,0,0,0,0,0,0,0,0,0,0,0,0,0,1,1,1,False
5,456425,-10,48907,1,693685,-1,37557,-0,002654806,0,9902614,-0,001197969,-0,1391898,0,0,0,0,0,0,0,0,0,0,0,0,0,0,0,0,0,0,0,0,0,0,1,1,1,False
5,469379,-10,48907,1,693685,-1,37557,-0,002654806,0,9902614,-0,001197969,-0,1391898,0,0,0,0,0,0,0,0,0,0,0,0,0,0,0,0,0,0,0,0,0,0,1,1,1,False
5,483345,-10,48907,1,693685,-1,37557,-0,002654806,0,9902614,-0,001197969,-0,1391898,0,0,0,0,0,0,0,0,0,0,0,0,0,0,0,0,0,0,0,0,0,0,1,1,1,False
5,497159,-10,48907,1,693685,-1,37557,-0,002654806,0,9902614,-0,001197969,-0,1391898,0,0,0,0,0,0,0,0,0,0,0,0,0,0,0,0,0,0,0,0,0,0,1,1,1,False
5,510568,-10,48907,1,693685,-1,37557,-0,002654806,0,9902614,-0,001197969,-0,1391898,0,0,0,0,0,0,0,0,0,0,0,0,0,0,0,0,0,0,0,0,0,0,1,1,1,False
5,534554,-10,48907,1,693685,-1,37557,-0,002654806,0,9902614,-0,001197969,-0,1391898,0,0,0,0,0,0,0,0,0,0,0,0,0,0,0,0,0,0,0,0,0,0,1,1,1,False
5,548412,-10,48907,1,693685,-1,37557,-0,002654806,0,9902614,-0,001197969,-0,1391898,0,0,0,0,0,0,0,0,0,0,0,0,0,0,0,0,0,0,0,0,0,0,1,1,1,False
5,562573,-10,48907,1,693685,-1,37557,-0,002654806,0,9902614,-0,001197969,-0,1391898,0,0,0,0,0,0,0,0,0,0,0,0,0,0,0,0,0,0,0,0,0,0,1,1,1,False
5,576472,-10,48907,1,693685,-1,37557,-0,002654806,0,9902614,-0,001197969,-0,1391898,0,0,0,0,0,0,0,0,0,0,0,0,0,0,0,0,0,0,0,0,0,0,1,1,1,False
5,589032,-10,48907,1,693685,-1,37557,-0,002654806,0,9902614,-0,001197969,-0,1391898,0,0,0,0,0,0,0,0,0,0,0,0,0,0,0,0,0,0,0,0,0,0,1,1,1,False
5,603179,-10,48907,1,693685,-1,37557,-0,002654806,0,9902614,-0,001197969,-0,1391898,0,0,0,0,0,0,0,0,0,0,0,0,0,0,0,0,0,0,0,0,0,0,1,1,1,False
5,617482,-10,48907,1,693685,-1,37557,-0,002654806,0,9902614,-0,001197969,-0,1391898,0,0,0,0,0,0,0,0,0,0,0,0,0,0,0,0,0,0,0,0,0,0,1,1,1,False
5,629795,-10,48907,1,693685,-1,37557,-0,002654806,0,9902614,-0,001197969,-0,1391898,0,0,0,0,0,0,0,0,0,0,0,0,0,0,0,0,0,0,0,0,0,0,1,1,1,False
5,643186,-10,48907,1,693685,-1,37557,-0,002654806,0,9902614,-0,001197969,-0,1391898,0,0,0,0,0,0,0,0,0,0,0,0,0,0,0,0,0,0,0,0,0,0,1,1,1,False
5,657049,-10,48907,1,693685,-1,37557,-0,002654806,0,9902614,-0,001197969,-0,1391898,0,0,0,0,0,0,0,0,0,0,0,0,0,0,0,0,0,0,0,0,0,0,1,1,1,False
5,66952,-10,48907,1,693685,-1,37557,-0,002654806,0,9902614,-0,001197969,-0,1391898,0,0,0,0,0,0,0,0,0,0,0,0,0,0,0,0,0,0,0,0,0,0,1,1,1,False
5,692681,-10,48907,1,693685,-1,37557,-0,002654806,0,9902614,-0,001197969,-0,1391898,0,0,0,0,0,0,0,0,0,0,0,0,0,0,0,0,0,0,0,0,0,0,1,1,1,False
5,707509,-10,48907,1,693685,-1,37557,-0,002654806,0,9902614,-0,001197969,-0,1391898,0,0,0,0,0,0,0,0,0,0,0,0,0,0,0,0,0,0,0,0,0,0,1,1,1,False
5,722896,-10,48907,1,693685,-1,37557,-0,002654806,0,9902614,-0,001197969,-0,1391898,0,0,0,0,0,0,0,0,0,0,0,0,0,0,0,0,0,0,0,0,0,0,1,1,1,False
5,737011,-10,48907,1,693685,-1,37557,-0,002654806,0,9902614,-0,001197969,-0,1391898,0,0,0,0,0,0,0,0,0,0,0,0,0,0,0,0,0,0,0,0,0,0,1,1,1,False
5,750206,-10,48907,1,693685,-1,37557,-0,002654806,0,9902614,-0,001197969,-0,1391898,0,0,0,0,0,0,0,0,0,0,0,0,0,0,0,0,0,0,0,0,0,0,1,1,1,False
5,764015,-10,48907,1,693685,-1,37557,-0,002654806,0,9902614,-0,001197969,-0,1391898,0,0,0,0,0,0,0,0,0,0,0,0,0,0,0,0,0,0,0,0,0,0,1,1,1,False
5,777863,-10,48907,1,693685,-1,37557,-0,002654806,0,9902614,-0,001197969,-0,1391898,0,0,0,0,0,0,0,0,0,0,0,0,0,0,0,0,0,0,0,0,0,0,1,1,1,False
5,791059,-10,48907,1,693685,-1,37557,-0,002654806,0,9902614,-0,001197969,-0,1391898,0,0,0,0,0,0,0,0,0,0,0,0,0,0,0,0,0,0,0,0,0,0,1,1,1,False
5,804847,-10,48907,1,693685,-1,37557,-0,002654806,0,9902614,-0,001197969,-0,1391898,0,0,0,0,0,0,0,0,0,0,0,0,0,0,0,0,0,0,0,0,0,0,1,1,1,False
5,818676,-10,48907,1,693685,-1,37557,-0,002654806,0,9902614,-0,001197969,-0,1391898,0,0,0,0,0,0,0,0,0,0,0,0,0,0,0,0,0,0,0,0,0,0,1,1,1,False
5,831741,-10,48907,1,693685,-1,37557,-0,002654806,0,9902614,-0,001197969,-0,1391898,0,0,0,0,0,0,0,0,0,0,0,0,0,0,0,0,0,0,0,0,0,0,1,1,1,False
5,855762,-10,48907,1,693685,-1,37557,-0,002654806,0,9902614,-0,001197969,-0,1391898,0,0,0,0,0,0,0,0,0,0,0,0,0,0,0,0,0,0,0,0,0,0,1,1,1,False
5,869364,-10,48907,1,693685,-1,37557,-0,002654806,0,9902614,-0,001197969,-0,1391898,0,0,0,0,0,0,0,0,0,0,0,0,0,0,0,0,0,0,0,0,0,0,1,1,1,False
5,883085,-10,48907,1,693685,-1,37557,-0,002654806,0,9902614,-0,001197969,-0,1391898,0,0,0,0,0,0,0,0,0,0,0,0,0,0,0,0,0,0,0,0,0,0,1,1,1,False
5,897151,-10,48907,1,693685,-1,37557,-0,002654806,0,9902614,-0,001197969,-0,1391898,0,0,0,0,0,0,0,0,0,0,0,0,0,0,0,0,0,0,0,0,0,0,1,1,1,False
5,910304,-10,48907,1,693685,-1,37557,-0,002654806,0,9902614,-0,001197969,-0,1391898,0,0,0,0,0,0,0,0,0,0,0,0,0,0,0,0,0,0,0,0,0,0,1,1,1,False
5,924314,-10,48907,1,693685,-1,37557,-0,002654806,0,9902614,-0,001197969,-0,1391898,0,0,0,0,0,0,0,0,0,0,0,0,0,0,0,0,0,0,0,0,0,0,1,1,1,False
5,938134,-10,48907,1,693685,-1,37557,-0,002654806,0,9902614,-0,001197969,-0,1391898,0,0,0,0,0,0,0,0,0,0,0,0,0,0,0,0,0,0,0,0,0,0,1,1,1,False
5,951043,-10,48907,1,693685,-1,37557,-0,002654806,0,9902614,-0,001197969,-0,1391898,0,0,0,0,0,0,0,0,0,0,0,0,0,0,0,0,0,0,0,0,0,0,1,1,1,False
5,965046,-10,48907,1,693685,-1,37557,-0,002654806,0,9902614,-0,001197969,-0,1391898,0,0,0,0,0,0,0,0,0,0,0,0,0,0,0,0,0,0,0,0,0,0,1,1,1,False
5,978889,-10,48907,1,693685,-1,37557,-0,002654806,0,9902614,-0,001197969,-0,1391898,0,0,0,0,0,0,0,0,0,0,0,0,0,0,0,0,0,0,0,0,0,0,1,1,1,False
5,991913,-10,48907,1,693685,-1,37557,-0,002654806,0,9902614,-0,001197969,-0,1391898,0,0,0,0,0,0,0,0,0,0,0,0,0,0,0,0,0,0,0,0,0,0,1,1,1,False
6,015797,-10,48907,1,693685,-1,37557,-0,002654806,0,9902614,-0,001197969,-0,1391898,0,0,0,0,0,0,0,0,0,0,0,0,0,0,0,0,0,0,0,0,0,0,1,1,1,False
6,029593,-10,48907,1,693685,-1,37557,-0,002654806,0,9902614,-0,001197969,-0,1391898,0,0,0,0,0,0,0,0,0,0,0,0,0,0,0,0,0,0,0,0,0,0,1,1,1,False
6,043535,-10,48907,1,693685,-1,37557,-0,002654806,0,9902614,-0,001197969,-0,1391898,0,0,0,0,0,0,0,0,0,0,0,0,0,0,0,0,0,0,0,0,0,0,1,1,1,False
6,057438,-10,48907,1,693685,-1,37557,-0,002654806,0,9902614,-0,001197969,-0,1391898,0,0,0,0,0,0,0,0,0,0,0,0,0,0,0,0,0,0,0,0,0,0,1,1,1,False
6,070503,-10,48907,1,693685,-1,37557,-0,002654806,0,9902614,-0,001197969,-0,1391898,0,0,0,0,0,0,0,0,0,0,0,0,0,0,0,0,0,0,0,0,0,0,1,1,1,False
6,084423,-10,48907,1,693685,-1,37557,-0,002654806,0,9902614,-0,001197969,-0,1391898,0,0,0,0,0,0,0,0,0,0,0,0,0,0,0,0,0,0,0,0,0,0,1,1,1,False
6,098355,-10,48907,1,693685,-1,37557,-0,002654806,0,9902614,-0,001197969,-0,1391898,0,0,0,0,0,0,0,0,0,0,0,0,0,0,0,0,0,0,0,0,0,0,1,1,1,False
6,111366,-10,48907,1,693685,-1,37557,-0,002654806,0,9902614,-0,001197969,-0,1391898,0,0,0,0,0,0,0,0,0,0,0,0,0,0,0,0,0,0,0,0,0,0,1,1,1,False
6,125463,-10,48907,1,693685,-1,37557,-0,002654806,0,9902614,-0,001197969,-0,1391898,0,0,0,0,0,0,0,0,0,0,0,0,0,0,0,0,0,0,0,0,0,0,1,1,1,False
6,139494,-10,48907,1,693685,-1,37557,-0,002654806,0,9902614,-0,001197969,-0,1391898,0,0,0,0,0,0,0,0,0,0,0,0,0,0,0,0,0,0,0,0,0,0,1,1,1,False
6,152845,-10,48907,1,693685,-1,37557,-0,002654806,0,9902614,-0,001197969,-0,1391898,0,0,0,0,0,0,0,0,0,0,0,0,0,0,0,0,0,0,0,0,0,0,1,1,1,False
6,17732,-10,48907,1,693685,-1,37557,-0,002654806,0,9902614,-0,001197969,-0,1391898,0,0,0,0,0,0,0,0,0,0,0,0,0,0,0,0,0,0,0,0,0,0,1,1,1,False
6,192089,-10,48907,1,693685,-1,37557,-0,002654806,0,9902614,-0,001197969,-0,1391898,0,0,0,0,0,0,0,0,0,0,0,0,0,0,0,0,0,0,0,0,0,0,1,1,1,False
6,206296,-10,48907,1,693685,-1,37557,-0,002654806,0,9902614,-0,001197969,-0,1391898,0,0,0,0,0,0,0,0,0,0,0,0,0,0,0,0,0,0,0,0,0,0,1,1,1,False
6,220574,-10,48907,1,693685,-1,37557,-0,002654806,0,9902614,-0,001197969,-0,1391898,0,0,0,0,0,0,0,0,0,0,0,0,0,0,0,0,0,0,0,0,0,0,1,1,1,False
6,233593,-10,48907,1,693685,-1,37557,-0,002654806,0,9902614,-0,001197969,-0,1391898,0,0,0,0,0,0,0,0,0,0,0,0,0,0,0,0,0,0,0,0,0,0,1,1,1,False
6,24658,-10,48907,1,693685,-1,37557,-0,002654806,0,9902614,-0,001197969,-0,1391898,0,0,0,0,0,0,0,0,0,0,0,0,0,0,0,0,0,0,0,0,0,0,1,1,1,False
6,259799,-10,48907,1,693685,-1,37557,-0,002654806,0,9902614,-0,001197969,-0,1391898,0,0,0,0,0,0,0,0,0,0,0,0,0,0,0,0,0,0,0,0,0,0,1,1,1,False
6,27889,-10,48907,1,693685,-1,37557,-0,002654806,0,9902614,-0,001197969,-0,1391898,0,0,0,0,0,0,0,0,0,0,0,0,0,0,0,0,0,0,0,0,0,0,1,1,1,False
6,29213,-10,48907,1,693685,-1,37557,-0,002654806,0,9902614,-0,001197969,-0,1391898,0,0,0,0,0,0,0,0,0,0,0,0,0,0,0,0,0,0,0,0,0,0,1,1,1,False
6,305691,-10,48907,1,693685,-1,37557,-0,002654806,0,9902614,-0,001197969,-0,1391898,0,0,0,0,0,0,0,0,0,0,0,0,0,0,0,0,0,0,0,0,0,0,1,1,1,False
6,329363,-10,48907,1,693685,-1,37557,-0,002654806,0,9902614,-0,001197969,-0,1391898,0,0,0,0,0,0,0,0,0,0,0,0,0,0,0,0,0,0,0,0,0,0,1,1,1,False
6,342607,-10,48907,1,693685,-1,37557,-0,002654806,0,9902614,-0,001197969,-0,1391898,0,0,0,0,0,0,0,0,0,0,0,0,0,0,0,0,0,0,0,0,0,0,1,1,1,False
6,355741,-10,48907,1,693685,-1,37557,-0,002654806,0,9902614,-0,001197969,-0,1391898,0,0,0,0,0,0,0,0,0,0,0,0,0,0,0,0,0,0,0,0,0,0,1,1,1,False
6,367792,-10,48907,1,693685,-1,37557,-0,002654806,0,9902614,-0,001197969,-0,1391898,0,0,0,0,0,0,0,0,0,0,0,0,0,0,0,0,0,0,0,0,0,0,1,1,1,False
6,381164,-10,48907,1,693685,-1,37557,-0,002654806,0,9902614,-0,001197969,-0,1391898,0,0,0,0,0,0,0,0,0,0,0,0,0,0,0,0,0,0,0,0,0,0,1,1,1,False
6,398176,-10,48907,1,693685,-1,37557,-0,002654806,0,9902614,-0,001197969,-0,1391898,0,0,0,0,0,0,0,0,0,0,0,0,0,0,0,0,0,0,0,0,0,0,1,1,1,False
6,423637,-10,48907,1,693685,-1,37557,-0,002654806,0,9902614,-0,001197969,-0,1391898,0,0,0,0,0,0,0,0,0,0,0,0,0,0,0,0,0,0,0,0,0,0,1,1,1,False
6,438684,-10,48907,1,693685,-1,37557,-0,002654806,0,9902614,-0,001197969,-0,1391898,0,0,0,0,0,0,0,0,0,0,0,0,0,0,0,0,0,0,0,0,0,0,1,1,1,False
6,452083,-10,48907,1,693685,-1,37557,-0,002654806,0,9902614,-0,001197969,-0,1391898,0,0,0,0,0,0,0,0,0,0,0,0,0,0,0,0,0,0,0,0,0,0,1,1,1,False
6,466257,-10,48907,1,693685,-1,37557,-0,002654806,0,9902614,-0,001197969,-0,1391898,0,0,0,0,0,0,0,0,0,0,0,0,0,0,0,0,0,0,0,0,0,0,1,1,1,False
6,494462,-10,48907,1,693685,-1,37557,-0,002654806,0,9902614,-0,001197969,-0,1391898,0,0,0,0,0,0,0,0,0,0,0,0,0,0,0,0,0,0,0,0,0,0,1,1,1,False
6,508553,-10,48907,1,693685,-1,37557,-0,002654806,0,9902614,-0,001197969,-0,1391898,0,0,0,0,0,0,0,0,0,0,0,0,0,0,0,0,0,0,0,0,0,0,1,1,1,False
6,522943,-10,48907,1,693685,-1,37557,-0,002654806,0,9902614,-0,001197969,-0,1391898,0,0,0,0,0,0,0,0,0,0,0,0,0,0,0,0,0,0,0,0,0,0,1,1,1,False
6,536772,-10,48907,1,693685,-1,37557,-0,002654806,0,9902614,-0,001197969,-0,1391898,0,0,0,0,0,0,0,0,0,0,0,0,0,0,0,0,0,0,0,0,0,0,1,1,1,False
6,549784,-10,48907,1,693685,-1,37557,-0,002654806,0,9902614,-0,001197969,-0,1391898,0,0,0,0,0,0,0,0,0,0,0,0,0,0,0,0,0,0,0,0,0,0,1,1,1,False
6,56403,-10,48907,1,693685,-1,37557,-0,002654806,0,9902614,-0,001197969,-0,1391898,0,0,0,0,0,0,0,0,0,0,0,0,0,0,0,0,0,0,0,0,0,0,1,1,1,False
6,578254,-10,48907,1,693685,-1,37557,-0,002654806,0,9902614,-0,001197969,-0,1391898,0,0,0,0,0,0,0,0,0,0,0,0,0,0,0,0,0,0,0,0,0,0,1,1,1,False
6,591777,-10,48907,1,693685,-1,37557,-0,002654806,0,9902614,-0,001197969,-0,1391898,0,0,0,0,0,0,0,0,0,0,0,0,0,0,0,0,0,0,0,0,0,0,1,1,1,False
6,605827,-10,48907,1,693685,-1,37557,-0,002654806,0,9902614,-0,001197969,-0,1391898,0,0,0,0,0,0,0,0,0,0,0,0,0,0,0,0,0,0,0,0,0,0,1,1,1,False
6,619884,-10,48907,1,693685,-1,37557,-0,002654806,0,9902614,-0,001197969,-0,1391898,0,0,0,0,0,0,0,0,0,0,0,0,0,0,0,0,0,0,0,0,0,0,1,1,1,False
6,643102,-10,48907,1,693685,-1,37557,-0,002654806,0,9902614,-0,001197969,-0,1391898,0,0,0,0,0,0,0,0,0,0,0,0,0,0,0,0,0,0,0,0,0,0,1,1,1,False
6,657235,-10,48907,1,693685,-1,37557,-0,002654806,0,9902614,-0,001197969,-0,1391898,0,0,0,0,0,0,0,0,0,0,0,0,0,0,0,0,0,0,0,0,0,0,1,1,1,False
6,670372,-10,48907,1,693685,-1,37557,-0,002654806,0,9902614,-0,001197969,-0,1391898,0,0,0,0,0,0,0,0,0,0,0,0,0,0,0,0,0,0,0,0,0,0,1,1,1,False
6,685119,-10,48907,1,693685,-1,37557,-0,002654806,0,9902614,-0,001197969,-0,1391898,0,0,0,0,0,0,0,0,0,0,0,0,0,0,0,0,0,0,0,0,0,0,1,1,1,False
6,698109,-10,48907,1,693685,-1,37557,-0,002654806,0,9902614,-0,001197969,-0,1391898,0,0,0,0,0,0,0,0,0,0,0,0,0,0,0,0,0,0,0,0,0,0,1,1,1,False
6,712341,-10,48907,1,693685,-1,37557,-0,002654806,0,9902614,-0,001197969,-0,1391898,0,0,0,0,0,0,0,0,0,0,0,0,0,0,0,0,0,0,0,0,0,0,1,1,1,False
6,725637,-10,48907,1,693685,-1,37557,-0,002654806,0,9902614,-0,001197969,-0,1391898,0,0,0,0,0,0,0,0,0,0,0,0,0,0,0,0,0,0,0,0,0,0,1,1,1,False
6,739059,-10,48907,1,693685,-1,37557,-0,002654806,0,9902614,-0,001197969,-0,1391898,0,0,0,0,0,0,0,0,0,0,0,0,0,0,0,0,0,0,0,0,0,0,1,1,1,False
6,751471,-10,48907,1,693685,-1,37557,-0,002654806,0,9902614,-0,001197969,-0,1391898,0,0,0,0,0,0,0,0,0,0,0,0,0,0,0,0,0,0,0,0,0,0,1,1,1,False
6,764785,-10,48907,1,693685,-1,37557,-0,002654806,0,9902614,-0,001197969,-0,1391898,0,0,0,0,0,0,0,0,0,0,0,0,0,0,0,0,0,0,0,0,0,0,1,1,1,False
6,778068,-10,48907,1,693685,-1,37557,-0,002654806,0,9902614,-0,001197969,-0,1391898,0,0,0,0,0,0,0,0,0,0,0,0,0,0,0,0,0,0,0,0,0,0,1,1,1,False
6,800734,-10,48907,1,693685,-1,37557,-0,002654806,0,9902614,-0,001197969,-0,1391898,0,0,0,0,0,0,0,0,0,0,0,0,0,0,0,0,0,0,0,0,0,0,1,1,1,False
6,815057,-10,48907,1,693685,-1,37557,-0,002654806,0,9902614,-0,001197969,-0,1391898,0,0,0,0,0,0,0,0,0,0,0,0,0,0,0,0,0,0,0,0,0,0,1,1,1,False
6,82799,-10,48907,1,693685,-1,37557,-0,002654806,0,9902614,-0,001197969,-0,1391898,0,0,0,0,0,0,0,0,0,0,0,0,0,0,0,0,0,0,0,0,0,0,1,1,1,False
6,842136,-10,48907,1,693685,-1,37557,-0,002654806,0,9902614,-0,001197969,-0,1391898,0,0,0,0,0,0,0,0,0,0,0,0,0,0,0,0,0,0,0,0,0,0,1,1,1,False
6,855894,-10,48907,1,693685,-1,37557,-0,002654806,0,9902614,-0,001197969,-0,1391898,0,0,0,0,0,0,0,0,0,0,0,0,0,0,0,0,0,0,0,0,0,0,1,1,1,False
6,868664,-10,48907,1,693685,-1,37557,-0,002654806,0,9902614,-0,001197969,-0,1391898,0,0,0,0,0,0,0,0,0,0,0,0,0,0,0,0,0,0,0,0,0,0,1,1,1,False
6,8824,-10,48907,1,693685,-1,37557,-0,002654806,0,9902614,-0,001197969,-0,1391898,0,0,0,0,0,0,0,0,0,0,0,0,0,0,0,0,0,0,0,0,0,0,1,1,1,False
6,896202,-10,48907,1,693685,-1,37557,-0,002654806,0,9902614,-0,001197969,-0,1391898,0,0,0,0,0,0,0,0,0,0,0,0,0,0,0,0,0,0,0,0,0,0,1,1,1,False
6,921305,-10,48907,1,693685,-1,37557,-0,002654806,0,9902614,-0,001197969,-0,1391898,0,0,0,0,0,0,0,0,0,0,0,0,0,0,0,0,0,0,0,0,0,0,1,1,1,False
6,93579,-10,48907,1,693685,-1,37557,-0,002654806,0,9902614,-0,001197969,-0,1391898,0,0,0,0,0,0,0,0,0,0,0,0,0,0,0,0,0,0,0,0,0,0,1,1,1,False
6,959143,-10,48907,1,693685,-1,37557,-0,002654806,0,9902614,-0,001197969,-0,1391898,0,0,0,0,0,0,0,0,0,0,0,0,0,0,0,0,0,0,0,0,0,0,1,1,1,False
6,972741,-10,48907,1,693685,-1,37557,-0,002654806,0,9902614,-0,001197969,-0,1391898,0,0,0,0,0,0,0,0,0,0,0,0,0,0,0,0,0,0,0,0,0,0,1,1,1,False
6,986172,-10,48907,1,693685,-1,37557,-0,002654806,0,9902614,-0,001197969,-0,1391898,0,0,0,0,0,0,0,0,0,0,0,0,0,0,0,0,0,0,0,0,0,0,1,1,1,False
6,999923,-10,48907,1,693685,-1,37557,-0,002654806,0,9902614,-0,001197969,-0,1391898,0,0,0,0,0,0,0,0,0,0,0,0,0,0,0,0,0,0,0,0,0,0,1,1,1,False
7,012945,-10,48907,1,693685,-1,37557,-0,002654806,0,9902614,-0,001197969,-0,1391898,0,0,0,0,0,0,0,0,0,0,0,0,0,0,0,0,0,0,0,0,0,0,1,1,1,False
7,026901,-10,48907,1,693685,-1,37557,-0,002654806,0,9902614,-0,001197969,-0,1391898,0,0,0,0,0,0,0,0,0,0,0,0,0,0,0,0,0,0,0,0,0,0,1,1,1,False
7,040823,-10,48907,1,693685,-1,37557,-0,002654806,0,9902614,-0,001197969,-0,1391898,0,0,0,0,0,0,0,0,0,0,0,0,0,0,0,0,0,0,0,0,0,0,1,1,1,False
7,053903,-10,48907,1,693685,-1,37557,-0,002654806,0,9902614,-0,001197969,-0,1391898,0,0,0,0,0,0,0,0,0,0,0,0,0,0,0,0,0,0,0,0,0,0,1,1,1,False
7,067232,-10,48907,1,693685,-1,37557,-0,002654806,0,9902614,-0,001197969,-0,1391898,0,0,0,0,0,0,0,0,0,0,0,0,0,0,0,0,0,0,0,0,0,0,1,1,1,False
7,08081,-10,48907,1,693685,-1,37557,-0,002654806,0,9902614,-0,001197969,-0,1391898,0,0,0,0,0,0,0,0,0,0,0,0,0,0,0,0,0,0,0,0,0,0,1,1,1,False
7,093966,-10,48907,1,693685,-1,37557,-0,002654806,0,9902614,-0,001197969,-0,1391898,0,0,0,0,0,0,0,0,0,0,0,0,0,0,0,0,0,0,0,0,0,0,1,1,1,False
7,117043,-10,48907,1,693685,-1,37557,-0,002654806,0,9902614,-0,001197969,-0,1391898,0,0,0,0,0,0,0,0,0,0,0,0,0,0,0,0,0,0,0,0,0,0,1,1,1,False
7,130776,-10,48907,1,693685,-1,37557,-0,002654806,0,9902614,-0,001197969,-0,1391898,0,0,0,0,0,0,0,0,0,0,0,0,0,0,0,0,0,0,0,0,0,0,1,1,1,False
7,144384,-10,48907,1,693685,-1,37557,-0,002654806,0,9902614,-0,001197969,-0,1391898,0,0,0,0,0,0,0,0,0,0,0,0,0,0,0,0,0,0,0,0,0,0,1,1,1,False
7,158515,-10,48907,1,693685,-1,37557,-0,002654806,0,9902614,-0,001197969,-0,1391898,0,0,0,0,0,0,0,0,0,0,0,0,0,0,0,0,0,0,0,0,0,0,1,1,1,False
7,171387,-10,48907,1,693685,-1,37557,-0,002654806,0,9902614,-0,001197969,-0,1391898,0,0,0,0,0,0,0,0,0,0,0,0,0,0,0,0,0,0,0,0,0,0,1,1,1,False
7,184971,-10,48907,1,693685,-1,37557,-0,002654806,0,9902614,-0,001197969,-0,1391898,0,0,0,0,0,0,0,0,0,0,0,0,0,0,0,0,0,0,0,0,0,0,1,1,1,False
7,199069,-10,48907,1,693685,-1,37557,-0,002654806,0,9902614,-0,001197969,-0,1391898,0,0,0,0,0,0,0,0,0,0,0,0,0,0,0,0,0,0,0,0,0,0,1,1,1,False
7,211954,-10,48907,1,693685,-1,37557,-0,002654806,0,9902614,-0,001197969,-0,1391898,0,0,0,0,0,0,0,0,0,0,0,0,0,0,0,0,0,0,0,0,0,0,1,1,1,False
7,225624,-10,48907,1,693685,-1,37557,-0,002654806,0,9902614,-0,001197969,-0,1391898,0,0,0,0,0,0,0,0,0,0,0,0,0,0,0,0,0,0,0,0,0,0,1,1,1,False
7,239251,-10,48907,1,693685,-1,37557,-0,002654806,0,9902614,-0,001197969,-0,1391898,0,0,0,0,0,0,0,0,0,0,0,0,0,0,0,0,0,0,0,0,0,0,1,1,1,False
7,252464,-10,48907,1,693685,-1,37557,-0,002654806,0,9902614,-0,001197969,-0,1391898,0,0,0,0,0,0,0,0,0,0,0,0,0,0,0,0,0,0,0,0,0,0,1,1,1,False
7,276405,-10,48907,1,693685,-1,37557,-0,002654806,0,9902614,-0,001197969,-0,1391898,0,0,0,0,0,0,0,0,0,0,0,0,0,0,0,0,0,0,0,0,0,0,1,1,1,False
7,290338,-10,48907,1,693685,-1,37557,-0,002654806,0,9902614,-0,001197969,-0,1391898,0,0,0,0,0,0,0,0,0,0,0,0,0,0,0,0,0,0,0,0,0,0,1,1,1,False
7,304185,-10,48907,1,693685,-1,37557,-0,002654806,0,9902614,-0,001197969,-0,1391898,0,0,0,0,0,0,0,0,0,0,0,0,0,0,0,0,0,0,0,0,0,0,1,1,1,False
7,318672,-10,48907,1,693685,-1,37557,-0,002654806,0,9902614,-0,001197969,-0,1391898,0,0,0,0,0,0,0,0,0,0,0,0,0,0,0,0,0,0,0,0,0,0,1,1,1,False
7,332338,-10,48907,1,693685,-1,37557,-0,002654806,0,9902614,-0,001197969,-0,1391898,0,0,0,0,0,0,0,0,0,0,0,0,0,0,0,0,0,0,0,0,0,0,1,1,1,False
7,346181,-10,48907,1,693685,-1,37557,-0,002654806,0,9902614,-0,001197969,-0,1391898,0,0,0,0,0,0,0,0,0,0,0,0,0,0,0,0,0,0,0,0,0,0,1,1,1,False
7,360324,-10,48907,1,693685,-1,37557,-0,002654806,0,9902614,-0,001197969,-0,1391898,0,0,0,0,0,0,0,0,0,0,0,0,0,0,0,0,0,0,0,0,0,0,1,1,1,False
7,374549,-10,48907,1,693685,-1,37557,-0,002654806,0,9902614,-0,001197969,-0,1391898,0,0,0,0,0,0,0,0,0,0,0,0,0,0,0,0,0,0,0,0,0,0,1,1,1,False
7,38745,-10,48907,1,693685,-1,37557,-0,002654806,0,9902614,-0,001197969,-0,1391898,0,0,0,0,0,0,0,0,0,0,0,0,0,0,0,0,0,0,0,0,0,0,1,1,1,False
7,401577,-10,48907,1,693685,-1,37557,-0,002654806,0,9902614,-0,001197969,-0,1391898,0,0,0,0,0,0,0,0,0,0,0,0,0,0,0,0,0,0,0,0,0,0,1,1,1,False
7,416052,-10,48907,1,693685,-1,37557,-0,002654806,0,9902614,-0,001197969,-0,1391898,0,0,0,0,0,0,0,0,0,0,0,0,0,0,0,0,0,0,0,0,0,0,1,1,1,False
7,438965,-10,48907,1,693685,-1,37557,-0,002654806,0,9902614,-0,001197969,-0,1391898,0,0,0,0,0,0,0,0,0,0,0,0,0,0,0,0,0,0,0,0,0,0,1,1,1,False
7,4527,-10,48907,1,693685,-1,37557,-0,002654806,0,9902614,-0,001197969,-0,1391898,0,0,0,0,0,0,0,0,0,0,0,0,0,0,0,0,0,0,0,0,0,0,1,1,1,False
7,466498,-10,48907,1,693685,-1,37557,-0,002654806,0,9902614,-0,001197969,-0,1391898,0,0,0,0,0,0,0,0,0,0,0,0,0,0,0,0,0,0,0,0,0,0,1,1,1,False
7,480468,-10,48907,1,693685,-1,37557,-0,002654806,0,9902614,-0,001197969,-0,1391898,0,0,0,0,0,0,0,0,0,0,0,0,0,0,0,0,0,0,0,0,0,0,1,1,1,False
7,494483,-10,48907,1,693685,-1,37557,-0,002654806,0,9902614,-0,001197969,-0,1391898,0,0,0,0,0,0,0,0,0,0,0,0,0,0,0,0,0,0,0,0,0,0,1,1,1,False
7,508015,-10,48907,1,693685,-1,37557,-0,002654806,0,9902614,-0,001197969,-0,1391898,0,0,0,0,0,0,0,0,0,0,0,0,0,0,0,0,0,0,0,0,0,0,1,1,1,False
7,522531,-10,48907,1,693685,-1,37557,-0,002654806,0,9902614,-0,001197969,-0,1391898,0,0,0,0,0,0,0,0,0,0,0,0,0,0,0,0,0,0,0,0,0,0,1,1,1,False
7,536542,-10,48907,1,693685,-1,37557,-0,002654806,0,9902614,-0,001197969,-0,1391898,0,0,0,0,0,0,0,0,0,0,0,0,0,0,0,0,0,0,0,0,0,0,1,1,1,False
7,54949,-10,48907,1,693685,-1,37557,-0,002654806,0,9902614,-0,001197969,-0,1391898,0,0,0,0,0,0,0,0,0,0,0,0,0,0,0,0,0,0,0,0,0,0,1,1,1,False
7,563714,-10,48907,1,693685,-1,37557,-0,002654806,0,9902614,-0,001197969,-0,1391898,0,0,0,0,0,0,0,0,0,0,0,0,0,0,0,0,0,0,0,0,0,0,1,1,1,False
7,577736,-10,48907,1,693685,-1,37557,-0,002654806,0,9902614,-0,001197969,-0,1391898,0,0,0,0,0,0,0,0,0,0,0,0,0,0,0,0,0,0,0,0,0,0,1,1,1,False
7,600623,-10,48907,1,693685,-1,37557,-0,002654806,0,9902614,-0,001197969,-0,1391898,0,0,0,0,0,0,0,0,0,0,0,0,0,0,0,0,0,0,0,0,0,0,1,1,1,False
7,615064,-10,48907,1,693685,-1,37557,-0,002654806,0,9902614,-0,001197969,-0,1391898,0,0,0,0,0,0,0,0,0,0,0,0,0,0,0,0,0,0,0,0,0,0,1,1,1,False
7,628399,-10,48907,1,693685,-1,37557,-0,002654806,0,9902614,-0,001197969,-0,1391898,0,0,0,0,0,0,0,0,0,0,0,0,0,0,0,0,0,0,0,0,0,0,1,1,1,False
7,64223,-10,48907,1,693685,-1,37557,-0,002654806,0,9902614,-0,001197969,-0,1391898,0,0,0,0,0,0,0,0,0,0,0,0,0,0,0,0,0,0,0,0,0,0,1,1,1,False
7,655995,-10,48907,1,693685,-1,37557,-0,002654806,0,9902614,-0,001197969,-0,1391898,0,0,0,0,0,0,0,0,0,0,0,0,0,0,0,0,0,0,0,0,0,0,1,1,1,False
7,669179,-10,48907,1,693685,-1,37557,-0,002654806,0,9902614,-0,001197969,-0,1391898,0,0,0,0,0,0,0,0,0,0,0,0,0,0,0,0,0,0,0,0,0,0,1,1,1,False
7,683541,-10,48907,1,693685,-1,37557,-0,002654806,0,9902614,-0,001197969,-0,1391898,0,0,0,0,0,0,0,0,0,0,0,0,0,0,0,0,0,0,0,0,0,0,1,1,1,False
7,697512,-10,48907,1,693685,-1,37557,-0,002654806,0,9902614,-0,001197969,-0,1391898,0,0,0,0,0,0,0,0,0,0,0,0,0,0,0,0,0,0,0,0,0,0,1,1,1,False
7,709866,-10,48907,1,693685,-1,37557,-0,002654806,0,9902614,-0,001197969,-0,1391898,0,0,0,0,0,0,0,0,0,0,0,0,0,0,0,0,0,0,0,0,0,0,1,1,1,False
7,724002,-10,48907,1,693685,-1,37557,-0,002654806,0,9902614,-0,001197969,-0,1391898,0,0,0,0,0,0,0,0,0,0,0,0,0,0,0,0,0,0,0,0,0,0,1,1,1,False
7,738054,-10,48907,1,693685,-1,37557,-0,002654806,0,9902614,-0,001197969,-0,1391898,0,0,0,0,0,0,0,0,0,0,0,0,0,0,0,0,0,0,0,0,0,0,1,1,1,False
7,760965,-10,48907,1,693685,-1,37557,-0,002654806,0,9902614,-0,001197969,-0,1391898,0,0,0,0,0,0,0,0,0,0,0,0,0,0,0,0,0,0,0,0,0,0,1,1,1,False
7,77491,-10,48907,1,693685,-1,37557,-0,002654806,0,9902614,-0,001197969,-0,1391898,0,0,0,0,0,0,0,0,0,0,0,0,0,0,0,0,0,0,0,0,0,0,1,1,1,False
7,787928,-10,48907,1,693685,-1,37557,-0,002654806,0,9902614,-0,001197969,-0,1391898,0,0,0,0,0,0,0,0,0,0,0,0,0,0,0,0,0,0,0,0,0,0,1,1,1,False
7,802292,-10,48907,1,693685,-1,37557,-0,002654806,0,9902614,-0,001197969,-0,1391898,0,0,0,0,0,0,0,0,0,0,0,0,0,0,0,0,0,0,0,0,0,0,1,1,1,False
7,816243,-10,48907,1,693685,-1,37557,-0,002654806,0,9902614,-0,001197969,-0,1391898,0,0,0,0,0,0,0,0,0,0,0,0,0,0,0,0,0,0,0,0,0,0,1,1,1,False
7,828791,-10,48907,1,693685,-1,37557,-0,002654806,0,9902614,-0,001197969,-0,1391898,0,0,0,0,0,0,0,0,0,0,0,0,0,0,0,0,0,0,0,0,0,0,1,1,1,False
7,843268,-10,48907,1,693685,-1,37557,-0,002654806,0,9902614,-0,001197969,-0,1391898,0,0,0,0,0,0,0,0,0,0,0,0,0,0,0,0,0,0,0,0,0,0,1,1,1,False
7,857346,-10,48907,1,693685,-1,37557,-0,002654806,0,9902614,-0,001197969,-0,1391898,0,0,0,0,0,0,0,0,0,0,0,0,0,0,0,0,0,0,0,0,0,0,1,1,1,False
7,869641,-10,48907,1,693685,-1,37557,-0,002654806,0,9902614,-0,001197969,-0,1391898,0,0,0,0,0,0,0,0,0,0,0,0,0,0,0,0,0,0,0,0,0,0,1,1,1,False
7,883587,-10,48907,1,693685,-1,37557,-0,002654806,0,9902614,-0,001197969,-0,1391898,0,0,0,0,0,0,0,0,0,0,0,0,0,0,0,0,0,0,0,0,0,0,1,1,1,False
7,896859,-10,48907,1,693685,-1,37557,-0,002654806,0,9902614,-0,001197969,-0,1391898,0,0,0,0,0,0,0,0,0,0,0,0,0,0,0,0,0,0,0,0,0,0,1,1,1,False
7,920485,-10,48907,1,693685,-1,37557,-0,002654806,0,9902614,-0,001197969,-0,1391898,0,0,0,0,0,0,0,0,0,0,0,0,0,0,0,0,0,0,0,0,0,0,1,1,1,False
7,933909,-10,48907,1,693685,-1,37557,-0,002654806,0,9902614,-0,001197969,-0,1391898,0,0,0,0,0,0,0,0,0,0,0,0,0,0,0,0,0,0,0,0,0,0,1,1,1,False
7,94731,-10,48907,1,693685,-1,37557,-0,002654806,0,9902614,-0,001197969,-0,1391898,0,0,0,0,0,0,0,0,0,0,0,0,0,0,0,0,0,0,0,0,0,0,1,1,1,False
7,961094,-10,48907,1,693685,-1,37557,-0,002654806,0,9902614,-0,001197969,-0,1391898,0,0,0,0,0,0,0,0,0,0,0,0,0,0,0,0,0,0,0,0,0,0,1,1,1,False
7,974975,-10,48907,1,693685,-1,37557,-0,002654806,0,9902614,-0,001197969,-0,1391898,0,0,0,0,0,0,0,0,0,0,0,0,0,0,0,0,0,0,0,0,0,0,1,1,1,False
7,987386,-10,48907,1,693685,-1,37557,-0,002654806,0,9902614,-0,001197969,-0,1391898,0,0,0,0,0,0,0,0,0,0,0,0,0,0,0,0,0,0,0,0,0,0,1,1,1,False
8,001473,-10,48907,1,693685,-1,37557,-0,002654806,0,9902614,-0,001197969,-0,1391898,0,0,0,0,0,0,0,0,0,0,0,0,0,0,0,0,0,0,0,0,0,0,1,1,1,False
8,015324,-10,48907,1,693685,-1,37557,-0,002654806,0,9902614,-0,001197969,-0,1391898,0,0,0,0,0,0,0,0,0,0,0,0,0,0,0,0,0,0,0,0,0,0,1,1,1,False
8,027664,-10,48907,1,693685,-1,37557,-0,002654806,0,9902614,-0,001197969,-0,1391898,0,0,0,0,0,0,0,0,0,0,0,0,0,0,0,0,0,0,0,0,0,0,1,1,1,False
8,041756,-10,48907,1,693685,-1,37557,-0,002654806,0,9902614,-0,001197969,-0,1391898,0,0,0,0,0,0,0,0,0,0,0,0,0,0,0,0,0,0,0,0,0,0,1,1,1,False
8,054931,-10,48907,1,693685,-1,37557,-0,002654806,0,9902614,-0,001197969,-0,1391898,0,0,0,0,0,0,0,0,0,0,0,0,0,0,0,0,0,0,0,0,0,0,1,1,1,False
8,079176,-10,48907,1,693685,-1,37557,-0,002654806,0,9902614,-0,001197969,-0,1391898,0,0,0,0,0,0,0,0,0,0,0,0,0,0,0,0,0,0,0,0,0,0,1,1,1,False
8,092419,-10,48907,1,693685,-1,37557,-0,002654806,0,9902614,-0,001197969,-0,1391898,0,0,0,0,0,0,0,0,0,0,0,0,0,0,0,0,0,0,0,0,0,0,1,1,1,False
8,106399,-10,48907,1,693685,-1,37557,-0,002654806,0,9902614,-0,001197969,-0,1391898,0,0,0,0,0,0,0,0,0,0,0,0,0,0,0,0,0,0,0,0,0,0,1,1,1,False
8,120831,-10,48907,1,693685,-1,37557,-0,002654806,0,9902614,-0,001197969,-0,1391898,0,0,0,0,0,0,0,0,0,0,0,0,0,0,0,0,0,0,0,0,0,0,1,1,1,False
8,135005,-10,48907,1,693685,-1,37557,-0,002654806,0,9902614,-0,001197969,-0,1391898,0,0,0,0,0,0,0,0,0,0,0,0,0,0,0,0,0,0,0,0,0,0,1,1,1,False
8,147194,-10,48907,1,693685,-1,37557,-0,002654806,0,9902614,-0,001197969,-0,1391898,0,0,0,0,0,0,0,0,0,0,0,0,0,0,0,0,0,0,0,0,0,0,1,1,1,False
8,161231,-10,48907,1,693685,-1,37557,-0,002654806,0,9902614,-0,001197969,-0,1391898,0,0,0,0,0,0,0,0,0,0,0,0,0,0,0,0,0,0,0,0,0,0,1,1,1,False
8,175119,-10,48907,1,693685,-1,37557,-0,002654806,0,9902614,-0,001197969,-0,1391898,0,0,0,0,0,0,0,0,0,0,0,0,0,0,0,0,0,0,0,0,0,0,1,1,1,False
8,188433,-10,48907,1,693685,-1,37557,-0,002654806,0,9902614,-0,001197969,-0,1391898,0,0,0,0,0,0,0,0,0,0,0,0,0,0,0,0,0,0,0,0,0,0,1,1,1,False
8,202373,-10,48907,1,693685,-1,37557,-0,002654806,0,9902614,-0,001197969,-0,1391898,0,0,0,0,0,0,0,0,0,0,0,0,0,0,0,0,0,0,0,0,0,0,1,1,1,False
8,216362,-10,48907,1,693685,-1,37557,-0,002654806,0,9902614,-0,001197969,-0,1391898,0,0,0,0,0,0,0,0,0,0,0,0,0,0,0,0,0,0,0,0,0,0,1,1,1,False
8,239287,-10,48907,1,693685,-1,37557,-0,002654806,0,9902614,-0,001197969,-0,1391898,0,0,0,0,0,0,0,0,0,0,0,0,0,0,0,0,0,0,0,0,0,0,1,1,1,False
8,252317,-10,48907,1,693685,-1,37557,-0,002654806,0,9902614,-0,001197969,-0,1391898,0,0,0,0,0,0,0,0,0,0,0,0,0,0,0,0,0,0,0,0,0,0,1,1,1,False
8,266362,-10,48907,1,693685,-1,37557,-0,002654806,0,9902614,-0,001197969,-0,1391898,0,0,0,0,0,0,0,0,0,0,0,0,0,0,0,0,0,0,0,0,0,0,1,1,1,False
8,280309,-10,48907,1,693685,-1,37557,-0,002654806,0,9902614,-0,001197969,-0,1391898,0,0,0,0,0,0,0,0,0,0,0,0,0,0,0,0,0,0,0,0,0,0,1,1,1,False
8,294129,-10,48907,1,693685,-1,37557,-0,002654806,0,9902614,-0,001197969,-0,1391898,0,0,0,0,0,0,0,0,0,0,0,0,0,0,0,0,0,0,0,0,0,0,1,1,1,False
8,307155,-10,48907,1,693685,-1,37557,-0,002654806,0,9902614,-0,001197969,-0,1391898,0,0,0,0,0,0,0,0,0,0,0,0,0,0,0,0,0,0,0,0,0,0,1,1,1,False
8,320316,-10,48907,1,693685,-1,37557,-0,002654806,0,9902614,-0,001197969,-0,1391898,0,0,0,0,0,0,0,0,0,0,0,0,0,0,0,0,0,0,0,0,0,0,1,1,1,False
8,33361,-10,48907,1,693685,-1,37557,-0,002654806,0,9902614,-0,001197969,-0,1391898,0,0,0,0,0,0,0,0,0,0,0,0,0,0,0,0,0,0,0,0,0,0,1,1,1,False
8,346068,-10,48907,1,693685,-1,37557,-0,002654806,0,9902614,-0,001197969,-0,1391898,0,0,0,0,0,0,0,0,0,0,0,0,0,0,0,0,0,0,0,0,0,0,1,1,1,False
8,359199,-10,48907,1,693685,-1,37557,-0,002654806,0,9902614,-0,001197969,-0,1391898,0,0,0,0,0,0,0,0,0,0,0,0,0,0,0,0,0,0,0,0,0,0,1,1,1,False
8,371568,-10,48907,1,693685,-1,37557,-0,002654806,0,9902614,-0,001197969,-0,1391898,0,0,0,0,0,0,0,0,0,0,0,0,0,0,0,0,0,0,0,0,0,0,1,1,1,False
8,394623,-10,48907,1,693685,-1,37557,-0,002654806,0,9902614,-0,001197969,-0,1391898,0,0,0,0,0,0,0,0,0,0,0,0,0,0,0,0,0,0,0,0,0,0,1,1,1,False
8,40863,-10,48907,1,693685,-1,37557,-0,002654806,0,9902614,-0,001197969,-0,1391898,0,0,0,0,0,0,0,0,0,0,0,0,0,0,0,0,0,0,0,0,0,0,1,1,1,False
8,422669,-10,48907,1,693685,-1,37557,-0,002654806,0,9902614,-0,001197969,-0,1391898,0,0,0,0,0,0,0,0,0,0,0,0,0,0,0,0,0,0,0,0,0,0,1,1,1,False
8,437032,-10,48907,1,693685,-1,37557,-0,002654806,0,9902614,-0,001197969,-0,1391898,0,0,0,0,0,0,0,0,0,0,0,0,0,0,0,0,0,0,0,0,0,0,1,1,1,False
8,450109,-10,48907,1,693685,-1,37557,-0,002654806,0,9902614,-0,001197969,-0,1391898,0,0,0,0,0,0,0,0,0,0,0,0,0,0,0,0,0,0,0,0,0,0,1,1,1,False
8,463964,-10,48907,1,693685,-1,37557,-0,002654806,0,9902614,-0,001197969,-0,1391898,0,0,0,0,0,0,0,0,0,0,0,0,0,0,0,0,0,0,0,0,0,0,1,1,1,False
8,477745,-10,48907,1,693685,-1,37557,-0,002654806,0,9902614,-0,001197969,-0,1391898,0,0,0,0,0,0,0,0,0,0,0,0,0,0,0,0,0,0,0,0,0,0,1,1,1,False
8,490672,-10,48907,1,693685,-1,37557,-0,002654806,0,9902614,-0,001197969,-0,1391898,0,0,0,0,0,0,0,0,0,0,0,0,0,0,0,0,0,0,0,0,0,0,1,1,1,False
8,504512,-10,48907,1,693685,-1,37557,-0,002654806,0,9902614,-0,001197969,-0,1391898,0,0,0,0,0,0,0,0,0,0,0,0,0,0,0,0,0,0,0,0,0,0,1,1,1,False
8,518426,-10,48907,1,693685,-1,37557,-0,002654806,0,9902614,-0,001197969,-0,1391898,0,0,0,0,0,0,0,0,0,0,0,0,0,0,0,0,0,0,0,0,0,0,1,1,1,False
8,532241,-10,48907,1,693685,-1,37557,-0,002654806,0,9902614,-0,001197969,-0,1391898,0,0,0,0,0,0,0,0,0,0,0,0,0,0,0,0,0,0,0,0,0,0,1,1,1,False
8,556901,-10,48907,1,693685,-1,37557,-0,002654806,0,9902614,-0,001197969,-0,1391898,0,0,0,0,0,0,0,0,0,0,0,0,0,0,0,0,0,0,0,0,0,0,1,1,1,False
8,570693,-10,48907,1,693685,-1,37557,-0,002654806,0,9902614,-0,001197969,-0,1391898,0,0,0,0,0,0,0,0,0,0,0,0,0,0,0,0,0,0,0,0,0,0,1,1,1,False
8,58369,-10,48907,1,693685,-1,37557,-0,002654806,0,9902614,-0,001197969,-0,1391898,0,0,0,0,0,0,0,0,0,0,0,0,0,0,0,0,0,0,0,0,0,0,1,1,1,False
8,59691,-10,48907,1,693685,-1,37557,-0,002654806,0,9902614,-0,001197969,-0,1391898,0,0,0,0,0,0,0,0,0,0,0,0,0,0,0,0,0,0,0,0,0,0,1,1,1,False
8,609367,-10,48907,1,693685,-1,37557,-0,002654806,0,9902614,-0,001197969,-0,1391898,0,0,0,0,0,0,0,0,0,0,0,0,0,0,0,0,0,0,0,0,0,0,1,1,1,False
8,622699,-10,48907,1,693685,-1,37557,-0,002654806,0,9902614,-0,001197969,-0,1391898,0,0,0,0,0,0,0,0,0,0,0,0,0,0,0,0,0,0,0,0,0,0,1,1,1,False
8,636306,-10,48907,1,693685,-1,37557,-0,002654806,0,9902614,-0,001197969,-0,1391898,0,0,0,0,0,0,0,0,0,0,0,0,0,0,0,0,0,0,0,0,0,0,1,1,1,False
8,649458,-10,48907,1,693685,-1,37557,-0,002654806,0,9902614,-0,001197969,-0,1391898,0,0,0,0,0,0,0,0,0,0,0,0,0,0,0,0,0,0,0,0,0,0,1,1,1,False
8,66343,-10,48907,1,693685,-1,37557,-0,002654806,0,9902614,-0,001197969,-0,1391898,0,0,0,0,0,0,0,0,0,0,0,0,0,0,0,0,0,0,0,0,0,0,1,1,1,False
8,677651,-10,48907,1,693685,-1,37557,-0,002654806,0,9902614,-0,001197969,-0,1391898,0,0,0,0,0,0,0,0,0,0,0,0,0,0,0,0,0,0,0,0,0,0,1,1,1,False
8,689951,-10,48907,1,693685,-1,37557,-0,002654806,0,9902614,-0,001197969,-0,1391898,0,0,0,0,0,0,0,0,0,0,0,0,0,0,0,0,0,0,0,0,0,0,1,1,1,False
8,713798,-10,48907,1,693685,-1,37557,-0,002654806,0,9902614,-0,001197969,-0,1391898,0,0,0,0,0,0,0,0,0,0,0,0,0,0,0,0,0,0,0,0,0,0,1,1,1,False
8,727743,-10,48907,1,693685,-1,37557,-0,002654806,0,9902614,-0,001197969,-0,1391898,0,0,0,0,0,0,0,0,0,0,0,0,0,0,0,0,0,0,0,0,0,0,1,1,1,False
8,74103,-10,48907,1,693685,-1,37557,-0,002654806,0,9902614,-0,001197969,-0,1391898,0,0,0,0,0,0,0,0,0,0,0,0,0,0,0,0,0,0,0,0,0,0,1,1,1,False
8,755261,-10,48907,1,693685,-1,37557,-0,002654806,0,9902614,-0,001197969,-0,1391898,0,0,0,0,0,0,0,0,0,0,0,0,0,0,0,0,0,0,0,0,0,0,1,1,1,False
8,767474,-10,48907,1,693685,-1,37557,-0,002654806,0,9902614,-0,001197969,-0,1391898,0,0,0,0,0,0,0,0,0,0,0,0,0,0,0,0,0,0,0,0,0,0,1,1,1,False
8,780896,-10,48907,1,693685,-1,37557,-0,002654806,0,9902614,-0,001197969,-0,1391898,0,0,0,0,0,0,0,0,0,0,0,0,0,0,0,0,0,0,0,0,0,0,1,1,1,False
8,79488,-10,48907,1,693685,-1,37557,-0,002654806,0,9902614,-0,001197969,-0,1391898,0,0,0,0,0,0,0,0,0,0,0,0,0,0,0,0,0,0,0,0,0,0,1,1,1,False
8,807096,-10,48907,1,693685,-1,37557,-0,002654806,0,9902614,-0,001197969,-0,1391898,0,0,0,0,0,0,0,0,0,0,0,0,0,0,0,0,0,0,0,0,0,0,1,1,1,False
8,820292,-10,48907,1,693685,-1,37557,-0,002654806,0,9902614,-0,001197969,-0,1391898,0,0,0,0,0,0,0,0,0,0,0,0,0,0,0,0,0,0,0,0,0,0,1,1,1,False
8,834358,-10,48907,1,693685,-1,37557,-0,002654806,0,9902614,-0,001197969,-0,1391898,0,0,0,0,0,0,0,0,0,0,0,0,0,0,0,0,0,0,0,0,0,0,1,1,1,False
8,847337,-10,48907,1,693685,-1,37557,-0,002654806,0,9902614,-0,001197969,-0,1391898,0,0,0,0,0,0,0,0,0,0,0,0,0,0,0,0,0,0,0,0,0,0,1,1,1,False
8,871216,-10,48907,1,693685,-1,37557,-0,002654806,0,9902614,-0,001197969,-0,1391898,0,0,0,0,0,0,0,0,0,0,0,0,0,0,0,0,0,0,0,0,0,0,1,1,1,False
8,885422,-10,48907,1,693685,-1,37557,-0,002654806,0,9902614,-0,001197969,-0,1391898,0,0,0,0,0,0,0,0,0,0,0,0,0,0,0,0,0,0,0,0,0,0,1,1,1,False
8,899225,-10,48907,1,693685,-1,37557,-0,002654806,0,9902614,-0,001197969,-0,1391898,0,0,0,0,0,0,0,0,0,0,0,0,0,0,0,0,0,0,0,0,0,0,1,1,1,False
8,912116,-10,48907,1,693685,-1,37557,-0,002654806,0,9902614,-0,001197969,-0,1391898,0,0,0,0,0,0,0,0,0,0,0,0,0,0,0,0,0,0,0,0,0,0,1,1,1,False
8,925982,-10,48907,1,693685,-1,37557,-0,002654806,0,9902614,-0,001197969,-0,1391898,0,0,0,0,0,0,0,0,0,0,0,0,0,0,0,0,0,0,0,0,0,0,1,1,1,False
8,939808,-10,48907,1,693685,-1,37557,-0,002654806,0,9902614,-0,001197969,-0,1391898,0,0,0,0,0,0,0,0,0,0,0,0,0,0,0,0,0,0,0,0,0,0,1,1,1,False
8,952669,-10,48907,1,693685,-1,37557,-0,002654806,0,9902614,-0,001197969,-0,1391898,0,0,0,0,0,0,0,0,0,0,0,0,0,0,0,0,0,0,0,0,0,0,1,1,1,False
8,966599,-10,48907,1,693685,-1,37557,-0,002654806,0,9902614,-0,001197969,-0,1391898,0,0,0,0,0,0,0,0,0,0,0,0,0,0,0,0,0,0,0,0,0,0,1,1,1,False
8,980705,-10,48907,1,693685,-1,37557,-0,002654806,0,9902614,-0,001197969,-0,1391898,0,0,0,0,0,0,0,0,0,0,0,0,0,0,0,0,0,0,0,0,0,0,1,1,1,False
8,994675,-10,48907,1,693685,-1,37557,-0,002654806,0,9902614,-0,001197969,-0,1391898,0,0,0,0,0,0,0,0,0,0,0,0,0,0,0,0,0,0,0,0,0,0,1,1,1,False
9,007567,-10,48907,1,693685,-1,37557,-0,002654806,0,9902614,-0,001197969,-0,1391898,0,0,0,0,0,0,0,0,0,0,0,0,0,0,0,0,0,0,0,0,0,0,1,1,1,False
9,031425,-10,48907,1,693685,-1,37557,-0,002654806,0,9902614,-0,001197969,-0,1391898,0,0,0,0,0,0,0,0,0,0,0,0,0,0,0,0,0,0,0,0,0,0,1,1,1,False
9,044619,-10,48907,1,693685,-1,37557,-0,002654806,0,9902614,-0,001197969,-0,1391898,0,0,0,0,0,0,0,0,0,0,0,0,0,0,0,0,0,0,0,0,0,0,1,1,1,False
9,058472,-10,48907,1,693685,-1,37557,-0,002654806,0,9902614,-0,001197969,-0,1391898,0,0,0,0,0,0,0,0,0,0,0,0,0,0,0,0,0,0,0,0,0,0,1,1,1,False
9,071759,-10,48907,1,693685,-1,37557,-0,002654806,0,9902614,-0,001197969,-0,1391898,0,0,0,0,0,0,0,0,0,0,0,0,0,0,0,0,0,0,0,0,0,0,1,1,1,False
9,084811,-10,48907,1,693685,-1,37557,-0,002654806,0,9902614,-0,001197969,-0,1391898,0,0,0,0,0,0,0,0,0,0,0,0,0,0,0,0,0,0,0,0,0,0,1,1,1,False
9,097852,-10,48907,1,693685,-1,37557,-0,002654806,0,9902614,-0,001197969,-0,1391898,0,0,0,0,0,0,0,0,0,0,0,0,0,0,0,0,0,0,0,0,0,0,1,1,1,False
9,110371,-10,48907,1,693685,-1,37557,-0,002654806,0,9902614,-0,001197969,-0,1391898,0,0,0,0,0,0,0,0,0,0,0,0,0,0,0,0,0,0,0,0,0,0,1,1,1,False
9,123503,-10,48907,1,693685,-1,37557,-0,002654806,0,9902614,-0,001197969,-0,1391898,0,0,0,0,0,0,0,0,0,0,0,0,0,0,0,0,0,0,0,0,0,0,1,1,1,False
9,136807,-10,48907,1,693685,-1,37557,-0,002654806,0,9902614,-0,001197969,-0,1391898,0,0,0,0,0,0,0,0,0,0,0,0,0,0,0,0,0,0,0,0,0,0,1,1,1,False
9,150142,-10,48907,1,693685,-1,37557,-0,002654806,0,9902614,-0,001197969,-0,1391898,0,0,0,0,0,0,0,0,0,0,0,0,0,0,0,0,0,0,0,0,0,0,1,1,1,False
9,163994,-10,48907,1,693685,-1,37557,-0,002654806,0,9902614,-0,001197969,-0,1391898,0,0,0,0,0,0,0,0,0,0,0,0,0,0,0,0,0,0,0,0,0,0,1,1,1,False
9,187696,-10,48907,1,693685,-1,37557,-0,002654806,0,9902614,-0,001197969,-0,1391898,0,0,0,0,0,0,0,0,0,0,0,0,0,0,0,0,0,0,0,0,0,0,1,1,1,False
9,202515,-10,48907,1,693685,-1,37557,-0,002654806,0,9902614,-0,001197969,-0,1391898,0,0,0,0,0,0,0,0,0,0,0,0,0,0,0,0,0,0,0,0,0,0,1,1,1,False
9,217194,-10,48907,1,693685,-1,37557,-0,002654806,0,9902614,-0,001197969,-0,1391898,0,0,0,0,0,0,0,0,0,0,0,0,0,0,0,0,0,0,0,0,0,0,1,1,1,False
9,230335,-10,48907,1,693685,-1,37557,-0,002654806,0,9902614,-0,001197969,-0,1391898,0,0,0,0,0,0,0,0,0,0,0,0,0,0,0,0,0,0,0,0,0,0,1,1,1,False
9,244346,-10,48907,1,693685,-1,37557,-0,002654806,0,9902614,-0,001197969,-0,1391898,0,0,0,0,0,0,0,0,0,0,0,0,0,0,0,0,0,0,0,0,0,0,1,1,1,False
9,258367,-10,48907,1,693685,-1,37557,-0,002654806,0,9902614,-0,001197969,-0,1391898,0,0,0,0,0,0,0,0,0,0,0,0,0,0,0,0,0,0,0,0,0,0,1,1,1,False
9,271735,-10,48907,1,693685,-1,37557,-0,002654806,0,9902614,-0,001197969,-0,1391898,0,0,0,0,0,0,0,0,0,0,0,0,0,0,0,0,0,0,0,0,0,0,1,1,1,False
9,285501,-10,48907,1,693685,-1,37557,-0,002654806,0,9902614,-0,001197969,-0,1391898,0,0,0,0,0,0,0,0,0,0,0,0,0,0,0,0,0,0,0,0,0,0,1,1,1,False
9,298449,-10,48907,1,693685,-1,37557,-0,002654806,0,9902614,-0,001197969,-0,1391898,0,0,0,0,0,0,0,0,0,0,0,0,0,0,0,0,0,0,0,0,0,0,1,1,1,False
9,311333,-10,48907,1,693685,-1,37557,-0,002654806,0,9902614,-0,001197969,-0,1391898,0,0,0,0,0,0,0,0,0,0,0,0,0,0,0,0,0,0,0,0,0,0,1,1,1,False
9,325407,-10,48907,1,693685,-1,37557,-0,002654806,0,9902614,-0,001197969,-0,1391898,0,0,0,0,0,0,0,0,0,0,0,0,0,0,0,0,0,0,0,0,0,0,1,1,1,False
9,350122,-10,48907,1,693685,-1,37557,-0,002654806,0,9902614,-0,001197969,-0,1391898,0,0,0,0,0,0,0,0,0,0,0,0,0,0,0,0,0,0,0,0,0,0,1,1,1,False
9,364736,-10,48907,1,693685,-1,37557,-0,002654806,0,9902614,-0,001197969,-0,1391898,0,0,0,0,0,0,0,0,0,0,0,0,0,0,0,0,0,0,0,0,0,0,1,1,1,False
9,378771,-10,48907,1,693685,-1,37557,-0,002654806,0,9902614,-0,001197969,-0,1391898,0,0,0,0,0,0,0,0,0,0,0,0,0,0,0,0,0,0,0,0,0,0,1,1,1,False
9,391627,-10,48907,1,693685,-1,37557,-0,002654806,0,9902614,-0,001197969,-0,1391898,0,0,0,0,0,0,0,0,0,0,0,0,0,0,0,0,0,0,0,0,0,0,1,1,1,False
9,405425,-10,48907,1,693685,-1,37557,-0,002654806,0,9902614,-0,001197969,-0,1391898,0,0,0,0,0,0,0,0,0,0,0,0,0,0,0,0,0,0,0,0,0,0,1,1,1,False
9,419244,-10,48907,1,693685,-1,37557,-0,002654806,0,9902614,-0,001197969,-0,1391898,0,0,0,0,0,0,0,0,0,0,0,0,0,0,0,0,0,0,0,0,0,0,1,1,1,False
9,432845,-10,48907,1,693685,-1,37557,-0,002654806,0,9902614,-0,001197969,-0,1391898,0,0,0,0,0,0,0,0,0,0,0,0,0,0,0,0,0,0,0,0,0,0,1,1,1,False
9,446785,-10,48907,1,693685,-1,37557,-0,002654806,0,9902614,-0,001197969,-0,1391898,0,0,0,0,0,0,0,0,0,0,0,0,0,0,0,0,0,0,0,0,0,0,1,1,1,False
9,460504,-10,48907,1,693685,-1,37557,-0,002654806,0,9902614,-0,001197969,-0,1391898,0,0,0,0,0,0,0,0,0,0,0,0,0,0,0,0,0,0,0,0,0,0,1,1,1,False
9,474355,-10,48907,1,693685,-1,37557,-0,002654806,0,9902614,-0,001197969,-0,1391898,0,0,0,0,0,0,0,0,0,0,0,0,0,0,0,0,0,0,0,0,0,0,1,1,1,False
9,487307,-10,48907,1,693685,-1,37557,-0,002654806,0,9902614,-0,001197969,-0,1391898,0,0,0,0,0,0,0,0,0,0,0,0,0,0,0,0,0,0,0,0,0,0,1,1,1,False
9,510994,-10,48907,1,693685,-1,37557,-0,002654806,0,9902614,-0,001197969,-0,1391898,0,0,0,0,0,0,0,0,0,0,0,0,0,0,0,0,0,0,0,0,0,0,1,1,1,False
9,523868,-10,48907,1,693685,-1,37557,-0,002654806,0,9902614,-0,001197969,-0,1391898,0,0,0,0,0,0,0,0,0,0,0,0,0,0,0,0,0,0,0,0,0,0,1,1,1,False
9,537895,-10,48907,1,693685,-1,37557,-0,002654806,0,9902614,-0,001197969,-0,1391898,0,0,0,0,0,0,0,0,0,0,0,0,0,0,0,0,0,0,0,0,0,0,1,1,1,False
9,550108,-10,48907,1,693685,-1,37557,-0,002654806,0,9902614,-0,001197969,-0,1391898,0,0,0,0,0,0,0,0,0,0,0,0,0,0,0,0,0,0,0,0,0,0,1,1,1,False
9,564681,-10,48907,1,693685,-1,37557,-0,002654806,0,9902614,-0,001197969,-0,1391898,0,0,0,0,0,0,0,0,0,0,0,0,0,0,0,0,0,0,0,0,0,0,1,1,1,False
9,577747,-10,48907,1,693685,-1,37557,-0,002654806,0,9902614,-0,001197969,-0,1391898,0,0,0,0,0,0,0,0,0,0,0,0,0,0,0,0,0,0,0,0,0,0,1,1,1,False
9,590534,-10,48907,1,693685,-1,37557,-0,002654806,0,9902614,-0,001197969,-0,1391898,0,0,0,0,0,0,0,0,0,0,0,0,0,0,0,0,0,0,0,0,0,0,1,1,1,False
9,604344,-10,48907,1,693685,-1,37557,-0,002654806,0,9902614,-0,001197969,-0,1391898,0,0,0,0,0,0,0,0,0,0,0,0,0,0,0,0,0,0,0,0,0,0,1,1,1,False
9,618161,-10,48907,1,693685,-1,37557,-0,002654806,0,9902614,-0,001197969,-0,1391898,0,0,0,0,0,0,0,0,0,0,0,0,0,0,0,0,0,0,0,0,0,0,1,1,1,False
9,631163,-10,48907,1,693685,-1,37557,-0,002654806,0,9902614,-0,001197969,-0,1391898,0,0,0,0,0,0,0,0,0,0,0,0,0,0,0,0,0,0,0,0,0,0,1,1,1,False
9,645198,-10,48907,1,693685,-1,37557,-0,002654806,0,9902614,-0,001197969,-0,1391898,0,0,0,0,0,0,0,0,0,0,0,0,0,0,0,0,0,0,0,0,0,0,1,1,1,False
9,669622,-10,48907,1,693685,-1,37557,-0,002654806,0,9902614,-0,001197969,-0,1391898,0,0,0,0,0,0,0,0,0,0,0,0,0,0,0,0,0,0,0,0,0,0,1,1,1,False
9,68264,-10,48907,1,693685,-1,37557,-0,002654806,0,9902614,-0,001197969,-0,1391898,0,0,0,0,0,0,0,0,0,0,0,0,0,0,0,0,0,0,0,0,0,0,1,1,1,False
9,696486,-10,48907,1,693685,-1,37557,-0,002654806,0,9902614,-0,001197969,-0,1391898,0,0,0,0,0,0,0,0,0,0,0,0,0,0,0,0,0,0,0,0,0,0,1,1,1,False
9,709059,-10,48907,1,693685,-1,37557,-0,002654806,0,9902614,-0,001197969,-0,1391898,0,0,0,0,0,0,0,0,0,0,0,0,0,0,0,0,0,0,0,0,0,0,1,1,1,False
9,723016,-10,48907,1,693685,-1,37557,-0,002654806,0,9902614,-0,001197969,-0,1391898,0,0,0,0,0,0,0,0,0,0,0,0,0,0,0,0,0,0,0,0,0,0,1,1,1,False
9,737258,-10,48907,1,693685,-1,37557,-0,002654806,0,9902614,-0,001197969,-0,1391898,0,0,0,0,0,0,0,0,0,0,0,0,0,0,0,0,0,0,0,0,0,0,1,1,1,False
9,750278,-10,48907,1,693685,-1,37557,-0,002654806,0,9902614,-0,001197969,-0,1391898,0,0,0,0,0,0,0,0,0,0,0,0,0,0,0,0,0,0,0,0,0,0,1,1,1,False
9,763572,-10,48907,1,693685,-1,37557,-0,002654806,0,9902614,-0,001197969,-0,1391898,0,0,0,0,0,0,0,0,0,0,0,0,0,0,0,0,0,0,0,0,0,0,1,1,1,False
9,776709,-10,48907,1,693685,-1,37557,-0,002654806,0,9902614,-0,001197969,-0,1391898,0,0,0,0,0,0,0,0,0,0,0,0,0,0,0,0,0,0,0,0,0,0,1,1,1,False
9,789814,-10,48907,1,693685,-1,37557,-0,002654806,0,9902614,-0,001197969,-0,1391898,0,0,0,0,0,0,0,0,0,0,0,0,0,0,0,0,0,0,0,0,0,0,1,1,1,False
9,802938,-10,48907,1,693685,-1,37557,-0,002654806,0,9902614,-0,001197969,-0,1391898,0,0,0,0,0,0,0,0,0,0,0,0,0,0,0,0,0,0,0,0,0,0,1,1,1,False
9,825969,-10,48907,1,693685,-1,37557,-0,002654806,0,9902614,-0,001197969,-0,1391898,0,0,0,0,0,0,0,0,0,0,0,0,0,0,0,0,0,0,0,0,0,0,1,1,1,False
9,839189,-10,48907,1,693685,-1,37557,-0,002654806,0,9902614,-0,001197969,-0,1391898,0,0,0,0,0,0,0,0,0,0,0,0,0,0,0,0,0,0,0,0,0,0,1,1,1,False
9,851482,-10,48907,1,693685,-1,37557,-0,002654806,0,9902614,-0,001197969,-0,1391898,0,0,0,0,0,0,0,0,0,0,0,0,0,0,0,0,0,0,0,0,0,0,1,1,1,False
9,864731,-10,48907,1,693685,-1,37557,-0,002654806,0,9902614,-0,001197969,-0,1391898,0,0,0,0,0,0,0,0,0,0,0,0,0,0,0,0,0,0,0,0,0,0,1,1,1,False
9,877937,-10,48907,1,693685,-1,37557,-0,002654806,0,9902614,-0,001197969,-0,1391898,0,0,0,0,0,0,0,0,0,0,0,0,0,0,0,0,0,0,0,0,0,0,1,1,1,False
9,890256,-10,48907,1,693685,-1,37557,-0,002654806,0,9902614,-0,001197969,-0,1391898,0,0,0,0,0,0,0,0,0,0,0,0,0,0,0,0,0,0,0,0,0,0,1,1,1,False
9,904245,-10,48907,1,693685,-1,37557,-0,002654806,0,9902614,-0,001197969,-0,1391898,0,0,0,0,0,0,0,0,0,0,0,0,0,0,0,0,0,0,0,0,0,0,1,1,1,False
9,917534,-10,48907,1,693685,-1,37557,-0,002654806,0,9902614,-0,001197969,-0,1391898,0,0,0,0,0,0,0,0,0,0,0,0,0,0,0,0,0,0,0,0,0,0,1,1,1,False
9,929786,-10,48907,1,693685,-1,37557,-0,002654806,0,9902614,-0,001197969,-0,1391898,0,0,0,0,0,0,0,0,0,0,0,0,0,0,0,0,0,0,0,0,0,0,1,1,1,False
9,943084,-10,48907,1,693685,-1,37557,-0,002654806,0,9902614,-0,001197969,-0,1391898,0,0,0,0,0,0,0,0,0,0,0,0,0,0,0,0,0,0,0,0,0,0,1,1,1,False
9,956401,-10,48907,1,693685,-1,37557,-0,002654806,0,9902614,-0,001197969,-0,1391898,0,0,0,0,0,0,0,0,0,0,0,0,0,0,0,0,0,0,0,0,0,0,1,1,1,False
9,978822,-10,48907,1,693685,-1,37557,-0,002654806,0,9902614,-0,001197969,-0,1391898,0,0,0,0,0,0,0,0,0,0,0,0,0,0,0,0,0,0,0,0,0,0,1,1,1,False
9,992069,-10,48907,1,693685,-1,37557,-0,002654806,0,9902614,-0,001197969,-0,1391898,0,0,0,0,0,0,0,0,0,0,0,0,0,0,0,0,0,0,0,0,0,0,1,1,1,False
10,00512,-10,48907,1,693685,-1,37557,-0,002654806,0,9902614,-0,001197969,-0,1391898,0,0,0,0,0,0,0,0,0,0,0,0,0,0,0,0,0,0,0,0,0,0,1,1,1,False
10,01846,-10,48907,1,693685,-1,37557,-0,002654806,0,9902614,-0,001197969,-0,1391898,0,0,0,0,0,0,0,0,0,0,0,0,0,0,0,0,0,0,0,0,0,0,1,1,1,False
10,03092,-10,48907,1,693685,-1,37557,-0,002654806,0,9902614,-0,001197969,-0,1391898,0,0,0,0,0,0,0,0,0,0,0,0,0,0,0,0,0,0,0,0,0,0,1,1,1,False
10,04406,-10,48907,1,693685,-1,37557,-0,002654806,0,9902614,-0,001197969,-0,1391898,0,0,0,0,0,0,0,0,0,0,0,0,0,0,0,0,0,0,0,0,0,0,1,1,1,False
10,0574,-10,48907,1,693685,-1,37557,-0,002654806,0,9902614,-0,001197969,-0,1391898,0,0,0,0,0,0,0,0,0,0,0,0,0,0,0,0,0,0,0,0,0,0,1,1,1,False
10,06974,-10,48907,1,693685,-1,37557,-0,002654806,0,9902614,-0,001197969,-0,1391898,0,0,0,0,0,0,0,0,0,0,0,0,0,0,0,0,0,0,0,0,0,0,1,1,1,False
10,08286,-10,48907,1,693685,-1,37557,-0,002654806,0,9902614,-0,001197969,-0,1391898,0,0,0,0,0,0,0,0,0,0,0,0,0,0,0,0,0,0,0,0,0,0,1,1,1,False
10,09598,-10,48907,1,693685,-1,37557,-0,002654806,0,9902614,-0,001197969,-0,1391898,0,0,0,0,0,0,0,0,0,0,0,0,0,0,0,0,0,0,0,0,0,0,1,1,1,False
10,10849,-10,48907,1,693685,-1,37557,-0,002654806,0,9902614,-0,001197969,-0,1391898,0,0,0,0,0,0,0,0,0,0,0,0,0,0,0,0,0,0,0,0,0,0,1,1,1,False
10,13177,-10,48907,1,693685,-1,37557,-0,002654806,0,9902614,-0,001197969,-0,1391898,0,0,0,0,0,0,0,0,0,0,0,0,0,0,0,0,0,0,0,0,0,0,1,1,1,False
10,14489,-10,48907,1,693685,-1,37557,-0,002654806,0,9902614,-0,001197969,-0,1391898,0,0,0,0,0,0,0,0,0,0,0,0,0,0,0,0,0,0,0,0,0,0,1,1,1,False
10,1581,-10,48907,1,693685,-1,37557,-0,002654806,0,9902614,-0,001197969,-0,1391898,0,0,0,0,0,0,0,0,0,0,0,0,0,0,0,0,0,0,0,0,0,0,1,1,1,False
10,17049,-10,48907,1,693685,-1,37557,-0,002654806,0,9902614,-0,001197969,-0,1391898,0,0,0,0,0,0,0,0,0,0,0,0,0,0,0,0,0,0,0,0,0,0,1,1,1,False
10,18392,-10,48907,1,693685,-1,37557,-0,002654806,0,9902614,-0,001197969,-0,1391898,0,0,0,0,0,0,0,0,0,0,0,0,0,0,0,0,0,0,0,0,0,0,1,1,1,False
10,19725,-10,48907,1,693685,-1,37557,-0,002654806,0,9902614,-0,001197969,-0,1391898,0,0,0,0,0,0,0,0,0,0,0,0,0,0,0,0,0,0,0,0,0,0,1,1,1,False
10,21062,-10,48907,1,693685,-1,37557,-0,002654806,0,9902614,-0,001197969,-0,1391898,0,0,0,0,0,0,0,0,0,0,0,0,0,0,0,0,0,0,0,0,0,0,1,1,1,False
10,22453,-10,48907,1,693685,-1,37557,-0,002654806,0,9902614,-0,001197969,-0,1391898,0,0,0,0,0,0,0,0,0,0,0,0,0,0,0,0,0,0,0,0,0,0,1,1,1,False
10,23853,-10,48907,1,693685,-1,37557,-0,002654806,0,9902614,-0,001197969,-0,1391898,0,0,0,0,0,0,0,0,0,0,0,0,0,0,0,0,0,0,0,0,0,0,1,1,1,False
10,25185,-10,48907,1,693685,-1,37557,-0,002654806,0,9902614,-0,001197969,-0,1391898,0,0,0,0,0,0,0,0,0,0,0,0,0,0,0,0,0,0,0,0,0,0,1,1,1,False
10,265,-10,48907,1,693685,-1,37557,-0,002654806,0,9902614,-0,001197969,-0,1391898,0,0,0,0,0,0,0,0,0,0,0,0,0,0,0,0,0,0,0,0,0,0,1,1,1,False
10,28988,-10,48907,1,693685,-1,37557,-0,002654806,0,9902614,-0,001197969,-0,1391898,0,0,0,0,0,0,0,0,0,0,0,0,0,0,0,0,0,0,0,0,0,0,1,1,1,False
10,30387,-10,48907,1,693685,-1,37557,-0,002654806,0,9902614,-0,001197969,-0,1391898,0,0,0,0,0,0,0,0,0,0,0,0,0,0,0,0,0,0,0,0,0,0,1,1,1,False
10,31699,-10,48907,1,693685,-1,37557,-0,002654806,0,9902614,-0,001197969,-0,1391898,0,0,0,0,0,0,0,0,0,0,0,0,0,0,0,0,0,0,0,0,0,0,1,1,1,False
10,32967,-10,48907,1,693685,-1,37557,-0,002654806,0,9902614,-0,001197969,-0,1391898,0,0,0,0,0,0,0,0,0,0,0,0,0,0,0,0,0,0,0,0,0,0,1,1,1,False
10,34395,-10,48907,1,693685,-1,37557,-0,002654806,0,9902614,-0,001197969,-0,1391898,0,0,0,0,0,0,0,0,0,0,0,0,0,0,0,0,0,0,0,0,0,0,1,1,1,False
10,3571,-10,48907,1,693685,-1,37557,-0,002654806,0,9902614,-0,001197969,-0,1391898,0,0,0,0,0,0,0,0,0,0,0,0,0,0,0,0,0,0,0,0,0,0,1,1,1,False
10,36946,-10,48907,1,693685,-1,37557,-0,002654806,0,9902614,-0,001197969,-0,1391898,0,0,0,0,0,0,0,0,0,0,0,0,0,0,0,0,0,0,0,0,0,0,1,1,1,False
10,38324,-10,48907,1,693685,-1,37557,-0,002654806,0,9902614,-0,001197969,-0,1391898,0,0,0,0,0,0,0,0,0,0,0,0,0,0,0,0,0,0,0,0,0,0,1,1,1,False
10,39632,-10,48907,1,693685,-1,37557,-0,002654806,0,9902614,-0,001197969,-0,1391898,0,0,0,0,0,0,0,0,0,0,0,0,0,0,0,0,0,0,0,0,0,0,1,1,1,False
10,40928,-10,48907,1,693685,-1,37557,-0,002654806,0,9902614,-0,001197969,-0,1391898,0,0,0,0,0,0,0,0,0,0,0,0,0,0,0,0,0,0,0,0,0,0,1,1,1,False
10,42281,-10,48907,1,693685,-1,37557,-0,002654806,0,9902614,-0,001197969,-0,1391898,0,0,0,0,0,0,0,0,0,0,0,0,0,0,0,0,0,0,0,0,0,0,1,1,1,False
10,44623,-10,48907,1,693685,-1,37557,-0,002654806,0,9902614,-0,001197969,-0,1391898,0,0,0,0,0,0,0,0,0,0,0,0,0,0,0,0,0,0,0,0,0,0,1,1,1,False
10,45956,-10,48907,1,693685,-1,37557,-0,002654806,0,9902614,-0,001197969,-0,1391898,0,0,0,0,0,0,0,0,0,0,0,0,0,0,0,0,0,0,0,0,0,0,1,1,1,False
10,47183,-10,48907,1,693685,-1,37557,-0,002654806,0,9902614,-0,001197969,-0,1391898,0,0,0,0,0,0,0,0,0,0,0,0,0,0,0,0,0,0,0,0,0,0,1,1,1,False
10,48522,-10,48907,1,693685,-1,37557,-0,002654806,0,9902614,-0,001197969,-0,1391898,0,0,0,0,0,0,0,0,0,0,0,0,0,0,0,0,0,0,0,0,0,0,1,1,1,False
10,4986,-10,48907,1,693685,-1,37557,-0,002654806,0,9902614,-0,001197969,-0,1391898,0,0,0,0,0,0,0,0,0,0,0,0,0,0,0,0,0,0,0,0,0,0,1,1,1,False
10,51108,-10,48907,1,693685,-1,37557,-0,002654806,0,9902614,-0,001197969,-0,1391898,0,0,0,0,0,0,0,0,0,0,0,0,0,0,0,0,0,0,0,0,0,0,1,1,1,False
10,52437,-10,48907,1,693685,-1,37557,-0,002654806,0,9902614,-0,001197969,-0,1391898,0,0,0,0,0,0,0,0,0,0,0,0,0,0,0,0,0,0,0,0,0,0,1,1,1,False
10,53748,-10,48907,1,693685,-1,37557,-0,002654806,0,9902614,-0,001197969,-0,1391898,0,0,0,0,0,0,0,0,0,0,0,0,0,0,0,0,0,0,0,0,0,0,1,1,1,False
10,55012,-10,48907,1,693685,-1,37557,-0,002654806,0,9902614,-0,001197969,-0,1391898,0,0,0,0,0,0,0,0,0,0,0,0,0,0,0,0,0,0,0,0,0,0,1,1,1,False
10,56345,-10,48907,1,693685,-1,37557,-0,002654806,0,9902614,-0,001197969,-0,1391898,0,0,0,0,0,0,0,0,0,0,0,0,0,0,0,0,0,0,0,0,0,0,1,1,1,False
10,57739,-10,48907,1,693685,-1,37557,-0,002654806,0,9902614,-0,001197969,-0,1391898,0,0,0,0,0,0,0,0,0,0,0,0,0,0,0,0,0,0,0,0,0,0,1,1,1,False
10,60201,-10,48907,1,693685,-1,37557,-0,002654806,0,9902614,-0,001197969,-0,1391898,0,0,0,0,0,0,0,0,0,0,0,0,0,0,0,0,0,0,0,0,0,0,1,1,1,False
10,61542,-10,48907,1,693685,-1,37557,-0,002654806,0,9902614,-0,001197969,-0,1391898,0,0,0,0,0,0,0,0,0,0,0,0,0,0,0,0,0,0,0,0,0,0,1,1,1,False
10,62764,-10,48907,1,693685,-1,37557,-0,002654806,0,9902614,-0,001197969,-0,1391898,0,0,0,0,0,0,0,0,0,0,0,0,0,0,0,0,0,0,0,0,0,0,1,1,1,False
10,64142,-10,48907,1,693685,-1,37557,-0,002654806,0,9902614,-0,001197969,-0,1391898,0,0,0,0,0,0,0,0,0,0,0,0,0,0,0,0,0,0,0,0,0,0,1,1,1,False
10,65485,-10,48907,1,693685,-1,37557,-0,002654806,0,9902614,-0,001197969,-0,1391898,0,0,0,0,0,0,0,0,0,0,0,0,0,0,0,0,0,0,0,0,0,0,1,1,1,False
10,66736,-10,48907,1,693685,-1,37557,-0,002654806,0,9902614,-0,001197969,-0,1391898,0,0,0,0,0,0,0,0,0,0,0,0,0,0,0,0,0,0,0,0,0,0,1,1,1,False
10,68048,-10,48907,1,693685,-1,37557,-0,002654806,0,9902614,-0,001197969,-0,1391898,0,0,0,0,0,0,0,0,0,0,0,0,0,0,0,0,0,0,0,0,0,0,1,1,1,False
10,6936,-10,48907,1,693685,-1,37557,-0,002654806,0,9902614,-0,001197969,-0,1391898,0,0,0,0,0,0,0,0,0,0,0,0,0,0,0,0,0,0,0,0,0,0,1,1,1,False
10,70591,-10,48907,1,693685,-1,37557,-0,002654806,0,9902614,-0,001197969,-0,1391898,0,0,0,0,0,0,0,0,0,0,0,0,0,0,0,0,0,0,0,0,0,0,1,1,1,False
10,71911,-10,48907,1,693685,-1,37557,-0,002654806,0,9902614,-0,001197969,-0,1391898,0,0,0,0,0,0,0,0,0,0,0,0,0,0,0,0,0,0,0,0,0,0,1,1,1,False
10,73149,-10,48907,1,693685,-1,37557,-0,002654806,0,9902614,-0,001197969,-0,1391898,0,0,0,0,0,0,0,0,0,0,0,0,0,0,0,0,0,0,0,0,0,0,1,1,1,False
10,75478,-10,48907,1,693685,-1,37557,-0,002654806,0,9902614,-0,001197969,-0,1391898,0,0,0,0,0,0,0,0,0,0,0,0,0,0,0,0,0,0,0,0,0,0,1,1,1,False
10,76801,-10,48907,1,693685,-1,37557,-0,002654806,0,9902614,-0,001197969,-0,1391898,0,0,0,0,0,0,0,0,0,0,0,0,0,0,0,0,0,0,0,0,0,0,1,1,1,False
10,78113,-10,48907,1,693685,-1,37557,-0,002654806,0,9902614,-0,001197969,-0,1391898,0,0,0,0,0,0,0,0,0,0,0,0,0,0,0,0,0,0,0,0,0,0,1,1,1,False
10,79421,-10,48907,1,693685,-1,37557,-0,002654806,0,9902614,-0,001197969,-0,1391898,0,0,0,0,0,0,0,0,0,0,0,0,0,0,0,0,0,0,0,0,0,0,1,1,1,False
10,80651,-10,48907,1,693685,-1,37557,-0,002654806,0,9902614,-0,001197969,-0,1391898,0,0,0,0,0,0,0,0,0,0,0,0,0,0,0,0,0,0,0,0,0,0,1,1,1,False
10,81963,-10,48907,1,693685,-1,37557,-0,002654806,0,9902614,-0,001197969,-0,1391898,0,0,0,0,0,0,0,0,0,0,0,0,0,0,0,0,0,0,0,0,0,0,1,1,1,False
10,83187,-10,48907,1,693685,-1,37557,-0,002654806,0,9902614,-0,001197969,-0,1391898,0,0,0,0,0,0,0,0,0,0,0,0,0,0,0,0,0,0,0,0,0,0,1,1,1,False
10,84527,-10,48907,1,693685,-1,37557,-0,002654806,0,9902614,-0,001197969,-0,1391898,0,0,0,0,0,0,0,0,0,0,0,0,0,0,0,0,0,0,0,0,0,0,1,1,1,False
10,85865,-10,48907,1,693685,-1,37557,-0,002654806,0,9902614,-0,001197969,-0,1391898,0,0,0,0,0,0,0,0,0,0,0,0,0,0,0,0,0,0,0,0,0,0,1,1,1,False
10,87144,-10,48907,1,693685,-1,37557,-0,002654806,0,9902614,-0,001197969,-0,1391898,0,0,0,0,0,0,0,0,0,0,0,0,0,0,0,0,0,0,0,0,0,0,1,1,1,False
10,88481,-10,48907,1,693685,-1,37557,-0,002654806,0,9902614,-0,001197969,-0,1391898,0,0,0,0,0,0,0,0,0,0,0,0,0,0,0,0,0,0,0,0,0,0,1,1,1,False
10,90786,-10,48907,1,693685,-1,37557,-0,002654806,0,9902614,-0,001197969,-0,1391898,0,0,0,0,0,0,0,0,0,0,0,0,0,0,0,0,0,0,0,0,0,0,1,1,1,False
10,92093,-10,48907,1,693685,-1,37557,-0,002654806,0,9902614,-0,001197969,-0,1391898,0,0,0,0,0,0,0,0,0,0,0,0,0,0,0,0,0,0,0,0,0,0,1,1,1,False
10,93416,-10,48907,1,693685,-1,37557,-0,002654806,0,9902614,-0,001197969,-0,1391898,0,0,0,0,0,0,0,0,0,0,0,0,0,0,0,0,0,0,0,0,0,0,1,1,1,False
10,94725,-10,48907,1,693685,-1,37557,-0,002654806,0,9902614,-0,001197969,-0,1391898,0,0,0,0,0,0,0,0,0,0,0,0,0,0,0,0,0,0,0,0,0,0,1,1,1,False
10,96068,-10,48907,1,693685,-1,37557,-0,002654806,0,9902614,-0,001197969,-0,1391898,0,0,0,0,0,0,0,0,0,0,0,0,0,0,0,0,0,0,0,0,0,0,1,1,1,False
10,97381,-10,48907,1,693685,-1,37557,-0,002654806,0,9902614,-0,001197969,-0,1391898,0,0,0,0,0,0,0,0,0,0,0,0,0,0,0,0,0,0,0,0,0,0,1,1,1,False
10,98622,-10,48907,1,693685,-1,37557,-0,002654806,0,9902614,-0,001197969,-0,1391898,0,0,0,0,0,0,0,0,0,0,0,0,0,0,0,0,0,0,0,0,0,0,1,1,1,False
11,0003,-10,48907,1,693685,-1,37557,-0,002654806,0,9902614,-0,001197969,-0,1391898,0,0,0,0,0,0,0,0,0,0,0,0,0,0,0,0,0,0,0,0,0,0,1,1,1,False
11,01329,-10,48907,1,693685,-1,37557,-0,002654806,0,9902614,-0,001197969,-0,1391898,0,0,0,0,0,0,0,0,0,0,0,0,0,0,0,0,0,0,0,0,0,0,1,1,1,False
11,02557,-10,48907,1,693685,-1,37557,-0,002654806,0,9902614,-0,001197969,-0,1391898,0,0,0,0,0,0,0,0,0,0,0,0,0,0,0,0,0,0,0,0,0,0,1,1,1,False
11,03877,-10,48907,1,693685,-1,37557,-0,002654806,0,9902614,-0,001197969,-0,1391898,0,0,0,0,0,0,0,0,0,0,0,0,0,0,0,0,0,0,0,0,0,0,1,1,1,False
11,06122,-10,48907,1,693685,-1,37557,-0,002654806,0,9902614,-0,001197969,-0,1391898,0,0,0,0,0,0,0,0,0,0,0,0,0,0,0,0,0,0,0,0,0,0,1,1,1,False
11,07459,-10,48907,1,693685,-1,37557,-0,002654806,0,9902614,-0,001197969,-0,1391898,0,0,0,0,0,0,0,0,0,0,0,0,0,0,0,0,0,0,0,0,0,0,1,1,1,False
11,0871,-10,48907,1,693685,-1,37557,-0,002654806,0,9902614,-0,001197969,-0,1391898,0,0,0,0,0,0,0,0,0,0,0,0,0,0,0,0,0,0,0,0,0,0,1,1,1,False
11,10009,-10,48907,1,693685,-1,37557,-0,002654806,0,9902614,-0,001197969,-0,1391898,0,0,0,0,0,0,0,0,0,0,0,0,0,0,0,0,0,0,0,0,0,0,1,1,1,False
11,11314,-10,48907,1,693685,-1,37557,-0,002654806,0,9902614,-0,001197969,-0,1391898,0,0,0,0,0,0,0,0,0,0,0,0,0,0,0,0,0,0,0,0,0,0,1,1,1,False
11,12881,-10,48907,1,693685,-1,37557,-0,002654806,0,9902614,-0,001197969,-0,1391898,0,0,0,0,0,0,0,0,0,0,0,0,0,0,0,0,0,0,0,0,0,0,1,1,1,False
11,14183,-10,48907,1,693685,-1,37557,-0,002654806,0,9902614,-0,001197969,-0,1391898,0,0,0,0,0,0,0,0,0,0,0,0,0,0,0,0,0,0,0,0,0,0,1,1,1,False
11,15492,-10,48907,1,693685,-1,37557,-0,002654806,0,9902614,-0,001197969,-0,1391898,0,0,0,0,0,0,0,0,0,0,0,0,0,0,0,0,0,0,0,0,0,0,1,1,1,False
11,16748,-10,48907,1,693685,-1,37557,-0,002654806,0,9902614,-0,001197969,-0,1391898,0,0,0,0,0,0,0,0,0,0,0,0,0,0,0,0,0,0,0,0,0,0,1,1,1,False
11,18076,-10,48907,1,693685,-1,37557,-0,002654806,0,9902614,-0,001197969,-0,1391898,0,0,0,0,0,0,0,0,0,0,0,0,0,0,0,0,0,0,0,0,0,0,1,1,1,False
11,19406,-10,48907,1,693685,-1,37557,-0,002654806,0,9902614,-0,001197969,-0,1391898,0,0,0,0,0,0,0,0,0,0,0,0,0,0,0,0,0,0,0,0,0,0,1,1,1,False
11,21659,-10,48907,1,693685,-1,37557,-0,002654806,0,9902614,-0,001197969,-0,1391898,0,0,0,0,0,0,0,0,0,0,0,0,0,0,0,0,0,0,0,0,0,0,1,1,1,False
11,22959,-10,48907,1,693685,-1,37557,-0,002654806,0,9902614,-0,001197969,-0,1391898,0,0,0,0,0,0,0,0,0,0,0,0,0,0,0,0,0,0,0,0,0,0,1,1,1,False
11,2426,-10,48907,1,693685,-1,37557,-0,002654806,0,9902614,-0,001197969,-0,1391898,0,0,0,0,0,0,0,0,0,0,0,0,0,0,0,0,0,0,0,0,0,0,1,1,1,False
11,25614,-10,48907,1,693685,-1,37557,-0,002654806,0,9902614,-0,001197969,-0,1391898,0,0,0,0,0,0,0,0,0,0,0,0,0,0,0,0,0,0,0,0,0,0,1,1,1,False
11,26851,-10,48907,1,693685,-1,37557,-0,002654806,0,9902614,-0,001197969,-0,1391898,0,0,0,0,0,0,0,0,0,0,0,0,0,0,0,0,0,0,0,0,0,0,1,1,1,False
11,28171,-10,48907,1,693685,-1,37557,-0,002654806,0,9902614,-0,001197969,-0,1391898,0,0,0,0,0,0,0,0,0,0,0,0,0,0,0,0,0,0,0,0,0,0,1,1,1,False
11,29516,-10,48907,1,693685,-1,37557,-0,002654806,0,9902614,-0,001197969,-0,1391898,0,0,0,0,0,0,0,0,0,0,0,0,0,0,0,0,0,0,0,0,0,0,1,1,1,False
11,30773,-10,48907,1,693685,-1,37557,-0,002654806,0,9902614,-0,001197969,-0,1391898,0,0,0,0,0,0,0,0,0,0,0,0,0,0,0,0,0,0,0,0,0,0,1,1,1,False
11,32089,-10,48907,1,693685,-1,37557,-0,002654806,0,9902614,-0,001197969,-0,1391898,0,0,0,0,0,0,0,0,0,0,0,0,0,0,0,0,0,0,0,0,0,0,1,1,1,False
11,33414,-10,48907,1,693685,-1,37557,-0,002654806,0,9902614,-0,001197969,-0,1391898,0,0,0,0,0,0,0,0,0,0,0,0,0,0,0,0,0,0,0,0,0,0,1,1,1,False
11,34753,-10,48907,1,693685,-1,37557,-0,002654806,0,9902614,-0,001197969,-0,1391898,0,0,0,0,0,0,0,0,0,0,0,0,0,0,0,0,0,0,0,0,0,0,1,1,1,False
11,37067,-10,48907,1,693685,-1,37557,-0,002654806,0,9902614,-0,001197969,-0,1391898,0,0,0,0,0,0,0,0,0,0,0,0,0,0,0,0,0,0,0,0,0,0,1,1,1,False
11,38369,-10,48907,1,693685,-1,37557,-0,002654806,0,9902614,-0,001197969,-0,1391898,0,0,0,0,0,0,0,0,0,0,0,0,0,0,0,0,0,0,0,0,0,0,1,1,1,False
11,39678,-10,48907,1,693685,-1,37557,-0,002654806,0,9902614,-0,001197969,-0,1391898,0,0,0,0,0,0,0,0,0,0,0,0,0,0,0,0,0,0,0,0,0,0,1,1,1,False
11,40907,-10,48907,1,693685,-1,37557,-0,002654806,0,9902614,-0,001197969,-0,1391898,0,0,0,0,0,0,0,0,0,0,0,0,0,0,0,0,0,0,0,0,0,0,1,1,1,False
11,42225,-10,48907,1,693685,-1,37557,-0,002654806,0,9902614,-0,001197969,-0,1391898,0,0,0,0,0,0,0,0,0,0,0,0,0,0,0,0,0,0,0,0,0,0,1,1,1,False
11,4353,-10,48907,1,693685,-1,37557,-0,002654806,0,9902614,-0,001197969,-0,1391898,0,0,0,0,0,0,0,0,0,0,0,0,0,0,0,0,0,0,0,0,0,0,1,1,1,False
11,44781,-10,48907,1,693685,-1,37557,-0,002654806,0,9902614,-0,001197969,-0,1391898,0,0,0,0,0,0,0,0,0,0,0,0,0,0,0,0,0,0,0,0,0,0,1,1,1,False
11,46119,-10,48907,1,693685,-1,37557,-0,002654806,0,9902614,-0,001197969,-0,1391898,0,0,0,0,0,0,0,0,0,0,0,0,0,0,0,0,0,0,0,0,0,0,1,1,1,False
11,47446,-10,48907,1,693685,-1,37557,-0,002654806,0,9902614,-0,001197969,-0,1391898,0,0,0,0,0,0,0,0,0,0,0,0,0,0,0,0,0,0,0,0,0,0,1,1,1,False
11,48677,-10,48907,1,693685,-1,37557,-0,002654806,0,9902614,-0,001197969,-0,1391898,0,0,0,0,0,0,0,0,0,0,0,0,0,0,0,0,0,0,0,0,0,0,1,1,1,False
11,50165,-10,48907,1,693685,-1,37557,-0,002654806,0,9902614,-0,001197969,-0,1391898,0,0,0,0,0,0,0,0,0,0,0,0,0,0,0,0,0,0,0,0,0,0,1,1,1,False
11,52525,-10,48907,1,693685,-1,37557,-0,002654806,0,9902614,-0,001197969,-0,1391898,0,0,0,0,0,0,0,0,0,0,0,0,0,0,0,0,0,0,0,0,0,0,1,1,1,False
11,53834,-10,48907,1,693685,-1,37557,-0,002654806,0,9902614,-0,001197969,-0,1391898,0,0,0,0,0,0,0,0,0,0,0,0,0,0,0,0,0,0,0,0,0,0,1,1,1,False
11,55093,-10,48907,1,693685,-1,37557,-0,002654806,0,9902614,-0,001197969,-0,1391898,0,0,0,0,0,0,0,0,0,0,0,0,0,0,0,0,0,0,0,0,0,0,1,1,1,False
11,56456,-10,48907,1,693685,-1,37557,-0,002654806,0,9902614,-0,001197969,-0,1391898,0,0,0,0,0,0,0,0,0,0,0,0,0,0,0,0,0,0,0,0,0,0,1,1,1,False
11,5785,-10,48907,1,693685,-1,37557,-0,002654806,0,9902614,-0,001197969,-0,1391898,0,0,0,0,0,0,0,0,0,0,0,0,0,0,0,0,0,0,0,0,0,0,1,1,1,False
11,59068,-10,48907,1,693685,-1,37557,-0,002654806,0,9902614,-0,001197969,-0,1391898,0,0,0,0,0,0,0,0,0,0,0,0,0,0,0,0,0,0,0,0,0,0,1,1,1,False
11,60393,-10,48907,1,693685,-1,37557,-0,002654806,0,9902614,-0,001197969,-0,1391898,0,0,0,0,0,0,0,0,0,0,0,0,0,0,0,0,0,0,0,0,0,0,1,1,1,False
11,61739,-10,48907,1,693685,-1,37557,-0,002654806,0,9902614,-0,001197969,-0,1391898,0,0,0,0,0,0,0,0,0,0,0,0,0,0,0,0,0,0,0,0,0,0,1,1,1,False
11,63106,-10,48907,1,693685,-1,37557,-0,002654806,0,9902614,-0,001197969,-0,1391898,0,0,0,0,0,0,0,0,0,0,0,0,0,0,0,0,0,0,0,0,0,0,1,1,1,False
11,6441,-10,48907,1,693685,-1,37557,-0,002654806,0,9902614,-0,001197969,-0,1391898,0,0,0,0,0,0,0,0,0,0,0,0,0,0,0,0,0,0,0,0,0,0,1,1,1,False
11,65745,-10,48907,1,693685,-1,37557,-0,002654806,0,9902614,-0,001197969,-0,1391898,0,0,0,0,0,0,0,0,0,0,0,0,0,0,0,0,0,0,0,0,0,0,1,1,1,False
11,67984,-10,48907,1,693685,-1,37557,-0,002654806,0,9902614,-0,001197969,-0,1391898,0,0,0,0,0,0,0,0,0,0,0,0,0,0,0,0,0,0,0,0,0,0,1,1,1,False
11,69308,-10,48907,1,693685,-1,37557,-0,002654806,0,9902614,-0,001197969,-0,1391898,0,0,0,0,0,0,0,0,0,0,0,0,0,0,0,0,0,0,0,0,0,0,1,1,1,False
11,70621,-10,48907,1,693685,-1,37557,-0,002654806,0,9902614,-0,001197969,-0,1391898,0,0,0,0,0,0,0,0,0,0,0,0,0,0,0,0,0,0,0,0,0,0,1,1,1,False
11,71937,-10,48907,1,693685,-1,37557,-0,002654806,0,9902614,-0,001197969,-0,1391898,0,0,0,0,0,0,0,0,0,0,0,0,0,0,0,0,0,0,0,0,0,0,1,1,1,False
11,73174,-10,48907,1,693685,-1,37557,-0,002654806,0,9902614,-0,001197969,-0,1391898,0,0,0,0,0,0,0,0,0,0,0,0,0,0,0,0,0,0,0,0,0,0,1,1,1,False
11,74493,-10,48907,1,693685,-1,37557,-0,002654806,0,9902614,-0,001197969,-0,1391898,0,0,0,0,0,0,0,0,0,0,0,0,0,0,0,0,0,0,0,0,0,0,1,1,1,False
11,75826,-10,48907,1,693685,-1,37557,-0,002654806,0,9902614,-0,001197969,-0,1391898,0,0,0,0,0,0,0,0,0,0,0,0,0,0,0,0,0,0,0,0,0,0,1,1,1,False
11,77047,-10,48907,1,693685,-1,37557,-0,002654806,0,9902614,-0,001197969,-0,1391898,0,0,0,0,0,0,0,0,0,0,0,0,0,0,0,0,0,0,0,0,0,0,1,1,1,False
11,78386,-10,48907,1,693685,-1,37557,-0,002654806,0,9902614,-0,001197969,-0,1391898,0,0,0,0,0,0,0,0,0,0,0,0,0,0,0,0,0,0,0,0,0,0,1,1,1,False
11,79694,-10,48907,1,693685,-1,37557,-0,002654806,0,9902614,-0,001197969,-0,1391898,0,0,0,0,0,0,0,0,0,0,0,0,0,0,0,0,0,0,0,0,0,0,1,1,1,False
11,80929,-10,48907,1,693685,-1,37557,-0,002654806,0,9902614,-0,001197969,-0,1391898,0,0,0,0,0,0,0,0,0,0,0,0,0,0,0,0,0,0,0,0,0,0,1,1,1,False
11,83225,-10,48907,1,693685,-1,37557,-0,002654806,0,9902614,-0,001197969,-0,1391898,0,0,0,0,0,0,0,0,0,0,0,0,0,0,0,0,0,0,0,0,0,0,1,1,1,False
11,84525,-10,48907,1,693685,-1,37557,-0,002654806,0,9902614,-0,001197969,-0,1391898,0,0,0,0,0,0,0,0,0,0,0,0,0,0,0,0,0,0,0,0,0,0,1,1,1,False
11,85878,-10,48907,1,693685,-1,37557,-0,002654806,0,9902614,-0,001197969,-0,1391898,0,0,0,0,0,0,0,0,0,0,0,0,0,0,0,0,0,0,0,0,0,0,1,1,1,False
11,87137,-10,48907,1,693685,-1,37557,-0,002654806,0,9902614,-0,001197969,-0,1391898,0,0,0,0,0,0,0,0,0,0,0,0,0,0,0,0,0,0,0,0,0,0,1,1,1,False
11,88459,-10,48907,1,693685,-1,37557,-0,002654806,0,9902614,-0,001197969,-0,1391898,0,0,0,0,0,0,0,0,0,0,0,0,0,0,0,0,0,0,0,0,0,0,1,1,1,False
11,89776,-10,48907,1,693685,-1,37557,-0,002654806,0,9902614,-0,001197969,-0,1391898,0,0,0,0,0,0,0,0,0,0,0,0,0,0,0,0,0,0,0,0,0,0,1,1,1,False
11,91016,-10,48907,1,693685,-1,37557,-0,002654806,0,9902614,-0,001197969,-0,1391898,0,0,0,0,0,0,0,0,0,0,0,0,0,0,0,0,0,0,0,0,0,0,1,1,1,False
11,92352,-10,48907,1,693685,-1,37557,-0,002654806,0,9902614,-0,001197969,-0,1391898,0,0,0,0,0,0,0,0,0,0,0,0,0,0,0,0,0,0,0,0,0,0,1,1,1,False
11,93772,-10,48907,1,693685,-1,37557,-0,002654806,0,9902614,-0,001197969,-0,1391898,0,0,0,0,0,0,0,0,0,0,0,0,0,0,0,0,0,0,0,0,0,0,1,1,1,False
11,95038,-10,48907,1,693685,-1,37557,-0,002654806,0,9902614,-0,001197969,-0,1391898,0,0,0,0,0,0,0,0,0,0,0,0,0,0,0,0,0,0,0,0,0,0,1,1,1,False
11,96366,-10,48907,1,693685,-1,37557,-0,002654806,0,9902614,-0,001197969,-0,1391898,0,0,0,0,0,0,0,0,0,0,0,0,0,0,0,0,0,0,0,0,0,0,1,1,1,False
11,98715,-10,48907,1,693685,-1,37557,-0,002654806,0,9902614,-0,001197969,-0,1391898,0,0,0,0,0,0,0,0,0,0,0,0,0,0,0,0,0,0,0,0,0,0,1,1,1,False
12,00025,-10,48907,1,693685,-1,37557,-0,002654806,0,9902614,-0,001197969,-0,1391898,0,0,0,0,0,0,0,0,0,0,0,0,0,0,0,0,0,0,0,0,0,0,1,1,1,False
12,01342,-10,48907,1,693685,-1,37557,-0,002654806,0,9902614,-0,001197969,-0,1391898,0,0,0,0,0,0,0,0,0,0,0,0,0,0,0,0,0,0,0,0,0,0,1,1,1,False
12,02596,-10,48907,1,693685,-1,37557,-0,002654806,0,9902614,-0,001197969,-0,1391898,0,0,0,0,0,0,0,0,0,0,0,0,0,0,0,0,0,0,0,0,0,0,1,1,1,False
12,03906,-10,48907,1,693685,-1,37557,-0,002654806,0,9902614,-0,001197969,-0,1391898,0,0,0,0,0,0,0,0,0,0,0,0,0,0,0,0,0,0,0,0,0,0,1,1,1,False
12,0516,-10,48907,1,693685,-1,37557,-0,002654806,0,9902614,-0,001197969,-0,1391898,0,0,0,0,0,0,0,0,0,0,0,0,0,0,0,0,0,0,0,0,0,0,1,1,1,False
12,06516,-10,48907,1,693685,-1,37557,-0,002654806,0,9902614,-0,001197969,-0,1391898,0,0,0,0,0,0,0,0,0,0,0,0,0,0,0,0,0,0,0,0,0,0,1,1,1,False
12,07837,-10,48907,1,693685,-1,37557,-0,002654806,0,9902614,-0,001197969,-0,1391898,0,0,0,0,0,0,0,0,0,0,0,0,0,0,0,0,0,0,0,0,0,0,1,1,1,False
12,09075,-10,48907,1,693685,-1,37557,-0,002654806,0,9902614,-0,001197969,-0,1391898,0,0,0,0,0,0,0,0,0,0,0,0,0,0,0,0,0,0,0,0,0,0,1,1,1,False
12,10391,-10,48907,1,693685,-1,37557,-0,002654806,0,9902614,-0,001197969,-0,1391898,0,0,0,0,0,0,0,0,0,0,0,0,0,0,0,0,0,0,0,0,0,0,1,1,1,False
12,11716,-10,48907,1,693685,-1,37557,-0,002654806,0,9902614,-0,001197969,-0,1391898,0,0,0,0,0,0,0,0,0,0,0,0,0,0,0,0,0,0,0,0,0,0,1,1,1,False
12,13963,-10,48907,1,693685,-1,37557,-0,002654806,0,9902614,-0,001197969,-0,1391898,0,0,0,0,0,0,0,0,0,0,0,0,0,0,0,0,0,0,0,0,0,0,1,1,1,False
12,15284,-10,48907,1,693685,-1,37557,-0,002654806,0,9902614,-0,001197969,-0,1391898,0,0,0,0,0,0,0,0,0,0,0,0,0,0,0,0,0,0,0,0,0,0,1,1,1,False
12,16686,-10,48907,1,693685,-1,37557,-0,002654806,0,9902614,-0,001197969,-0,1391898,0,0,0,0,0,0,0,0,0,0,0,0,0,0,0,0,0,0,0,0,0,0,1,1,1,False
12,18121,-10,48907,1,693685,-1,37557,-0,002654806,0,9902614,-0,001197969,-0,1391898,0,0,0,0,0,0,0,0,0,0,0,0,0,0,0,0,0,0,0,0,0,0,1,1,1,False
12,19504,-10,48907,1,693685,-1,37557,-0,002654806,0,9902614,-0,001197969,-0,1391898,0,0,0,0,0,0,0,0,0,0,0,0,0,0,0,0,0,0,0,0,0,0,1,1,1,False
12,20836,-10,48907,1,693685,-1,37557,-0,002654806,0,9902614,-0,001197969,-0,1391898,0,0,0,0,0,0,0,0,0,0,0,0,0,0,0,0,0,0,0,0,0,0,1,1,1,False
12,22346,-10,48907,1,693685,-1,37557,-0,002654806,0,9902614,-0,001197969,-0,1391898,0,0,0,0,0,0,0,0,0,0,0,0,0,0,0,0,0,0,0,0,0,0,1,1,1,False
12,23755,-10,48907,1,693685,-1,37557,-0,002654806,0,9902614,-0,001197969,-0,1391898,0,0,0,0,0,0,0,0,0,0,0,0,0,0,0,0,0,0,0,0,0,0,1,1,1,False
12,25041,-10,48907,1,693685,-1,37557,-0,002654806,0,9902614,-0,001197969,-0,1391898,0,0,0,0,0,0,0,0,0,0,0,0,0,0,0,0,0,0,0,0,0,0,1,1,1,False
12,26466,-10,48907,1,693685,-1,37557,-0,002654806,0,9902614,-0,001197969,-0,1391898,0,0,0,0,0,0,0,0,0,0,0,0,0,0,0,0,0,0,0,0,0,0,1,1,1,False
12,27899,-10,48907,1,693685,-1,37557,-0,002654806,0,9902614,-0,001197969,-0,1391898,0,0,0,0,0,0,0,0,0,0,0,0,0,0,0,0,0,0,0,0,0,0,1,1,1,False
12,30204,-10,48907,1,693685,-1,37557,-0,002654806,0,9902614,-0,001197969,-0,1391898,0,0,0,0,0,0,0,0,0,0,0,0,0,0,0,0,0,0,0,0,0,0,1,1,1,False
12,31673,-10,48907,1,693685,-1,37557,-0,002654806,0,9902614,-0,001197969,-0,1391898,0,0,0,0,0,0,0,0,0,0,0,0,0,0,0,0,0,0,0,0,0,0,1,1,1,False
12,32985,-10,48907,1,693685,-1,37557,-0,002654806,0,9902614,-0,001197969,-0,1391898,0,0,0,0,0,0,0,0,0,0,0,0,0,0,0,0,0,0,0,0,0,0,1,1,1,False
12,34315,-10,48907,1,693685,-1,37557,-0,002654806,0,9902614,-0,001197969,-0,1391898,0,0,0,0,0,0,0,0,0,0,0,0,0,0,0,0,0,0,0,0,0,0,1,1,1,False
12,3572,-10,48907,1,693685,-1,37557,-0,002654806,0,9902614,-0,001197969,-0,1391898,0,0,0,0,0,0,0,0,0,0,0,0,0,0,0,0,0,0,0,0,0,0,1,1,1,False
12,37016,-10,48907,1,693685,-1,37557,-0,002654806,0,9902614,-0,001197969,-0,1391898,0,0,0,0,0,0,0,0,0,0,0,0,0,0,0,0,0,0,0,0,0,0,1,1,1,False
12,38432,-10,48907,1,693685,-1,37557,-0,002654806,0,9902614,-0,001197969,-0,1391898,0,0,0,0,0,0,0,0,0,0,0,0,0,0,0,0,0,0,0,0,0,0,1,1,1,False
12,39827,-10,48907,1,693685,-1,37557,-0,002654806,0,9902614,-0,001197969,-0,1391898,0,0,0,0,0,0,0,0,0,0,0,0,0,0,0,0,0,0,0,0,0,0,1,1,1,False
12,41141,-10,48907,1,693685,-1,37557,-0,002654806,0,9902614,-0,001197969,-0,1391898,0,0,0,0,0,0,0,0,0,0,0,0,0,0,0,0,0,0,0,0,0,0,1,1,1,False
12,42587,-10,48907,1,693685,-1,37557,-0,002654806,0,9902614,-0,001197969,-0,1391898,0,0,0,0,0,0,0,0,0,0,0,0,0,0,0,0,0,0,0,0,0,0,1,1,1,False
12,43919,-10,48907,1,693685,-1,37557,-0,002654806,0,9902614,-0,001197969,-0,1391898,0,0,0,0,0,0,0,0,0,0,0,0,0,0,0,0,0,0,0,0,0,0,1,1,1,False
12,46226,-10,48907,1,693685,-1,37557,-0,002654806,0,9902614,-0,001197969,-0,1391898,0,0,0,0,0,0,0,0,0,0,0,0,0,0,0,0,0,0,0,0,0,0,1,1,1,False
12,47573,-10,48907,1,693685,-1,37557,-0,002654806,0,9902614,-0,001197969,-0,1391898,0,0,0,0,0,0,0,0,0,0,0,0,0,0,0,0,0,0,0,0,0,0,1,1,1,False
12,48825,-10,48907,1,693685,-1,37557,-0,002654806,0,9902614,-0,001197969,-0,1391898,0,0,0,0,0,0,0,0,0,0,0,0,0,0,0,0,0,0,0,0,0,0,1,1,1,False
12,50179,-10,48907,1,693685,-1,37557,-0,002654806,0,9902614,-0,001197969,-0,1391898,0,0,0,0,0,0,0,0,0,0,0,0,0,0,0,0,0,0,0,0,0,0,1,1,1,False
12,51501,-10,48907,1,693685,-1,37557,-0,002654806,0,9902614,-0,001197969,-0,1391898,0,0,0,0,0,0,0,0,0,0,0,0,0,0,0,0,0,0,0,0,0,0,1,1,1,False
12,5273,-10,48907,1,693685,-1,37557,-0,002654806,0,9902614,-0,001197969,-0,1391898,0,0,0,0,0,0,0,0,0,0,0,0,0,0,0,0,0,0,0,0,0,0,1,1,1,False
12,54036,-10,48907,1,693685,-1,37557,-0,002654806,0,9902614,-0,001197969,-0,1391898,0,0,0,0,0,0,0,0,0,0,0,0,0,0,0,0,0,0,0,0,0,0,1,1,1,False
12,55347,-10,48907,1,693685,-1,37557,-0,002654806,0,9902614,-0,001197969,-0,1391898,0,0,0,0,0,0,0,0,0,0,0,0,0,0,0,0,0,0,0,0,0,0,1,1,1,False
12,56604,-10,48907,1,693685,-1,37557,-0,002654806,0,9902614,-0,001197969,-0,1391898,0,0,0,0,0,0,0,0,0,0,0,0,0,0,0,0,0,0,0,0,0,0,1,1,1,False
12,57931,-10,48907,1,693685,-1,37557,-0,002654806,0,9902614,-0,001197969,-0,1391898,0,0,0,0,0,0,0,0,0,0,0,0,0,0,0,0,0,0,0,0,0,0,1,1,1,False
12,59176,-10,48907,1,693685,-1,37557,-0,002654806,0,9902614,-0,001197969,-0,1391898,0,0,0,0,0,0,0,0,0,0,0,0,0,0,0,0,0,0,0,0,0,0,1,1,1,False
12,61513,-10,48907,1,693685,-1,37557,-0,002654806,0,9902614,-0,001197969,-0,1391898,0,0,0,0,0,0,0,0,0,0,0,0,0,0,0,0,0,0,0,0,0,0,1,1,1,False
12,62843,-10,48907,1,693685,-1,37557,-0,002654806,0,9902614,-0,001197969,-0,1391898,0,0,0,0,0,0,0,0,0,0,0,0,0,0,0,0,0,0,0,0,0,0,1,1,1,False
12,64168,-10,48907,1,693685,-1,37557,-0,002654806,0,9902614,-0,001197969,-0,1391898,0,0,0,0,0,0,0,0,0,0,0,0,0,0,0,0,0,0,0,0,0,0,1,1,1,False
12,65517,-10,48907,1,693685,-1,37557,-0,002654806,0,9902614,-0,001197969,-0,1391898,0,0,0,0,0,0,0,0,0,0,0,0,0,0,0,0,0,0,0,0,0,0,1,1,1,False
12,66778,-10,48907,1,693685,-1,37557,-0,002654806,0,9902614,-0,001197969,-0,1391898,0,0,0,0,0,0,0,0,0,0,0,0,0,0,0,0,0,0,0,0,0,0,1,1,1,False
12,68127,-10,48907,1,693685,-1,37557,-0,002654806,0,9902614,-0,001197969,-0,1391898,0,0,0,0,0,0,0,0,0,0,0,0,0,0,0,0,0,0,0,0,0,0,1,1,1,False
12,69474,-10,48907,1,693685,-1,37557,-0,002654806,0,9902614,-0,001197969,-0,1391898,0,0,0,0,0,0,0,0,0,0,0,0,0,0,0,0,0,0,0,0,0,0,1,1,1,False
12,70703,-10,48907,1,693685,-1,37557,-0,002654806,0,9902614,-0,001197969,-0,1391898,0,0,0,0,0,0,0,0,0,0,0,0,0,0,0,0,0,0,0,0,0,0,1,1,1,False
12,7203,-10,48907,1,693685,-1,37557,-0,002654806,0,9902614,-0,001197969,-0,1391898,0,0,0,0,0,0,0,0,0,0,0,0,0,0,0,0,0,0,0,0,0,0,1,1,1,False
12,73362,-10,48907,1,693685,-1,37557,-0,002654806,0,9902614,-0,001197969,-0,1391898,0,0,0,0,0,0,0,0,0,0,0,0,0,0,0,0,0,0,0,0,0,0,1,1,1,False
12,74707,-10,48907,1,693685,-1,37557,-0,002654806,0,9902614,-0,001197969,-0,1391898,0,0,0,0,0,0,0,0,0,0,0,0,0,0,0,0,0,0,0,0,0,0,1,1,1,False
12,77125,-10,48907,1,693685,-1,37557,-0,002654806,0,9902614,-0,001197969,-0,1391898,0,0,0,0,0,0,0,0,0,0,0,0,0,0,0,0,0,0,0,0,0,0,1,1,1,False
12,7857,-10,48907,1,693685,-1,37557,-0,002654806,0,9902614,-0,001197969,-0,1391898,0,0,0,0,0,0,0,0,0,0,0,0,0,0,0,0,0,0,0,0,0,0,1,1,1,False
12,80098,-10,48907,1,693685,-1,37557,-0,002654806,0,9902614,-0,001197969,-0,1391898,0,0,0,0,0,0,0,0,0,0,0,0,0,0,0,0,0,0,0,0,0,0,1,1,1,False
12,81666,-10,48907,1,693685,-1,37557,-0,002654806,0,9902614,-0,001197969,-0,1391898,0,0,0,0,0,0,0,0,0,0,0,0,0,0,0,0,0,0,0,0,0,0,1,1,1,False
12,83128,-10,48907,1,693685,-1,37557,-0,002654806,0,9902614,-0,001197969,-0,1391898,0,0,0,0,0,0,0,0,0,0,0,0,0,0,0,0,0,0,0,0,0,0,1,1,1,False
12,84725,-10,48907,1,693685,-1,37557,-0,002654806,0,9902614,-0,001197969,-0,1391898,0,0,0,0,0,0,0,0,0,0,0,0,0,0,0,0,0,0,0,0,0,0,1,1,1,False
12,86277,-10,48907,1,693685,-1,37557,-0,002654806,0,9902614,-0,001197969,-0,1391898,0,0,0,0,0,0,0,0,0,0,0,0,0,0,0,0,0,0,0,0,0,0,1,1,1,False
12,87798,-10,48907,1,693685,-1,37557,-0,002654806,0,9902614,-0,001197969,-0,1391898,0,0,0,0,0,0,0,0,0,0,0,0,0,0,0,0,0,0,0,0,0,0,1,1,1,False
12,89275,-10,48907,1,693685,-1,37557,-0,002654806,0,9902614,-0,001197969,-0,1391898,0,0,0,0,0,0,0,0,0,0,0,0,0,0,0,0,0,0,0,0,0,0,1,1,1,False
12,90825,-10,48907,1,693685,-1,37557,-0,002654806,0,9902614,-0,001197969,-0,1391898,0,0,0,0,0,0,0,0,0,0,0,0,0,0,0,0,0,0,0,0,0,0,1,1,1,False
12,93512,-10,48907,1,693685,-1,37557,-0,002654806,0,9902614,-0,001197969,-0,1391898,0,0,0,0,0,0,0,0,0,0,0,0,0,0,0,0,0,0,0,0,0,0,1,1,1,False
12,95038,-10,48907,1,693685,-1,37557,-0,002654806,0,9902614,-0,001197969,-0,1391898,0,0,0,0,0,0,0,0,0,0,0,0,0,0,0,0,0,0,0,0,0,0,1,1,1,False
12,96554,-10,48907,1,693685,-1,37557,-0,002654806,0,9902614,-0,001197969,-0,1391898,0,0,0,0,0,0,0,0,0,0,0,0,0,0,0,0,0,0,0,0,0,0,1,1,1,False
12,98077,-10,48907,1,693685,-1,37557,-0,002654806,0,9902614,-0,001197969,-0,1391898,0,0,0,0,0,0,0,0,0,0,0,0,0,0,0,0,0,0,0,0,0,0,1,1,1,False
12,99619,-10,48907,1,693685,-1,37557,-0,002654806,0,9902614,-0,001197969,-0,1391898,0,0,0,0,0,0,0,0,0,0,0,0,0,0,0,0,0,0,0,0,0,0,1,1,1,False
13,01074,-10,48907,1,693685,-1,37557,-0,002654806,0,9902614,-0,001197969,-0,1391898,0,0,0,0,0,0,0,0,0,0,0,0,0,0,0,0,0,0,0,0,0,0,1,1,1,False
13,02656,-10,48907,1,693685,-1,37557,-0,002654806,0,9902614,-0,001197969,-0,1391898,0,0,0,0,0,0,0,0,0,0,0,0,0,0,0,0,0,0,0,0,0,0,1,1,1,False
13,04196,-10,48907,1,693685,-1,37557,-0,002654806,0,9902614,-0,001197969,-0,1391898,0,0,0,0,0,0,0,0,0,0,0,0,0,0,0,0,0,0,0,0,0,0,1,1,1,False
13,0573,-10,48907,1,693685,-1,37557,-0,002654806,0,9902614,-0,001197969,-0,1391898,0,0,0,0,0,0,0,0,0,0,0,0,0,0,0,0,0,0,0,0,0,0,1,1,1,False
13,07108,-10,48907,1,693685,-1,37557,-0,002654806,0,9902614,-0,001197969,-0,1391898,0,0,0,0,0,0,0,0,0,0,0,0,0,0,0,0,0,0,0,0,0,0,1,1,1,False
13,09823,-10,48907,1,693685,-1,37557,-0,002654806,0,9902614,-0,001197969,-0,1391898,0,0,0,0,0,0,0,0,0,0,0,0,0,0,0,0,0,0,0,0,0,0,1,1,1,False
13,11239,-10,48907,1,693685,-1,37557,-0,002654806,0,9902614,-0,001197969,-0,1391898,0,0,0,0,0,0,0,0,0,0,0,0,0,0,0,0,0,0,0,0,0,0,1,1,1,False
13,12825,-10,48907,1,693685,-1,37557,-0,002654806,0,9902614,-0,001197969,-0,1391898,0,0,0,0,0,0,0,0,0,0,0,0,0,0,0,0,0,0,0,0,0,0,1,1,1,False
13,14411,-10,48907,1,693685,-1,37557,-0,002654806,0,9902614,-0,001197969,-0,1391898,0,0,0,0,0,0,0,0,0,0,0,0,0,0,0,0,0,0,0,0,0,0,1,1,1,False
13,15972,-10,48907,1,693685,-1,37557,-0,002654806,0,9902614,-0,001197969,-0,1391898,0,0,0,0,0,0,0,0,0,0,0,0,0,0,0,0,0,0,0,0,0,0,1,1,1,False
13,17436,-10,48907,1,693685,-1,37557,-0,002654806,0,9902614,-0,001197969,-0,1391898,0,0,0,0,0,0,0,0,0,0,0,0,0,0,0,0,0,0,0,0,0,0,1,1,1,False
13,19037,-10,48907,1,693685,-1,37557,-0,002654806,0,9902614,-0,001197969,-0,1391898,0,0,0,0,0,0,0,0,0,0,0,0,0,0,0,0,0,0,0,0,0,0,1,1,1,False
13,20624,-10,48907,1,693685,-1,37557,-0,002654806,0,9902614,-0,001197969,-0,1391898,0,0,0,0,0,0,0,0,0,0,0,0,0,0,0,0,0,0,0,0,0,0,1,1,1,False
13,22206,-10,48907,1,693685,-1,37557,-0,002654806,0,9902614,-0,001197969,-0,1391898,0,0,0,0,0,0,0,0,0,0,0,0,0,0,0,0,0,0,0,0,0,0,1,1,1,False
13,24886,-10,48907,1,693685,-1,37557,-0,002654806,0,9902614,-0,001197969,-0,1391898,0,0,0,0,0,0,0,0,0,0,0,0,0,0,0,0,0,0,0,0,0,0,1,1,1,False
13,26394,-10,48907,1,693685,-1,37557,-0,002654806,0,9902614,-0,001197969,-0,1391898,0,0,0,0,0,0,0,0,0,0,0,0,0,0,0,0,0,0,0,0,0,0,1,1,1,False
13,2785,-10,48907,1,693685,-1,37557,-0,002654806,0,9902614,-0,001197969,-0,1391898,0,0,0,0,0,0,0,0,0,0,0,0,0,0,0,0,0,0,0,0,0,0,1,1,1,False
13,29215,-10,48907,1,693685,-1,37557,-0,002654806,0,9902614,-0,001197969,-0,1391898,0,0,0,0,0,0,0,0,0,0,0,0,0,0,0,0,0,0,0,0,0,0,1,1,1,False
13,30642,-10,48907,1,693685,-1,37557,-0,002654806,0,9902614,-0,001197969,-0,1391898,0,0,0,0,0,0,0,0,0,0,0,0,0,0,0,0,0,0,0,0,0,0,1,1,1,False
13,32091,-10,48907,1,693685,-1,37557,-0,002654806,0,9902614,-0,001197969,-0,1391898,0,0,0,0,0,0,0,0,0,0,0,0,0,0,0,0,0,0,0,0,0,0,1,1,1,False
13,33599,-10,48907,1,693685,-1,37557,-0,002654806,0,9902614,-0,001197969,-0,1391898,0,0,0,0,0,0,0,0,0,0,0,0,0,0,0,0,0,0,0,0,0,0,1,1,1,False
13,3496,-10,48907,1,693685,-1,37557,-0,002654806,0,9902614,-0,001197969,-0,1391898,0,0,0,0,0,0,0,0,0,0,0,0,0,0,0,0,0,0,0,0,0,0,1,1,1,False
13,36409,-10,48907,1,693685,-1,37557,-0,002654806,0,9902614,-0,001197969,-0,1391898,0,0,0,0,0,0,0,0,0,0,0,0,0,0,0,0,0,0,0,0,0,0,1,1,1,False
13,38222,-10,48907,1,693685,-1,37557,-0,002654806,0,9902614,-0,001197969,-0,1391898,0,0,0,0,0,0,0,0,0,0,0,0,0,0,0,0,0,0,0,0,0,0,1,1,1,False
13,4094,-10,48907,1,693685,-1,37557,-0,002654806,0,9902614,-0,001197969,-0,1391898,0,0,0,0,0,0,0,0,0,0,0,0,0,0,0,0,0,0,0,0,0,0,1,1,1,False
13,42531,-10,48907,1,693685,-1,37557,-0,002654806,0,9902614,-0,001197969,-0,1391898,0,0,0,0,0,0,0,0,0,0,0,0,0,0,0,0,0,0,0,0,0,0,1,1,1,False
13,44128,-10,48907,1,693685,-1,37557,-0,002654806,0,9902614,-0,001197969,-0,1391898,0,0,0,0,0,0,0,0,0,0,0,0,0,0,0,0,0,0,0,0,0,0,1,1,1,False
13,45698,-10,48907,1,693685,-1,37557,-0,002654806,0,9902614,-0,001197969,-0,1391898,0,0,0,0,0,0,0,0,0,0,0,0,0,0,0,0,0,0,0,0,0,0,1,1,1,False
13,47229,-10,48907,1,693685,-1,37557,-0,002654806,0,9902614,-0,001197969,-0,1391898,0,0,0,0,0,0,0,0,0,0,0,0,0,0,0,0,0,0,0,0,0,0,1,1,1,False
13,48867,-10,48907,1,693685,-1,37557,-0,002654806,0,9902614,-0,001197969,-0,1391898,0,0,0,0,0,0,0,0,0,0,0,0,0,0,0,0,0,0,0,0,0,0,1,1,1,False
13,50476,-10,48907,1,693685,-1,37557,-0,002654806,0,9902614,-0,001197969,-0,1391898,0,0,0,0,0,0,0,0,0,0,0,0,0,0,0,0,0,0,0,0,0,0,1,1,1,False
13,52095,-10,48907,1,693685,-1,37557,-0,002654806,0,9902614,-0,001197969,-0,1391898,0,0,0,0,0,0,0,0,0,0,0,0,0,0,0,0,0,0,0,0,0,0,1,1,1,False
13,53688,-10,48907,1,693685,-1,37557,-0,002654806,0,9902614,-0,001197969,-0,1391898,0,0,0,0,0,0,0,0,0,0,0,0,0,0,0,0,0,0,0,0,0,0,1,1,1,False
13,56386,-10,48907,1,693685,-1,37557,-0,002654806,0,9902614,-0,001197969,-0,1391898,0,0,0,0,0,0,0,0,0,0,0,0,0,0,0,0,0,0,0,0,0,0,1,1,1,False
13,58065,-10,48907,1,693685,-1,37557,-0,002654806,0,9902614,-0,001197969,-0,1391898,0,0,0,0,0,0,0,0,0,0,0,0,0,0,0,0,0,0,0,0,0,0,1,1,1,False
13,59751,-10,48907,1,693685,-1,37557,-0,002654806,0,9902614,-0,001197969,-0,1391898,0,0,0,0,0,0,0,0,0,0,0,0,0,0,0,0,0,0,0,0,0,0,1,1,1,False
13,61341,-10,48907,1,693685,-1,37557,-0,002654806,0,9902614,-0,001197969,-0,1391898,0,0,0,0,0,0,0,0,0,0,0,0,0,0,0,0,0,0,0,0,0,0,1,1,1,False
13,63032,-10,48907,1,693685,-1,37557,-0,002654806,0,9902614,-0,001197969,-0,1391898,0,0,0,0,0,0,0,0,0,0,0,0,0,0,0,0,0,0,0,0,0,0,1,1,1,False
13,64734,-10,48907,1,693685,-1,37557,-0,002654806,0,9902614,-0,001197969,-0,1391898,0,0,0,0,0,0,0,0,0,0,0,0,0,0,0,0,0,0,0,0,0,0,1,1,1,False
13,66493,-10,48907,1,693685,-1,37557,-0,002654806,0,9902614,-0,001197969,-0,1391898,0,0,0,0,0,0,0,0,0,0,0,0,0,0,0,0,0,0,0,0,0,0,1,1,1,False
13,68207,-10,48907,1,693685,-1,37557,-0,002654806,0,9902614,-0,001197969,-0,1391898,0,0,0,0,0,0,0,0,0,0,0,0,0,0,0,0,0,0,0,0,0,0,1,1,1,False
13,69945,-10,48907,1,693685,-1,37557,-0,002654806,0,9902614,-0,001197969,-0,1391898,0,0,0,0,0,0,0,0,0,0,0,0,0,0,0,0,0,0,0,0,0,0,1,1,1,False
13,72912,-10,48907,1,693685,-1,37557,-0,002654806,0,9902614,-0,001197969,-0,1391898,0,0,0,0,0,0,0,0,0,0,0,0,0,0,0,0,0,0,0,0,0,0,1,1,1,False
13,74668,-10,48907,1,693685,-1,37557,-0,002654806,0,9902614,-0,001197969,-0,1391898,0,0,0,0,0,0,0,0,0,0,0,0,0,0,0,0,0,0,0,0,0,0,1,1,1,False
13,76416,-10,48907,1,693685,-1,37557,-0,002654806,0,9902614,-0,001197969,-0,1391898,0,0,0,0,0,0,0,0,0,0,0,0,0,0,0,0,0,0,0,0,0,0,1,1,1,False
13,78181,-10,48907,1,693685,-1,37557,-0,002654806,0,9902614,-0,001197969,-0,1391898,0,0,0,0,0,0,0,0,0,0,0,0,0,0,0,0,0,0,0,0,0,0,1,1,1,False
13,79893,-10,48907,1,693685,-1,37557,-0,002654806,0,9902614,-0,001197969,-0,1391898,0,0,0,0,0,0,0,0,0,0,0,0,0,0,0,0,0,0,0,0,0,0,1,1,1,False
13,8151,-10,48907,1,693685,-1,37557,-0,002654806,0,9902614,-0,001197969,-0,1391898,0,0,0,0,0,0,0,0,0,0,0,0,0,0,0,0,0,0,0,0,0,0,1,1,1,False
13,83149,-10,48907,1,693685,-1,37557,-0,002654806,0,9902614,-0,001197969,-0,1391898,0,0,0,0,0,0,0,0,0,0,0,0,0,0,0,0,0,0,0,0,0,0,1,1,1,False
13,84832,-10,48907,1,693685,-1,37557,-0,002654806,0,9902614,-0,001197969,-0,1391898,0,0,0,0,0,0,0,0,0,0,0,0,0,0,0,0,0,0,0,0,0,0,1,1,1,False
13,86422,-10,48907,1,693685,-1,37557,-0,002654806,0,9902614,-0,001197969,-0,1391898,0,0,0,0,0,0,0,0,0,0,0,0,0,0,0,0,0,0,0,0,0,0,1,1,1,False
13,89185,-10,48907,1,693685,-1,37557,-0,002654806,0,9902614,-0,001197969,-0,1391898,0,0,0,0,0,0,0,0,0,0,0,0,0,0,0,0,0,0,0,0,0,0,1,1,1,False
13,90777,-10,48907,1,693685,-1,37557,-0,002654806,0,9902614,-0,001197969,-0,1391898,0,0,0,0,0,0,0,0,0,0,0,0,0,0,0,0,0,0,0,0,0,0,1,1,1,False
13,92351,-10,48907,1,693685,-1,37557,-0,002654806,0,9902614,-0,001197969,-0,1391898,0,0,0,0,0,0,0,0,0,0,0,0,0,0,0,0,0,0,0,0,0,0,1,1,1,False
13,93814,-10,48907,1,693685,-1,37557,-0,002654806,0,9902614,-0,001197969,-0,1391898,0,0,0,0,0,0,0,0,0,0,0,0,0,0,0,0,0,0,0,0,0,0,1,1,1,False
13,95189,-10,48907,1,693685,-1,37557,-0,002654806,0,9902614,-0,001197969,-0,1391898,0,0,0,0,0,0,0,0,0,0,0,0,0,0,0,0,0,0,0,0,0,0,1,1,1,False
13,96663,-10,48907,1,693685,-1,37557,-0,002654806,0,9902614,-0,001197969,-0,1391898,0,0,0,0,0,0,0,0,0,0,0,0,0,0,0,0,0,0,0,0,0,0,1,1,1,False
13,98125,-10,48907,1,693685,-1,37557,-0,002654806,0,9902614,-0,001197969,-0,1391898,0,0,0,0,0,0,0,0,0,0,0,0,0,0,0,0,0,0,0,0,0,0,1,1,1,False
13,99569,-10,48907,1,693685,-1,37557,-0,002654806,0,9902614,-0,001197969,-0,1391898,0,0,0,0,0,0,0,0,0,0,0,0,0,0,0,0,0,0,0,0,0,0,1,1,1,False
14,00924,-10,48907,1,693685,-1,37557,-0,002654806,0,9902614,-0,001197969,-0,1391898,0,0,0,0,0,0,0,0,0,0,0,0,0,0,0,0,0,0,0,0,0,0,1,1,1,False
14,02407,-10,48907,1,693685,-1,37557,-0,002654806,0,9902614,-0,001197969,-0,1391898,0,0,0,0,0,0,0,0,0,0,0,0,0,0,0,0,0,0,0,0,0,0,1,1,1,False
14,05094,-10,48907,1,693685,-1,37557,-0,002654806,0,9902614,-0,001197969,-0,1391898,0,0,0,0,0,0,0,0,0,0,0,0,0,0,0,0,0,0,0,0,0,0,1,1,1,False
14,06673,-10,48907,1,693685,-1,37557,-0,002654806,0,9902614,-0,001197969,-0,1391898,0,0,0,0,0,0,0,0,0,0,0,0,0,0,0,0,0,0,0,0,0,0,1,1,1,False
14,08278,-10,48907,1,693685,-1,37557,-0,002654806,0,9902614,-0,001197969,-0,1391898,0,0,0,0,0,0,0,0,0,0,0,0,0,0,0,0,0,0,0,0,0,0,1,1,1,False
14,09841,-10,48907,1,693685,-1,37557,-0,002654806,0,9902614,-0,001197969,-0,1391898,0,0,0,0,0,0,0,0,0,0,0,0,0,0,0,0,0,0,0,0,0,0,1,1,1,False
14,11305,-10,48907,1,693685,-1,37557,-0,002654806,0,9902614,-0,001197969,-0,1391898,0,0,0,0,0,0,0,0,0,0,0,0,0,0,0,0,0,0,0,0,0,0,1,1,1,False
14,12894,-10,48907,1,693685,-1,37557,-0,002654806,0,9902614,-0,001197969,-0,1391898,0,0,0,0,0,0,0,0,0,0,0,0,0,0,0,0,0,0,0,0,0,0,1,1,1,False
14,1448,-10,48907,1,693685,-1,37557,-0,002654806,0,9902614,-0,001197969,-0,1391898,0,0,0,0,0,0,0,0,0,0,0,0,0,0,0,0,0,0,0,0,0,0,1,1,1,False
14,1604,-10,48907,1,693685,-1,37557,-0,002654806,0,9902614,-0,001197969,-0,1391898,0,0,0,0,0,0,0,0,0,0,0,0,0,0,0,0,0,0,0,0,0,0,1,1,1,False
14,17623,-10,48907,1,693685,-1,37557,-0,002654806,0,9902614,-0,001197969,-0,1391898,0,0,0,0,0,0,0,0,0,0,0,0,0,0,0,0,0,0,0,0,0,0,1,1,1,False
14,20262,-10,48907,1,693685,-1,37557,-0,002654806,0,9902614,-0,001197969,-0,1391898,0,0,0,0,0,0,0,0,0,0,0,0,0,0,0,0,0,0,0,0,0,0,1,1,1,False
14,21856,-10,48907,1,693685,-1,37557,-0,002654806,0,9902614,-0,001197969,-0,1391898,0,0,0,0,0,0,0,0,0,0,0,0,0,0,0,0,0,0,0,0,0,0,1,1,1,False
14,23273,-10,48907,1,693685,-1,37557,-0,002654806,0,9902614,-0,001197969,-0,1391898,0,0,0,0,0,0,0,0,0,0,0,0,0,0,0,0,0,0,0,0,0,0,1,1,1,False
14,24877,-10,48907,1,693685,-1,37557,-0,002654806,0,9902614,-0,001197969,-0,1391898,0,0,0,0,0,0,0,0,0,0,0,0,0,0,0,0,0,0,0,0,0,0,1,1,1,False
14,2645,-10,48907,1,693685,-1,37557,-0,002654806,0,9902614,-0,001197969,-0,1391898,0,0,0,0,0,0,0,0,0,0,0,0,0,0,0,0,0,0,0,0,0,0,1,1,1,False
14,28091,-10,48907,1,693685,-1,37557,-0,002654806,0,9902614,-0,001197969,-0,1391898,0,0,0,0,0,0,0,0,0,0,0,0,0,0,0,0,0,0,0,0,0,0,1,1,1,False
14,29718,-10,48907,1,693685,-1,37557,-0,002654806,0,9902614,-0,001197969,-0,1391898,0,0,0,0,0,0,0,0,0,0,0,0,0,0,0,0,0,0,0,0,0,0,1,1,1,False
14,31187,-10,48907,1,693685,-1,37557,-0,002654806,0,9902614,-0,001197969,-0,1391898,0,0,0,0,0,0,0,0,0,0,0,0,0,0,0,0,0,0,0,0,0,0,1,1,1,False
14,32737,-10,48907,1,693685,-1,37557,-0,002654806,0,9902614,-0,001197969,-0,1391898,0,0,0,0,0,0,0,0,0,0,0,0,0,0,0,0,0,0,0,0,0,0,1,1,1,False
14,35436,-10,48907,1,693685,-1,37557,-0,002654806,0,9902614,-0,001197969,-0,1391898,0,0,0,0,0,0,0,0,0,0,0,0,0,0,0,0,0,0,0,0,0,0,1,1,1,False
14,3699,-10,48907,1,693685,-1,37557,-0,002654806,0,9902614,-0,001197969,-0,1391898,0,0,0,0,0,0,0,0,0,0,0,0,0,0,0,0,0,0,0,0,0,0,1,1,1,False
14,38577,-10,48907,1,693685,-1,37557,-0,002654806,0,9902614,-0,001197969,-0,1391898,0,0,0,0,0,0,0,0,0,0,0,0,0,0,0,0,0,0,0,0,0,0,1,1,1,False
14,40222,-10,48907,1,693685,-1,37557,-0,002654806,0,9902614,-0,001197969,-0,1391898,0,0,0,0,0,0,0,0,0,0,0,0,0,0,0,0,0,0,0,0,0,0,1,1,1,False
14,41812,-10,48907,1,693685,-1,37557,-0,002654806,0,9902614,-0,001197969,-0,1391898,0,0,0,0,0,0,0,0,0,0,0,0,0,0,0,0,0,0,0,0,0,0,1,1,1,False
14,43251,-10,48907,1,693685,-1,37557,-0,002654806,0,9902614,-0,001197969,-0,1391898,0,0,0,0,0,0,0,0,0,0,0,0,0,0,0,0,0,0,0,0,0,0,1,1,1,False
14,44855,-10,48907,1,693685,-1,37557,-0,002654806,0,9902614,-0,001197969,-0,1391898,0,0,0,0,0,0,0,0,0,0,0,0,0,0,0,0,0,0,0,0,0,0,1,1,1,False
14,46403,-10,48907,1,693685,-1,37557,-0,002654806,0,9902614,-0,001197969,-0,1391898,0,0,0,0,0,0,0,0,0,0,0,0,0,0,0,0,0,0,0,0,0,0,1,1,1,False
14,47989,-10,48907,1,693685,-1,37557,-0,002654806,0,9902614,-0,001197969,-0,1391898,0,0,0,0,0,0,0,0,0,0,0,0,0,0,0,0,0,0,0,0,0,0,1,1,1,False
14,50617,-10,48907,1,693685,-1,37557,-0,002654806,0,9902614,-0,001197969,-0,1391898,0,0,0,0,0,0,0,0,0,0,0,0,0,0,0,0,0,0,0,0,0,0,1,1,1,False
14,52246,-10,48907,1,693685,-1,37557,-0,002654806,0,9902614,-0,001197969,-0,1391898,0,0,0,0,0,0,0,0,0,0,0,0,0,0,0,0,0,0,0,0,0,0,1,1,1,False
14,53786,-10,48907,1,693685,-1,37557,-0,002654806,0,9902614,-0,001197969,-0,1391898,0,0,0,0,0,0,0,0,0,0,0,0,0,0,0,0,0,0,0,0,0,0,1,1,1,False
14,55204,-10,48907,1,693685,-1,37557,-0,002654806,0,9902614,-0,001197969,-0,1391898,0,0,0,0,0,0,0,0,0,0,0,0,0,0,0,0,0,0,0,0,0,0,1,1,1,False
14,56806,-10,48907,1,693685,-1,37557,-0,002654806,0,9902614,-0,001197969,-0,1391898,0,0,0,0,0,0,0,0,0,0,0,0,0,0,0,0,0,0,0,0,0,0,1,1,1,False
14,58376,-10,48907,1,693685,-1,37557,-0,002654806,0,9902614,-0,001197969,-0,1391898,0,0,0,0,0,0,0,0,0,0,0,0,0,0,0,0,0,0,0,0,0,0,1,1,1,False
14,60007,-10,48907,1,693685,-1,37557,-0,002654806,0,9902614,-0,001197969,-0,1391898,0,0,0,0,0,0,0,0,0,0,0,0,0,0,0,0,0,0,0,0,0,0,1,1,1,False
14,61575,-10,48907,1,693685,-1,37557,-0,002654806,0,9902614,-0,001197969,-0,1391898,0,0,0,0,0,0,0,0,0,0,0,0,0,0,0,0,0,0,0,0,0,0,1,1,1,False
14,63065,-10,48907,1,693685,-1,37557,-0,002654806,0,9902614,-0,001197969,-0,1391898,0,0,0,0,0,0,0,0,0,0,0,0,0,0,0,0,0,0,0,0,0,0,1,1,1,False
14,65774,-10,48907,1,693685,-1,37557,-0,002654806,0,9902614,-0,001197969,-0,1391898,0,0,0,0,0,0,0,0,0,0,0,0,0,0,0,0,0,0,0,0,0,0,1,1,1,False
14,67325,-10,48907,1,693685,-1,37557,-0,002654806,0,9902614,-0,001197969,-0,1391898,0,0,0,0,0,0,0,0,0,0,0,0,0,0,0,0,0,0,0,0,0,0,1,1,1,False
14,68915,-10,48907,1,693685,-1,37557,-0,002654806,0,9902614,-0,001197969,-0,1391898,0,0,0,0,0,0,0,0,0,0,0,0,0,0,0,0,0,0,0,0,0,0,1,1,1,False
14,70553,-10,48907,1,693685,-1,37557,-0,002654806,0,9902614,-0,001197969,-0,1391898,0,0,0,0,0,0,0,0,0,0,0,0,0,0,0,0,0,0,0,0,0,0,1,1,1,False
14,72135,-10,48907,1,693685,-1,37557,-0,002654806,0,9902614,-0,001197969,-0,1391898,0,0,0,0,0,0,0,0,0,0,0,0,0,0,0,0,0,0,0,0,0,0,1,1,1,False
14,73718,-10,48907,1,693685,-1,37557,-0,002654806,0,9902614,-0,001197969,-0,1391898,0,0,0,0,0,0,0,0,0,0,0,0,0,0,0,0,0,0,0,0,0,0,1,1,1,False
14,75198,-10,48907,1,693685,-1,37557,-0,002654806,0,9902614,-0,001197969,-0,1391898,0,0,0,0,0,0,0,0,0,0,0,0,0,0,0,0,0,0,0,0,0,0,1,1,1,False
14,76786,-10,48907,1,693685,-1,37557,-0,002654806,0,9902614,-0,001197969,-0,1391898,0,0,0,0,0,0,0,0,0,0,0,0,0,0,0,0,0,0,0,0,0,0,1,1,1,False
14,78386,-10,48907,1,693685,-1,37557,-0,002654806,0,9902614,-0,001197969,-0,1391898,0,0,0,0,0,0,0,0,0,0,0,0,0,0,0,0,0,0,0,0,0,0,1,1,1,False
14,81111,-10,48907,1,693685,-1,37557,-0,002654806,0,9902614,-0,001197969,-0,1391898,0,0,0,0,0,0,0,0,0,0,0,0,0,0,0,0,0,0,0,0,0,0,1,1,1,False
14,82631,-10,48907,1,693685,-1,37557,-0,002654806,0,9902614,-0,001197969,-0,1391898,0,0,0,0,0,0,0,0,0,0,0,0,0,0,0,0,0,0,0,0,0,0,1,1,1,False
14,84171,-10,48907,1,693685,-1,37557,-0,002654806,0,9902614,-0,001197969,-0,1391898,0,0,0,0,0,0,0,0,0,0,0,0,0,0,0,0,0,0,0,0,0,0,1,1,1,False
14,85614,-10,48907,1,693685,-1,37557,-0,002654806,0,9902614,-0,001197969,-0,1391898,0,0,0,0,0,0,0,0,0,0,0,0,0,0,0,0,0,0,0,0,0,0,1,1,1,False
14,86959,-10,48907,1,693685,-1,37557,-0,002654806,0,9902614,-0,001197969,-0,1391898,0,0,0,0,0,0,0,0,0,0,0,0,0,0,0,0,0,0,0,0,0,0,1,1,1,False
14,88427,-10,48907,1,693685,-1,37557,-0,002654806,0,9902614,-0,001197969,-0,1391898,0,0,0,0,0,0,0,0,0,0,0,0,0,0,0,0,0,0,0,0,0,0,1,1,1,False
14,89856,-10,48907,1,693685,-1,37557,-0,002654806,0,9902614,-0,001197969,-0,1391898,0,0,0,0,0,0,0,0,0,0,0,0,0,0,0,0,0,0,0,0,0,0,1,1,1,False
14,91223,-10,48907,1,693685,-1,37557,-0,002654806,0,9902614,-0,001197969,-0,1391898,0,0,0,0,0,0,0,0,0,0,0,0,0,0,0,0,0,0,0,0,0,0,1,1,1,False
14,92814,-10,48907,1,693685,-1,37557,-0,002654806,0,9902614,-0,001197969,-0,1391898,0,0,0,0,0,0,0,0,0,0,0,0,0,0,0,0,0,0,0,0,0,0,1,1,1,False
14,94417,-10,48907,1,693685,-1,37557,-0,002654806,0,9902614,-0,001197969,-0,1391898,0,0,0,0,0,0,0,0,0,0,0,0,0,0,0,0,0,0,0,0,0,0,1,1,1,False
14,97092,-10,48907,1,693685,-1,37557,-0,002654806,0,9902614,-0,001197969,-0,1391898,0,0,0,0,0,0,0,0,0,0,0,0,0,0,0,0,0,0,0,0,0,0,1,1,1,False
14,98612,-10,48907,1,693685,-1,37557,-0,002654806,0,9902614,-0,001197969,-0,1391898,0,0,0,0,0,0,0,0,0,0,0,0,0,0,0,0,0,0,0,0,0,0,1,1,1,False
15,00209,-10,48907,1,693685,-1,37557,-0,002654806,0,9902614,-0,001197969,-0,1391898,0,0,0,0,0,0,0,0,0,0,0,0,0,0,0,0,0,0,0,0,0,0,1,1,1,False
15,01767,-10,48907,1,693685,-1,37557,-0,002654806,0,9902614,-0,001197969,-0,1391898,0,0,0,0,0,0,0,0,0,0,0,0,0,0,0,0,0,0,0,0,0,0,1,1,1,False
15,03229,-10,48907,1,693685,-1,37557,-0,002654806,0,9902614,-0,001197969,-0,1391898,0,0,0,0,0,0,0,0,0,0,0,0,0,0,0,0,0,0,0,0,0,0,1,1,1,False
15,04896,-10,48907,1,693685,-1,37557,-0,002654806,0,9902614,-0,001197969,-0,1391898,0,0,0,0,0,0,0,0,0,0,0,0,0,0,0,0,0,0,0,0,0,0,1,1,1,False
15,06463,-10,48907,1,693685,-1,37557,-0,002654806,0,9902614,-0,001197969,-0,1391898,0,0,0,0,0,0,0,0,0,0,0,0,0,0,0,0,0,0,0,0,0,0,1,1,1,False
15,08042,-10,48907,1,693685,-1,37557,-0,002654806,0,9902614,-0,001197969,-0,1391898,0,0,0,0,0,0,0,0,0,0,0,0,0,0,0,0,0,0,0,0,0,0,1,1,1,False
15,09662,-10,48907,1,693685,-1,37557,-0,002654806,0,9902614,-0,001197969,-0,1391898,0,0,0,0,0,0,0,0,0,0,0,0,0,0,0,0,0,0,0,0,0,0,1,1,1,False
15,12236,-10,48907,1,693685,-1,37557,-0,002654806,0,9902614,-0,001197969,-0,1391898,0,0,0,0,0,0,0,0,0,0,0,0,0,0,0,0,0,0,0,0,0,0,1,1,1,False
15,13768,-10,48907,1,693685,-1,37557,-0,002654806,0,9902614,-0,001197969,-0,1391898,0,0,0,0,0,0,0,0,0,0,0,0,0,0,0,0,0,0,0,0,0,0,1,1,1,False
15,1521,-10,48907,1,693685,-1,37557,-0,002654806,0,9902614,-0,001197969,-0,1391898,0,0,0,0,0,0,0,0,0,0,0,0,0,0,0,0,0,0,0,0,0,0,1,1,1,False
15,17062,-10,48907,1,693685,-1,37557,-0,002654806,0,9902614,-0,001197969,-0,1391898,0,0,0,0,0,0,0,0,0,0,0,0,0,0,0,0,0,0,0,0,0,0,1,1,1,False
15,18618,-10,48907,1,693685,-1,37557,-0,002654806,0,9902614,-0,001197969,-0,1391898,0,0,0,0,0,0,0,0,0,0,0,0,0,0,0,0,0,0,0,0,0,0,1,1,1,False
15,20166,-10,48907,1,693685,-1,37557,-0,002654806,0,9902614,-0,001197969,-0,1391898,0,0,0,0,0,0,0,0,0,0,0,0,0,0,0,0,0,0,0,0,0,0,1,1,1,False
15,21684,-10,48907,1,693685,-1,37557,-0,002654806,0,9902614,-0,001197969,-0,1391898,0,0,0,0,0,0,0,0,0,0,0,0,0,0,0,0,0,0,0,0,0,0,1,1,1,False
15,23236,-10,48907,1,693685,-1,37557,-0,002654806,0,9902614,-0,001197969,-0,1391898,0,0,0,0,0,0,0,0,0,0,0,0,0,0,0,0,0,0,0,0,0,0,1,1,1,False
15,24736,-10,48907,1,693685,-1,37557,-0,002654806,0,9902614,-0,001197969,-0,1391898,0,0,0,0,0,0,0,0,0,0,0,0,0,0,0,0,0,0,0,0,0,0,1,1,1,False
15,27443,-10,48907,1,693685,-1,37557,-0,002654806,0,9902614,-0,001197969,-0,1391898,0,0,0,0,0,0,0,0,0,0,0,0,0,0,0,0,0,0,0,0,0,0,1,1,1,False
15,28886,-10,48907,1,693685,-1,37557,-0,002654806,0,9902614,-0,001197969,-0,1391898,0,0,0,0,0,0,0,0,0,0,0,0,0,0,0,0,0,0,0,0,0,0,1,1,1,False
15,30359,-10,48907,1,693685,-1,37557,-0,002654806,0,9902614,-0,001197969,-0,1391898,0,0,0,0,0,0,0,0,0,0,0,0,0,0,0,0,0,0,0,0,0,0,1,1,1,False
15,31873,-10,48907,1,693685,-1,37557,-0,002654806,0,9902614,-0,001197969,-0,1391898,0,0,0,0,0,0,0,0,0,0,0,0,0,0,0,0,0,0,0,0,0,0,1,1,1,False
15,33248,-10,48907,1,693685,-1,37557,-0,002654806,0,9902614,-0,001197969,-0,1391898,0,0,0,0,0,0,0,0,0,0,0,0,0,0,0,0,0,0,0,0,0,0,1,1,1,False
15,34695,-10,48907,1,693685,-1,37557,-0,002654806,0,9902614,-0,001197969,-0,1391898,0,0,0,0,0,0,0,0,0,0,0,0,0,0,0,0,0,0,0,0,0,0,1,1,1,False
15,36231,-10,48907,1,693685,-1,37557,-0,002654806,0,9902614,-0,001197969,-0,1391898,0,0,0,0,0,0,0,0,0,0,0,0,0,0,0,0,0,0,0,0,0,0,1,1,1,False
15,37747,-10,48907,1,693685,-1,37557,-0,002654806,0,9902614,-0,001197969,-0,1391898,0,0,0,0,0,0,0,0,0,0,0,0,0,0,0,0,0,0,0,0,0,0,1,1,1,False
15,39148,-10,48907,1,693685,-1,37557,-0,002654806,0,9902614,-0,001197969,-0,1391898,0,0,0,0,0,0,0,0,0,0,0,0,0,0,0,0,0,0,0,0,0,0,1,1,1,False
15,40619,-10,48907,1,693685,-1,37557,-0,002654806,0,9902614,-0,001197969,-0,1391898,0,0,0,0,0,0,0,0,0,0,0,0,0,0,0,0,0,0,0,0,0,0,1,1,1,False
15,43265,-10,48907,1,693685,-1,37557,-0,002654806,0,9902614,-0,001197969,-0,1391898,0,0,0,0,0,0,0,0,0,0,0,0,0,0,0,0,0,0,0,0,0,0,1,1,1,False
15,44751,-10,48907,1,693685,-1,37557,-0,002654806,0,9902614,-0,001197969,-0,1391898,0,0,0,0,0,0,0,0,0,0,0,0,0,0,0,0,0,0,0,0,0,0,1,1,1,False
15,46196,-10,48907,1,693685,-1,37557,-0,002654806,0,9902614,-0,001197969,-0,1391898,0,0,0,0,0,0,0,0,0,0,0,0,0,0,0,0,0,0,0,0,0,0,1,1,1,False
15,47617,-10,48907,1,693685,-1,37557,-0,002654806,0,9902614,-0,001197969,-0,1391898,0,0,0,0,0,0,0,0,0,0,0,0,0,0,0,0,0,0,0,0,0,0,1,1,1,False
15,49244,-10,48907,1,693685,-1,37557,-0,002654806,0,9902614,-0,001197969,-0,1391898,0,0,0,0,0,0,0,0,0,0,0,0,0,0,0,0,0,0,0,0,0,0,1,1,1,False
15,50728,-10,48907,1,693685,-1,37557,-0,002654806,0,9902614,-0,001197969,-0,1391898,0,0,0,0,0,0,0,0,0,0,0,0,0,0,0,0,0,0,0,0,0,0,1,1,1,False
15,52182,-10,48907,1,693685,-1,37557,-0,002654806,0,9902614,-0,001197969,-0,1391898,0,0,0,0,0,0,0,0,0,0,0,0,0,0,0,0,0,0,0,0,0,0,1,1,1,False
15,53736,-10,48907,1,693685,-1,37557,-0,002654806,0,9902614,-0,001197969,-0,1391898,0,0,0,0,0,0,0,0,0,0,0,0,0,0,0,0,0,0,0,0,0,0,1,1,1,False
15,55376,-10,48907,1,693685,-1,37557,-0,002654806,0,9902614,-0,001197969,-0,1391898,0,0,0,0,0,0,0,0,0,0,0,0,0,0,0,0,0,0,0,0,0,0,1,1,1,False
15,56931,-10,48907,1,693685,-1,37557,-0,002654806,0,9902614,-0,001197969,-0,1391898,0,0,0,0,0,0,0,0,0,0,0,0,0,0,0,0,0,0,0,0,0,0,1,1,1,False
15,59635,-10,48907,1,693685,-1,37557,-0,002654806,0,9902614,-0,001197969,-0,1391898,0,0,0,0,0,0,0,0,0,0,0,0,0,0,0,0,0,0,0,0,0,0,1,1,1,False
15,61178,-10,48907,1,693685,-1,37557,-0,002654806,0,9902614,-0,001197969,-0,1391898,0,0,0,0,0,0,0,0,0,0,0,0,0,0,0,0,0,0,0,0,0,0,1,1,1,False
15,62774,-10,48907,1,693685,-1,37557,-0,002654806,0,9902614,-0,001197969,-0,1391898,0,0,0,0,0,0,0,0,0,0,0,0,0,0,0,0,0,0,0,0,0,0,1,1,1,False
15,64312,-10,48907,1,693685,-1,37557,-0,002654806,0,9902614,-0,001197969,-0,1391898,0,0,0,0,0,0,0,0,0,0,0,0,0,0,0,0,0,0,0,0,0,0,1,1,1,False
15,65886,-10,48907,1,693685,-1,37557,-0,002654806,0,9902614,-0,001197969,-0,1391898,0,0,0,0,0,0,0,0,0,0,0,0,0,0,0,0,0,0,0,0,0,0,1,1,1,False
15,67354,-10,48907,1,693685,-1,37557,-0,002654806,0,9902614,-0,001197969,-0,1391898,0,0,0,0,0,0,0,0,0,0,0,0,0,0,0,0,0,0,0,0,0,0,1,1,1,False
15,68909,-10,48907,1,693685,-1,37557,-0,002654806,0,9902614,-0,001197969,-0,1391898,0,0,0,0,0,0,0,0,0,0,0,0,0,0,0,0,0,0,0,0,0,0,1,1,1,False
15,70465,-10,48907,1,693685,-1,37557,-0,002654806,0,9902614,-0,001197969,-0,1391898,0,0,0,0,0,0,0,0,0,0,0,0,0,0,0,0,0,0,0,0,0,0,1,1,1,False
15,72051,-10,48907,1,693685,-1,37557,-0,002654806,0,9902614,-0,001197969,-0,1391898,0,0,0,0,0,0,0,0,0,0,0,0,0,0,0,0,0,0,0,0,0,0,1,1,1,False
15,74761,-10,48907,1,693685,-1,37557,-0,002654806,0,9902614,-0,001197969,-0,1391898,0,0,0,0,0,0,0,0,0,0,0,0,0,0,0,0,0,0,0,0,0,0,1,1,1,False
15,7653,-10,48907,1,693685,-1,37557,-0,002654806,0,9902614,-0,001197969,-0,1391898,0,0,0,0,0,0,0,0,0,0,0,0,0,0,0,0,0,0,0,0,0,0,1,1,1,False
15,78036,-10,48907,1,693685,-1,37557,-0,002654806,0,9902614,-0,001197969,-0,1391898,0,0,0,0,0,0,0,0,0,0,0,0,0,0,0,0,0,0,0,0,0,0,1,1,1,False
15,7957,-10,48907,1,693685,-1,37557,-0,002654806,0,9902614,-0,001197969,-0,1391898,0,0,0,0,0,0,0,0,0,0,0,0,0,0,0,0,0,0,0,0,0,0,1,1,1,False
15,81045,-10,48907,1,693685,-1,37557,-0,002654806,0,9902614,-0,001197969,-0,1391898,0,0,0,0,0,0,0,0,0,0,0,0,0,0,0,0,0,0,0,0,0,0,1,1,1,False
15,82652,-10,48907,1,693685,-1,37557,-0,002654806,0,9902614,-0,001197969,-0,1391898,0,0,0,0,0,0,0,0,0,0,0,0,0,0,0,0,0,0,0,0,0,0,1,1,1,False
15,8414,-10,48907,1,693685,-1,37557,-0,002654806,0,9902614,-0,001197969,-0,1391898,0,0,0,0,0,0,0,0,0,0,0,0,0,0,0,0,0,0,0,0,0,0,1,1,1,False
15,85701,-10,48907,1,693685,-1,37557,-0,002654806,0,9902614,-0,001197969,-0,1391898,0,0,0,0,0,0,0,0,0,0,0,0,0,0,0,0,0,0,0,0,0,0,1,1,1,False
15,8724,-10,48907,1,693685,-1,37557,-0,002654806,0,9902614,-0,001197969,-0,1391898,0,0,0,0,0,0,0,0,0,0,0,0,0,0,0,0,0,0,0,0,0,0,1,1,1,False
15,89963,-10,48907,1,693685,-1,37557,-0,002654806,0,9902614,-0,001197969,-0,1391898,0,0,0,0,0,0,0,0,0,0,0,0,0,0,0,0,0,0,0,0,0,0,1,1,1,False
15,91547,-10,48907,1,693685,-1,37557,-0,002654806,0,9902614,-0,001197969,-0,1391898,0,0,0,0,0,0,0,0,0,0,0,0,0,0,0,0,0,0,0,0,0,0,1,1,1,False
15,93139,-10,48907,1,693685,-1,37557,-0,002654806,0,9902614,-0,001197969,-0,1391898,0,0,0,0,0,0,0,0,0,0,0,0,0,0,0,0,0,0,0,0,0,0,1,1,1,False
15,94796,-10,48907,1,693685,-1,37557,-0,002654806,0,9902614,-0,001197969,-0,1391898,0,0,0,0,0,0,0,0,0,0,0,0,0,0,0,0,0,0,0,0,0,0,1,1,1,False
15,96379,-10,48907,1,693685,-1,37557,-0,002654806,0,9902614,-0,001197969,-0,1391898,0,0,0,0,0,0,0,0,0,0,0,0,0,0,0,0,0,0,0,0,0,0,1,1,1,False
15,97945,-10,48907,1,693685,-1,37557,-0,002654806,0,9902614,-0,001197969,-0,1391898,0,0,0,0,0,0,0,0,0,0,0,0,0,0,0,0,0,0,0,0,0,0,1,1,1,False
15,99468,-10,48907,1,693685,-1,37557,-0,002654806,0,9902614,-0,001197969,-0,1391898,0,0,0,0,0,0,0,0,0,0,0,0,0,0,0,0,0,0,0,0,0,0,1,1,1,False
16,01074,-10,48907,1,693685,-1,37557,-0,002654806,0,9902614,-0,001197969,-0,1391898,0,0,0,0,0,0,0,0,0,0,0,0,0,0,0,0,0,0,0,0,0,0,1,1,1,False
16,02702,-10,48907,1,693685,-1,37557,-0,002654806,0,9902614,-0,001197969,-0,1391898,0,0,0,0,0,0,0,0,0,0,0,0,0,0,0,0,0,0,0,0,0,0,1,1,1,False
16,05386,-10,48907,1,693685,-1,37557,-0,002654806,0,9902614,-0,001197969,-0,1391898,0,0,0,0,0,0,0,0,0,0,0,0,0,0,0,0,0,0,0,0,0,0,1,1,1,False
16,06936,-10,48907,1,693685,-1,37557,-0,002654806,0,9902614,-0,001197969,-0,1391898,0,0,0,0,0,0,0,0,0,0,0,0,0,0,0,0,0,0,0,0,0,0,1,1,1,False
16,0841,-10,48907,1,693685,-1,37557,-0,002654806,0,9902614,-0,001197969,-0,1391898,0,0,0,0,0,0,0,0,0,0,0,0,0,0,0,0,0,0,0,0,0,0,1,1,1,False
16,10044,-10,48907,1,693685,-1,37557,-0,002654806,0,9902614,-0,001197969,-0,1391898,0,0,0,0,0,0,0,0,0,0,0,0,0,0,0,0,0,0,0,0,0,0,1,1,1,False
16,11649,-10,48907,1,693685,-1,37557,-0,002654806,0,9902614,-0,001197969,-0,1391898,0,0,0,0,0,0,0,0,0,0,0,0,0,0,0,0,0,0,0,0,0,0,1,1,1,False
16,13101,-10,48907,1,693685,-1,37557,-0,002654806,0,9902614,-0,001197969,-0,1391898,0,0,0,0,0,0,0,0,0,0,0,0,0,0,0,0,0,0,0,0,0,0,1,1,1,False
16,14678,-10,48907,1,693685,-1,37557,-0,002654806,0,9902614,-0,001197969,-0,1391898,0,0,0,0,0,0,0,0,0,0,0,0,0,0,0,0,0,0,0,0,0,0,1,1,1,False
16,1626,-10,48907,1,693685,-1,37557,-0,002654806,0,9902614,-0,001197969,-0,1391898,0,0,0,0,0,0,0,0,0,0,0,0,0,0,0,0,0,0,0,0,0,0,1,1,1,False
16,17839,-10,48907,1,693685,-1,37557,-0,002654806,0,9902614,-0,001197969,-0,1391898,0,0,0,0,0,0,0,0,0,0,0,0,0,0,0,0,0,0,0,0,0,0,1,1,1,False
16,20516,-10,48907,1,693685,-1,37557,-0,002654806,0,9902614,-0,001197969,-0,1391898,0,0,0,0,0,0,0,0,0,0,0,0,0,0,0,0,0,0,0,0,0,0,1,1,1,False
16,22182,-10,48907,1,693685,-1,37557,-0,002654806,0,9902614,-0,001197969,-0,1391898,0,0,0,0,0,0,0,0,0,0,0,0,0,0,0,0,0,0,0,0,0,0,1,1,1,False
16,23808,-10,48907,1,693685,-1,37557,-0,002654806,0,9902614,-0,001197969,-0,1391898,0,0,0,0,0,0,0,0,0,0,0,0,0,0,0,0,0,0,0,0,0,0,1,1,1,False
16,25331,-10,48907,1,693685,-1,37557,-0,002654806,0,9902614,-0,001197969,-0,1391898,0,0,0,0,0,0,0,0,0,0,0,0,0,0,0,0,0,0,0,0,0,0,1,1,1,False
16,2696,-10,48907,1,693685,-1,37557,-0,002654806,0,9902614,-0,001197969,-0,1391898,0,0,0,0,0,0,0,0,0,0,0,0,0,0,0,0,0,0,0,0,0,0,1,1,1,False
16,28571,-10,48907,1,693685,-1,37557,-0,002654806,0,9902614,-0,001197969,-0,1391898,0,0,0,0,0,0,0,0,0,0,0,0,0,0,0,0,0,0,0,0,0,0,1,1,1,False
16,3007,-10,48907,1,693685,-1,37557,-0,002654806,0,9902614,-0,001197969,-0,1391898,0,0,0,0,0,0,0,0,0,0,0,0,0,0,0,0,0,0,0,0,0,0,1,1,1,False
16,31597,-10,48907,1,693685,-1,37557,-0,002654806,0,9902614,-0,001197969,-0,1391898,0,0,0,0,0,0,0,0,0,0,0,0,0,0,0,0,0,0,0,0,0,0,1,1,1,False
16,33056,-10,48907,1,693685,-1,37557,-0,002654806,0,9902614,-0,001197969,-0,1391898,0,0,0,0,0,0,0,0,0,0,0,0,0,0,0,0,0,0,0,0,0,0,1,1,1,False
16,35939,-10,48907,1,693685,-1,37557,-0,002654806,0,9902614,-0,001197969,-0,1391898,0,0,0,0,0,0,0,0,0,0,0,0,0,0,0,0,0,0,0,0,0,0,1,1,1,False
16,37609,-10,48907,1,693685,-1,37557,-0,002654806,0,9902614,-0,001197969,-0,1391898,0,0,0,0,0,0,0,0,0,0,0,0,0,0,0,0,0,0,0,0,0,0,1,1,1,False
16,39442,-10,48907,1,693685,-1,37557,-0,002654806,0,9902614,-0,001197969,-0,1391898,0,0,0,0,0,0,0,0,0,0,0,0,0,0,0,0,0,0,0,0,0,0,1,1,1,False
16,41068,-10,48907,1,693685,-1,37557,-0,002654806,0,9902614,-0,001197969,-0,1391898,0,0,0,0,0,0,0,0,0,0,0,0,0,0,0,0,0,0,0,0,0,0,1,1,1,False
16,42678,-10,48907,1,693685,-1,37557,-0,002654806,0,9902614,-0,001197969,-0,1391898,0,0,0,0,0,0,0,0,0,0,0,0,0,0,0,0,0,0,0,0,0,0,1,1,1,False
16,44408,-10,48907,1,693685,-1,37557,-0,002654806,0,9902614,-0,001197969,-0,1391898,0,0,0,0,0,0,0,0,0,0,0,0,0,0,0,0,0,0,0,0,0,0,1,1,1,False
16,4607,-10,48907,1,693685,-1,37557,-0,002654806,0,9902614,-0,001197969,-0,1391898,0,0,0,0,0,0,0,0,0,0,0,0,0,0,0,0,0,0,0,0,0,0,1,1,1,False
16,47718,-10,48907,1,693685,-1,37557,-0,002654806,0,9902614,-0,001197969,-0,1391898,0,0,0,0,0,0,0,0,0,0,0,0,0,0,0,0,0,0,0,0,0,0,1,1,1,False
16,49395,-10,48907,1,693685,-1,37557,-0,002654806,0,9902614,-0,001197969,-0,1391898,0,0,0,0,0,0,0,0,0,0,0,0,0,0,0,0,0,0,0,0,0,0,1,1,1,False
16,52242,-10,48907,1,693685,-1,37557,-0,002654806,0,9902614,-0,001197969,-0,1391898,0,0,0,0,0,0,0,0,0,0,0,0,0,0,0,0,0,0,0,0,0,0,1,1,1,False
16,54008,-10,48907,1,693685,-1,37557,-0,002654806,0,9902614,-0,001197969,-0,1391898,0,0,0,0,0,0,0,0,0,0,0,0,0,0,0,0,0,0,0,0,0,0,1,1,1,False
16,55933,-10,48907,1,693685,-1,37557,-0,002654806,0,9902614,-0,001197969,-0,1391898,0,0,0,0,0,0,0,0,0,0,0,0,0,0,0,0,0,0,0,0,0,0,1,1,1,False
16,57476,-10,48907,1,693685,-1,37557,-0,002654806,0,9902614,-0,001197969,-0,1391898,0,0,0,0,0,0,0,0,0,0,0,0,0,0,0,0,0,0,0,0,0,0,1,1,1,False
16,59142,-10,48907,1,693685,-1,37557,-0,002654806,0,9902614,-0,001197969,-0,1391898,0,0,0,0,0,0,0,0,0,0,0,0,0,0,0,0,0,0,0,0,0,0,1,1,1,False
16,60804,-10,48907,1,693685,-1,37557,-0,002654806,0,9902614,-0,001197969,-0,1391898,0,0,0,0,0,0,0,0,0,0,0,0,0,0,0,0,0,0,0,0,0,0,1,1,1,False
16,62454,-10,48907,1,693685,-1,37557,-0,002654806,0,9902614,-0,001197969,-0,1391898,0,0,0,0,0,0,0,0,0,0,0,0,0,0,0,0,0,0,0,0,0,0,1,1,1,False
16,64114,-10,48907,1,693685,-1,37557,-0,002654806,0,9902614,-0,001197969,-0,1391898,0,0,0,0,0,0,0,0,0,0,0,0,0,0,0,0,0,0,0,0,0,0,1,1,1,False
16,65771,-10,48907,1,693685,-1,37557,-0,002654806,0,9902614,-0,001197969,-0,1391898,0,0,0,0,0,0,0,0,0,0,0,0,0,0,0,0,0,0,0,0,0,0,1,1,1,False
16,68603,-10,48907,1,693685,-1,37557,-0,002654806,0,9902614,-0,001197969,-0,1391898,0,0,0,0,0,0,0,0,0,0,0,0,0,0,0,0,0,0,0,0,0,0,1,1,1,False
16,70372,-10,48907,1,693685,-1,37557,-0,002654806,0,9902614,-0,001197969,-0,1391898,0,0,0,0,0,0,0,0,0,0,0,0,0,0,0,0,0,0,0,0,0,0,1,1,1,False
16,7203,-10,48907,1,693685,-1,37557,-0,002654806,0,9902614,-0,001197969,-0,1391898,0,0,0,0,0,0,0,0,0,0,0,0,0,0,0,0,0,0,0,0,0,0,1,1,1,False
16,73711,-10,48907,1,693685,-1,37557,-0,002654806,0,9902614,-0,001197969,-0,1391898,0,0,0,0,0,0,0,0,0,0,0,0,0,0,0,0,0,0,0,0,0,0,1,1,1,False
16,75299,-10,48907,1,693685,-1,37557,-0,002654806,0,9902614,-0,001197969,-0,1391898,0,0,0,0,0,0,0,0,0,0,0,0,0,0,0,0,0,0,0,0,0,0,1,1,1,False
16,76983,-10,48907,1,693685,-1,37557,-0,002654806,0,9902614,-0,001197969,-0,1391898,0,0,0,0,0,0,0,0,0,0,0,0,0,0,0,0,0,0,0,0,0,0,1,1,1,False
16,78652,-10,48907,1,693685,-1,37557,-0,002654806,0,9902614,-0,001197969,-0,1391898,0,0,0,0,0,0,0,0,0,0,0,0,0,0,0,0,0,0,0,0,0,0,1,1,1,False
16,8033,-10,48907,1,693685,-1,37557,-0,002654806,0,9902614,-0,001197969,-0,1391898,0,0,0,0,0,0,0,0,0,0,0,0,0,0,0,0,0,0,0,0,0,0,1,1,1,False
16,81999,-10,48907,1,693685,-1,37557,-0,002654806,0,9902614,-0,001197969,-0,1391898,0,0,0,0,0,0,0,0,0,0,0,0,0,0,0,0,0,0,0,0,0,0,1,1,1,False
16,84672,-10,48907,1,693685,-1,37557,-0,002654806,0,9902614,-0,001197969,-0,1391898,0,0,0,0,0,0,0,0,0,0,0,0,0,0,0,0,0,0,0,0,0,0,1,1,1,False
16,86353,-10,48907,1,693685,-1,37557,-0,002654806,0,9902614,-0,001197969,-0,1391898,0,0,0,0,0,0,0,0,0,0,0,0,0,0,0,0,0,0,0,0,0,0,1,1,1,False
16,88034,-10,48907,1,693685,-1,37557,-0,002654806,0,9902614,-0,001197969,-0,1391898,0,0,0,0,0,0,0,0,0,0,0,0,0,0,0,0,0,0,0,0,0,0,1,1,1,False
16,89701,-10,48907,1,693685,-1,37557,-0,002654806,0,9902614,-0,001197969,-0,1391898,0,0,0,0,0,0,0,0,0,0,0,0,0,0,0,0,0,0,0,0,0,0,1,1,1,False
16,91277,-10,48907,1,693685,-1,37557,-0,002654806,0,9902614,-0,001197969,-0,1391898,0,0,0,0,0,0,0,0,0,0,0,0,0,0,0,0,0,0,0,0,0,0,1,1,1,False
16,92978,-10,48907,1,693685,-1,37557,-0,002654806,0,9902614,-0,001197969,-0,1391898,0,0,0,0,0,0,0,0,0,0,0,0,0,0,0,0,0,0,0,0,0,0,1,1,1,False
16,94757,-10,48907,1,693685,-1,37557,-0,002654806,0,9902614,-0,001197969,-0,1391898,0,0,0,0,0,0,0,0,0,0,0,0,0,0,0,0,0,0,0,0,0,0,1,1,1,False
16,96566,-10,48907,1,693685,-1,37557,-0,002654806,0,9902614,-0,001197969,-0,1391898,0,0,0,0,0,0,0,0,0,0,0,0,0,0,0,0,0,0,0,0,0,0,1,1,1,False
16,98359,-10,48907,1,693685,-1,37557,-0,002654806,0,9902614,-0,001197969,-0,1391898,0,0,0,0,0,0,0,0,0,0,0,0,0,0,0,0,0,0,0,0,0,0,1,1,1,False
17,01295,-10,48907,1,693685,-1,37557,-0,002654806,0,9902614,-0,001197969,-0,1391898,0,0,0,0,0,0,0,0,0,0,0,0,0,0,0,0,0,0,0,0,0,0,1,1,1,False
17,02952,-10,48907,1,693685,-1,37557,-0,002654806,0,9902614,-0,001197969,-0,1391898,0,0,0,0,0,0,0,0,0,0,0,0,0,0,0,0,0,0,0,0,0,0,1,1,1,False
17,04802,-10,48907,1,693685,-1,37557,-0,002654806,0,9902614,-0,001197969,-0,1391898,0,0,0,0,0,0,0,0,0,0,0,0,0,0,0,0,0,0,0,0,0,0,1,1,1,False
17,06626,-10,48907,1,693685,-1,37557,-0,002654806,0,9902614,-0,001197969,-0,1391898,0,0,0,0,0,0,0,0,0,0,0,0,0,0,0,0,0,0,0,0,0,0,1,1,1,False
17,0848,-10,48907,1,693685,-1,37557,-0,002654806,0,9902614,-0,001197969,-0,1391898,0,0,0,0,0,0,0,0,0,0,0,0,0,0,0,0,0,0,0,0,0,0,1,1,1,False
17,10389,-10,48907,1,693685,-1,37557,-0,002654806,0,9902614,-0,001197969,-0,1391898,0,0,0,0,0,0,0,0,0,0,0,0,0,0,0,0,0,0,0,0,0,0,1,1,1,False
17,12257,-10,48907,1,693685,-1,37557,-0,002654806,0,9902614,-0,001197969,-0,1391898,0,0,0,0,0,0,0,0,0,0,0,0,0,0,0,0,0,0,0,0,0,0,1,1,1,False
17,14098,-10,48907,1,693685,-1,37557,-0,002654806,0,9902614,-0,001197969,-0,1391898,0,0,0,0,0,0,0,0,0,0,0,0,0,0,0,0,0,0,0,0,0,0,1,1,1,False
17,17147,-10,48907,1,693685,-1,37557,-0,002654806,0,9902614,-0,001197969,-0,1391898,0,0,0,0,0,0,0,0,0,0,0,0,0,0,0,0,0,0,0,0,0,0,1,1,1,False
17,18958,-10,48907,1,693685,-1,37557,-0,002654806,0,9902614,-0,001197969,-0,1391898,0,0,0,0,0,0,0,0,0,0,0,0,0,0,0,0,0,0,0,0,0,0,1,1,1,False
17,20825,-10,48907,1,693685,-1,37557,-0,002654806,0,9902614,-0,001197969,-0,1391898,0,0,0,0,0,0,0,0,0,0,0,0,0,0,0,0,0,0,0,0,0,0,1,1,1,False
17,22571,-10,48907,1,693685,-1,37557,-0,002654806,0,9902614,-0,001197969,-0,1391898,0,0,0,0,0,0,0,0,0,0,0,0,0,0,0,0,0,0,0,0,0,0,1,1,1,False
17,24399,-10,48907,1,693685,-1,37557,-0,002654806,0,9902614,-0,001197969,-0,1391898,0,0,0,0,0,0,0,0,0,0,0,0,0,0,0,0,0,0,0,0,0,0,1,1,1,False
17,26114,-10,48907,1,693685,-1,37557,-0,002654806,0,9902614,-0,001197969,-0,1391898,0,0,0,0,0,0,0,0,0,0,0,0,0,0,0,0,0,0,0,0,0,0,1,1,1,False
17,27902,-10,48907,1,693685,-1,37557,-0,002654806,0,9902614,-0,001197969,-0,1391898,0,0,0,0,0,0,0,0,0,0,0,0,0,0,0,0,0,0,0,0,0,0,1,1,1,False
17,29602,-10,48907,1,693685,-1,37557,-0,002654806,0,9902614,-0,001197969,-0,1391898,0,0,0,0,0,0,0,0,0,0,0,0,0,0,0,0,0,0,0,0,0,0,1,1,1,False
17,32584,-10,48907,1,693685,-1,37557,-0,002654806,0,9902614,-0,001197969,-0,1391898,0,0,0,0,0,0,0,0,0,0,0,0,0,0,0,0,0,0,0,0,0,0,1,1,1,False
17,34376,-10,48907,1,693685,-1,37557,-0,002654806,0,9902614,-0,001197969,-0,1391898,0,0,0,0,0,0,0,0,0,0,0,0,0,0,0,0,0,0,0,0,0,0,1,1,1,False
17,36085,-10,48907,1,693685,-1,37557,-0,002654806,0,9902614,-0,001197969,-0,1391898,0,0,0,0,0,0,0,0,0,0,0,0,0,0,0,0,0,0,0,0,0,0,1,1,1,False
17,37785,-10,48907,1,693685,-1,37557,-0,002654806,0,9902614,-0,001197969,-0,1391898,0,0,0,0,0,0,0,0,0,0,0,0,0,0,0,0,0,0,0,0,0,0,1,1,1,False
17,39402,-10,48907,1,693685,-1,37557,-0,002654806,0,9902614,-0,001197969,-0,1391898,0,0,0,0,0,0,0,0,0,0,0,0,0,0,0,0,0,0,0,0,0,0,1,1,1,False
17,41221,-10,48907,1,693685,-1,37557,-0,002654806,0,9902614,-0,001197969,-0,1391898,0,0,0,0,0,0,0,0,0,0,0,0,0,0,0,0,0,0,0,0,0,0,1,1,1,False
17,43002,-10,48907,1,693685,-1,37557,-0,002654806,0,9902614,-0,001197969,-0,1391898,0,0,0,0,0,0,0,0,0,0,0,0,0,0,0,0,0,0,0,0,0,0,1,1,1,False
17,44791,-10,48907,1,693685,-1,37557,-0,002654806,0,9902614,-0,001197969,-0,1391898,0,0,0,0,0,0,0,0,0,0,0,0,0,0,0,0,0,0,0,0,0,0,1,1,1,False
17,47839,-10,48907,1,693685,-1,37557,-0,002654806,0,9902614,-0,001197969,-0,1391898,0,0,0,0,0,0,0,0,0,0,0,0,0,0,0,0,0,0,0,0,0,0,1,1,1,False
17,49703,-10,48907,1,693685,-1,37557,-0,002654806,0,9902614,-0,001197969,-0,1391898,0,0,0,0,0,0,0,0,0,0,0,0,0,0,0,0,0,0,0,0,0,0,1,1,1,False
17,51555,-10,48907,1,693685,-1,37557,-0,002654806,0,9902614,-0,001197969,-0,1391898,0,0,0,0,0,0,0,0,0,0,0,0,0,0,0,0,0,0,0,0,0,0,1,1,1,False
17,53272,-10,48907,1,693685,-1,37557,-0,002654806,0,9902614,-0,001197969,-0,1391898,0,0,0,0,0,0,0,0,0,0,0,0,0,0,0,0,0,0,0,0,0,0,1,1,1,False
17,54975,-10,48907,1,693685,-1,37557,-0,002654806,0,9902614,-0,001197969,-0,1391898,0,0,0,0,0,0,0,0,0,0,0,0,0,0,0,0,0,0,0,0,0,0,1,1,1,False
17,5676,-10,48907,1,693685,-1,37557,-0,002654806,0,9902614,-0,001197969,-0,1391898,0,0,0,0,0,0,0,0,0,0,0,0,0,0,0,0,0,0,0,0,0,0,1,1,1,False
17,58491,-10,48907,1,693685,-1,37557,-0,002654806,0,9902614,-0,001197969,-0,1391898,0,0,0,0,0,0,0,0,0,0,0,0,0,0,0,0,0,0,0,0,0,0,1,1,1,False
17,60258,-10,48907,1,693685,-1,37557,-0,002654806,0,9902614,-0,001197969,-0,1391898,0,0,0,0,0,0,0,0,0,0,0,0,0,0,0,0,0,0,0,0,0,0,1,1,1,False
17,63182,-10,48907,1,693685,-1,37557,-0,002654806,0,9902614,-0,001197969,-0,1391898,0,0,0,0,0,0,0,0,0,0,0,0,0,0,0,0,0,0,0,0,0,0,1,1,1,False
17,64944,-10,48907,1,693685,-1,37557,-0,002654806,0,9902614,-0,001197969,-0,1391898,0,0,0,0,0,0,0,0,0,0,0,0,0,0,0,0,0,0,0,0,0,0,1,1,1,False
17,66722,-10,48907,1,693685,-1,37557,-0,002654806,0,9902614,-0,001197969,-0,1391898,0,0,0,0,0,0,0,0,0,0,0,0,0,0,0,0,0,0,0,0,0,0,1,1,1,False
17,68474,-10,48907,1,693685,-1,37557,-0,002654806,0,9902614,-0,001197969,-0,1391898,0,0,0,0,0,0,0,0,0,0,0,0,0,0,0,0,0,0,0,0,0,0,1,1,1,False
17,70258,-10,48907,1,693685,-1,37557,-0,002654806,0,9902614,-0,001197969,-0,1391898,0,0,0,0,0,0,0,0,0,0,0,0,0,0,0,0,0,0,0,0,0,0,1,1,1,False
17,71958,-10,48907,1,693685,-1,37557,-0,002654806,0,9902614,-0,001197969,-0,1391898,0,0,0,0,0,0,0,0,0,0,0,0,0,0,0,0,0,0,0,0,0,0,1,1,1,False
17,73555,-10,48907,1,693685,-1,37557,-0,002654806,0,9902614,-0,001197969,-0,1391898,0,0,0,0,0,0,0,0,0,0,0,0,0,0,0,0,0,0,0,0,0,0,1,1,1,False
17,75425,-10,48907,1,693685,-1,37557,-0,002654806,0,9902614,-0,001197969,-0,1391898,0,0,0,0,0,0,0,0,0,0,0,0,0,0,0,0,0,0,0,0,0,0,1,1,1,False
17,78591,-10,48907,1,693685,-1,37557,-0,002654806,0,9902614,-0,001197969,-0,1391898,0,0,0,0,0,0,0,0,0,0,0,0,0,0,0,0,0,0,0,0,0,0,1,1,1,False
17,80513,-10,48907,1,693685,-1,37557,-0,002654806,0,9902614,-0,001197969,-0,1391898,0,0,0,0,0,0,0,0,0,0,0,0,0,0,0,0,0,0,0,0,0,0,1,1,1,False
17,82346,-10,48907,1,693685,-1,37557,-0,002654806,0,9902614,-0,001197969,-0,1391898,0,0,0,0,0,0,0,0,0,0,0,0,0,0,0,0,0,0,0,0,0,0,1,1,1,False
17,84104,-10,48907,1,693685,-1,37557,-0,002654806,0,9902614,-0,001197969,-0,1391898,0,0,0,0,0,0,0,0,0,0,0,0,0,0,0,0,0,0,0,0,0,0,1,1,1,False
17,85787,-10,48907,1,693685,-1,37557,-0,002654806,0,9902614,-0,001197969,-0,1391898,0,0,0,0,0,0,0,0,0,0,0,0,0,0,0,0,0,0,0,0,0,0,1,1,1,False
17,87418,-10,48907,1,693685,-1,37557,-0,002654806,0,9902614,-0,001197969,-0,1391898,0,0,0,0,0,0,0,0,0,0,0,0,0,0,0,0,0,0,0,0,0,0,1,1,1,False
17,89157,-10,48907,1,693685,-1,37557,-0,002654806,0,9902614,-0,001197969,-0,1391898,0,0,0,0,0,0,0,0,0,0,0,0,0,0,0,0,0,0,0,0,0,0,1,1,1,False
17,90895,-10,48907,1,693685,-1,37557,-0,002654806,0,9902614,-0,001197969,-0,1391898,0,0,0,0,0,0,0,0,0,0,0,0,0,0,0,0,0,0,0,0,0,0,1,1,1,False
17,9374,-10,48907,1,693685,-1,37557,-0,002654806,0,9902614,-0,001197969,-0,1391898,0,0,0,0,0,0,0,0,0,0,0,0,0,0,0,0,0,0,0,0,0,0,1,1,1,False
17,95431,-10,48907,1,693685,-1,37557,-0,002654806,0,9902614,-0,001197969,-0,1391898,0,0,0,0,0,0,0,0,0,0,0,0,0,0,0,0,0,0,0,0,0,0,1,1,1,False
17,97144,-10,48907,1,693685,-1,37557,-0,002654806,0,9902614,-0,001197969,-0,1391898,0,0,0,0,0,0,0,0,0,0,0,0,0,0,0,0,0,0,0,0,0,0,1,1,1,False
17,98892,-10,48907,1,693685,-1,37557,-0,002654806,0,9902614,-0,001197969,-0,1391898,0,0,0,0,0,0,0,0,0,0,0,0,0,0,0,0,0,0,0,0,0,0,1,1,1,False
18,00627,-10,48907,1,693685,-1,37557,-0,002654806,0,9902614,-0,001197969,-0,1391898,0,0,0,0,0,0,0,0,0,0,0,0,0,0,0,0,0,0,0,0,0,0,1,1,1,False
18,02357,-10,48907,1,693685,-1,37557,-0,002654806,0,9902614,-0,001197969,-0,1391898,0,0,0,0,0,0,0,0,0,0,0,0,0,0,0,0,0,0,0,0,0,0,1,1,1,False
18,0404,-10,48907,1,693685,-1,37557,-0,002654806,0,9902614,-0,001197969,-0,1391898,0,0,0,0,0,0,0,0,0,0,0,0,0,0,0,0,0,0,0,0,0,0,1,1,1,False
18,05757,-10,48907,1,693685,-1,37557,-0,002654806,0,9902614,-0,001197969,-0,1391898,0,0,0,0,0,0,0,0,0,0,0,0,0,0,0,0,0,0,0,0,0,0,1,1,1,False
18,07388,-10,48907,1,693685,-1,37557,-0,002654806,0,9902614,-0,001197969,-0,1391898,0,0,0,0,0,0,0,0,0,0,0,0,0,0,0,0,0,0,0,0,0,0,1,1,1,False
18,10228,-10,48907,1,693685,-1,37557,-0,002654806,0,9902614,-0,001197969,-0,1391898,0,0,0,0,0,0,0,0,0,0,0,0,0,0,0,0,0,0,0,0,0,0,1,1,1,False
18,11896,-10,48907,1,693685,-1,37557,-0,002654806,0,9902614,-0,001197969,-0,1391898,0,0,0,0,0,0,0,0,0,0,0,0,0,0,0,0,0,0,0,0,0,0,1,1,1,False
18,13427,-10,48907,1,693685,-1,37557,-0,002654806,0,9902614,-0,001197969,-0,1391898,0,0,0,0,0,0,0,0,0,0,0,0,0,0,0,0,0,0,0,0,0,0,1,1,1,False
18,15059,-10,48907,1,693685,-1,37557,-0,002654806,0,9902614,-0,001197969,-0,1391898,0,0,0,0,0,0,0,0,0,0,0,0,0,0,0,0,0,0,0,0,0,0,1,1,1,False
18,16738,-10,48907,1,693685,-1,37557,-0,002654806,0,9902614,-0,001197969,-0,1391898,0,0,0,0,0,0,0,0,0,0,0,0,0,0,0,0,0,0,0,0,0,0,1,1,1,False
18,1836,-10,48907,1,693685,-1,37557,-0,002654806,0,9902614,-0,001197969,-0,1391898,0,0,0,0,0,0,0,0,0,0,0,0,0,0,0,0,0,0,0,0,0,0,1,1,1,False
18,20018,-10,48907,1,693685,-1,37557,-0,002654806,0,9902614,-0,001197969,-0,1391898,0,0,0,0,0,0,0,0,0,0,0,0,0,0,0,0,0,0,0,0,0,0,1,1,1,False
18,21672,-10,48907,1,693685,-1,37557,-0,002654806,0,9902614,-0,001197969,-0,1391898,0,0,0,0,0,0,0,0,0,0,0,0,0,0,0,0,0,0,0,0,0,0,1,1,1,False
18,23206,-10,48907,1,693685,-1,37557,-0,002654806,0,9902614,-0,001197969,-0,1391898,0,0,0,0,0,0,0,0,0,0,0,0,0,0,0,0,0,0,0,0,0,0,1,1,1,False
18,26101,-10,48907,1,693685,-1,37557,-0,002654806,0,9902614,-0,001197969,-0,1391898,0,0,0,0,0,0,0,0,0,0,0,0,0,0,0,0,0,0,0,0,0,0,1,1,1,False
18,27939,-10,48907,1,693685,-1,37557,-0,002654806,0,9902614,-0,001197969,-0,1391898,0,0,0,0,0,0,0,0,0,0,0,0,0,0,0,0,0,0,0,0,0,0,1,1,1,False
18,29483,-10,48907,1,693685,-1,37557,-0,002654806,0,9902614,-0,001197969,-0,1391898,0,0,0,0,0,0,0,0,0,0,0,0,0,0,0,0,0,0,0,0,0,0,1,1,1,False
18,31141,-10,48907,1,693685,-1,37557,-0,002654806,0,9902614,-0,001197969,-0,1391898,0,0,0,0,0,0,0,0,0,0,0,0,0,0,0,0,0,0,0,0,0,0,1,1,1,False
18,32803,-10,48907,1,693685,-1,37557,-0,002654806,0,9902614,-0,001197969,-0,1391898,0,0,0,0,0,0,0,0,0,0,0,0,0,0,0,0,0,0,0,0,0,0,1,1,1,False
18,34583,-10,48907,1,693685,-1,37557,-0,002654806,0,9902614,-0,001197969,-0,1391898,0,0,0,0,0,0,0,0,0,0,0,0,0,0,0,0,0,0,0,0,0,0,1,1,1,False
18,36394,-10,48907,1,693685,-1,37557,-0,002654806,0,9902614,-0,001197969,-0,1391898,0,0,0,0,0,0,0,0,0,0,0,0,0,0,0,0,0,0,0,0,0,0,1,1,1,False
18,38102,-10,48907,1,693685,-1,37557,-0,002654806,0,9902614,-0,001197969,-0,1391898,0,0,0,0,0,0,0,0,0,0,0,0,0,0,0,0,0,0,0,0,0,0,1,1,1,False
18,39767,-10,48907,1,693685,-1,37557,-0,002654806,0,9902614,-0,001197969,-0,1391898,0,0,0,0,0,0,0,0,0,0,0,0,0,0,0,0,0,0,0,0,0,0,1,1,1,False
18,42557,-10,48907,1,693685,-1,37557,-0,002654806,0,9902614,-0,001197969,-0,1391898,0,0,0,0,0,0,0,0,0,0,0,0,0,0,0,0,0,0,0,0,0,0,1,1,1,False
18,44284,-10,48907,1,693685,-1,37557,-0,002654806,0,9902614,-0,001197969,-0,1391898,0,0,0,0,0,0,0,0,0,0,0,0,0,0,0,0,0,0,0,0,0,0,1,1,1,False
18,46015,-10,48907,1,693685,-1,37557,-0,002654806,0,9902614,-0,001197969,-0,1391898,0,0,0,0,0,0,0,0,0,0,0,0,0,0,0,0,0,0,0,0,0,0,1,1,1,False
18,47757,-10,48907,1,693685,-1,37557,-0,002654806,0,9902614,-0,001197969,-0,1391898,0,0,0,0,0,0,0,0,0,0,0,0,0,0,0,0,0,0,0,0,0,0,1,1,1,False
18,49368,-10,48907,1,693685,-1,37557,-0,002654806,0,9902614,-0,001197969,-0,1391898,0,0,0,0,0,0,0,0,0,0,0,0,0,0,0,0,0,0,0,0,0,0,1,1,1,False
18,51071,-10,48907,1,693685,-1,37557,-0,002654806,0,9902614,-0,001197969,-0,1391898,0,0,0,0,0,0,0,0,0,0,0,0,0,0,0,0,0,0,0,0,0,0,1,1,1,False
18,52746,-10,48907,1,693685,-1,37557,-0,002654806,0,9902614,-0,001197969,-0,1391898,0,0,0,0,0,0,0,0,0,0,0,0,0,0,0,0,0,0,0,0,0,0,1,1,1,False
18,54474,-10,48907,1,693685,-1,37557,-0,002654806,0,9902614,-0,001197969,-0,1391898,0,0,0,0,0,0,0,0,0,0,0,0,0,0,0,0,0,0,0,0,0,0,1,1,1,False
18,56193,-10,48907,1,693685,-1,37557,-0,002654806,0,9902614,-0,001197969,-0,1391898,0,0,0,0,0,0,0,0,0,0,0,0,0,0,0,0,0,0,0,0,0,0,1,1,1,False
18,59004,-10,48907,1,693685,-1,37557,-0,002654806,0,9902614,-0,001197969,-0,1391898,0,0,0,0,0,0,0,0,0,0,0,0,0,0,0,0,0,0,0,0,0,0,1,1,1,False
18,60636,-10,48907,1,693685,-1,37557,-0,002654806,0,9902614,-0,001197969,-0,1391898,0,0,0,0,0,0,0,0,0,0,0,0,0,0,0,0,0,0,0,0,0,0,1,1,1,False
18,62269,-10,48907,1,693685,-1,37557,-0,002654806,0,9902614,-0,001197969,-0,1391898,0,0,0,0,0,0,0,0,0,0,0,0,0,0,0,0,0,0,0,0,0,0,1,1,1,False
18,64124,-10,48907,1,693685,-1,37557,-0,002654806,0,9902614,-0,001197969,-0,1391898,0,0,0,0,0,0,0,0,0,0,0,0,0,0,0,0,0,0,0,0,0,0,1,1,1,False
18,66015,-10,48907,1,693685,-1,37557,-0,002654806,0,9902614,-0,001197969,-0,1391898,0,0,0,0,0,0,0,0,0,0,0,0,0,0,0,0,0,0,0,0,0,0,1,1,1,False
18,67664,-10,48907,1,693685,-1,37557,-0,002654806,0,9902614,-0,001197969,-0,1391898,0,0,0,0,0,0,0,0,0,0,0,0,0,0,0,0,0,0,0,0,0,0,1,1,1,False
18,69218,-10,48907,1,693685,-1,37557,-0,002654806,0,9902614,-0,001197969,-0,1391898,0,0,0,0,0,0,0,0,0,0,0,0,0,0,0,0,0,0,0,0,0,0,1,1,1,False
18,70941,-10,48907,1,693685,-1,37557,-0,002654806,0,9902614,-0,001197969,-0,1391898,0,0,0,0,0,0,0,0,0,0,0,0,0,0,0,0,0,0,0,0,0,0,1,1,1,False
18,72676,-10,48907,1,693685,-1,37557,-0,002654806,0,9902614,-0,001197969,-0,1391898,0,0,0,0,0,0,0,0,0,0,0,0,0,0,0,0,0,0,0,0,0,0,1,1,1,False
18,75551,-10,48907,1,693685,-1,37557,-0,002654806,0,9902614,-0,001197969,-0,1391898,0,0,0,0,0,0,0,0,0,0,0,0,0,0,0,0,0,0,0,0,0,0,1,1,1,False
18,77196,-10,48907,1,693685,-1,37557,-0,002654806,0,9902614,-0,001197969,-0,1391898,0,0,0,0,0,0,0,0,0,0,0,0,0,0,0,0,0,0,0,0,0,0,1,1,1,False
18,78912,-10,48907,1,693685,-1,37557,-0,002654806,0,9902614,-0,001197969,-0,1391898,0,0,0,0,0,0,0,0,0,0,0,0,0,0,0,0,0,0,0,0,0,0,1,1,1,False
18,80552,-10,48907,1,693685,-1,37557,-0,002654806,0,9902614,-0,001197969,-0,1391898,0,0,0,0,0,0,0,0,0,0,0,0,0,0,0,0,0,0,0,0,0,0,1,1,1,False
18,82262,-10,48907,1,693685,-1,37557,-0,002654806,0,9902614,-0,001197969,-0,1391898,0,0,0,0,0,0,0,0,0,0,0,0,0,0,0,0,0,0,0,0,0,0,1,1,1,False
18,83838,-10,48907,1,693685,-1,37557,-0,002654806,0,9902614,-0,001197969,-0,1391898,0,0,0,0,0,0,0,0,0,0,0,0,0,0,0,0,0,0,0,0,0,0,1,1,1,False
18,85436,-10,48907,1,693685,-1,37557,-0,002654806,0,9902614,-0,001197969,-0,1391898,0,0,0,0,0,0,0,0,0,0,0,0,0,0,0,0,0,0,0,0,0,0,1,1,1,False
18,87071,-10,48907,1,693685,-1,37557,-0,002654806,0,9902614,-0,001197969,-0,1391898,0,0,0,0,0,0,0,0,0,0,0,0,0,0,0,0,0,0,0,0,0,0,1,1,1,False
18,88741,-10,48907,1,693685,-1,37557,-0,002654806,0,9902614,-0,001197969,-0,1391898,0,0,0,0,0,0,0,0,0,0,0,0,0,0,0,0,0,0,0,0,0,0,1,1,1,False
18,91593,-10,48907,1,693685,-1,37557,-0,002654806,0,9902614,-0,001197969,-0,1391898,0,0,0,0,0,0,0,0,0,0,0,0,0,0,0,0,0,0,0,0,0,0,1,1,1,False
18,93375,-10,48907,1,693685,-1,37557,-0,002654806,0,9902614,-0,001197969,-0,1391898,0,0,0,0,0,0,0,0,0,0,0,0,0,0,0,0,0,0,0,0,0,0,1,1,1,False
18,95029,-10,48907,1,693685,-1,37557,-0,002654806,0,9902614,-0,001197969,-0,1391898,0,0,0,0,0,0,0,0,0,0,0,0,0,0,0,0,0,0,0,0,0,0,1,1,1,False
18,96661,-10,48907,1,693685,-1,37557,-0,002654806,0,9902614,-0,001197969,-0,1391898,0,0,0,0,0,0,0,0,0,0,0,0,0,0,0,0,0,0,0,0,0,0,1,1,1,False
18,98291,-10,48907,1,693685,-1,37557,-0,002654806,0,9902614,-0,001197969,-0,1391898,0,0,0,0,0,0,0,0,0,0,0,0,0,0,0,0,0,0,0,0,0,0,1,1,1,False
18,99943,-10,48907,1,693685,-1,37557,-0,002654806,0,9902614,-0,001197969,-0,1391898,0,0,0,0,0,0,0,0,0,0,0,0,0,0,0,0,0,0,0,0,0,0,1,1,1,False
19,0152,-10,48907,1,693685,-1,37557,-0,002654806,0,9902614,-0,001197969,-0,1391898,0,0,0,0,0,0,0,0,0,0,0,0,0,0,0,0,0,0,0,0,0,0,1,1,1,False
19,03193,-10,48907,1,693685,-1,37557,-0,002654806,0,9902614,-0,001197969,-0,1391898,0,0,0,0,0,0,0,0,0,0,0,0,0,0,0,0,0,0,0,0,0,0,1,1,1,False
19,04881,-10,48907,1,693685,-1,37557,-0,002654806,0,9902614,-0,001197969,-0,1391898,0,0,0,0,0,0,0,0,0,0,0,0,0,0,0,0,0,0,0,0,0,0,1,1,1,False
19,07664,-10,48907,1,693685,-1,37557,-0,002654806,0,9902614,-0,001197969,-0,1391898,0,0,0,0,0,0,0,0,0,0,0,0,0,0,0,0,0,0,0,0,0,0,1,1,1,False
19,09289,-10,48907,1,693685,-1,37557,-0,002654806,0,9902614,-0,001197969,-0,1391898,0,0,0,0,0,0,0,0,0,0,0,0,0,0,0,0,0,0,0,0,0,0,1,1,1,False
19,10846,-10,48907,1,693685,-1,37557,-0,002654806,0,9902614,-0,001197969,-0,1391898,0,0,0,0,0,0,0,0,0,0,0,0,0,0,0,0,0,0,0,0,0,0,1,1,1,False
19,12615,-10,48907,1,693685,-1,37557,-0,002654806,0,9902614,-0,001197969,-0,1391898,0,0,0,0,0,0,0,0,0,0,0,0,0,0,0,0,0,0,0,0,0,0,1,1,1,False
19,14158,-10,48907,1,693685,-1,37557,-0,002654806,0,9902614,-0,001197969,-0,1391898,0,0,0,0,0,0,0,0,0,0,0,0,0,0,0,0,0,0,0,0,0,0,1,1,1,False
19,15768,-10,48907,1,693685,-1,37557,-0,002654806,0,9902614,-0,001197969,-0,1391898,0,0,0,0,0,0,0,0,0,0,0,0,0,0,0,0,0,0,0,0,0,0,1,1,1,False
19,17261,-10,48907,1,693685,-1,37557,-0,002654806,0,9902614,-0,001197969,-0,1391898,0,0,0,0,0,0,0,0,0,0,0,0,0,0,0,0,0,0,0,0,0,0,1,1,1,False
19,18824,-10,48907,1,693685,-1,37557,-0,002654806,0,9902614,-0,001197969,-0,1391898,0,0,0,0,0,0,0,0,0,0,0,0,0,0,0,0,0,0,0,0,0,0,1,1,1,False
19,30254,-10,48907,1,693685,-1,37557,-0,002654806,0,9902614,-0,001197969,-0,1391898,0,0,0,0,0,0,0,0,0,0,0,0,0,0,0,0,0,0,0,0,0,0,1,1,1,False
19,59851,-10,48907,1,693685,-1,37557,-0,002654806,0,9902614,-0,001197969,-0,1391898,0,0,0,0,0,0,0,0,0,0,0,0,0,0,0,0,0,0,0,0,0,0,1,1,1,False
19,64327,-10,48907,1,693685,-1,37557,-0,002654806,0,9902614,-0,001197969,-0,1391898,0,0,0,0,0,0,0,0,0,0,0,0,0,0,0,0,0,0,0,0,0,0,1,1,1,False
19,69074,-10,48907,1,693685,-1,37557,-0,002654806,0,9902614,-0,001197969,-0,1391898,0,0,0,0,0,0,0,0,0,0,0,0,0,0,0,0,0,0,0,0,0,0,1,1,1,False
19,74342,-10,48907,1,693685,-1,37557,-0,002654806,0,9902614,-0,001197969,-0,1391898,0,0,0,0,0,0,0,0,0,0,0,0,0,0,0,0,0,0,0,0,0,0,1,1,1,False
19,77184,-10,48907,1,693685,-1,37557,-0,002654806,0,9902614,-0,001197969,-0,1391898,0,0,0,0,0,0,0,0,0,0,0,0,0,0,0,0,0,0,0,0,0,0,1,1,1,False
19,79916,-10,48907,1,693685,-1,37557,-0,002654806,0,9902614,-0,001197969,-0,1391898,0,0,0,0,0,0,0,0,0,0,0,0,0,0,0,0,0,0,0,0,0,0,1,1,1,False
19,8154,-10,48907,1,693685,-1,37557,-0,002654806,0,9902614,-0,001197969,-0,1391898,0,0,0,0,0,0,0,0,0,0,0,0,0,0,0,0,0,0,0,0,0,0,1,1,1,False
19,83135,-10,48907,1,693685,-1,37557,-0,002654806,0,9902614,-0,001197969,-0,1391898,0,0,0,0,0,0,0,0,0,0,0,0,0,0,0,0,0,0,0,0,0,0,1,1,1,False
19,84808,-10,48907,1,693685,-1,37557,-0,002654806,0,9902614,-0,001197969,-0,1391898,0,0,0,0,0,0,0,0,0,0,0,0,0,0,0,0,0,0,0,0,0,0,1,1,1,False
19,86476,-10,48907,1,693685,-1,37557,-0,002654806,0,9902614,-0,001197969,-0,1391898,0,0,0,0,0,0,0,0,0,0,0,0,0,0,0,0,0,0,0,0,0,0,1,1,1,False
19,88074,-10,48907,1,693685,-1,37557,-0,002654806,0,9902614,-0,001197969,-0,1391898,0,0,0,0,0,0,0,0,0,0,0,0,0,0,0,0,0,0,0,0,0,0,1,1,1,False
19,89658,-10,48907,1,693685,-1,37557,-0,002654806,0,9902614,-0,001197969,-0,1391898,0,0,0,0,0,0,0,0,0,0,0,0,0,0,0,0,0,0,0,0,0,0,1,1,1,False
19,91157,-10,48907,1,693685,-1,37557,-0,002654806,0,9902614,-0,001197969,-0,1391898,0,0,0,0,0,0,0,0,0,0,0,0,0,0,0,0,0,0,0,0,0,0,1,1,1,False
19,92756,-10,48907,1,693685,-1,37557,-0,002654806,0,9902614,-0,001197969,-0,1391898,0,0,0,0,0,0,0,0,0,0,0,0,0,0,0,0,0,0,0,0,0,0,1,1,1,False
19,95406,-10,48907,1,693685,-1,37557,-0,002654806,0,9902614,-0,001197969,-0,1391898,0,0,0,0,0,0,0,0,0,0,0,0,0,0,0,0,0,0,0,0,0,0,1,1,1,False
19,97019,-10,48907,1,693685,-1,37557,-0,002654806,0,9902614,-0,001197969,-0,1391898,0,0,0,0,0,0,0,0,0,0,0,0,0,0,0,0,0,0,0,0,0,0,1,1,1,False
19,98616,-10,48907,1,693685,-1,37557,-0,002654806,0,9902614,-0,001197969,-0,1391898,0,0,0,0,0,0,0,0,0,0,0,0,0,0,0,0,0,0,0,0,0,0,1,1,1,False
20,00178,-10,48907,1,693685,-1,37557,-0,002654806,0,9902614,-0,001197969,-0,1391898,0,0,0,0,0,0,0,0,0,0,0,0,0,0,0,0,0,0,0,0,0,0,1,1,1,False
20,01746,-10,48907,1,693685,-1,37557,-0,002654806,0,9902614,-0,001197969,-0,1391898,0,0,0,0,0,0,0,0,0,0,0,0,0,0,0,0,0,0,0,0,0,0,1,1,1,False
20,03243,-10,48907,1,693685,-1,37557,-0,002654806,0,9902614,-0,001197969,-0,1391898,0,0,0,0,0,0,0,0,0,0,0,0,0,0,0,0,0,0,0,0,0,0,1,1,1,False
20,04847,-10,48907,1,693685,-1,37557,-0,002654806,0,9902614,-0,001197969,-0,1391898,0,0,0,0,0,0,0,0,0,0,0,0,0,0,0,0,0,0,0,0,0,0,1,1,1,False
20,06376,-10,48907,1,693685,-1,37557,-0,002654806,0,9902614,-0,001197969,-0,1391898,0,0,0,0,0,0,0,0,0,0,0,0,0,0,0,0,0,0,0,0,0,0,1,1,1,False
20,07941,-10,48907,1,693685,-1,37557,-0,002654806,0,9902614,-0,001197969,-0,1391898,0,0,0,0,0,0,0,0,0,0,0,0,0,0,0,0,0,0,0,0,0,0,1,1,1,False
20,10448,-10,48907,1,693685,-1,37557,-0,002654806,0,9902614,-0,001197969,-0,1391898,0,0,0,0,0,0,0,0,0,0,0,0,0,0,0,0,0,0,0,0,0,0,1,1,1,False
20,12199,-10,48907,1,693685,-1,37557,-0,002654806,0,9902614,-0,001197969,-0,1391898,0,0,0,0,0,0,0,0,0,0,0,0,0,0,0,0,0,0,0,0,0,0,1,1,1,False
20,13969,-10,48907,1,693685,-1,37557,-0,002654806,0,9902614,-0,001197969,-0,1391898,0,0,0,0,0,0,0,0,0,0,0,0,0,0,0,0,0,0,0,0,0,0,1,1,1,False
20,15724,-10,48907,1,693685,-1,37557,-0,002654806,0,9902614,-0,001197969,-0,1391898,0,0,0,0,0,0,0,0,0,0,0,0,0,0,0,0,0,0,0,0,0,0,1,1,1,False
20,17529,-10,48907,1,693685,-1,37557,-0,002654806,0,9902614,-0,001197969,-0,1391898,0,0,0,0,0,0,0,0,0,0,0,0,0,0,0,0,0,0,0,0,0,0,1,1,1,False
20,19357,-10,48907,1,693685,-1,37557,-0,002654806,0,9902614,-0,001197969,-0,1391898,0,0,0,0,0,0,0,0,0,0,0,0,0,0,0,0,0,0,0,0,0,0,1,1,1,False
20,20923,-10,48907,1,693685,-1,37557,-0,002654806,0,9902614,-0,001197969,-0,1391898,0,0,0,0,0,0,0,0,0,0,0,0,0,0,0,0,0,0,0,0,0,0,1,1,1,False
20,22456,-10,48907,1,693685,-1,37557,-0,002654806,0,9902614,-0,001197969,-0,1391898,0,0,0,0,0,0,0,0,0,0,0,0,0,0,0,0,0,0,0,0,0,0,1,1,1,False
20,23993,-10,48907,1,693685,-1,37557,-0,002654806,0,9902614,-0,001197969,-0,1391898,0,0,0,0,0,0,0,0,0,0,0,0,0,0,0,0,0,0,0,0,0,0,1,1,1,False
20,26689,-10,48907,1,693685,-1,37557,-0,002654806,0,9902614,-0,001197969,-0,1391898,0,0,0,0,0,0,0,0,0,0,0,0,0,0,0,0,0,0,0,0,0,0,1,1,1,False
20,28742,-10,48907,1,693685,-1,37557,-0,002654806,0,9902614,-0,001197969,-0,1391898,0,0,0,0,0,0,0,0,0,0,0,0,0,0,0,0,0,0,0,0,0,0,1,1,1,False
20,3054,-10,48907,1,693685,-1,37557,-0,002654806,0,9902614,-0,001197969,-0,1391898,0,0,0,0,0,0,0,0,0,0,0,0,0,0,0,0,0,0,0,0,0,0,1,1,1,False
20,32177,-10,48907,1,693685,-1,37557,-0,002654806,0,9902614,-0,001197969,-0,1391898,0,0,0,0,0,0,0,0,0,0,0,0,0,0,0,0,0,0,0,0,0,0,1,1,1,False
20,33885,-10,48907,1,693685,-1,37557,-0,002654806,0,9902614,-0,001197969,-0,1391898,0,0,0,0,0,0,0,0,0,0,0,0,0,0,0,0,0,0,0,0,0,0,1,1,1,False
20,3526,-10,48907,1,693685,-1,37557,-0,002654806,0,9902614,-0,001197969,-0,1391898,0,0,0,0,0,0,0,0,0,0,0,0,0,0,0,0,0,0,0,0,0,0,1,1,1,False
20,36786,-10,48907,1,693685,-1,37557,-0,002654806,0,9902614,-0,001197969,-0,1391898,0,0,0,0,0,0,0,0,0,0,0,0,0,0,0,0,0,0,0,0,0,0,1,1,1,False
20,38298,-10,48907,1,693685,-1,37557,-0,002654806,0,9902614,-0,001197969,-0,1391898,0,0,0,0,0,0,0,0,0,0,0,0,0,0,0,0,0,0,0,0,0,0,1,1,1,False
20,39765,-10,48907,1,693685,-1,37557,-0,002654806,0,9902614,-0,001197969,-0,1391898,0,0,0,0,0,0,0,0,0,0,0,0,0,0,0,0,0,0,0,0,0,0,1,1,1,False
20,42249,-10,48907,1,693685,-1,37557,-0,002654806,0,9902614,-0,001197969,-0,1391898,0,0,0,0,0,0,0,0,0,0,0,0,0,0,0,0,0,0,0,0,0,0,1,1,1,False
20,4376,-10,48907,1,693685,-1,37557,-0,002654806,0,9902614,-0,001197969,-0,1391898,0,0,0,0,0,0,0,0,0,0,0,0,0,0,0,0,0,0,0,0,0,0,1,1,1,False
20,45231,-10,48907,1,693685,-1,37557,-0,002654806,0,9902614,-0,001197969,-0,1391898,0,0,0,0,0,0,0,0,0,0,0,0,0,0,0,0,0,0,0,0,0,0,1,1,1,False
20,46769,-10,48907,1,693685,-1,37557,-0,002654806,0,9902614,-0,001197969,-0,1391898,0,0,0,0,0,0,0,0,0,0,0,0,0,0,0,0,0,0,0,0,0,0,1,1,1,False
20,48342,-10,48907,1,693685,-1,37557,-0,002654806,0,9902614,-0,001197969,-0,1391898,0,0,0,0,0,0,0,0,0,0,0,0,0,0,0,0,0,0,0,0,0,0,1,1,1,False
20,50184,-10,48907,1,693685,-1,37557,-0,002654806,0,9902614,-0,001197969,-0,1391898,0,0,0,0,0,0,0,0,0,0,0,0,0,0,0,0,0,0,0,0,0,0,1,1,1,False
20,5221,-10,48907,1,693685,-1,37557,-0,002654806,0,9902614,-0,001197969,-0,1391898,0,0,0,0,0,0,0,0,0,0,0,0,0,0,0,0,0,0,0,0,0,0,1,1,1,False
20,54173,-10,48907,1,693685,-1,37557,-0,002654806,0,9902614,-0,001197969,-0,1391898,0,0,0,0,0,0,0,0,0,0,0,0,0,0,0,0,0,0,0,0,0,0,1,1,1,False
20,5584,-10,48907,1,693685,-1,37557,-0,002654806,0,9902614,-0,001197969,-0,1391898,0,0,0,0,0,0,0,0,0,0,0,0,0,0,0,0,0,0,0,0,0,0,1,1,1,False
20,58634,-10,48907,1,693685,-1,37557,-0,002654806,0,9902614,-0,001197969,-0,1391898,0,0,0,0,0,0,0,0,0,0,0,0,0,0,0,0,0,0,0,0,0,0,1,1,1,False
20,60409,-10,48907,1,693685,-1,37557,-0,002654806,0,9902614,-0,001197969,-0,1391898,0,0,0,0,0,0,0,0,0,0,0,0,0,0,0,0,0,0,0,0,0,0,1,1,1,False
20,62356,-10,48907,1,693685,-1,37557,-0,002654806,0,9902614,-0,001197969,-0,1391898,0,0,0,0,0,0,0,0,0,0,0,0,0,0,0,0,0,0,0,0,0,0,1,1,1,False
20,64039,-10,48907,1,693685,-1,37557,-0,002654806,0,9902614,-0,001197969,-0,1391898,0,0,0,0,0,0,0,0,0,0,0,0,0,0,0,0,0,0,0,0,0,0,1,1,1,False
20,65688,-10,48907,1,693685,-1,37557,-0,002654806,0,9902614,-0,001197969,-0,1391898,0,0,0,0,0,0,0,0,0,0,0,0,0,0,0,0,0,0,0,0,0,0,1,1,1,False
20,67298,-10,48907,1,693685,-1,37557,-0,002654806,0,9902614,-0,001197969,-0,1391898,0,0,0,0,0,0,0,0,0,0,0,0,0,0,0,0,0,0,0,0,0,0,1,1,1,False
20,6922,-10,48907,1,693685,-1,37557,-0,002654806,0,9902614,-0,001197969,-0,1391898,0,0,0,0,0,0,0,0,0,0,0,0,0,0,0,0,0,0,0,0,0,0,1,1,1,False
20,70944,-10,48907,1,693685,-1,37557,-0,002654806,0,9902614,-0,001197969,-0,1391898,0,0,0,0,0,0,0,0,0,0,0,0,0,0,0,0,0,0,0,0,0,0,1,1,1,False
20,74217,-10,48907,1,693685,-1,37557,-0,002654806,0,9902614,-0,001197969,-0,1391898,0,0,0,0,0,0,0,0,0,0,0,0,0,0,0,0,0,0,0,0,0,0,1,1,1,False
20,76195,-10,48907,1,693685,-1,37557,-0,002654806,0,9902614,-0,001197969,-0,1391898,0,0,0,0,0,0,0,0,0,0,0,0,0,0,0,0,0,0,0,0,0,0,1,1,1,False
20,78178,-10,48907,1,693685,-1,37557,-0,002654806,0,9902614,-0,001197969,-0,1391898,0,0,0,0,0,0,0,0,0,0,0,0,0,0,0,0,0,0,0,0,0,0,1,1,1,False
20,80207,-10,48907,1,693685,-1,37557,-0,002654806,0,9902614,-0,001197969,-0,1391898,0,0,0,0,0,0,0,0,0,0,0,0,0,0,0,0,0,0,0,0,0,0,1,1,1,False
20,822,-10,48907,1,693685,-1,37557,-0,002654806,0,9902614,-0,001197969,-0,1391898,0,0,0,0,0,0,0,0,0,0,0,0,0,0,0,0,0,0,0,0,0,0,1,1,1,False
20,84172,-10,48907,1,693685,-1,37557,-0,002654806,0,9902614,-0,001197969,-0,1391898,0,0,0,0,0,0,0,0,0,0,0,0,0,0,0,0,0,0,0,0,0,0,1,1,1,False
20,85896,-10,48907,1,693685,-1,37557,-0,002654806,0,9902614,-0,001197969,-0,1391898,0,0,0,0,0,0,0,0,0,0,0,0,0,0,0,0,0,0,0,0,0,0,1,1,1,False
20,8756,-10,48907,1,693685,-1,37557,-0,002654806,0,9902614,-0,001197969,-0,1391898,0,0,0,0,0,0,0,0,0,0,0,0,0,0,0,0,0,0,0,0,0,0,1,1,1,False
20,90556,-10,48907,1,693685,-1,37557,-0,002654806,0,9902614,-0,001197969,-0,1391898,0,0,0,0,0,0,0,0,0,0,0,0,0,0,0,0,0,0,0,0,0,0,1,1,1,False
20,92301,-10,48907,1,693685,-1,37557,-0,002654806,0,9902614,-0,001197969,-0,1391898,0,0,0,0,0,0,0,0,0,0,0,0,0,0,0,0,0,0,0,0,0,0,1,1,1,False
20,94275,-10,48907,1,693685,-1,37557,-0,002654806,0,9902614,-0,001197969,-0,1391898,0,0,0,0,0,0,0,0,0,0,0,0,0,0,0,0,0,0,0,0,0,0,1,1,1,False
20,96053,-10,48907,1,693685,-1,37557,-0,002654806,0,9902614,-0,001197969,-0,1391898,0,0,0,0,0,0,0,0,0,0,0,0,0,0,0,0,0,0,0,0,0,0,1,1,1,False
20,97784,-10,48907,1,693685,-1,37557,-0,002654806,0,9902614,-0,001197969,-0,1391898,0,0,0,0,0,0,0,0,0,0,0,0,0,0,0,0,0,0,0,0,0,0,1,1,1,False
20,99468,-10,48907,1,693685,-1,37557,-0,002654806,0,9902614,-0,001197969,-0,1391898,0,0,0,0,0,0,0,0,0,0,0,0,0,0,0,0,0,0,0,0,0,0,1,1,1,False
21,01231,-10,48907,1,693685,-1,37557,-0,002654806,0,9902614,-0,001197969,-0,1391898,0,0,0,0,0,0,0,0,0,0,0,0,0,0,0,0,0,0,0,0,0,0,1,1,1,False
21,02932,-10,48907,1,693685,-1,37557,-0,002654806,0,9902614,-0,001197969,-0,1391898,0,0,0,0,0,0,0,0,0,0,0,0,0,0,0,0,0,0,0,0,0,0,1,1,1,False
21,0592,-10,48907,1,693685,-1,37557,-0,002654806,0,9902614,-0,001197969,-0,1391898,0,0,0,0,0,0,0,0,0,0,0,0,0,0,0,0,0,0,0,0,0,0,1,1,1,False
21,07616,-10,48907,1,693685,-1,37557,-0,002654806,0,9902614,-0,001197969,-0,1391898,0,0,0,0,0,0,0,0,0,0,0,0,0,0,0,0,0,0,0,0,0,0,1,1,1,False
21,09311,-10,48907,1,693685,-1,37557,-0,002654806,0,9902614,-0,001197969,-0,1391898,0,0,0,0,0,0,0,0,0,0,0,0,0,0,0,0,0,0,0,0,0,0,1,1,1,False
21,11058,-10,48907,1,693685,-1,37557,-0,002654806,0,9902614,-0,001197969,-0,1391898,0,0,0,0,0,0,0,0,0,0,0,0,0,0,0,0,0,0,0,0,0,0,1,1,1,False
21,12784,-10,48907,1,693685,-1,37557,-0,002654806,0,9902614,-0,001197969,-0,1391898,0,0,0,0,0,0,0,0,0,0,0,0,0,0,0,0,0,0,0,0,0,0,1,1,1,False
21,15077,-10,48907,1,693685,-1,37557,-0,002654806,0,9902614,-0,001197969,-0,1391898,0,0,0,0,0,0,0,0,0,0,0,0,0,0,0,0,0,0,0,0,0,0,1,1,1,False
21,17396,-10,48907,1,693685,-1,37557,-0,002654806,0,9902614,-0,001197969,-0,1391898,0,0,0,0,0,0,0,0,0,0,0,0,0,0,0,0,0,0,0,0,0,0,1,1,1,False
21,1911,-10,48907,1,693685,-1,37557,-0,002654806,0,9902614,-0,001197969,-0,1391898,0,0,0,0,0,0,0,0,0,0,0,0,0,0,0,0,0,0,0,0,0,0,1,1,1,False
21,30277,-10,48907,1,693685,-1,37557,-0,002654806,0,9902614,-0,001197969,-0,1391898,0,0,0,0,0,0,0,0,0,0,0,0,0,0,0,0,0,0,0,0,0,0,1,1,1,False
21,36323,-10,48907,1,693685,-1,37557,-0,002654806,0,9902614,-0,001197969,-0,1391898,0,0,0,0,0,0,0,0,0,0,0,0,0,0,0,0,0,0,0,0,0,0,1,1,1,False
21,39589,-10,48907,1,693685,-1,37557,-0,002654806,0,9902614,-0,001197969,-0,1391898,0,0,0,0,0,0,0,0,0,0,0,0,0,0,0,0,0,0,0,0,0,0,1,1,1,False
21,41898,-10,48907,1,693685,-1,37557,-0,002654806,0,9902614,-0,001197969,-0,1391898,0,0,0,0,0,0,0,0,0,0,0,0,0,0,0,0,0,0,0,0,0,0,1,1,1,False
21,43413,-10,48907,1,693685,-1,37557,-0,002654806,0,9902614,-0,001197969,-0,1391898,0,0,0,0,0,0,0,0,0,0,0,0,0,0,0,0,0,0,0,0,0,0,1,1,1,False
21,44968,-10,48907,1,693685,-1,37557,-0,002654806,0,9902614,-0,001197969,-0,1391898,0,0,0,0,0,0,0,0,0,0,0,0,0,0,0,0,0,0,0,0,0,0,1,1,1,False
21,465,-10,48907,1,693685,-1,37557,-0,002654806,0,9902614,-0,001197969,-0,1391898,0,0,0,0,0,0,0,0,0,0,0,0,0,0,0,0,0,0,0,0,0,0,1,1,1,False
21,48047,-10,48907,1,693685,-1,37557,-0,002654806,0,9902614,-0,001197969,-0,1391898,0,0,0,0,0,0,0,0,0,0,0,0,0,0,0,0,0,0,0,0,0,0,1,1,1,False
21,49613,-10,48907,1,693685,-1,37557,-0,002654806,0,9902614,-0,001197969,-0,1391898,0,0,0,0,0,0,0,0,0,0,0,0,0,0,0,0,0,0,0,0,0,0,1,1,1,False
21,51136,-10,48907,1,693685,-1,37557,-0,002654806,0,9902614,-0,001197969,-0,1391898,0,0,0,0,0,0,0,0,0,0,0,0,0,0,0,0,0,0,0,0,0,0,1,1,1,False
21,53029,-10,48907,1,693685,-1,37557,-0,002654806,0,9902614,-0,001197969,-0,1391898,0,0,0,0,0,0,0,0,0,0,0,0,0,0,0,0,0,0,0,0,0,0,1,1,1,False
21,54846,-10,48907,1,693685,-1,37557,-0,002654806,0,9902614,-0,001197969,-0,1391898,0,0,0,0,0,0,0,0,0,0,0,0,0,0,0,0,0,0,0,0,0,0,1,1,1,False
21,5658,-10,48907,1,693685,-1,37557,-0,002654806,0,9902614,-0,001197969,-0,1391898,0,0,0,0,0,0,0,0,0,0,0,0,0,0,0,0,0,0,0,0,0,0,1,1,1,False
21,5827,-10,48907,1,693685,-1,37557,-0,002654806,0,9902614,-0,001197969,-0,1391898,0,0,0,0,0,0,0,0,0,0,0,0,0,0,0,0,0,0,0,0,0,0,1,1,1,False
21,60019,-10,48907,1,693685,-1,37557,-0,002654806,0,9902614,-0,001197969,-0,1391898,0,0,0,0,0,0,0,0,0,0,0,0,0,0,0,0,0,0,0,0,0,0,1,1,1,False
21,61687,-10,48907,1,693685,-1,37557,-0,002654806,0,9902614,-0,001197969,-0,1391898,0,0,0,0,0,0,0,0,0,0,0,0,0,0,0,0,0,0,0,0,0,0,1,1,1,False
21,63294,-10,48907,1,693685,-1,37557,-0,002654806,0,9902614,-0,001197969,-0,1391898,0,0,0,0,0,0,0,0,0,0,0,0,0,0,0,0,0,0,0,0,0,0,1,1,1,False
21,65031,-10,48907,1,693685,-1,37557,-0,002654806,0,9902614,-0,001197969,-0,1391898,0,0,0,0,0,0,0,0,0,0,0,0,0,0,0,0,0,0,0,0,0,0,1,1,1,False
21,66728,-10,48907,1,693685,-1,37557,-0,002654806,0,9902614,-0,001197969,-0,1391898,0,0,0,0,0,0,0,0,0,0,0,0,0,0,0,0,0,0,0,0,0,0,1,1,1,False
21,68436,-10,48907,1,693685,-1,37557,-0,002654806,0,9902614,-0,001197969,-0,1391898,0,0,0,0,0,0,0,0,0,0,0,0,0,0,0,0,0,0,0,0,0,0,1,1,1,False
21,70145,-10,48907,1,693685,-1,37557,-0,002654806,0,9902614,-0,001197969,-0,1391898,0,0,0,0,0,0,0,0,0,0,0,0,0,0,0,0,0,0,0,0,0,0,1,1,1,False
21,7183,-10,48907,1,693685,-1,37557,-0,002654806,0,9902614,-0,001197969,-0,1391898,0,0,0,0,0,0,0,0,0,0,0,0,0,0,0,0,0,0,0,0,0,0,1,1,1,False
21,73442,-10,48907,1,693685,-1,37557,-0,002654806,0,9902614,-0,001197969,-0,1391898,0,0,0,0,0,0,0,0,0,0,0,0,0,0,0,0,0,0,0,0,0,0,1,1,1,False
21,75181,-10,48907,1,693685,-1,37557,-0,002654806,0,9902614,-0,001197969,-0,1391898,0,0,0,0,0,0,0,0,0,0,0,0,0,0,0,0,0,0,0,0,0,0,1,1,1,False
21,76887,-10,48907,1,693685,-1,37557,-0,002654806,0,9902614,-0,001197969,-0,1391898,0,0,0,0,0,0,0,0,0,0,0,0,0,0,0,0,0,0,0,0,0,0,1,1,1,False
21,78574,-10,48907,1,693685,-1,37557,-0,002654806,0,9902614,-0,001197969,-0,1391898,0,0,0,0,0,0,0,0,0,0,0,0,0,0,0,0,0,0,0,0,0,0,1,1,1,False
21,80301,-10,48907,1,693685,-1,37557,-0,002654806,0,9902614,-0,001197969,-0,1391898,0,0,0,0,0,0,0,0,0,0,0,0,0,0,0,0,0,0,0,0,0,0,1,1,1,False
21,81994,-10,48907,1,693685,-1,37557,-0,002654806,0,9902614,-0,001197969,-0,1391898,0,0,0,0,0,0,0,0,0,0,0,0,0,0,0,0,0,0,0,0,0,0,1,1,1,False
21,83552,-10,48907,1,693685,-1,37557,-0,002654806,0,9902614,-0,001197969,-0,1391898,0,0,0,0,0,0,0,0,0,0,0,0,0,0,0,0,0,0,0,0,0,0,1,1,1,False
21,85223,-10,48907,1,693685,-1,37557,-0,002654806,0,9902614,-0,001197969,-0,1391898,0,0,0,0,0,0,0,0,0,0,0,0,0,0,0,0,0,0,0,0,0,0,1,1,1,False
21,869,-10,48907,1,693685,-1,37557,-0,002654806,0,9902614,-0,001197969,-0,1391898,0,0,0,0,0,0,0,0,0,0,0,0,0,0,0,0,0,0,0,0,0,0,1,1,1,False
21,88615,-10,48907,1,693685,-1,37557,-0,002654806,0,9902614,-0,001197969,-0,1391898,0,0,0,0,0,0,0,0,0,0,0,0,0,0,0,0,0,0,0,0,0,0,1,1,1,False
21,90386,-10,48907,1,693685,-1,37557,-0,002654806,0,9902614,-0,001197969,-0,1391898,0,0,0,0,0,0,0,0,0,0,0,0,0,0,0,0,0,0,0,0,0,0,1,1,1,False
21,92093,-10,48907,1,693685,-1,37557,-0,002654806,0,9902614,-0,001197969,-0,1391898,0,0,0,0,0,0,0,0,0,0,0,0,0,0,0,0,0,0,0,0,0,0,1,1,1,False
21,93815,-10,48907,1,693685,-1,37557,-0,002654806,0,9902614,-0,001197969,-0,1391898,0,0,0,0,0,0,0,0,0,0,0,0,0,0,0,0,0,0,0,0,0,0,1,1,1,False
21,95435,-10,48907,1,693685,-1,37557,-0,002654806,0,9902614,-0,001197969,-0,1391898,0,0,0,0,0,0,0,0,0,0,0,0,0,0,0,0,0,0,0,0,0,0,1,1,1,False
21,9712,-10,48907,1,693685,-1,37557,-0,002654806,0,9902614,-0,001197969,-0,1391898,0,0,0,0,0,0,0,0,0,0,0,0,0,0,0,0,0,0,0,0,0,0,1,1,1,False
21,98808,-10,48907,1,693685,-1,37557,-0,002654806,0,9902614,-0,001197969,-0,1391898,0,0,0,0,0,0,0,0,0,0,0,0,0,0,0,0,0,0,0,0,0,0,1,1,1,False
22,00529,-10,48907,1,693685,-1,37557,-0,002654806,0,9902614,-0,001197969,-0,1391898,0,0,0,0,0,0,0,0,0,0,0,0,0,0,0,0,0,0,0,0,0,0,1,1,1,False
22,02255,-10,48907,1,693685,-1,37557,-0,002654806,0,9902614,-0,001197969,-0,1391898,0,0,0,0,0,0,0,0,0,0,0,0,0,0,0,0,0,0,0,0,0,0,1,1,1,False
22,03929,-10,48907,1,693685,-1,37557,-0,002654806,0,9902614,-0,001197969,-0,1391898,0,0,0,0,0,0,0,0,0,0,0,0,0,0,0,0,0,0,0,0,0,0,1,1,1,False
22,0557,-10,48907,1,693685,-1,37557,-0,002654806,0,9902614,-0,001197969,-0,1391898,0,0,0,0,0,0,0,0,0,0,0,0,0,0,0,0,0,0,0,0,0,0,1,1,1,False
22,07326,-10,48907,1,693685,-1,37557,-0,002654806,0,9902614,-0,001197969,-0,1391898,0,0,0,0,0,0,0,0,0,0,0,0,0,0,0,0,0,0,0,0,0,0,1,1,1,False
22,08991,-10,48907,1,693685,-1,37557,-0,002654806,0,9902614,-0,001197969,-0,1391898,0,0,0,0,0,0,0,0,0,0,0,0,0,0,0,0,0,0,0,0,0,0,1,1,1,False
22,107,-10,48907,1,693685,-1,37557,-0,002654806,0,9902614,-0,001197969,-0,1391898,0,0,0,0,0,0,0,0,0,0,0,0,0,0,0,0,0,0,0,0,0,0,1,1,1,False
22,12397,-10,48907,1,693685,-1,37557,-0,002654806,0,9902614,-0,001197969,-0,1391898,0,0,0,0,0,0,0,0,0,0,0,0,0,0,0,0,0,0,0,0,0,0,1,1,1,False
22,14077,-10,48907,1,693685,-1,37557,-0,002654806,0,9902614,-0,001197969,-0,1391898,0,0,0,0,0,0,0,0,0,0,0,0,0,0,0,0,0,0,0,0,0,0,1,1,1,False
22,15779,-10,48907,1,693685,-1,37557,-0,002654806,0,9902614,-0,001197969,-0,1391898,0,0,0,0,0,0,0,0,0,0,0,0,0,0,0,0,0,0,0,0,0,0,1,1,1,False
22,17412,-10,48907,1,693685,-1,37557,-0,002654806,0,9902614,-0,001197969,-0,1391898,0,0,0,0,0,0,0,0,0,0,0,0,0,0,0,0,0,0,0,0,0,0,1,1,1,False
22,1912,-10,48907,1,693685,-1,37557,-0,002654806,0,9902614,-0,001197969,-0,1391898,0,0,0,0,0,0,0,0,0,0,0,0,0,0,0,0,0,0,0,0,0,0,1,1,1,False
22,20779,-10,48907,1,693685,-1,37557,-0,002654806,0,9902614,-0,001197969,-0,1391898,0,0,0,0,0,0,0,0,0,0,0,0,0,0,0,0,0,0,0,0,0,0,1,1,1,False
22,22527,-10,48907,1,693685,-1,37557,-0,002654806,0,9902614,-0,001197969,-0,1391898,0,0,0,0,0,0,0,0,0,0,0,0,0,0,0,0,0,0,0,0,0,0,1,1,1,False
22,24233,-10,48907,1,693685,-1,37557,-0,002654806,0,9902614,-0,001197969,-0,1391898,0,0,0,0,0,0,0,0,0,0,0,0,0,0,0,0,0,0,0,0,0,0,1,1,1,False
22,25974,-10,48907,1,693685,-1,37557,-0,002654806,0,9902614,-0,001197969,-0,1391898,0,0,0,0,0,0,0,0,0,0,0,0,0,0,0,0,0,0,0,0,0,0,1,1,1,False
22,27588,-10,48907,1,693685,-1,37557,-0,002654806,0,9902614,-0,001197969,-0,1391898,0,0,0,0,0,0,0,0,0,0,0,0,0,0,0,0,0,0,0,0,0,0,1,1,1,False
22,29284,-10,48907,1,693685,-1,37557,-0,002654806,0,9902614,-0,001197969,-0,1391898,0,0,0,0,0,0,0,0,0,0,0,0,0,0,0,0,0,0,0,0,0,0,1,1,1,False
22,30926,-10,48907,1,693685,-1,37557,-0,002654806,0,9902614,-0,001197969,-0,1391898,0,0,0,0,0,0,0,0,0,0,0,0,0,0,0,0,0,0,0,0,0,0,1,1,1,False
22,3262,-10,48907,1,693685,-1,37557,-0,002654806,0,9902614,-0,001197969,-0,1391898,0,0,0,0,0,0,0,0,0,0,0,0,0,0,0,0,0,0,0,0,0,0,1,1,1,False
22,34409,-10,48907,1,693685,-1,37557,-0,002654806,0,9902614,-0,001197969,-0,1391898,0,0,0,0,0,0,0,0,0,0,0,0,0,0,0,0,0,0,0,0,0,0,1,1,1,False
22,36078,-10,48907,1,693685,-1,37557,-0,002654806,0,9902614,-0,001197969,-0,1391898,0,0,0,0,0,0,0,0,0,0,0,0,0,0,0,0,0,0,0,0,0,0,1,1,1,False
22,37672,-10,48907,1,693685,-1,37557,-0,002654806,0,9902614,-0,001197969,-0,1391898,0,0,0,0,0,0,0,0,0,0,0,0,0,0,0,0,0,0,0,0,0,0,1,1,1,False
22,39288,-10,48907,1,693685,-1,37557,-0,002654806,0,9902614,-0,001197969,-0,1391898,0,0,0,0,0,0,0,0,0,0,0,0,0,0,0,0,0,0,0,0,0,0,1,1,1,False
22,40869,-10,48907,1,693685,-1,37557,-0,002654806,0,9902614,-0,001197969,-0,1391898,0,0,0,0,0,0,0,0,0,0,0,0,0,0,0,0,0,0,0,0,0,0,1,1,1,False
22,42459,-10,48907,1,693685,-1,37557,-0,002654806,0,9902614,-0,001197969,-0,1391898,0,0,0,0,0,0,0,0,0,0,0,0,0,0,0,0,0,0,0,0,0,0,1,1,1,False
22,44047,-10,48907,1,693685,-1,37557,-0,002654806,0,9902614,-0,001197969,-0,1391898,0,0,0,0,0,0,0,0,0,0,0,0,0,0,0,0,0,0,0,0,0,0,1,1,1,False
22,45709,-10,48907,1,693685,-1,37557,-0,002654806,0,9902614,-0,001197969,-0,1391898,0,0,0,0,0,0,0,0,0,0,0,0,0,0,0,0,0,0,0,0,0,0,1,1,1,False
22,47299,-10,48907,1,693685,-1,37557,-0,002654806,0,9902614,-0,001197969,-0,1391898,0,0,0,0,0,0,0,0,0,0,0,0,0,0,0,0,0,0,0,0,0,0,1,1,1,False
22,4891,-10,48907,1,693685,-1,37557,-0,002654806,0,9902614,-0,001197969,-0,1391898,0,0,0,0,0,0,0,0,0,0,0,0,0,0,0,0,0,0,0,0,0,0,1,1,1,False
22,50523,-10,48907,1,693685,-1,37557,-0,002654806,0,9902614,-0,001197969,-0,1391898,0,0,0,0,0,0,0,0,0,0,0,0,0,0,0,0,0,0,0,0,0,0,1,1,1,False
22,52236,-10,48907,1,693685,-1,37557,-0,002654806,0,9902614,-0,001197969,-0,1391898,0,0,0,0,0,0,0,0,0,0,0,0,0,0,0,0,0,0,0,0,0,0,1,1,1,False
22,539,-10,48907,1,693685,-1,37557,-0,002654806,0,9902614,-0,001197969,-0,1391898,0,0,0,0,0,0,0,0,0,0,0,0,0,0,0,0,0,0,0,0,0,0,1,1,1,False
22,55423,-10,48907,1,693685,-1,37557,-0,002654806,0,9902614,-0,001197969,-0,1391898,0,0,0,0,0,0,0,0,0,0,0,0,0,0,0,0,0,0,0,0,0,0,1,1,1,False
22,57486,-10,48907,1,693685,-1,37557,-0,002654806,0,9902614,-0,001197969,-0,1391898,0,0,0,0,0,0,0,0,0,0,0,0,0,0,0,0,0,0,0,0,0,0,1,1,1,False
22,59108,-10,48907,1,693685,-1,37557,-0,002654806,0,9902614,-0,001197969,-0,1391898,0,0,0,0,0,0,0,0,0,0,0,0,0,0,0,0,0,0,0,0,0,0,1,1,1,False
22,60733,-10,48907,1,693685,-1,37557,-0,002654806,0,9902614,-0,001197969,-0,1391898,0,0,0,0,0,0,0,0,0,0,0,0,0,0,0,0,0,0,0,0,0,0,1,1,1,False
22,62329,-10,48907,1,693685,-1,37557,-0,002654806,0,9902614,-0,001197969,-0,1391898,0,0,0,0,0,0,0,0,0,0,0,0,0,0,0,0,0,0,0,0,0,0,1,1,1,False
22,63918,-10,48907,1,693685,-1,37557,-0,002654806,0,9902614,-0,001197969,-0,1391898,0,0,0,0,0,0,0,0,0,0,0,0,0,0,0,0,0,0,0,0,0,0,1,1,1,False
22,65413,-10,48907,1,693685,-1,37557,-0,002654806,0,9902614,-0,001197969,-0,1391898,0,0,0,0,0,0,0,0,0,0,0,0,0,0,0,0,0,0,0,0,0,0,1,1,1,False
22,67045,-10,48907,1,693685,-1,37557,-0,002654806,0,9902614,-0,001197969,-0,1391898,0,0,0,0,0,0,0,0,0,0,0,0,0,0,0,0,0,0,0,0,0,0,1,1,1,False
22,68698,-10,48907,1,693685,-1,37557,-0,002654806,0,9902614,-0,001197969,-0,1391898,0,0,0,0,0,0,0,0,0,0,0,0,0,0,0,0,0,0,0,0,0,0,1,1,1,False
22,70308,-10,48907,1,693685,-1,37557,-0,002654806,0,9902614,-0,001197969,-0,1391898,0,0,0,0,0,0,0,0,0,0,0,0,0,0,0,0,0,0,0,0,0,0,1,1,1,False
22,71925,-10,48907,1,693685,-1,37557,-0,002654806,0,9902614,-0,001197969,-0,1391898,0,0,0,0,0,0,0,0,0,0,0,0,0,0,0,0,0,0,0,0,0,0,1,1,1,False
22,73447,-10,48907,1,693685,-1,37557,-0,002654806,0,9902614,-0,001197969,-0,1391898,0,0,0,0,0,0,0,0,0,0,0,0,0,0,0,0,0,0,0,0,0,0,1,1,1,False
22,75054,-10,48907,1,693685,-1,37557,-0,002654806,0,9902614,-0,001197969,-0,1391898,0,0,0,0,0,0,0,0,0,0,0,0,0,0,0,0,0,0,0,0,0,0,1,1,1,False
22,76707,-10,48907,1,693685,-1,37557,-0,002654806,0,9902614,-0,001197969,-0,1391898,0,0,0,0,0,0,0,0,0,0,0,0,0,0,0,0,0,0,0,0,0,0,1,1,1,False
22,78329,-10,48907,1,693685,-1,37557,-0,002654806,0,9902614,-0,001197969,-0,1391898,0,0,0,0,0,0,0,0,0,0,0,0,0,0,0,0,0,0,0,0,0,0,1,1,1,False
22,79917,-10,48907,1,693685,-1,37557,-0,002654806,0,9902614,-0,001197969,-0,1391898,0,0,0,0,0,0,0,0,0,0,0,0,0,0,0,0,0,0,0,0,0,0,1,1,1,False
22,81433,-10,48907,1,693685,-1,37557,-0,002654806,0,9902614,-0,001197969,-0,1391898,0,0,0,0,0,0,0,0,0,0,0,0,0,0,0,0,0,0,0,0,0,0,1,1,1,False
22,83037,-10,48907,1,693685,-1,37557,-0,002654806,0,9902614,-0,001197969,-0,1391898,0,0,0,0,0,0,0,0,0,0,0,0,0,0,0,0,0,0,0,0,0,0,1,1,1,False
22,84627,-10,48907,1,693685,-1,37557,-0,002654806,0,9902614,-0,001197969,-0,1391898,0,0,0,0,0,0,0,0,0,0,0,0,0,0,0,0,0,0,0,0,0,0,1,1,1,False
22,86217,-10,48907,1,693685,-1,37557,-0,002654806,0,9902614,-0,001197969,-0,1391898,0,0,0,0,0,0,0,0,0,0,0,0,0,0,0,0,0,0,0,0,0,0,1,1,1,False
22,87798,-10,48907,1,693685,-1,37557,-0,002654806,0,9902614,-0,001197969,-0,1391898,0,0,0,0,0,0,0,0,0,0,0,0,0,0,0,0,0,0,0,0,0,0,1,1,1,False
22,89318,-10,48907,1,693685,-1,37557,-0,002654806,0,9902614,-0,001197969,-0,1391898,0,0,0,0,0,0,0,0,0,0,0,0,0,0,0,0,0,0,0,0,0,0,1,1,1,False
22,90924,-10,48907,1,693685,-1,37557,-0,002654806,0,9902614,-0,001197969,-0,1391898,0,0,0,0,0,0,0,0,0,0,0,0,0,0,0,0,0,0,0,0,0,0,1,1,1,False
22,92613,-10,48907,1,693685,-1,37557,-0,002654806,0,9902614,-0,001197969,-0,1391898,0,0,0,0,0,0,0,0,0,0,0,0,0,0,0,0,0,0,0,0,0,0,1,1,1,False
22,94267,-10,48907,1,693685,-1,37557,-0,002654806,0,9902614,-0,001197969,-0,1391898,0,0,0,0,0,0,0,0,0,0,0,0,0,0,0,0,0,0,0,0,0,0,1,1,1,False
22,9588,-10,48907,1,693685,-1,37557,-0,002654806,0,9902614,-0,001197969,-0,1391898,0,0,0,0,0,0,0,0,0,0,0,0,0,0,0,0,0,0,0,0,0,0,1,1,1,False
22,97405,-10,48907,1,693685,-1,37557,-0,002654806,0,9902614,-0,001197969,-0,1391898,0,0,0,0,0,0,0,0,0,0,0,0,0,0,0,0,0,0,0,0,0,0,1,1,1,False
23,00448,-10,48907,1,693685,-1,37557,-0,002654806,0,9902614,-0,001197969,-0,1391898,0,0,0,0,0,0,0,0,0,0,0,0,0,0,0,0,0,0,0,0,0,0,1,1,1,False
23,03772,-10,48907,1,693685,-1,37557,-0,002654806,0,9902614,-0,001197969,-0,1391898,0,0,0,0,0,0,0,0,0,0,0,0,0,0,0,0,0,0,0,0,0,0,1,1,1,False
23,05742,-10,48907,1,693685,-1,37557,-0,002654806,0,9902614,-0,001197969,-0,1391898,0,0,0,0,0,0,0,0,0,0,0,0,0,0,0,0,0,0,0,0,0,0,1,1,1,False
23,0731,-10,48907,1,693685,-1,37557,-0,002654806,0,9902614,-0,001197969,-0,1391898,0,0,0,0,0,0,0,0,0,0,0,0,0,0,0,0,0,0,0,0,0,0,1,1,1,False
23,08814,-10,48907,1,693685,-1,37557,-0,002654806,0,9902614,-0,001197969,-0,1391898,0,0,0,0,0,0,0,0,0,0,0,0,0,0,0,0,0,0,0,0,0,0,1,1,1,False
23,10326,-10,48907,1,693685,-1,37557,-0,002654806,0,9902614,-0,001197969,-0,1391898,0,0,0,0,0,0,0,0,0,0,0,0,0,0,0,0,0,0,0,0,0,0,1,1,1,False
23,11826,-10,48907,1,693685,-1,37557,-0,002654806,0,9902614,-0,001197969,-0,1391898,0,0,0,0,0,0,0,0,0,0,0,0,0,0,0,0,0,0,0,0,0,0,1,1,1,False
23,13288,-10,48907,1,693685,-1,37557,-0,002654806,0,9902614,-0,001197969,-0,1391898,0,0,0,0,0,0,0,0,0,0,0,0,0,0,0,0,0,0,0,0,0,0,1,1,1,False
23,14808,-10,48907,1,693685,-1,37557,-0,002654806,0,9902614,-0,001197969,-0,1391898,0,0,0,0,0,0,0,0,0,0,0,0,0,0,0,0,0,0,0,0,0,0,1,1,1,False
23,16345,-10,48907,1,693685,-1,37557,-0,002654806,0,9902614,-0,001197969,-0,1391898,0,0,0,0,0,0,0,0,0,0,0,0,0,0,0,0,0,0,0,0,0,0,1,1,1,False
23,17867,-10,48907,1,693685,-1,37557,-0,002654806,0,9902614,-0,001197969,-0,1391898,0,0,0,0,0,0,0,0,0,0,0,0,0,0,0,0,0,0,0,0,0,0,1,1,1,False
23,19298,-10,48907,1,693685,-1,37557,-0,002654806,0,9902614,-0,001197969,-0,1391898,0,0,0,0,0,0,0,0,0,0,0,0,0,0,0,0,0,0,0,0,0,0,1,1,1,False
23,20823,-10,48907,1,693685,-1,37557,-0,002654806,0,9902614,-0,001197969,-0,1391898,0,0,0,0,0,0,0,0,0,0,0,0,0,0,0,0,0,0,0,0,0,0,1,1,1,False
23,22402,-10,48907,1,693685,-1,37557,-0,002654806,0,9902614,-0,001197969,-0,1391898,0,0,0,0,0,0,0,0,0,0,0,0,0,0,0,0,0,0,0,0,0,0,1,1,1,False
23,23959,-10,48907,1,693685,-1,37557,-0,002654806,0,9902614,-0,001197969,-0,1391898,0,0,0,0,0,0,0,0,0,0,0,0,0,0,0,0,0,0,0,0,0,0,1,1,1,False
23,25627,-10,48907,1,693685,-1,37557,-0,002654806,0,9902614,-0,001197969,-0,1391898,0,0,0,0,0,0,0,0,0,0,0,0,0,0,0,0,0,0,0,0,0,0,1,1,1,False
23,27258,-10,48907,1,693685,-1,37557,-0,002654806,0,9902614,-0,001197969,-0,1391898,0,0,0,0,0,0,0,0,0,0,0,0,0,0,0,0,0,0,0,0,0,0,1,1,1,False
23,28807,-10,48907,1,693685,-1,37557,-0,002654806,0,9902614,-0,001197969,-0,1391898,0,0,0,0,0,0,0,0,0,0,0,0,0,0,0,0,0,0,0,0,0,0,1,1,1,False
23,30362,-10,48907,1,693685,-1,37557,-0,002654806,0,9902614,-0,001197969,-0,1391898,0,0,0,0,0,0,0,0,0,0,0,0,0,0,0,0,0,0,0,0,0,0,1,1,1,False
23,31873,-10,48907,1,693685,-1,37557,-0,002654806,0,9902614,-0,001197969,-0,1391898,0,0,0,0,0,0,0,0,0,0,0,0,0,0,0,0,0,0,0,0,0,0,1,1,1,False
23,33339,-10,48907,1,693685,-1,37557,-0,002654806,0,9902614,-0,001197969,-0,1391898,0,0,0,0,0,0,0,0,0,0,0,0,0,0,0,0,0,0,0,0,0,0,1,1,1,False
23,34893,-10,48907,1,693685,-1,37557,-0,002654806,0,9902614,-0,001197969,-0,1391898,0,0,0,0,0,0,0,0,0,0,0,0,0,0,0,0,0,0,0,0,0,0,1,1,1,False
23,36439,-10,48907,1,693685,-1,37557,-0,002654806,0,9902614,-0,001197969,-0,1391898,0,0,0,0,0,0,0,0,0,0,0,0,0,0,0,0,0,0,0,0,0,0,1,1,1,False
23,37965,-10,48907,1,693685,-1,37557,-0,002654806,0,9902614,-0,001197969,-0,1391898,0,0,0,0,0,0,0,0,0,0,0,0,0,0,0,0,0,0,0,0,0,0,1,1,1,False
23,39434,-10,48907,1,693685,-1,37557,-0,002654806,0,9902614,-0,001197969,-0,1391898,0,0,0,0,0,0,0,0,0,0,0,0,0,0,0,0,0,0,0,0,0,0,1,1,1,False
23,40983,-10,48907,1,693685,-1,37557,-0,002654806,0,9902614,-0,001197969,-0,1391898,0,0,0,0,0,0,0,0,0,0,0,0,0,0,0,0,0,0,0,0,0,0,1,1,1,False
23,42517,-10,48907,1,693685,-1,37557,-0,002654806,0,9902614,-0,001197969,-0,1391898,0,0,0,0,0,0,0,0,0,0,0,0,0,0,0,0,0,0,0,0,0,0,1,1,1,False
23,44077,-10,48907,1,693685,-1,37557,-0,002654806,0,9902614,-0,001197969,-0,1391898,0,0,0,0,0,0,0,0,0,0,0,0,0,0,0,0,0,0,0,0,0,0,1,1,1,False
23,45632,-10,48907,1,693685,-1,37557,-0,002654806,0,9902614,-0,001197969,-0,1391898,0,0,0,0,0,0,0,0,0,0,0,0,0,0,0,0,0,0,0,0,0,0,1,1,1,False
23,47097,-10,48907,1,693685,-1,37557,-0,002654806,0,9902614,-0,001197969,-0,1391898,0,0,0,0,0,0,0,0,0,0,0,0,0,0,0,0,0,0,0,0,0,0,1,1,1,False
23,48646,-10,48907,1,693685,-1,37557,-0,002654806,0,9902614,-0,001197969,-0,1391898,0,0,0,0,0,0,0,0,0,0,0,0,0,0,0,0,0,0,0,0,0,0,1,1,1,False
23,50194,-10,48907,1,693685,-1,37557,-0,002654806,0,9902614,-0,001197969,-0,1391898,0,0,0,0,0,0,0,0,0,0,0,0,0,0,0,0,0,0,0,0,0,0,1,1,1,False
23,51757,-10,48907,1,693685,-1,37557,-0,002654806,0,9902614,-0,001197969,-0,1391898,0,0,0,0,0,0,0,0,0,0,0,0,0,0,0,0,0,0,0,0,0,0,1,1,1,False
23,53225,-10,48907,1,693685,-1,37557,-0,002654806,0,9902614,-0,001197969,-0,1391898,0,0,0,0,0,0,0,0,0,0,0,0,0,0,0,0,0,0,0,0,0,0,1,1,1,False
23,54802,-10,48907,1,693685,-1,37557,-0,002654806,0,9902614,-0,001197969,-0,1391898,0,0,0,0,0,0,0,0,0,0,0,0,0,0,0,0,0,0,0,0,0,0,1,1,1,False
23,56379,-10,48907,1,693685,-1,37557,-0,002654806,0,9902614,-0,001197969,-0,1391898,0,0,0,0,0,0,0,0,0,0,0,0,0,0,0,0,0,0,0,0,0,0,1,1,1,False
23,5792,-10,48907,1,693685,-1,37557,-0,002654806,0,9902614,-0,001197969,-0,1391898,0,0,0,0,0,0,0,0,0,0,0,0,0,0,0,0,0,0,0,0,0,0,1,1,1,False
23,59375,-10,48907,1,693685,-1,37557,-0,002654806,0,9902614,-0,001197969,-0,1391898,0,0,0,0,0,0,0,0,0,0,0,0,0,0,0,0,0,0,0,0,0,0,1,1,1,False
23,60932,-10,48907,1,693685,-1,37557,-0,002654806,0,9902614,-0,001197969,-0,1391898,0,0,0,0,0,0,0,0,0,0,0,0,0,0,0,0,0,0,0,0,0,0,1,1,1,False
23,62495,-10,48907,1,693685,-1,37557,-0,002654806,0,9902614,-0,001197969,-0,1391898,0,0,0,0,0,0,0,0,0,0,0,0,0,0,0,0,0,0,0,0,0,0,1,1,1,False
23,64045,-10,48907,1,693685,-1,37557,-0,002654806,0,9902614,-0,001197969,-0,1391898,0,0,0,0,0,0,0,0,0,0,0,0,0,0,0,0,0,0,0,0,0,0,1,1,1,False
23,65589,-10,48907,1,693685,-1,37557,-0,002654806,0,9902614,-0,001197969,-0,1391898,0,0,0,0,0,0,0,0,0,0,0,0,0,0,0,0,0,0,0,0,0,0,1,1,1,False
23,67074,-10,48907,1,693685,-1,37557,-0,002654806,0,9902614,-0,001197969,-0,1391898,0,0,0,0,0,0,0,0,0,0,0,0,0,0,0,0,0,0,0,0,0,0,1,1,1,False
23,68646,-10,48907,1,693685,-1,37557,-0,002654806,0,9902614,-0,001197969,-0,1391898,0,0,0,0,0,0,0,0,0,0,0,0,0,0,0,0,0,0,0,0,0,0,1,1,1,False
23,70357,-10,48907,1,693685,-1,37557,-0,002654806,0,9902614,-0,001197969,-0,1391898,0,0,0,0,0,0,0,0,0,0,0,0,0,0,0,0,0,0,0,0,0,0,1,1,1,False
23,72039,-10,48907,1,693685,-1,37557,-0,002654806,0,9902614,-0,001197969,-0,1391898,0,0,0,0,0,0,0,0,0,0,0,0,0,0,0,0,0,0,0,0,0,0,1,1,1,False
23,73838,-10,48907,1,693685,-1,37557,-0,002654806,0,9902614,-0,001197969,-0,1391898,0,0,0,0,0,0,0,0,0,0,0,0,0,0,0,0,0,0,0,0,0,0,1,1,1,False
23,75339,-10,48907,1,693685,-1,37557,-0,002654806,0,9902614,-0,001197969,-0,1391898,0,0,0,0,0,0,0,0,0,0,0,0,0,0,0,0,0,0,0,0,0,0,1,1,1,False
23,77023,-10,48907,1,693685,-1,37557,-0,002654806,0,9902614,-0,001197969,-0,1391898,0,0,0,0,0,0,0,0,0,0,0,0,0,0,0,0,0,0,0,0,0,0,1,1,1,False
23,78656,-10,48907,1,693685,-1,37557,-0,002654806,0,9902614,-0,001197969,-0,1391898,0,0,0,0,0,0,0,0,0,0,0,0,0,0,0,0,0,0,0,0,0,0,1,1,1,False
23,80278,-10,48907,1,693685,-1,37557,-0,002654806,0,9902614,-0,001197969,-0,1391898,0,0,0,0,0,0,0,0,0,0,0,0,0,0,0,0,0,0,0,0,0,0,1,1,1,False
23,81879,-10,48907,1,693685,-1,37557,-0,002654806,0,9902614,-0,001197969,-0,1391898,0,0,0,0,0,0,0,0,0,0,0,0,0,0,0,0,0,0,0,0,0,0,1,1,1,False
23,83428,-10,48907,1,693685,-1,37557,-0,002654806,0,9902614,-0,001197969,-0,1391898,0,0,0,0,0,0,0,0,0,0,0,0,0,0,0,0,0,0,0,0,0,0,1,1,1,False
23,85027,-10,48907,1,693685,-1,37557,-0,002654806,0,9902614,-0,001197969,-0,1391898,0,0,0,0,0,0,0,0,0,0,0,0,0,0,0,0,0,0,0,0,0,0,1,1,1,False
23,86732,-10,48907,1,693685,-1,37557,-0,002654806,0,9902614,-0,001197969,-0,1391898,0,0,0,0,0,0,0,0,0,0,0,0,0,0,0,0,0,0,0,0,0,0,1,1,1,False
23,88629,-10,48907,1,693685,-1,37557,-0,002654806,0,9902614,-0,001197969,-0,1391898,0,0,0,0,0,0,0,0,0,0,0,0,0,0,0,0,0,0,0,0,0,0,1,1,1,False
23,90513,-10,48907,1,693685,-1,37557,-0,002654806,0,9902614,-0,001197969,-0,1391898,0,0,0,0,0,0,0,0,0,0,0,0,0,0,0,0,0,0,0,0,0,0,1,1,1,False
23,92447,-10,48907,1,693685,-1,37557,-0,002654806,0,9902614,-0,001197969,-0,1391898,0,0,0,0,0,0,0,0,0,0,0,0,0,0,0,0,0,0,0,0,0,0,1,1,1,False
23,94049,-10,48907,1,693685,-1,37557,-0,002654806,0,9902614,-0,001197969,-0,1391898,0,0,0,0,0,0,0,0,0,0,0,0,0,0,0,0,0,0,0,0,0,0,1,1,1,False
23,95871,-10,48907,1,693685,-1,37557,-0,002654806,0,9902614,-0,001197969,-0,1391898,0,0,0,0,0,0,0,0,0,0,0,0,0,0,0,0,0,0,0,0,0,0,1,1,1,False
23,97437,-10,48907,1,693685,-1,37557,-0,002654806,0,9902614,-0,001197969,-0,1391898,0,0,0,0,0,0,0,0,0,0,0,0,0,0,0,0,0,0,0,0,0,0,1,1,1,False
23,99039,-10,48907,1,693685,-1,37557,-0,002654806,0,9902614,-0,001197969,-0,1391898,0,0,0,0,0,0,0,0,0,0,0,0,0,0,0,0,0,0,0,0,0,0,1,1,1,False
24,00606,-10,48907,1,693685,-1,37557,-0,002654806,0,9902614,-0,001197969,-0,1391898,0,0,0,0,0,0,0,0,0,0,0,0,0,0,0,0,0,0,0,0,0,0,1,1,1,False
24,02276,-10,48907,1,693685,-1,37557,-0,002654806,0,9902614,-0,001197969,-0,1391898,0,0,0,0,0,0,0,0,0,0,0,0,0,0,0,0,0,0,0,0,0,0,1,1,1,False
24,03883,-10,48907,1,693685,-1,37557,-0,002654806,0,9902614,-0,001197969,-0,1391898,0,0,0,0,0,0,0,0,0,0,0,0,0,0,0,0,0,0,0,0,0,0,1,1,1,False
24,05376,-10,48907,1,693685,-1,37557,-0,002654806,0,9902614,-0,001197969,-0,1391898,0,0,0,0,0,0,0,0,0,0,0,0,0,0,0,0,0,0,0,0,0,0,1,1,1,False
24,06971,-10,48907,1,693685,-1,37557,-0,002654806,0,9902614,-0,001197969,-0,1391898,0,0,0,0,0,0,0,0,0,0,0,0,0,0,0,0,0,0,0,0,0,0,1,1,1,False
24,08923,-10,48907,1,693685,-1,37557,-0,002654806,0,9902614,-0,001197969,-0,1391898,0,0,0,0,0,0,0,0,0,0,0,0,0,0,0,0,0,0,0,0,0,0,1,1,1,False
24,10526,-10,48907,1,693685,-1,37557,-0,002654806,0,9902614,-0,001197969,-0,1391898,0,0,0,0,0,0,0,0,0,0,0,0,0,0,0,0,0,0,0,0,0,0,1,1,1,False
24,1241,-10,48907,1,693685,-1,37557,-0,002654806,0,9902614,-0,001197969,-0,1391898,0,0,0,0,0,0,0,0,0,0,0,0,0,0,0,0,0,0,0,0,0,0,1,1,1,False
24,1403,-10,48907,1,693685,-1,37557,-0,002654806,0,9902614,-0,001197969,-0,1391898,0,0,0,0,0,0,0,0,0,0,0,0,0,0,0,0,0,0,0,0,0,0,1,1,1,False
24,15892,-10,48907,1,693685,-1,37557,-0,002654806,0,9902614,-0,001197969,-0,1391898,0,0,0,0,0,0,0,0,0,0,0,0,0,0,0,0,0,0,0,0,0,0,1,1,1,False
24,17418,-10,48907,1,693685,-1,37557,-0,002654806,0,9902614,-0,001197969,-0,1391898,0,0,0,0,0,0,0,0,0,0,0,0,0,0,0,0,0,0,0,0,0,0,1,1,1,False
24,19109,-10,48907,1,693685,-1,37557,-0,002654806,0,9902614,-0,001197969,-0,1391898,0,0,0,0,0,0,0,0,0,0,0,0,0,0,0,0,0,0,0,0,0,0,1,1,1,False
24,20955,-10,48907,1,693685,-1,37557,-0,002654806,0,9902614,-0,001197969,-0,1391898,0,0,0,0,0,0,0,0,0,0,0,0,0,0,0,0,0,0,0,0,0,0,1,1,1,False
24,2252,-10,48907,1,693685,-1,37557,-0,002654806,0,9902614,-0,001197969,-0,1391898,0,0,0,0,0,0,0,0,0,0,0,0,0,0,0,0,0,0,0,0,0,0,1,1,1,False
24,2405,-10,48907,1,693685,-1,37557,-0,002654806,0,9902614,-0,001197969,-0,1391898,0,0,0,0,0,0,0,0,0,0,0,0,0,0,0,0,0,0,0,0,0,0,1,1,1,False
24,25634,-10,48907,1,693685,-1,37557,-0,002654806,0,9902614,-0,001197969,-0,1391898,0,0,0,0,0,0,0,0,0,0,0,0,0,0,0,0,0,0,0,0,0,0,1,1,1,False
24,2707,-10,48907,1,693685,-1,37557,-0,002654806,0,9902614,-0,001197969,-0,1391898,0,0,0,0,0,0,0,0,0,0,0,0,0,0,0,0,0,0,0,0,0,0,1,1,1,False
24,28769,-10,48907,1,693685,-1,37557,-0,002654806,0,9902614,-0,001197969,-0,1391898,0,0,0,0,0,0,0,0,0,0,0,0,0,0,0,0,0,0,0,0,0,0,1,1,1,False
24,30401,-10,48907,1,693685,-1,37557,-0,002654806,0,9902614,-0,001197969,-0,1391898,0,0,0,0,0,0,0,0,0,0,0,0,0,0,0,0,0,0,0,0,0,0,1,1,1,False
24,32064,-10,48907,1,693685,-1,37557,-0,002654806,0,9902614,-0,001197969,-0,1391898,0,0,0,0,0,0,0,0,0,0,0,0,0,0,0,0,0,0,0,0,0,0,1,1,1,False
24,3366,-10,48907,1,693685,-1,37557,-0,002654806,0,9902614,-0,001197969,-0,1391898,0,0,0,0,0,0,0,0,0,0,0,0,0,0,0,0,0,0,0,0,0,0,1,1,1,False
24,35137,-10,48907,1,693685,-1,37557,-0,002654806,0,9902614,-0,001197969,-0,1391898,0,0,0,0,0,0,0,0,0,0,0,0,0,0,0,0,0,0,0,0,0,0,1,1,1,False
24,36759,-10,48907,1,693685,-1,37557,-0,002654806,0,9902614,-0,001197969,-0,1391898,0,0,0,0,0,0,0,0,0,0,0,0,0,0,0,0,0,0,0,0,0,0,1,1,1,False
24,38522,-10,48907,1,693685,-1,37557,-0,002654806,0,9902614,-0,001197969,-0,1391898,0,0,0,0,0,0,0,0,0,0,0,0,0,0,0,0,0,0,0,0,0,0,1,1,1,False
24,40476,-10,48907,1,693685,-1,37557,-0,002654806,0,9902614,-0,001197969,-0,1391898,0,0,0,0,0,0,0,0,0,0,0,0,0,0,0,0,0,0,0,0,0,0,1,1,1,False
24,42349,-10,48907,1,693685,-1,37557,-0,002654806,0,9902614,-0,001197969,-0,1391898,0,0,0,0,0,0,0,0,0,0,0,0,0,0,0,0,0,0,0,0,0,0,1,1,1,False
24,43898,-10,48907,1,693685,-1,37557,-0,002654806,0,9902614,-0,001197969,-0,1391898,0,0,0,0,0,0,0,0,0,0,0,0,0,0,0,0,0,0,0,0,0,0,1,1,1,False
24,45341,-10,48907,1,693685,-1,37557,-0,002654806,0,9902614,-0,001197969,-0,1391898,0,0,0,0,0,0,0,0,0,0,0,0,0,0,0,0,0,0,0,0,0,0,1,1,1,False
24,49436,-10,48907,1,693685,-1,37557,-0,002654806,0,9902614,-0,001197969,-0,1391898,0,0,0,0,0,0,0,0,0,0,0,0,0,0,0,0,0,0,0,0,0,0,1,1,1,False
24,54234,-10,48907,1,693685,-1,37557,-0,002654806,0,9902614,-0,001197969,-0,1391898,0,0,0,0,0,0,0,0,0,0,0,0,0,0,0,0,0,0,0,0,0,0,1,1,1,False
24,57139,-10,48907,1,693685,-1,37557,-0,002654806,0,9902614,-0,001197969,-0,1391898,0,0,0,0,0,0,0,0,0,0,0,0,0,0,0,0,0,0,0,0,0,0,1,1,1,False
24,59645,-10,48907,1,693685,-1,37557,-0,002654806,0,9902614,-0,001197969,-0,1391898,0,0,0,0,0,0,0,0,0,0,0,0,0,0,0,0,0,0,0,0,0,0,1,1,1,False
24,61157,-10,48907,1,693685,-1,37557,-0,002654806,0,9902614,-0,001197969,-0,1391898,0,0,0,0,0,0,0,0,0,0,0,0,0,0,0,0,0,0,0,0,0,0,1,1,1,False
24,62638,-10,48907,1,693685,-1,37557,-0,002654806,0,9902614,-0,001197969,-0,1391898,0,0,0,0,0,0,0,0,0,0,0,0,0,0,0,0,0,0,0,0,0,0,1,1,1,False
24,64218,-10,48907,1,693685,-1,37557,-0,002654806,0,9902614,-0,001197969,-0,1391898,0,0,0,0,0,0,0,0,0,0,0,0,0,0,0,0,0,0,0,0,0,0,1,1,1,False
24,65935,-10,48907,1,693685,-1,37557,-0,002654806,0,9902614,-0,001197969,-0,1391898,0,0,0,0,0,0,0,0,0,0,0,0,0,0,0,0,0,0,0,0,0,0,1,1,1,False
24,67482,-10,48907,1,693685,-1,37557,-0,002654806,0,9902614,-0,001197969,-0,1391898,0,0,0,0,0,0,0,0,0,0,0,0,0,0,0,0,0,0,0,0,0,0,1,1,1,False
24,69445,-10,48907,1,693685,-1,37557,-0,002654806,0,9902614,-0,001197969,-0,1391898,0,0,0,0,0,0,0,0,0,0,0,0,0,0,0,0,0,0,0,0,0,0,1,1,1,False
24,71092,-10,48907,1,693685,-1,37557,-0,002654806,0,9902614,-0,001197969,-0,1391898,0,0,0,0,0,0,0,0,0,0,0,0,0,0,0,0,0,0,0,0,0,0,1,1,1,False
24,73079,-10,48907,1,693685,-1,37557,-0,002654806,0,9902614,-0,001197969,-0,1391898,0,0,0,0,0,0,0,0,0,0,0,0,0,0,0,0,0,0,0,0,0,0,1,1,1,False
24,75112,-10,48907,1,693685,-1,37557,-0,002654806,0,9902614,-0,001197969,-0,1391898,0,0,0,0,0,0,0,0,0,0,0,0,0,0,0,0,0,0,0,0,0,0,1,1,1,False
24,76833,-10,48907,1,693685,-1,37557,-0,002654806,0,9902614,-0,001197969,-0,1391898,0,0,0,0,0,0,0,0,0,0,0,0,0,0,0,0,0,0,0,0,0,0,1,1,1,False
24,78524,-10,48907,1,693685,-1,37557,-0,002654806,0,9902614,-0,001197969,-0,1391898,0,0,0,0,0,0,0,0,0,0,0,0,0,0,0,0,0,0,0,0,0,0,1,1,1,False
24,80195,-10,48907,1,693685,-1,37557,-0,002654806,0,9902614,-0,001197969,-0,1391898,0,0,0,0,0,0,0,0,0,0,0,0,0,0,0,0,0,0,0,0,0,0,1,1,1,False
24,81897,-10,48907,1,693685,-1,37557,-0,002654806,0,9902614,-0,001197969,-0,1391898,0,0,0,0,0,0,0,0,0,0,0,0,0,0,0,0,0,0,0,0,0,0,1,1,1,False
24,83478,-10,48907,1,693685,-1,37557,-0,002654806,0,9902614,-0,001197969,-0,1391898,0,0,0,0,0,0,0,0,0,0,0,0,0,0,0,0,0,0,0,0,0,0,1,1,1,False
24,85174,-10,48907,1,693685,-1,37557,-0,002654806,0,9902614,-0,001197969,-0,1391898,0,0,0,0,0,0,0,0,0,0,0,0,0,0,0,0,0,0,0,0,0,0,1,1,1,False
24,86996,-10,48907,1,693685,-1,37557,-0,002654806,0,9902614,-0,001197969,-0,1391898,0,0,0,0,0,0,0,0,0,0,0,0,0,0,0,0,0,0,0,0,0,0,1,1,1,False
24,8888,-10,48907,1,693685,-1,37557,-0,002654806,0,9902614,-0,001197969,-0,1391898,0,0,0,0,0,0,0,0,0,0,0,0,0,0,0,0,0,0,0,0,0,0,1,1,1,False
24,90689,-10,48907,1,693685,-1,37557,-0,002654806,0,9902614,-0,001197969,-0,1391898,0,0,0,0,0,0,0,0,0,0,0,0,0,0,0,0,0,0,0,0,0,0,1,1,1,False
24,92492,-10,48907,1,693685,-1,37557,-0,002654806,0,9902614,-0,001197969,-0,1391898,0,0,0,0,0,0,0,0,0,0,0,0,0,0,0,0,0,0,0,0,0,0,1,1,1,False
24,94297,-10,48907,1,693685,-1,37557,-0,002654806,0,9902614,-0,001197969,-0,1391898,0,0,0,0,0,0,0,0,0,0,0,0,0,0,0,0,0,0,0,0,0,0,1,1,1,False
24,96186,-10,48907,1,693685,-1,37557,-0,002654806,0,9902614,-0,001197969,-0,1391898,0,0,0,0,0,0,0,0,0,0,0,0,0,0,0,0,0,0,0,0,0,0,1,1,1,False
24,98071,-10,48907,1,693685,-1,37557,-0,002654806,0,9902614,-0,001197969,-0,1391898,0,0,0,0,0,0,0,0,0,0,0,0,0,0,0,0,0,0,0,0,0,0,1,1,1,False
24,99881,-10,48907,1,693685,-1,37557,-0,002654806,0,9902614,-0,001197969,-0,1391898,0,0,0,0,0,0,0,0,0,0,0,0,0,0,0,0,0,0,0,0,0,0,1,1,1,False
25,01699,-10,48907,1,693685,-1,37557,-0,002654806,0,9902614,-0,001197969,-0,1391898,0,0,0,0,0,0,0,0,0,0,0,0,0,0,0,0,0,0,0,0,0,0,1,1,1,False
25,03668,-10,48907,1,693685,-1,37557,-0,002654806,0,9902614,-0,001197969,-0,1391898,0,0,0,0,0,0,0,0,0,0,0,0,0,0,0,0,0,0,0,0,0,0,1,1,1,False
25,05563,-10,48907,1,693685,-1,37557,-0,002654806,0,9902614,-0,001197969,-0,1391898,0,0,0,0,0,0,0,0,0,0,0,0,0,0,0,0,0,0,0,0,0,0,1,1,1,False
25,0742,-10,48907,1,693685,-1,37557,-0,002654806,0,9902614,-0,001197969,-0,1391898,0,0,0,0,0,0,0,0,0,0,0,0,0,0,0,0,0,0,0,0,0,0,1,1,1,False
25,0925,-10,48907,1,693685,-1,37557,-0,002654806,0,9902614,-0,001197969,-0,1391898,0,0,0,0,0,0,0,0,0,0,0,0,0,0,0,0,0,0,0,0,0,0,1,1,1,False
25,11035,-10,48907,1,693685,-1,37557,-0,002654806,0,9902614,-0,001197969,-0,1391898,0,0,0,0,0,0,0,0,0,0,0,0,0,0,0,0,0,0,0,0,0,0,1,1,1,False
25,12822,-10,48907,1,693685,-1,37557,-0,002654806,0,9902614,-0,001197969,-0,1391898,0,0,0,0,0,0,0,0,0,0,0,0,0,0,0,0,0,0,0,0,0,0,1,1,1,False
25,14528,-10,48907,1,693685,-1,37557,-0,002654806,0,9902614,-0,001197969,-0,1391898,0,0,0,0,0,0,0,0,0,0,0,0,0,0,0,0,0,0,0,0,0,0,1,1,1,False
25,16315,-10,48907,1,693685,-1,37557,-0,002654806,0,9902614,-0,001197969,-0,1391898,0,0,0,0,0,0,0,0,0,0,0,0,0,0,0,0,0,0,0,0,0,0,1,1,1,False
25,18093,-10,48907,1,693685,-1,37557,-0,002654806,0,9902614,-0,001197969,-0,1391898,0,0,0,0,0,0,0,0,0,0,0,0,0,0,0,0,0,0,0,0,0,0,1,1,1,False
25,19854,-10,48907,1,693685,-1,37557,-0,002654806,0,9902614,-0,001197969,-0,1391898,0,0,0,0,0,0,0,0,0,0,0,0,0,0,0,0,0,0,0,0,0,0,1,1,1,False
25,21457,-10,48907,1,693685,-1,37557,-0,002654806,0,9902614,-0,001197969,-0,1391898,0,0,0,0,0,0,0,0,0,0,0,0,0,0,0,0,0,0,0,0,0,0,1,1,1,False
25,232,-10,48907,1,693685,-1,37557,-0,002654806,0,9902614,-0,001197969,-0,1391898,0,0,0,0,0,0,0,0,0,0,0,0,0,0,0,0,0,0,0,0,0,0,1,1,1,False
25,24977,-10,48907,1,693685,-1,37557,-0,002654806,0,9902614,-0,001197969,-0,1391898,0,0,0,0,0,0,0,0,0,0,0,0,0,0,0,0,0,0,0,0,0,0,1,1,1,False
25,26705,-10,48907,1,693685,-1,37557,-0,002654806,0,9902614,-0,001197969,-0,1391898,0,0,0,0,0,0,0,0,0,0,0,0,0,0,0,0,0,0,0,0,0,0,1,1,1,False
25,28402,-10,48907,1,693685,-1,37557,-0,002654806,0,9902614,-0,001197969,-0,1391898,0,0,0,0,0,0,0,0,0,0,0,0,0,0,0,0,0,0,0,0,0,0,1,1,1,False
25,30159,-10,48907,1,693685,-1,37557,-0,002654806,0,9902614,-0,001197969,-0,1391898,0,0,0,0,0,0,0,0,0,0,0,0,0,0,0,0,0,0,0,0,0,0,1,1,1,False
25,31853,-10,48907,1,693685,-1,37557,-0,002654806,0,9902614,-0,001197969,-0,1391898,0,0,0,0,0,0,0,0,0,0,0,0,0,0,0,0,0,0,0,0,0,0,1,1,1,False
25,33503,-10,48907,1,693685,-1,37557,-0,002654806,0,9902614,-0,001197969,-0,1391898,0,0,0,0,0,0,0,0,0,0,0,0,0,0,0,0,0,0,0,0,0,0,1,1,1,False
25,35255,-10,48907,1,693685,-1,37557,-0,002654806,0,9902614,-0,001197969,-0,1391898,0,0,0,0,0,0,0,0,0,0,0,0,0,0,0,0,0,0,0,0,0,0,1,1,1,False
25,36959,-10,48907,1,693685,-1,37557,-0,002654806,0,9902614,-0,001197969,-0,1391898,0,0,0,0,0,0,0,0,0,0,0,0,0,0,0,0,0,0,0,0,0,0,1,1,1,False
25,38768,-10,48907,1,693685,-1,37557,-0,002654806,0,9902614,-0,001197969,-0,1391898,0,0,0,0,0,0,0,0,0,0,0,0,0,0,0,0,0,0,0,0,0,0,1,1,1,False
25,40507,-10,48907,1,693685,-1,37557,-0,002654806,0,9902614,-0,001197969,-0,1391898,0,0,0,0,0,0,0,0,0,0,0,0,0,0,0,0,0,0,0,0,0,0,1,1,1,False
25,42285,-10,48907,1,693685,-1,37557,-0,002654806,0,9902614,-0,001197969,-0,1391898,0,0,0,0,0,0,0,0,0,0,0,0,0,0,0,0,0,0,0,0,0,0,1,1,1,False
25,44017,-10,48907,1,693685,-1,37557,-0,002654806,0,9902614,-0,001197969,-0,1391898,0,0,0,0,0,0,0,0,0,0,0,0,0,0,0,0,0,0,0,0,0,0,1,1,1,False
25,45715,-10,48907,1,693685,-1,37557,-0,002654806,0,9902614,-0,001197969,-0,1391898,0,0,0,0,0,0,0,0,0,0,0,0,0,0,0,0,0,0,0,0,0,0,1,1,1,False
25,47348,-10,48907,1,693685,-1,37557,-0,002654806,0,9902614,-0,001197969,-0,1391898,0,0,0,0,0,0,0,0,0,0,0,0,0,0,0,0,0,0,0,0,0,0,1,1,1,False
25,49089,-10,48907,1,693685,-1,37557,-0,002654806,0,9902614,-0,001197969,-0,1391898,0,0,0,0,0,0,0,0,0,0,0,0,0,0,0,0,0,0,0,0,0,0,1,1,1,False
25,50821,-10,48907,1,693685,-1,37557,-0,002654806,0,9902614,-0,001197969,-0,1391898,0,0,0,0,0,0,0,0,0,0,0,0,0,0,0,0,0,0,0,0,0,0,1,1,1,False
25,52518,-10,48907,1,693685,-1,37557,-0,002654806,0,9902614,-0,001197969,-0,1391898,0,0,0,0,0,0,0,0,0,0,0,0,0,0,0,0,0,0,0,0,0,0,1,1,1,False
25,54284,-10,48907,1,693685,-1,37557,-0,002654806,0,9902614,-0,001197969,-0,1391898,0,0,0,0,0,0,0,0,0,0,0,0,0,0,0,0,0,0,0,0,0,0,1,1,1,False
25,56026,-10,48907,1,693685,-1,37557,-0,002654806,0,9902614,-0,001197969,-0,1391898,0,0,0,0,0,0,0,0,0,0,0,0,0,0,0,0,0,0,0,0,0,0,1,1,1,False
25,57639,-10,48907,1,693685,-1,37557,-0,002654806,0,9902614,-0,001197969,-0,1391898,0,0,0,0,0,0,0,0,0,0,0,0,0,0,0,0,0,0,0,0,0,0,1,1,1,False
25,59181,-10,48907,1,693685,-1,37557,-0,002654806,0,9902614,-0,001197969,-0,1391898,0,0,0,0,0,0,0,0,0,0,0,0,0,0,0,0,0,0,0,0,0,0,1,1,1,False
25,61091,-10,48907,1,693685,-1,37557,-0,002654806,0,9902614,-0,001197969,-0,1391898,0,0,0,0,0,0,0,0,0,0,0,0,0,0,0,0,0,0,0,0,0,0,1,1,1,False
25,62951,-10,48907,1,693685,-1,37557,-0,002654806,0,9902614,-0,001197969,-0,1391898,0,0,0,0,0,0,0,0,0,0,0,0,0,0,0,0,0,0,0,0,0,0,1,1,1,False
25,64691,-10,49907,1,689942,-1,41557,-0,002654806,0,9902614,-0,001197969,-0,1391898,0,0,0,0,0,0,0,0,0,0,0,0,0,0,0,0,0,0,0,0,0,0,1,1,1,False
25,66526,-10,51907,1,689942,-1,46557,-0,002654806,0,9902614,-0,001197969,-0,1391898,0,0,0,0,0,0,0,0,0,0,0,0,0,0,0,0,0,0,0,0,0,0,1,1,1,False
25,68365,-10,51907,1,689942,-1,48557,-0,002654806,0,9902614,-0,001197969,-0,1391898,0,0,0,0,0,0,0,0,0,0,0,0,0,0,0,0,0,0,0,0,0,0,1,1,1,False
25,70154,-10,54907,1,689942,-1,58557,-0,002654806,0,9902614,-0,001197969,-0,1391898,0,0,0,0,0,0,0,0,0,0,0,0,0,0,0,0,0,0,0,0,0,0,1,1,1,False
25,71888,-10,56907,1,689942,-1,66557,-0,002654806,0,9902614,-0,001197969,-0,1391898,0,0,0,0,0,0,0,0,0,0,0,0,0,0,0,0,0,0,0,0,0,0,1,1,1,False
25,73581,-10,61907,1,689942,-1,81557,-0,002654806,0,9902614,-0,001197969,-0,1391898,0,0,0,0,0,0,0,0,0,0,0,0,0,0,0,0,0,0,0,0,0,0,1,1,1,False
25,7536,-10,64907,1,689942,-1,93557,-0,002654806,0,9902614,-0,001197969,-0,1391898,0,0,0,0,0,0,0,0,0,0,0,0,0,0,0,0,0,0,0,0,0,0,1,1,1,False
25,77099,-10,67907,1,689942,-2,03557,-0,002654806,0,9902614,-0,001197969,-0,1391898,0,0,0,0,0,0,0,0,0,0,0,0,0,0,0,0,0,0,0,0,0,0,1,1,1,False
25,78861,-10,69907,1,689942,-2,10557,-0,002654806,0,9902614,-0,001197969,-0,1391898,0,0,0,0,0,0,0,0,0,0,0,0,0,0,0,0,0,0,0,0,0,0,1,1,1,False
25,80594,-10,70907,1,689942,-2,145571,-0,002654806,0,9902614,-0,001197969,-0,1391898,0,0,0,0,0,0,0,0,0,0,0,0,0,0,0,0,0,0,0,0,0,0,1,1,1,False
25,83068,-10,72907,1,689942,-2,21557,-0,002654806,0,9902614,-0,001197969,-0,1391898,0,0,0,0,0,0,0,0,0,0,0,0,0,0,0,0,0,0,0,0,0,0,1,1,1,False
25,84801,-10,74907,1,689942,-2,29557,-0,002654806,0,9902614,-0,001197969,-0,1391898,0,0,0,0,0,0,0,0,0,0,0,0,0,0,0,0,0,0,0,0,0,0,1,1,1,False
25,86487,-10,75907,1,689942,-2,31557,-0,002654806,0,9902614,-0,001197969,-0,1391898,0,0,0,0,0,0,0,0,0,0,0,0,0,0,0,0,0,0,0,0,0,0,1,1,1,False
25,88217,-10,76907,1,689942,-2,33557,-0,002654806,0,9902614,-0,001197969,-0,1391898,0,0,0,0,0,0,0,0,0,0,0,0,0,0,0,0,0,0,0,0,0,0,1,1,1,False
25,89956,-10,78907,1,689942,-2,42557,-0,002654806,0,9902614,-0,001197969,-0,1391898,0,0,0,0,0,0,0,0,0,0,0,0,0,0,0,0,0,0,0,0,0,0,1,1,1,False
25,91606,-10,79907,1,689942,-2,45557,-0,002654806,0,9902614,-0,001197969,-0,1391898,0,0,0,0,0,0,0,0,0,0,0,0,0,0,0,0,0,0,0,0,0,0,1,1,1,False
25,93323,-10,81907,1,689942,-2,52557,-0,002654806,0,9902614,-0,001197969,-0,1391898,0,0,0,0,0,0,0,0,0,0,0,0,0,0,0,0,0,0,0,0,0,0,1,1,1,False
25,95041,-10,83907,1,689942,-2,59557,-0,002654806,0,9902614,-0,001197969,-0,1391898,0,0,0,0,0,0,0,0,0,0,0,0,0,0,0,0,0,0,0,0,0,0,1,1,1,False
25,96836,-10,85907,1,689942,-2,67557,-0,002654806,0,9902614,-0,001197969,-0,1391898,0,0,0,0,0,0,0,0,0,0,0,0,0,0,0,0,0,0,0,0,0,0,1,1,1,False
25,99356,-10,88907,1,689942,-2,78557,-0,002654806,0,9902614,-0,001197969,-0,1391898,0,0,0,0,0,0,0,0,0,0,0,0,0,0,0,0,0,0,0,0,0,0,1,1,1,False
26,01066,-10,90907,1,689942,-2,83557,-0,002654806,0,9902614,-0,001197969,-0,1391898,0,0,0,0,0,0,0,0,0,0,0,0,0,0,0,0,0,0,0,0,0,0,1,1,1,False
26,02808,-10,92907,1,689942,-2,895571,-0,002654806,0,9902614,-0,001197969,-0,1391898,0,0,0,0,0,0,0,0,0,0,0,0,0,0,0,0,0,0,0,0,0,0,1,1,1,False
26,04521,-10,93907,1,689942,-2,94557,-0,002654806,0,9902614,-0,001197969,-0,1391898,0,0,0,0,0,0,0,0,0,0,0,0,0,0,0,0,0,0,0,0,0,0,1,1,1,False
26,0627,-10,95907,1,689942,-3,00557,-0,002654806,0,9902614,-0,001197969,-0,1391898,0,0,0,0,0,0,0,0,0,0,0,0,0,0,0,0,0,0,0,0,0,0,1,1,1,False
26,08014,-10,97907,1,689942,-3,09557,-0,002654806,0,9902614,-0,001197969,-0,1391898,0,0,0,0,0,0,0,0,0,0,0,0,0,0,0,0,0,0,0,0,0,0,1,1,1,False
26,09777,-10,99907,1,689942,-3,145571,-0,002654806,0,9902614,-0,001197969,-0,1391898,0,0,0,0,0,0,0,0,0,0,0,0,0,0,0,0,0,0,0,0,0,0,1,1,1,False
26,11395,-11,01907,1,689942,-3,21557,-0,002654806,0,9902614,-0,001197969,-0,1391898,0,0,0,0,0,0,0,0,0,0,0,0,0,0,0,0,0,0,0,0,0,0,1,1,1,False
26,13107,-11,03907,1,689942,-3,28557,-0,002654806,0,9902614,-0,001197969,-0,1391898,0,0,0,0,0,0,0,0,0,0,0,0,0,0,0,0,0,0,0,0,0,0,1,1,1,False
26,15579,-11,07907,1,689942,-3,44557,-0,002654806,0,9902614,-0,001197969,-0,1391898,0,0,0,0,0,0,0,0,0,0,0,0,0,0,0,0,0,0,0,0,0,0,1,1,1,False
26,17337,-11,10907,1,689942,-3,53557,-0,002654806,0,9902614,-0,001197969,-0,1391898,0,0,0,0,0,0,0,0,0,0,0,0,0,0,0,0,0,0,0,0,0,0,1,1,1,False
26,191,-11,13907,1,689942,-3,655571,-0,002654806,0,9902614,-0,001197969,-0,1391898,0,0,0,0,0,0,0,0,0,0,0,0,0,0,0,0,0,0,0,0,0,0,1,1,1,False
26,2084,-11,15907,1,689942,-3,70557,-0,002654806,0,9902614,-0,001197969,-0,1391898,0,0,0,0,0,0,0,0,0,0,0,0,0,0,0,0,0,0,0,0,0,0,1,1,1,False
26,22538,-11,17907,1,689942,-3,77557,-0,002654806,0,9902614,-0,001197969,-0,1391898,0,0,0,0,0,0,0,0,0,0,0,0,0,0,0,0,0,0,0,0,0,0,1,1,1,False
26,24211,-11,19907,1,689942,-3,85557,-0,002654806,0,9902614,-0,001197969,-0,1391898,0,0,0,0,0,0,0,0,0,0,0,0,0,0,0,0,0,0,0,0,0,0,1,1,1,False
26,2592,-11,21907,1,689942,-3,92557,-0,002654806,0,9902614,-0,001197969,-0,1391898,0,0,0,0,0,0,0,0,0,0,0,0,0,0,0,0,0,0,0,0,0,0,1,1,1,False
26,27573,-11,24907,1,689942,-4,02557,-0,002654806,0,9902614,-0,001197969,-0,1391898,0,0,0,0,0,0,0,0,0,0,0,0,0,0,0,0,0,0,0,0,0,0,1,1,1,False
26,29338,-11,26907,1,679942,-4,10557,-0,002654806,0,9902614,-0,001197969,-0,1391898,0,0,0,0,0,0,0,0,0,0,0,0,0,0,0,0,0,0,0,0,0,0,1,1,1,False
26,3181,-11,28907,1,679942,-4,155571,-0,002654806,0,9902614,-0,001197969,-0,1391898,0,0,0,0,0,0,0,0,0,0,0,0,0,0,0,0,0,0,0,0,0,0,1,1,1,False
26,33512,-11,31907,1,679942,-4,25557,-0,002654806,0,9902614,-0,001197969,-0,1391898,0,0,0,0,0,0,0,0,0,0,0,0,0,0,0,0,0,0,0,0,0,0,1,1,1,False
26,35218,-11,32907,1,679942,-4,285571,-0,002654806,0,9902614,-0,001197969,-0,1391898,0,0,0,0,0,0,0,0,0,0,0,0,0,0,0,0,0,0,0,0,0,0,1,1,1,False
26,36967,-11,32907,1,679942,-4,31557,-0,002654806,0,9902614,-0,001197969,-0,1391898,0,0,0,0,0,0,0,0,0,0,0,0,0,0,0,0,0,0,0,0,0,0,1,1,1,False
26,38717,-11,33907,1,679942,-4,33557,-0,002654806,0,9902614,-0,001197969,-0,1391898,0,0,0,0,0,0,0,0,0,0,0,0,0,0,0,0,0,0,0,0,0,0,1,1,1,False
26,40421,-11,35907,1,679942,-4,39557,-0,002654806,0,9902614,-0,001197969,-0,1391898,0,0,0,0,0,0,0,0,0,0,0,0,0,0,0,0,0,0,0,0,0,0,1,1,1,False
26,42137,-11,36907,1,679942,-4,44557,-0,002654806,0,9902614,-0,001197969,-0,1391898,0,0,0,0,0,0,0,0,0,0,0,0,0,0,0,0,0,0,0,0,0,0,1,1,1,False
26,43846,-11,39907,1,679942,-4,54557,-0,002654806,0,9902614,-0,001197969,-0,1391898,0,0,0,0,0,0,0,0,0,0,0,0,0,0,0,0,0,0,0,0,0,0,1,1,1,False
26,45452,-11,41907,1,679942,-4,62557,-0,002654806,0,9902614,-0,001197969,-0,1391898,0,0,0,0,0,0,0,0,0,0,0,0,0,0,0,0,0,0,0,0,0,0,1,1,1,False
26,47852,-11,44907,1,679942,-4,73557,-0,002654806,0,9902614,-0,001197969,-0,1391898,0,0,0,0,0,0,0,0,0,0,0,0,0,0,0,0,0,0,0,0,0,0,1,1,1,False
26,49581,-11,45907,1,679942,-4,765571,-0,002654806,0,9902614,-0,001197969,-0,1391898,0,0,0,0,0,0,0,0,0,0,0,0,0,0,0,0,0,0,0,0,0,0,1,1,1,False
26,512,-11,45907,1,679942,-4,765571,-0,002654806,0,9902614,-0,001197969,-0,1391898,0,0,0,0,0,0,0,0,0,0,0,0,0,0,0,0,0,0,0,0,0,0,1,1,1,False
26,52778,-11,45907,1,679942,-4,765571,-0,002654806,0,9902614,-0,001197969,-0,1391898,0,0,0,0,0,0,0,0,0,0,0,0,0,0,0,0,0,0,0,0,0,0,1,1,1,False
26,54488,-11,46907,1,679942,-4,79557,-0,002654806,0,9902614,-0,001197969,-0,1391898,0,0,0,0,0,0,0,0,0,0,0,0,0,0,0,0,0,0,0,0,0,0,1,1,1,False
26,56085,-11,46907,1,679942,-4,79557,-0,002654806,0,9902614,-0,001197969,-0,1391898,0,0,0,0,0,0,0,0,0,0,0,0,0,0,0,0,0,0,0,0,0,0,1,1,1,False
26,57685,-11,46907,1,679942,-4,79557,-0,002654806,0,9902614,-0,001197969,-0,1391898,0,0,0,0,0,0,0,0,0,0,0,0,0,0,0,0,0,0,0,0,0,0,1,1,1,False
26,59192,-11,46907,1,679942,-4,79557,-0,002654806,0,9902614,-0,001197969,-0,1391898,0,0,0,0,0,0,0,0,0,0,0,0,0,0,0,0,0,0,0,0,0,0,1,1,1,False
26,60819,-11,46907,1,679942,-4,79557,-0,002654806,0,9902614,-0,001197969,-0,1391898,0,0,0,0,0,0,0,0,0,0,0,0,0,0,0,0,0,0,0,0,0,0,1,1,1,False
26,63153,-11,46907,1,679942,-4,79557,-0,002654806,0,9902614,-0,001197969,-0,1391898,0,0,0,0,0,0,0,0,0,0,0,0,0,0,0,0,0,0,0,0,0,0,1,1,1,False
26,64699,-11,46907,1,679942,-4,79557,-0,002654806,0,9902614,-0,001197969,-0,1391898,0,0,0,0,0,0,0,0,0,0,0,0,0,0,0,0,0,0,0,0,0,0,1,1,1,False
26,66288,-11,46907,1,679942,-4,79557,-0,002654806,0,9902614,-0,001197969,-0,1391898,0,0,0,0,0,0,0,0,0,0,0,0,0,0,0,0,0,0,0,0,0,0,1,1,1,False
26,67879,-11,46907,1,679942,-4,79557,-0,002654806,0,9902614,-0,001197969,-0,1391898,0,0,0,0,0,0,0,0,0,0,0,0,0,0,0,0,0,0,0,0,0,0,1,1,1,False
26,69384,-11,46907,1,679942,-4,79557,-0,002654806,0,9902614,-0,001197969,-0,1391898,0,0,0,0,0,0,0,0,0,0,0,0,0,0,0,0,0,0,0,0,0,0,1,1,1,False
26,71041,-11,46907,1,679942,-4,79557,-0,002654806,0,9902614,-0,001197969,-0,1391898,0,0,0,0,0,0,0,0,0,0,0,0,0,0,0,0,0,0,0,0,0,0,1,1,1,False
26,7274,-11,49907,1,679942,-4,905571,-0,002654806,0,9902614,-0,001197969,-0,1391898,0,0,0,0,0,0,0,0,0,0,0,0,0,0,0,0,0,0,0,0,0,0,1,1,1,False
26,74443,-11,53907,1,679942,-5,04557,-0,002654806,0,9902614,-0,001197969,-0,1391898,0,0,0,0,0,0,0,0,0,0,0,0,0,0,0,0,0,0,0,0,0,0,1,1,1,False
26,76144,-11,58907,1,679942,-5,21557,-0,002654806,0,9902614,-0,001197969,-0,1391898,0,0,0,0,0,0,0,0,0,0,0,0,0,0,0,0,0,0,0,0,0,0,1,1,1,False
26,78608,-11,69907,1,679942,-5,58557,-0,002654806,0,9902614,-0,001197969,-0,1391898,0,0,0,0,0,0,0,0,0,0,0,0,0,0,0,0,0,0,0,0,0,0,1,1,1,False
26,80272,-11,74907,1,679942,-5,77557,-0,002654806,0,9902614,-0,001197969,-0,1391898,0,0,0,0,0,0,0,0,0,0,0,0,0,0,0,0,0,0,0,0,0,0,1,1,1,False
26,81963,-11,80907,1,679942,-5,96557,-0,002654806,0,9902614,-0,001197969,-0,1391898,0,0,0,0,0,0,0,0,0,0,0,0,0,0,0,0,0,0,0,0,0,0,1,1,1,False
26,8354,-11,85907,1,679942,-6,155571,-0,002654806,0,9902614,-0,001197969,-0,1391898,0,0,0,0,0,0,0,0,0,0,0,0,0,0,0,0,0,0,0,0,0,0,1,1,1,False
26,85263,-11,91907,1,679942,-6,35557,-0,002654806,0,9902614,-0,001197969,-0,1391898,0,0,0,0,0,0,0,0,0,0,0,0,0,0,0,0,0,0,0,0,0,0,1,1,1,False
26,87121,-11,97907,1,679942,-6,56557,-0,002654806,0,9902614,-0,001197969,-0,1391898,0,0,0,0,0,0,0,0,0,0,0,0,0,0,0,0,0,0,0,0,0,0,1,1,1,False
26,89044,-12,02907,1,679942,-6,74557,-0,002654806,0,9902614,-0,001197969,-0,1391898,0,0,0,0,0,0,0,0,0,0,0,0,0,0,0,0,0,0,0,0,0,0,1,1,1,False
26,91059,-12,08907,1,679942,-6,96557,-0,002654806,0,9902614,-0,001197969,-0,1391898,0,0,0,0,0,0,0,0,0,0,0,0,0,0,0,0,0,0,0,0,0,0,1,1,1,False
26,93145,-12,17907,1,669942,-7,265571,-0,002654806,0,9902614,-0,001197969,-0,1391898,0,0,0,0,0,0,0,0,0,0,0,0,0,0,0,0,0,0,0,0,0,0,1,1,1,False
26,96008,-11,90677,1,669942,-7,859771,-0,002654806,0,9902614,-0,001197969,-0,1391898,0,0,0,0,0,0,0,0,0,0,0,0,0,0,0,0,0,0,0,0,0,0,1,1,1,False
26,9806,-12,36907,1,669942,-7,94557,-0,002654806,0,9902614,-0,001197969,-0,1391898,0,0,0,0,0,0,0,0,0,0,0,0,0,0,0,0,0,0,0,0,0,0,1,1,1,False
27,00092,-12,49907,1,669942,-8,40557,-0,002654806,0,9902614,-0,001197969,-0,1391898,0,0,0,0,0,0,0,0,0,0,0,0,0,0,0,0,0,0,0,0,0,0,1,1,1,False
27,02058,-12,62907,1,669942,-8,82557,-0,002654806,0,9902614,-0,001197969,-0,1391898,0,0,0,0,0,0,0,0,0,0,0,0,0,0,0,0,0,0,0,0,0,0,1,1,1,False
27,04095,-12,81907,1,669942,-9,48557,-0,002654806,0,9902614,-0,001197969,-0,1391898,0,0,0,0,0,0,0,0,0,0,0,0,0,0,0,0,0,0,0,0,0,0,1,1,1,False
27,06105,-12,91907,1,669942,-9,86557,-0,002654806,0,9902614,-0,001197969,-0,1391898,0,0,0,0,0,0,0,0,0,0,0,0,0,0,0,0,0,0,0,0,0,0,1,1,1,False
27,0812,-13,08907,1,659942,-10,45557,-0,002654806,0,9902614,-0,001197969,-0,1391898,0,0,0,0,0,0,0,0,0,0,0,0,0,0,0,0,0,0,0,0,0,0,1,1,1,False
27,10339,-13,28907,1,659942,-11,14557,-0,002654806,0,9902614,-0,001197969,-0,1391898,0,0,0,0,0,0,0,0,0,0,0,0,0,0,0,0,0,0,0,0,0,0,1,1,1,False
27,13306,-13,46907,1,659942,-11,76557,-0,002654806,0,9902614,-0,001197969,-0,1391898,0,0,0,0,0,0,0,0,0,0,0,0,0,0,0,0,0,0,0,0,0,0,1,1,1,False
27,15494,-13,59907,1,659942,-12,22557,-0,002654806,0,9902614,-0,001197969,-0,1391898,0,0,0,0,0,0,0,0,0,0,0,0,0,0,0,0,0,0,0,0,0,0,1,1,1,False
27,17577,-13,68907,1,659942,-12,53557,-0,002654806,0,9902614,-0,001197969,-0,1391898,0,0,0,0,0,0,0,0,0,0,0,0,0,0,0,0,0,0,0,0,0,0,1,1,1,False
27,19942,-13,75907,1,659942,-12,78557,-0,002654806,0,9902614,-0,001197969,-0,1391898,0,0,0,0,0,0,0,0,0,0,0,0,0,0,0,0,0,0,0,0,0,0,1,1,1,False
27,22227,-13,77907,1,659942,-12,84557,-0,002654806,0,9902614,-0,001197969,-0,1391898,0,0,0,0,0,0,0,0,0,0,0,0,0,0,0,0,0,0,0,0,0,0,1,1,1,False
27,24284,-13,77907,1,659942,-12,84557,-0,002654806,0,9902614,-0,001197969,-0,1391898,0,0,0,0,0,0,0,0,0,0,0,0,0,0,0,0,0,0,0,0,0,0,1,1,1,False
27,26342,-13,77907,1,659942,-12,84557,-0,002654806,0,9902614,-0,001197969,-0,1391898,0,0,0,0,0,0,0,0,0,0,0,0,0,0,0,0,0,0,0,0,0,0,1,1,1,False
27,29537,-13,77907,1,659942,-12,84557,-0,002654806,0,9902614,-0,001197969,-0,1391898,0,0,0,0,0,0,0,0,0,0,0,0,0,0,0,0,0,0,0,0,0,0,1,1,1,False
27,31784,-13,77907,1,659942,-12,84557,-0,002654806,0,9902614,-0,001197969,-0,1391898,0,0,0,0,0,0,0,0,0,0,0,0,0,0,0,0,0,0,0,0,0,0,1,1,1,False
27,33896,-13,77907,1,659942,-12,84557,-0,002654806,0,9902614,-0,001197969,-0,1391898,0,0,0,0,0,0,0,0,0,0,0,0,0,0,0,0,0,0,0,0,0,0,1,1,1,False
27,36111,-13,77907,1,659942,-12,84557,-0,002654806,0,9902614,-0,001197969,-0,1391898,0,0,0,0,0,0,0,0,0,0,0,0,0,0,0,0,0,0,0,0,0,0,1,1,1,False
27,38565,-13,77907,1,659942,-12,84557,-0,002654806,0,9902614,-0,001197969,-0,1391898,0,0,0,0,0,0,0,0,0,0,0,0,0,0,0,0,0,0,0,0,0,0,1,1,1,False
27,41118,-13,77907,1,659942,-12,84557,-0,002654806,0,9902614,-0,001197969,-0,1391898,0,0,0,0,0,0,0,0,0,0,0,0,0,0,0,0,0,0,0,0,0,0,1,1,1,False
27,43254,-13,77907,1,659942,-12,84557,-0,002654806,0,9902614,-0,001197969,-0,1391898,0,0,0,0,0,0,0,0,0,0,0,0,0,0,0,0,0,0,0,0,0,0,1,1,1,False
27,46067,-13,77907,1,659942,-12,84557,-0,002654806,0,9902614,-0,001197969,-0,1391898,0,0,0,0,0,0,0,0,0,0,0,0,0,0,0,0,0,0,0,0,0,0,1,1,1,False
27,48291,-13,77907,1,659942,-12,84557,-0,002654806,0,9902614,-0,001197969,-0,1391898,0,0,0,0,0,0,0,0,0,0,0,0,0,0,0,0,0,0,0,0,0,0,1,1,1,False
27,50541,-13,77907,1,659942,-12,84557,-0,002654806,0,9902614,-0,001197969,-0,1391898,0,0,0,0,0,0,0,0,0,0,0,0,0,0,0,0,0,0,0,0,0,0,1,1,1,False
27,52864,-13,77907,1,659942,-12,84557,-0,002654806,0,9902614,-0,001197969,-0,1391898,0,0,0,0,0,0,0,0,0,0,0,0,0,0,0,0,0,0,0,0,0,0,1,1,1,False
27,5531,-13,77907,1,659942,-12,84557,-0,002654806,0,9902614,-0,001197969,-0,1391898,0,0,0,0,0,0,0,0,0,0,0,0,0,0,0,0,0,0,0,0,0,0,1,1,1,False
27,5746,-13,77907,1,659942,-12,84557,-0,002654806,0,9902614,-0,001197969,-0,1391898,0,0,0,0,0,0,0,0,0,0,0,0,0,0,0,0,0,0,0,0,0,0,1,1,1,False
27,60034,-13,77907,1,659942,-12,84557,-0,002654806,0,9902614,-0,001197969,-0,1391898,0,0,0,0,0,0,0,0,0,0,0,0,0,0,0,0,0,0,0,0,0,0,1,1,1,False
27,62307,-13,77907,1,659942,-12,84557,-0,002654806,0,9902614,-0,001197969,-0,1391898,0,0,0,0,0,0,0,0,0,0,0,0,0,0,0,0,0,0,0,0,0,0,1,1,1,False
27,64508,-13,77907,1,659942,-12,84557,-0,002654806,0,9902614,-0,001197969,-0,1391898,0,0,0,0,0,0,0,0,0,0,0,0,0,0,0,0,0,0,0,0,0,0,1,1,1,False
27,66716,-13,77907,1,659942,-12,84557,-0,002654806,0,9902614,-0,001197969,-0,1391898,0,0,0,0,0,0,0,0,0,0,0,0,0,0,0,0,0,0,0,0,0,0,1,1,1,False
27,68958,-13,77907,1,659942,-12,84557,-0,002654806,0,9902614,-0,001197969,-0,1391898,0,0,0,0,0,0,0,0,0,0,0,0,0,0,0,0,0,0,0,0,0,0,1,1,1,False
27,71107,-13,77907,1,659942,-12,84557,-0,002654806,0,9902614,-0,001197969,-0,1391898,0,0,0,0,0,0,0,0,0,0,0,0,0,0,0,0,0,0,0,0,0,0,1,1,1,False
27,73337,-13,77907,1,659942,-12,84557,-0,002654806,0,9902614,-0,001197969,-0,1391898,0,0,0,0,0,0,0,0,0,0,0,0,0,0,0,0,0,0,0,0,0,0,1,1,1,False
27,75566,-13,77907,1,659942,-12,84557,-0,002654806,0,9902614,-0,001197969,-0,1391898,0,0,0,0,0,0,0,0,0,0,0,0,0,0,0,0,0,0,0,0,0,0,1,1,1,False
27,77598,-13,77907,1,659942,-12,84557,-0,002654806,0,9902614,-0,001197969,-0,1391898,0,0,0,0,0,0,0,0,0,0,0,0,0,0,0,0,0,0,0,0,0,0,1,1,1,False
27,79846,-13,77907,1,659942,-12,84557,-0,002654806,0,9902614,-0,001197969,-0,1391898,0,0,0,0,0,0,0,0,0,0,0,0,0,0,0,0,0,0,0,0,0,0,1,1,1,False
27,81775,-13,77907,1,659942,-12,84557,-0,002654806,0,9902614,-0,001197969,-0,1391898,0,0,0,0,0,0,0,0,0,0,0,0,0,0,0,0,0,0,0,0,0,0,1,1,1,False
27,83678,-13,77907,1,659942,-12,84557,-0,002654806,0,9902614,-0,001197969,-0,1391898,0,0,0,0,0,0,0,0,0,0,0,0,0,0,0,0,0,0,0,0,0,0,1,1,1,False
27,85604,-13,77907,1,659942,-12,84557,-0,002654806,0,9902614,-0,001197969,-0,1391898,0,0,0,0,0,0,0,0,0,0,0,0,0,0,0,0,0,0,0,0,0,0,1,1,1,False
27,87751,-13,77907,1,659942,-12,84557,-0,002654806,0,9902614,-0,001197969,-0,1391898,0,0,0,0,0,0,0,0,0,0,0,0,0,0,0,0,0,0,0,0,0,0,1,1,1,False
27,89967,-13,77907,1,659942,-12,84557,-0,002654806,0,9902614,-0,001197969,-0,1391898,0,0,0,0,0,0,0,0,0,0,0,0,0,0,0,0,0,0,0,0,0,0,1,1,1,False
27,91843,-13,77907,1,659942,-12,84557,-0,002654806,0,9902614,-0,001197969,-0,1391898,0,0,0,0,0,0,0,0,0,0,0,0,0,0,0,0,0,0,0,0,0,0,1,1,1,False
27,93683,-13,77907,1,659942,-12,84557,-0,002654806,0,9902614,-0,001197969,-0,1391898,0,0,0,0,0,0,0,0,0,0,0,0,0,0,0,0,0,0,0,0,0,0,1,1,1,False
27,95529,-13,77907,1,659942,-12,84557,-0,002654806,0,9902614,-0,001197969,-0,1391898,0,0,0,0,0,0,0,0,0,0,0,0,0,0,0,0,0,0,0,0,0,0,1,1,1,False
27,974,-13,77907,1,659942,-12,84557,-0,002654806,0,9902614,-0,001197969,-0,1391898,0,0,0,0,0,0,0,0,0,0,0,0,0,0,0,0,0,0,0,0,0,0,1,1,1,False
27,99538,-13,77907,1,659942,-12,84557,-0,002654806,0,9902614,-0,001197969,-0,1391898,0,0,0,0,0,0,0,0,0,0,0,0,0,0,0,0,0,0,0,0,0,0,1,1,1,False
28,01583,-13,77907,1,659942,-12,84557,-0,002654806,0,9902614,-0,001197969,-0,1391898,0,0,0,0,0,0,0,0,0,0,0,0,0,0,0,0,0,0,0,0,0,0,1,1,1,False
28,036,-13,82907,1,659942,-12,83557,-0,002654806,0,9902614,-0,001197969,-0,1391898,0,0,0,0,0,0,0,0,0,0,0,0,0,0,0,0,0,0,0,0,0,0,1,1,1,False
28,05813,-13,86907,1,659942,-12,81557,-0,002654806,0,9902614,-0,001197969,-0,1391898,0,0,0,0,0,0,0,0,0,0,0,0,0,0,0,0,0,0,0,0,0,0,1,1,1,False
28,08188,-13,92907,1,659942,-12,80557,-0,002654806,0,9902614,-0,001197969,-0,1391898,0,0,0,0,0,0,0,0,0,0,0,0,0,0,0,0,0,0,0,0,0,0,1,1,1,False
28,11154,-14,13907,1,659942,-12,74557,-0,002654806,0,9902614,-0,001197969,-0,1391898,0,0,0,0,0,0,0,0,0,0,0,0,0,0,0,0,0,0,0,0,0,0,1,1,1,False
28,1314,-14,24907,1,659942,-12,71557,-0,002654806,0,9902614,-0,001197969,-0,1391898,0,0,0,0,0,0,0,0,0,0,0,0,0,0,0,0,0,0,0,0,0,0,1,1,1,False
28,15015,-14,34907,1,659942,-12,68557,-0,002654806,0,9902614,-0,001197969,-0,1391898,0,0,0,0,0,0,0,0,0,0,0,0,0,0,0,0,0,0,0,0,0,0,1,1,1,False
28,16974,-14,45907,1,659942,-12,65557,-0,002654806,0,9902614,-0,001197969,-0,1391898,0,0,0,0,0,0,0,0,0,0,0,0,0,0,0,0,0,0,0,0,0,0,1,1,1,False
28,18869,-14,60907,1,659942,-12,60557,-0,002654806,0,9902614,-0,001197969,-0,1391898,0,0,0,0,0,0,0,0,0,0,0,0,0,0,0,0,0,0,0,0,0,0,1,1,1,False
28,20753,-14,72907,1,659942,-12,57557,-0,002654806,0,9902614,-0,001197969,-0,1391898,0,0,0,0,0,0,0,0,0,0,0,0,0,0,0,0,0,0,0,0,0,0,1,1,1,False
28,22593,-14,86907,1,649942,-12,53557,-0,002654806,0,9902614,-0,001197969,-0,1391898,0,0,0,0,0,0,0,0,0,0,0,0,0,0,0,0,0,0,0,0,0,0,1,1,1,False
28,24529,-15,16346,1,646266,-12,47937,-0,002654806,0,9902614,-0,001197969,-0,1391898,0,0,0,0,0,0,0,0,0,0,0,0,0,0,0,0,0,0,0,0,0,0,1,1,1,False
28,27354,-15,16199,1,636749,-12,46627,-0,002654806,0,9902614,-0,001197969,-0,1391898,0,0,0,0,0,0,0,0,0,0,0,0,0,0,0,0,0,0,0,0,0,0,1,1,1,False
28,29205,-15,15907,1,637932,-12,44557,-0,002654806,0,9902614,-0,001197969,-0,1391898,0,0,0,0,0,0,0,0,0,0,0,0,0,0,0,0,0,0,0,0,0,0,1,1,1,False
28,31034,-15,20907,1,634794,-12,43557,-0,002654806,0,9902614,-0,001197969,-0,1391898,0,0,0,0,0,0,0,0,0,0,0,0,0,0,0,0,0,0,0,0,0,0,1,1,1,False
28,32696,-15,20907,1,618328,-12,43557,-0,002654806,0,9902614,-0,001197969,-0,1391898,0,0,0,0,0,0,0,0,0,0,0,0,0,0,0,0,0,0,0,0,0,0,1,1,1,False
28,3441,-15,20907,1,598459,-12,43557,-0,002654806,0,9902614,-0,001197969,-0,1391898,0,0,0,0,0,0,0,0,0,0,0,0,0,0,0,0,0,0,0,0,0,0,1,1,1,False
28,36107,-15,20907,1,575964,-12,43557,-0,002654806,0,9902614,-0,001197969,-0,1391898,0,0,0,0,0,0,0,0,0,0,0,0,0,0,0,0,0,0,0,0,0,0,1,1,1,False
28,37866,-15,20907,1,5496,-12,43557,-0,002654806,0,9902614,-0,001197969,-0,1391898,0,0,0,0,0,0,0,0,0,0,0,0,0,0,0,0,0,0,0,0,0,0,1,1,1,False
28,39559,-15,20907,1,521434,-12,43557,-0,002654806,0,9902614,-0,001197969,-0,1391898,0,0,0,0,0,0,0,0,0,0,0,0,0,0,0,0,0,0,0,0,0,0,1,1,1,False
28,42318,-15,20907,1,468052,-12,43557,-0,002654806,0,9902614,-0,001197969,-0,1391898,0,0,0,0,0,0,0,0,0,0,0,0,0,0,0,0,0,0,0,0,0,0,1,1,1,False
28,44207,-15,20907,1,42798,-12,43557,-0,002654806,0,9902614,-0,001197969,-0,1391898,0,0,0,0,0,0,0,0,0,0,0,0,0,0,0,0,0,0,0,0,0,0,1,1,1,False
28,46037,-15,20907,1,385892,-12,43557,-0,002654806,0,9902614,-0,001197969,-0,1391898,0,0,0,0,0,0,0,0,0,0,0,0,0,0,0,0,0,0,0,0,0,0,1,1,1,False
28,47952,-15,20907,1,339727,-12,43557,-0,002654806,0,9902614,-0,001197969,-0,1391898,0,0,0,0,0,0,0,0,0,0,0,0,0,0,0,0,0,0,0,0,0,0,1,1,1,False
28,49601,-15,20907,1,339727,-12,43557,-0,002654806,0,9902614,-0,001197969,-0,1391898,0,0,0,0,0,0,0,0,0,0,0,0,0,0,0,0,0,0,0,0,0,0,1,1,1,False
28,51405,-15,20907,1,339727,-12,43557,-0,002654806,0,9902614,-0,001197969,-0,1391898,0,0,0,0,0,0,0,0,0,0,0,0,0,0,0,0,0,0,0,0,0,0,1,1,1,False
28,53428,-15,20907,1,339727,-12,43557,-0,002654806,0,9902614,-0,001197969,-0,1391898,0,0,0,0,0,0,0,0,0,0,0,0,0,0,0,0,0,0,0,0,0,0,1,1,1,False
28,55298,-15,24907,1,64651,-12,42557,-0,002654806,0,9902614,-0,001197969,-0,1391898,0,0,0,0,0,0,0,0,0,0,0,0,0,0,0,0,0,0,0,0,0,0,1,1,1,False
28,5792,-15,25907,1,638387,-12,41557,-0,002654806,0,9902614,-0,001197969,-0,1391898,0,0,0,0,0,0,0,0,0,0,0,0,0,0,0,0,0,0,0,0,0,0,1,1,1,False
28,59764,-15,30907,1,638483,-12,40557,-0,002654806,0,9902614,-0,001197969,-0,1391898,0,0,0,0,0,0,0,0,0,0,0,0,0,0,0,0,0,0,0,0,0,0,1,1,1,False
28,61622,-15,34907,1,635007,-12,39557,-0,002654806,0,9902614,-0,001197969,-0,1391898,0,0,0,0,0,0,0,0,0,0,0,0,0,0,0,0,0,0,0,0,0,0,1,1,1,False
28,6338,-15,34907,1,617847,-12,39557,-0,002654806,0,9902614,-0,001197969,-0,1391898,0,0,0,0,0,0,0,0,0,0,0,0,0,0,0,0,0,0,0,0,0,0,1,1,1,False
28,65211,-15,38907,1,628779,-12,38557,-0,002654806,0,9902614,-0,001197969,-0,1391898,0,0,0,0,0,0,0,0,0,0,0,0,0,0,0,0,0,0,0,0,0,0,1,1,1,False
28,66915,-15,38907,1,606238,-12,38557,-0,002654806,0,9902614,-0,001197969,-0,1391898,0,0,0,0,0,0,0,0,0,0,0,0,0,0,0,0,0,0,0,0,0,0,1,1,1,False
28,68643,-15,38907,1,580439,-12,38557,-0,002654806,0,9902614,-0,001197969,-0,1391898,0,0,0,0,0,0,0,0,0,0,0,0,0,0,0,0,0,0,0,0,0,0,1,1,1,False
28,70354,-15,38907,1,55204,-12,38557,-0,002654806,0,9902614,-0,001197969,-0,1391898,0,0,0,0,0,0,0,0,0,0,0,0,0,0,0,0,0,0,0,0,0,0,1,1,1,False
28,73018,-15,38907,1,500843,-12,38557,-0,002654806,0,9902614,-0,001197969,-0,1391898,0,0,0,0,0,0,0,0,0,0,0,0,0,0,0,0,0,0,0,0,0,0,1,1,1,False
28,74849,-15,38907,1,462365,-12,38557,-0,002654806,0,9902614,-0,001197969,-0,1391898,0,0,0,0,0,0,0,0,0,0,0,0,0,0,0,0,0,0,0,0,0,0,1,1,1,False
28,76989,-15,42907,1,600472,-12,37557,-0,002654806,0,9902614,-0,001197969,-0,1391898,0,0,0,0,0,0,0,0,0,0,0,0,0,0,0,0,0,0,0,0,0,0,1,1,1,False
28,79033,-15,42907,1,549133,-12,37557,-0,002654806,0,9902614,-0,001197969,-0,1391898,0,0,0,0,0,0,0,0,0,0,0,0,0,0,0,0,0,0,0,0,0,0,1,1,1,False
28,81056,-15,42907,1,494311,-12,37557,-0,002654806,0,9902614,-0,001197969,-0,1391898,0,0,0,0,0,0,0,0,0,0,0,0,0,0,0,0,0,0,0,0,0,0,1,1,1,False
28,82957,-15,42907,1,43923,-12,37557,-0,002654806,0,9902614,-0,001197969,-0,1391898,0,0,0,0,0,0,0,0,0,0,0,0,0,0,0,0,0,0,0,0,0,0,1,1,1,False
28,84706,-15,42907,1,38559,-12,37557,-0,002654806,0,9902614,-0,001197969,-0,1391898,0,0,0,0,0,0,0,0,0,0,0,0,0,0,0,0,0,0,0,0,0,0,1,1,1,False
28,8642,-15,42907,1,339692,-12,37557,-0,002654806,0,9902614,-0,001197969,-0,1391898,0,0,0,0,0,0,0,0,0,0,0,0,0,0,0,0,0,0,0,0,0,0,1,1,1,False
28,88931,-15,42907,1,339692,-12,37557,-0,002654806,0,9902614,-0,001197969,-0,1391898,0,0,0,0,0,0,0,0,0,0,0,0,0,0,0,0,0,0,0,0,0,0,1,1,1,False
28,90592,-15,42907,1,339692,-12,37557,-0,002654806,0,9902614,-0,001197969,-0,1391898,0,0,0,0,0,0,0,0,0,0,0,0,0,0,0,0,0,0,0,0,0,0,1,1,1,False
28,92387,-15,42907,1,339692,-12,37557,-0,002654806,0,9902614,-0,001197969,-0,1391898,0,0,0,0,0,0,0,0,0,0,0,0,0,0,0,0,0,0,0,0,0,0,1,1,1,False
28,94198,-15,42907,1,339692,-12,37557,-0,002654806,0,9902614,-0,001197969,-0,1391898,0,0,0,0,0,0,0,0,0,0,0,0,0,0,0,0,0,0,0,0,0,0,1,1,1,False
28,95876,-15,42907,1,339692,-12,37557,-0,002654806,0,9902614,-0,001197969,-0,1391898,0,0,0,0,0,0,0,0,0,0,0,0,0,0,0,0,0,0,0,0,0,0,1,1,1,False
28,97445,-15,42907,1,339692,-12,37557,-0,002654806,0,9902614,-0,001197969,-0,1391898,0,0,0,0,0,0,0,0,0,0,0,0,0,0,0,0,0,0,0,0,0,0,1,1,1,False
28,99377,-15,42907,1,339692,-12,37557,-0,002654806,0,9902614,-0,001197969,-0,1391898,0,0,0,0,0,0,0,0,0,0,0,0,0,0,0,0,0,0,0,0,0,0,1,1,1,False
29,01084,-15,42907,1,339692,-12,37557,-0,002654806,0,9902614,-0,001197969,-0,1391898,0,0,0,0,0,0,0,0,0,0,0,0,0,0,0,0,0,0,0,0,0,0,1,1,1,False
29,02753,-15,42907,1,339692,-12,37557,-0,002654806,0,9902614,-0,001197969,-0,1391898,0,0,0,0,0,0,0,0,0,0,0,0,0,0,0,0,0,0,0,0,0,0,1,1,1,False
29,05188,-15,42907,1,339692,-12,37557,-0,002654806,0,9902614,-0,001197969,-0,1391898,0,0,0,0,0,0,0,0,0,0,0,0,0,0,0,0,0,0,0,0,0,0,1,1,1,False
29,06852,-15,42907,1,339692,-12,37557,-0,002654806,0,9902614,-0,001197969,-0,1391898,0,0,0,0,0,0,0,0,0,0,0,0,0,0,0,0,0,0,0,0,0,0,1,1,1,False
29,08578,-15,42907,1,339692,-12,37557,-0,002654806,0,9902614,-0,001197969,-0,1391898,0,0,0,0,0,0,0,0,0,0,0,0,0,0,0,0,0,0,0,0,0,0,1,1,1,False
29,10274,-15,42907,1,339692,-12,37557,-0,002654806,0,9902614,-0,001197969,-0,1391898,0,0,0,0,0,0,0,0,0,0,0,0,0,0,0,0,0,0,0,0,0,0,1,1,1,False
29,1202,-15,42907,1,339692,-12,37557,-0,002654806,0,9902614,-0,001197969,-0,1391898,0,0,0,0,0,0,0,0,0,0,0,0,0,0,0,0,0,0,0,0,0,0,1,1,1,False
29,1368,-15,42907,1,339692,-12,37557,-0,002654806,0,9902614,-0,001197969,-0,1391898,0,0,0,0,0,0,0,0,0,0,0,0,0,0,0,0,0,0,0,0,0,0,1,1,1,False
29,1524,-15,42907,1,339692,-12,37557,-0,002654806,0,9902614,-0,001197969,-0,1391898,0,0,0,0,0,0,0,0,0,0,0,0,0,0,0,0,0,0,0,0,0,0,1,1,1,False
29,16893,-15,42907,1,339692,-12,37557,-0,002654806,0,9902614,-0,001197969,-0,1391898,0,0,0,0,0,0,0,0,0,0,0,0,0,0,0,0,0,0,0,0,0,0,1,1,1,False
29,18542,-15,42907,1,339692,-12,37557,-0,002654806,0,9902614,-0,001197969,-0,1391898,0,0,0,0,0,0,0,0,0,0,0,0,0,0,0,0,0,0,0,0,0,0,1,1,1,False
29,20228,-15,42907,1,339692,-12,37557,-0,002654806,0,9902614,-0,001197969,-0,1391898,0,0,0,0,0,0,0,0,0,0,0,0,0,0,0,0,0,0,0,0,0,0,1,1,1,False
29,21949,-15,42907,1,339692,-12,37557,-0,002654806,0,9902614,-0,001197969,-0,1391898,0,0,0,0,0,0,0,0,0,0,0,0,0,0,0,0,0,0,0,0,0,0,1,1,1,False
29,2373,-15,42907,1,339692,-12,37557,-0,002654806,0,9902614,-0,001197969,-0,1391898,0,0,0,0,0,0,0,0,0,0,0,0,0,0,0,0,0,0,0,0,0,0,1,1,1,False
29,25535,-15,42907,1,339692,-12,37557,-0,002654806,0,9902614,-0,001197969,-0,1391898,0,0,0,0,0,0,0,0,0,0,0,0,0,0,0,0,0,0,0,0,0,0,1,1,1,False
29,27427,-15,42907,1,339692,-12,37557,-0,002654806,0,9902614,-0,001197969,-0,1391898,0,0,0,0,0,0,0,0,0,0,0,0,0,0,0,0,0,0,0,0,0,0,1,1,1,False
29,29168,-15,42907,1,339692,-12,37557,-0,002654806,0,9902614,-0,001197969,-0,1391898,0,0,0,0,0,0,0,0,0,0,0,0,0,0,0,0,0,0,0,0,0,0,1,1,1,False
29,31094,-15,42907,1,339692,-12,37557,-0,002654806,0,9902614,-0,001197969,-0,1391898,0,0,0,0,0,0,0,0,0,0,0,0,0,0,0,0,0,0,0,0,0,0,1,1,1,False
29,32849,-15,42907,1,339692,-12,37557,-0,002654806,0,9902614,-0,001197969,-0,1391898,0,0,0,0,0,0,0,0,0,0,0,0,0,0,0,0,0,0,0,0,0,0,1,1,1,False
29,34469,-15,42907,1,339692,-12,37557,-0,002654806,0,9902614,-0,001197969,-0,1391898,0,0,0,0,0,0,0,0,0,0,0,0,0,0,0,0,0,0,0,0,0,0,1,1,1,False
29,3611,-15,42907,1,339692,-12,37557,-0,002654806,0,9902614,-0,001197969,-0,1391898,0,0,0,0,0,0,0,0,0,0,0,0,0,0,0,0,0,0,0,0,0,0,1,1,1,False
29,37741,-15,42907,1,339692,-12,37557,-0,002654806,0,9902614,-0,001197969,-0,1391898,0,0,0,0,0,0,0,0,0,0,0,0,0,0,0,0,0,0,0,0,0,0,1,1,1,False
29,39268,-15,42907,1,339692,-12,37557,-0,002654806,0,9902614,-0,001197969,-0,1391898,0,0,0,0,0,0,0,0,0,0,0,0,0,0,0,0,0,0,0,0,0,0,1,1,1,False
29,40863,-15,42907,1,339692,-12,37557,-0,002654806,0,9902614,-0,001197969,-0,1391898,0,0,0,0,0,0,0,0,0,0,0,0,0,0,0,0,0,0,0,0,0,0,1,1,1,False
29,42565,-15,42907,1,339692,-12,37557,-0,002654806,0,9902614,-0,001197969,-0,1391898,0,0,0,0,0,0,0,0,0,0,0,0,0,0,0,0,0,0,0,0,0,0,1,1,1,False
29,44189,-15,42907,1,339692,-12,37557,-0,002654806,0,9902614,-0,001197969,-0,1391898,0,0,0,0,0,0,0,0,0,0,0,0,0,0,0,0,0,0,0,0,0,0,1,1,1,False
29,45787,-15,42907,1,339692,-12,37557,-0,002654806,0,9902614,-0,001197969,-0,1391898,0,0,0,0,0,0,0,0,0,0,0,0,0,0,0,0,0,0,0,0,0,0,1,1,1,False
29,4727,-15,42907,1,339692,-12,37557,-0,002654806,0,9902614,-0,001197969,-0,1391898,0,0,0,0,0,0,0,0,0,0,0,0,0,0,0,0,0,0,0,0,0,0,1,1,1,False
29,48869,-15,42907,1,339692,-12,37557,-0,002654806,0,9902614,-0,001197969,-0,1391898,0,0,0,0,0,0,0,0,0,0,0,0,0,0,0,0,0,0,0,0,0,0,1,1,1,False
29,50446,-15,42907,1,339692,-12,37557,-0,002654806,0,9902614,-0,001197969,-0,1391898,0,0,0,0,0,0,0,0,0,0,0,0,0,0,0,0,0,0,0,0,0,0,1,1,1,False
29,52043,-15,42907,1,339692,-12,37557,-0,002654806,0,9902614,-0,001197969,-0,1391898,0,0,0,0,0,0,0,0,0,0,0,0,0,0,0,0,0,0,0,0,0,0,1,1,1,False
29,53628,-15,42907,1,339692,-12,37557,-0,002654806,0,9902614,-0,001197969,-0,1391898,0,0,0,0,0,0,0,0,0,0,0,0,0,0,0,0,0,0,0,0,0,0,1,1,1,False
29,55124,-15,42907,1,339692,-12,37557,-0,002654806,0,9902614,-0,001197969,-0,1391898,0,0,0,0,0,0,0,0,0,0,0,0,0,0,0,0,0,0,0,0,0,0,1,1,1,False
29,56728,-15,42907,1,339692,-12,37557,-0,002654806,0,9902614,-0,001197969,-0,1391898,0,0,0,0,0,0,0,0,0,0,0,0,0,0,0,0,0,0,0,0,0,0,1,1,1,False
29,58439,-15,42907,1,339692,-12,37557,-0,002654806,0,9902614,-0,001197969,-0,1391898,0,0,0,0,0,0,0,0,0,0,0,0,0,0,0,0,0,0,0,0,0,0,1,1,1,False
29,59983,-15,42907,1,339692,-12,37557,-0,002654806,0,9902614,-0,001197969,-0,1391898,0,0,0,0,0,0,0,0,0,0,0,0,0,0,0,0,0,0,0,0,0,0,1,1,1,False
29,61459,-15,42907,1,339692,-12,37557,-0,002654806,0,9902614,-0,001197969,-0,1391898,0,0,0,0,0,0,0,0,0,0,0,0,0,0,0,0,0,0,0,0,0,0,1,1,1,False
29,63009,-15,42907,1,339692,-12,37557,-0,002654806,0,9902614,-0,001197969,-0,1391898,0,0,0,0,0,0,0,0,0,0,0,0,0,0,0,0,0,0,0,0,0,0,1,1,1,False
29,64675,-15,42907,1,339692,-12,37557,-0,002654806,0,9902614,-0,001197969,-0,1391898,0,0,0,0,0,0,0,0,0,0,0,0,0,0,0,0,0,0,0,0,0,0,1,1,1,False
29,6639,-15,42907,1,339692,-12,37557,-0,002654806,0,9902614,-0,001197969,-0,1391898,0,0,0,0,0,0,0,0,0,0,0,0,0,0,0,0,0,0,0,0,0,0,1,1,1,False
29,68058,-15,42907,1,339692,-12,37557,-0,002654806,0,9902614,-0,001197969,-0,1391898,0,0,0,0,0,0,0,0,0,0,0,0,0,0,0,0,0,0,0,0,0,0,1,1,1,False
29,69692,-15,42907,1,339692,-12,37557,-0,002654806,0,9902614,-0,001197969,-0,1391898,0,0,0,0,0,0,0,0,0,0,0,0,0,0,0,0,0,0,0,0,0,0,1,1,1,False
29,71361,-15,42907,1,339692,-12,37557,-0,002654806,0,9902614,-0,001197969,-0,1391898,0,0,0,0,0,0,0,0,0,0,0,0,0,0,0,0,0,0,0,0,0,0,1,1,1,False
29,73054,-15,42907,1,339692,-12,37557,-0,002654806,0,9902614,-0,001197969,-0,1391898,0,0,0,0,0,0,0,0,0,0,0,0,0,0,0,0,0,0,0,0,0,0,1,1,1,False
29,74697,-15,42907,1,339692,-12,37557,-0,002654806,0,9902614,-0,001197969,-0,1391898,0,0,0,0,0,0,0,0,0,0,0,0,0,0,0,0,0,0,0,0,0,0,1,1,1,False
29,76413,-15,42907,1,339692,-12,37557,-0,002654806,0,9902614,-0,001197969,-0,1391898,0,0,0,0,0,0,0,0,0,0,0,0,0,0,0,0,0,0,0,0,0,0,1,1,1,False
29,78116,-15,42907,1,339692,-12,37557,-0,002654806,0,9902614,-0,001197969,-0,1391898,0,0,0,0,0,0,0,0,0,0,0,0,0,0,0,0,0,0,0,0,0,0,1,1,1,False
29,7977,-15,42907,1,339692,-12,37557,-0,002654806,0,9902614,-0,001197969,-0,1391898,0,0,0,0,0,0,0,0,0,0,0,0,0,0,0,0,0,0,0,0,0,0,1,1,1,False
29,81487,-15,42907,1,339692,-12,37557,-0,002654806,0,9902614,-0,001197969,-0,1391898,0,0,0,0,0,0,0,0,0,0,0,0,0,0,0,0,0,0,0,0,0,0,1,1,1,False
29,83049,-15,42907,1,339692,-12,37557,-0,002654806,0,9902614,-0,001197969,-0,1391898,0,0,0,0,0,0,0,0,0,0,0,0,0,0,0,0,0,0,0,0,0,0,1,1,1,False
29,84602,-15,42907,1,339692,-12,37557,-0,002654806,0,9902614,-0,001197969,-0,1391898,0,0,0,0,0,0,0,0,0,0,0,0,0,0,0,0,0,0,0,0,0,0,1,1,1,False
29,86143,-15,42907,1,339692,-12,37557,-0,002654806,0,9902614,-0,001197969,-0,1391898,0,0,0,0,0,0,0,0,0,0,0,0,0,0,0,0,0,0,0,0,0,0,1,1,1,False
29,87693,-15,42907,1,339692,-12,37557,-0,002654806,0,9902614,-0,001197969,-0,1391898,0,0,0,0,0,0,0,0,0,0,0,0,0,0,0,0,0,0,0,0,0,0,1,1,1,False
29,89138,-15,42907,1,339692,-12,37557,-0,002654806,0,9902614,-0,001197969,-0,1391898,0,0,0,0,0,0,0,0,0,0,0,0,0,0,0,0,0,0,0,0,0,0,1,1,1,False
29,908,-15,46907,1,339942,-12,36557,-0,002654806,0,9902614,-0,001197969,-0,1391898,0,0,0,0,0,0,0,0,0,0,0,0,0,0,0,0,0,0,0,0,0,0,1,1,1,False
29,92536,-15,63907,1,339942,-12,31557,-0,002654806,0,9902614,-0,001197969,-0,1391898,0,0,0,0,0,0,0,0,0,0,0,0,0,0,0,0,0,0,0,0,0,0,1,1,1,False
29,94216,-15,70907,1,339942,-12,29557,-0,002654806,0,9902614,-0,001197969,-0,1391898,0,0,0,0,0,0,0,0,0,0,0,0,0,0,0,0,0,0,0,0,0,0,1,1,1,False
29,95886,-15,78907,1,339942,-12,27557,-0,002654806,0,9902614,-0,001197969,-0,1391898,0,0,0,0,0,0,0,0,0,0,0,0,0,0,0,0,0,0,0,0,0,0,1,1,1,False
29,97458,-15,81907,1,339942,-12,26557,-0,002654806,0,9902614,-0,001197969,-0,1391898,0,0,0,0,0,0,0,0,0,0,0,0,0,0,0,0,0,0,0,0,0,0,1,1,1,False
29,99855,-15,89907,1,339942,-12,23557,-0,002654806,0,9902614,-0,001197969,-0,1391898,0,0,0,0,0,0,0,0,0,0,0,0,0,0,0,0,0,0,0,0,0,0,1,1,1,False
30,01566,-15,88907,1,339942,-12,24557,-0,002654806,0,9902614,-0,001197969,-0,1391898,0,0,0,0,0,0,0,0,0,0,0,0,0,0,0,0,0,0,0,0,0,0,1,1,1,False
30,03149,-15,88907,1,339942,-12,24557,-0,002654806,0,9902614,-0,001197969,-0,1391898,0,0,0,0,0,0,0,0,0,0,0,0,0,0,0,0,0,0,0,0,0,0,1,1,1,False
30,04701,-15,88907,1,339942,-12,24557,-0,002654806,0,9902614,-0,001197969,-0,1391898,0,0,0,0,0,0,0,0,0,0,0,0,0,0,0,0,0,0,0,0,0,0,1,1,1,False
30,06247,-15,88907,1,339942,-12,24557,-0,002654806,0,9902614,-0,001197969,-0,1391898,0,0,0,0,0,0,0,0,0,0,0,0,0,0,0,0,0,0,0,0,0,0,1,1,1,False
30,07809,-15,88907,1,339942,-12,24557,-0,002654806,0,9902614,-0,001197969,-0,1391898,0,0,0,0,0,0,0,0,0,0,0,0,0,0,0,0,0,0,0,0,0,0,1,1,1,False
30,0939,-15,88907,1,339942,-12,24557,-0,002654806,0,9902614,-0,001197969,-0,1391898,0,0,0,0,0,0,0,0,0,0,0,0,0,0,0,0,0,0,0,0,0,0,1,1,1,False
30,11034,-15,88907,1,339942,-12,24557,-0,002654806,0,9902614,-0,001197969,-0,1391898,0,0,0,0,0,0,0,0,0,0,0,0,0,0,0,0,0,0,0,0,0,0,1,1,1,False
30,12672,-15,88907,1,339942,-12,24557,-0,002654806,0,9902614,-0,001197969,-0,1391898,0,0,0,0,0,0,0,0,0,0,0,0,0,0,0,0,0,0,0,0,0,0,1,1,1,False
30,15063,-15,88907,1,339942,-12,24557,-0,002654806,0,9902614,-0,001197969,-0,1391898,0,0,0,0,0,0,0,0,0,0,0,0,0,0,0,0,0,0,0,0,0,0,1,1,1,False
30,16648,-15,88907,1,339942,-12,24557,-0,002654806,0,9902614,-0,001197969,-0,1391898,0,0,0,0,0,0,0,0,0,0,0,0,0,0,0,0,0,0,0,0,0,0,1,1,1,False
30,18409,-15,88907,1,339942,-12,24557,-0,002654806,0,9902614,-0,001197969,-0,1391898,0,0,0,0,0,0,0,0,0,0,0,0,0,0,0,0,0,0,0,0,0,0,1,1,1,False
30,20045,-15,88907,1,339942,-12,24557,-0,002654806,0,9902614,-0,001197969,-0,1391898,0,0,0,0,0,0,0,0,0,0,0,0,0,0,0,0,0,0,0,0,0,0,1,1,1,False
30,21661,-15,88907,1,339942,-12,24557,-0,002654806,0,9902614,-0,001197969,-0,1391898,0,0,0,0,0,0,0,0,0,0,0,0,0,0,0,0,0,0,0,0,0,0,1,1,1,False
30,23465,-15,88907,1,339942,-12,24557,-0,002654806,0,9902614,-0,001197969,-0,1391898,0,0,0,0,0,0,0,0,0,0,0,0,0,0,0,0,0,0,0,0,0,0,1,1,1,False
30,25173,-15,88907,1,339942,-12,24557,-0,002654806,0,9902614,-0,001197969,-0,1391898,0,0,0,0,0,0,0,0,0,0,0,0,0,0,0,0,0,0,0,0,0,0,1,1,1,False
30,26868,-15,88907,1,339942,-12,24557,-0,002654806,0,9902614,-0,001197969,-0,1391898,0,0,0,0,0,0,0,0,0,0,0,0,0,0,0,0,0,0,0,0,0,0,1,1,1,False
30,28568,-15,88907,1,339942,-12,24557,-0,002654806,0,9902614,-0,001197969,-0,1391898,0,0,0,0,0,0,0,0,0,0,0,0,0,0,0,0,0,0,0,0,0,0,1,1,1,False
30,30249,-15,88907,1,339942,-12,24557,-0,002654806,0,9902614,-0,001197969,-0,1391898,0,0,0,0,0,0,0,0,0,0,0,0,0,0,0,0,0,0,0,0,0,0,1,1,1,False
30,32024,-15,88907,1,339942,-12,24557,-0,002654806,0,9902614,-0,001197969,-0,1391898,0,0,0,0,0,0,0,0,0,0,0,0,0,0,0,0,0,0,0,0,0,0,1,1,1,False
30,33718,-15,88907,1,339942,-12,24557,-0,002654806,0,9902614,-0,001197969,-0,1391898,0,0,0,0,0,0,0,0,0,0,0,0,0,0,0,0,0,0,0,0,0,0,1,1,1,False
30,35318,-15,88907,1,339942,-12,24557,-0,002654806,0,9902614,-0,001197969,-0,1391898,0,0,0,0,0,0,0,0,0,0,0,0,0,0,0,0,0,0,0,0,0,0,1,1,1,False
30,37041,-15,88907,1,339942,-12,24557,-0,002654806,0,9902614,-0,001197969,-0,1391898,0,0,0,0,0,0,0,0,0,0,0,0,0,0,0,0,0,0,0,0,0,0,1,1,1,False
30,38703,-15,88907,1,339942,-12,24557,-0,002654806,0,9902614,-0,001197969,-0,1391898,0,0,0,0,0,0,0,0,0,0,0,0,0,0,0,0,0,0,0,0,0,0,1,1,1,False
30,40398,-15,88907,1,339942,-12,24557,-0,002654806,0,9902614,-0,001197969,-0,1391898,0,0,0,0,0,0,0,0,0,0,0,0,0,0,0,0,0,0,0,0,0,0,1,1,1,False
30,42143,-15,88907,1,339942,-12,24557,-0,002654806,0,9902614,-0,001197969,-0,1391898,0,0,0,0,0,0,0,0,0,0,0,0,0,0,0,0,0,0,0,0,0,0,1,1,1,False
30,43905,-15,88907,1,339942,-12,24557,-0,002654806,0,9902614,-0,001197969,-0,1391898,0,0,0,0,0,0,0,0,0,0,0,0,0,0,0,0,0,0,0,0,0,0,1,1,1,False
30,45503,-15,88907,1,339942,-12,24557,-0,002654806,0,9902614,-0,001197969,-0,1391898,0,0,0,0,0,0,0,0,0,0,0,0,0,0,0,0,0,0,0,0,0,0,1,1,1,False
30,47216,-15,88907,1,339942,-12,24557,-0,002654806,0,9902614,-0,001197969,-0,1391898,0,0,0,0,0,0,0,0,0,0,0,0,0,0,0,0,0,0,0,0,0,0,1,1,1,False
30,48954,-15,88907,1,339942,-12,24557,-0,002654806,0,9902614,-0,001197969,-0,1391898,0,0,0,0,0,0,0,0,0,0,0,0,0,0,0,0,0,0,0,0,0,0,1,1,1,False
30,50699,-15,88907,1,339942,-12,24557,-0,002654806,0,9902614,-0,001197969,-0,1391898,0,0,0,0,0,0,0,0,0,0,0,0,0,0,0,0,0,0,0,0,0,0,1,1,1,False
30,52391,-15,88907,1,339942,-12,24557,-0,002654806,0,9902614,-0,001197969,-0,1391898,0,0,0,0,0,0,0,0,0,0,0,0,0,0,0,0,0,0,0,0,0,0,1,1,1,False
30,54074,-15,88907,1,339942,-12,24557,-0,002654806,0,9902614,-0,001197969,-0,1391898,0,0,0,0,0,0,0,0,0,0,0,0,0,0,0,0,0,0,0,0,0,0,1,1,1,False
30,5575,-15,88907,1,339942,-12,24557,-0,002654806,0,9902614,-0,001197969,-0,1391898,0,0,0,0,0,0,0,0,0,0,0,0,0,0,0,0,0,0,0,0,0,0,1,1,1,False
30,57317,-15,88907,1,339942,-12,24557,-0,002654806,0,9902614,-0,001197969,-0,1391898,0,0,0,0,0,0,0,0,0,0,0,0,0,0,0,0,0,0,0,0,0,0,1,1,1,False
30,5896,-15,88907,1,339942,-12,24557,-0,002654806,0,9902614,-0,001197969,-0,1391898,0,0,0,0,0,0,0,0,0,0,0,0,0,0,0,0,0,0,0,0,0,0,1,1,1,False
30,60623,-15,88907,1,339942,-12,24557,-0,002654806,0,9902614,-0,001197969,-0,1391898,0,0,0,0,0,0,0,0,0,0,0,0,0,0,0,0,0,0,0,0,0,0,1,1,1,False
30,62283,-15,88907,1,339942,-12,24557,-0,002654806,0,9902614,-0,001197969,-0,1391898,0,0,0,0,0,0,0,0,0,0,0,0,0,0,0,0,0,0,0,0,0,0,1,1,1,False
30,63823,-15,88907,1,339942,-12,24557,-0,002654806,0,9902614,-0,001197969,-0,1391898,0,0,0,0,0,0,0,0,0,0,0,0,0,0,0,0,0,0,0,0,0,0,1,1,1,False
30,653,-15,88907,1,339942,-12,24557,-0,002654806,0,9902614,-0,001197969,-0,1391898,0,0,0,0,0,0,0,0,0,0,0,0,0,0,0,0,0,0,0,0,0,0,1,1,1,False
30,6689,-15,88907,1,339942,-12,24557,-0,002654806,0,9902614,-0,001197969,-0,1391898,0,0,0,0,0,0,0,0,0,0,0,0,0,0,0,0,0,0,0,0,0,0,1,1,1,False
30,68477,-15,88907,1,339942,-12,24557,-0,002654806,0,9902614,-0,001197969,-0,1391898,0,0,0,0,0,0,0,0,0,0,0,0,0,0,0,0,0,0,0,0,0,0,1,1,1,False
30,70063,-15,88907,1,339942,-12,24557,-0,002654806,0,9902614,-0,001197969,-0,1391898,0,0,0,0,0,0,0,0,0,0,0,0,0,0,0,0,0,0,0,0,0,0,1,1,1,False
30,7165,-15,88907,1,339942,-12,24557,-0,002654806,0,9902614,-0,001197969,-0,1391898,0,0,0,0,0,0,0,0,0,0,0,0,0,0,0,0,0,0,0,0,0,0,1,1,1,False
30,73215,-15,88907,1,339942,-12,24557,-0,002654806,0,9902614,-0,001197969,-0,1391898,0,0,0,0,0,0,0,0,0,0,0,0,0,0,0,0,0,0,0,0,0,0,1,1,1,False
30,74821,-15,88907,1,339942,-12,24557,-0,002654806,0,9902614,-0,001197969,-0,1391898,0,0,0,0,0,0,0,0,0,0,0,0,0,0,0,0,0,0,0,0,0,0,1,1,1,False
30,76509,-15,88907,1,339942,-12,24557,-0,002654806,0,9902614,-0,001197969,-0,1391898,0,0,0,0,0,0,0,0,0,0,0,0,0,0,0,0,0,0,0,0,0,0,1,1,1,False
30,78214,-15,88907,1,339942,-12,24557,-0,002654806,0,9902614,-0,001197969,-0,1391898,0,0,0,0,0,0,0,0,0,0,0,0,0,0,0,0,0,0,0,0,0,0,1,1,1,False
30,79982,-15,88907,1,339942,-12,24557,-0,002654806,0,9902614,-0,001197969,-0,1391898,0,0,0,0,0,0,0,0,0,0,0,0,0,0,0,0,0,0,0,0,0,0,1,1,1,False
30,81802,-15,88907,1,339942,-12,24557,-0,002654806,0,9902614,-0,001197969,-0,1391898,0,0,0,0,0,0,0,0,0,0,0,0,0,0,0,0,0,0,0,0,0,0,1,1,1,False
30,83689,-15,88907,1,339942,-12,24557,-0,002654806,0,9902614,-0,001197969,-0,1391898,0,0,0,0,0,0,0,0,0,0,0,0,0,0,0,0,0,0,0,0,0,0,1,1,1,False
30,85496,-15,88907,1,339942,-12,24557,-0,002654806,0,9902614,-0,001197969,-0,1391898,0,0,0,0,0,0,0,0,0,0,0,0,0,0,0,0,0,0,0,0,0,0,1,1,1,False
30,87292,-15,88907,1,339942,-12,24557,-0,002654806,0,9902614,-0,001197969,-0,1391898,0,0,0,0,0,0,0,0,0,0,0,0,0,0,0,0,0,0,0,0,0,0,1,1,1,False
30,8913,-15,88907,1,339942,-12,24557,-0,002654806,0,9902614,-0,001197969,-0,1391898,0,0,0,0,0,0,0,0,0,0,0,0,0,0,0,0,0,0,0,0,0,0,1,1,1,False
30,90986,-15,88907,1,339942,-12,24557,-0,002654806,0,9902614,-0,001197969,-0,1391898,0,0,0,0,0,0,0,0,0,0,0,0,0,0,0,0,0,0,0,0,0,0,1,1,1,False
30,9277,-15,88907,1,339942,-12,24557,-0,002654806,0,9902614,-0,001197969,-0,1391898,0,0,0,0,0,0,0,0,0,0,0,0,0,0,0,0,0,0,0,0,0,0,1,1,1,False
30,94546,-15,88907,1,339942,-12,24557,-0,002654806,0,9902614,-0,001197969,-0,1391898,0,0,0,0,0,0,0,0,0,0,0,0,0,0,0,0,0,0,0,0,0,0,1,1,1,False
30,96294,-15,88907,1,339942,-12,24557,-0,002654806,0,9902614,-0,001197969,-0,1391898,0,0,0,0,0,0,0,0,0,0,0,0,0,0,0,0,0,0,0,0,0,0,1,1,1,False
30,98031,-15,88907,1,339942,-12,24557,-0,002654806,0,9902614,-0,001197969,-0,1391898,0,0,0,0,0,0,0,0,0,0,0,0,0,0,0,0,0,0,0,0,0,0,1,1,1,False
30,99641,-15,88907,1,339942,-12,24557,-0,002654806,0,9902614,-0,001197969,-0,1391898,0,0,0,0,0,0,0,0,0,0,0,0,0,0,0,0,0,0,0,0,0,0,1,1,1,False
31,01329,-15,88907,1,339942,-12,24557,-0,002654806,0,9902614,-0,001197969,-0,1391898,0,0,0,0,0,0,0,0,0,0,0,0,0,0,0,0,0,0,0,0,0,0,1,1,1,False
31,03127,-15,88907,1,339942,-12,24557,-0,002654806,0,9902614,-0,001197969,-0,1391898,0,0,0,0,0,0,0,0,0,0,0,0,0,0,0,0,0,0,0,0,0,0,1,1,1,False
31,0498,-15,88907,1,339942,-12,24557,-0,002654806,0,9902614,-0,001197969,-0,1391898,0,0,0,0,0,0,0,0,0,0,0,0,0,0,0,0,0,0,0,0,0,0,1,1,1,False
31,06734,-15,88907,1,339942,-12,24557,-0,002654806,0,9902614,-0,001197969,-0,1391898,0,0,0,0,0,0,0,0,0,0,0,0,0,0,0,0,0,0,0,0,0,0,1,1,1,False
31,08518,-15,88907,1,339942,-12,24557,-0,002654806,0,9902614,-0,001197969,-0,1391898,0,0,0,0,0,0,0,0,0,0,0,0,0,0,0,0,0,0,0,0,0,0,1,1,1,False
31,10452,-15,88907,1,339942,-12,24557,-0,002654806,0,9902614,-0,001197969,-0,1391898,0,0,0,0,0,0,0,0,0,0,0,0,0,0,0,0,0,0,0,0,0,0,1,1,1,False
31,12074,-15,88907,1,339942,-12,24557,-0,002654806,0,9902614,-0,001197969,-0,1391898,0,0,0,0,0,0,0,0,0,0,0,0,0,0,0,0,0,0,0,0,0,0,1,1,1,False
31,1369,-15,88907,1,339942,-12,24557,-0,002654806,0,9902614,-0,001197969,-0,1391898,0,0,0,0,0,0,0,0,0,0,0,0,0,0,0,0,0,0,0,0,0,0,1,1,1,False
31,15188,-15,88907,1,339942,-12,24557,-0,002654806,0,9902614,-0,001197969,-0,1391898,0,0,0,0,0,0,0,0,0,0,0,0,0,0,0,0,0,0,0,0,0,0,1,1,1,False
31,16807,-15,88907,1,339942,-12,24557,-0,002654806,0,9902614,-0,001197969,-0,1391898,0,0,0,0,0,0,0,0,0,0,0,0,0,0,0,0,0,0,0,0,0,0,1,1,1,False
31,18356,-15,88907,1,339942,-12,24557,-0,002654806,0,9902614,-0,001197969,-0,1391898,0,0,0,0,0,0,0,0,0,0,0,0,0,0,0,0,0,0,0,0,0,0,1,1,1,False
31,1995,-15,88907,1,339942,-12,24557,-0,002654806,0,9902614,-0,001197969,-0,1391898,0,0,0,0,0,0,0,0,0,0,0,0,0,0,0,0,0,0,0,0,0,0,1,1,1,False
31,21449,-15,88907,1,339942,-12,24557,-0,002654806,0,9902614,-0,001197969,-0,1391898,0,0,0,0,0,0,0,0,0,0,0,0,0,0,0,0,0,0,0,0,0,0,1,1,1,False
31,23076,-15,88907,1,339942,-12,24557,-0,002654806,0,9902614,-0,001197969,-0,1391898,0,0,0,0,0,0,0,0,0,0,0,0,0,0,0,0,0,0,0,0,0,0,1,1,1,False
31,24803,-15,86907,1,339942,-12,16557,-0,002654806,0,9902614,-0,001197969,-0,1391898,0,0,0,0,0,0,0,0,0,0,0,0,0,0,0,0,0,0,0,0,0,0,1,1,1,False
31,26444,-15,86907,1,339942,-12,16557,-0,002654806,0,9902614,-0,001197969,-0,1391898,0,0,0,0,0,0,0,0,0,0,0,0,0,0,0,0,0,0,0,0,0,0,1,1,1,False
31,28193,-15,80907,1,339942,-11,96557,-0,002654806,0,9902614,-0,001197969,-0,1391898,0,0,0,0,0,0,0,0,0,0,0,0,0,0,0,0,0,0,0,0,0,0,1,1,1,False
31,299,-15,78907,1,339942,-11,88557,-0,002654806,0,9902614,-0,001197969,-0,1391898,0,0,0,0,0,0,0,0,0,0,0,0,0,0,0,0,0,0,0,0,0,0,1,1,1,False
31,31461,-15,74907,1,339942,-11,76557,-0,002654806,0,9902614,-0,001197969,-0,1391898,0,0,0,0,0,0,0,0,0,0,0,0,0,0,0,0,0,0,0,0,0,0,1,1,1,False
31,3315,-15,72907,1,339942,-11,68557,-0,002654806,0,9902614,-0,001197969,-0,1391898,0,0,0,0,0,0,0,0,0,0,0,0,0,0,0,0,0,0,0,0,0,0,1,1,1,False
31,34803,-15,69907,1,339942,-11,56557,-0,002654806,0,9902614,-0,001197969,-0,1391898,0,0,0,0,0,0,0,0,0,0,0,0,0,0,0,0,0,0,0,0,0,0,1,1,1,False
31,36478,-15,66907,1,339942,-11,49557,-0,002654806,0,9902614,-0,001197969,-0,1391898,0,0,0,0,0,0,0,0,0,0,0,0,0,0,0,0,0,0,0,0,0,0,1,1,1,False
31,3813,-15,64907,1,339942,-11,41557,-0,002654806,0,9902614,-0,001197969,-0,1391898,0,0,0,0,0,0,0,0,0,0,0,0,0,0,0,0,0,0,0,0,0,0,1,1,1,False
31,40557,-15,59907,1,339942,-11,22557,-0,002654806,0,9902614,-0,001197969,-0,1391898,0,0,0,0,0,0,0,0,0,0,0,0,0,0,0,0,0,0,0,0,0,0,1,1,1,False
31,42249,-15,56907,1,339942,-11,11557,-0,002654806,0,9902614,-0,001197969,-0,1391898,0,0,0,0,0,0,0,0,0,0,0,0,0,0,0,0,0,0,0,0,0,0,1,1,1,False
31,43842,-15,56907,1,339942,-11,11557,-0,002654806,0,9902614,-0,001197969,-0,1391898,0,0,0,0,0,0,0,0,0,0,0,0,0,0,0,0,0,0,0,0,0,0,1,1,1,False
31,45431,-15,53907,1,339942,-11,03557,-0,002654806,0,9902614,-0,001197969,-0,1391898,0,0,0,0,0,0,0,0,0,0,0,0,0,0,0,0,0,0,0,0,0,0,1,1,1,False
31,47126,-15,51907,1,339942,-10,96557,-0,002654806,0,9902614,-0,001197969,-0,1391898,0,0,0,0,0,0,0,0,0,0,0,0,0,0,0,0,0,0,0,0,0,0,1,1,1,False
31,48681,-15,51907,1,339942,-10,96557,-0,002654806,0,9902614,-0,001197969,-0,1391898,0,0,0,0,0,0,0,0,0,0,0,0,0,0,0,0,0,0,0,0,0,0,1,1,1,False
31,50318,-15,51907,1,339942,-10,96557,-0,002654806,0,9902614,-0,001197969,-0,1391898,0,0,0,0,0,0,0,0,0,0,0,0,0,0,0,0,0,0,0,0,0,0,1,1,1,False
31,51926,-15,51907,1,339942,-10,96557,-0,002654806,0,9902614,-0,001197969,-0,1391898,0,0,0,0,0,0,0,0,0,0,0,0,0,0,0,0,0,0,0,0,0,0,1,1,1,False
31,53462,-15,51907,1,339942,-10,96557,-0,002654806,0,9902614,-0,001197969,-0,1391898,0,0,0,0,0,0,0,0,0,0,0,0,0,0,0,0,0,0,0,0,0,0,1,1,1,False
31,55788,-15,51907,1,339942,-10,96557,-0,002654806,0,9902614,-0,001197969,-0,1391898,0,0,0,0,0,0,0,0,0,0,0,0,0,0,0,0,0,0,0,0,0,0,1,1,1,False
31,57319,-15,51907,1,339942,-10,96557,-0,002654806,0,9902614,-0,001197969,-0,1391898,0,0,0,0,0,0,0,0,0,0,0,0,0,0,0,0,0,0,0,0,0,0,1,1,1,False
31,59011,-15,49907,1,339942,-10,89557,-0,002654806,0,9902614,-0,001197969,-0,1391898,0,0,0,0,0,0,0,0,0,0,0,0,0,0,0,0,0,0,0,0,0,0,1,1,1,False
31,60568,-15,49907,1,339942,-10,89557,-0,002654806,0,9902614,-0,001197969,-0,1391898,0,0,0,0,0,0,0,0,0,0,0,0,0,0,0,0,0,0,0,0,0,0,1,1,1,False
31,62144,-15,49907,1,339942,-10,89557,-0,002654806,0,9902614,-0,001197969,-0,1391898,0,0,0,0,0,0,0,0,0,0,0,0,0,0,0,0,0,0,0,0,0,0,1,1,1,False
31,6374,-15,49907,1,339942,-10,89557,-0,002654806,0,9902614,-0,001197969,-0,1391898,0,0,0,0,0,0,0,0,0,0,0,0,0,0,0,0,0,0,0,0,0,0,1,1,1,False
31,65347,-15,47907,1,339942,-10,82557,-0,002654806,0,9902614,-0,001197969,-0,1391898,0,0,0,0,0,0,0,0,0,0,0,0,0,0,0,0,0,0,0,0,0,0,1,1,1,False
31,66961,-15,47907,1,339942,-10,82557,-0,002654806,0,9902614,-0,001197969,-0,1391898,0,0,0,0,0,0,0,0,0,0,0,0,0,0,0,0,0,0,0,0,0,0,1,1,1,False
31,68677,-15,43907,1,349942,-10,67557,-0,002654806,0,9902614,-0,001197969,-0,1391898,0,0,0,0,0,0,0,0,0,0,0,0,0,0,0,0,0,0,0,0,0,0,1,1,1,False
31,71043,-15,43907,1,349942,-10,67557,-0,002654806,0,9902614,-0,001197969,-0,1391898,0,0,0,0,0,0,0,0,0,0,0,0,0,0,0,0,0,0,0,0,0,0,1,1,1,False
31,72736,-15,41907,1,349942,-10,60557,-0,002654806,0,9902614,-0,001197969,-0,1391898,0,0,0,0,0,0,0,0,0,0,0,0,0,0,0,0,0,0,0,0,0,0,1,1,1,False
31,74466,-15,39907,1,349942,-10,53557,-0,002654806,0,9902614,-0,001197969,-0,1391898,0,0,0,0,0,0,0,0,0,0,0,0,0,0,0,0,0,0,0,0,0,0,1,1,1,False
31,76202,-15,34907,1,349942,-10,35557,-0,002654806,0,9902614,-0,001197969,-0,1391898,0,0,0,0,0,0,0,0,0,0,0,0,0,0,0,0,0,0,0,0,0,0,1,1,1,False
31,77863,-15,32907,1,349942,-10,28557,-0,002654806,0,9902614,-0,001197969,-0,1391898,0,0,0,0,0,0,0,0,0,0,0,0,0,0,0,0,0,0,0,0,0,0,1,1,1,False
31,7946,-15,30907,1,349942,-10,22557,-0,002654806,0,9902614,-0,001197969,-0,1391898,0,0,0,0,0,0,0,0,0,0,0,0,0,0,0,0,0,0,0,0,0,0,1,1,1,False
31,81127,-15,28907,1,349942,-10,15557,-0,002654806,0,9902614,-0,001197969,-0,1391898,0,0,0,0,0,0,0,0,0,0,0,0,0,0,0,0,0,0,0,0,0,0,1,1,1,False
31,82822,-15,26907,1,349942,-10,08557,-0,002654806,0,9902614,-0,001197969,-0,1391898,0,0,0,0,0,0,0,0,0,0,0,0,0,0,0,0,0,0,0,0,0,0,1,1,1,False
31,84621,-15,24907,1,349942,-10,01557,-0,002654806,0,9902614,-0,001197969,-0,1391898,0,0,0,0,0,0,0,0,0,0,0,0,0,0,0,0,0,0,0,0,0,0,1,1,1,False
31,87038,-15,22907,1,349942,-9,95557,-0,002654806,0,9902614,-0,001197969,-0,1391898,0,0,0,0,0,0,0,0,0,0,0,0,0,0,0,0,0,0,0,0,0,0,1,1,1,False
31,88736,-15,20907,1,349942,-9,885571,-0,002654806,0,9902614,-0,001197969,-0,1391898,0,0,0,0,0,0,0,0,0,0,0,0,0,0,0,0,0,0,0,0,0,0,1,1,1,False
31,90416,-15,18907,1,349942,-9,815571,-0,002654806,0,9902614,-0,001197969,-0,1391898,0,0,0,0,0,0,0,0,0,0,0,0,0,0,0,0,0,0,0,0,0,0,1,1,1,False
31,92081,-15,15907,1,349942,-9,685571,-0,002654806,0,9902614,-0,001197969,-0,1391898,0,0,0,0,0,0,0,0,0,0,0,0,0,0,0,0,0,0,0,0,0,0,1,1,1,False
31,93916,-15,12907,1,349942,-9,58557,-0,002654806,0,9902614,-0,001197969,-0,1391898,0,0,0,0,0,0,0,0,0,0,0,0,0,0,0,0,0,0,0,0,0,0,1,1,1,False
31,95522,-15,12907,1,349942,-9,58557,-0,002654806,0,9902614,-0,001197969,-0,1391898,0,0,0,0,0,0,0,0,0,0,0,0,0,0,0,0,0,0,0,0,0,0,1,1,1,False
31,97198,-15,12907,1,349942,-9,58557,-0,002654806,0,9902614,-0,001197969,-0,1391898,0,0,0,0,0,0,0,0,0,0,0,0,0,0,0,0,0,0,0,0,0,0,1,1,1,False
31,98793,-15,12907,1,349942,-9,58557,-0,002654806,0,9902614,-0,001197969,-0,1391898,0,0,0,0,0,0,0,0,0,0,0,0,0,0,0,0,0,0,0,0,0,0,1,1,1,False
32,00401,-15,12907,1,349942,-9,58557,-0,002654806,0,9902614,-0,001197969,-0,1391898,0,0,0,0,0,0,0,0,0,0,0,0,0,0,0,0,0,0,0,0,0,0,1,1,1,False
32,02713,-15,12907,1,349942,-9,58557,-0,002654806,0,9902614,-0,001197969,-0,1391898,0,0,0,0,0,0,0,0,0,0,0,0,0,0,0,0,0,0,0,0,0,0,1,1,1,False
32,04304,-15,12907,1,349942,-9,58557,-0,002654806,0,9902614,-0,001197969,-0,1391898,0,0,0,0,0,0,0,0,0,0,0,0,0,0,0,0,0,0,0,0,0,0,1,1,1,False
32,05887,-15,12907,1,349942,-9,58557,-0,002654806,0,9902614,-0,001197969,-0,1391898,0,0,0,0,0,0,0,0,0,0,0,0,0,0,0,0,0,0,0,0,0,0,1,1,1,False
32,0739,-15,12907,1,349942,-9,58557,-0,002654806,0,9902614,-0,001197969,-0,1391898,0,0,0,0,0,0,0,0,0,0,0,0,0,0,0,0,0,0,0,0,0,0,1,1,1,False
32,08997,-15,12907,1,349942,-9,58557,-0,002654806,0,9902614,-0,001197969,-0,1391898,0,0,0,0,0,0,0,0,0,0,0,0,0,0,0,0,0,0,0,0,0,0,1,1,1,False
32,10575,-15,12907,1,349942,-9,58557,-0,002654806,0,9902614,-0,001197969,-0,1391898,0,0,0,0,0,0,0,0,0,0,0,0,0,0,0,0,0,0,0,0,0,0,1,1,1,False
32,12168,-15,12907,1,349942,-9,58557,-0,002654806,0,9902614,-0,001197969,-0,1391898,0,0,0,0,0,0,0,0,0,0,0,0,0,0,0,0,0,0,0,0,0,0,1,1,1,False
32,13769,-15,12907,1,349942,-9,58557,-0,002654806,0,9902614,-0,001197969,-0,1391898,0,0,0,0,0,0,0,0,0,0,0,0,0,0,0,0,0,0,0,0,0,0,1,1,1,False
32,1526,-15,12907,1,349942,-9,58557,-0,002654806,0,9902614,-0,001197969,-0,1391898,0,0,0,0,0,0,0,0,0,0,0,0,0,0,0,0,0,0,0,0,0,0,1,1,1,False
32,17106,-15,12907,1,349942,-9,58557,-0,002654806,0,9902614,-0,001197969,-0,1391898,0,0,0,0,0,0,0,0,0,0,0,0,0,0,0,0,0,0,0,0,0,0,1,1,1,False
32,18764,-15,12907,1,349942,-9,58557,-0,002654806,0,9902614,-0,001197969,-0,1391898,0,0,0,0,0,0,0,0,0,0,0,0,0,0,0,0,0,0,0,0,0,0,1,1,1,False
32,20356,-15,12907,1,349942,-9,58557,-0,002654806,0,9902614,-0,001197969,-0,1391898,0,0,0,0,0,0,0,0,0,0,0,0,0,0,0,0,0,0,0,0,0,0,1,1,1,False
32,21991,-15,12907,1,349942,-9,58557,-0,002654806,0,9902614,-0,001197969,-0,1391898,0,0,0,0,0,0,0,0,0,0,0,0,0,0,0,0,0,0,0,0,0,0,1,1,1,False
32,23484,-15,12907,1,349942,-9,58557,-0,002654806,0,9902614,-0,001197969,-0,1391898,0,0,0,0,0,0,0,0,0,0,0,0,0,0,0,0,0,0,0,0,0,0,1,1,1,False
32,25113,-15,12907,1,349942,-9,58557,-0,002654806,0,9902614,-0,001197969,-0,1391898,0,0,0,0,0,0,0,0,0,0,0,0,0,0,0,0,0,0,0,0,0,0,1,1,1,False
32,26729,-15,12907,1,349942,-9,58557,-0,002654806,0,9902614,-0,001197969,-0,1391898,0,0,0,0,0,0,0,0,0,0,0,0,0,0,0,0,0,0,0,0,0,0,1,1,1,False
32,28318,-15,12907,1,349942,-9,58557,-0,002654806,0,9902614,-0,001197969,-0,1391898,0,0,0,0,0,0,0,0,0,0,0,0,0,0,0,0,0,0,0,0,0,0,1,1,1,False
32,29929,-15,12907,1,349942,-9,58557,-0,002654806,0,9902614,-0,001197969,-0,1391898,0,0,0,0,0,0,0,0,0,0,0,0,0,0,0,0,0,0,0,0,0,0,1,1,1,False
32,31428,-15,12907,1,349942,-9,58557,-0,002654806,0,9902614,-0,001197969,-0,1391898,0,0,0,0,0,0,0,0,0,0,0,0,0,0,0,0,0,0,0,0,0,0,1,1,1,False
32,33023,-15,12907,1,349942,-9,58557,-0,002654806,0,9902614,-0,001197969,-0,1391898,0,0,0,0,0,0,0,0,0,0,0,0,0,0,0,0,0,0,0,0,0,0,1,1,1,False
32,34618,-15,12907,1,349942,-9,58557,-0,002654806,0,9902614,-0,001197969,-0,1391898,0,0,0,0,0,0,0,0,0,0,0,0,0,0,0,0,0,0,0,0,0,0,1,1,1,False
32,36211,-15,12907,1,349942,-9,58557,-0,002654806,0,9902614,-0,001197969,-0,1391898,0,0,0,0,0,0,0,0,0,0,0,0,0,0,0,0,0,0,0,0,0,0,1,1,1,False
32,37874,-15,12907,1,349942,-9,58557,-0,002654806,0,9902614,-0,001197969,-0,1391898,0,0,0,0,0,0,0,0,0,0,0,0,0,0,0,0,0,0,0,0,0,0,1,1,1,False
32,39426,-15,12907,1,349942,-9,58557,-0,002654806,0,9902614,-0,001197969,-0,1391898,0,0,0,0,0,0,0,0,0,0,0,0,0,0,0,0,0,0,0,0,0,0,1,1,1,False
32,41092,-15,12907,1,349942,-9,58557,-0,002654806,0,9902614,-0,001197969,-0,1391898,0,0,0,0,0,0,0,0,0,0,0,0,0,0,0,0,0,0,0,0,0,0,1,1,1,False
32,42654,-15,12907,1,349942,-9,58557,-0,002654806,0,9902614,-0,001197969,-0,1391898,0,0,0,0,0,0,0,0,0,0,0,0,0,0,0,0,0,0,0,0,0,0,1,1,1,False
32,44216,-15,12907,1,349942,-9,58557,-0,002654806,0,9902614,-0,001197969,-0,1391898,0,0,0,0,0,0,0,0,0,0,0,0,0,0,0,0,0,0,0,0,0,0,1,1,1,False
32,45799,-15,12907,1,349942,-9,58557,-0,002654806,0,9902614,-0,001197969,-0,1391898,0,0,0,0,0,0,0,0,0,0,0,0,0,0,0,0,0,0,0,0,0,0,1,1,1,False
32,47405,-15,12907,1,349942,-9,58557,-0,002654806,0,9902614,-0,001197969,-0,1391898,0,0,0,0,0,0,0,0,0,0,0,0,0,0,0,0,0,0,0,0,0,0,1,1,1,False
32,49115,-15,12907,1,349942,-9,58557,-0,002654806,0,9902614,-0,001197969,-0,1391898,0,0,0,0,0,0,0,0,0,0,0,0,0,0,0,0,0,0,0,0,0,0,1,1,1,False
32,50716,-15,12907,1,349942,-9,58557,-0,002654806,0,9902614,-0,001197969,-0,1391898,0,0,0,0,0,0,0,0,0,0,0,0,0,0,0,0,0,0,0,0,0,0,1,1,1,False
32,52433,-15,12907,1,349942,-9,58557,-0,002654806,0,9902614,-0,001197969,-0,1391898,0,0,0,0,0,0,0,0,0,0,0,0,0,0,0,0,0,0,0,0,0,0,1,1,1,False
32,54119,-15,12907,1,349942,-9,58557,-0,002654806,0,9902614,-0,001197969,-0,1391898,0,0,0,0,0,0,0,0,0,0,0,0,0,0,0,0,0,0,0,0,0,0,1,1,1,False
32,55807,-15,12907,1,349942,-9,58557,-0,002654806,0,9902614,-0,001197969,-0,1391898,0,0,0,0,0,0,0,0,0,0,0,0,0,0,0,0,0,0,0,0,0,0,1,1,1,False
32,57291,-15,12907,1,349942,-9,58557,-0,002654806,0,9902614,-0,001197969,-0,1391898,0,0,0,0,0,0,0,0,0,0,0,0,0,0,0,0,0,0,0,0,0,0,1,1,1,False
32,58976,-15,12907,1,349942,-9,58557,-0,002654806,0,9902614,-0,001197969,-0,1391898,0,0,0,0,0,0,0,0,0,0,0,0,0,0,0,0,0,0,0,0,0,0,1,1,1,False
32,60542,-15,12907,1,349942,-9,58557,-0,002654806,0,9902614,-0,001197969,-0,1391898,0,0,0,0,0,0,0,0,0,0,0,0,0,0,0,0,0,0,0,0,0,0,1,1,1,False
32,62444,-15,11907,1,349942,-9,555571,-0,002654806,0,9902614,-0,001197969,-0,1391898,0,0,0,0,0,0,0,0,0,0,0,0,0,0,0,0,0,0,0,0,0,0,1,1,1,False
32,64037,-15,11907,1,349942,-9,555571,-0,002654806,0,9902614,-0,001197969,-0,1391898,0,0,0,0,0,0,0,0,0,0,0,0,0,0,0,0,0,0,0,0,0,0,1,1,1,False
32,65624,-15,11907,1,349942,-9,555571,-0,002654806,0,9902614,-0,001197969,-0,1391898,0,0,0,0,0,0,0,0,0,0,0,0,0,0,0,0,0,0,0,0,0,0,1,1,1,False
32,67947,-15,10907,1,349942,-9,515571,-0,002654806,0,9902614,-0,001197969,-0,1391898,0,0,0,0,0,0,0,0,0,0,0,0,0,0,0,0,0,0,0,0,0,0,1,1,1,False
32,6962,-15,06907,1,349942,-9,355571,-0,002654806,0,9902614,-0,001197969,-0,1391898,0,0,0,0,0,0,0,0,0,0,0,0,0,0,0,0,0,0,0,0,0,0,1,1,1,False
32,71302,-14,98907,1,349942,-9,105571,-0,002654806,0,9902614,-0,001197969,-0,1391898,0,0,0,0,0,0,0,0,0,0,0,0,0,0,0,0,0,0,0,0,0,0,1,1,1,False
32,73032,-14,91907,1,349942,-8,86557,-0,002654806,0,9902614,-0,001197969,-0,1391898,0,0,0,0,0,0,0,0,0,0,0,0,0,0,0,0,0,0,0,0,0,0,1,1,1,False
32,74769,-14,88907,1,349942,-8,74557,-0,002654806,0,9902614,-0,001197969,-0,1391898,0,0,0,0,0,0,0,0,0,0,0,0,0,0,0,0,0,0,0,0,0,0,1,1,1,False
32,76481,-14,86907,1,349942,-8,685571,-0,002654806,0,9902614,-0,001197969,-0,1391898,0,0,0,0,0,0,0,0,0,0,0,0,0,0,0,0,0,0,0,0,0,0,1,1,1,False
32,78185,-14,84907,1,349942,-8,595571,-0,002654806,0,9902614,-0,001197969,-0,1391898,0,0,0,0,0,0,0,0,0,0,0,0,0,0,0,0,0,0,0,0,0,0,1,1,1,False
32,79746,-14,84907,1,349942,-8,595571,-0,002654806,0,9902614,-0,001197969,-0,1391898,0,0,0,0,0,0,0,0,0,0,0,0,0,0,0,0,0,0,0,0,0,0,1,1,1,False
32,81329,-14,82907,1,349942,-8,53557,-0,002654806,0,9902614,-0,001197969,-0,1391898,0,0,0,0,0,0,0,0,0,0,0,0,0,0,0,0,0,0,0,0,0,0,1,1,1,False
32,83723,-14,80907,1,349942,-8,475571,-0,002654806,0,9902614,-0,001197969,-0,1391898,0,0,0,0,0,0,0,0,0,0,0,0,0,0,0,0,0,0,0,0,0,0,1,1,1,False
32,8536,-14,79907,1,349942,-8,42557,-0,002654806,0,9902614,-0,001197969,-0,1391898,0,0,0,0,0,0,0,0,0,0,0,0,0,0,0,0,0,0,0,0,0,0,1,1,1,False
32,87034,-14,77907,1,349942,-8,36557,-0,002654806,0,9902614,-0,001197969,-0,1391898,0,0,0,0,0,0,0,0,0,0,0,0,0,0,0,0,0,0,0,0,0,0,1,1,1,False
32,88675,-14,76907,1,349942,-8,33557,-0,002654806,0,9902614,-0,001197969,-0,1391898,0,0,0,0,0,0,0,0,0,0,0,0,0,0,0,0,0,0,0,0,0,0,1,1,1,False
32,90251,-14,76907,1,349942,-8,33557,-0,002654806,0,9902614,-0,001197969,-0,1391898,0,0,0,0,0,0,0,0,0,0,0,0,0,0,0,0,0,0,0,0,0,0,1,1,1,False
32,91749,-14,76907,1,349942,-8,33557,-0,002654806,0,9902614,-0,001197969,-0,1391898,0,0,0,0,0,0,0,0,0,0,0,0,0,0,0,0,0,0,0,0,0,0,1,1,1,False
32,93205,-14,76907,1,349942,-8,33557,-0,002654806,0,9902614,-0,001197969,-0,1391898,0,0,0,0,0,0,0,0,0,0,0,0,0,0,0,0,0,0,0,0,0,0,1,1,1,False
32,94765,-14,76907,1,349942,-8,33557,-0,002654806,0,9902614,-0,001197969,-0,1391898,0,0,0,0,0,0,0,0,0,0,0,0,0,0,0,0,0,0,0,0,0,0,1,1,1,False
32,96483,-14,76907,1,349942,-8,33557,-0,002654806,0,9902614,-0,001197969,-0,1391898,0,0,0,0,0,0,0,0,0,0,0,0,0,0,0,0,0,0,0,0,0,0,1,1,1,False
32,98807,-14,76907,1,349942,-8,33557,-0,002654806,0,9902614,-0,001197969,-0,1391898,0,0,0,0,0,0,0,0,0,0,0,0,0,0,0,0,0,0,0,0,0,0,1,1,1,False
33,00401,-14,76907,1,349942,-8,33557,-0,002654806,0,9902614,-0,001197969,-0,1391898,0,0,0,0,0,0,0,0,0,0,0,0,0,0,0,0,0,0,0,0,0,0,1,1,1,False
33,02039,-14,76907,1,349942,-8,33557,-0,002654806,0,9902614,-0,001197969,-0,1391898,0,0,0,0,0,0,0,0,0,0,0,0,0,0,0,0,0,0,0,0,0,0,1,1,1,False
33,03664,-14,76907,1,349942,-8,33557,-0,002654806,0,9902614,-0,001197969,-0,1391898,0,0,0,0,0,0,0,0,0,0,0,0,0,0,0,0,0,0,0,0,0,0,1,1,1,False
33,0519,-14,76907,1,349942,-8,33557,-0,002654806,0,9902614,-0,001197969,-0,1391898,0,0,0,0,0,0,0,0,0,0,0,0,0,0,0,0,0,0,0,0,0,0,1,1,1,False
33,06824,-14,76907,1,349942,-8,33557,-0,002654806,0,9902614,-0,001197969,-0,1391898,0,0,0,0,0,0,0,0,0,0,0,0,0,0,0,0,0,0,0,0,0,0,1,1,1,False
33,08501,-14,76907,1,349942,-8,33557,-0,002654806,0,9902614,-0,001197969,-0,1391898,0,0,0,0,0,0,0,0,0,0,0,0,0,0,0,0,0,0,0,0,0,0,1,1,1,False
33,10172,-14,76907,1,349942,-8,33557,-0,002654806,0,9902614,-0,001197969,-0,1391898,0,0,0,0,0,0,0,0,0,0,0,0,0,0,0,0,0,0,0,0,0,0,1,1,1,False
33,12036,-14,76907,1,349942,-8,33557,-0,002654806,0,9902614,-0,001197969,-0,1391898,0,0,0,0,0,0,0,0,0,0,0,0,0,0,0,0,0,0,0,0,0,0,1,1,1,False
33,13683,-14,76907,1,349942,-8,33557,-0,002654806,0,9902614,-0,001197969,-0,1391898,0,0,0,0,0,0,0,0,0,0,0,0,0,0,0,0,0,0,0,0,0,0,1,1,1,False
33,15277,-14,76907,1,349942,-8,33557,-0,002654806,0,9902614,-0,001197969,-0,1391898,0,0,0,0,0,0,0,0,0,0,0,0,0,0,0,0,0,0,0,0,0,0,1,1,1,False
33,16924,-14,76907,1,349942,-8,33557,-0,002654806,0,9902614,-0,001197969,-0,1391898,0,0,0,0,0,0,0,0,0,0,0,0,0,0,0,0,0,0,0,0,0,0,1,1,1,False
33,1857,-14,76907,1,349942,-8,33557,-0,002654806,0,9902614,-0,001197969,-0,1391898,0,0,0,0,0,0,0,0,0,0,0,0,0,0,0,0,0,0,0,0,0,0,1,1,1,False
33,20238,-14,76907,1,349942,-8,33557,-0,002654806,0,9902614,-0,001197969,-0,1391898,0,0,0,0,0,0,0,0,0,0,0,0,0,0,0,0,0,0,0,0,0,0,1,1,1,False
33,21946,-14,76907,1,349942,-8,33557,-0,002654806,0,9902614,-0,001197969,-0,1391898,0,0,0,0,0,0,0,0,0,0,0,0,0,0,0,0,0,0,0,0,0,0,1,1,1,False
33,23457,-14,76907,1,349942,-8,33557,-0,002654806,0,9902614,-0,001197969,-0,1391898,0,0,0,0,0,0,0,0,0,0,0,0,0,0,0,0,0,0,0,0,0,0,1,1,1,False
33,25046,-14,76907,1,349942,-8,33557,-0,002654806,0,9902614,-0,001197969,-0,1391898,0,0,0,0,0,0,0,0,0,0,0,0,0,0,0,0,0,0,0,0,0,0,1,1,1,False
33,26733,-14,76907,1,349942,-8,33557,-0,002654806,0,9902614,-0,001197969,-0,1391898,0,0,0,0,0,0,0,0,0,0,0,0,0,0,0,0,0,0,0,0,0,0,1,1,1,False
33,28349,-14,76907,1,349942,-8,33557,-0,002654806,0,9902614,-0,001197969,-0,1391898,0,0,0,0,0,0,0,0,0,0,0,0,0,0,0,0,0,0,0,0,0,0,1,1,1,False
33,2991,-14,76907,1,349942,-8,33557,-0,002654806,0,9902614,-0,001197969,-0,1391898,0,0,0,0,0,0,0,0,0,0,0,0,0,0,0,0,0,0,0,0,0,0,1,1,1,False
33,31503,-14,76907,1,349942,-8,33557,-0,002654806,0,9902614,-0,001197969,-0,1391898,0,0,0,0,0,0,0,0,0,0,0,0,0,0,0,0,0,0,0,0,0,0,1,1,1,False
33,33222,-14,76907,1,349942,-8,33557,-0,002654806,0,9902614,-0,001197969,-0,1391898,0,0,0,0,0,0,0,0,0,0,0,0,0,0,0,0,0,0,0,0,0,0,1,1,1,False
33,34946,-14,76907,1,349942,-8,33557,-0,002654806,0,9902614,-0,001197969,-0,1391898,0,0,0,0,0,0,0,0,0,0,0,0,0,0,0,0,0,0,0,0,0,0,1,1,1,False
33,36657,-14,76907,1,349942,-8,33557,-0,002654806,0,9902614,-0,001197969,-0,1391898,0,0,0,0,0,0,0,0,0,0,0,0,0,0,0,0,0,0,0,0,0,0,1,1,1,False
33,38387,-14,76907,1,349942,-8,33557,-0,002654806,0,9902614,-0,001197969,-0,1391898,0,0,0,0,0,0,0,0,0,0,0,0,0,0,0,0,0,0,0,0,0,0,1,1,1,False
33,40078,-14,76907,1,349942,-8,33557,-0,002654806,0,9902614,-0,001197969,-0,1391898,0,0,0,0,0,0,0,0,0,0,0,0,0,0,0,0,0,0,0,0,0,0,1,1,1,False
33,41837,-14,76907,1,349942,-8,33557,-0,002654806,0,9902614,-0,001197969,-0,1391898,0,0,0,0,0,0,0,0,0,0,0,0,0,0,0,0,0,0,0,0,0,0,1,1,1,False
33,43523,-14,76907,1,349942,-8,33557,-0,002654806,0,9902614,-0,001197969,-0,1391898,0,0,0,0,0,0,0,0,0,0,0,0,0,0,0,0,0,0,0,0,0,0,1,1,1,False
33,45351,-14,76907,1,349942,-8,33557,-0,002654806,0,9902614,-0,001197969,-0,1391898,0,0,0,0,0,0,0,0,0,0,0,0,0,0,0,0,0,0,0,0,0,0,1,1,1,False
33,47183,-14,76907,1,349942,-8,33557,-0,002654806,0,9902614,-0,001197969,-0,1391898,0,0,0,0,0,0,0,0,0,0,0,0,0,0,0,0,0,0,0,0,0,0,1,1,1,False
33,48943,-14,76907,1,349942,-8,33557,-0,002654806,0,9902614,-0,001197969,-0,1391898,0,0,0,0,0,0,0,0,0,0,0,0,0,0,0,0,0,0,0,0,0,0,1,1,1,False
33,50893,-14,76907,1,299942,-8,33557,-0,002654806,0,9902614,-0,001197969,-0,1391898,0,0,0,0,0,0,0,0,0,0,0,0,0,0,0,0,0,0,0,0,0,0,1,1,1,False
33,52626,-14,76907,1,299942,-8,33557,-0,002654806,0,9902614,-0,001197969,-0,1391898,0,0,0,0,0,0,0,0,0,0,0,0,0,0,0,0,0,0,0,0,0,0,1,1,1,False
33,55186,-14,76907,1,249942,-8,33557,-0,002654806,0,9902614,-0,001197969,-0,1391898,0,0,0,0,0,0,0,0,0,0,0,0,0,0,0,0,0,0,0,0,0,0,1,1,1,False
33,57338,-14,76907,1,199942,-8,33557,-0,002654806,0,9902614,-0,001197969,-0,1391898,0,0,0,0,0,0,0,0,0,0,0,0,0,0,0,0,0,0,0,0,0,0,1,1,1,False
33,59508,-14,76907,1,099942,-8,33557,-0,002654806,0,9902614,-0,001197969,-0,1391898,0,0,0,0,0,0,0,0,0,0,0,0,0,0,0,0,0,0,0,0,0,0,1,1,1,False
33,62561,-14,76907,1,414734,-8,33557,-0,002654806,0,9902614,-0,001197969,-0,1391898,0,0,0,0,0,0,0,0,0,0,0,0,0,0,0,0,0,0,0,0,0,0,1,1,1,False
33,64917,-14,76907,1,377623,-8,33557,-0,002654806,0,9902614,-0,001197969,-0,1391898,0,0,0,0,0,0,0,0,0,0,0,0,0,0,0,0,0,0,0,0,0,0,1,1,1,False
33,67167,-14,76907,1,345813,-8,33557,-0,002654806,0,9902614,-0,001197969,-0,1391898,0,0,0,0,0,0,0,0,0,0,0,0,0,0,0,0,0,0,0,0,0,0,1,1,1,False
33,69441,-14,76907,1,351838,-8,33557,-0,002654806,0,9902614,-0,001197969,-0,1391898,0,0,0,0,0,0,0,0,0,0,0,0,0,0,0,0,0,0,0,0,0,0,1,1,1,False
33,71526,-14,76907,1,362541,-8,33557,-0,002654806,0,9902614,-0,001197969,-0,1391898,0,0,0,0,0,0,0,0,0,0,0,0,0,0,0,0,0,0,0,0,0,0,1,1,1,False
33,73468,-14,76907,1,335936,-8,33557,-0,002654806,0,9902614,-0,001197969,-0,1391898,0,0,0,0,0,0,0,0,0,0,0,0,0,0,0,0,0,0,0,0,0,0,1,1,1,False
33,7545,-14,76907,1,335936,-8,33557,-0,002654806,0,9902614,-0,001197969,-0,1391898,0,0,0,0,0,0,0,0,0,0,0,0,0,0,0,0,0,0,0,0,0,0,1,1,1,False
33,78221,-14,76907,1,915709,-8,33557,-0,002654806,0,9902614,-0,001197969,-0,1391898,0,0,0,0,0,0,0,0,0,0,0,0,0,0,0,0,0,0,0,0,0,0,1,1,1,False
33,80243,-14,76907,1,925466,-8,33557,-0,002654806,0,9902614,-0,001197969,-0,1391898,0,0,0,0,0,0,0,0,0,0,0,0,0,0,0,0,0,0,0,0,0,0,1,1,1,False
33,82225,-14,76907,1,925466,-8,33557,-0,002654806,0,9902614,-0,001197969,-0,1391898,0,0,0,0,0,0,0,0,0,0,0,0,0,0,0,0,0,0,0,0,0,0,1,1,1,False
33,85932,-14,76907,1,925466,-8,33557,-0,002654806,0,9902614,-0,001197969,-0,1391898,0,0,0,0,0,0,0,0,0,0,0,0,0,0,0,0,0,0,0,0,0,0,1,1,1,False
33,87595,-14,76907,1,925466,-8,33557,-0,002654806,0,9902614,-0,001197969,-0,1391898,0,0,0,0,0,0,0,0,0,0,0,0,0,0,0,0,0,0,0,0,0,0,1,1,1,False
33,89015,-14,76907,1,925466,-8,33557,-0,002654806,0,9902614,-0,001197969,-0,1391898,0,0,0,0,0,0,0,0,0,0,0,0,0,0,0,0,0,0,0,0,0,0,1,1,1,False
33,9053,-14,76907,1,925466,-8,33557,-0,002654806,0,9902614,-0,001197969,-0,1391898,0,0,0,0,0,0,0,0,0,0,0,0,0,0,0,0,0,0,0,0,0,0,1,1,1,False
33,92945,-14,76907,1,851106,-8,33557,-0,002654806,0,9902614,-0,001197969,-0,1391898,0,0,0,0,0,0,0,0,0,0,0,0,0,0,0,0,0,0,0,0,0,0,1,1,1,False
33,94782,-14,76907,2,381205,-8,33557,-0,002654806,0,9902614,-0,001197969,-0,1391898,0,0,0,0,0,0,0,0,0,0,0,0,0,0,0,0,0,0,0,0,0,0,1,1,1,False
33,96399,-14,76907,2,381205,-8,33557,-0,002654806,0,9902614,-0,001197969,-0,1391898,0,0,0,0,0,0,0,0,0,0,0,0,0,0,0,0,0,0,0,0,0,0,1,1,1,False
33,9798,-14,76907,2,381205,-8,33557,-0,002654806,0,9902614,-0,001197969,-0,1391898,0,0,0,0,0,0,0,0,0,0,0,0,0,0,0,0,0,0,0,0,0,0,1,1,1,False
33,99533,-14,76907,0,5475757,-8,33557,-0,002654806,0,9902614,-0,001197969,-0,1391898,0,0,0,0,0,0,0,0,0,0,0,0,0,0,0,0,0,0,0,0,0,0,1,1,1,False
34,01236,-14,76907,2,330796,-8,33557,-0,002654806,0,9902614,-0,001197969,-0,1391898,0,0,0,0,0,0,0,0,0,0,0,0,0,0,0,0,0,0,0,0,0,0,1,1,1,False
34,02962,-14,76907,2,273896,-8,33557,-0,002654806,0,9902614,-0,001197969,-0,1391898,0,0,0,0,0,0,0,0,0,0,0,0,0,0,0,0,0,0,0,0,0,0,1,1,1,False
34,04544,-14,76907,2,274041,-8,33557,-0,002654806,0,9902614,-0,001197969,-0,1391898,0,0,0,0,0,0,0,0,0,0,0,0,0,0,0,0,0,0,0,0,0,0,1,1,1,False
34,06302,-14,76907,0,6055894,-8,33557,-0,002654806,0,9902614,-0,001197969,-0,1391898,0,0,0,0,0,0,0,0,0,0,0,0,0,0,0,0,0,0,0,0,0,0,1,1,1,False
34,08725,-14,76907,0,5800579,-8,33557,-0,002654806,0,9902614,-0,001197969,-0,1391898,0,0,0,0,0,0,0,0,0,0,0,0,0,0,0,0,0,0,0,0,0,0,1,1,1,False
34,10471,-14,76907,0,5985475,-8,33557,-0,002654806,0,9902614,-0,001197969,-0,1391898,0,0,0,0,0,0,0,0,0,0,0,0,0,0,0,0,0,0,0,0,0,0,1,1,1,False
34,12164,-14,76907,0,6563807,-8,33557,-0,002654806,0,9902614,-0,001197969,-0,1391898,0,0,0,0,0,0,0,0,0,0,0,0,0,0,0,0,0,0,0,0,0,0,1,1,1,False
34,13873,-14,76907,0,6533053,-8,33557,-0,002654806,0,9902614,-0,001197969,-0,1391898,0,0,0,0,0,0,0,0,0,0,0,0,0,0,0,0,0,0,0,0,0,0,1,1,1,False
34,15496,-14,76907,0,6620367,-8,33557,-0,002654806,0,9902614,-0,001197969,-0,1391898,0,0,0,0,0,0,0,0,0,0,0,0,0,0,0,0,0,0,0,0,0,0,1,1,1,False
34,17089,-14,76907,0,6321881,-8,33557,-0,002654806,0,9902614,-0,001197969,-0,1391898,0,0,0,0,0,0,0,0,0,0,0,0,0,0,0,0,0,0,0,0,0,0,1,1,1,False
34,187,-14,76907,0,5994351,-8,33557,-0,002654806,0,9902614,-0,001197969,-0,1391898,0,0,0,0,0,0,0,0,0,0,0,0,0,0,0,0,0,0,0,0,0,0,1,1,1,False
34,20264,-14,76907,0,5652456,-8,33557,-0,002654806,0,9902614,-0,001197969,-0,1391898,0,0,0,0,0,0,0,0,0,0,0,0,0,0,0,0,0,0,0,0,0,0,1,1,1,False
34,21955,-14,76907,0,6601577,-8,33557,-0,002654806,0,9902614,-0,001197969,-0,1391898,0,0,0,0,0,0,0,0,0,0,0,0,0,0,0,0,0,0,0,0,0,0,1,1,1,False
34,24181,-14,76907,0,6029513,-8,33557,-0,002654806,0,9902614,-0,001197969,-0,1391898,0,0,0,0,0,0,0,0,0,0,0,0,0,0,0,0,0,0,0,0,0,0,1,1,1,False
34,25956,-14,76907,0,7012219,-8,33557,-0,002654806,0,9902614,-0,001197969,-0,1391898,0,0,0,0,0,0,0,0,0,0,0,0,0,0,0,0,0,0,0,0,0,0,1,1,1,False
34,27585,-14,76907,0,653928,-8,33557,-0,002654806,0,9902614,-0,001197969,-0,1391898,0,0,0,0,0,0,0,0,0,0,0,0,0,0,0,0,0,0,0,0,0,0,1,1,1,False
34,29406,-14,76907,0,703788,-8,33557,-0,002654806,0,9902614,-0,001197969,-0,1391898,0,0,0,0,0,0,0,0,0,0,0,0,0,0,0,0,0,0,0,0,0,0,1,1,1,False
34,3119,-14,76907,0,7018485,-8,33557,-0,002654806,0,9902614,-0,001197969,-0,1391898,0,0,0,0,0,0,0,0,0,0,0,0,0,0,0,0,0,0,0,0,0,0,1,1,1,False
34,3295,-14,76907,0,7095475,-8,33557,-0,002654806,0,9902614,-0,001197969,-0,1391898,0,0,0,0,0,0,0,0,0,0,0,0,0,0,0,0,0,0,0,0,0,0,1,1,1,False
34,34665,-14,76907,2,711632,-8,33557,-0,002654806,0,9902614,-0,001197969,-0,1391898,0,0,0,0,0,0,0,0,0,0,0,0,0,0,0,0,0,0,0,0,0,0,1,1,1,False
34,36374,-14,76907,2,711631,-8,33557,-0,002654806,0,9902614,-0,001197969,-0,1391898,0,0,0,0,0,0,0,0,0,0,0,0,0,0,0,0,0,0,0,0,0,0,1,1,1,False
34,38128,-14,76907,2,711878,-8,33557,-0,002654806,0,9902614,-0,001197969,-0,1391898,0,0,0,0,0,0,0,0,0,0,0,0,0,0,0,0,0,0,0,0,0,0,1,1,1,False
34,40565,-14,76907,2,711884,-8,33557,-0,002654806,0,9902614,-0,001197969,-0,1391898,0,0,0,0,0,0,0,0,0,0,0,0,0,0,0,0,0,0,0,0,0,0,1,1,1,False
34,423,-14,76907,2,712065,-8,33557,-0,002654806,0,9902614,-0,001197969,-0,1391898,0,0,0,0,0,0,0,0,0,0,0,0,0,0,0,0,0,0,0,0,0,0,1,1,1,False
34,44003,-14,76907,2,71079,-8,33557,-0,002654806,0,9902614,-0,001197969,-0,1391898,0,0,0,0,0,0,0,0,0,0,0,0,0,0,0,0,0,0,0,0,0,0,1,1,1,False
34,4568,-14,76907,2,71079,-8,33557,-0,002654806,0,9902614,-0,001197969,-0,1391898,0,0,0,0,0,0,0,0,0,0,0,0,0,0,0,0,0,0,0,0,0,0,1,1,1,False
34,47273,-14,76907,2,712095,-8,33557,-0,002654806,0,9902614,-0,001197969,-0,1391898,0,0,0,0,0,0,0,0,0,0,0,0,0,0,0,0,0,0,0,0,0,0,1,1,1,False
34,48976,-14,76907,2,711462,-8,33557,-0,002654806,0,9902614,-0,001197969,-0,1391898,0,0,0,0,0,0,0,0,0,0,0,0,0,0,0,0,0,0,0,0,0,0,1,1,1,False
34,50725,-14,76907,2,710685,-8,33557,-0,002654806,0,9902614,-0,001197969,-0,1391898,0,0,0,0,0,0,0,0,0,0,0,0,0,0,0,0,0,0,0,0,0,0,1,1,1,False
34,52293,-14,76907,2,759451,-8,33557,-0,002654806,0,9902614,-0,001197969,-0,1391898,0,0,0,0,0,0,0,0,0,0,0,0,0,0,0,0,0,0,0,0,0,0,1,1,1,False
34,53841,-14,76907,2,75945,-8,33557,-0,002654806,0,9902614,-0,001197969,-0,1391898,0,0,0,0,0,0,0,0,0,0,0,0,0,0,0,0,0,0,0,0,0,0,1,1,1,False
34,56014,-14,76907,2,783152,-8,33557,-0,002654806,0,9902614,-0,001197969,-0,1391898,0,0,0,0,0,0,0,0,0,0,0,0,0,0,0,0,0,0,0,0,0,0,1,1,1,False
34,57655,-14,76907,2,783151,-8,33557,-0,002654806,0,9902614,-0,001197969,-0,1391898,0,0,0,0,0,0,0,0,0,0,0,0,0,0,0,0,0,0,0,0,0,0,1,1,1,False
34,59195,-14,76907,2,737999,-8,33557,-0,002654806,0,9902614,-0,001197969,-0,1391898,0,0,0,0,0,0,0,0,0,0,0,0,0,0,0,0,0,0,0,0,0,0,1,1,1,False
34,60788,-14,76907,2,678052,-8,33557,-0,002654806,0,9902614,-0,001197969,-0,1391898,0,0,0,0,0,0,0,0,0,0,0,0,0,0,0,0,0,0,0,0,0,0,1,1,1,False
34,62371,-14,76907,2,615181,-8,33557,-0,002654806,0,9902614,-0,001197969,-0,1391898,0,0,0,0,0,0,0,0,0,0,0,0,0,0,0,0,0,0,0,0,0,0,1,1,1,False
34,63913,-14,76907,2,615181,-8,33557,-0,002654806,0,9902614,-0,001197969,-0,1391898,0,0,0,0,0,0,0,0,0,0,0,0,0,0,0,0,0,0,0,0,0,0,1,1,1,False
34,65374,-14,76907,2,613088,-8,33557,-0,002654806,0,9902614,-0,001197969,-0,1391898,0,0,0,0,0,0,0,0,0,0,0,0,0,0,0,0,0,0,0,0,0,0,1,1,1,False
34,67097,-14,76907,2,43403,-8,33557,-0,002654806,0,9902614,-0,001197969,-0,1391898,0,0,0,0,0,0,0,0,0,0,0,0,0,0,0,0,0,0,0,0,0,0,1,1,1,False
34,68805,-14,76907,2,396586,-8,33557,-0,002654806,0,9902614,-0,001197969,-0,1391898,0,0,0,0,0,0,0,0,0,0,0,0,0,0,0,0,0,0,0,0,0,0,1,1,1,False
34,70514,-14,76907,2,398557,-8,33557,-0,002654806,0,9902614,-0,001197969,-0,1391898,0,0,0,0,0,0,0,0,0,0,0,0,0,0,0,0,0,0,0,0,0,0,1,1,1,False
34,72938,-14,76907,2,393595,-8,33557,-0,002654806,0,9902614,-0,001197969,-0,1391898,0,0,0,0,0,0,0,0,0,0,0,0,0,0,0,0,0,0,0,0,0,0,1,1,1,False
34,74646,-14,76907,2,402628,-8,33557,-0,002654806,0,9902614,-0,001197969,-0,1391898,0,0,0,0,0,0,0,0,0,0,0,0,0,0,0,0,0,0,0,0,0,0,1,1,1,False
34,7621,-14,76907,2,383755,-8,33557,-0,002654806,0,9902614,-0,001197969,-0,1391898,0,0,0,0,0,0,0,0,0,0,0,0,0,0,0,0,0,0,0,0,0,0,1,1,1,False
34,77779,-14,76907,2,362422,-8,33557,-0,002654806,0,9902614,-0,001197969,-0,1391898,0,0,0,0,0,0,0,0,0,0,0,0,0,0,0,0,0,0,0,0,0,0,1,1,1,False
34,79248,-14,76907,2,781273,-8,33557,-0,002654806,0,9902614,-0,001197969,-0,1391898,0,0,0,0,0,0,0,0,0,0,0,0,0,0,0,0,0,0,0,0,0,0,1,1,1,False
34,80854,-14,76907,2,781273,-8,33557,-0,002654806,0,9902614,-0,001197969,-0,1391898,0,0,0,0,0,0,0,0,0,0,0,0,0,0,0,0,0,0,0,0,0,0,1,1,1,False
34,82444,-14,76907,2,781273,-8,33557,-0,002654806,0,9902614,-0,001197969,-0,1391898,0,0,0,0,0,0,0,0,0,0,0,0,0,0,0,0,0,0,0,0,0,0,1,1,1,False
34,84056,-14,76907,2,781273,-8,33557,-0,002654806,0,9902614,-0,001197969,-0,1391898,0,0,0,0,0,0,0,0,0,0,0,0,0,0,0,0,0,0,0,0,0,0,1,1,1,False
34,85717,-14,76907,2,781273,-8,33557,-0,002654806,0,9902614,-0,001197969,-0,1391898,0,0,0,0,0,0,0,0,0,0,0,0,0,0,0,0,0,0,0,0,0,0,1,1,1,False
34,8794,-14,76907,2,776425,-8,33557,-0,002654806,0,9902614,-0,001197969,-0,1391898,0,0,0,0,0,0,0,0,0,0,0,0,0,0,0,0,0,0,0,0,0,0,1,1,1,False
34,89514,-14,76907,2,770562,-8,33557,-0,002654806,0,9902614,-0,001197969,-0,1391898,0,0,0,0,0,0,0,0,0,0,0,0,0,0,0,0,0,0,0,0,0,0,1,1,1,False
34,91085,-14,76907,2,762284,-8,33557,-0,002654806,0,9902614,-0,001197969,-0,1391898,0,0,0,0,0,0,0,0,0,0,0,0,0,0,0,0,0,0,0,0,0,0,1,1,1,False
34,92645,-14,76907,2,751687,-8,33557,-0,002654806,0,9902614,-0,001197969,-0,1391898,0,0,0,0,0,0,0,0,0,0,0,0,0,0,0,0,0,0,0,0,0,0,1,1,1,False
34,94247,-14,76907,2,738274,-8,33557,-0,002654806,0,9902614,-0,001197969,-0,1391898,0,0,0,0,0,0,0,0,0,0,0,0,0,0,0,0,0,0,0,0,0,0,1,1,1,False
34,95814,-14,76907,2,722756,-8,33557,-0,002654806,0,9902614,-0,001197969,-0,1391898,0,0,0,0,0,0,0,0,0,0,0,0,0,0,0,0,0,0,0,0,0,0,1,1,1,False
34,97552,-14,76907,2,70258,-8,33557,-0,002654806,0,9902614,-0,001197969,-0,1391898,0,0,0,0,0,0,0,0,0,0,0,0,0,0,0,0,0,0,0,0,0,0,1,1,1,False
34,9912,-14,76907,2,681961,-8,33557,-0,002654806,0,9902614,-0,001197969,-0,1391898,0,0,0,0,0,0,0,0,0,0,0,0,0,0,0,0,0,0,0,0,0,0,1,1,1,False
35,00637,-14,76907,2,65976,-8,33557,-0,002654806,0,9902614,-0,001197969,-0,1391898,0,0,0,0,0,0,0,0,0,0,0,0,0,0,0,0,0,0,0,0,0,0,1,1,1,False
35,02259,-14,76907,2,633426,-8,33557,-0,002654806,0,9902614,-0,001197969,-0,1391898,0,0,0,0,0,0,0,0,0,0,0,0,0,0,0,0,0,0,0,0,0,0,1,1,1,False
35,04686,-14,76907,2,436339,-8,33557,-0,002654806,0,9902614,-0,001197969,-0,1391898,0,0,0,0,0,0,0,0,0,0,0,0,0,0,0,0,0,0,0,0,0,0,1,1,1,False
35,064,-14,76907,2,373248,-8,33557,-0,002654806,0,9902614,-0,001197969,-0,1391898,0,0,0,0,0,0,0,0,0,0,0,0,0,0,0,0,0,0,0,0,0,0,1,1,1,False
35,07975,-14,76907,2,373248,-8,33557,-0,002654806,0,9902614,-0,001197969,-0,1391898,0,0,0,0,0,0,0,0,0,0,0,0,0,0,0,0,0,0,0,0,0,0,1,1,1,False
35,09533,-14,75907,0,4135306,-8,33557,-0,002654806,0,9902614,-0,001197969,-0,1391898,0,0,0,0,0,0,0,0,0,0,0,0,0,0,0,0,0,0,0,0,0,0,1,1,1,False
35,1125,-14,75907,0,3569419,-8,33557,-0,002654806,0,9902614,-0,001197969,-0,1391898,0,0,0,0,0,0,0,0,0,0,0,0,0,0,0,0,0,0,0,0,0,0,1,1,1,False
35,12836,-14,75907,0,3147271,-8,33557,-0,002654806,0,9902614,-0,001197969,-0,1391898,0,0,0,0,0,0,0,0,0,0,0,0,0,0,0,0,0,0,0,0,0,0,1,1,1,False
35,14515,-14,75907,0,2925203,-8,33557,-0,002654806,0,9902614,-0,001197969,-0,1391898,0,0,0,0,0,0,0,0,0,0,0,0,0,0,0,0,0,0,0,0,0,0,1,1,1,False
35,16204,-14,75907,0,2394068,-8,33557,-0,002654806,0,9902614,-0,001197969,-0,1391898,0,0,0,0,0,0,0,0,0,0,0,0,0,0,0,0,0,0,0,0,0,0,1,1,1,False
35,17947,-14,75907,0,1748335,-8,33557,-0,002654806,0,9902614,-0,001197969,-0,1391898,0,0,0,0,0,0,0,0,0,0,0,0,0,0,0,0,0,0,0,0,0,0,1,1,1,False
35,20266,-14,75907,0,09133935,-8,33557,-0,002654806,0,9902614,-0,001197969,-0,1391898,0,0,0,0,0,0,0,0,0,0,0,0,0,0,0,0,0,0,0,0,0,0,1,1,1,False
35,2202,-14,75907,-0,00252986,-8,33557,-0,002654806,0,9902614,-0,001197969,-0,1391898,0,0,0,0,0,0,0,0,0,0,0,0,0,0,0,0,0,0,0,0,0,0,1,1,1,False
35,23603,-14,75907,-0,06133819,-8,33557,-0,002654806,0,9902614,-0,001197969,-0,1391898,0,0,0,0,0,0,0,0,0,0,0,0,0,0,0,0,0,0,0,0,0,0,1,1,1,False
35,25238,-14,75907,-0,05347562,-8,33557,-0,002654806,0,9902614,-0,001197969,-0,1391898,0,0,0,0,0,0,0,0,0,0,0,0,0,0,0,0,0,0,0,0,0,0,1,1,1,False
35,26838,-14,75907,-0,1179869,-8,33557,-0,002654806,0,9902614,-0,001197969,-0,1391898,0,0,0,0,0,0,0,0,0,0,0,0,0,0,0,0,0,0,0,0,0,0,1,1,1,False
35,2845,-14,75907,-0,1855919,-8,33557,-0,002654806,0,9902614,-0,001197969,-0,1391898,0,0,0,0,0,0,0,0,0,0,0,0,0,0,0,0,0,0,0,0,0,0,1,1,1,False
35,30146,-14,75907,-0,123987,-8,33557,-0,002654806,0,9902614,-0,001197969,-0,1391898,0,0,0,0,0,0,0,0,0,0,0,0,0,0,0,0,0,0,0,0,0,0,1,1,1,False
35,31739,-14,75907,-0,1959281,-8,33557,-0,002654806,0,9902614,-0,001197969,-0,1391898,0,0,0,0,0,0,0,0,0,0,0,0,0,0,0,0,0,0,0,0,0,0,1,1,1,False
35,33229,-14,75907,-0,2653368,-8,33557,-0,002654806,0,9902614,-0,001197969,-0,1391898,0,0,0,0,0,0,0,0,0,0,0,0,0,0,0,0,0,0,0,0,0,0,1,1,1,False
35,35533,-14,75907,-0,3779376,-8,33557,-0,002654806,0,9902614,-0,001197969,-0,1391898,0,0,0,0,0,0,0,0,0,0,0,0,0,0,0,0,0,0,0,0,0,0,1,1,1,False
35,37145,-14,75907,-0,4592888,-8,33557,-0,002654806,0,9902614,-0,001197969,-0,1391898,0,0,0,0,0,0,0,0,0,0,0,0,0,0,0,0,0,0,0,0,0,0,1,1,1,False
35,38731,-14,75907,-0,5417755,-8,33557,-0,002654806,0,9902614,-0,001197969,-0,1391898,0,0,0,0,0,0,0,0,0,0,0,0,0,0,0,0,0,0,0,0,0,0,1,1,1,False
35,40348,-14,75907,-0,6284082,-8,33557,-0,002654806,0,9902614,-0,001197969,-0,1391898,0,0,0,0,0,0,0,0,0,0,0,0,0,0,0,0,0,0,0,0,0,0,1,1,1,False
35,42081,-14,75907,1,864962,-8,33557,-0,002654806,0,9902614,-0,001197969,-0,1391898,0,0,0,0,0,0,0,0,0,0,0,0,0,0,0,0,0,0,0,0,0,0,1,1,1,False
35,43805,-14,75907,1,864962,-8,33557,-0,002654806,0,9902614,-0,001197969,-0,1391898,0,0,0,0,0,0,0,0,0,0,0,0,0,0,0,0,0,0,0,0,0,0,1,1,1,False
35,45428,-14,75907,1,865096,-8,33557,-0,002654806,0,9902614,-0,001197969,-0,1391898,0,0,0,0,0,0,0,0,0,0,0,0,0,0,0,0,0,0,0,0,0,0,1,1,1,False
35,47155,-14,76907,1,873747,-8,33557,-0,002654806,0,9902614,-0,001197969,-0,1391898,0,0,0,0,0,0,0,0,0,0,0,0,0,0,0,0,0,0,0,0,0,0,1,1,1,False
35,48877,-14,76907,1,87923,-8,33557,-0,002654806,0,9902614,-0,001197969,-0,1391898,0,0,0,0,0,0,0,0,0,0,0,0,0,0,0,0,0,0,0,0,0,0,1,1,1,False
35,51271,-14,76907,1,874678,-8,33557,-0,002654806,0,9902614,-0,001197969,-0,1391898,0,0,0,0,0,0,0,0,0,0,0,0,0,0,0,0,0,0,0,0,0,0,1,1,1,False
35,52947,-14,76907,0,9099419,-8,33557,-0,002654806,0,9902614,-0,001197969,-0,1391898,0,0,0,0,0,0,0,0,0,0,0,0,0,0,0,0,0,0,0,0,0,0,1,1,1,False
35,5452,-14,76907,1,982904,-8,33557,-0,002654806,0,9902614,-0,001197969,-0,1391898,0,0,0,0,0,0,0,0,0,0,0,0,0,0,0,0,0,0,0,0,0,0,1,1,1,False
35,56112,-14,76907,2,351078,-8,33557,-0,002654806,0,9902614,-0,001197969,-0,1391898,0,0,0,0,0,0,0,0,0,0,0,0,0,0,0,0,0,0,0,0,0,0,1,1,1,False
35,5778,-14,76907,2,351079,-8,33557,-0,002654806,0,9902614,-0,001197969,-0,1391898,0,0,0,0,0,0,0,0,0,0,0,0,0,0,0,0,0,0,0,0,0,0,1,1,1,False
35,59255,-14,76907,2,351079,-8,33557,-0,002654806,0,9902614,-0,001197969,-0,1391898,0,0,0,0,0,0,0,0,0,0,0,0,0,0,0,0,0,0,0,0,0,0,1,1,1,False
35,60814,-14,76907,2,351079,-8,33557,-0,002654806,0,9902614,-0,001197969,-0,1391898,0,0,0,0,0,0,0,0,0,0,0,0,0,0,0,0,0,0,0,0,0,0,1,1,1,False
35,62449,-14,76907,2,351079,-8,33557,-0,002654806,0,9902614,-0,001197969,-0,1391898,0,0,0,0,0,0,0,0,0,0,0,0,0,0,0,0,0,0,0,0,0,0,1,1,1,False
35,64144,-14,76907,2,351079,-8,33557,-0,002654806,0,9902614,-0,001197969,-0,1391898,0,0,0,0,0,0,0,0,0,0,0,0,0,0,0,0,0,0,0,0,0,0,1,1,1,False
35,66465,-14,76907,2,351079,-8,33557,-0,002654806,0,9902614,-0,001197969,-0,1391898,0,0,0,0,0,0,0,0,0,0,0,0,0,0,0,0,0,0,0,0,0,0,1,1,1,False
35,68064,-14,76907,2,351079,-8,33557,-0,002654806,0,9902614,-0,001197969,-0,1391898,0,0,0,0,0,0,0,0,0,0,0,0,0,0,0,0,0,0,0,0,0,0,1,1,1,False
35,69752,-14,76907,0,9599419,-8,33557,-0,002654806,0,9902614,-0,001197969,-0,1391898,0,0,0,0,0,0,0,0,0,0,0,0,0,0,0,0,0,0,0,0,0,0,1,1,1,False
35,71239,-14,76907,0,9599419,-8,33557,-0,002654806,0,9902614,-0,001197969,-0,1391898,0,0,0,0,0,0,0,0,0,0,0,0,0,0,0,0,0,0,0,0,0,0,1,1,1,False
35,72841,-14,76907,2,447225,-8,33557,-0,002654806,0,9902614,-0,001197969,-0,1391898,0,0,0,0,0,0,0,0,0,0,0,0,0,0,0,0,0,0,0,0,0,0,1,1,1,False
35,74442,-14,76907,2,442197,-8,33557,-0,002654806,0,9902614,-0,001197969,-0,1391898,0,0,0,0,0,0,0,0,0,0,0,0,0,0,0,0,0,0,0,0,0,0,1,1,1,False
35,76038,-14,76907,2,442197,-8,33557,-0,002654806,0,9902614,-0,001197969,-0,1391898,0,0,0,0,0,0,0,0,0,0,0,0,0,0,0,0,0,0,0,0,0,0,1,1,1,False
35,77648,-14,76907,2,442197,-8,33557,-0,002654806,0,9902614,-0,001197969,-0,1391898,0,0,0,0,0,0,0,0,0,0,0,0,0,0,0,0,0,0,0,0,0,0,1,1,1,False
35,79124,-14,76907,2,442197,-8,33557,-0,002654806,0,9902614,-0,001197969,-0,1391898,0,0,0,0,0,0,0,0,0,0,0,0,0,0,0,0,0,0,0,0,0,0,1,1,1,False
35,8073,-14,76907,2,442197,-8,33557,-0,002654806,0,9902614,-0,001197969,-0,1391898,0,0,0,0,0,0,0,0,0,0,0,0,0,0,0,0,0,0,0,0,0,0,1,1,1,False
35,8308,-14,76907,2,442197,-8,33557,-0,002654806,0,9902614,-0,001197969,-0,1391898,0,0,0,0,0,0,0,0,0,0,0,0,0,0,0,0,0,0,0,0,0,0,1,1,1,False
35,84624,-14,76907,2,442197,-8,33557,-0,002654806,0,9902614,-0,001197969,-0,1391898,0,0,0,0,0,0,0,0,0,0,0,0,0,0,0,0,0,0,0,0,0,0,1,1,1,False
35,86162,-14,76907,2,442197,-8,33557,-0,002654806,0,9902614,-0,001197969,-0,1391898,0,0,0,0,0,0,0,0,0,0,0,0,0,0,0,0,0,0,0,0,0,0,1,1,1,False
35,87709,-14,76907,2,442197,-8,33557,-0,002654806,0,9902614,-0,001197969,-0,1391898,0,0,0,0,0,0,0,0,0,0,0,0,0,0,0,0,0,0,0,0,0,0,1,1,1,False
35,89156,-14,76907,2,442197,-8,33557,-0,002654806,0,9902614,-0,001197969,-0,1391898,0,0,0,0,0,0,0,0,0,0,0,0,0,0,0,0,0,0,0,0,0,0,1,1,1,False
35,90729,-14,76907,2,442197,-8,33557,-0,002654806,0,9902614,-0,001197969,-0,1391898,0,0,0,0,0,0,0,0,0,0,0,0,0,0,0,0,0,0,0,0,0,0,1,1,1,False
35,92539,-14,76907,2,442197,-8,33557,-0,002654806,0,9902614,-0,001197969,-0,1391898,0,0,0,0,0,0,0,0,0,0,0,0,0,0,0,0,0,0,0,0,0,0,1,1,1,False
35,94218,-14,76907,2,532238,-8,33557,-0,002654806,0,9902614,-0,001197969,-0,1391898,0,0,0,0,0,0,0,0,0,0,0,0,0,0,0,0,0,0,0,0,0,0,1,1,1,False
35,95906,-14,76907,2,532237,-8,33557,-0,002654806,0,9902614,-0,001197969,-0,1391898,0,0,0,0,0,0,0,0,0,0,0,0,0,0,0,0,0,0,0,0,0,0,1,1,1,False
35,98284,-14,76907,2,497148,-8,33557,-0,002654806,0,9902614,-0,001197969,-0,1391898,0,0,0,0,0,0,0,0,0,0,0,0,0,0,0,0,0,0,0,0,0,0,1,1,1,False
35,99887,-14,76907,2,495858,-8,33557,-0,002654806,0,9902614,-0,001197969,-0,1391898,0,0,0,0,0,0,0,0,0,0,0,0,0,0,0,0,0,0,0,0,0,0,1,1,1,False
36,01355,-14,76907,2,483161,-8,33557,-0,002654806,0,9902614,-0,001197969,-0,1391898,0,0,0,0,0,0,0,0,0,0,0,0,0,0,0,0,0,0,0,0,0,0,1,1,1,False
36,02902,-14,76907,2,728136,-8,33557,-0,002654806,0,9902614,-0,001197969,-0,1391898,0,0,0,0,0,0,0,0,0,0,0,0,0,0,0,0,0,0,0,0,0,0,1,1,1,False
36,04466,-14,76907,2,728136,-8,33557,-0,002654806,0,9902614,-0,001197969,-0,1391898,0,0,0,0,0,0,0,0,0,0,0,0,0,0,0,0,0,0,0,0,0,0,1,1,1,False
36,06036,-14,76907,2,728136,-8,33557,-0,002654806,0,9902614,-0,001197969,-0,1391898,0,0,0,0,0,0,0,0,0,0,0,0,0,0,0,0,0,0,0,0,0,0,1,1,1,False
36,07632,-14,76907,2,728136,-8,33557,-0,002654806,0,9902614,-0,001197969,-0,1391898,0,0,0,0,0,0,0,0,0,0,0,0,0,0,0,0,0,0,0,0,0,0,1,1,1,False
36,09091,-14,76907,2,728136,-8,33557,-0,002654806,0,9902614,-0,001197969,-0,1391898,0,0,0,0,0,0,0,0,0,0,0,0,0,0,0,0,0,0,0,0,0,0,1,1,1,False
36,10674,-14,76907,2,728136,-8,33557,-0,002654806,0,9902614,-0,001197969,-0,1391898,0,0,0,0,0,0,0,0,0,0,0,0,0,0,0,0,0,0,0,0,0,0,1,1,1,False
36,12282,-14,76907,2,728136,-8,33557,-0,002654806,0,9902614,-0,001197969,-0,1391898,0,0,0,0,0,0,0,0,0,0,0,0,0,0,0,0,0,0,0,0,0,0,1,1,1,False
36,14698,-14,76907,2,653042,-8,33557,-0,002654806,0,9902614,-0,001197969,-0,1391898,0,0,0,0,0,0,0,0,0,0,0,0,0,0,0,0,0,0,0,0,0,0,1,1,1,False
36,16367,-14,76907,2,646354,-8,33557,-0,002654806,0,9902614,-0,001197969,-0,1391898,0,0,0,0,0,0,0,0,0,0,0,0,0,0,0,0,0,0,0,0,0,0,1,1,1,False
36,17934,-14,76907,2,637671,-8,33557,-0,002654806,0,9902614,-0,001197969,-0,1391898,0,0,0,0,0,0,0,0,0,0,0,0,0,0,0,0,0,0,0,0,0,0,1,1,1,False
36,19516,-14,76907,0,6887093,-8,33557,-0,002654806,0,9902614,-0,001197969,-0,1391898,0,0,0,0,0,0,0,0,0,0,0,0,0,0,0,0,0,0,0,0,0,0,1,1,1,False
36,21144,-14,76907,0,6745639,-8,33557,-0,002654806,0,9902614,-0,001197969,-0,1391898,0,0,0,0,0,0,0,0,0,0,0,0,0,0,0,0,0,0,0,0,0,0,1,1,1,False
36,22731,-14,76907,0,6582882,-8,33557,-0,002654806,0,9902614,-0,001197969,-0,1391898,0,0,0,0,0,0,0,0,0,0,0,0,0,0,0,0,0,0,0,0,0,0,1,1,1,False
36,2444,-14,76907,0,629559,-8,33557,-0,002654806,0,9902614,-0,001197969,-0,1391898,0,0,0,0,0,0,0,0,0,0,0,0,0,0,0,0,0,0,0,0,0,0,1,1,1,False
36,26018,-14,76907,0,6082964,-8,33557,-0,002654806,0,9902614,-0,001197969,-0,1391898,0,0,0,0,0,0,0,0,0,0,0,0,0,0,0,0,0,0,0,0,0,0,1,1,1,False
36,27626,-14,76907,0,5840995,-8,33557,-0,002654806,0,9902614,-0,001197969,-0,1391898,0,0,0,0,0,0,0,0,0,0,0,0,0,0,0,0,0,0,0,0,0,0,1,1,1,False
36,29898,-14,76907,0,544836,-8,33557,-0,002654806,0,9902614,-0,001197969,-0,1391898,0,0,0,0,0,0,0,0,0,0,0,0,0,0,0,0,0,0,0,0,0,0,1,1,1,False
36,31503,-14,76907,0,5145628,-8,33557,-0,002654806,0,9902614,-0,001197969,-0,1391898,0,0,0,0,0,0,0,0,0,0,0,0,0,0,0,0,0,0,0,0,0,0,1,1,1,False
36,33118,-14,76907,0,4815633,-8,33557,-0,002654806,0,9902614,-0,001197969,-0,1391898,0,0,0,0,0,0,0,0,0,0,0,0,0,0,0,0,0,0,0,0,0,0,1,1,1,False
36,34761,-14,76907,0,4453335,-8,33557,-0,002654806,0,9902614,-0,001197969,-0,1391898,0,0,0,0,0,0,0,0,0,0,0,0,0,0,0,0,0,0,0,0,0,0,1,1,1,False
36,36363,-14,76907,0,40749,-8,33557,-0,002654806,0,9902614,-0,001197969,-0,1391898,0,0,0,0,0,0,0,0,0,0,0,0,0,0,0,0,0,0,0,0,0,0,1,1,1,False
36,37961,-14,76907,0,3672247,-8,33557,-0,002654806,0,9902614,-0,001197969,-0,1391898,0,0,0,0,0,0,0,0,0,0,0,0,0,0,0,0,0,0,0,0,0,0,1,1,1,False
36,39458,-14,76907,0,3273032,-8,33557,-0,002654806,0,9902614,-0,001197969,-0,1391898,0,0,0,0,0,0,0,0,0,0,0,0,0,0,0,0,0,0,0,0,0,0,1,1,1,False
36,41054,-14,76907,0,2822597,-8,33557,-0,002654806,0,9902614,-0,001197969,-0,1391898,0,0,0,0,0,0,0,0,0,0,0,0,0,0,0,0,0,0,0,0,0,0,1,1,1,False
36,42705,-14,76907,0,2329841,-8,33557,-0,002654806,0,9902614,-0,001197969,-0,1391898,0,0,0,0,0,0,0,0,0,0,0,0,0,0,0,0,0,0,0,0,0,0,1,1,1,False
36,45044,-14,76907,0,1578231,-8,33557,-0,002654806,0,9902614,-0,001197969,-0,1391898,0,0,0,0,0,0,0,0,0,0,0,0,0,0,0,0,0,0,0,0,0,0,1,1,1,False
36,46902,-14,76907,0,09472132,-8,33557,-0,002654806,0,9902614,-0,001197969,-0,1391898,0,0,0,0,0,0,0,0,0,0,0,0,0,0,0,0,0,0,0,0,0,0,1,1,1,False
36,48519,-14,76907,0,03725672,-8,33557,-0,002654806,0,9902614,-0,001197969,-0,1391898,0,0,0,0,0,0,0,0,0,0,0,0,0,0,0,0,0,0,0,0,0,0,1,1,1,False
36,50151,-14,76907,-0,02339172,-8,33557,-0,002654806,0,9902614,-0,001197969,-0,1391898,0,0,0,0,0,0,0,0,0,0,0,0,0,0,0,0,0,0,0,0,0,0,1,1,1,False
36,51748,-14,76907,-0,08521771,-8,33557,-0,002654806,0,9902614,-0,001197969,-0,1391898,0,0,0,0,0,0,0,0,0,0,0,0,0,0,0,0,0,0,0,0,0,0,1,1,1,False
36,5326,-14,76907,-0,1459773,-8,33557,-0,002654806,0,9902614,-0,001197969,-0,1391898,0,0,0,0,0,0,0,0,0,0,0,0,0,0,0,0,0,0,0,0,0,0,1,1,1,False
36,54865,-14,76907,-0,2130167,-8,33557,-0,002654806,0,9902614,-0,001197969,-0,1391898,0,0,0,0,0,0,0,0,0,0,0,0,0,0,0,0,0,0,0,0,0,0,1,1,1,False
36,56471,-14,76907,-0,2826669,-8,33557,-0,002654806,0,9902614,-0,001197969,-0,1391898,0,0,0,0,0,0,0,0,0,0,0,0,0,0,0,0,0,0,0,0,0,0,1,1,1,False
36,58098,-14,76907,-0,3557661,-8,33557,-0,002654806,0,9902614,-0,001197969,-0,1391898,0,0,0,0,0,0,0,0,0,0,0,0,0,0,0,0,0,0,0,0,0,0,1,1,1,False
36,60534,-14,76907,2,361954,-8,33557,-0,002654806,0,9902614,-0,001197969,-0,1391898,0,0,0,0,0,0,0,0,0,0,0,0,0,0,0,0,0,0,0,0,0,0,1,1,1,False
36,62231,-14,76907,2,337809,-8,33557,-0,002654806,0,9902614,-0,001197969,-0,1391898,0,0,0,0,0,0,0,0,0,0,0,0,0,0,0,0,0,0,0,0,0,0,1,1,1,False
36,63903,-14,76907,2,337809,-8,33557,-0,002654806,0,9902614,-0,001197969,-0,1391898,0,0,0,0,0,0,0,0,0,0,0,0,0,0,0,0,0,0,0,0,0,0,1,1,1,False
36,65544,-14,76907,2,354739,-8,33557,-0,002654806,0,9902614,-0,001197969,-0,1391898,0,0,0,0,0,0,0,0,0,0,0,0,0,0,0,0,0,0,0,0,0,0,1,1,1,False
36,67226,-14,76907,2,337877,-8,33557,-0,002654806,0,9902614,-0,001197969,-0,1391898,0,0,0,0,0,0,0,0,0,0,0,0,0,0,0,0,0,0,0,0,0,0,1,1,1,False
36,68943,-14,76907,2,385383,-8,33557,-0,002654806,0,9902614,-0,001197969,-0,1391898,0,0,0,0,0,0,0,0,0,0,0,0,0,0,0,0,0,0,0,0,0,0,1,1,1,False
36,70651,-14,76907,2,402779,-8,33557,-0,002654806,0,9902614,-0,001197969,-0,1391898,0,0,0,0,0,0,0,0,0,0,0,0,0,0,0,0,0,0,0,0,0,0,1,1,1,False
36,72349,-14,76907,2,420216,-8,33557,-0,002654806,0,9902614,-0,001197969,-0,1391898,0,0,0,0,0,0,0,0,0,0,0,0,0,0,0,0,0,0,0,0,0,0,1,1,1,False
36,74015,-14,76907,2,417766,-8,33557,-0,002654806,0,9902614,-0,001197969,-0,1391898,0,0,0,0,0,0,0,0,0,0,0,0,0,0,0,0,0,0,0,0,0,0,1,1,1,False
36,76281,-14,76907,2,275506,-8,33557,-0,002654806,0,9902614,-0,001197969,-0,1391898,0,0,0,0,0,0,0,0,0,0,0,0,0,0,0,0,0,0,0,0,0,0,1,1,1,False
36,77851,-14,76907,2,174512,-8,33557,-0,002654806,0,9902614,-0,001197969,-0,1391898,0,0,0,0,0,0,0,0,0,0,0,0,0,0,0,0,0,0,0,0,0,0,1,1,1,False
36,79352,-14,76907,2,174512,-8,33557,-0,002654806,0,9902614,-0,001197969,-0,1391898,0,0,0,0,0,0,0,0,0,0,0,0,0,0,0,0,0,0,0,0,0,0,1,1,1,False
36,80904,-14,76907,2,782998,-8,33557,-0,002654806,0,9902614,-0,001197969,-0,1391898,0,0,0,0,0,0,0,0,0,0,0,0,0,0,0,0,0,0,0,0,0,0,1,1,1,False
36,82475,-14,76907,2,972529,-8,33557,-0,002654806,0,9902614,-0,001197969,-0,1391898,0,0,0,0,0,0,0,0,0,0,0,0,0,0,0,0,0,0,0,0,0,0,1,1,1,False
36,84097,-14,76907,2,964981,-8,33557,-0,002654806,0,9902614,-0,001197969,-0,1391898,0,0,0,0,0,0,0,0,0,0,0,0,0,0,0,0,0,0,0,0,0,0,1,1,1,False
36,8569,-14,76907,2,955069,-8,33557,-0,002654806,0,9902614,-0,001197969,-0,1391898,0,0,0,0,0,0,0,0,0,0,0,0,0,0,0,0,0,0,0,0,0,0,1,1,1,False
36,87147,-14,76907,2,943932,-8,33557,-0,002654806,0,9902614,-0,001197969,-0,1391898,0,0,0,0,0,0,0,0,0,0,0,0,0,0,0,0,0,0,0,0,0,0,1,1,1,False
36,88737,-14,76907,2,92929,-8,33557,-0,002654806,0,9902614,-0,001197969,-0,1391898,0,0,0,0,0,0,0,0,0,0,0,0,0,0,0,0,0,0,0,0,0,0,1,1,1,False
36,90319,-14,76907,2,912274,-8,33557,-0,002654806,0,9902614,-0,001197969,-0,1391898,0,0,0,0,0,0,0,0,0,0,0,0,0,0,0,0,0,0,0,0,0,0,1,1,1,False
36,92658,-14,76907,2,881735,-8,33557,-0,002654806,0,9902614,-0,001197969,-0,1391898,0,0,0,0,0,0,0,0,0,0,0,0,0,0,0,0,0,0,0,0,0,0,1,1,1,False
36,94187,-14,76907,2,859484,-8,33557,-0,002654806,0,9902614,-0,001197969,-0,1391898,0,0,0,0,0,0,0,0,0,0,0,0,0,0,0,0,0,0,0,0,0,0,1,1,1,False
36,95737,-14,76907,2,834579,-8,33557,-0,002654806,0,9902614,-0,001197969,-0,1391898,0,0,0,0,0,0,0,0,0,0,0,0,0,0,0,0,0,0,0,0,0,0,1,1,1,False
36,97458,-14,76907,2,804014,-8,33557,-0,002654806,0,9902614,-0,001197969,-0,1391898,0,0,0,0,0,0,0,0,0,0,0,0,0,0,0,0,0,0,0,0,0,0,1,1,1,False
36,99026,-14,76907,2,773729,-8,33557,-0,002654806,0,9902614,-0,001197969,-0,1391898,0,0,0,0,0,0,0,0,0,0,0,0,0,0,0,0,0,0,0,0,0,0,1,1,1,False
37,00754,-14,76907,2,737457,-8,33557,-0,002654806,0,9902614,-0,001197969,-0,1391898,0,0,0,0,0,0,0,0,0,0,0,0,0,0,0,0,0,0,0,0,0,0,1,1,1,False
37,02332,-14,76907,2,70188,-8,33557,-0,002654806,0,9902614,-0,001197969,-0,1391898,0,0,0,0,0,0,0,0,0,0,0,0,0,0,0,0,0,0,0,0,0,0,1,1,1,False
37,03946,-14,76907,2,662938,-8,33557,-0,002654806,0,9902614,-0,001197969,-0,1391898,0,0,0,0,0,0,0,0,0,0,0,0,0,0,0,0,0,0,0,0,0,0,1,1,1,False
37,05516,-14,76907,2,622659,-8,33557,-0,002654806,0,9902614,-0,001197969,-0,1391898,0,0,0,0,0,0,0,0,0,0,0,0,0,0,0,0,0,0,0,0,0,0,1,1,1,False
37,07864,-14,76907,2,561432,-8,33557,-0,002654806,0,9902614,-0,001197969,-0,1391898,0,0,0,0,0,0,0,0,0,0,0,0,0,0,0,0,0,0,0,0,0,0,1,1,1,False
37,09505,-14,76907,2,561432,-8,33557,-0,002654806,0,9902614,-0,001197969,-0,1391898,0,0,0,0,0,0,0,0,0,0,0,0,0,0,0,0,0,0,0,0,0,0,1,1,1,False
37,11176,-14,76907,2,558693,-8,33557,-0,002654806,0,9902614,-0,001197969,-0,1391898,0,0,0,0,0,0,0,0,0,0,0,0,0,0,0,0,0,0,0,0,0,0,1,1,1,False
37,1282,-14,76907,2,553346,-8,33557,-0,002654806,0,9902614,-0,001197969,-0,1391898,0,0,0,0,0,0,0,0,0,0,0,0,0,0,0,0,0,0,0,0,0,0,1,1,1,False
37,14491,-14,76907,2,545171,-8,33557,-0,002654806,0,9902614,-0,001197969,-0,1391898,0,0,0,0,0,0,0,0,0,0,0,0,0,0,0,0,0,0,0,0,0,0,1,1,1,False
37,16167,-14,76907,2,534223,-8,33557,-0,002654806,0,9902614,-0,001197969,-0,1391898,0,0,0,0,0,0,0,0,0,0,0,0,0,0,0,0,0,0,0,0,0,0,1,1,1,False
37,17817,-14,76907,2,520766,-8,33557,-0,002654806,0,9902614,-0,001197969,-0,1391898,0,0,0,0,0,0,0,0,0,0,0,0,0,0,0,0,0,0,0,0,0,0,1,1,1,False
37,19425,-14,76907,2,505113,-8,33557,-0,002654806,0,9902614,-0,001197969,-0,1391898,0,0,0,0,0,0,0,0,0,0,0,0,0,0,0,0,0,0,0,0,0,0,1,1,1,False
37,21169,-14,76907,2,485159,-8,33557,-0,002654806,0,9902614,-0,001197969,-0,1391898,0,0,0,0,0,0,0,0,0,0,0,0,0,0,0,0,0,0,0,0,0,0,1,1,1,False
37,23612,-14,76907,2,451353,-8,33557,-0,002654806,0,9902614,-0,001197969,-0,1391898,0,0,0,0,0,0,0,0,0,0,0,0,0,0,0,0,0,0,0,0,0,0,1,1,1,False
37,254,-14,76907,2,423477,-8,33557,-0,002654806,0,9902614,-0,001197969,-0,1391898,0,0,0,0,0,0,0,0,0,0,0,0,0,0,0,0,0,0,0,0,0,0,1,1,1,False
37,2708,-14,76907,2,423477,-8,33557,-0,002654806,0,9902614,-0,001197969,-0,1391898,0,0,0,0,0,0,0,0,0,0,0,0,0,0,0,0,0,0,0,0,0,0,1,1,1,False
37,28894,-14,76907,2,423477,-8,33557,-0,002654806,0,9902614,-0,001197969,-0,1391898,0,0,0,0,0,0,0,0,0,0,0,0,0,0,0,0,0,0,0,0,0,0,1,1,1,False
37,30646,-14,76907,2,420467,-8,33557,-0,002654806,0,9902614,-0,001197969,-0,1391898,0,0,0,0,0,0,0,0,0,0,0,0,0,0,0,0,0,0,0,0,0,0,1,1,1,False
37,32338,-14,76907,2,414752,-8,33557,-0,002654806,0,9902614,-0,001197969,-0,1391898,0,0,0,0,0,0,0,0,0,0,0,0,0,0,0,0,0,0,0,0,0,0,1,1,1,False
37,34039,-14,76907,2,406169,-8,33557,-0,002654806,0,9902614,-0,001197969,-0,1391898,0,0,0,0,0,0,0,0,0,0,0,0,0,0,0,0,0,0,0,0,0,0,1,1,1,False
37,35737,-14,76907,2,394769,-8,33557,-0,002654806,0,9902614,-0,001197969,-0,1391898,0,0,0,0,0,0,0,0,0,0,0,0,0,0,0,0,0,0,0,0,0,0,1,1,1,False
37,37324,-14,76907,2,381648,-8,33557,-0,002654806,0,9902614,-0,001197969,-0,1391898,0,0,0,0,0,0,0,0,0,0,0,0,0,0,0,0,0,0,0,0,0,0,1,1,1,False
37,39775,-14,76907,2,355491,-8,33557,-0,002654806,0,9902614,-0,001197969,-0,1391898,0,0,0,0,0,0,0,0,0,0,0,0,0,0,0,0,0,0,0,0,0,0,1,1,1,False
37,41458,-14,76907,2,355491,-8,33557,-0,002654806,0,9902614,-0,001197969,-0,1391898,0,0,0,0,0,0,0,0,0,0,0,0,0,0,0,0,0,0,0,0,0,0,1,1,1,False
37,42997,-14,76907,2,355491,-8,33557,-0,002654806,0,9902614,-0,001197969,-0,1391898,0,0,0,0,0,0,0,0,0,0,0,0,0,0,0,0,0,0,0,0,0,0,1,1,1,False
37,44666,-14,76907,2,352759,-8,33557,-0,002654806,0,9902614,-0,001197969,-0,1391898,0,0,0,0,0,0,0,0,0,0,0,0,0,0,0,0,0,0,0,0,0,0,1,1,1,False
37,46257,-14,76907,2,347673,-8,33557,-0,002654806,0,9902614,-0,001197969,-0,1391898,0,0,0,0,0,0,0,0,0,0,0,0,0,0,0,0,0,0,0,0,0,0,1,1,1,False
37,48018,-14,76907,2,339002,-8,33557,-0,002654806,0,9902614,-0,001197969,-0,1391898,0,0,0,0,0,0,0,0,0,0,0,0,0,0,0,0,0,0,0,0,0,0,1,1,1,False
37,4967,-14,76907,2,328182,-8,33557,-0,002654806,0,9902614,-0,001197969,-0,1391898,0,0,0,0,0,0,0,0,0,0,0,0,0,0,0,0,0,0,0,0,0,0,1,1,1,False
37,51315,-14,76907,2,314764,-8,33557,-0,002654806,0,9902614,-0,001197969,-0,1391898,0,0,0,0,0,0,0,0,0,0,0,0,0,0,0,0,0,0,0,0,0,0,1,1,1,False
37,53152,-14,76907,2,314764,-8,33557,-0,002654806,0,9902614,-0,001197969,-0,1391898,0,0,0,0,0,0,0,0,0,0,0,0,0,0,0,0,0,0,0,0,0,0,1,1,1,False
37,55808,-14,76907,2,307841,-8,33557,-0,002654806,0,9902614,-0,001197969,-0,1391898,0,0,0,0,0,0,0,0,0,0,0,0,0,0,0,0,0,0,0,0,0,0,1,1,1,False
37,57662,-14,76907,2,299637,-8,33557,-0,002654806,0,9902614,-0,001197969,-0,1391898,0,0,0,0,0,0,0,0,0,0,0,0,0,0,0,0,0,0,0,0,0,0,1,1,1,False
37,59474,-14,76907,2,2884,-8,33557,-0,002654806,0,9902614,-0,001197969,-0,1391898,0,0,0,0,0,0,0,0,0,0,0,0,0,0,0,0,0,0,0,0,0,0,1,1,1,False
37,6129,-14,76907,2,273898,-8,33557,-0,002654806,0,9902614,-0,001197969,-0,1391898,0,0,0,0,0,0,0,0,0,0,0,0,0,0,0,0,0,0,0,0,0,0,1,1,1,False
37,63075,-14,76907,2,273898,-8,33557,-0,002654806,0,9902614,-0,001197969,-0,1391898,0,0,0,0,0,0,0,0,0,0,0,0,0,0,0,0,0,0,0,0,0,0,1,1,1,False
37,64819,-14,76907,2,273898,-8,33557,-0,002654806,0,9902614,-0,001197969,-0,1391898,0,0,0,0,0,0,0,0,0,0,0,0,0,0,0,0,0,0,0,0,0,0,1,1,1,False
37,66473,-14,76907,2,271213,-8,33557,-0,002654806,0,9902614,-0,001197969,-0,1391898,0,0,0,0,0,0,0,0,0,0,0,0,0,0,0,0,0,0,0,0,0,0,1,1,1,False
37,68244,-14,76907,2,26526,-8,33557,-0,002654806,0,9902614,-0,001197969,-0,1391898,0,0,0,0,0,0,0,0,0,0,0,0,0,0,0,0,0,0,0,0,0,0,1,1,1,False
37,70932,-14,76907,2,249142,-8,33557,-0,002654806,0,9902614,-0,001197969,-0,1391898,0,0,0,0,0,0,0,0,0,0,0,0,0,0,0,0,0,0,0,0,0,0,1,1,1,False
37,72776,-14,76907,2,249142,-8,33557,-0,002654806,0,9902614,-0,001197969,-0,1391898,0,0,0,0,0,0,0,0,0,0,0,0,0,0,0,0,0,0,0,0,0,0,1,1,1,False
37,74632,-14,76907,2,249142,-8,33557,-0,002654806,0,9902614,-0,001197969,-0,1391898,0,0,0,0,0,0,0,0,0,0,0,0,0,0,0,0,0,0,0,0,0,0,1,1,1,False
37,76426,-14,76907,2,245986,-8,33557,-0,002654806,0,9902614,-0,001197969,-0,1391898,0,0,0,0,0,0,0,0,0,0,0,0,0,0,0,0,0,0,0,0,0,0,1,1,1,False
37,78127,-14,76907,2,240151,-8,33557,-0,002654806,0,9902614,-0,001197969,-0,1391898,0,0,0,0,0,0,0,0,0,0,0,0,0,0,0,0,0,0,0,0,0,0,1,1,1,False
37,79876,-14,76907,2,240151,-8,33557,-0,002654806,0,9902614,-0,001197969,-0,1391898,0,0,0,0,0,0,0,0,0,0,0,0,0,0,0,0,0,0,0,0,0,0,1,1,1,False
37,81588,-14,76907,2,237277,-8,33557,-0,002654806,0,9902614,-0,001197969,-0,1391898,0,0,0,0,0,0,0,0,0,0,0,0,0,0,0,0,0,0,0,0,0,0,1,1,1,False
37,83362,-14,76907,2,231212,-8,33557,-0,002654806,0,9902614,-0,001197969,-0,1391898,0,0,0,0,0,0,0,0,0,0,0,0,0,0,0,0,0,0,0,0,0,0,1,1,1,False
37,85847,-14,76907,2,216652,-8,33557,-0,002654806,0,9902614,-0,001197969,-0,1391898,0,0,0,0,0,0,0,0,0,0,0,0,0,0,0,0,0,0,0,0,0,0,1,1,1,False
37,87579,-14,76907,2,216652,-8,33557,-0,002654806,0,9902614,-0,001197969,-0,1391898,0,0,0,0,0,0,0,0,0,0,0,0,0,0,0,0,0,0,0,0,0,0,1,1,1,False
37,89333,-14,76907,2,216652,-8,33557,-0,002654806,0,9902614,-0,001197969,-0,1391898,0,0,0,0,0,0,0,0,0,0,0,0,0,0,0,0,0,0,0,0,0,0,1,1,1,False
37,91204,-14,76907,2,216652,-8,33557,-0,002654806,0,9902614,-0,001197969,-0,1391898,0,0,0,0,0,0,0,0,0,0,0,0,0,0,0,0,0,0,0,0,0,0,1,1,1,False
37,92972,-14,76907,2,216652,-8,33557,-0,002654806,0,9902614,-0,001197969,-0,1391898,0,0,0,0,0,0,0,0,0,0,0,0,0,0,0,0,0,0,0,0,0,0,1,1,1,False
37,94706,-14,76907,2,213704,-8,33557,-0,002654806,0,9902614,-0,001197969,-0,1391898,0,0,0,0,0,0,0,0,0,0,0,0,0,0,0,0,0,0,0,0,0,0,1,1,1,False
37,96535,-14,76907,2,207308,-8,33557,-0,002654806,0,9902614,-0,001197969,-0,1391898,0,0,0,0,0,0,0,0,0,0,0,0,0,0,0,0,0,0,0,0,0,0,1,1,1,False
37,98258,-14,76907,2,207308,-8,33557,-0,002654806,0,9902614,-0,001197969,-0,1391898,0,0,0,0,0,0,0,0,0,0,0,0,0,0,0,0,0,0,0,0,0,0,1,1,1,False
37,99971,-14,76907,2,207308,-8,33557,-0,002654806,0,9902614,-0,001197969,-0,1391898,0,0,0,0,0,0,0,0,0,0,0,0,0,0,0,0,0,0,0,0,0,0,1,1,1,False
38,02327,-14,76907,2,201864,-8,33557,-0,002654806,0,9902614,-0,001197969,-0,1391898,0,0,0,0,0,0,0,0,0,0,0,0,0,0,0,0,0,0,0,0,0,0,1,1,1,False
38,04048,-14,76907,2,201864,-8,33557,-0,002654806,0,9902614,-0,001197969,-0,1391898,0,0,0,0,0,0,0,0,0,0,0,0,0,0,0,0,0,0,0,0,0,0,1,1,1,False
38,05703,-14,76907,2,201864,-8,33557,-0,002654806,0,9902614,-0,001197969,-0,1391898,0,0,0,0,0,0,0,0,0,0,0,0,0,0,0,0,0,0,0,0,0,0,1,1,1,False
38,07162,-14,76907,2,199776,-8,33557,-0,002654806,0,9902614,-0,001197969,-0,1391898,0,0,0,0,0,0,0,0,0,0,0,0,0,0,0,0,0,0,0,0,0,0,1,1,1,False
38,08879,-14,76907,2,194427,-8,33557,-0,002654806,0,9902614,-0,001197969,-0,1391898,0,0,0,0,0,0,0,0,0,0,0,0,0,0,0,0,0,0,0,0,0,0,1,1,1,False
38,10458,-14,76907,2,194427,-8,33557,-0,002654806,0,9902614,-0,001197969,-0,1391898,0,0,0,0,0,0,0,0,0,0,0,0,0,0,0,0,0,0,0,0,0,0,1,1,1,False
38,12019,-14,76907,2,192034,-8,33557,-0,002654806,0,9902614,-0,001197969,-0,1391898,0,0,0,0,0,0,0,0,0,0,0,0,0,0,0,0,0,0,0,0,0,0,1,1,1,False
38,13581,-14,76907,2,192034,-8,33557,-0,002654806,0,9902614,-0,001197969,-0,1391898,0,0,0,0,0,0,0,0,0,0,0,0,0,0,0,0,0,0,0,0,0,0,1,1,1,False
38,15049,-14,76907,2,192034,-8,33557,-0,002654806,0,9902614,-0,001197969,-0,1391898,0,0,0,0,0,0,0,0,0,0,0,0,0,0,0,0,0,0,0,0,0,0,1,1,1,False
38,17327,-14,76907,2,186939,-8,33557,-0,002654806,0,9902614,-0,001197969,-0,1391898,0,0,0,0,0,0,0,0,0,0,0,0,0,0,0,0,0,0,0,0,0,0,1,1,1,False
38,18903,-14,76907,2,186939,-8,33557,-0,002654806,0,9902614,-0,001197969,-0,1391898,0,0,0,0,0,0,0,0,0,0,0,0,0,0,0,0,0,0,0,0,0,0,1,1,1,False
38,20578,-14,76907,2,186939,-8,33557,-0,002654806,0,9902614,-0,001197969,-0,1391898,0,0,0,0,0,0,0,0,0,0,0,0,0,0,0,0,0,0,0,0,0,0,1,1,1,False
38,22148,-14,76907,2,184523,-8,33557,-0,002654806,0,9902614,-0,001197969,-0,1391898,0,0,0,0,0,0,0,0,0,0,0,0,0,0,0,0,0,0,0,0,0,0,1,1,1,False
38,23745,-14,76907,2,184523,-8,33557,-0,002654806,0,9902614,-0,001197969,-0,1391898,0,0,0,0,0,0,0,0,0,0,0,0,0,0,0,0,0,0,0,0,0,0,1,1,1,False
38,25295,-14,76907,2,182165,-8,33557,-0,002654806,0,9902614,-0,001197969,-0,1391898,0,0,0,0,0,0,0,0,0,0,0,0,0,0,0,0,0,0,0,0,0,0,1,1,1,False
38,26865,-14,76907,2,182165,-8,33557,-0,002654806,0,9902614,-0,001197969,-0,1391898,0,0,0,0,0,0,0,0,0,0,0,0,0,0,0,0,0,0,0,0,0,0,1,1,1,False
38,28424,-14,76907,2,179782,-8,33557,-0,002654806,0,9902614,-0,001197969,-0,1391898,0,0,0,0,0,0,0,0,0,0,0,0,0,0,0,0,0,0,0,0,0,0,1,1,1,False
38,30029,-14,76907,2,179782,-8,33557,-0,002654806,0,9902614,-0,001197969,-0,1391898,0,0,0,0,0,0,0,0,0,0,0,0,0,0,0,0,0,0,0,0,0,0,1,1,1,False
38,31604,-14,76907,2,179782,-8,33557,-0,002654806,0,9902614,-0,001197969,-0,1391898,0,0,0,0,0,0,0,0,0,0,0,0,0,0,0,0,0,0,0,0,0,0,1,1,1,False
38,33961,-14,76907,2,174334,-8,33557,-0,002654806,0,9902614,-0,001197969,-0,1391898,0,0,0,0,0,0,0,0,0,0,0,0,0,0,0,0,0,0,0,0,0,0,1,1,1,False
38,35645,-14,76907,2,174334,-8,33557,-0,002654806,0,9902614,-0,001197969,-0,1391898,0,0,0,0,0,0,0,0,0,0,0,0,0,0,0,0,0,0,0,0,0,0,1,1,1,False
38,37315,-14,76907,2,174334,-8,33557,-0,002654806,0,9902614,-0,001197969,-0,1391898,0,0,0,0,0,0,0,0,0,0,0,0,0,0,0,0,0,0,0,0,0,0,1,1,1,False
38,38836,-14,76907,2,174334,-8,33557,-0,002654806,0,9902614,-0,001197969,-0,1391898,0,0,0,0,0,0,0,0,0,0,0,0,0,0,0,0,0,0,0,0,0,0,1,1,1,False
38,40418,-14,76907,2,17188,-8,33557,-0,002654806,0,9902614,-0,001197969,-0,1391898,0,0,0,0,0,0,0,0,0,0,0,0,0,0,0,0,0,0,0,0,0,0,1,1,1,False
38,41994,-14,76907,2,17188,-8,33557,-0,002654806,0,9902614,-0,001197969,-0,1391898,0,0,0,0,0,0,0,0,0,0,0,0,0,0,0,0,0,0,0,0,0,0,1,1,1,False
38,43463,-14,76907,2,17188,-8,33557,-0,002654806,0,9902614,-0,001197969,-0,1391898,0,0,0,0,0,0,0,0,0,0,0,0,0,0,0,0,0,0,0,0,0,0,1,1,1,False
38,4502,-14,76907,2,17188,-8,33557,-0,002654806,0,9902614,-0,001197969,-0,1391898,0,0,0,0,0,0,0,0,0,0,0,0,0,0,0,0,0,0,0,0,0,0,1,1,1,False
38,46586,-14,76907,2,169472,-8,33557,-0,002654806,0,9902614,-0,001197969,-0,1391898,0,0,0,0,0,0,0,0,0,0,0,0,0,0,0,0,0,0,0,0,0,0,1,1,1,False
38,48317,-14,76907,2,169472,-8,33557,-0,002654806,0,9902614,-0,001197969,-0,1391898,0,0,0,0,0,0,0,0,0,0,0,0,0,0,0,0,0,0,0,0,0,0,1,1,1,False
38,50756,-14,76907,2,169472,-8,33557,-0,002654806,0,9902614,-0,001197969,-0,1391898,0,0,0,0,0,0,0,0,0,0,0,0,0,0,0,0,0,0,0,0,0,0,1,1,1,False
38,52363,-14,76907,2,166939,-8,33557,-0,002654806,0,9902614,-0,001197969,-0,1391898,0,0,0,0,0,0,0,0,0,0,0,0,0,0,0,0,0,0,0,0,0,0,1,1,1,False
38,54058,-14,76907,2,166939,-8,33557,-0,002654806,0,9902614,-0,001197969,-0,1391898,0,0,0,0,0,0,0,0,0,0,0,0,0,0,0,0,0,0,0,0,0,0,1,1,1,False
38,55729,-14,76907,2,166939,-8,33557,-0,002654806,0,9902614,-0,001197969,-0,1391898,0,0,0,0,0,0,0,0,0,0,0,0,0,0,0,0,0,0,0,0,0,0,1,1,1,False
38,5728,-14,76907,2,16458,-8,33557,-0,002654806,0,9902614,-0,001197969,-0,1391898,0,0,0,0,0,0,0,0,0,0,0,0,0,0,0,0,0,0,0,0,0,0,1,1,1,False
38,5896,-14,76907,2,16458,-8,33557,-0,002654806,0,9902614,-0,001197969,-0,1391898,0,0,0,0,0,0,0,0,0,0,0,0,0,0,0,0,0,0,0,0,0,0,1,1,1,False
38,60637,-14,76907,2,16458,-8,33557,-0,002654806,0,9902614,-0,001197969,-0,1391898,0,0,0,0,0,0,0,0,0,0,0,0,0,0,0,0,0,0,0,0,0,0,1,1,1,False
38,62313,-14,76907,2,161826,-8,33557,-0,002654806,0,9902614,-0,001197969,-0,1391898,0,0,0,0,0,0,0,0,0,0,0,0,0,0,0,0,0,0,0,0,0,0,1,1,1,False
38,64017,-14,76907,2,161826,-8,33557,-0,002654806,0,9902614,-0,001197969,-0,1391898,0,0,0,0,0,0,0,0,0,0,0,0,0,0,0,0,0,0,0,0,0,0,1,1,1,False
38,66397,-14,76907,2,161826,-8,33557,-0,002654806,0,9902614,-0,001197969,-0,1391898,0,0,0,0,0,0,0,0,0,0,0,0,0,0,0,0,0,0,0,0,0,0,1,1,1,False
38,67903,-14,76907,2,161826,-8,33557,-0,002654806,0,9902614,-0,001197969,-0,1391898,0,0,0,0,0,0,0,0,0,0,0,0,0,0,0,0,0,0,0,0,0,0,1,1,1,False
38,69334,-14,76907,2,161826,-8,33557,-0,002654806,0,9902614,-0,001197969,-0,1391898,0,0,0,0,0,0,0,0,0,0,0,0,0,0,0,0,0,0,0,0,0,0,1,1,1,False
38,70942,-14,76907,2,159287,-8,33557,-0,002654806,0,9902614,-0,001197969,-0,1391898,0,0,0,0,0,0,0,0,0,0,0,0,0,0,0,0,0,0,0,0,0,0,1,1,1,False
38,72503,-14,76907,2,159287,-8,33557,-0,002654806,0,9902614,-0,001197969,-0,1391898,0,0,0,0,0,0,0,0,0,0,0,0,0,0,0,0,0,0,0,0,0,0,1,1,1,False
38,74068,-14,76907,2,159287,-8,33557,-0,002654806,0,9902614,-0,001197969,-0,1391898,0,0,0,0,0,0,0,0,0,0,0,0,0,0,0,0,0,0,0,0,0,0,1,1,1,False
38,75603,-14,76907,2,159287,-8,33557,-0,002654806,0,9902614,-0,001197969,-0,1391898,0,0,0,0,0,0,0,0,0,0,0,0,0,0,0,0,0,0,0,0,0,0,1,1,1,False
38,77107,-14,76907,2,157068,-8,33557,-0,002654806,0,9902614,-0,001197969,-0,1391898,0,0,0,0,0,0,0,0,0,0,0,0,0,0,0,0,0,0,0,0,0,0,1,1,1,False
38,78698,-14,76907,2,157068,-8,33557,-0,002654806,0,9902614,-0,001197969,-0,1391898,0,0,0,0,0,0,0,0,0,0,0,0,0,0,0,0,0,0,0,0,0,0,1,1,1,False
38,80293,-14,76907,2,157068,-8,33557,-0,002654806,0,9902614,-0,001197969,-0,1391898,0,0,0,0,0,0,0,0,0,0,0,0,0,0,0,0,0,0,0,0,0,0,1,1,1,False
38,82644,-14,76907,2,157068,-8,33557,-0,002654806,0,9902614,-0,001197969,-0,1391898,0,0,0,0,0,0,0,0,0,0,0,0,0,0,0,0,0,0,0,0,0,0,1,1,1,False
38,84184,-14,76907,2,154741,-8,33557,-0,002654806,0,9902614,-0,001197969,-0,1391898,0,0,0,0,0,0,0,0,0,0,0,0,0,0,0,0,0,0,0,0,0,0,1,1,1,False
38,8573,-14,76907,2,154741,-8,33557,-0,002654806,0,9902614,-0,001197969,-0,1391898,0,0,0,0,0,0,0,0,0,0,0,0,0,0,0,0,0,0,0,0,0,0,1,1,1,False
38,8722,-14,76907,2,154741,-8,33557,-0,002654806,0,9902614,-0,001197969,-0,1391898,0,0,0,0,0,0,0,0,0,0,0,0,0,0,0,0,0,0,0,0,0,0,1,1,1,False
38,88801,-14,76907,2,154741,-8,33557,-0,002654806,0,9902614,-0,001197969,-0,1391898,0,0,0,0,0,0,0,0,0,0,0,0,0,0,0,0,0,0,0,0,0,0,1,1,1,False
38,90467,-14,76907,2,152018,-8,33557,-0,002654806,0,9902614,-0,001197969,-0,1391898,0,0,0,0,0,0,0,0,0,0,0,0,0,0,0,0,0,0,0,0,0,0,1,1,1,False
38,92147,-14,76907,2,152018,-8,33557,-0,002654806,0,9902614,-0,001197969,-0,1391898,0,0,0,0,0,0,0,0,0,0,0,0,0,0,0,0,0,0,0,0,0,0,1,1,1,False
38,93805,-14,76907,2,152018,-8,33557,-0,002654806,0,9902614,-0,001197969,-0,1391898,0,0,0,0,0,0,0,0,0,0,0,0,0,0,0,0,0,0,0,0,0,0,1,1,1,False
38,95375,-14,76907,2,152018,-8,33557,-0,002654806,0,9902614,-0,001197969,-0,1391898,0,0,0,0,0,0,0,0,0,0,0,0,0,0,0,0,0,0,0,0,0,0,1,1,1,False
38,9773,-14,76907,2,152018,-8,33557,-0,002654806,0,9902614,-0,001197969,-0,1391898,0,0,0,0,0,0,0,0,0,0,0,0,0,0,0,0,0,0,0,0,0,0,1,1,1,False
38,99352,-14,76907,2,149436,-8,33557,-0,002654806,0,9902614,-0,001197969,-0,1391898,0,0,0,0,0,0,0,0,0,0,0,0,0,0,0,0,0,0,0,0,0,0,1,1,1,False
39,01007,-14,76907,2,149436,-8,33557,-0,002654806,0,9902614,-0,001197969,-0,1391898,0,0,0,0,0,0,0,0,0,0,0,0,0,0,0,0,0,0,0,0,0,0,1,1,1,False
39,02691,-14,76907,2,149436,-8,33557,-0,002654806,0,9902614,-0,001197969,-0,1391898,0,0,0,0,0,0,0,0,0,0,0,0,0,0,0,0,0,0,0,0,0,0,1,1,1,False
39,04422,-14,76907,2,149436,-8,33557,-0,002654806,0,9902614,-0,001197969,-0,1391898,0,0,0,0,0,0,0,0,0,0,0,0,0,0,0,0,0,0,0,0,0,0,1,1,1,False
39,06087,-14,76907,2,149436,-8,33557,-0,002654806,0,9902614,-0,001197969,-0,1391898,0,0,0,0,0,0,0,0,0,0,0,0,0,0,0,0,0,0,0,0,0,0,1,1,1,False
39,07634,-14,76907,2,149436,-8,33557,-0,002654806,0,9902614,-0,001197969,-0,1391898,0,0,0,0,0,0,0,0,0,0,0,0,0,0,0,0,0,0,0,0,0,0,1,1,1,False
39,09124,-14,76907,2,147259,-8,33557,-0,002654806,0,9902614,-0,001197969,-0,1391898,0,0,0,0,0,0,0,0,0,0,0,0,0,0,0,0,0,0,0,0,0,0,1,1,1,False
39,10728,-14,76907,2,147259,-8,33557,-0,002654806,0,9902614,-0,001197969,-0,1391898,0,0,0,0,0,0,0,0,0,0,0,0,0,0,0,0,0,0,0,0,0,0,1,1,1,False
39,13043,-14,76907,2,147259,-8,33557,-0,002654806,0,9902614,-0,001197969,-0,1391898,0,0,0,0,0,0,0,0,0,0,0,0,0,0,0,0,0,0,0,0,0,0,1,1,1,False
39,14574,-14,76907,2,144957,-8,33557,-0,002654806,0,9902614,-0,001197969,-0,1391898,0,0,0,0,0,0,0,0,0,0,0,0,0,0,0,0,0,0,0,0,0,0,1,1,1,False
39,16122,-14,76907,2,144957,-8,33557,-0,002654806,0,9902614,-0,001197969,-0,1391898,0,0,0,0,0,0,0,0,0,0,0,0,0,0,0,0,0,0,0,0,0,0,1,1,1,False
39,17662,-14,76907,2,144957,-8,33557,-0,002654806,0,9902614,-0,001197969,-0,1391898,0,0,0,0,0,0,0,0,0,0,0,0,0,0,0,0,0,0,0,0,0,0,1,1,1,False
39,19254,-14,76907,2,144957,-8,33557,-0,002654806,0,9902614,-0,001197969,-0,1391898,0,0,0,0,0,0,0,0,0,0,0,0,0,0,0,0,0,0,0,0,0,0,1,1,1,False
39,20952,-14,76907,2,144957,-8,33557,-0,002654806,0,9902614,-0,001197969,-0,1391898,0,0,0,0,0,0,0,0,0,0,0,0,0,0,0,0,0,0,0,0,0,0,1,1,1,False
39,22633,-14,76907,2,142184,-8,33557,-0,002654806,0,9902614,-0,001197969,-0,1391898,0,0,0,0,0,0,0,0,0,0,0,0,0,0,0,0,0,0,0,0,0,0,1,1,1,False
39,24293,-14,76907,2,142184,-8,33557,-0,002654806,0,9902614,-0,001197969,-0,1391898,0,0,0,0,0,0,0,0,0,0,0,0,0,0,0,0,0,0,0,0,0,0,1,1,1,False
39,26015,-14,76907,2,142184,-8,33557,-0,002654806,0,9902614,-0,001197969,-0,1391898,0,0,0,0,0,0,0,0,0,0,0,0,0,0,0,0,0,0,0,0,0,0,1,1,1,False
39,28292,-14,76907,2,142184,-8,33557,-0,002654806,0,9902614,-0,001197969,-0,1391898,0,0,0,0,0,0,0,0,0,0,0,0,0,0,0,0,0,0,0,0,0,0,1,1,1,False
39,29888,-14,76907,2,142184,-8,33557,-0,002654806,0,9902614,-0,001197969,-0,1391898,0,0,0,0,0,0,0,0,0,0,0,0,0,0,0,0,0,0,0,0,0,0,1,1,1,False
39,31374,-14,76907,2,142184,-8,33557,-0,002654806,0,9902614,-0,001197969,-0,1391898,0,0,0,0,0,0,0,0,0,0,0,0,0,0,0,0,0,0,0,0,0,0,1,1,1,False
39,3293,-14,76907,2,139808,-8,33557,-0,002654806,0,9902614,-0,001197969,-0,1391898,0,0,0,0,0,0,0,0,0,0,0,0,0,0,0,0,0,0,0,0,0,0,1,1,1,False
39,34632,-14,76907,2,139808,-8,33557,-0,002654806,0,9902614,-0,001197969,-0,1391898,0,0,0,0,0,0,0,0,0,0,0,0,0,0,0,0,0,0,0,0,0,0,1,1,1,False
39,36422,-14,76907,2,139808,-8,33557,-0,002654806,0,9902614,-0,001197969,-0,1391898,0,0,0,0,0,0,0,0,0,0,0,0,0,0,0,0,0,0,0,0,0,0,1,1,1,False
39,38139,-14,76907,2,139808,-8,33557,-0,002654806,0,9902614,-0,001197969,-0,1391898,0,0,0,0,0,0,0,0,0,0,0,0,0,0,0,0,0,0,0,0,0,0,1,1,1,False
39,39961,-14,76907,2,139808,-8,33557,-0,002654806,0,9902614,-0,001197969,-0,1391898,0,0,0,0,0,0,0,0,0,0,0,0,0,0,0,0,0,0,0,0,0,0,1,1,1,False
39,41611,-14,76907,2,137137,-8,33557,-0,002654806,0,9902614,-0,001197969,-0,1391898,0,0,0,0,0,0,0,0,0,0,0,0,0,0,0,0,0,0,0,0,0,0,1,1,1,False
39,44017,-14,76907,2,137137,-8,33557,-0,002654806,0,9902614,-0,001197969,-0,1391898,0,0,0,0,0,0,0,0,0,0,0,0,0,0,0,0,0,0,0,0,0,0,1,1,1,False
39,45623,-14,76907,2,137137,-8,33557,-0,002654806,0,9902614,-0,001197969,-0,1391898,0,0,0,0,0,0,0,0,0,0,0,0,0,0,0,0,0,0,0,0,0,0,1,1,1,False
39,47085,-14,76907,2,137137,-8,33557,-0,002654806,0,9902614,-0,001197969,-0,1391898,0,0,0,0,0,0,0,0,0,0,0,0,0,0,0,0,0,0,0,0,0,0,1,1,1,False
39,48663,-14,76907,2,137137,-8,33557,-0,002654806,0,9902614,-0,001197969,-0,1391898,0,0,0,0,0,0,0,0,0,0,0,0,0,0,0,0,0,0,0,0,0,0,1,1,1,False
39,50477,-14,76907,2,137137,-8,33557,-0,002654806,0,9902614,-0,001197969,-0,1391898,0,0,0,0,0,0,0,0,0,0,0,0,0,0,0,0,0,0,0,0,0,0,1,1,1,False
39,52042,-14,76907,2,137137,-8,33557,-0,002654806,0,9902614,-0,001197969,-0,1391898,0,0,0,0,0,0,0,0,0,0,0,0,0,0,0,0,0,0,0,0,0,0,1,1,1,False
39,53608,-14,76907,2,137137,-8,33557,-0,002654806,0,9902614,-0,001197969,-0,1391898,0,0,0,0,0,0,0,0,0,0,0,0,0,0,0,0,0,0,0,0,0,0,1,1,1,False
39,55077,-14,76907,2,135019,-8,33557,-0,002654806,0,9902614,-0,001197969,-0,1391898,0,0,0,0,0,0,0,0,0,0,0,0,0,0,0,0,0,0,0,0,0,0,1,1,1,False
39,56668,-14,76907,2,135019,-8,33557,-0,002654806,0,9902614,-0,001197969,-0,1391898,0,0,0,0,0,0,0,0,0,0,0,0,0,0,0,0,0,0,0,0,0,0,1,1,1,False
39,59077,-14,71907,2,139942,-8,17557,-0,002654806,0,9902614,-0,001197969,-0,1391898,0,0,0,0,0,0,0,0,0,0,0,0,0,0,0,0,0,0,0,0,0,0,1,1,1,False
39,60765,-14,67907,2,139942,-8,00557,-0,002654806,0,9902614,-0,001197969,-0,1391898,0,0,0,0,0,0,0,0,0,0,0,0,0,0,0,0,0,0,0,0,0,0,1,1,1,False
39,62398,-14,64907,2,139942,-7,905571,-0,002654806,0,9902614,-0,001197969,-0,1391898,0,0,0,0,0,0,0,0,0,0,0,0,0,0,0,0,0,0,0,0,0,0,1,1,1,False
39,64035,-14,61907,2,139942,-7,79557,-0,002654806,0,9902614,-0,001197969,-0,1391898,0,0,0,0,0,0,0,0,0,0,0,0,0,0,0,0,0,0,0,0,0,0,1,1,1,False
39,65706,-14,58907,2,139942,-7,71557,-0,002654806,0,9902614,-0,001197969,-0,1391898,0,0,0,0,0,0,0,0,0,0,0,0,0,0,0,0,0,0,0,0,0,0,1,1,1,False
39,67173,-14,58907,2,139942,-7,71557,-0,002654806,0,9902614,-0,001197969,-0,1391898,0,0,0,0,0,0,0,0,0,0,0,0,0,0,0,0,0,0,0,0,0,0,1,1,1,False
39,6883,-14,56907,2,139942,-7,635571,-0,002654806,0,9902614,-0,001197969,-0,1391898,0,0,0,0,0,0,0,0,0,0,0,0,0,0,0,0,0,0,0,0,0,0,1,1,1,False
39,70465,-14,54907,2,139942,-7,58557,-0,002654806,0,9902614,-0,001197969,-0,1391898,0,0,0,0,0,0,0,0,0,0,0,0,0,0,0,0,0,0,0,0,0,0,1,1,1,False
39,72038,-14,54907,2,139942,-7,58557,-0,002654806,0,9902614,-0,001197969,-0,1391898,0,0,0,0,0,0,0,0,0,0,0,0,0,0,0,0,0,0,0,0,0,0,1,1,1,False
39,74482,-14,52907,2,139942,-7,48557,-0,002654806,0,9902614,-0,001197969,-0,1391898,0,0,0,0,0,0,0,0,0,0,0,0,0,0,0,0,0,0,0,0,0,0,1,1,1,False
39,76132,-14,50907,2,139942,-7,43557,-0,002654806,0,9902614,-0,001197969,-0,1391898,0,0,0,0,0,0,0,0,0,0,0,0,0,0,0,0,0,0,0,0,0,0,1,1,1,False
39,7779,-14,49907,2,139942,-7,385571,-0,002654806,0,9902614,-0,001197969,-0,1391898,0,0,0,0,0,0,0,0,0,0,0,0,0,0,0,0,0,0,0,0,0,0,1,1,1,False
39,79231,-14,49907,2,139942,-7,385571,-0,002654806,0,9902614,-0,001197969,-0,1391898,0,0,0,0,0,0,0,0,0,0,0,0,0,0,0,0,0,0,0,0,0,0,1,1,1,False
39,80767,-14,49907,2,139942,-7,385571,-0,002654806,0,9902614,-0,001197969,-0,1391898,0,0,0,0,0,0,0,0,0,0,0,0,0,0,0,0,0,0,0,0,0,0,1,1,1,False
39,82309,-14,49907,2,139942,-7,385571,-0,002654806,0,9902614,-0,001197969,-0,1391898,0,0,0,0,0,0,0,0,0,0,0,0,0,0,0,0,0,0,0,0,0,0,1,1,1,False
39,83879,-14,49907,2,139942,-7,385571,-0,002654806,0,9902614,-0,001197969,-0,1391898,0,0,0,0,0,0,0,0,0,0,0,0,0,0,0,0,0,0,0,0,0,0,1,1,1,False
39,8541,-14,49907,2,139942,-7,385571,-0,002654806,0,9902614,-0,001197969,-0,1391898,0,0,0,0,0,0,0,0,0,0,0,0,0,0,0,0,0,0,0,0,0,0,1,1,1,False
39,86951,-14,49907,2,139942,-7,385571,-0,002654806,0,9902614,-0,001197969,-0,1391898,0,0,0,0,0,0,0,0,0,0,0,0,0,0,0,0,0,0,0,0,0,0,1,1,1,False
39,88581,-14,47907,2,139942,-7,33557,-0,002654806,0,9902614,-0,001197969,-0,1391898,0,0,0,0,0,0,0,0,0,0,0,0,0,0,0,0,0,0,0,0,0,0,1,1,1,False
39,90857,-14,47907,2,139942,-7,33557,-0,002654806,0,9902614,-0,001197969,-0,1391898,0,0,0,0,0,0,0,0,0,0,0,0,0,0,0,0,0,0,0,0,0,0,1,1,1,False
39,9247,-14,46907,2,139942,-7,285571,-0,002654806,0,9902614,-0,001197969,-0,1391898,0,0,0,0,0,0,0,0,0,0,0,0,0,0,0,0,0,0,0,0,0,0,1,1,1,False
39,9406,-14,46907,2,139942,-7,285571,-0,002654806,0,9902614,-0,001197969,-0,1391898,0,0,0,0,0,0,0,0,0,0,0,0,0,0,0,0,0,0,0,0,0,0,1,1,1,False
39,95765,-14,44907,2,139942,-7,20557,-0,002654806,0,9902614,-0,001197969,-0,1391898,0,0,0,0,0,0,0,0,0,0,0,0,0,0,0,0,0,0,0,0,0,0,1,1,1,False
39,97359,-14,42907,2,139942,-7,155571,-0,002654806,0,9902614,-0,001197969,-0,1391898,0,0,0,0,0,0,0,0,0,0,0,0,0,0,0,0,0,0,0,0,0,0,1,1,1,False
39,98911,-14,42907,2,139942,-7,155571,-0,002654806,0,9902614,-0,001197969,-0,1391898,0,0,0,0,0,0,0,0,0,0,0,0,0,0,0,0,0,0,0,0,0,0,1,1,1,False
40,00558,-14,41907,2,139942,-7,10557,-0,002654806,0,9902614,-0,001197969,-0,1391898,0,0,0,0,0,0,0,0,0,0,0,0,0,0,0,0,0,0,0,0,0,0,1,1,1,False
40,02232,-14,39907,2,139942,-7,06557,-0,002654806,0,9902614,-0,001197969,-0,1391898,0,0,0,0,0,0,0,0,0,0,0,0,0,0,0,0,0,0,0,0,0,0,1,1,1,False
40,03943,-14,38907,2,139942,-7,015571,-0,002654806,0,9902614,-0,001197969,-0,1391898,0,0,0,0,0,0,0,0,0,0,0,0,0,0,0,0,0,0,0,0,0,0,1,1,1,False
40,06261,-14,35907,2,139942,-6,89557,-0,002654806,0,9902614,-0,001197969,-0,1391898,0,0,0,0,0,0,0,0,0,0,0,0,0,0,0,0,0,0,0,0,0,0,1,1,1,False
40,0802,-14,33907,2,139942,-6,845571,-0,002654806,0,9902614,-0,001197969,-0,1391898,0,0,0,0,0,0,0,0,0,0,0,0,0,0,0,0,0,0,0,0,0,0,1,1,1,False
40,09708,-14,30907,2,139942,-6,72557,-0,002654806,0,9902614,-0,001197969,-0,1391898,0,0,0,0,0,0,0,0,0,0,0,0,0,0,0,0,0,0,0,0,0,0,1,1,1,False
40,1134,-14,28907,2,139942,-6,67557,-0,002654806,0,9902614,-0,001197969,-0,1391898,0,0,0,0,0,0,0,0,0,0,0,0,0,0,0,0,0,0,0,0,0,0,1,1,1,False
40,13007,-14,28921,2,137218,-6,813394,-0,002654806,0,9902614,-0,001197969,-0,1391898,0,0,0,0,0,0,0,0,0,0,0,0,0,0,0,0,0,0,0,0,0,0,1,1,1,False
40,14725,-14,24907,2,139942,-6,515571,-0,002654806,0,9902614,-0,001197969,-0,1391898,0,0,0,0,0,0,0,0,0,0,0,0,0,0,0,0,0,0,0,0,0,0,1,1,1,False
40,1641,-14,22907,2,139942,-6,44557,-0,002654806,0,9902614,-0,001197969,-0,1391898,0,0,0,0,0,0,0,0,0,0,0,0,0,0,0,0,0,0,0,0,0,0,1,1,1,False
40,18122,-14,21907,2,139942,-6,405571,-0,002654806,0,9902614,-0,001197969,-0,1391898,0,0,0,0,0,0,0,0,0,0,0,0,0,0,0,0,0,0,0,0,0,0,1,1,1,False
40,19825,-14,18907,2,139942,-6,31557,-0,002654806,0,9902614,-0,001197969,-0,1391898,0,0,0,0,0,0,0,0,0,0,0,0,0,0,0,0,0,0,0,0,0,0,1,1,1,False
40,22168,-14,15907,2,139942,-6,19557,-0,002654806,0,9902614,-0,001197969,-0,1391898,0,0,0,0,0,0,0,0,0,0,0,0,0,0,0,0,0,0,0,0,0,0,1,1,1,False
40,23913,-14,12907,2,139942,-6,08557,-0,002654806,0,9902614,-0,001197969,-0,1391898,0,0,0,0,0,0,0,0,0,0,0,0,0,0,0,0,0,0,0,0,0,0,1,1,1,False
40,25492,-14,10907,2,139942,-6,04557,-0,002654806,0,9902614,-0,001197969,-0,1391898,0,0,0,0,0,0,0,0,0,0,0,0,0,0,0,0,0,0,0,0,0,0,1,1,1,False
40,27277,-14,09907,2,139942,-6,00557,-0,002654806,0,9902614,-0,001197969,-0,1391898,0,0,0,0,0,0,0,0,0,0,0,0,0,0,0,0,0,0,0,0,0,0,1,1,1,False
40,29117,-14,07907,2,139942,-5,93557,-0,002654806,0,9902614,-0,001197969,-0,1391898,0,0,0,0,0,0,0,0,0,0,0,0,0,0,0,0,0,0,0,0,0,0,1,1,1,False
40,30954,-14,06907,2,149942,-5,89557,-0,002654806,0,9902614,-0,001197969,-0,1391898,0,0,0,0,0,0,0,0,0,0,0,0,0,0,0,0,0,0,0,0,0,0,1,1,1,False
40,32612,-14,06907,2,149942,-5,89557,-0,002654806,0,9902614,-0,001197969,-0,1391898,0,0,0,0,0,0,0,0,0,0,0,0,0,0,0,0,0,0,0,0,0,0,1,1,1,False
40,34385,-14,04907,2,149942,-5,81557,-0,002654806,0,9902614,-0,001197969,-0,1391898,0,0,0,0,0,0,0,0,0,0,0,0,0,0,0,0,0,0,0,0,0,0,1,1,1,False
40,36271,-14,02907,2,149942,-5,74557,-0,002654806,0,9902614,-0,001197969,-0,1391898,0,0,0,0,0,0,0,0,0,0,0,0,0,0,0,0,0,0,0,0,0,0,1,1,1,False
40,38957,-13,98907,2,149942,-5,595571,-0,002654806,0,9902614,-0,001197969,-0,1391898,0,0,0,0,0,0,0,0,0,0,0,0,0,0,0,0,0,0,0,0,0,0,1,1,1,False
40,40823,-13,95907,2,149942,-5,515571,-0,002654806,0,9902614,-0,001197969,-0,1391898,0,0,0,0,0,0,0,0,0,0,0,0,0,0,0,0,0,0,0,0,0,0,1,1,1,False
40,42714,-13,91907,2,149942,-5,37557,-0,002654806,0,9902614,-0,001197969,-0,1391898,0,0,0,0,0,0,0,0,0,0,0,0,0,0,0,0,0,0,0,0,0,0,1,1,1,False
40,44571,-13,90907,2,149942,-5,33557,-0,002654806,0,9902614,-0,001197969,-0,1391898,0,0,0,0,0,0,0,0,0,0,0,0,0,0,0,0,0,0,0,0,0,0,1,1,1,False
40,46447,-13,87907,2,149942,-5,23557,-0,002654806,0,9902614,-0,001197969,-0,1391898,0,0,0,0,0,0,0,0,0,0,0,0,0,0,0,0,0,0,0,0,0,0,1,1,1,False
40,48311,-13,86907,2,149942,-5,19557,-0,002654806,0,9902614,-0,001197969,-0,1391898,0,0,0,0,0,0,0,0,0,0,0,0,0,0,0,0,0,0,0,0,0,0,1,1,1,False
40,50153,-13,85907,2,149942,-5,155571,-0,002654806,0,9902614,-0,001197969,-0,1391898,0,0,0,0,0,0,0,0,0,0,0,0,0,0,0,0,0,0,0,0,0,0,1,1,1,False
40,51924,-13,85907,2,149942,-5,155571,-0,002654806,0,9902614,-0,001197969,-0,1391898,0,0,0,0,0,0,0,0,0,0,0,0,0,0,0,0,0,0,0,0,0,0,1,1,1,False
40,5424,-13,85907,2,149942,-5,155571,-0,002654806,0,9902614,-0,001197969,-0,1391898,0,0,0,0,0,0,0,0,0,0,0,0,0,0,0,0,0,0,0,0,0,0,1,1,1,False
40,55891,-13,85907,2,149942,-5,155571,-0,002654806,0,9902614,-0,001197969,-0,1391898,0,0,0,0,0,0,0,0,0,0,0,0,0,0,0,0,0,0,0,0,0,0,1,1,1,False
40,57409,-13,85907,2,149942,-5,155571,-0,002654806,0,9902614,-0,001197969,-0,1391898,0,0,0,0,0,0,0,0,0,0,0,0,0,0,0,0,0,0,0,0,0,0,1,1,1,False
40,59021,-13,85907,2,149942,-5,155571,-0,002654806,0,9902614,-0,001197969,-0,1391898,0,0,0,0,0,0,0,0,0,0,0,0,0,0,0,0,0,0,0,0,0,0,1,1,1,False
40,60633,-13,85907,2,149942,-5,155571,-0,002654806,0,9902614,-0,001197969,-0,1391898,0,0,0,0,0,0,0,0,0,0,0,0,0,0,0,0,0,0,0,0,0,0,1,1,1,False
40,62374,-13,84907,2,149942,-5,12557,-0,002654806,0,9902614,-0,001197969,-0,1391898,0,0,0,0,0,0,0,0,0,0,0,0,0,0,0,0,0,0,0,0,0,0,1,1,1,False
40,6407,-13,83907,2,149942,-5,095571,-0,002654806,0,9902614,-0,001197969,-0,1391898,0,0,0,0,0,0,0,0,0,0,0,0,0,0,0,0,0,0,0,0,0,0,1,1,1,False
40,65823,-13,82907,2,149942,-5,06557,-0,002654806,0,9902614,-0,001197969,-0,1391898,0,0,0,0,0,0,0,0,0,0,0,0,0,0,0,0,0,0,0,0,0,0,1,1,1,False
40,67619,-13,81907,2,149942,-5,02557,-0,002654806,0,9902614,-0,001197969,-0,1391898,0,0,0,0,0,0,0,0,0,0,0,0,0,0,0,0,0,0,0,0,0,0,1,1,1,False
40,70025,-13,81907,2,149942,-5,02557,-0,002654806,0,9902614,-0,001197969,-0,1391898,0,0,0,0,0,0,0,0,0,0,0,0,0,0,0,0,0,0,0,0,0,0,1,1,1,False
40,71787,-13,81907,2,149942,-5,02557,-0,002654806,0,9902614,-0,001197969,-0,1391898,0,0,0,0,0,0,0,0,0,0,0,0,0,0,0,0,0,0,0,0,0,0,1,1,1,False
40,73355,-13,81907,2,149942,-5,02557,-0,002654806,0,9902614,-0,001197969,-0,1391898,0,0,0,0,0,0,0,0,0,0,0,0,0,0,0,0,0,0,0,0,0,0,1,1,1,False
40,75087,-13,81907,2,149942,-5,02557,-0,002654806,0,9902614,-0,001197969,-0,1391898,0,0,0,0,0,0,0,0,0,0,0,0,0,0,0,0,0,0,0,0,0,0,1,1,1,False
40,76831,-13,81907,2,149942,-5,02557,-0,002654806,0,9902614,-0,001197969,-0,1391898,0,0,0,0,0,0,0,0,0,0,0,0,0,0,0,0,0,0,0,0,0,0,1,1,1,False
40,78504,-13,81907,2,149942,-5,02557,-0,002654806,0,9902614,-0,001197969,-0,1391898,0,0,0,0,0,0,0,0,0,0,0,0,0,0,0,0,0,0,0,0,0,0,1,1,1,False
40,80186,-13,81907,2,149942,-5,02557,-0,002654806,0,9902614,-0,001197969,-0,1391898,0,0,0,0,0,0,0,0,0,0,0,0,0,0,0,0,0,0,0,0,0,0,1,1,1,False
40,81895,-13,81907,2,149942,-5,02557,-0,002654806,0,9902614,-0,001197969,-0,1391898,0,0,0,0,0,0,0,0,0,0,0,0,0,0,0,0,0,0,0,0,0,0,1,1,1,False
40,83512,-13,81907,2,149942,-5,02557,-0,002654806,0,9902614,-0,001197969,-0,1391898,0,0,0,0,0,0,0,0,0,0,0,0,0,0,0,0,0,0,0,0,0,0,1,1,1,False
40,8521,-13,81907,2,149942,-5,02557,-0,002654806,0,9902614,-0,001197969,-0,1391898,0,0,0,0,0,0,0,0,0,0,0,0,0,0,0,0,0,0,0,0,0,0,1,1,1,False
40,86896,-13,81907,2,149942,-5,02557,-0,002654806,0,9902614,-0,001197969,-0,1391898,0,0,0,0,0,0,0,0,0,0,0,0,0,0,0,0,0,0,0,0,0,0,1,1,1,False
40,88457,-13,81907,2,149942,-5,02557,-0,002654806,0,9902614,-0,001197969,-0,1391898,0,0,0,0,0,0,0,0,0,0,0,0,0,0,0,0,0,0,0,0,0,0,1,1,1,False
40,90285,-13,81907,2,149942,-5,02557,-0,002654806,0,9902614,-0,001197969,-0,1391898,0,0,0,0,0,0,0,0,0,0,0,0,0,0,0,0,0,0,0,0,0,0,1,1,1,False
40,91869,-13,81907,2,149942,-5,02557,-0,002654806,0,9902614,-0,001197969,-0,1391898,0,0,0,0,0,0,0,0,0,0,0,0,0,0,0,0,0,0,0,0,0,0,1,1,1,False
40,93372,-13,81907,2,149942,-5,02557,-0,002654806,0,9902614,-0,001197969,-0,1391898,0,0,0,0,0,0,0,0,0,0,0,0,0,0,0,0,0,0,0,0,0,0,1,1,1,False
40,94988,-13,81907,2,149942,-5,02557,-0,002654806,0,9902614,-0,001197969,-0,1391898,0,0,0,0,0,0,0,0,0,0,0,0,0,0,0,0,0,0,0,0,0,0,1,1,1,False
40,96585,-13,81907,2,149942,-5,02557,-0,002654806,0,9902614,-0,001197969,-0,1391898,0,0,0,0,0,0,0,0,0,0,0,0,0,0,0,0,0,0,0,0,0,0,1,1,1,False
40,98264,-13,81907,2,149942,-5,02557,-0,002654806,0,9902614,-0,001197969,-0,1391898,0,0,0,0,0,0,0,0,0,0,0,0,0,0,0,0,0,0,0,0,0,0,1,1,1,False
40,9996,-13,81907,2,149942,-5,02557,-0,002654806,0,9902614,-0,001197969,-0,1391898,0,0,0,0,0,0,0,0,0,0,0,0,0,0,0,0,0,0,0,0,0,0,1,1,1,False
41,01524,-13,81907,2,149942,-5,02557,-0,002654806,0,9902614,-0,001197969,-0,1391898,0,0,0,0,0,0,0,0,0,0,0,0,0,0,0,0,0,0,0,0,0,0,1,1,1,False
41,03198,-13,81907,2,149942,-5,02557,-0,002654806,0,9902614,-0,001197969,-0,1391898,0,0,0,0,0,0,0,0,0,0,0,0,0,0,0,0,0,0,0,0,0,0,1,1,1,False
41,04909,-13,81907,2,149942,-5,02557,-0,002654806,0,9902614,-0,001197969,-0,1391898,0,0,0,0,0,0,0,0,0,0,0,0,0,0,0,0,0,0,0,0,0,0,1,1,1,False
41,0658,-13,81907,2,149942,-5,02557,-0,002654806,0,9902614,-0,001197969,-0,1391898,0,0,0,0,0,0,0,0,0,0,0,0,0,0,0,0,0,0,0,0,0,0,1,1,1,False
41,08262,-13,81907,2,149942,-5,02557,-0,002654806,0,9902614,-0,001197969,-0,1391898,0,0,0,0,0,0,0,0,0,0,0,0,0,0,0,0,0,0,0,0,0,0,1,1,1,False
41,09968,-13,81907,2,149942,-5,02557,-0,002654806,0,9902614,-0,001197969,-0,1391898,0,0,0,0,0,0,0,0,0,0,0,0,0,0,0,0,0,0,0,0,0,0,1,1,1,False
41,11586,-13,81907,2,149942,-5,02557,-0,002654806,0,9902614,-0,001197969,-0,1391898,0,0,0,0,0,0,0,0,0,0,0,0,0,0,0,0,0,0,0,0,0,0,1,1,1,False
41,13155,-13,81907,2,149942,-5,02557,-0,002654806,0,9902614,-0,001197969,-0,1391898,0,0,0,0,0,0,0,0,0,0,0,0,0,0,0,0,0,0,0,0,0,0,1,1,1,False
41,14753,-13,81907,2,149942,-5,02557,-0,002654806,0,9902614,-0,001197969,-0,1391898,0,0,0,0,0,0,0,0,0,0,0,0,0,0,0,0,0,0,0,0,0,0,1,1,1,False
41,16304,-13,81907,2,149942,-5,02557,-0,002654806,0,9902614,-0,001197969,-0,1391898,0,0,0,0,0,0,0,0,0,0,0,0,0,0,0,0,0,0,0,0,0,0,1,1,1,False
41,17945,-13,81907,2,149942,-5,02557,-0,002654806,0,9902614,-0,001197969,-0,1391898,0,0,0,0,0,0,0,0,0,0,0,0,0,0,0,0,0,0,0,0,0,0,1,1,1,False
41,19431,-13,81907,2,149942,-5,02557,-0,002654806,0,9902614,-0,001197969,-0,1391898,0,0,0,0,0,0,0,0,0,0,0,0,0,0,0,0,0,0,0,0,0,0,1,1,1,False
41,21018,-13,81907,2,149942,-5,02557,-0,002654806,0,9902614,-0,001197969,-0,1391898,0,0,0,0,0,0,0,0,0,0,0,0,0,0,0,0,0,0,0,0,0,0,1,1,1,False
41,22739,-13,81907,2,149942,-5,02557,-0,002654806,0,9902614,-0,001197969,-0,1391898,0,0,0,0,0,0,0,0,0,0,0,0,0,0,0,0,0,0,0,0,0,0,1,1,1,False
41,24618,-13,81907,2,149942,-5,02557,-0,002654806,0,9902614,-0,001197969,-0,1391898,0,0,0,0,0,0,0,0,0,0,0,0,0,0,0,0,0,0,0,0,0,0,1,1,1,False
41,26217,-13,81907,2,149942,-5,02557,-0,002654806,0,9902614,-0,001197969,-0,1391898,0,0,0,0,0,0,0,0,0,0,0,0,0,0,0,0,0,0,0,0,0,0,1,1,1,False
41,27879,-13,81907,2,149942,-5,02557,-0,002654806,0,9902614,-0,001197969,-0,1391898,0,0,0,0,0,0,0,0,0,0,0,0,0,0,0,0,0,0,0,0,0,0,1,1,1,False
41,29457,-13,81907,2,149942,-5,02557,-0,002654806,0,9902614,-0,001197969,-0,1391898,0,0,0,0,0,0,0,0,0,0,0,0,0,0,0,0,0,0,0,0,0,0,1,1,1,False
41,31209,-13,81907,2,149942,-5,02557,-0,002654806,0,9902614,-0,001197969,-0,1391898,0,0,0,0,0,0,0,0,0,0,0,0,0,0,0,0,0,0,0,0,0,0,1,1,1,False
41,32907,-13,81907,2,149942,-5,02557,-0,002654806,0,9902614,-0,001197969,-0,1391898,0,0,0,0,0,0,0,0,0,0,0,0,0,0,0,0,0,0,0,0,0,0,1,1,1,False
41,34582,-13,81907,2,149942,-5,02557,-0,002654806,0,9902614,-0,001197969,-0,1391898,0,0,0,0,0,0,0,0,0,0,0,0,0,0,0,0,0,0,0,0,0,0,1,1,1,False
41,36393,-13,81907,2,149942,-5,02557,-0,002654806,0,9902614,-0,001197969,-0,1391898,0,0,0,0,0,0,0,0,0,0,0,0,0,0,0,0,0,0,0,0,0,0,1,1,1,False
41,37914,-13,81907,2,149942,-5,02557,-0,002654806,0,9902614,-0,001197969,-0,1391898,0,0,0,0,0,0,0,0,0,0,0,0,0,0,0,0,0,0,0,0,0,0,1,1,1,False
41,39388,-13,81907,2,149942,-5,02557,-0,002654806,0,9902614,-0,001197969,-0,1391898,0,0,0,0,0,0,0,0,0,0,0,0,0,0,0,0,0,0,0,0,0,0,1,1,1,False
41,40933,-13,81907,2,149942,-5,02557,-0,002654806,0,9902614,-0,001197969,-0,1391898,0,0,0,0,0,0,0,0,0,0,0,0,0,0,0,0,0,0,0,0,0,0,1,1,1,False
41,42529,-13,81907,2,149942,-5,02557,-0,002654806,0,9902614,-0,001197969,-0,1391898,0,0,0,0,0,0,0,0,0,0,0,0,0,0,0,0,0,0,0,0,0,0,1,1,1,False
41,44383,-13,81907,2,149942,-5,02557,-0,002654806,0,9902614,-0,001197969,-0,1391898,0,0,0,0,0,0,0,0,0,0,0,0,0,0,0,0,0,0,0,0,0,0,1,1,1,False
41,46376,-13,81907,2,149942,-5,02557,-0,002654806,0,9902614,-0,001197969,-0,1391898,0,0,0,0,0,0,0,0,0,0,0,0,0,0,0,0,0,0,0,0,0,0,1,1,1,False
41,48096,-13,81907,2,149942,-5,02557,-0,002654806,0,9902614,-0,001197969,-0,1391898,0,0,0,0,0,0,0,0,0,0,0,0,0,0,0,0,0,0,0,0,0,0,1,1,1,False
41,4975,-13,81907,2,149942,-5,02557,-0,002654806,0,9902614,-0,001197969,-0,1391898,0,0,0,0,0,0,0,0,0,0,0,0,0,0,0,0,0,0,0,0,0,0,1,1,1,False
41,51342,-13,81907,2,149942,-5,02557,-0,002654806,0,9902614,-0,001197969,-0,1391898,0,0,0,0,0,0,0,0,0,0,0,0,0,0,0,0,0,0,0,0,0,0,1,1,1,False
41,53068,-13,81907,2,149942,-5,02557,-0,002654806,0,9902614,-0,001197969,-0,1391898,0,0,0,0,0,0,0,0,0,0,0,0,0,0,0,0,0,0,0,0,0,0,1,1,1,False
41,54752,-13,81907,2,149942,-5,02557,-0,002654806,0,9902614,-0,001197969,-0,1391898,0,0,0,0,0,0,0,0,0,0,0,0,0,0,0,0,0,0,0,0,0,0,1,1,1,False
41,56449,-13,81907,2,149942,-5,02557,-0,002654806,0,9902614,-0,001197969,-0,1391898,0,0,0,0,0,0,0,0,0,0,0,0,0,0,0,0,0,0,0,0,0,0,1,1,1,False
41,58099,-13,81907,2,149942,-5,02557,-0,002654806,0,9902614,-0,001197969,-0,1391898,0,0,0,0,0,0,0,0,0,0,0,0,0,0,0,0,0,0,0,0,0,0,1,1,1,False
41,59676,-13,81907,2,149942,-5,02557,-0,002654806,0,9902614,-0,001197969,-0,1391898,0,0,0,0,0,0,0,0,0,0,0,0,0,0,0,0,0,0,0,0,0,0,1,1,1,False
41,61299,-13,81907,2,149942,-5,02557,-0,002654806,0,9902614,-0,001197969,-0,1391898,0,0,0,0,0,0,0,0,0,0,0,0,0,0,0,0,0,0,0,0,0,0,1,1,1,False
41,62908,-13,81907,2,149942,-5,02557,-0,002654806,0,9902614,-0,001197969,-0,1391898,0,0,0,0,0,0,0,0,0,0,0,0,0,0,0,0,0,0,0,0,0,0,1,1,1,False
41,64491,-13,81907,2,149942,-5,02557,-0,002654806,0,9902614,-0,001197969,-0,1391898,0,0,0,0,0,0,0,0,0,0,0,0,0,0,0,0,0,0,0,0,0,0,1,1,1,False
41,66088,-13,81907,2,149942,-5,02557,-0,002654806,0,9902614,-0,001197969,-0,1391898,0,0,0,0,0,0,0,0,0,0,0,0,0,0,0,0,0,0,0,0,0,0,1,1,1,False
41,67789,-13,81907,2,149942,-5,02557,-0,002654806,0,9902614,-0,001197969,-0,1391898,0,0,0,0,0,0,0,0,0,0,0,0,0,0,0,0,0,0,0,0,0,0,1,1,1,False
41,69333,-13,81907,2,149942,-5,02557,-0,002654806,0,9902614,-0,001197969,-0,1391898,0,0,0,0,0,0,0,0,0,0,0,0,0,0,0,0,0,0,0,0,0,0,1,1,1,False
41,70987,-13,81907,2,149942,-5,02557,-0,002654806,0,9902614,-0,001197969,-0,1391898,0,0,0,0,0,0,0,0,0,0,0,0,0,0,0,0,0,0,0,0,0,0,1,1,1,False
41,72674,-13,81907,2,149942,-5,02557,-0,002654806,0,9902614,-0,001197969,-0,1391898,0,0,0,0,0,0,0,0,0,0,0,0,0,0,0,0,0,0,0,0,0,0,1,1,1,False
41,74228,-13,81907,2,149942,-5,02557,-0,002654806,0,9902614,-0,001197969,-0,1391898,0,0,0,0,0,0,0,0,0,0,0,0,0,0,0,0,0,0,0,0,0,0,1,1,1,False
41,75798,-13,81907,2,149942,-5,02557,-0,002654806,0,9902614,-0,001197969,-0,1391898,0,0,0,0,0,0,0,0,0,0,0,0,0,0,0,0,0,0,0,0,0,0,1,1,1,False
41,77425,-13,81907,2,149942,-5,02557,-0,002654806,0,9902614,-0,001197969,-0,1391898,0,0,0,0,0,0,0,0,0,0,0,0,0,0,0,0,0,0,0,0,0,0,1,1,1,False
41,79033,-13,81907,2,149942,-5,02557,-0,002654806,0,9902614,-0,001197969,-0,1391898,0,0,0,0,0,0,0,0,0,0,0,0,0,0,0,0,0,0,0,0,0,0,1,1,1,False
41,80669,-13,81907,2,149942,-5,02557,-0,002654806,0,9902614,-0,001197969,-0,1391898,0,0,0,0,0,0,0,0,0,0,0,0,0,0,0,0,0,0,0,0,0,0,1,1,1,False
41,82321,-13,81907,2,149942,-5,02557,-0,002654806,0,9902614,-0,001197969,-0,1391898,0,0,0,0,0,0,0,0,0,0,0,0,0,0,0,0,0,0,0,0,0,0,1,1,1,False
41,83993,-13,81907,2,149942,-5,02557,-0,002654806,0,9902614,-0,001197969,-0,1391898,0,0,0,0,0,0,0,0,0,0,0,0,0,0,0,0,0,0,0,0,0,0,1,1,1,False
41,85637,-13,81907,2,149942,-5,02557,-0,002654806,0,9902614,-0,001197969,-0,1391898,0,0,0,0,0,0,0,0,0,0,0,0,0,0,0,0,0,0,0,0,0,0,1,1,1,False
41,87923,-13,81907,2,149942,-5,02557,-0,002654806,0,9902614,-0,001197969,-0,1391898,0,0,0,0,0,0,0,0,0,0,0,0,0,0,0,0,0,0,0,0,0,0,1,1,1,False
41,91086,-13,81907,2,149942,-5,02557,-0,002654806,0,9902614,-0,001197969,-0,1391898,0,0,0,0,0,0,0,0,0,0,0,0,0,0,0,0,0,0,0,0,0,0,1,1,1,False
41,92878,-13,81907,2,149942,-5,02557,-0,002654806,0,9902614,-0,001197969,-0,1391898,0,0,0,0,0,0,0,0,0,0,0,0,0,0,0,0,0,0,0,0,0,0,1,1,1,False
41,9437,-13,81907,2,149942,-5,02557,-0,002654806,0,9902614,-0,001197969,-0,1391898,0,0,0,0,0,0,0,0,0,0,0,0,0,0,0,0,0,0,0,0,0,0,1,1,1,False
41,95847,-13,81907,2,149942,-5,02557,-0,002654806,0,9902614,-0,001197969,-0,1391898,0,0,0,0,0,0,0,0,0,0,0,0,0,0,0,0,0,0,0,0,0,0,1,1,1,False
41,97236,-13,81907,2,149942,-5,02557,-0,002654806,0,9902614,-0,001197969,-0,1391898,0,0,0,0,0,0,0,0,0,0,0,0,0,0,0,0,0,0,0,0,0,0,1,1,1,False
41,98697,-13,81907,2,149942,-5,02557,-0,002654806,0,9902614,-0,001197969,-0,1391898,0,0,0,0,0,0,0,0,0,0,0,0,0,0,0,0,0,0,0,0,0,0,1,1,1,False
42,0032,-13,81907,2,149942,-5,02557,-0,002654806,0,9902614,-0,001197969,-0,1391898,0,0,0,0,0,0,0,0,0,0,0,0,0,0,0,0,0,0,0,0,0,0,1,1,1,False
42,01955,-13,81907,2,149942,-5,02557,-0,002654806,0,9902614,-0,001197969,-0,1391898,0,0,0,0,0,0,0,0,0,0,0,0,0,0,0,0,0,0,0,0,0,0,1,1,1,False
42,03505,-13,81907,2,149942,-5,02557,-0,002654806,0,9902614,-0,001197969,-0,1391898,0,0,0,0,0,0,0,0,0,0,0,0,0,0,0,0,0,0,0,0,0,0,1,1,1,False
42,0515,-13,81907,2,149942,-5,02557,-0,002654806,0,9902614,-0,001197969,-0,1391898,0,0,0,0,0,0,0,0,0,0,0,0,0,0,0,0,0,0,0,0,0,0,1,1,1,False
42,06799,-13,81907,2,149942,-5,02557,-0,002654806,0,9902614,-0,001197969,-0,1391898,0,0,0,0,0,0,0,0,0,0,0,0,0,0,0,0,0,0,0,0,0,0,1,1,1,False
42,0829,-13,81907,2,149942,-5,02557,-0,002654806,0,9902614,-0,001197969,-0,1391898,0,0,0,0,0,0,0,0,0,0,0,0,0,0,0,0,0,0,0,0,0,0,1,1,1,False
42,09974,-13,81907,2,149942,-5,02557,-0,002654806,0,9902614,-0,001197969,-0,1391898,0,0,0,0,0,0,0,0,0,0,0,0,0,0,0,0,0,0,0,0,0,0,1,1,1,False
42,11373,-13,81907,2,149942,-5,02557,-0,002654806,0,9902614,-0,001197969,-0,1391898,0,0,0,0,0,0,0,0,0,0,0,0,0,0,0,0,0,0,0,0,0,0,1,1,1,False
42,13292,-13,81907,2,149942,-5,02557,-0,002654806,0,9902614,-0,001197969,-0,1391898,0,0,0,0,0,0,0,0,0,0,0,0,0,0,0,0,0,0,0,0,0,0,1,1,1,False
42,15121,-13,81907,2,149942,-5,02557,-0,002654806,0,9902614,-0,001197969,-0,1391898,0,0,0,0,0,0,0,0,0,0,0,0,0,0,0,0,0,0,0,0,0,0,1,1,1,False
42,16737,-13,81907,2,149942,-5,02557,-0,002654806,0,9902614,-0,001197969,-0,1391898,0,0,0,0,0,0,0,0,0,0,0,0,0,0,0,0,0,0,0,0,0,0,1,1,1,False
42,18323,-13,81907,2,149942,-5,02557,-0,002654806,0,9902614,-0,001197969,-0,1391898,0,0,0,0,0,0,0,0,0,0,0,0,0,0,0,0,0,0,0,0,0,0,1,1,1,False
42,19887,-13,81907,2,149942,-5,02557,-0,002654806,0,9902614,-0,001197969,-0,1391898,0,0,0,0,0,0,0,0,0,0,0,0,0,0,0,0,0,0,0,0,0,0,1,1,1,False
42,21338,-13,81907,2,149942,-5,02557,-0,002654806,0,9902614,-0,001197969,-0,1391898,0,0,0,0,0,0,0,0,0,0,0,0,0,0,0,0,0,0,0,0,0,0,1,1,1,False
42,22976,-13,81907,2,149942,-5,02557,-0,002654806,0,9902614,-0,001197969,-0,1391898,0,0,0,0,0,0,0,0,0,0,0,0,0,0,0,0,0,0,0,0,0,0,1,1,1,False
42,24554,-13,81907,2,149942,-5,02557,-0,002654806,0,9902614,-0,001197969,-0,1391898,0,0,0,0,0,0,0,0,0,0,0,0,0,0,0,0,0,0,0,0,0,0,1,1,1,False
42,26119,-13,81907,2,149942,-5,02557,-0,002654806,0,9902614,-0,001197969,-0,1391898,0,0,0,0,0,0,0,0,0,0,0,0,0,0,0,0,0,0,0,0,0,0,1,1,1,False
42,27695,-13,81907,2,149942,-5,02557,-0,002654806,0,9902614,-0,001197969,-0,1391898,0,0,0,0,0,0,0,0,0,0,0,0,0,0,0,0,0,0,0,0,0,0,1,1,1,False
42,29193,-13,81907,2,149942,-5,02557,-0,002654806,0,9902614,-0,001197969,-0,1391898,0,0,0,0,0,0,0,0,0,0,0,0,0,0,0,0,0,0,0,0,0,0,1,1,1,False
42,30778,-13,81907,2,149942,-5,02557,-0,002654806,0,9902614,-0,001197969,-0,1391898,0,0,0,0,0,0,0,0,0,0,0,0,0,0,0,0,0,0,0,0,0,0,1,1,1,False
42,32382,-13,81907,2,149942,-5,02557,-0,002654806,0,9902614,-0,001197969,-0,1391898,0,0,0,0,0,0,0,0,0,0,0,0,0,0,0,0,0,0,0,0,0,0,1,1,1,False
42,33967,-13,81907,2,149942,-5,02557,-0,002654806,0,9902614,-0,001197969,-0,1391898,0,0,0,0,0,0,0,0,0,0,0,0,0,0,0,0,0,0,0,0,0,0,1,1,1,False
42,35505,-13,81907,2,149942,-5,02557,-0,002654806,0,9902614,-0,001197969,-0,1391898,0,0,0,0,0,0,0,0,0,0,0,0,0,0,0,0,0,0,0,0,0,0,1,1,1,False
42,37166,-13,81907,2,149942,-5,02557,-0,002654806,0,9902614,-0,001197969,-0,1391898,0,0,0,0,0,0,0,0,0,0,0,0,0,0,0,0,0,0,0,0,0,0,1,1,1,False
42,38802,-13,81907,2,149942,-5,02557,-0,002654806,0,9902614,-0,001197969,-0,1391898,0,0,0,0,0,0,0,0,0,0,0,0,0,0,0,0,0,0,0,0,0,0,1,1,1,False
42,40382,-13,81907,2,149942,-5,02557,-0,002654806,0,9902614,-0,001197969,-0,1391898,0,0,0,0,0,0,0,0,0,0,0,0,0,0,0,0,0,0,0,0,0,0,1,1,1,False
42,41986,-13,81907,2,149942,-5,02557,-0,002654806,0,9902614,-0,001197969,-0,1391898,0,0,0,0,0,0,0,0,0,0,0,0,0,0,0,0,0,0,0,0,0,0,1,1,1,False
42,43527,-13,81907,2,149942,-5,02557,-0,002654806,0,9902614,-0,001197969,-0,1391898,0,0,0,0,0,0,0,0,0,0,0,0,0,0,0,0,0,0,0,0,0,0,1,1,1,False
42,451,-13,81907,2,149942,-5,02557,-0,002654806,0,9902614,-0,001197969,-0,1391898,0,0,0,0,0,0,0,0,0,0,0,0,0,0,0,0,0,0,0,0,0,0,1,1,1,False
42,46706,-13,81907,2,149942,-5,02557,-0,002654806,0,9902614,-0,001197969,-0,1391898,0,0,0,0,0,0,0,0,0,0,0,0,0,0,0,0,0,0,0,0,0,0,1,1,1,False
42,48323,-13,81907,2,149942,-5,02557,-0,002654806,0,9902614,-0,001197969,-0,1391898,0,0,0,0,0,0,0,0,0,0,0,0,0,0,0,0,0,0,0,0,0,0,1,1,1,False
42,49924,-13,81907,2,149942,-5,02557,-0,002654806,0,9902614,-0,001197969,-0,1391898,0,0,0,0,0,0,0,0,0,0,0,0,0,0,0,0,0,0,0,0,0,0,1,1,1,False
42,51365,-13,81907,2,149942,-5,02557,-0,002654806,0,9902614,-0,001197969,-0,1391898,0,0,0,0,0,0,0,0,0,0,0,0,0,0,0,0,0,0,0,0,0,0,1,1,1,False
42,52935,-13,81907,2,149942,-5,02557,-0,002654806,0,9902614,-0,001197969,-0,1391898,0,0,0,0,0,0,0,0,0,0,0,0,0,0,0,0,0,0,0,0,0,0,1,1,1,False
42,54443,-13,81907,2,149942,-5,02557,-0,002654806,0,9902614,-0,001197969,-0,1391898,0,0,0,0,0,0,0,0,0,0,0,0,0,0,0,0,0,0,0,0,0,0,1,1,1,False
42,55978,-13,81907,2,149942,-5,02557,-0,002654806,0,9902614,-0,001197969,-0,1391898,0,0,0,0,0,0,0,0,0,0,0,0,0,0,0,0,0,0,0,0,0,0,1,1,1,False
42,5745,-13,81907,2,149942,-5,02557,-0,002654806,0,9902614,-0,001197969,-0,1391898,0,0,0,0,0,0,0,0,0,0,0,0,0,0,0,0,0,0,0,0,0,0,1,1,1,False
42,59077,-13,81907,2,149942,-5,02557,-0,002654806,0,9902614,-0,001197969,-0,1391898,0,0,0,0,0,0,0,0,0,0,0,0,0,0,0,0,0,0,0,0,0,0,1,1,1,False
42,60583,-13,81907,2,149942,-5,02557,-0,002654806,0,9902614,-0,001197969,-0,1391898,0,0,0,0,0,0,0,0,0,0,0,0,0,0,0,0,0,0,0,0,0,0,1,1,1,False
42,62155,-13,81907,2,149942,-5,02557,-0,002654806,0,9902614,-0,001197969,-0,1391898,0,0,0,0,0,0,0,0,0,0,0,0,0,0,0,0,0,0,0,0,0,0,1,1,1,False
42,63641,-13,81907,2,149942,-5,02557,-0,002654806,0,9902614,-0,001197969,-0,1391898,0,0,0,0,0,0,0,0,0,0,0,0,0,0,0,0,0,0,0,0,0,0,1,1,1,False
42,65068,-13,81907,2,149942,-5,02557,-0,002654806,0,9902614,-0,001197969,-0,1391898,0,0,0,0,0,0,0,0,0,0,0,0,0,0,0,0,0,0,0,0,0,0,1,1,1,False
42,66582,-13,81907,2,149942,-5,02557,-0,002654806,0,9902614,-0,001197969,-0,1391898,0,0,0,0,0,0,0,0,0,0,0,0,0,0,0,0,0,0,0,0,0,0,1,1,1,False
42,68113,-13,81907,2,149942,-5,02557,-0,002654806,0,9902614,-0,001197969,-0,1391898,0,0,0,0,0,0,0,0,0,0,0,0,0,0,0,0,0,0,0,0,0,0,1,1,1,False
42,69683,-13,81907,2,149942,-5,02557,-0,002654806,0,9902614,-0,001197969,-0,1391898,0,0,0,0,0,0,0,0,0,0,0,0,0,0,0,0,0,0,0,0,0,0,1,1,1,False
42,7117,-13,81907,2,149942,-5,02557,-0,002654806,0,9902614,-0,001197969,-0,1391898,0,0,0,0,0,0,0,0,0,0,0,0,0,0,0,0,0,0,0,0,0,0,1,1,1,False
42,72736,-13,81907,2,149942,-5,02557,-0,002654806,0,9902614,-0,001197969,-0,1391898,0,0,0,0,0,0,0,0,0,0,0,0,0,0,0,0,0,0,0,0,0,0,1,1,1,False
42,74323,-13,81907,2,149942,-5,02557,-0,002654806,0,9902614,-0,001197969,-0,1391898,0,0,0,0,0,0,0,0,0,0,0,0,0,0,0,0,0,0,0,0,0,0,1,1,1,False
42,7588,-13,81907,2,149942,-5,02557,-0,002654806,0,9902614,-0,001197969,-0,1391898,0,0,0,0,0,0,0,0,0,0,0,0,0,0,0,0,0,0,0,0,0,0,1,1,1,False
42,77349,-13,81907,2,149942,-5,02557,-0,002654806,0,9902614,-0,001197969,-0,1391898,0,0,0,0,0,0,0,0,0,0,0,0,0,0,0,0,0,0,0,0,0,0,1,1,1,False
42,78908,-13,81907,2,149942,-5,02557,-0,002654806,0,9902614,-0,001197969,-0,1391898,0,0,0,0,0,0,0,0,0,0,0,0,0,0,0,0,0,0,0,0,0,0,1,1,1,False
42,80496,-13,81907,2,149942,-5,02557,-0,002654806,0,9902614,-0,001197969,-0,1391898,0,0,0,0,0,0,0,0,0,0,0,0,0,0,0,0,0,0,0,0,0,0,1,1,1,False
42,8215,-13,81907,2,149942,-5,02557,-0,002654806,0,9902614,-0,001197969,-0,1391898,0,0,0,0,0,0,0,0,0,0,0,0,0,0,0,0,0,0,0,0,0,0,1,1,1,False
42,83779,-13,81907,2,149942,-5,02557,-0,002654806,0,9902614,-0,001197969,-0,1391898,0,0,0,0,0,0,0,0,0,0,0,0,0,0,0,0,0,0,0,0,0,0,1,1,1,False
42,85297,-13,81907,2,149942,-5,02557,-0,002654806,0,9902614,-0,001197969,-0,1391898,0,0,0,0,0,0,0,0,0,0,0,0,0,0,0,0,0,0,0,0,0,0,1,1,1,False
42,86847,-13,81907,2,149942,-5,02557,-0,002654806,0,9902614,-0,001197969,-0,1391898,0,0,0,0,0,0,0,0,0,0,0,0,0,0,0,0,0,0,0,0,0,0,1,1,1,False
42,88494,-13,81907,2,149942,-5,02557,-0,002654806,0,9902614,-0,001197969,-0,1391898,0,0,0,0,0,0,0,0,0,0,0,0,0,0,0,0,0,0,0,0,0,0,1,1,1,False
42,90324,-13,81907,2,149942,-5,02557,-0,002654806,0,9902614,-0,001197969,-0,1391898,0,0,0,0,0,0,0,0,0,0,0,0,0,0,0,0,0,0,0,0,0,0,1,1,1,False
42,9221,-13,81907,2,149942,-5,02557,-0,002654806,0,9902614,-0,001197969,-0,1391898,0,0,0,0,0,0,0,0,0,0,0,0,0,0,0,0,0,0,0,0,0,0,1,1,1,False
42,94132,-13,81907,2,149942,-5,02557,-0,002654806,0,9902614,-0,001197969,-0,1391898,0,0,0,0,0,0,0,0,0,0,0,0,0,0,0,0,0,0,0,0,0,0,1,1,1,False
42,96044,-13,81907,2,149942,-5,02557,-0,002654806,0,9902614,-0,001197969,-0,1391898,0,0,0,0,0,0,0,0,0,0,0,0,0,0,0,0,0,0,0,0,0,0,1,1,1,False
42,97902,-13,81907,2,149942,-5,02557,-0,002654806,0,9902614,-0,001197969,-0,1391898,0,0,0,0,0,0,0,0,0,0,0,0,0,0,0,0,0,0,0,0,0,0,1,1,1,False
42,99374,-13,81907,2,149942,-5,02557,-0,002654806,0,9902614,-0,001197969,-0,1391898,0,0,0,0,0,0,0,0,0,0,0,0,0,0,0,0,0,0,0,0,0,0,1,1,1,False
43,01009,-13,81907,2,149942,-5,02557,-0,002654806,0,9902614,-0,001197969,-0,1391898,0,0,0,0,0,0,0,0,0,0,0,0,0,0,0,0,0,0,0,0,0,0,1,1,1,False
43,02813,-13,81907,2,149942,-5,02557,-0,002654806,0,9902614,-0,001197969,-0,1391898,0,0,0,0,0,0,0,0,0,0,0,0,0,0,0,0,0,0,0,0,0,0,1,1,1,False
43,04303,-13,81907,2,149942,-5,02557,-0,002654806,0,9902614,-0,001197969,-0,1391898,0,0,0,0,0,0,0,0,0,0,0,0,0,0,0,0,0,0,0,0,0,0,1,1,1,False
43,05867,-13,81907,2,149942,-5,02557,-0,002654806,0,9902614,-0,001197969,-0,1391898,0,0,0,0,0,0,0,0,0,0,0,0,0,0,0,0,0,0,0,0,0,0,1,1,1,False
43,07265,-13,81907,2,149942,-5,02557,-0,002654806,0,9902614,-0,001197969,-0,1391898,0,0,0,0,0,0,0,0,0,0,0,0,0,0,0,0,0,0,0,0,0,0,1,1,1,False
43,0882,-13,81907,2,149942,-5,02557,-0,002654806,0,9902614,-0,001197969,-0,1391898,0,0,0,0,0,0,0,0,0,0,0,0,0,0,0,0,0,0,0,0,0,0,1,1,1,False
43,1031,-13,81907,2,149942,-5,02557,-0,002654806,0,9902614,-0,001197969,-0,1391898,0,0,0,0,0,0,0,0,0,0,0,0,0,0,0,0,0,0,0,0,0,0,1,1,1,False
43,11879,-13,81907,2,149942,-5,02557,-0,002654806,0,9902614,-0,001197969,-0,1391898,0,0,0,0,0,0,0,0,0,0,0,0,0,0,0,0,0,0,0,0,0,0,1,1,1,False
43,13365,-13,81907,2,149942,-5,02557,-0,002654806,0,9902614,-0,001197969,-0,1391898,0,0,0,0,0,0,0,0,0,0,0,0,0,0,0,0,0,0,0,0,0,0,1,1,1,False
43,14946,-13,81907,2,149942,-5,02557,-0,002654806,0,9902614,-0,001197969,-0,1391898,0,0,0,0,0,0,0,0,0,0,0,0,0,0,0,0,0,0,0,0,0,0,1,1,1,False
43,16853,-13,81907,2,149942,-5,02557,-0,002654806,0,9902614,-0,001197969,-0,1391898,0,0,0,0,0,0,0,0,0,0,0,0,0,0,0,0,0,0,0,0,0,0,1,1,1,False
43,18741,-13,81907,2,149942,-5,02557,-0,002654806,0,9902614,-0,001197969,-0,1391898,0,0,0,0,0,0,0,0,0,0,0,0,0,0,0,0,0,0,0,0,0,0,1,1,1,False
43,20586,-13,81907,2,149942,-5,02557,-0,002654806,0,9902614,-0,001197969,-0,1391898,0,0,0,0,0,0,0,0,0,0,0,0,0,0,0,0,0,0,0,0,0,0,1,1,1,False
43,22438,-13,81907,2,149942,-5,02557,-0,002654806,0,9902614,-0,001197969,-0,1391898,0,0,0,0,0,0,0,0,0,0,0,0,0,0,0,0,0,0,0,0,0,0,1,1,1,False
43,24017,-13,81907,2,149942,-5,02557,-0,002654806,0,9902614,-0,001197969,-0,1391898,0,0,0,0,0,0,0,0,0,0,0,0,0,0,0,0,0,0,0,0,0,0,1,1,1,False
43,25903,-13,81907,2,149942,-5,02557,-0,002654806,0,9902614,-0,001197969,-0,1391898,0,0,0,0,0,0,0,0,0,0,0,0,0,0,0,0,0,0,0,0,0,0,1,1,1,False
43,27702,-13,81907,2,149942,-5,02557,-0,002654806,0,9902614,-0,001197969,-0,1391898,0,0,0,0,0,0,0,0,0,0,0,0,0,0,0,0,0,0,0,0,0,0,1,1,1,False
43,29557,-13,81907,2,149942,-5,02557,-0,002654806,0,9902614,-0,001197969,-0,1391898,0,0,0,0,0,0,0,0,0,0,0,0,0,0,0,0,0,0,0,0,0,0,1,1,1,False
43,31133,-13,81907,2,149942,-5,02557,-0,002654806,0,9902614,-0,001197969,-0,1391898,0,0,0,0,0,0,0,0,0,0,0,0,0,0,0,0,0,0,0,0,0,0,1,1,1,False
43,32962,-13,81907,2,149942,-5,02557,-0,002654806,0,9902614,-0,001197969,-0,1391898,0,0,0,0,0,0,0,0,0,0,0,0,0,0,0,0,0,0,0,0,0,0,1,1,1,False
43,34504,-13,81907,2,149942,-5,02557,-0,002654806,0,9902614,-0,001197969,-0,1391898,0,0,0,0,0,0,0,0,0,0,0,0,0,0,0,0,0,0,0,0,0,0,1,1,1,False
43,36065,-13,81907,2,149942,-5,02557,-0,002654806,0,9902614,-0,001197969,-0,1391898,0,0,0,0,0,0,0,0,0,0,0,0,0,0,0,0,0,0,0,0,0,0,1,1,1,False
43,37618,-13,81907,2,149942,-5,02557,-0,002654806,0,9902614,-0,001197969,-0,1391898,0,0,0,0,0,0,0,0,0,0,0,0,0,0,0,0,0,0,0,0,0,0,1,1,1,False
43,39084,-13,81907,2,149942,-5,02557,-0,002654806,0,9902614,-0,001197969,-0,1391898,0,0,0,0,0,0,0,0,0,0,0,0,0,0,0,0,0,0,0,0,0,0,1,1,1,False
43,40905,-13,81907,2,149942,-5,02557,-0,002654806,0,9902614,-0,001197969,-0,1391898,0,0,0,0,0,0,0,0,0,0,0,0,0,0,0,0,0,0,0,0,0,0,1,1,1,False
43,42394,-13,81907,2,149942,-5,02557,-0,002654806,0,9902614,-0,001197969,-0,1391898,0,0,0,0,0,0,0,0,0,0,0,0,0,0,0,0,0,0,0,0,0,0,1,1,1,False
43,43976,-13,81907,2,149942,-5,02557,-0,002654806,0,9902614,-0,001197969,-0,1391898,0,0,0,0,0,0,0,0,0,0,0,0,0,0,0,0,0,0,0,0,0,0,1,1,1,False
43,4544,-13,81907,2,149942,-5,02557,-0,002654806,0,9902614,-0,001197969,-0,1391898,0,0,0,0,0,0,0,0,0,0,0,0,0,0,0,0,0,0,0,0,0,0,1,1,1,False
43,46972,-13,81907,2,149942,-5,02557,-0,002654806,0,9902614,-0,001197969,-0,1391898,0,0,0,0,0,0,0,0,0,0,0,0,0,0,0,0,0,0,0,0,0,0,1,1,1,False
43,48515,-13,81907,2,149942,-5,02557,-0,002654806,0,9902614,-0,001197969,-0,1391898,0,0,0,0,0,0,0,0,0,0,0,0,0,0,0,0,0,0,0,0,0,0,1,1,1,False
43,50066,-13,81907,2,149942,-5,02557,-0,002654806,0,9902614,-0,001197969,-0,1391898,0,0,0,0,0,0,0,0,0,0,0,0,0,0,0,0,0,0,0,0,0,0,1,1,1,False
43,51634,-13,81907,2,149942,-5,02557,-0,002654806,0,9902614,-0,001197969,-0,1391898,0,0,0,0,0,0,0,0,0,0,0,0,0,0,0,0,0,0,0,0,0,0,1,1,1,False
43,53073,-13,81907,2,149942,-5,02557,-0,002654806,0,9902614,-0,001197969,-0,1391898,0,0,0,0,0,0,0,0,0,0,0,0,0,0,0,0,0,0,0,0,0,0,1,1,1,False
43,54575,-13,81907,2,149942,-5,02557,-0,002654806,0,9902614,-0,001197969,-0,1391898,0,0,0,0,0,0,0,0,0,0,0,0,0,0,0,0,0,0,0,0,0,0,1,1,1,False
43,56113,-13,81907,2,149942,-5,02557,-0,002654806,0,9902614,-0,001197969,-0,1391898,0,0,0,0,0,0,0,0,0,0,0,0,0,0,0,0,0,0,0,0,0,0,1,1,1,False
43,57599,-13,81907,2,149942,-5,02557,-0,002654806,0,9902614,-0,001197969,-0,1391898,0,0,0,0,0,0,0,0,0,0,0,0,0,0,0,0,0,0,0,0,0,0,1,1,1,False
43,59203,-13,81907,2,149942,-5,02557,-0,002654806,0,9902614,-0,001197969,-0,1391898,0,0,0,0,0,0,0,0,0,0,0,0,0,0,0,0,0,0,0,0,0,0,1,1,1,False
43,61045,-13,81907,2,149942,-5,02557,-0,002654806,0,9902614,-0,001197969,-0,1391898,0,0,0,0,0,0,0,0,0,0,0,0,0,0,0,0,0,0,0,0,0,0,1,1,1,False
43,62555,-13,81907,2,149942,-5,02557,-0,002654806,0,9902614,-0,001197969,-0,1391898,0,0,0,0,0,0,0,0,0,0,0,0,0,0,0,0,0,0,0,0,0,0,1,1,1,False
43,64045,-13,81907,2,149942,-5,02557,-0,002654806,0,9902614,-0,001197969,-0,1391898,0,0,0,0,0,0,0,0,0,0,0,0,0,0,0,0,0,0,0,0,0,0,1,1,1,False
43,67971,-13,81907,2,149942,-5,02557,-0,002654806,0,9902614,-0,001197969,-0,1391898,0,0,0,0,0,0,0,0,0,0,0,0,0,0,0,0,0,0,0,0,0,0,1,1,1,False
43,72552,-13,81907,2,149942,-5,02557,-0,002654806,0,9902614,-0,001197969,-0,1391898,0,0,0,0,0,0,0,0,0,0,0,0,0,0,0,0,0,0,0,0,0,0,1,1,1,False
43,75486,-13,81907,2,149942,-5,02557,-0,002654806,0,9902614,-0,001197969,-0,1391898,0,0,0,0,0,0,0,0,0,0,0,0,0,0,0,0,0,0,0,0,0,0,1,1,1,False
43,84607,-13,81907,2,149942,-5,02557,-0,002654806,0,9902614,-0,001197969,-0,1391898,0,0,0,0,0,0,0,0,0,0,0,0,0,0,0,0,0,0,0,0,0,0,1,1,1,False
43,86729,-13,81907,2,149942,-5,02557,-0,002654806,0,9902614,-0,001197969,-0,1391898,0,0,0,0,0,0,0,0,0,0,0,0,0,0,0,0,0,0,0,0,0,0,1,1,1,False
43,88408,-13,81907,2,149942,-5,02557,-0,002654806,0,9902614,-0,001197969,-0,1391898,0,0,0,0,0,0,0,0,0,0,0,0,0,0,0,0,0,0,0,0,0,0,1,1,1,False
43,90054,-13,81907,2,149942,-5,02557,-0,002654806,0,9902614,-0,001197969,-0,1391898,0,0,0,0,0,0,0,0,0,0,0,0,0,0,0,0,0,0,0,0,0,0,1,1,1,False
43,91612,-13,81907,2,149942,-5,02557,-0,002654806,0,9902614,-0,001197969,-0,1391898,0,0,0,0,0,0,0,0,0,0,0,0,0,0,0,0,0,0,0,0,0,0,1,1,1,False
43,93306,-13,81907,2,149942,-5,02557,-0,002654806,0,9902614,-0,001197969,-0,1391898,0,0,0,0,0,0,0,0,0,0,0,0,0,0,0,0,0,0,0,0,0,0,1,1,1,False
43,94916,-13,81907,2,149942,-5,02557,-0,002654806,0,9902614,-0,001197969,-0,1391898,0,0,0,0,0,0,0,0,0,0,0,0,0,0,0,0,0,0,0,0,0,0,1,1,1,False
43,96678,-13,81907,2,149942,-5,02557,-0,002654806,0,9902614,-0,001197969,-0,1391898,0,0,0,0,0,0,0,0,0,0,0,0,0,0,0,0,0,0,0,0,0,0,1,1,1,False
43,98468,-13,81907,2,149942,-5,02557,-0,002654806,0,9902614,-0,001197969,-0,1391898,0,0,0,0,0,0,0,0,0,0,0,0,0,0,0,0,0,0,0,0,0,0,1,1,1,False
44,00368,-13,81907,2,149942,-5,02557,-0,002654806,0,9902614,-0,001197969,-0,1391898,0,0,0,0,0,0,0,0,0,0,0,0,0,0,0,0,0,0,0,0,0,0,1,1,1,False
44,02256,-13,81907,2,149942,-5,02557,-0,002654806,0,9902614,-0,001197969,-0,1391898,0,0,0,0,0,0,0,0,0,0,0,0,0,0,0,0,0,0,0,0,0,0,1,1,1,False
44,04219,-13,81907,2,149942,-5,02557,-0,002654806,0,9902614,-0,001197969,-0,1391898,0,0,0,0,0,0,0,0,0,0,0,0,0,0,0,0,0,0,0,0,0,0,1,1,1,False
44,05986,-13,81907,2,149942,-5,02557,-0,002654806,0,9902614,-0,001197969,-0,1391898,0,0,0,0,0,0,0,0,0,0,0,0,0,0,0,0,0,0,0,0,0,0,1,1,1,False
44,0749,-13,81907,2,149942,-5,02557,-0,002654806,0,9902614,-0,001197969,-0,1391898,0,0,0,0,0,0,0,0,0,0,0,0,0,0,0,0,0,0,0,0,0,0,1,1,1,False
44,09112,-13,81907,2,149942,-5,02557,-0,002654806,0,9902614,-0,001197969,-0,1391898,0,0,0,0,0,0,0,0,0,0,0,0,0,0,0,0,0,0,0,0,0,0,1,1,1,False
44,10704,-13,81907,2,149942,-5,02557,-0,002654806,0,9902614,-0,001197969,-0,1391898,0,0,0,0,0,0,0,0,0,0,0,0,0,0,0,0,0,0,0,0,0,0,1,1,1,False
44,12288,-13,81907,2,149942,-5,02557,-0,002654806,0,9902614,-0,001197969,-0,1391898,0,0,0,0,0,0,0,0,0,0,0,0,0,0,0,0,0,0,0,0,0,0,1,1,1,False
44,13873,-13,81907,2,149942,-5,02557,-0,002654806,0,9902614,-0,001197969,-0,1391898,0,0,0,0,0,0,0,0,0,0,0,0,0,0,0,0,0,0,0,0,0,0,1,1,1,False
44,15381,-13,81907,2,149942,-5,02557,-0,002654806,0,9902614,-0,001197969,-0,1391898,0,0,0,0,0,0,0,0,0,0,0,0,0,0,0,0,0,0,0,0,0,0,1,1,1,False
44,17028,-13,81907,2,149942,-5,02557,-0,002654806,0,9902614,-0,001197969,-0,1391898,0,0,0,0,0,0,0,0,0,0,0,0,0,0,0,0,0,0,0,0,0,0,1,1,1,False
44,18639,-13,81907,2,149942,-5,02557,-0,002654806,0,9902614,-0,001197969,-0,1391898,0,0,0,0,0,0,0,0,0,0,0,0,0,0,0,0,0,0,0,0,0,0,1,1,1,False
44,20354,-13,81907,2,149942,-5,02557,-0,002654806,0,9902614,-0,001197969,-0,1391898,0,0,0,0,0,0,0,0,0,0,0,0,0,0,0,0,0,0,0,0,0,0,1,1,1,False
44,22023,-13,81907,2,149942,-5,02557,-0,002654806,0,9902614,-0,001197969,-0,1391898,0,0,0,0,0,0,0,0,0,0,0,0,0,0,0,0,0,0,0,0,0,0,1,1,1,False
44,23664,-13,81907,2,149942,-5,02557,-0,002654806,0,9902614,-0,001197969,-0,1391898,0,0,0,0,0,0,0,0,0,0,0,0,0,0,0,0,0,0,0,0,0,0,1,1,1,False
44,25279,-13,81907,2,149942,-5,02557,-0,002654806,0,9902614,-0,001197969,-0,1391898,0,0,0,0,0,0,0,0,0,0,0,0,0,0,0,0,0,0,0,0,0,0,1,1,1,False
44,26905,-13,81907,2,149942,-5,02557,-0,002654806,0,9902614,-0,001197969,-0,1391898,0,0,0,0,0,0,0,0,0,0,0,0,0,0,0,0,0,0,0,0,0,0,1,1,1,False
44,28474,-13,81907,2,149942,-5,02557,-0,002654806,0,9902614,-0,001197969,-0,1391898,0,0,0,0,0,0,0,0,0,0,0,0,0,0,0,0,0,0,0,0,0,0,1,1,1,False
44,29932,-13,81907,2,149942,-5,02557,-0,002654806,0,9902614,-0,001197969,-0,1391898,0,0,0,0,0,0,0,0,0,0,0,0,0,0,0,0,0,0,0,0,0,0,1,1,1,False
44,31318,-13,81907,2,149942,-5,02557,-0,002654806,0,9902614,-0,001197969,-0,1391898,0,0,0,0,0,0,0,0,0,0,0,0,0,0,0,0,0,0,0,0,0,0,1,1,1,False
44,33159,-13,81907,2,149942,-5,02557,-0,002654806,0,9902614,-0,001197969,-0,1391898,0,0,0,0,0,0,0,0,0,0,0,0,0,0,0,0,0,0,0,0,0,0,1,1,1,False
44,35226,-13,81907,2,149942,-5,02557,-0,002654806,0,9902614,-0,001197969,-0,1391898,0,0,0,0,0,0,0,0,0,0,0,0,0,0,0,0,0,0,0,0,0,0,1,1,1,False
44,3688,-13,81907,2,149942,-5,02557,-0,002654806,0,9902614,-0,001197969,-0,1391898,0,0,0,0,0,0,0,0,0,0,0,0,0,0,0,0,0,0,0,0,0,0,1,1,1,False
44,38552,-13,81907,2,149942,-5,02557,-0,002654806,0,9902614,-0,001197969,-0,1391898,0,0,0,0,0,0,0,0,0,0,0,0,0,0,0,0,0,0,0,0,0,0,1,1,1,False
44,40242,-13,81907,2,149942,-5,02557,-0,002654806,0,9902614,-0,001197969,-0,1391898,0,0,0,0,0,0,0,0,0,0,0,0,0,0,0,0,0,0,0,0,0,0,1,1,1,False
44,41945,-13,81907,2,149942,-5,02557,-0,002654806,0,9902614,-0,001197969,-0,1391898,0,0,0,0,0,0,0,0,0,0,0,0,0,0,0,0,0,0,0,0,0,0,1,1,1,False
44,43541,-13,81907,2,149942,-5,02557,-0,002654806,0,9902614,-0,001197969,-0,1391898,0,0,0,0,0,0,0,0,0,0,0,0,0,0,0,0,0,0,0,0,0,0,1,1,1,False
44,45435,-13,81907,2,149942,-5,02557,-0,002654806,0,9902614,-0,001197969,-0,1391898,0,0,0,0,0,0,0,0,0,0,0,0,0,0,0,0,0,0,0,0,0,0,1,1,1,False
44,47238,-13,81907,2,149942,-5,02557,-0,002654806,0,9902614,-0,001197969,-0,1391898,0,0,0,0,0,0,0,0,0,0,0,0,0,0,0,0,0,0,0,0,0,0,1,1,1,False
44,48911,-13,81907,2,149942,-5,02557,-0,002654806,0,9902614,-0,001197969,-0,1391898,0,0,0,0,0,0,0,0,0,0,0,0,0,0,0,0,0,0,0,0,0,0,1,1,1,False
44,50583,-13,81907,2,149942,-5,02557,-0,002654806,0,9902614,-0,001197969,-0,1391898,0,0,0,0,0,0,0,0,0,0,0,0,0,0,0,0,0,0,0,0,0,0,1,1,1,False
44,52373,-13,81907,2,149942,-5,02557,-0,002654806,0,9902614,-0,001197969,-0,1391898,0,0,0,0,0,0,0,0,0,0,0,0,0,0,0,0,0,0,0,0,0,0,1,1,1,False
44,54148,-13,81907,2,149942,-5,02557,-0,002654806,0,9902614,-0,001197969,-0,1391898,0,0,0,0,0,0,0,0,0,0,0,0,0,0,0,0,0,0,0,0,0,0,1,1,1,False
44,55839,-13,81907,2,149942,-5,02557,-0,002654806,0,9902614,-0,001197969,-0,1391898,0,0,0,0,0,0,0,0,0,0,0,0,0,0,0,0,0,0,0,0,0,0,1,1,1,False
44,57533,-13,81907,2,149942,-5,02557,-0,002654806,0,9902614,-0,001197969,-0,1391898,0,0,0,0,0,0,0,0,0,0,0,0,0,0,0,0,0,0,0,0,0,0,1,1,1,False
44,59305,-13,81907,2,149942,-5,02557,-0,002654806,0,9902614,-0,001197969,-0,1391898,0,0,0,0,0,0,0,0,0,0,0,0,0,0,0,0,0,0,0,0,0,0,1,1,1,False
44,60961,-13,81907,2,149942,-5,02557,-0,002654806,0,9902614,-0,001197969,-0,1391898,0,0,0,0,0,0,0,0,0,0,0,0,0,0,0,0,0,0,0,0,0,0,1,1,1,False
44,62567,-13,81907,2,149942,-5,02557,-0,002654806,0,9902614,-0,001197969,-0,1391898,0,0,0,0,0,0,0,0,0,0,0,0,0,0,0,0,0,0,0,0,0,0,1,1,1,False
44,6419,-13,81907,2,149942,-5,02557,-0,002654806,0,9902614,-0,001197969,-0,1391898,0,0,0,0,0,0,0,0,0,0,0,0,0,0,0,0,0,0,0,0,0,0,1,1,1,False
44,65844,-13,81907,2,149942,-5,02557,-0,002654806,0,9902614,-0,001197969,-0,1391898,0,0,0,0,0,0,0,0,0,0,0,0,0,0,0,0,0,0,0,0,0,0,1,1,1,False
44,67422,-13,81907,2,149942,-5,02557,-0,002654806,0,9902614,-0,001197969,-0,1391898,0,0,0,0,0,0,0,0,0,0,0,0,0,0,0,0,0,0,0,0,0,0,1,1,1,False
44,69092,-13,81907,2,149942,-5,02557,-0,002654806,0,9902614,-0,001197969,-0,1391898,0,0,0,0,0,0,0,0,0,0,0,0,0,0,0,0,0,0,0,0,0,0,1,1,1,False
44,70719,-13,81907,2,149942,-5,02557,-0,002654806,0,9902614,-0,001197969,-0,1391898,0,0,0,0,0,0,0,0,0,0,0,0,0,0,0,0,0,0,0,0,0,0,1,1,1,False
44,72372,-13,81907,2,149942,-5,02557,-0,002654806,0,9902614,-0,001197969,-0,1391898,0,0,0,0,0,0,0,0,0,0,0,0,0,0,0,0,0,0,0,0,0,0,1,1,1,False
44,74008,-13,81907,2,149942,-5,02557,-0,002654806,0,9902614,-0,001197969,-0,1391898,0,0,0,0,0,0,0,0,0,0,0,0,0,0,0,0,0,0,0,0,0,0,1,1,1,False
44,7571,-13,81907,2,149942,-5,02557,-0,002654806,0,9902614,-0,001197969,-0,1391898,0,0,0,0,0,0,0,0,0,0,0,0,0,0,0,0,0,0,0,0,0,0,1,1,1,False
44,77215,-13,81907,2,149942,-5,02557,-0,002654806,0,9902614,-0,001197969,-0,1391898,0,0,0,0,0,0,0,0,0,0,0,0,0,0,0,0,0,0,0,0,0,0,1,1,1,False
44,78908,-13,81907,2,149942,-5,02557,-0,002654806,0,9902614,-0,001197969,-0,1391898,0,0,0,0,0,0,0,0,0,0,0,0,0,0,0,0,0,0,0,0,0,0,1,1,1,False
44,80509,-13,81907,2,149942,-5,02557,-0,002654806,0,9902614,-0,001197969,-0,1391898,0,0,0,0,0,0,0,0,0,0,0,0,0,0,0,0,0,0,0,0,0,0,1,1,1,False
44,82132,-13,81907,2,149942,-5,02557,-0,002654806,0,9902614,-0,001197969,-0,1391898,0,0,0,0,0,0,0,0,0,0,0,0,0,0,0,0,0,0,0,0,0,0,1,1,1,False
44,83807,-13,81907,2,149942,-5,02557,-0,002654806,0,9902614,-0,001197969,-0,1391898,0,0,0,0,0,0,0,0,0,0,0,0,0,0,0,0,0,0,0,0,0,0,1,1,1,False
44,85369,-13,81907,2,149942,-5,02557,-0,002654806,0,9902614,-0,001197969,-0,1391898,0,0,0,0,0,0,0,0,0,0,0,0,0,0,0,0,0,0,0,0,0,0,1,1,1,False
44,87013,-13,81907,2,149942,-5,02557,-0,002654806,0,9902614,-0,001197969,-0,1391898,0,0,0,0,0,0,0,0,0,0,0,0,0,0,0,0,0,0,0,0,0,0,1,1,1,False
44,88727,-13,81907,2,149942,-5,02557,-0,002654806,0,9902614,-0,001197969,-0,1391898,0,0,0,0,0,0,0,0,0,0,0,0,0,0,0,0,0,0,0,0,0,0,1,1,1,False
44,90355,-13,81907,2,149942,-5,02557,-0,002654806,0,9902614,-0,001197969,-0,1391898,0,0,0,0,0,0,0,0,0,0,0,0,0,0,0,0,0,0,0,0,0,0,1,1,1,False
44,9201,-13,81907,2,149942,-5,02557,-0,002654806,0,9902614,-0,001197969,-0,1391898,0,0,0,0,0,0,0,0,0,0,0,0,0,0,0,0,0,0,0,0,0,0,1,1,1,False
44,93607,-13,81907,2,149942,-5,02557,-0,002654806,0,9902614,-0,001197969,-0,1391898,0,0,0,0,0,0,0,0,0,0,0,0,0,0,0,0,0,0,0,0,0,0,1,1,1,False
44,95118,-13,81907,2,149942,-5,02557,-0,002654806,0,9902614,-0,001197969,-0,1391898,0,0,0,0,0,0,0,0,0,0,0,0,0,0,0,0,0,0,0,0,0,0,1,1,1,False
44,96756,-13,81907,2,149942,-5,02557,-0,002654806,0,9902614,-0,001197969,-0,1391898,0,0,0,0,0,0,0,0,0,0,0,0,0,0,0,0,0,0,0,0,0,0,1,1,1,False
44,98286,-13,81907,2,149942,-5,02557,-0,002654806,0,9902614,-0,001197969,-0,1391898,0,0,0,0,0,0,0,0,0,0,0,0,0,0,0,0,0,0,0,0,0,0,1,1,1,False
45,00014,-13,81907,2,149942,-5,02557,-0,002654806,0,9902614,-0,001197969,-0,1391898,0,0,0,0,0,0,0,0,0,0,0,0,0,0,0,0,0,0,0,0,0,0,1,1,1,False
45,01617,-13,81907,2,149942,-5,02557,-0,002654806,0,9902614,-0,001197969,-0,1391898,0,0,0,0,0,0,0,0,0,0,0,0,0,0,0,0,0,0,0,0,0,0,1,1,1,False
45,03279,-13,81907,2,149942,-5,02557,-0,002654806,0,9902614,-0,001197969,-0,1391898,0,0,0,0,0,0,0,0,0,0,0,0,0,0,0,0,0,0,0,0,0,0,1,1,1,False
45,05045,-13,81907,2,149942,-5,02557,-0,002654806,0,9902614,-0,001197969,-0,1391898,0,0,0,0,0,0,0,0,0,0,0,0,0,0,0,0,0,0,0,0,0,0,1,1,1,False
45,0665,-13,81907,2,149942,-5,02557,-0,002654806,0,9902614,-0,001197969,-0,1391898,0,0,0,0,0,0,0,0,0,0,0,0,0,0,0,0,0,0,0,0,0,0,1,1,1,False
45,08286,-13,81907,2,149942,-5,02557,-0,002654806,0,9902614,-0,001197969,-0,1391898,0,0,0,0,0,0,0,0,0,0,0,0,0,0,0,0,0,0,0,0,0,0,1,1,1,False
45,099,-13,81907,2,149942,-5,02557,-0,002654806,0,9902614,-0,001197969,-0,1391898,0,0,0,0,0,0,0,0,0,0,0,0,0,0,0,0,0,0,0,0,0,0,1,1,1,False
45,1143,-13,81907,2,149942,-5,02557,-0,002654806,0,9902614,-0,001197969,-0,1391898,0,0,0,0,0,0,0,0,0,0,0,0,0,0,0,0,0,0,0,0,0,0,1,1,1,False
45,13056,-13,81907,2,149942,-5,02557,-0,002654806,0,9902614,-0,001197969,-0,1391898,0,0,0,0,0,0,0,0,0,0,0,0,0,0,0,0,0,0,0,0,0,0,1,1,1,False
45,14699,-13,81907,2,149942,-5,02557,-0,002654806,0,9902614,-0,001197969,-0,1391898,0,0,0,0,0,0,0,0,0,0,0,0,0,0,0,0,0,0,0,0,0,0,1,1,1,False
45,16374,-13,81907,2,149942,-5,02557,-0,002654806,0,9902614,-0,001197969,-0,1391898,0,0,0,0,0,0,0,0,0,0,0,0,0,0,0,0,0,0,0,0,0,0,1,1,1,False
45,18032,-13,81907,2,149942,-5,02557,-0,002654806,0,9902614,-0,001197969,-0,1391898,0,0,0,0,0,0,0,0,0,0,0,0,0,0,0,0,0,0,0,0,0,0,1,1,1,False
45,19619,-13,81907,2,149942,-5,02557,-0,002654806,0,9902614,-0,001197969,-0,1391898,0,0,0,0,0,0,0,0,0,0,0,0,0,0,0,0,0,0,0,0,0,0,1,1,1,False
45,21181,-13,81907,2,149942,-5,02557,-0,002654806,0,9902614,-0,001197969,-0,1391898,0,0,0,0,0,0,0,0,0,0,0,0,0,0,0,0,0,0,0,0,0,0,1,1,1,False
45,22761,-13,81907,2,149942,-5,02557,-0,002654806,0,9902614,-0,001197969,-0,1391898,0,0,0,0,0,0,0,0,0,0,0,0,0,0,0,0,0,0,0,0,0,0,1,1,1,False
45,24353,-13,81907,2,149942,-5,02557,-0,002654806,0,9902614,-0,001197969,-0,1391898,0,0,0,0,0,0,0,0,0,0,0,0,0,0,0,0,0,0,0,0,0,0,1,1,1,False
45,25945,-13,81907,2,149942,-5,02557,-0,002654806,0,9902614,-0,001197969,-0,1391898,0,0,0,0,0,0,0,0,0,0,0,0,0,0,0,0,0,0,0,0,0,0,1,1,1,False
45,2743,-13,81907,2,149942,-5,02557,-0,002654806,0,9902614,-0,001197969,-0,1391898,0,0,0,0,0,0,0,0,0,0,0,0,0,0,0,0,0,0,0,0,0,0,1,1,1,False
45,29291,-13,81907,2,149942,-5,02557,-0,002654806,0,9902614,-0,001197969,-0,1391898,0,0,0,0,0,0,0,0,0,0,0,0,0,0,0,0,0,0,0,0,0,0,1,1,1,False
45,31162,-13,81907,2,149942,-5,02557,-0,002654806,0,9902614,-0,001197969,-0,1391898,0,0,0,0,0,0,0,0,0,0,0,0,0,0,0,0,0,0,0,0,0,0,1,1,1,False
45,32785,-13,81907,2,149942,-5,02557,-0,002654806,0,9902614,-0,001197969,-0,1391898,0,0,0,0,0,0,0,0,0,0,0,0,0,0,0,0,0,0,0,0,0,0,1,1,1,False
45,34397,-13,81907,2,149942,-5,02557,-0,002654806,0,9902614,-0,001197969,-0,1391898,0,0,0,0,0,0,0,0,0,0,0,0,0,0,0,0,0,0,0,0,0,0,1,1,1,False
45,361,-13,81907,2,149942,-5,02557,-0,002654806,0,9902614,-0,001197969,-0,1391898,0,0,0,0,0,0,0,0,0,0,0,0,0,0,0,0,0,0,0,0,0,0,1,1,1,False
45,37756,-13,81907,2,149942,-5,02557,-0,002654806,0,9902614,-0,001197969,-0,1391898,0,0,0,0,0,0,0,0,0,0,0,0,0,0,0,0,0,0,0,0,0,0,1,1,1,False
45,39458,-13,81907,2,149942,-5,02557,-0,002654806,0,9902614,-0,001197969,-0,1391898,0,0,0,0,0,0,0,0,0,0,0,0,0,0,0,0,0,0,0,0,0,0,1,1,1,False
45,41117,-13,81907,2,149942,-5,02557,-0,002654806,0,9902614,-0,001197969,-0,1391898,0,0,0,0,0,0,0,0,0,0,0,0,0,0,0,0,0,0,0,0,0,0,1,1,1,False
45,42813,-13,81907,2,149942,-5,02557,-0,002654806,0,9902614,-0,001197969,-0,1391898,0,0,0,0,0,0,0,0,0,0,0,0,0,0,0,0,0,0,0,0,0,0,1,1,1,False
45,44486,-13,81907,2,149942,-5,02557,-0,002654806,0,9902614,-0,001197969,-0,1391898,0,0,0,0,0,0,0,0,0,0,0,0,0,0,0,0,0,0,0,0,0,0,1,1,1,False
45,46119,-13,81907,2,149942,-5,02557,-0,002654806,0,9902614,-0,001197969,-0,1391898,0,0,0,0,0,0,0,0,0,0,0,0,0,0,0,0,0,0,0,0,0,0,1,1,1,False
45,47805,-13,81907,2,149942,-5,02557,-0,002654806,0,9902614,-0,001197969,-0,1391898,0,0,0,0,0,0,0,0,0,0,0,0,0,0,0,0,0,0,0,0,0,0,1,1,1,False
45,4936,-13,81907,2,149942,-5,02557,-0,002654806,0,9902614,-0,001197969,-0,1391898,0,0,0,0,0,0,0,0,0,0,0,0,0,0,0,0,0,0,0,0,0,0,1,1,1,False
45,50983,-13,81907,2,149942,-5,02557,-0,002654806,0,9902614,-0,001197969,-0,1391898,0,0,0,0,0,0,0,0,0,0,0,0,0,0,0,0,0,0,0,0,0,0,1,1,1,False
45,52594,-13,81907,2,149942,-5,02557,-0,002654806,0,9902614,-0,001197969,-0,1391898,0,0,0,0,0,0,0,0,0,0,0,0,0,0,0,0,0,0,0,0,0,0,1,1,1,False
45,54229,-13,81907,2,149942,-5,02557,-0,002654806,0,9902614,-0,001197969,-0,1391898,0,0,0,0,0,0,0,0,0,0,0,0,0,0,0,0,0,0,0,0,0,0,1,1,1,False
45,55888,-13,81907,2,149942,-5,02557,-0,002654806,0,9902614,-0,001197969,-0,1391898,0,0,0,0,0,0,0,0,0,0,0,0,0,0,0,0,0,0,0,0,0,0,1,1,1,False
45,57485,-13,81907,2,149942,-5,02557,-0,002654806,0,9902614,-0,001197969,-0,1391898,0,0,0,0,0,0,0,0,0,0,0,0,0,0,0,0,0,0,0,0,0,0,1,1,1,False
45,59054,-13,81907,2,149942,-5,02557,-0,002654806,0,9902614,-0,001197969,-0,1391898,0,0,0,0,0,0,0,0,0,0,0,0,0,0,0,0,0,0,0,0,0,0,1,1,1,False
45,60612,-13,81907,2,149942,-5,02557,-0,002654806,0,9902614,-0,001197969,-0,1391898,0,0,0,0,0,0,0,0,0,0,0,0,0,0,0,0,0,0,0,0,0,0,1,1,1,False
45,62186,-13,81907,2,149942,-5,02557,-0,002654806,0,9902614,-0,001197969,-0,1391898,0,0,0,0,0,0,0,0,0,0,0,0,0,0,0,0,0,0,0,0,0,0,1,1,1,False
45,63913,-13,81907,2,149942,-5,02557,-0,002654806,0,9902614,-0,001197969,-0,1391898,0,0,0,0,0,0,0,0,0,0,0,0,0,0,0,0,0,0,0,0,0,0,1,1,1,False
45,65381,-13,81907,2,149942,-5,02557,-0,002654806,0,9902614,-0,001197969,-0,1391898,0,0,0,0,0,0,0,0,0,0,0,0,0,0,0,0,0,0,0,0,0,0,1,1,1,False
45,67091,-13,81907,2,149942,-5,02557,-0,002654806,0,9902614,-0,001197969,-0,1391898,0,0,0,0,0,0,0,0,0,0,0,0,0,0,0,0,0,0,0,0,0,0,1,1,1,False
45,68743,-13,81907,2,149942,-5,02557,-0,002654806,0,9902614,-0,001197969,-0,1391898,0,0,0,0,0,0,0,0,0,0,0,0,0,0,0,0,0,0,0,0,0,0,1,1,1,False
45,70357,-13,81907,2,149942,-5,02557,-0,002654806,0,9902614,-0,001197969,-0,1391898,0,0,0,0,0,0,0,0,0,0,0,0,0,0,0,0,0,0,0,0,0,0,1,1,1,False
45,72013,-13,81907,2,149942,-5,02557,-0,002654806,0,9902614,-0,001197969,-0,1391898,0,0,0,0,0,0,0,0,0,0,0,0,0,0,0,0,0,0,0,0,0,0,1,1,1,False
45,73663,-13,81907,2,149942,-5,02557,-0,002654806,0,9902614,-0,001197969,-0,1391898,0,0,0,0,0,0,0,0,0,0,0,0,0,0,0,0,0,0,0,0,0,0,1,1,1,False
45,75222,-13,81907,2,149942,-5,02557,-0,002654806,0,9902614,-0,001197969,-0,1391898,0,0,0,0,0,0,0,0,0,0,0,0,0,0,0,0,0,0,0,0,0,0,1,1,1,False
45,76897,-13,81907,2,149942,-5,02557,-0,002654806,0,9902614,-0,001197969,-0,1391898,0,0,0,0,0,0,0,0,0,0,0,0,0,0,0,0,0,0,0,0,0,0,1,1,1,False
45,78553,-13,81907,2,149942,-5,02557,-0,002654806,0,9902614,-0,001197969,-0,1391898,0,0,0,0,0,0,0,0,0,0,0,0,0,0,0,0,0,0,0,0,0,0,1,1,1,False
45,80202,-13,81907,2,149942,-5,02557,-0,002654806,0,9902614,-0,001197969,-0,1391898,0,0,0,0,0,0,0,0,0,0,0,0,0,0,0,0,0,0,0,0,0,0,1,1,1,False
45,81856,-13,81907,2,149942,-5,02557,-0,002654806,0,9902614,-0,001197969,-0,1391898,0,0,0,0,0,0,0,0,0,0,0,0,0,0,0,0,0,0,0,0,0,0,1,1,1,False
45,83446,-13,81907,2,149942,-5,02557,-0,002654806,0,9902614,-0,001197969,-0,1391898,0,0,0,0,0,0,0,0,0,0,0,0,0,0,0,0,0,0,0,0,0,0,1,1,1,False
45,85106,-13,81907,2,149942,-5,02557,-0,002654806,0,9902614,-0,001197969,-0,1391898,0,0,0,0,0,0,0,0,0,0,0,0,0,0,0,0,0,0,0,0,0,0,1,1,1,False
45,8682,-13,81907,2,149942,-5,02557,-0,002654806,0,9902614,-0,001197969,-0,1391898,0,0,0,0,0,0,0,0,0,0,0,0,0,0,0,0,0,0,0,0,0,0,1,1,1,False
45,88462,-13,81907,2,149942,-5,02557,-0,002654806,0,9902614,-0,001197969,-0,1391898,0,0,0,0,0,0,0,0,0,0,0,0,0,0,0,0,0,0,0,0,0,0,1,1,1,False
45,90139,-13,81907,2,149942,-5,02557,-0,002654806,0,9902614,-0,001197969,-0,1391898,0,0,0,0,0,0,0,0,0,0,0,0,0,0,0,0,0,0,0,0,0,0,1,1,1,False
45,91817,-13,81907,2,149942,-5,02557,-0,002654806,0,9902614,-0,001197969,-0,1391898,0,0,0,0,0,0,0,0,0,0,0,0,0,0,0,0,0,0,0,0,0,0,1,1,1,False
45,93467,-13,81907,2,149942,-5,02557,-0,002654806,0,9902614,-0,001197969,-0,1391898,0,0,0,0,0,0,0,0,0,0,0,0,0,0,0,0,0,0,0,0,0,0,1,1,1,False
45,95089,-13,81907,2,149942,-5,02557,-0,002654806,0,9902614,-0,001197969,-0,1391898,0,0,0,0,0,0,0,0,0,0,0,0,0,0,0,0,0,0,0,0,0,0,1,1,1,False
45,96861,-13,81907,2,149942,-5,02557,-0,002654806,0,9902614,-0,001197969,-0,1391898,0,0,0,0,0,0,0,0,0,0,0,0,0,0,0,0,0,0,0,0,0,0,1,1,1,False
45,9853,-13,81907,2,149942,-5,02557,-0,002654806,0,9902614,-0,001197969,-0,1391898,0,0,0,0,0,0,0,0,0,0,0,0,0,0,0,0,0,0,0,0,0,0,1,1,1,False
46,00177,-13,81907,2,149942,-5,02557,-0,002654806,0,9902614,-0,001197969,-0,1391898,0,0,0,0,0,0,0,0,0,0,0,0,0,0,0,0,0,0,0,0,0,0,1,1,1,False
46,01864,-13,81907,2,149942,-5,02557,-0,002654806,0,9902614,-0,001197969,-0,1391898,0,0,0,0,0,0,0,0,0,0,0,0,0,0,0,0,0,0,0,0,0,0,1,1,1,False
46,03453,-13,81907,2,149942,-5,02557,-0,002654806,0,9902614,-0,001197969,-0,1391898,0,0,0,0,0,0,0,0,0,0,0,0,0,0,0,0,0,0,0,0,0,0,1,1,1,False
46,05016,-13,81907,2,149942,-5,02557,-0,002654806,0,9902614,-0,001197969,-0,1391898,0,0,0,0,0,0,0,0,0,0,0,0,0,0,0,0,0,0,0,0,0,0,1,1,1,False
46,06793,-13,81907,2,149942,-5,02557,-0,002654806,0,9902614,-0,001197969,-0,1391898,0,0,0,0,0,0,0,0,0,0,0,0,0,0,0,0,0,0,0,0,0,0,1,1,1,False
46,08466,-13,81907,2,160942,-5,02557,-0,002654806,0,9902614,-0,001197969,-0,1391898,0,0,0,0,0,0,0,0,0,0,0,0,0,0,0,0,0,0,0,0,0,0,1,1,1,False
46,10163,-13,81907,2,171942,-5,02557,-0,002654806,0,9902614,-0,001197969,-0,1391898,0,0,0,0,0,0,0,0,0,0,0,0,0,0,0,0,0,0,0,0,0,0,1,1,1,False
46,11846,-13,81907,2,193942,-5,02557,-0,002654806,0,9902614,-0,001197969,-0,1391898,0,0,0,0,0,0,0,0,0,0,0,0,0,0,0,0,0,0,0,0,0,0,1,1,1,False
46,13448,-13,81907,2,225942,-5,02557,-0,002654806,0,9902614,-0,001197969,-0,1391898,0,0,0,0,0,0,0,0,0,0,0,0,0,0,0,0,0,0,0,0,0,0,1,1,1,False
46,15872,-13,82007,2,297942,-5,02557,-0,002654806,0,9902614,-0,001197969,-0,1391898,0,0,0,0,0,0,0,0,0,0,0,0,0,0,0,0,0,0,0,0,0,0,1,1,1,False
46,17541,-13,82007,2,337942,-5,02557,-0,002654806,0,9902614,-0,001197969,-0,1391898,0,0,0,0,0,0,0,0,0,0,0,0,0,0,0,0,0,0,0,0,0,0,1,1,1,False
46,19204,-13,82007,2,395942,-5,02557,-0,002654806,0,9902614,-0,001197969,-0,1391898,0,0,0,0,0,0,0,0,0,0,0,0,0,0,0,0,0,0,0,0,0,0,1,1,1,False
46,20876,-13,82107,2,432942,-5,02557,-0,002654806,0,9902614,-0,001197969,-0,1391898,0,0,0,0,0,0,0,0,0,0,0,0,0,0,0,0,0,0,0,0,0,0,1,1,1,False
46,22586,-13,82107,2,469942,-5,02657,-0,002654806,0,9902614,-0,001197969,-0,1391898,0,0,0,0,0,0,0,0,0,0,0,0,0,0,0,0,0,0,0,0,0,0,1,1,1,False
46,24284,-13,82107,2,504942,-5,02657,-0,002654806,0,9902614,-0,001197969,-0,1391898,0,0,0,0,0,0,0,0,0,0,0,0,0,0,0,0,0,0,0,0,0,0,1,1,1,False
46,26086,-13,82107,2,513942,-5,02657,-0,002654806,0,9902614,-0,001197969,-0,1391898,0,0,0,0,0,0,0,0,0,0,0,0,0,0,0,0,0,0,0,0,0,0,1,1,1,False
46,27769,-13,82107,2,531942,-5,02657,-0,002654806,0,9902614,-0,001197969,-0,1391898,0,0,0,0,0,0,0,0,0,0,0,0,0,0,0,0,0,0,0,0,0,0,1,1,1,False
46,29389,-13,82107,2,539942,-5,02657,-0,002654806,0,9902614,-0,001197969,-0,1391898,0,0,0,0,0,0,0,0,0,0,0,0,0,0,0,0,0,0,0,0,0,0,1,1,1,False
46,31761,-13,82107,2,565942,-5,02657,-0,002654806,0,9902614,-0,001197969,-0,1391898,0,0,0,0,0,0,0,0,0,0,0,0,0,0,0,0,0,0,0,0,0,0,1,1,1,False
46,33477,-13,82107,2,582942,-5,02657,-0,002654806,0,9902614,-0,001197969,-0,1391898,0,0,0,0,0,0,0,0,0,0,0,0,0,0,0,0,0,0,0,0,0,0,1,1,1,False
46,35149,-13,82107,2,590942,-5,02657,-0,002654806,0,9902614,-0,001197969,-0,1391898,0,0,0,0,0,0,0,0,0,0,0,0,0,0,0,0,0,0,0,0,0,0,1,1,1,False
46,3682,-13,82207,2,607942,-5,02657,-0,002654806,0,9902614,-0,001197969,-0,1391898,0,0,0,0,0,0,0,0,0,0,0,0,0,0,0,0,0,0,0,0,0,0,1,1,1,False
46,38473,-13,82207,2,615942,-5,02657,-0,002654806,0,9902614,-0,001197969,-0,1391898,0,0,0,0,0,0,0,0,0,0,0,0,0,0,0,0,0,0,0,0,0,0,1,1,1,False
46,40144,-13,82207,2,631942,-5,02657,-0,002654806,0,9902614,-0,001197969,-0,1391898,0,0,0,0,0,0,0,0,0,0,0,0,0,0,0,0,0,0,0,0,0,0,1,1,1,False
46,41828,-13,82207,2,655942,-5,02657,-0,002654806,0,9902614,-0,001197969,-0,1391898,0,0,0,0,0,0,0,0,0,0,0,0,0,0,0,0,0,0,0,0,0,0,1,1,1,False
46,4342,-13,82207,2,671942,-5,02657,-0,002654806,0,9902614,-0,001197969,-0,1391898,0,0,0,0,0,0,0,0,0,0,0,0,0,0,0,0,0,0,0,0,0,0,1,1,1,False
46,45092,-13,82207,2,686942,-5,02657,-0,002654806,0,9902614,-0,001197969,-0,1391898,0,0,0,0,0,0,0,0,0,0,0,0,0,0,0,0,0,0,0,0,0,0,1,1,1,False
46,47527,-13,82207,2,702942,-5,02657,-0,002654806,0,9902614,-0,001197969,-0,1391898,0,0,0,0,0,0,0,0,0,0,0,0,0,0,0,0,0,0,0,0,0,0,1,1,1,False
46,49175,-13,82207,2,717942,-5,02657,-0,002654806,0,9902614,-0,001197969,-0,1391898,0,0,0,0,0,0,0,0,0,0,0,0,0,0,0,0,0,0,0,0,0,0,1,1,1,False
46,50822,-13,82207,2,725942,-5,02657,-0,002654806,0,9902614,-0,001197969,-0,1391898,0,0,0,0,0,0,0,0,0,0,0,0,0,0,0,0,0,0,0,0,0,0,1,1,1,False
46,52477,-13,82207,2,732942,-5,02657,-0,002654806,0,9902614,-0,001197969,-0,1391898,0,0,0,0,0,0,0,0,0,0,0,0,0,0,0,0,0,0,0,0,0,0,1,1,1,False
46,5416,-13,82207,2,740942,-5,02657,-0,002654806,0,9902614,-0,001197969,-0,1391898,0,0,0,0,0,0,0,0,0,0,0,0,0,0,0,0,0,0,0,0,0,0,1,1,1,False
46,55794,-13,82207,2,740942,-5,02657,-0,002654806,0,9902614,-0,001197969,-0,1391898,0,0,0,0,0,0,0,0,0,0,0,0,0,0,0,0,0,0,0,0,0,0,1,1,1,False
46,57376,-13,82207,2,747942,-5,02657,-0,002654806,0,9902614,-0,001197969,-0,1391898,0,0,0,0,0,0,0,0,0,0,0,0,0,0,0,0,0,0,0,0,0,0,1,1,1,False
46,58937,-13,82207,2,747942,-5,02657,-0,002654806,0,9902614,-0,001197969,-0,1391898,0,0,0,0,0,0,0,0,0,0,0,0,0,0,0,0,0,0,0,0,0,0,1,1,1,False
46,60663,-13,82207,2,755942,-5,02657,-0,002654806,0,9902614,-0,001197969,-0,1391898,0,0,0,0,0,0,0,0,0,0,0,0,0,0,0,0,0,0,0,0,0,0,1,1,1,False
46,6305,-13,82207,2,769942,-5,02657,-0,002654806,0,9902614,-0,001197969,-0,1391898,0,0,0,0,0,0,0,0,0,0,0,0,0,0,0,0,0,0,0,0,0,0,1,1,1,False
46,64708,-13,82307,2,777942,-5,02657,-0,002654806,0,9902614,-0,001197969,-0,1391898,0,0,0,0,0,0,0,0,0,0,0,0,0,0,0,0,0,0,0,0,0,0,1,1,1,False
46,66236,-13,82307,2,777942,-5,02657,-0,002654806,0,9902614,-0,001197969,-0,1391898,0,0,0,0,0,0,0,0,0,0,0,0,0,0,0,0,0,0,0,0,0,0,1,1,1,False
46,67751,-13,82307,2,777942,-5,02657,-0,002654806,0,9902614,-0,001197969,-0,1391898,0,0,0,0,0,0,0,0,0,0,0,0,0,0,0,0,0,0,0,0,0,0,1,1,1,False
46,693,-13,82307,2,784942,-5,02657,-0,002654806,0,9902614,-0,001197969,-0,1391898,0,0,0,0,0,0,0,0,0,0,0,0,0,0,0,0,0,0,0,0,0,0,1,1,1,False
46,7095,-13,82307,2,791942,-5,02657,-0,002654806,0,9902614,-0,001197969,-0,1391898,0,0,0,0,0,0,0,0,0,0,0,0,0,0,0,0,0,0,0,0,0,0,1,1,1,False
46,72584,-13,82307,2,813942,-5,02657,-0,002654806,0,9902614,-0,001197969,-0,1391898,0,0,0,0,0,0,0,0,0,0,0,0,0,0,0,0,0,0,0,0,0,0,1,1,1,False
46,7423,-13,82307,2,820942,-5,02657,-0,002654806,0,9902614,-0,001197969,-0,1391898,0,0,0,0,0,0,0,0,0,0,0,0,0,0,0,0,0,0,0,0,0,0,1,1,1,False
46,75879,-13,82307,2,834942,-5,02657,-0,002654806,0,9902614,-0,001197969,-0,1391898,0,0,0,0,0,0,0,0,0,0,0,0,0,0,0,0,0,0,0,0,0,0,1,1,1,False
46,78208,-13,82307,2,841942,-5,02657,-0,002654806,0,9902614,-0,001197969,-0,1391898,0,0,0,0,0,0,0,0,0,0,0,0,0,0,0,0,0,0,0,0,0,0,1,1,1,False
46,79809,-13,82307,2,841942,-5,02657,-0,002654806,0,9902614,-0,001197969,-0,1391898,0,0,0,0,0,0,0,0,0,0,0,0,0,0,0,0,0,0,0,0,0,0,1,1,1,False
46,81251,-13,82307,2,841942,-5,02657,-0,002654806,0,9902614,-0,001197969,-0,1391898,0,0,0,0,0,0,0,0,0,0,0,0,0,0,0,0,0,0,0,0,0,0,1,1,1,False
46,82772,-13,82307,2,841942,-5,02657,-0,002654806,0,9902614,-0,001197969,-0,1391898,0,0,0,0,0,0,0,0,0,0,0,0,0,0,0,0,0,0,0,0,0,0,1,1,1,False
46,84347,-13,82307,2,841942,-5,02657,-0,002654806,0,9902614,-0,001197969,-0,1391898,0,0,0,0,0,0,0,0,0,0,0,0,0,0,0,0,0,0,0,0,0,0,1,1,1,False
46,85905,-13,82307,2,841942,-5,02657,-0,002654806,0,9902614,-0,001197969,-0,1391898,0,0,0,0,0,0,0,0,0,0,0,0,0,0,0,0,0,0,0,0,0,0,1,1,1,False
46,87396,-13,82307,2,841942,-5,02657,-0,002654806,0,9902614,-0,001197969,-0,1391898,0,0,0,0,0,0,0,0,0,0,0,0,0,0,0,0,0,0,0,0,0,0,1,1,1,False
46,89088,-13,82307,2,827942,-5,02657,-0,002654806,0,9902614,-0,001197969,-0,1391898,0,0,0,0,0,0,0,0,0,0,0,0,0,0,0,0,0,0,0,0,0,0,1,1,1,False
46,90796,-13,82307,2,820942,-5,02657,-0,002654806,0,9902614,-0,001197969,-0,1391898,0,0,0,0,0,0,0,0,0,0,0,0,0,0,0,0,0,0,0,0,0,0,1,1,1,False
46,92458,-13,82307,2,813942,-5,02657,-0,002654806,0,9902614,-0,001197969,-0,1391898,0,0,0,0,0,0,0,0,0,0,0,0,0,0,0,0,0,0,0,0,0,0,1,1,1,False
46,94884,-13,82307,2,791942,-5,02657,-0,002654806,0,9902614,-0,001197969,-0,1391898,0,0,0,0,0,0,0,0,0,0,0,0,0,0,0,0,0,0,0,0,0,0,1,1,1,False
46,96543,-13,82307,2,776942,-5,02657,-0,002654806,0,9902614,-0,001197969,-0,1391898,0,0,0,0,0,0,0,0,0,0,0,0,0,0,0,0,0,0,0,0,0,0,1,1,1,False
46,9824,-13,82207,2,762942,-5,02657,-0,002654806,0,9902614,-0,001197969,-0,1391898,0,0,0,0,0,0,0,0,0,0,0,0,0,0,0,0,0,0,0,0,0,0,1,1,1,False
46,99883,-13,82207,2,747942,-5,02657,-0,002654806,0,9902614,-0,001197969,-0,1391898,0,0,0,0,0,0,0,0,0,0,0,0,0,0,0,0,0,0,0,0,0,0,1,1,1,False
47,0141,-13,82207,2,739942,-5,02657,-0,002654806,0,9902614,-0,001197969,-0,1391898,0,0,0,0,0,0,0,0,0,0,0,0,0,0,0,0,0,0,0,0,0,0,1,1,1,False
47,02969,-13,82207,2,739942,-5,02657,-0,002654806,0,9902614,-0,001197969,-0,1391898,0,0,0,0,0,0,0,0,0,0,0,0,0,0,0,0,0,0,0,0,0,0,1,1,1,False
47,04503,-13,82207,2,739942,-5,02657,-0,002654806,0,9902614,-0,001197969,-0,1391898,0,0,0,0,0,0,0,0,0,0,0,0,0,0,0,0,0,0,0,0,0,0,1,1,1,False
47,06026,-13,82207,2,739942,-5,02657,-0,002654806,0,9902614,-0,001197969,-0,1391898,0,0,0,0,0,0,0,0,0,0,0,0,0,0,0,0,0,0,0,0,0,0,1,1,1,False
47,07713,-13,82207,2,739942,-5,02657,-0,002654806,0,9902614,-0,001197969,-0,1391898,0,0,0,0,0,0,0,0,0,0,0,0,0,0,0,0,0,0,0,0,0,0,1,1,1,False
47,1005,-13,82207,2,762942,-5,02657,-0,002654806,0,9902614,-0,001197969,-0,1391898,0,0,0,0,0,0,0,0,0,0,0,0,0,0,0,0,0,0,0,0,0,0,1,1,1,False
47,1173,-13,82307,2,776942,-5,02657,-0,002654806,0,9902614,-0,001197969,-0,1391898,0,0,0,0,0,0,0,0,0,0,0,0,0,0,0,0,0,0,0,0,0,0,1,1,1,False
47,13286,-13,82307,2,798942,-5,02657,-0,002654806,0,9902614,-0,001197969,-0,1391898,0,0,0,0,0,0,0,0,0,0,0,0,0,0,0,0,0,0,0,0,0,0,1,1,1,False
47,14941,-13,82307,2,805942,-5,02657,-0,002654806,0,9902614,-0,001197969,-0,1391898,0,0,0,0,0,0,0,0,0,0,0,0,0,0,0,0,0,0,0,0,0,0,1,1,1,False
47,16586,-13,82307,2,819942,-5,02657,-0,002654806,0,9902614,-0,001197969,-0,1391898,0,0,0,0,0,0,0,0,0,0,0,0,0,0,0,0,0,0,0,0,0,0,1,1,1,False
47,18211,-13,82307,2,833942,-5,02657,-0,002654806,0,9902614,-0,001197969,-0,1391898,0,0,0,0,0,0,0,0,0,0,0,0,0,0,0,0,0,0,0,0,0,0,1,1,1,False
47,19862,-13,82307,2,840942,-5,02657,-0,002654806,0,9902614,-0,001197969,-0,1391898,0,0,0,0,0,0,0,0,0,0,0,0,0,0,0,0,0,0,0,0,0,0,1,1,1,False
47,21462,-13,82307,2,847942,-5,02657,-0,002654806,0,9902614,-0,001197969,-0,1391898,0,0,0,0,0,0,0,0,0,0,0,0,0,0,0,0,0,0,0,0,0,0,1,1,1,False
47,23137,-13,82307,2,861942,-5,02657,-0,002654806,0,9902614,-0,001197969,-0,1391898,0,0,0,0,0,0,0,0,0,0,0,0,0,0,0,0,0,0,0,0,0,0,1,1,1,False
47,25671,-13,82307,2,874942,-5,02657,-0,002654806,0,9902614,-0,001197969,-0,1391898,0,0,0,0,0,0,0,0,0,0,0,0,0,0,0,0,0,0,0,0,0,0,1,1,1,False
47,2759,-13,82307,2,908942,-5,02657,-0,002654806,0,9902614,-0,001197969,-0,1391898,0,0,0,0,0,0,0,0,0,0,0,0,0,0,0,0,0,0,0,0,0,0,1,1,1,False
47,29457,-13,82307,2,921942,-5,02657,-0,002654806,0,9902614,-0,001197969,-0,1391898,0,0,0,0,0,0,0,0,0,0,0,0,0,0,0,0,0,0,0,0,0,0,1,1,1,False
47,31248,-13,82307,2,928942,-5,02657,-0,002654806,0,9902614,-0,001197969,-0,1391898,0,0,0,0,0,0,0,0,0,0,0,0,0,0,0,0,0,0,0,0,0,0,1,1,1,False
47,33031,-13,82307,2,940942,-5,02657,-0,002654806,0,9902614,-0,001197969,-0,1391898,0,0,0,0,0,0,0,0,0,0,0,0,0,0,0,0,0,0,0,0,0,0,1,1,1,False
47,34784,-13,82307,2,947942,-5,02657,-0,002654806,0,9902614,-0,001197969,-0,1391898,0,0,0,0,0,0,0,0,0,0,0,0,0,0,0,0,0,0,0,0,0,0,1,1,1,False
47,36399,-13,82307,2,947942,-5,02657,-0,002654806,0,9902614,-0,001197969,-0,1391898,0,0,0,0,0,0,0,0,0,0,0,0,0,0,0,0,0,0,0,0,0,0,1,1,1,False
47,37995,-13,82307,2,947942,-5,02657,-0,002654806,0,9902614,-0,001197969,-0,1391898,0,0,0,0,0,0,0,0,0,0,0,0,0,0,0,0,0,0,0,0,0,0,1,1,1,False
47,39477,-13,82307,2,947942,-5,02657,-0,002654806,0,9902614,-0,001197969,-0,1391898,0,0,0,0,0,0,0,0,0,0,0,0,0,0,0,0,0,0,0,0,0,0,1,1,1,False
47,41819,-13,82307,2,947942,-5,02657,-0,002654806,0,9902614,-0,001197969,-0,1391898,0,0,0,0,0,0,0,0,0,0,0,0,0,0,0,0,0,0,0,0,0,0,1,1,1,False
47,43505,-13,82307,2,947942,-5,02657,-0,002654806,0,9902614,-0,001197969,-0,1391898,0,0,0,0,0,0,0,0,0,0,0,0,0,0,0,0,0,0,0,0,0,0,1,1,1,False
47,45109,-13,82307,2,947942,-5,02657,-0,002654806,0,9902614,-0,001197969,-0,1391898,0,0,0,0,0,0,0,0,0,0,0,0,0,0,0,0,0,0,0,0,0,0,1,1,1,False
47,46786,-13,82307,2,947942,-5,02657,-0,002654806,0,9902614,-0,001197969,-0,1391898,0,0,0,0,0,0,0,0,0,0,0,0,0,0,0,0,0,0,0,0,0,0,1,1,1,False
47,48426,-13,82307,2,947942,-5,02657,-0,002654806,0,9902614,-0,001197969,-0,1391898,0,0,0,0,0,0,0,0,0,0,0,0,0,0,0,0,0,0,0,0,0,0,1,1,1,False
47,5009,-13,82307,2,947942,-5,02657,-0,002654806,0,9902614,-0,001197969,-0,1391898,0,0,0,0,0,0,0,0,0,0,0,0,0,0,0,0,0,0,0,0,0,0,1,1,1,False
47,5173,-13,82307,2,947942,-5,02657,-0,002654806,0,9902614,-0,001197969,-0,1391898,0,0,0,0,0,0,0,0,0,0,0,0,0,0,0,0,0,0,0,0,0,0,1,1,1,False
47,5332,-13,82307,2,947942,-5,02657,-0,002654806,0,9902614,-0,001197969,-0,1391898,0,0,0,0,0,0,0,0,0,0,0,0,0,0,0,0,0,0,0,0,0,0,1,1,1,False
47,54989,-13,82307,2,947942,-5,02657,-0,002654806,0,9902614,-0,001197969,-0,1391898,0,0,0,0,0,0,0,0,0,0,0,0,0,0,0,0,0,0,0,0,0,0,1,1,1,False
47,56887,-13,82307,2,947942,-5,02657,-0,002654806,0,9902614,-0,001197969,-0,1391898,0,0,0,0,0,0,0,0,0,0,0,0,0,0,0,0,0,0,0,0,0,0,1,1,1,False
47,58547,-13,82307,2,947942,-5,02657,-0,002654806,0,9902614,-0,001197969,-0,1391898,0,0,0,0,0,0,0,0,0,0,0,0,0,0,0,0,0,0,0,0,0,0,1,1,1,False
47,60204,-13,82307,2,947942,-5,02657,-0,002654806,0,9902614,-0,001197969,-0,1391898,0,0,0,0,0,0,0,0,0,0,0,0,0,0,0,0,0,0,0,0,0,0,1,1,1,False
47,61865,-13,82307,2,947942,-5,02657,-0,002654806,0,9902614,-0,001197969,-0,1391898,0,0,0,0,0,0,0,0,0,0,0,0,0,0,0,0,0,0,0,0,0,0,1,1,1,False
47,635,-13,82307,2,947942,-5,02657,-0,002654806,0,9902614,-0,001197969,-0,1391898,0,0,0,0,0,0,0,0,0,0,0,0,0,0,0,0,0,0,0,0,0,0,1,1,1,False
47,65234,-13,82307,2,947942,-5,02657,-0,002654806,0,9902614,-0,001197969,-0,1391898,0,0,0,0,0,0,0,0,0,0,0,0,0,0,0,0,0,0,0,0,0,0,1,1,1,False
47,66889,-13,82307,2,947942,-5,02657,-0,002654806,0,9902614,-0,001197969,-0,1391898,0,0,0,0,0,0,0,0,0,0,0,0,0,0,0,0,0,0,0,0,0,0,1,1,1,False
47,68541,-13,82307,2,947942,-5,02657,-0,002654806,0,9902614,-0,001197969,-0,1391898,0,0,0,0,0,0,0,0,0,0,0,0,0,0,0,0,0,0,0,0,0,0,1,1,1,False
47,70198,-13,82307,2,947942,-5,02657,-0,002654806,0,9902614,-0,001197969,-0,1391898,0,0,0,0,0,0,0,0,0,0,0,0,0,0,0,0,0,0,0,0,0,0,1,1,1,False
47,71856,-13,82307,2,947942,-5,02657,-0,002654806,0,9902614,-0,001197969,-0,1391898,0,0,0,0,0,0,0,0,0,0,0,0,0,0,0,0,0,0,0,0,0,0,1,1,1,False
47,73426,-13,82307,2,947942,-5,02657,-0,002654806,0,9902614,-0,001197969,-0,1391898,0,0,0,0,0,0,0,0,0,0,0,0,0,0,0,0,0,0,0,0,0,0,1,1,1,False
47,75105,-13,82307,2,947942,-5,02657,-0,002654806,0,9902614,-0,001197969,-0,1391898,0,0,0,0,0,0,0,0,0,0,0,0,0,0,0,0,0,0,0,0,0,0,1,1,1,False
47,76754,-13,82307,2,947942,-5,02657,-0,002654806,0,9902614,-0,001197969,-0,1391898,0,0,0,0,0,0,0,0,0,0,0,0,0,0,0,0,0,0,0,0,0,0,1,1,1,False
47,78454,-13,82307,2,947942,-5,02657,-0,002654806,0,9902614,-0,001197969,-0,1391898,0,0,0,0,0,0,0,0,0,0,0,0,0,0,0,0,0,0,0,0,0,0,1,1,1,False
47,80167,-13,82307,2,947942,-5,02657,-0,002654806,0,9902614,-0,001197969,-0,1391898,0,0,0,0,0,0,0,0,0,0,0,0,0,0,0,0,0,0,0,0,0,0,1,1,1,False
47,81812,-13,82307,2,947942,-5,02657,-0,002654806,0,9902614,-0,001197969,-0,1391898,0,0,0,0,0,0,0,0,0,0,0,0,0,0,0,0,0,0,0,0,0,0,1,1,1,False
47,83381,-13,82307,2,947942,-5,02657,-0,002654806,0,9902614,-0,001197969,-0,1391898,0,0,0,0,0,0,0,0,0,0,0,0,0,0,0,0,0,0,0,0,0,0,1,1,1,False
47,8503,-13,82307,2,947942,-5,02657,-0,002654806,0,9902614,-0,001197969,-0,1391898,0,0,0,0,0,0,0,0,0,0,0,0,0,0,0,0,0,0,0,0,0,0,1,1,1,False
47,86741,-13,82307,2,947942,-5,02657,-0,002654806,0,9902614,-0,001197969,-0,1391898,0,0,0,0,0,0,0,0,0,0,0,0,0,0,0,0,0,0,0,0,0,0,1,1,1,False
47,88433,-13,82307,2,947942,-5,02657,-0,002654806,0,9902614,-0,001197969,-0,1391898,0,0,0,0,0,0,0,0,0,0,0,0,0,0,0,0,0,0,0,0,0,0,1,1,1,False
47,90075,-13,82307,2,947942,-5,02657,-0,002654806,0,9902614,-0,001197969,-0,1391898,0,0,0,0,0,0,0,0,0,0,0,0,0,0,0,0,0,0,0,0,0,0,1,1,1,False
47,91721,-13,82307,2,947942,-5,02657,-0,002654806,0,9902614,-0,001197969,-0,1391898,0,0,0,0,0,0,0,0,0,0,0,0,0,0,0,0,0,0,0,0,0,0,1,1,1,False
47,93277,-13,82307,2,947942,-5,02657,-0,002654806,0,9902614,-0,001197969,-0,1391898,0,0,0,0,0,0,0,0,0,0,0,0,0,0,0,0,0,0,0,0,0,0,1,1,1,False
47,94856,-13,82307,2,947942,-5,02657,-0,002654806,0,9902614,-0,001197969,-0,1391898,0,0,0,0,0,0,0,0,0,0,0,0,0,0,0,0,0,0,0,0,0,0,1,1,1,False
47,96522,-13,82307,2,947942,-5,02657,-0,002654806,0,9902614,-0,001197969,-0,1391898,0,0,0,0,0,0,0,0,0,0,0,0,0,0,0,0,0,0,0,0,0,0,1,1,1,False
47,9823,-13,82307,2,947942,-5,02657,-0,002654806,0,9902614,-0,001197969,-0,1391898,0,0,0,0,0,0,0,0,0,0,0,0,0,0,0,0,0,0,0,0,0,0,1,1,1,False
47,99913,-13,82307,2,947942,-5,02657,-0,002654806,0,9902614,-0,001197969,-0,1391898,0,0,0,0,0,0,0,0,0,0,0,0,0,0,0,0,0,0,0,0,0,0,1,1,1,False
48,01508,-13,82307,2,947942,-5,02657,-0,002654806,0,9902614,-0,001197969,-0,1391898,0,0,0,0,0,0,0,0,0,0,0,0,0,0,0,0,0,0,0,0,0,0,1,1,1,False
48,03164,-13,82307,2,947942,-5,02657,-0,002654806,0,9902614,-0,001197969,-0,1391898,0,0,0,0,0,0,0,0,0,0,0,0,0,0,0,0,0,0,0,0,0,0,1,1,1,False
48,04803,-13,82307,2,947942,-5,02657,-0,002654806,0,9902614,-0,001197969,-0,1391898,0,0,0,0,0,0,0,0,0,0,0,0,0,0,0,0,0,0,0,0,0,0,1,1,1,False
48,06479,-13,82307,2,947942,-5,02657,-0,002654806,0,9902614,-0,001197969,-0,1391898,0,0,0,0,0,0,0,0,0,0,0,0,0,0,0,0,0,0,0,0,0,0,1,1,1,False
48,08162,-13,82307,2,947942,-5,02657,-0,002654806,0,9902614,-0,001197969,-0,1391898,0,0,0,0,0,0,0,0,0,0,0,0,0,0,0,0,0,0,0,0,0,0,1,1,1,False
48,097,-13,82307,2,947942,-5,02657,-0,002654806,0,9902614,-0,001197969,-0,1391898,0,0,0,0,0,0,0,0,0,0,0,0,0,0,0,0,0,0,0,0,0,0,1,1,1,False
48,11168,-13,82307,2,947942,-5,02657,-0,002654806,0,9902614,-0,001197969,-0,1391898,0,0,0,0,0,0,0,0,0,0,0,0,0,0,0,0,0,0,0,0,0,0,1,1,1,False
48,12708,-13,82307,2,947942,-5,02657,-0,002654806,0,9902614,-0,001197969,-0,1391898,0,0,0,0,0,0,0,0,0,0,0,0,0,0,0,0,0,0,0,0,0,0,1,1,1,False
48,14344,-13,82307,2,947942,-5,02657,-0,002654806,0,9902614,-0,001197969,-0,1391898,0,0,0,0,0,0,0,0,0,0,0,0,0,0,0,0,0,0,0,0,0,0,1,1,1,False
48,15998,-13,82307,2,947942,-5,02657,-0,002654806,0,9902614,-0,001197969,-0,1391898,0,0,0,0,0,0,0,0,0,0,0,0,0,0,0,0,0,0,0,0,0,0,1,1,1,False
48,17696,-13,82307,2,947942,-5,02657,-0,002654806,0,9902614,-0,001197969,-0,1391898,0,0,0,0,0,0,0,0,0,0,0,0,0,0,0,0,0,0,0,0,0,0,1,1,1,False
48,1929,-13,82307,2,947942,-5,02657,-0,002654806,0,9902614,-0,001197969,-0,1391898,0,0,0,0,0,0,0,0,0,0,0,0,0,0,0,0,0,0,0,0,0,0,1,1,1,False
48,20921,-13,82307,2,947942,-5,02657,-0,002654806,0,9902614,-0,001197969,-0,1391898,0,0,0,0,0,0,0,0,0,0,0,0,0,0,0,0,0,0,0,0,0,0,1,1,1,False
48,22521,-13,82307,2,947942,-5,02657,-0,002654806,0,9902614,-0,001197969,-0,1391898,0,0,0,0,0,0,0,0,0,0,0,0,0,0,0,0,0,0,0,0,0,0,1,1,1,False
48,24152,-13,82307,2,947942,-5,02657,-0,002654806,0,9902614,-0,001197969,-0,1391898,0,0,0,0,0,0,0,0,0,0,0,0,0,0,0,0,0,0,0,0,0,0,1,1,1,False
48,25948,-13,82307,2,947942,-5,02657,-0,002654806,0,9902614,-0,001197969,-0,1391898,0,0,0,0,0,0,0,0,0,0,0,0,0,0,0,0,0,0,0,0,0,0,1,1,1,False
48,27824,-13,82307,2,947942,-5,02657,-0,002654806,0,9902614,-0,001197969,-0,1391898,0,0,0,0,0,0,0,0,0,0,0,0,0,0,0,0,0,0,0,0,0,0,1,1,1,False
48,29625,-13,82307,2,947942,-5,02657,-0,002654806,0,9902614,-0,001197969,-0,1391898,0,0,0,0,0,0,0,0,0,0,0,0,0,0,0,0,0,0,0,0,0,0,1,1,1,False
48,31451,-13,82307,2,947942,-5,02657,-0,002654806,0,9902614,-0,001197969,-0,1391898,0,0,0,0,0,0,0,0,0,0,0,0,0,0,0,0,0,0,0,0,0,0,1,1,1,False
48,33123,-13,82307,2,947942,-5,02657,-0,002654806,0,9902614,-0,001197969,-0,1391898,0,0,0,0,0,0,0,0,0,0,0,0,0,0,0,0,0,0,0,0,0,0,1,1,1,False
48,3479,-13,82307,2,947942,-5,02657,-0,002654806,0,9902614,-0,001197969,-0,1391898,0,0,0,0,0,0,0,0,0,0,0,0,0,0,0,0,0,0,0,0,0,0,1,1,1,False
48,3642,-13,82307,2,947942,-5,02657,-0,002654806,0,9902614,-0,001197969,-0,1391898,0,0,0,0,0,0,0,0,0,0,0,0,0,0,0,0,0,0,0,0,0,0,1,1,1,False
48,38125,-13,82307,2,947942,-5,02657,-0,002654806,0,9902614,-0,001197969,-0,1391898,0,0,0,0,0,0,0,0,0,0,0,0,0,0,0,0,0,0,0,0,0,0,1,1,1,False
48,39816,-13,82307,2,947942,-5,02657,-0,002654806,0,9902614,-0,001197969,-0,1391898,0,0,0,0,0,0,0,0,0,0,0,0,0,0,0,0,0,0,0,0,0,0,1,1,1,False
48,41467,-13,82307,2,947942,-5,02657,-0,002654806,0,9902614,-0,001197969,-0,1391898,0,0,0,0,0,0,0,0,0,0,0,0,0,0,0,0,0,0,0,0,0,0,1,1,1,False
48,43156,-13,82307,2,947942,-5,02657,-0,002654806,0,9902614,-0,001197969,-0,1391898,0,0,0,0,0,0,0,0,0,0,0,0,0,0,0,0,0,0,0,0,0,0,1,1,1,False
48,44861,-13,82307,2,947942,-5,02657,-0,002654806,0,9902614,-0,001197969,-0,1391898,0,0,0,0,0,0,0,0,0,0,0,0,0,0,0,0,0,0,0,0,0,0,1,1,1,False
48,4653,-13,82307,2,947942,-5,02657,-0,002654806,0,9902614,-0,001197969,-0,1391898,0,0,0,0,0,0,0,0,0,0,0,0,0,0,0,0,0,0,0,0,0,0,1,1,1,False
48,48248,-13,82307,2,947942,-5,02657,-0,002654806,0,9902614,-0,001197969,-0,1391898,0,0,0,0,0,0,0,0,0,0,0,0,0,0,0,0,0,0,0,0,0,0,1,1,1,False
48,4991,-13,82307,2,947942,-5,02657,-0,002654806,0,9902614,-0,001197969,-0,1391898,0,0,0,0,0,0,0,0,0,0,0,0,0,0,0,0,0,0,0,0,0,0,1,1,1,False
48,51378,-13,82307,2,947942,-5,02657,-0,002654806,0,9902614,-0,001197969,-0,1391898,0,0,0,0,0,0,0,0,0,0,0,0,0,0,0,0,0,0,0,0,0,0,1,1,1,False
48,52956,-13,82307,2,947942,-5,02657,-0,002654806,0,9902614,-0,001197969,-0,1391898,0,0,0,0,0,0,0,0,0,0,0,0,0,0,0,0,0,0,0,0,0,0,1,1,1,False
48,54519,-13,82307,2,947942,-5,02657,-0,002654806,0,9902614,-0,001197969,-0,1391898,0,0,0,0,0,0,0,0,0,0,0,0,0,0,0,0,0,0,0,0,0,0,1,1,1,False
48,56174,-13,82307,2,947942,-5,02657,-0,002654806,0,9902614,-0,001197969,-0,1391898,0,0,0,0,0,0,0,0,0,0,0,0,0,0,0,0,0,0,0,0,0,0,1,1,1,False
48,58014,-13,82307,2,947942,-5,02657,-0,002654806,0,9902614,-0,001197969,-0,1391898,0,0,0,0,0,0,0,0,0,0,0,0,0,0,0,0,0,0,0,0,0,0,1,1,1,False
48,59891,-13,82307,2,947942,-5,02657,-0,002654806,0,9902614,-0,001197969,-0,1391898,0,0,0,0,0,0,0,0,0,0,0,0,0,0,0,0,0,0,0,0,0,0,1,1,1,False
48,61499,-13,82307,2,947942,-5,02657,-0,002654806,0,9902614,-0,001197969,-0,1391898,0,0,0,0,0,0,0,0,0,0,0,0,0,0,0,0,0,0,0,0,0,0,1,1,1,False
48,63192,-13,82307,2,947942,-5,02657,-0,002654806,0,9902614,-0,001197969,-0,1391898,0,0,0,0,0,0,0,0,0,0,0,0,0,0,0,0,0,0,0,0,0,0,1,1,1,False
48,64882,-13,82307,2,947942,-5,02657,-0,002654806,0,9902614,-0,001197969,-0,1391898,0,0,0,0,0,0,0,0,0,0,0,0,0,0,0,0,0,0,0,0,0,0,1,1,1,False
48,66571,-13,82307,2,947942,-5,02657,-0,002654806,0,9902614,-0,001197969,-0,1391898,0,0,0,0,0,0,0,0,0,0,0,0,0,0,0,0,0,0,0,0,0,0,1,1,1,False
48,6827,-13,82307,2,947942,-5,02657,-0,002654806,0,9902614,-0,001197969,-0,1391898,0,0,0,0,0,0,0,0,0,0,0,0,0,0,0,0,0,0,0,0,0,0,1,1,1,False
48,69937,-13,82307,2,947942,-5,02657,-0,002654806,0,9902614,-0,001197969,-0,1391898,0,0,0,0,0,0,0,0,0,0,0,0,0,0,0,0,0,0,0,0,0,0,1,1,1,False
48,71528,-13,82307,2,947942,-5,02657,-0,002654806,0,9902614,-0,001197969,-0,1391898,0,0,0,0,0,0,0,0,0,0,0,0,0,0,0,0,0,0,0,0,0,0,1,1,1,False
48,73171,-13,82307,2,947942,-5,02657,-0,002654806,0,9902614,-0,001197969,-0,1391898,0,0,0,0,0,0,0,0,0,0,0,0,0,0,0,0,0,0,0,0,0,0,1,1,1,False
48,74813,-13,82307,2,947942,-5,02657,-0,002654806,0,9902614,-0,001197969,-0,1391898,0,0,0,0,0,0,0,0,0,0,0,0,0,0,0,0,0,0,0,0,0,0,1,1,1,False
48,76454,-13,82307,2,947942,-5,02657,-0,002654806,0,9902614,-0,001197969,-0,1391898,0,0,0,0,0,0,0,0,0,0,0,0,0,0,0,0,0,0,0,0,0,0,1,1,1,False
48,78109,-13,82307,2,947942,-5,02657,-0,002654806,0,9902614,-0,001197969,-0,1391898,0,0,0,0,0,0,0,0,0,0,0,0,0,0,0,0,0,0,0,0,0,0,1,1,1,False
48,79789,-13,82307,2,947942,-5,02657,-0,002654806,0,9902614,-0,001197969,-0,1391898,0,0,0,0,0,0,0,0,0,0,0,0,0,0,0,0,0,0,0,0,0,0,1,1,1,False
48,8135,-13,82307,2,947942,-5,02657,-0,002654806,0,9902614,-0,001197969,-0,1391898,0,0,0,0,0,0,0,0,0,0,0,0,0,0,0,0,0,0,0,0,0,0,1,1,1,False
48,82996,-13,82307,2,947942,-5,02657,-0,002654806,0,9902614,-0,001197969,-0,1391898,0,0,0,0,0,0,0,0,0,0,0,0,0,0,0,0,0,0,0,0,0,0,1,1,1,False
48,84624,-13,82307,2,947942,-5,02657,-0,002654806,0,9902614,-0,001197969,-0,1391898,0,0,0,0,0,0,0,0,0,0,0,0,0,0,0,0,0,0,0,0,0,0,1,1,1,False
48,86319,-13,82307,2,947942,-5,02657,-0,002654806,0,9902614,-0,001197969,-0,1391898,0,0,0,0,0,0,0,0,0,0,0,0,0,0,0,0,0,0,0,0,0,0,1,1,1,False
48,87948,-13,82307,2,947942,-5,02657,-0,002654806,0,9902614,-0,001197969,-0,1391898,0,0,0,0,0,0,0,0,0,0,0,0,0,0,0,0,0,0,0,0,0,0,1,1,1,False
48,8951,-13,82307,2,947942,-5,02657,-0,002654806,0,9902614,-0,001197969,-0,1391898,0,0,0,0,0,0,0,0,0,0,0,0,0,0,0,0,0,0,0,0,0,0,1,1,1,False
48,9115,-13,82307,2,947942,-5,02657,-0,002654806,0,9902614,-0,001197969,-0,1391898,0,0,0,0,0,0,0,0,0,0,0,0,0,0,0,0,0,0,0,0,0,0,1,1,1,False
48,92823,-13,82307,2,947942,-5,02657,-0,002654806,0,9902614,-0,001197969,-0,1391898,0,0,0,0,0,0,0,0,0,0,0,0,0,0,0,0,0,0,0,0,0,0,1,1,1,False
48,94342,-13,82307,2,947942,-5,02657,-0,002654806,0,9902614,-0,001197969,-0,1391898,0,0,0,0,0,0,0,0,0,0,0,0,0,0,0,0,0,0,0,0,0,0,1,1,1,False
48,96025,-13,82307,2,947942,-5,02657,-0,002654806,0,9902614,-0,001197969,-0,1391898,0,0,0,0,0,0,0,0,0,0,0,0,0,0,0,0,0,0,0,0,0,0,1,1,1,False
48,97668,-13,82307,2,947942,-5,02657,-0,002654806,0,9902614,-0,001197969,-0,1391898,0,0,0,0,0,0,0,0,0,0,0,0,0,0,0,0,0,0,0,0,0,0,1,1,1,False
48,99164,-13,82307,2,947942,-5,02657,-0,002654806,0,9902614,-0,001197969,-0,1391898,0,0,0,0,0,0,0,0,0,0,0,0,0,0,0,0,0,0,0,0,0,0,1,1,1,False
49,00897,-13,82307,2,947942,-5,02657,-0,002654806,0,9902614,-0,001197969,-0,1391898,0,0,0,0,0,0,0,0,0,0,0,0,0,0,0,0,0,0,0,0,0,0,1,1,1,False
49,0273,-13,82807,2,947942,-5,02457,-0,002654806,0,9902614,-0,001197969,-0,1391898,0,0,0,0,0,0,0,0,0,0,0,0,0,0,0,0,0,0,0,0,0,0,1,1,1,False
49,04379,-13,82807,2,947942,-5,02457,-0,002654806,0,9902614,-0,001197969,-0,1391898,0,0,0,0,0,0,0,0,0,0,0,0,0,0,0,0,0,0,0,0,0,0,1,1,1,False
49,06042,-13,83407,2,947942,-5,023571,-0,002654806,0,9902614,-0,001197969,-0,1391898,0,0,0,0,0,0,0,0,0,0,0,0,0,0,0,0,0,0,0,0,0,0,1,1,1,False
49,07697,-13,83907,2,947942,-5,02157,-0,002654806,0,9902614,-0,001197969,-0,1391898,0,0,0,0,0,0,0,0,0,0,0,0,0,0,0,0,0,0,0,0,0,0,1,1,1,False
49,09289,-13,84407,2,947942,-5,02057,-0,002654806,0,9902614,-0,001197969,-0,1391898,0,0,0,0,0,0,0,0,0,0,0,0,0,0,0,0,0,0,0,0,0,0,1,1,1,False
49,10976,-13,86207,2,947942,-5,015571,-0,002654806,0,9902614,-0,001197969,-0,1391898,0,0,0,0,0,0,0,0,0,0,0,0,0,0,0,0,0,0,0,0,0,0,1,1,1,False
49,12626,-13,88307,2,947942,-5,009571,-0,002654806,0,9902614,-0,001197969,-0,1391898,0,0,0,0,0,0,0,0,0,0,0,0,0,0,0,0,0,0,0,0,0,0,1,1,1,False
49,14247,-13,91707,2,947942,-4,99957,-0,002654806,0,9902614,-0,001197969,-0,1391898,0,0,0,0,0,0,0,0,0,0,0,0,0,0,0,0,0,0,0,0,0,0,1,1,1,False
49,16622,-13,97007,2,946942,-4,984571,-0,002654806,0,9902614,-0,001197969,-0,1391898,0,0,0,0,0,0,0,0,0,0,0,0,0,0,0,0,0,0,0,0,0,0,1,1,1,False
49,18275,-14,00807,2,946942,-4,97357,-0,002654806,0,9902614,-0,001197969,-0,1391898,0,0,0,0,0,0,0,0,0,0,0,0,0,0,0,0,0,0,0,0,0,0,1,1,1,False
49,19992,-14,07207,2,946942,-4,95557,-0,002654806,0,9902614,-0,001197969,-0,1391898,0,0,0,0,0,0,0,0,0,0,0,0,0,0,0,0,0,0,0,0,0,0,1,1,1,False
49,216,-14,10307,2,946942,-4,94657,-0,002654806,0,9902614,-0,001197969,-0,1391898,0,0,0,0,0,0,0,0,0,0,0,0,0,0,0,0,0,0,0,0,0,0,1,1,1,False
49,23266,-14,12807,2,945942,-4,93957,-0,002654806,0,9902614,-0,001197969,-0,1391898,0,0,0,0,0,0,0,0,0,0,0,0,0,0,0,0,0,0,0,0,0,0,1,1,1,False
49,24899,-14,14907,2,945942,-4,93257,-0,002654806,0,9902614,-0,001197969,-0,1391898,0,0,0,0,0,0,0,0,0,0,0,0,0,0,0,0,0,0,0,0,0,0,1,1,1,False
49,26573,-14,17507,2,945942,-4,92557,-0,002654806,0,9902614,-0,001197969,-0,1391898,0,0,0,0,0,0,0,0,0,0,0,0,0,0,0,0,0,0,0,0,0,0,1,1,1,False
49,2829,-14,19907,2,945942,-4,918571,-0,002654806,0,9902614,-0,001197969,-0,1391898,0,0,0,0,0,0,0,0,0,0,0,0,0,0,0,0,0,0,0,0,0,0,1,1,1,False
49,29968,-14,22907,2,945942,-4,910571,-0,002654806,0,9902614,-0,001197969,-0,1391898,0,0,0,0,0,0,0,0,0,0,0,0,0,0,0,0,0,0,0,0,0,0,1,1,1,False
49,32245,-14,27607,2,945942,-4,89657,-0,002654806,0,9902614,-0,001197969,-0,1391898,0,0,0,0,0,0,0,0,0,0,0,0,0,0,0,0,0,0,0,0,0,0,1,1,1,False
49,34266,-14,31307,2,944942,-4,885571,-0,002654806,0,9902614,-0,001197969,-0,1391898,0,0,0,0,0,0,0,0,0,0,0,0,0,0,0,0,0,0,0,0,0,0,1,1,1,False
49,36071,-14,36807,2,944942,-4,87057,-0,002654806,0,9902614,-0,001197969,-0,1391898,0,0,0,0,0,0,0,0,0,0,0,0,0,0,0,0,0,0,0,0,0,0,1,1,1,False
49,37729,-14,39507,2,944942,-4,86257,-0,002654806,0,9902614,-0,001197969,-0,1391898,0,0,0,0,0,0,0,0,0,0,0,0,0,0,0,0,0,0,0,0,0,0,1,1,1,False
49,3938,-14,41707,2,944942,-4,85657,-0,002654806,0,9902614,-0,001197969,-0,1391898,0,0,0,0,0,0,0,0,0,0,0,0,0,0,0,0,0,0,0,0,0,0,1,1,1,False
49,41033,-14,43907,2,944942,-4,84957,-0,002654806,0,9902614,-0,001197969,-0,1391898,0,0,0,0,0,0,0,0,0,0,0,0,0,0,0,0,0,0,0,0,0,0,1,1,1,False
49,42691,-14,45707,2,944942,-4,844571,-0,002654806,0,9902614,-0,001197969,-0,1391898,0,0,0,0,0,0,0,0,0,0,0,0,0,0,0,0,0,0,0,0,0,0,1,1,1,False
49,44346,-14,47607,2,944942,-4,839571,-0,002654806,0,9902614,-0,001197969,-0,1391898,0,0,0,0,0,0,0,0,0,0,0,0,0,0,0,0,0,0,0,0,0,0,1,1,1,False
49,45997,-14,49807,2,944942,-4,83357,-0,002654806,0,9902614,-0,001197969,-0,1391898,0,0,0,0,0,0,0,0,0,0,0,0,0,0,0,0,0,0,0,0,0,0,1,1,1,False
49,48373,-14,51607,2,943942,-4,82757,-0,002654806,0,9902614,-0,001197969,-0,1391898,0,0,0,0,0,0,0,0,0,0,0,0,0,0,0,0,0,0,0,0,0,0,1,1,1,False
49,50034,-14,53407,2,943942,-4,82257,-0,002654806,0,9902614,-0,001197969,-0,1391898,0,0,0,0,0,0,0,0,0,0,0,0,0,0,0,0,0,0,0,0,0,0,1,1,1,False
49,51702,-14,54207,2,943942,-4,82057,-0,002654806,0,9902614,-0,001197969,-0,1391898,0,0,0,0,0,0,0,0,0,0,0,0,0,0,0,0,0,0,0,0,0,0,1,1,1,False
49,53242,-14,55507,2,943942,-4,81657,-0,002654806,0,9902614,-0,001197969,-0,1391898,0,0,0,0,0,0,0,0,0,0,0,0,0,0,0,0,0,0,0,0,0,0,1,1,1,False
49,54913,-14,56907,2,943942,-4,812571,-0,002654806,0,9902614,-0,001197969,-0,1391898,0,0,0,0,0,0,0,0,0,0,0,0,0,0,0,0,0,0,0,0,0,0,1,1,1,False
49,56548,-14,59007,2,943942,-4,806571,-0,002654806,0,9902614,-0,001197969,-0,1391898,0,0,0,0,0,0,0,0,0,0,0,0,0,0,0,0,0,0,0,0,0,0,1,1,1,False
49,58238,-14,60807,2,943942,-4,80157,-0,002654806,0,9902614,-0,001197969,-0,1391898,0,0,0,0,0,0,0,0,0,0,0,0,0,0,0,0,0,0,0,0,0,0,1,1,1,False
49,59912,-14,62607,2,943942,-4,79657,-0,002654806,0,9902614,-0,001197969,-0,1391898,0,0,0,0,0,0,0,0,0,0,0,0,0,0,0,0,0,0,0,0,0,0,1,1,1,False
49,61514,-14,63407,2,943942,-4,793571,-0,002654806,0,9902614,-0,001197969,-0,1391898,0,0,0,0,0,0,0,0,0,0,0,0,0,0,0,0,0,0,0,0,0,0,1,1,1,False
49,63866,-14,64707,2,943942,-4,79057,-0,002654806,0,9902614,-0,001197969,-0,1391898,0,0,0,0,0,0,0,0,0,0,0,0,0,0,0,0,0,0,0,0,0,0,1,1,1,False
49,65521,-14,65107,2,943942,-4,78957,-0,002654806,0,9902614,-0,001197969,-0,1391898,0,0,0,0,0,0,0,0,0,0,0,0,0,0,0,0,0,0,0,0,0,0,1,1,1,False
49,67223,-14,66307,2,943942,-4,785571,-0,002654806,0,9902614,-0,001197969,-0,1391898,0,0,0,0,0,0,0,0,0,0,0,0,0,0,0,0,0,0,0,0,0,0,1,1,1,False
49,68822,-14,66707,2,943942,-4,78457,-0,002654806,0,9902614,-0,001197969,-0,1391898,0,0,0,0,0,0,0,0,0,0,0,0,0,0,0,0,0,0,0,0,0,0,1,1,1,False
49,70494,-14,67307,2,943942,-4,78257,-0,002654806,0,9902614,-0,001197969,-0,1391898,0,0,0,0,0,0,0,0,0,0,0,0,0,0,0,0,0,0,0,0,0,0,1,1,1,False
49,72187,-14,67707,2,943942,-4,78157,-0,002654806,0,9902614,-0,001197969,-0,1391898,0,0,0,0,0,0,0,0,0,0,0,0,0,0,0,0,0,0,0,0,0,0,1,1,1,False
49,73732,-14,67707,2,943942,-4,78157,-0,002654806,0,9902614,-0,001197969,-0,1391898,0,0,0,0,0,0,0,0,0,0,0,0,0,0,0,0,0,0,0,0,0,0,1,1,1,False
49,75178,-14,67707,2,943942,-4,78157,-0,002654806,0,9902614,-0,001197969,-0,1391898,0,0,0,0,0,0,0,0,0,0,0,0,0,0,0,0,0,0,0,0,0,0,1,1,1,False
49,76725,-14,67707,2,943942,-4,78157,-0,002654806,0,9902614,-0,001197969,-0,1391898,0,0,0,0,0,0,0,0,0,0,0,0,0,0,0,0,0,0,0,0,0,0,1,1,1,False
49,79236,-14,68107,2,943942,-4,780571,-0,002654806,0,9902614,-0,001197969,-0,1391898,0,0,0,0,0,0,0,0,0,0,0,0,0,0,0,0,0,0,0,0,0,0,1,1,1,False
49,80799,-14,68107,2,943942,-4,780571,-0,002654806,0,9902614,-0,001197969,-0,1391898,0,0,0,0,0,0,0,0,0,0,0,0,0,0,0,0,0,0,0,0,0,0,1,1,1,False
49,82363,-14,68107,2,943942,-4,780571,-0,002654806,0,9902614,-0,001197969,-0,1391898,0,0,0,0,0,0,0,0,0,0,0,0,0,0,0,0,0,0,0,0,0,0,1,1,1,False
49,83937,-14,68107,2,943942,-4,780571,-0,002654806,0,9902614,-0,001197969,-0,1391898,0,0,0,0,0,0,0,0,0,0,0,0,0,0,0,0,0,0,0,0,0,0,1,1,1,False
49,85434,-14,68107,2,943942,-4,780571,-0,002654806,0,9902614,-0,001197969,-0,1391898,0,0,0,0,0,0,0,0,0,0,0,0,0,0,0,0,0,0,0,0,0,0,1,1,1,False
49,87002,-14,68107,2,943942,-4,780571,-0,002654806,0,9902614,-0,001197969,-0,1391898,0,0,0,0,0,0,0,0,0,0,0,0,0,0,0,0,0,0,0,0,0,0,1,1,1,False
49,88633,-14,68107,2,943942,-4,780571,-0,002654806,0,9902614,-0,001197969,-0,1391898,0,0,0,0,0,0,0,0,0,0,0,0,0,0,0,0,0,0,0,0,0,0,1,1,1,False
49,90318,-14,68107,2,943942,-4,780571,-0,002654806,0,9902614,-0,001197969,-0,1391898,0,0,0,0,0,0,0,0,0,0,0,0,0,0,0,0,0,0,0,0,0,0,1,1,1,False
49,91998,-14,68107,2,943942,-4,780571,-0,002654806,0,9902614,-0,001197969,-0,1391898,0,0,0,0,0,0,0,0,0,0,0,0,0,0,0,0,0,0,0,0,0,0,1,1,1,False
49,94394,-14,68107,2,943942,-4,780571,-0,002654806,0,9902614,-0,001197969,-0,1391898,0,0,0,0,0,0,0,0,0,0,0,0,0,0,0,0,0,0,0,0,0,0,1,1,1,False
49,96009,-14,68107,2,943942,-4,780571,-0,002654806,0,9902614,-0,001197969,-0,1391898,0,0,0,0,0,0,0,0,0,0,0,0,0,0,0,0,0,0,0,0,0,0,1,1,1,False
49,97644,-14,68107,2,943942,-4,780571,-0,002654806,0,9902614,-0,001197969,-0,1391898,0,0,0,0,0,0,0,0,0,0,0,0,0,0,0,0,0,0,0,0,0,0,1,1,1,False
49,99173,-14,68107,2,943942,-4,780571,-0,002654806,0,9902614,-0,001197969,-0,1391898,0,0,0,0,0,0,0,0,0,0,0,0,0,0,0,0,0,0,0,0,0,0,1,1,1,False
50,00795,-14,68107,2,943942,-4,780571,-0,002654806,0,9902614,-0,001197969,-0,1391898,0,0,0,0,0,0,0,0,0,0,0,0,0,0,0,0,0,0,0,0,0,0,1,1,1,False
50,02699,-14,68107,2,943942,-4,780571,-0,002654806,0,9902614,-0,001197969,-0,1391898,0,0,0,0,0,0,0,0,0,0,0,0,0,0,0,0,0,0,0,0,0,0,1,1,1,False
50,0439,-14,68107,2,943942,-4,780571,-0,002654806,0,9902614,-0,001197969,-0,1391898,0,0,0,0,0,0,0,0,0,0,0,0,0,0,0,0,0,0,0,0,0,0,1,1,1,False
50,06061,-14,68107,2,943942,-4,780571,-0,002654806,0,9902614,-0,001197969,-0,1391898,0,0,0,0,0,0,0,0,0,0,0,0,0,0,0,0,0,0,0,0,0,0,1,1,1,False
50,07718,-14,68107,2,943942,-4,780571,-0,002654806,0,9902614,-0,001197969,-0,1391898,0,0,0,0,0,0,0,0,0,0,0,0,0,0,0,0,0,0,0,0,0,0,1,1,1,False
50,09275,-14,68107,2,943942,-4,780571,-0,002654806,0,9902614,-0,001197969,-0,1391898,0,0,0,0,0,0,0,0,0,0,0,0,0,0,0,0,0,0,0,0,0,0,1,1,1,False
50,10932,-14,68107,2,943942,-4,780571,-0,002654806,0,9902614,-0,001197969,-0,1391898,0,0,0,0,0,0,0,0,0,0,0,0,0,0,0,0,0,0,0,0,0,0,1,1,1,False
50,12605,-14,68107,2,943942,-4,780571,-0,002654806,0,9902614,-0,001197969,-0,1391898,0,0,0,0,0,0,0,0,0,0,0,0,0,0,0,0,0,0,0,0,0,0,1,1,1,False
50,1427,-14,68107,2,943942,-4,780571,-0,002654806,0,9902614,-0,001197969,-0,1391898,0,0,0,0,0,0,0,0,0,0,0,0,0,0,0,0,0,0,0,0,0,0,1,1,1,False
50,15802,-14,68107,2,943942,-4,780571,-0,002654806,0,9902614,-0,001197969,-0,1391898,0,0,0,0,0,0,0,0,0,0,0,0,0,0,0,0,0,0,0,0,0,0,1,1,1,False
50,1736,-14,68107,2,943942,-4,780571,-0,002654806,0,9902614,-0,001197969,-0,1391898,0,0,0,0,0,0,0,0,0,0,0,0,0,0,0,0,0,0,0,0,0,0,1,1,1,False
50,19016,-14,68107,2,943942,-4,780571,-0,002654806,0,9902614,-0,001197969,-0,1391898,0,0,0,0,0,0,0,0,0,0,0,0,0,0,0,0,0,0,0,0,0,0,1,1,1,False
50,20688,-14,68107,2,943942,-4,780571,-0,002654806,0,9902614,-0,001197969,-0,1391898,0,0,0,0,0,0,0,0,0,0,0,0,0,0,0,0,0,0,0,0,0,0,1,1,1,False
50,22338,-14,68107,2,943942,-4,780571,-0,002654806,0,9902614,-0,001197969,-0,1391898,0,0,0,0,0,0,0,0,0,0,0,0,0,0,0,0,0,0,0,0,0,0,1,1,1,False
50,23988,-14,68107,2,943942,-4,780571,-0,002654806,0,9902614,-0,001197969,-0,1391898,0,0,0,0,0,0,0,0,0,0,0,0,0,0,0,0,0,0,0,0,0,0,1,1,1,False
50,25513,-14,68107,2,943942,-4,780571,-0,002654806,0,9902614,-0,001197969,-0,1391898,0,0,0,0,0,0,0,0,0,0,0,0,0,0,0,0,0,0,0,0,0,0,1,1,1,False
50,27211,-14,68107,2,943942,-4,780571,-0,002654806,0,9902614,-0,001197969,-0,1391898,0,0,0,0,0,0,0,0,0,0,0,0,0,0,0,0,0,0,0,0,0,0,1,1,1,False
50,28901,-14,68107,2,943942,-4,780571,-0,002654806,0,9902614,-0,001197969,-0,1391898,0,0,0,0,0,0,0,0,0,0,0,0,0,0,0,0,0,0,0,0,0,0,1,1,1,False
50,3051,-14,68107,2,943942,-4,780571,-0,002654806,0,9902614,-0,001197969,-0,1391898,0,0,0,0,0,0,0,0,0,0,0,0,0,0,0,0,0,0,0,0,0,0,1,1,1,False
50,32176,-14,68107,2,943942,-4,780571,-0,002654806,0,9902614,-0,001197969,-0,1391898,0,0,0,0,0,0,0,0,0,0,0,0,0,0,0,0,0,0,0,0,0,0,1,1,1,False
50,33798,-14,68107,2,943942,-4,780571,-0,002654806,0,9902614,-0,001197969,-0,1391898,0,0,0,0,0,0,0,0,0,0,0,0,0,0,0,0,0,0,0,0,0,0,1,1,1,False
50,35326,-14,68107,2,943942,-4,780571,-0,002654806,0,9902614,-0,001197969,-0,1391898,0,0,0,0,0,0,0,0,0,0,0,0,0,0,0,0,0,0,0,0,0,0,1,1,1,False
50,36974,-14,68107,2,943942,-4,780571,-0,002654806,0,9902614,-0,001197969,-0,1391898,0,0,0,0,0,0,0,0,0,0,0,0,0,0,0,0,0,0,0,0,0,0,1,1,1,False
50,38538,-14,68107,2,943942,-4,780571,-0,002654806,0,9902614,-0,001197969,-0,1391898,0,0,0,0,0,0,0,0,0,0,0,0,0,0,0,0,0,0,0,0,0,0,1,1,1,False
50,40112,-14,68107,2,943942,-4,780571,-0,002654806,0,9902614,-0,001197969,-0,1391898,0,0,0,0,0,0,0,0,0,0,0,0,0,0,0,0,0,0,0,0,0,0,1,1,1,False
50,41696,-14,68107,2,943942,-4,780571,-0,002654806,0,9902614,-0,001197969,-0,1391898,0,0,0,0,0,0,0,0,0,0,0,0,0,0,0,0,0,0,0,0,0,0,1,1,1,False
50,43188,-14,68107,2,943942,-4,780571,-0,002654806,0,9902614,-0,001197969,-0,1391898,0,0,0,0,0,0,0,0,0,0,0,0,0,0,0,0,0,0,0,0,0,0,1,1,1,False
50,44757,-14,68107,2,943942,-4,780571,-0,002654806,0,9902614,-0,001197969,-0,1391898,0,0,0,0,0,0,0,0,0,0,0,0,0,0,0,0,0,0,0,0,0,0,1,1,1,False
50,46317,-14,68107,2,943942,-4,780571,-0,002654806,0,9902614,-0,001197969,-0,1391898,0,0,0,0,0,0,0,0,0,0,0,0,0,0,0,0,0,0,0,0,0,0,1,1,1,False
50,47926,-14,68107,2,943942,-4,780571,-0,002654806,0,9902614,-0,001197969,-0,1391898,0,0,0,0,0,0,0,0,0,0,0,0,0,0,0,0,0,0,0,0,0,0,1,1,1,False
50,49512,-14,68107,2,943942,-4,780571,-0,002654806,0,9902614,-0,001197969,-0,1391898,0,0,0,0,0,0,0,0,0,0,0,0,0,0,0,0,0,0,0,0,0,0,1,1,1,False
50,51081,-14,68107,2,943942,-4,780571,-0,002654806,0,9902614,-0,001197969,-0,1391898,0,0,0,0,0,0,0,0,0,0,0,0,0,0,0,0,0,0,0,0,0,0,1,1,1,False
50,52645,-14,68107,2,943942,-4,780571,-0,002654806,0,9902614,-0,001197969,-0,1391898,0,0,0,0,0,0,0,0,0,0,0,0,0,0,0,0,0,0,0,0,0,0,1,1,1,False
50,54222,-14,68107,2,943942,-4,780571,-0,002654806,0,9902614,-0,001197969,-0,1391898,0,0,0,0,0,0,0,0,0,0,0,0,0,0,0,0,0,0,0,0,0,0,1,1,1,False
50,55769,-14,68107,2,943942,-4,780571,-0,002654806,0,9902614,-0,001197969,-0,1391898,0,0,0,0,0,0,0,0,0,0,0,0,0,0,0,0,0,0,0,0,0,0,1,1,1,False
50,57243,-14,68107,2,943942,-4,780571,-0,002654806,0,9902614,-0,001197969,-0,1391898,0,0,0,0,0,0,0,0,0,0,0,0,0,0,0,0,0,0,0,0,0,0,1,1,1,False
50,58918,-14,68107,2,943942,-4,780571,-0,002654806,0,9902614,-0,001197969,-0,1391898,0,0,0,0,0,0,0,0,0,0,0,0,0,0,0,0,0,0,0,0,0,0,1,1,1,False
50,6058,-14,68107,2,943942,-4,780571,-0,002654806,0,9902614,-0,001197969,-0,1391898,0,0,0,0,0,0,0,0,0,0,0,0,0,0,0,0,0,0,0,0,0,0,1,1,1,False
50,62261,-14,68107,2,943942,-4,780571,-0,002654806,0,9902614,-0,001197969,-0,1391898,0,0,0,0,0,0,0,0,0,0,0,0,0,0,0,0,0,0,0,0,0,0,1,1,1,False
50,63889,-14,68107,2,943942,-4,780571,-0,002654806,0,9902614,-0,001197969,-0,1391898,0,0,0,0,0,0,0,0,0,0,0,0,0,0,0,0,0,0,0,0,0,0,1,1,1,False
50,65435,-14,68107,2,943942,-4,780571,-0,002654806,0,9902614,-0,001197969,-0,1391898,0,0,0,0,0,0,0,0,0,0,0,0,0,0,0,0,0,0,0,0,0,0,1,1,1,False
50,67065,-14,68107,2,943942,-4,780571,-0,002654806,0,9902614,-0,001197969,-0,1391898,0,0,0,0,0,0,0,0,0,0,0,0,0,0,0,0,0,0,0,0,0,0,1,1,1,False
50,6873,-14,68107,2,943942,-4,780571,-0,002654806,0,9902614,-0,001197969,-0,1391898,0,0,0,0,0,0,0,0,0,0,0,0,0,0,0,0,0,0,0,0,0,0,1,1,1,False
50,70417,-14,68107,2,943942,-4,780571,-0,002654806,0,9902614,-0,001197969,-0,1391898,0,0,0,0,0,0,0,0,0,0,0,0,0,0,0,0,0,0,0,0,0,0,1,1,1,False
50,72121,-14,68107,2,943942,-4,780571,-0,002654806,0,9902614,-0,001197969,-0,1391898,0,0,0,0,0,0,0,0,0,0,0,0,0,0,0,0,0,0,0,0,0,0,1,1,1,False
50,738,-14,68107,2,943942,-4,780571,-0,002654806,0,9902614,-0,001197969,-0,1391898,0,0,0,0,0,0,0,0,0,0,0,0,0,0,0,0,0,0,0,0,0,0,1,1,1,False
50,75386,-14,68107,2,943942,-4,780571,-0,002654806,0,9902614,-0,001197969,-0,1391898,0,0,0,0,0,0,0,0,0,0,0,0,0,0,0,0,0,0,0,0,0,0,1,1,1,False
50,77028,-14,68107,2,943942,-4,780571,-0,002654806,0,9902614,-0,001197969,-0,1391898,0,0,0,0,0,0,0,0,0,0,0,0,0,0,0,0,0,0,0,0,0,0,1,1,1,False
50,78661,-14,68107,2,943942,-4,780571,-0,002654806,0,9902614,-0,001197969,-0,1391898,0,0,0,0,0,0,0,0,0,0,0,0,0,0,0,0,0,0,0,0,0,0,1,1,1,False
50,80313,-14,68107,2,943942,-4,780571,-0,002654806,0,9902614,-0,001197969,-0,1391898,0,0,0,0,0,0,0,0,0,0,0,0,0,0,0,0,0,0,0,0,0,0,1,1,1,False
50,82012,-14,68107,2,943942,-4,780571,-0,002654806,0,9902614,-0,001197969,-0,1391898,0,0,0,0,0,0,0,0,0,0,0,0,0,0,0,0,0,0,0,0,0,0,1,1,1,False
50,83666,-14,68107,2,943942,-4,780571,-0,002654806,0,9902614,-0,001197969,-0,1391898,0,0,0,0,0,0,0,0,0,0,0,0,0,0,0,0,0,0,0,0,0,0,1,1,1,False
50,85228,-14,68107,2,943942,-4,780571,-0,002654806,0,9902614,-0,001197969,-0,1391898,0,0,0,0,0,0,0,0,0,0,0,0,0,0,0,0,0,0,0,0,0,0,1,1,1,False
50,86878,-14,68107,2,943942,-4,780571,-0,002654806,0,9902614,-0,001197969,-0,1391898,0,0,0,0,0,0,0,0,0,0,0,0,0,0,0,0,0,0,0,0,0,0,1,1,1,False
50,88499,-14,68107,2,943942,-4,780571,-0,002654806,0,9902614,-0,001197969,-0,1391898,0,0,0,0,0,0,0,0,0,0,0,0,0,0,0,0,0,0,0,0,0,0,1,1,1,False
50,9014,-14,68107,2,943942,-4,780571,-0,002654806,0,9902614,-0,001197969,-0,1391898,0,0,0,0,0,0,0,0,0,0,0,0,0,0,0,0,0,0,0,0,0,0,1,1,1,False
50,91772,-14,68107,2,943942,-4,780571,-0,002654806,0,9902614,-0,001197969,-0,1391898,0,0,0,0,0,0,0,0,0,0,0,0,0,0,0,0,0,0,0,0,0,0,1,1,1,False
50,93294,-14,68107,2,943942,-4,780571,-0,002654806,0,9902614,-0,001197969,-0,1391898,0,0,0,0,0,0,0,0,0,0,0,0,0,0,0,0,0,0,0,0,0,0,1,1,1,False
50,94987,-14,68107,2,943942,-4,780571,-0,002654806,0,9902614,-0,001197969,-0,1391898,0,0,0,0,0,0,0,0,0,0,0,0,0,0,0,0,0,0,0,0,0,0,1,1,1,False
50,96704,-14,68107,2,943942,-4,780571,-0,002654806,0,9902614,-0,001197969,-0,1391898,0,0,0,0,0,0,0,0,0,0,0,0,0,0,0,0,0,0,0,0,0,0,1,1,1,False
50,98324,-14,68107,2,943942,-4,780571,-0,002654806,0,9902614,-0,001197969,-0,1391898,0,0,0,0,0,0,0,0,0,0,0,0,0,0,0,0,0,0,0,0,0,0,1,1,1,False
50,9996,-14,68107,2,943942,-4,780571,-0,002654806,0,9902614,-0,001197969,-0,1391898,0,0,0,0,0,0,0,0,0,0,0,0,0,0,0,0,0,0,0,0,0,0,1,1,1,False
51,01509,-14,68107,2,943942,-4,780571,-0,002654806,0,9902614,-0,001197969,-0,1391898,0,0,0,0,0,0,0,0,0,0,0,0,0,0,0,0,0,0,0,0,0,0,1,1,1,False
51,03129,-14,68107,2,943942,-4,780571,-0,002654806,0,9902614,-0,001197969,-0,1391898,0,0,0,0,0,0,0,0,0,0,0,0,0,0,0,0,0,0,0,0,0,0,1,1,1,False
51,04821,-14,68107,2,943942,-4,780571,-0,002654806,0,9902614,-0,001197969,-0,1391898,0,0,0,0,0,0,0,0,0,0,0,0,0,0,0,0,0,0,0,0,0,0,1,1,1,False
51,06491,-14,68107,2,943942,-4,780571,-0,002654806,0,9902614,-0,001197969,-0,1391898,0,0,0,0,0,0,0,0,0,0,0,0,0,0,0,0,0,0,0,0,0,0,1,1,1,False
51,08132,-14,68107,2,943942,-4,780571,-0,002654806,0,9902614,-0,001197969,-0,1391898,0,0,0,0,0,0,0,0,0,0,0,0,0,0,0,0,0,0,0,0,0,0,1,1,1,False
51,09774,-14,68107,2,943942,-4,780571,-0,002654806,0,9902614,-0,001197969,-0,1391898,0,0,0,0,0,0,0,0,0,0,0,0,0,0,0,0,0,0,0,0,0,0,1,1,1,False
51,11362,-14,68107,2,943942,-4,780571,-0,002654806,0,9902614,-0,001197969,-0,1391898,0,0,0,0,0,0,0,0,0,0,0,0,0,0,0,0,0,0,0,0,0,0,1,1,1,False
51,13027,-14,68107,2,943942,-4,780571,-0,002654806,0,9902614,-0,001197969,-0,1391898,0,0,0,0,0,0,0,0,0,0,0,0,0,0,0,0,0,0,0,0,0,0,1,1,1,False
51,14989,-14,68107,2,943942,-4,780571,-0,002654806,0,9902614,-0,001197969,-0,1391898,0,0,0,0,0,0,0,0,0,0,0,0,0,0,0,0,0,0,0,0,0,0,1,1,1,False
51,16611,-14,68107,2,943942,-4,780571,-0,002654806,0,9902614,-0,001197969,-0,1391898,0,0,0,0,0,0,0,0,0,0,0,0,0,0,0,0,0,0,0,0,0,0,1,1,1,False
51,18192,-14,68107,2,943942,-4,780571,-0,002654806,0,9902614,-0,001197969,-0,1391898,0,0,0,0,0,0,0,0,0,0,0,0,0,0,0,0,0,0,0,0,0,0,1,1,1,False
51,19827,-14,68107,2,943942,-4,780571,-0,002654806,0,9902614,-0,001197969,-0,1391898,0,0,0,0,0,0,0,0,0,0,0,0,0,0,0,0,0,0,0,0,0,0,1,1,1,False
51,21344,-14,68107,2,943942,-4,780571,-0,002654806,0,9902614,-0,001197969,-0,1391898,0,0,0,0,0,0,0,0,0,0,0,0,0,0,0,0,0,0,0,0,0,0,1,1,1,False
51,22919,-14,68107,2,943942,-4,780571,-0,002654806,0,9902614,-0,001197969,-0,1391898,0,0,0,0,0,0,0,0,0,0,0,0,0,0,0,0,0,0,0,0,0,0,1,1,1,False
51,24483,-14,68107,2,943942,-4,780571,-0,002654806,0,9902614,-0,001197969,-0,1391898,0,0,0,0,0,0,0,0,0,0,0,0,0,0,0,0,0,0,0,0,0,0,1,1,1,False
51,26034,-14,68107,2,943942,-4,780571,-0,002654806,0,9902614,-0,001197969,-0,1391898,0,0,0,0,0,0,0,0,0,0,0,0,0,0,0,0,0,0,0,0,0,0,1,1,1,False
51,27743,-14,68107,2,943942,-4,780571,-0,002654806,0,9902614,-0,001197969,-0,1391898,0,0,0,0,0,0,0,0,0,0,0,0,0,0,0,0,0,0,0,0,0,0,1,1,1,False
51,29377,-14,68107,2,943942,-4,780571,-0,002654806,0,9902614,-0,001197969,-0,1391898,0,0,0,0,0,0,0,0,0,0,0,0,0,0,0,0,0,0,0,0,0,0,1,1,1,False
51,30974,-14,68107,2,943942,-4,780571,-0,002654806,0,9902614,-0,001197969,-0,1391898,0,0,0,0,0,0,0,0,0,0,0,0,0,0,0,0,0,0,0,0,0,0,1,1,1,False
51,32651,-14,68107,2,943942,-4,780571,-0,002654806,0,9902614,-0,001197969,-0,1391898,0,0,0,0,0,0,0,0,0,0,0,0,0,0,0,0,0,0,0,0,0,0,1,1,1,False
51,34348,-14,68107,2,943942,-4,780571,-0,002654806,0,9902614,-0,001197969,-0,1391898,0,0,0,0,0,0,0,0,0,0,0,0,0,0,0,0,0,0,0,0,0,0,1,1,1,False
51,36069,-14,68107,2,943942,-4,780571,-0,002654806,0,9902614,-0,001197969,-0,1391898,0,0,0,0,0,0,0,0,0,0,0,0,0,0,0,0,0,0,0,0,0,0,1,1,1,False
51,37746,-14,68107,2,943942,-4,780571,-0,002654806,0,9902614,-0,001197969,-0,1391898,0,0,0,0,0,0,0,0,0,0,0,0,0,0,0,0,0,0,0,0,0,0,1,1,1,False
51,39426,-14,68107,2,943942,-4,780571,-0,002654806,0,9902614,-0,001197969,-0,1391898,0,0,0,0,0,0,0,0,0,0,0,0,0,0,0,0,0,0,0,0,0,0,1,1,1,False
51,41181,-14,68107,2,943942,-4,780571,-0,002654806,0,9902614,-0,001197969,-0,1391898,0,0,0,0,0,0,0,0,0,0,0,0,0,0,0,0,0,0,0,0,0,0,1,1,1,False
51,42893,-14,68107,2,943942,-4,780571,-0,002654806,0,9902614,-0,001197969,-0,1391898,0,0,0,0,0,0,0,0,0,0,0,0,0,0,0,0,0,0,0,0,0,0,1,1,1,False
51,44676,-14,68107,2,943942,-4,780571,-0,002654806,0,9902614,-0,001197969,-0,1391898,0,0,0,0,0,0,0,0,0,0,0,0,0,0,0,0,0,0,0,0,0,0,1,1,1,False
51,46624,-14,68107,2,943942,-4,780571,-0,002654806,0,9902614,-0,001197969,-0,1391898,0,0,0,0,0,0,0,0,0,0,0,0,0,0,0,0,0,0,0,0,0,0,1,1,1,False
51,48297,-14,68107,2,943942,-4,780571,-0,002654806,0,9902614,-0,001197969,-0,1391898,0,0,0,0,0,0,0,0,0,0,0,0,0,0,0,0,0,0,0,0,0,0,1,1,1,False
51,49953,-14,68107,2,943942,-4,780571,-0,002654806,0,9902614,-0,001197969,-0,1391898,0,0,0,0,0,0,0,0,0,0,0,0,0,0,0,0,0,0,0,0,0,0,1,1,1,False
51,51513,-14,68107,2,943942,-4,780571,-0,002654806,0,9902614,-0,001197969,-0,1391898,0,0,0,0,0,0,0,0,0,0,0,0,0,0,0,0,0,0,0,0,0,0,1,1,1,False
51,53891,-14,68107,2,943942,-4,780571,-0,002654806,0,9902614,-0,001197969,-0,1391898,0,0,0,0,0,0,0,0,0,0,0,0,0,0,0,0,0,0,0,0,0,0,1,1,1,False
51,57641,-14,68107,2,943942,-4,780571,-0,002654806,0,9902614,-0,001197969,-0,1391898,0,0,0,0,0,0,0,0,0,0,0,0,0,0,0,0,0,0,0,0,0,0,1,1,1,False
51,59403,-14,68107,2,943942,-4,780571,-0,002654806,0,9902614,-0,001197969,-0,1391898,0,0,0,0,0,0,0,0,0,0,0,0,0,0,0,0,0,0,0,0,0,0,1,1,1,False
51,61352,-14,68107,2,943942,-4,780571,-0,002654806,0,9902614,-0,001197969,-0,1391898,0,0,0,0,0,0,0,0,0,0,0,0,0,0,0,0,0,0,0,0,0,0,1,1,1,False
51,6333,-14,68107,2,943942,-4,780571,-0,002654806,0,9902614,-0,001197969,-0,1391898,0,0,0,0,0,0,0,0,0,0,0,0,0,0,0,0,0,0,0,0,0,0,1,1,1,False
51,65277,-14,68107,2,943942,-4,780571,-0,002654806,0,9902614,-0,001197969,-0,1391898,0,0,0,0,0,0,0,0,0,0,0,0,0,0,0,0,0,0,0,0,0,0,1,1,1,False
51,66993,-14,68107,2,943942,-4,780571,-0,002654806,0,9902614,-0,001197969,-0,1391898,0,0,0,0,0,0,0,0,0,0,0,0,0,0,0,0,0,0,0,0,0,0,1,1,1,False
51,68707,-14,68107,2,943942,-4,780571,-0,002654806,0,9902614,-0,001197969,-0,1391898,0,0,0,0,0,0,0,0,0,0,0,0,0,0,0,0,0,0,0,0,0,0,1,1,1,False
51,70388,-14,68107,2,943942,-4,780571,-0,002654806,0,9902614,-0,001197969,-0,1391898,0,0,0,0,0,0,0,0,0,0,0,0,0,0,0,0,0,0,0,0,0,0,1,1,1,False
51,72047,-14,68107,2,943942,-4,780571,-0,002654806,0,9902614,-0,001197969,-0,1391898,0,0,0,0,0,0,0,0,0,0,0,0,0,0,0,0,0,0,0,0,0,0,1,1,1,False
51,73843,-14,68107,2,943942,-4,780571,-0,002654806,0,9902614,-0,001197969,-0,1391898,0,0,0,0,0,0,0,0,0,0,0,0,0,0,0,0,0,0,0,0,0,0,1,1,1,False
51,75495,-14,68107,2,943942,-4,780571,-0,002654806,0,9902614,-0,001197969,-0,1391898,0,0,0,0,0,0,0,0,0,0,0,0,0,0,0,0,0,0,0,0,0,0,1,1,1,False
51,77188,-14,68107,2,943942,-4,780571,-0,002654806,0,9902614,-0,001197969,-0,1391898,0,0,0,0,0,0,0,0,0,0,0,0,0,0,0,0,0,0,0,0,0,0,1,1,1,False
51,78852,-14,68107,2,943942,-4,780571,-0,002654806,0,9902614,-0,001197969,-0,1391898,0,0,0,0,0,0,0,0,0,0,0,0,0,0,0,0,0,0,0,0,0,0,1,1,1,False
51,80525,-14,68107,2,943942,-4,780571,-0,002654806,0,9902614,-0,001197969,-0,1391898,0,0,0,0,0,0,0,0,0,0,0,0,0,0,0,0,0,0,0,0,0,0,1,1,1,False
51,82093,-14,68107,2,943942,-4,780571,-0,002654806,0,9902614,-0,001197969,-0,1391898,0,0,0,0,0,0,0,0,0,0,0,0,0,0,0,0,0,0,0,0,0,0,1,1,1,False
51,83775,-14,68107,2,943942,-4,780571,-0,002654806,0,9902614,-0,001197969,-0,1391898,0,0,0,0,0,0,0,0,0,0,0,0,0,0,0,0,0,0,0,0,0,0,1,1,1,False
51,85416,-14,68107,2,943942,-4,780571,-0,002654806,0,9902614,-0,001197969,-0,1391898,0,0,0,0,0,0,0,0,0,0,0,0,0,0,0,0,0,0,0,0,0,0,1,1,1,False
51,8703,-14,68107,2,943942,-4,780571,-0,002654806,0,9902614,-0,001197969,-0,1391898,0,0,0,0,0,0,0,0,0,0,0,0,0,0,0,0,0,0,0,0,0,0,1,1,1,False
51,88706,-14,68107,2,943942,-4,780571,-0,002654806,0,9902614,-0,001197969,-0,1391898,0,0,0,0,0,0,0,0,0,0,0,0,0,0,0,0,0,0,0,0,0,0,1,1,1,False
51,90405,-14,68107,2,943942,-4,780571,-0,002654806,0,9902614,-0,001197969,-0,1391898,0,0,0,0,0,0,0,0,0,0,0,0,0,0,0,0,0,0,0,0,0,0,1,1,1,False
51,9207,-14,68107,2,943942,-4,780571,-0,002654806,0,9902614,-0,001197969,-0,1391898,0,0,0,0,0,0,0,0,0,0,0,0,0,0,0,0,0,0,0,0,0,0,1,1,1,False
51,93725,-14,68107,2,943942,-4,780571,-0,002654806,0,9902614,-0,001197969,-0,1391898,0,0,0,0,0,0,0,0,0,0,0,0,0,0,0,0,0,0,0,0,0,0,1,1,1,False
51,95309,-14,68107,2,943942,-4,780571,-0,002654806,0,9902614,-0,001197969,-0,1391898,0,0,0,0,0,0,0,0,0,0,0,0,0,0,0,0,0,0,0,0,0,0,1,1,1,False
51,96997,-14,68107,2,943942,-4,780571,-0,002654806,0,9902614,-0,001197969,-0,1391898,0,0,0,0,0,0,0,0,0,0,0,0,0,0,0,0,0,0,0,0,0,0,1,1,1,False
51,987,-14,68107,2,943942,-4,780571,-0,002654806,0,9902614,-0,001197969,-0,1391898,0,0,0,0,0,0,0,0,0,0,0,0,0,0,0,0,0,0,0,0,0,0,1,1,1,False
52,00347,-14,68107,2,943942,-4,780571,-0,002654806,0,9902614,-0,001197969,-0,1391898,0,0,0,0,0,0,0,0,0,0,0,0,0,0,0,0,0,0,0,0,0,0,1,1,1,False
52,02001,-14,68107,2,943942,-4,780571,-0,002654806,0,9902614,-0,001197969,-0,1391898,0,0,0,0,0,0,0,0,0,0,0,0,0,0,0,0,0,0,0,0,0,0,1,1,1,False
52,03679,-14,68107,2,943942,-4,780571,-0,002654806,0,9902614,-0,001197969,-0,1391898,0,0,0,0,0,0,0,0,0,0,0,0,0,0,0,0,0,0,0,0,0,0,1,1,1,False
52,05278,-14,68107,2,943942,-4,780571,-0,002654806,0,9902614,-0,001197969,-0,1391898,0,0,0,0,0,0,0,0,0,0,0,0,0,0,0,0,0,0,0,0,0,0,1,1,1,False
52,06958,-14,68107,2,943942,-4,780571,-0,002654806,0,9902614,-0,001197969,-0,1391898,0,0,0,0,0,0,0,0,0,0,0,0,0,0,0,0,0,0,0,0,0,0,1,1,1,False
52,08664,-14,68107,2,943942,-4,780571,-0,002654806,0,9902614,-0,001197969,-0,1391898,0,0,0,0,0,0,0,0,0,0,0,0,0,0,0,0,0,0,0,0,0,0,1,1,1,False
52,10225,-14,68107,2,943942,-4,780571,-0,002654806,0,9902614,-0,001197969,-0,1391898,0,0,0,0,0,0,0,0,0,0,0,0,0,0,0,0,0,0,0,0,0,0,1,1,1,False
52,11831,-14,68107,2,943942,-4,780571,-0,002654806,0,9902614,-0,001197969,-0,1391898,0,0,0,0,0,0,0,0,0,0,0,0,0,0,0,0,0,0,0,0,0,0,1,1,1,False
52,1332,-14,68107,2,943942,-4,780571,-0,002654806,0,9902614,-0,001197969,-0,1391898,0,0,0,0,0,0,0,0,0,0,0,0,0,0,0,0,0,0,0,0,0,0,1,1,1,False
52,14912,-14,68107,2,943942,-4,780571,-0,002654806,0,9902614,-0,001197969,-0,1391898,0,0,0,0,0,0,0,0,0,0,0,0,0,0,0,0,0,0,0,0,0,0,1,1,1,False
52,165,-14,68107,2,943942,-4,780571,-0,002654806,0,9902614,-0,001197969,-0,1391898,0,0,0,0,0,0,0,0,0,0,0,0,0,0,0,0,0,0,0,0,0,0,1,1,1,False
52,18057,-14,68107,2,943942,-4,780571,-0,002654806,0,9902614,-0,001197969,-0,1391898,0,0,0,0,0,0,0,0,0,0,0,0,0,0,0,0,0,0,0,0,0,0,1,1,1,False
52,19586,-14,68107,2,943942,-4,780571,-0,002654806,0,9902614,-0,001197969,-0,1391898,0,0,0,0,0,0,0,0,0,0,0,0,0,0,0,0,0,0,0,0,0,0,1,1,1,False
52,21052,-14,68107,2,943942,-4,780571,-0,002654806,0,9902614,-0,001197969,-0,1391898,0,0,0,0,0,0,0,0,0,0,0,0,0,0,0,0,0,0,0,0,0,0,1,1,1,False
52,2271,-14,68107,2,943942,-4,780571,-0,002654806,0,9902614,-0,001197969,-0,1391898,0,0,0,0,0,0,0,0,0,0,0,0,0,0,0,0,0,0,0,0,0,0,1,1,1,False
52,24252,-14,68107,2,943942,-4,780571,-0,002654806,0,9902614,-0,001197969,-0,1391898,0,0,0,0,0,0,0,0,0,0,0,0,0,0,0,0,0,0,0,0,0,0,1,1,1,False
52,25898,-14,68107,2,943942,-4,780571,-0,002654806,0,9902614,-0,001197969,-0,1391898,0,0,0,0,0,0,0,0,0,0,0,0,0,0,0,0,0,0,0,0,0,0,1,1,1,False
52,27365,-14,68107,2,943942,-4,780571,-0,002654806,0,9902614,-0,001197969,-0,1391898,0,0,0,0,0,0,0,0,0,0,0,0,0,0,0,0,0,0,0,0,0,0,1,1,1,False
52,28949,-14,68107,2,943942,-4,780571,-0,002654806,0,9902614,-0,001197969,-0,1391898,0,0,0,0,0,0,0,0,0,0,0,0,0,0,0,0,0,0,0,0,0,0,1,1,1,False
52,30782,-14,68107,2,943942,-4,780571,-0,002654806,0,9902614,-0,001197969,-0,1391898,0,0,0,0,0,0,0,0,0,0,0,0,0,0,0,0,0,0,0,0,0,0,1,1,1,False
52,32361,-14,68107,2,943942,-4,780571,-0,002654806,0,9902614,-0,001197969,-0,1391898,0,0,0,0,0,0,0,0,0,0,0,0,0,0,0,0,0,0,0,0,0,0,1,1,1,False
52,34159,-14,68107,2,943942,-4,780571,-0,002658053,0,9906362,-0,001190747,-0,1364971,0,0,0,0,0,0,0,0,0,0,0,0,0,0,0,0,0,0,0,0,0,0,1,1,1,False
52,35906,-14,68107,2,943942,-4,780571,-0,002664463,0,9913608,-0,001176336,-0,1311306,0,0,0,0,0,0,0,0,0,0,0,0,0,0,0,0,0,0,0,0,0,0,1,1,1,False
52,37374,-14,68107,2,943942,-4,780571,-0,002664463,0,9913608,-0,001176336,-0,1311306,0,0,0,0,0,0,0,0,0,0,0,0,0,0,0,0,0,0,0,0,0,0,1,1,1,False
52,38925,-14,68107,2,943942,-4,780571,-0,002664463,0,9913608,-0,001176336,-0,1311306,0,0,0,0,0,0,0,0,0,0,0,0,0,0,0,0,0,0,0,0,0,0,1,1,1,False
52,40599,-14,68107,2,943942,-4,780571,-0,00266765,0,9917136,-0,001169088,-0,128435,0,0,0,0,0,0,0,0,0,0,0,0,0,0,0,0,0,0,0,0,0,0,1,1,1,False
52,42236,-14,68107,2,943942,-4,780571,-0,002682536,0,9932907,-0,001134516,-0,1156083,0,0,0,0,0,0,0,0,0,0,0,0,0,0,0,0,0,0,0,0,0,0,1,1,1,False
52,43926,-14,68107,2,943942,-4,780571,-0,002685586,0,9935988,-0,001127278,-0,1129294,0,0,0,0,0,0,0,0,0,0,0,0,0,0,0,0,0,0,0,0,0,0,1,1,1,False
52,45493,-14,68107,2,943942,-4,780571,-0,002692831,0,9943095,-0,001109858,-0,1064907,0,0,0,0,0,0,0,0,0,0,0,0,0,0,0,0,0,0,0,0,0,0,1,1,1,False
52,47102,-14,68107,2,943942,-4,780571,-0,002692831,0,9943095,-0,001109858,-0,1064907,0,0,0,0,0,0,0,0,0,0,0,0,0,0,0,0,0,0,0,0,0,0,1,1,1,False
52,49514,-14,68107,2,943942,-4,780571,-0,002695814,0,994593,-0,001102592,-0,1038091,0,0,0,0,0,0,0,0,0,0,0,0,0,0,0,0,0,0,0,0,0,0,1,1,1,False
52,51155,-14,68107,2,943942,-4,780571,-0,002698826,0,9948738,-0,001095201,-0,101083,0,0,0,0,0,0,0,0,0,0,0,0,0,0,0,0,0,0,0,0,0,0,1,1,1,False
52,52821,-14,68107,2,943942,-4,780571,-0,002709858,0,9958532,-0,001067612,-0,09092879,0,0,0,0,0,0,0,0,0,0,0,0,0,0,0,0,0,0,0,0,0,0,1,1,1,False
52,54474,-14,68107,2,943942,-4,780571,-0,002723433,0,9969454,-0,001032491,-0,07804718,0,0,0,0,0,0,0,0,0,0,0,0,0,0,0,0,0,0,0,0,0,0,1,1,1,False
52,5616,-14,68107,2,943942,-4,780571,-0,002742941,0,9982713,-0,0009794909,-0,05870228,0,0,0,0,0,0,0,0,0,0,0,0,0,0,0,0,0,0,0,0,0,0,1,1,1,False
52,57845,-14,68107,2,943942,-4,780571,-0,002763919,0,9993249,-0,0009186296,-0,03662502,0,0,0,0,0,0,0,0,0,0,0,0,0,0,0,0,0,0,0,0,0,0,1,1,1,False
52,59406,-14,68107,2,943942,-4,780571,-0,002778853,0,9997966,-0,00087241,-0,01995497,0,0,0,0,0,0,0,0,0,0,0,0,0,0,0,0,0,0,0,0,0,0,1,1,1,False
52,61086,-14,68107,2,943942,-4,780571,-0,002781215,0,9998472,-0,0008648522,-0,01723681,0,0,0,0,0,0,0,0,0,0,0,0,0,0,0,0,0,0,0,0,0,0,1,1,1,False
52,6278,-14,68107,2,943942,-4,780571,-0,002786736,0,9999376,-0,0008468952,-0,01078735,0,0,0,0,0,0,0,0,0,0,0,0,0,0,0,0,0,0,0,0,0,0,1,1,1,False
52,6508,-14,68107,2,943942,-4,780571,-0,002786736,0,9999376,-0,0008468952,-0,01078735,0,0,0,0,0,0,0,0,0,0,0,0,0,0,0,0,0,0,0,0,0,0,1,1,1,False
52,66628,-14,68107,2,943942,-4,780571,-0,002786736,0,9999376,-0,0008468952,-0,01078735,0,0,0,0,0,0,0,0,0,0,0,0,0,0,0,0,0,0,0,0,0,0,1,1,1,False
52,68319,-14,68107,2,943942,-4,780571,-0,002792155,0,9999865,-0,0008288514,-0,004318995,0,0,0,0,0,0,0,0,0,0,0,0,0,0,0,0,0,0,0,0,0,0,1,1,1,False
52,69976,-14,68107,2,943942,-4,780571,-0,00280047,0,9999784,-0,000800308,0,00588829,0,0,0,0,0,0,0,0,0,0,0,0,0,0,0,0,0,0,0,0,0,0,1,1,1,False
52,71572,-14,68107,2,943942,-4,780571,-0,002812647,0,999764,-0,0007564008,0,02153078,0,0,0,0,0,0,0,0,0,0,0,0,0,0,0,0,0,0,0,0,0,0,1,1,1,False
52,73252,-14,68107,2,943942,-4,780571,-0,002831967,0,9988236,-0,0006805058,0,04840292,0,0,0,0,0,0,0,0,0,0,0,0,0,0,0,0,0,0,0,0,0,0,1,1,1,False
52,7492,-14,68107,2,943942,-4,780571,-0,002842261,0,9979447,-0,0006361419,0,06401458,0,0,0,0,0,0,0,0,0,0,0,0,0,0,0,0,0,0,0,0,0,0,1,1,1,False
52,76587,-14,68107,2,943942,-4,780571,-0,002846311,0,9975104,-0,0006177694,0,07045934,0,0,0,0,0,0,0,0,0,0,0,0,0,0,0,0,0,0,0,0,0,0,1,1,1,False
52,78166,-14,68107,2,943942,-4,780571,-0,002846311,0,9975104,-0,0006177694,0,07045934,0,0,0,0,0,0,0,0,0,0,0,0,0,0,0,0,0,0,0,0,0,0,1,1,1,False
52,80439,-14,68107,2,943942,-4,780571,-0,002846311,0,9975104,-0,0006177694,0,07045934,0,0,0,0,0,0,0,0,0,0,0,0,0,0,0,0,0,0,0,0,0,0,1,1,1,False
52,81953,-14,68107,2,943942,-4,780571,-0,002846311,0,9975104,-0,0006177694,0,07045934,0,0,0,0,0,0,0,0,0,0,0,0,0,0,0,0,0,0,0,0,0,0,1,1,1,False
52,83398,-14,68107,2,943942,-4,780571,-0,002846311,0,9975104,-0,0006177694,0,07045934,0,0,0,0,0,0,0,0,0,0,0,0,0,0,0,0,0,0,0,0,0,0,1,1,1,False
52,84949,-14,68107,2,943942,-4,780571,-0,002846311,0,9975104,-0,0006177694,0,07045934,0,0,0,0,0,0,0,0,0,0,0,0,0,0,0,0,0,0,0,0,0,0,1,1,1,False
52,86536,-14,68107,2,943942,-4,780571,-0,002846311,0,9975104,-0,0006177694,0,07045934,0,0,0,0,0,0,0,0,0,0,0,0,0,0,0,0,0,0,0,0,0,0,1,1,1,False
52,88118,-14,68107,2,943942,-4,780571,-0,002846311,0,9975104,-0,0006177694,0,07045934,0,0,0,0,0,0,0,0,0,0,0,0,0,0,0,0,0,0,0,0,0,0,1,1,1,False
52,89671,-14,68107,2,943942,-4,780571,-0,002846311,0,9975104,-0,0006177694,0,07045934,0,0,0,0,0,0,0,0,0,0,0,0,0,0,0,0,0,0,0,0,0,0,1,1,1,False
52,91124,-14,68107,2,943942,-4,780571,-0,002846311,0,9975104,-0,0006177694,0,07045934,0,0,0,0,0,0,0,0,0,0,0,0,0,0,0,0,0,0,0,0,0,0,1,1,1,False
52,92802,-14,68107,2,943942,-4,780571,-0,002848608,0,9972391,-0,00060709,0,07420009,0,0,0,0,0,0,0,0,0,0,0,0,0,0,0,0,0,0,0,0,0,0,1,1,1,False
52,94364,-14,68107,2,943942,-4,780571,-0,002848608,0,9972391,-0,00060709,0,07420009,0,0,0,0,0,0,0,0,0,0,0,0,0,0,0,0,0,0,0,0,0,0,1,1,1,False
52,96682,-14,68107,2,943942,-4,780571,-0,002848608,0,9972391,-0,00060709,0,07420009,0,0,0,0,0,0,0,0,0,0,0,0,0,0,0,0,0,0,0,0,0,0,1,1,1,False
52,98348,-14,68107,2,943942,-4,780571,-0,002846321,0,9975093,-0,0006177241,0,07047523,0,0,0,0,0,0,0,0,0,0,0,0,0,0,0,0,0,0,0,0,0,0,1,1,1,False
52,99984,-14,68107,2,943942,-4,780571,-0,002841603,0,9980104,-0,0006390798,0,06298297,0,0,0,0,0,0,0,0,0,0,0,0,0,0,0,0,0,0,0,0,0,0,1,1,1,False
53,01525,-14,68107,2,943942,-4,780571,-0,002832406,0,9987922,-0,0006786758,0,0490483,0,0,0,0,0,0,0,0,0,0,0,0,0,0,0,0,0,0,0,0,0,0,1,1,1,False
53,03151,-14,68107,2,943942,-4,780571,-0,002820695,0,9994712,-0,0007258152,0,03238541,0,0,0,0,0,0,0,0,0,0,0,0,0,0,0,0,0,0,0,0,0,0,1,1,1,False
53,04792,-14,68107,2,943942,-4,780571,-0,002811076,0,9998063,-0,0007622194,0,01946192,0,0,0,0,0,0,0,0,0,0,0,0,0,0,0,0,0,0,0,0,0,0,1,1,1,False
53,06476,-14,68107,2,943942,-4,780571,-0,002797977,0,9999919,-0,0008089816,0,002789788,0,0,0,0,0,0,0,0,0,0,0,0,0,0,0,0,0,0,0,0,0,0,1,1,1,False
53,08139,-14,68107,2,943942,-4,780571,-0,002789569,0,9999682,-0,0008375152,-0,007423278,0,0,0,0,0,0,0,0,0,0,0,0,0,0,0,0,0,0,0,0,0,0,1,1,1,False
53,09832,-14,68107,2,943942,-4,780571,-0,002784101,0,9998994,-0,0008555165,-0,01388228,0,0,0,0,0,0,0,0,0,0,0,0,0,0,0,0,0,0,0,0,0,0,1,1,1,False
53,12061,-14,68107,2,943942,-4,780571,-0,002784101,0,9998994,-0,0008555165,-0,01388228,0,0,0,0,0,0,0,0,0,0,0,0,0,0,0,0,0,0,0,0,0,0,1,1,1,False
53,1364,-14,68107,2,943942,-4,780571,-0,002784101,0,9998994,-0,0008555165,-0,01388228,0,0,0,0,0,0,0,0,0,0,0,0,0,0,0,0,0,0,0,0,0,0,1,1,1,False
53,15092,-14,68107,2,943942,-4,780571,-0,002784101,0,9998994,-0,0008555165,-0,01388228,0,0,0,0,0,0,0,0,0,0,0,0,0,0,0,0,0,0,0,0,0,0,1,1,1,False
53,16612,-14,68107,2,943942,-4,780571,-0,002784101,0,9998994,-0,0008555165,-0,01388228,0,0,0,0,0,0,0,0,0,0,0,0,0,0,0,0,0,0,0,0,0,0,1,1,1,False
53,18179,-14,68107,2,943942,-4,780571,-0,002784101,0,9998994,-0,0008555165,-0,01388228,0,0,0,0,0,0,0,0,0,0,0,0,0,0,0,0,0,0,0,0,0,0,1,1,1,False
53,19684,-14,68107,2,943942,-4,780571,-0,002784101,0,9998994,-0,0008555165,-0,01388228,0,0,0,0,0,0,0,0,0,0,0,0,0,0,0,0,0,0,0,0,0,0,1,1,1,False
53,21128,-14,68107,2,943942,-4,780571,-0,002784101,0,9998994,-0,0008555165,-0,01388228,0,0,0,0,0,0,0,0,0,0,0,0,0,0,0,0,0,0,0,0,0,0,1,1,1,False
53,22664,-14,68107,2,943942,-4,780571,-0,002784101,0,9998994,-0,0008555165,-0,01388228,0,0,0,0,0,0,0,0,0,0,0,0,0,0,0,0,0,0,0,0,0,0,1,1,1,False
53,24186,-14,68107,2,943942,-4,780571,-0,002784101,0,9998994,-0,0008555165,-0,01388228,0,0,0,0,0,0,0,0,0,0,0,0,0,0,0,0,0,0,0,0,0,0,1,1,1,False
53,2574,-14,68107,2,943942,-4,780571,-0,002784101,0,9998994,-0,0008555165,-0,01388228,0,0,0,0,0,0,0,0,0,0,0,0,0,0,0,0,0,0,0,0,0,0,1,1,1,False
53,2719,-14,68107,2,943942,-4,780571,-0,002784101,0,9998994,-0,0008555165,-0,01388228,0,0,0,0,0,0,0,0,0,0,0,0,0,0,0,0,0,0,0,0,0,0,1,1,1,False
53,28728,-14,68107,2,943942,-4,780571,-0,002784101,0,9998994,-0,0008555165,-0,01388228,0,0,0,0,0,0,0,0,0,0,0,0,0,0,0,0,0,0,0,0,0,0,1,1,1,False
53,30307,-14,68107,2,943942,-4,780571,-0,002784101,0,9998994,-0,0008555165,-0,01388228,0,0,0,0,0,0,0,0,0,0,0,0,0,0,0,0,0,0,0,0,0,0,1,1,1,False
53,3186,-14,68107,2,943942,-4,780571,-0,002784101,0,9998994,-0,0008555165,-0,01388228,0,0,0,0,0,0,0,0,0,0,0,0,0,0,0,0,0,0,0,0,0,0,1,1,1,False
53,33553,-14,68107,2,943942,-4,780571,-0,002784101,0,9998994,-0,0008555165,-0,01388228,0,0,0,0,0,0,0,0,0,0,0,0,0,0,0,0,0,0,0,0,0,0,1,1,1,False
53,35061,-14,68107,2,943942,-4,780571,-0,002784101,0,9998994,-0,0008555165,-0,01388228,0,0,0,0,0,0,0,0,0,0,0,0,0,0,0,0,0,0,0,0,0,0,1,1,1,False
53,36969,-14,68107,2,943942,-4,780571,-0,002784101,0,9998994,-0,0008555165,-0,01388228,0,0,0,0,0,0,0,0,0,0,0,0,0,0,0,0,0,0,0,0,0,0,1,1,1,False
53,38487,-14,68107,2,943942,-4,780571,-0,002784101,0,9998994,-0,0008555165,-0,01388228,0,0,0,0,0,0,0,0,0,0,0,0,0,0,0,0,0,0,0,0,0,0,1,1,1,False
53,4001,-14,68107,2,943942,-4,780571,-0,002784101,0,9998994,-0,0008555165,-0,01388228,0,0,0,0,0,0,0,0,0,0,0,0,0,0,0,0,0,0,0,0,0,0,1,1,1,False
53,41551,-14,68107,2,943942,-4,780571,-0,002784101,0,9998994,-0,0008555165,-0,01388228,0,0,0,0,0,0,0,0,0,0,0,0,0,0,0,0,0,0,0,0,0,0,1,1,1,False
53,43013,-14,68107,2,943942,-4,780571,-0,002784101,0,9998994,-0,0008555165,-0,01388228,0,0,0,0,0,0,0,0,0,0,0,0,0,0,0,0,0,0,0,0,0,0,1,1,1,False
53,4455,-14,68107,2,943942,-4,780571,-0,002784101,0,9998994,-0,0008555165,-0,01388228,0,0,0,0,0,0,0,0,0,0,0,0,0,0,0,0,0,0,0,0,0,0,1,1,1,False
53,4615,-14,68107,2,943942,-4,780571,-0,002784101,0,9998994,-0,0008555165,-0,01388228,0,0,0,0,0,0,0,0,0,0,0,0,0,0,0,0,0,0,0,0,0,0,1,1,1,False
53,47694,-14,68107,2,943942,-4,780571,-0,002784101,0,9998994,-0,0008555165,-0,01388228,0,0,0,0,0,0,0,0,0,0,0,0,0,0,0,0,0,0,0,0,0,0,1,1,1,False
53,49173,-14,68107,2,943942,-4,780571,-0,002784101,0,9998994,-0,0008555165,-0,01388228,0,0,0,0,0,0,0,0,0,0,0,0,0,0,0,0,0,0,0,0,0,0,1,1,1,False
53,50838,-14,68107,2,943942,-4,780571,-0,002791827,0,9999846,-0,0008299578,-0,004715279,0,0,0,0,0,0,0,0,0,0,0,0,0,0,0,0,0,0,0,0,0,0,1,1,1,False
53,52526,-14,68107,2,943942,-4,780571,-0,002797137,0,9999942,-0,0008118813,0,001753254,0,0,0,0,0,0,0,0,0,0,0,0,0,0,0,0,0,0,0,0,0,0,1,1,1,False
53,54181,-14,68107,2,943942,-4,780571,-0,002802323,0,999962,-0,0007937967,0,008212538,0,0,0,0,0,0,0,0,0,0,0,0,0,0,0,0,0,0,0,0,0,0,1,1,1,False
53,55742,-14,68107,2,943942,-4,780571,-0,002802323,0,999962,-0,0007937967,0,008212538,0,0,0,0,0,0,0,0,0,0,0,0,0,0,0,0,0,0,0,0,0,0,1,1,1,False
53,57225,-14,68107,2,943942,-4,780571,-0,002802323,0,999962,-0,0007937967,0,008212538,0,0,0,0,0,0,0,0,0,0,0,0,0,0,0,0,0,0,0,0,0,0,1,1,1,False
53,59672,-14,68107,2,943942,-4,780571,-0,00280447,0,999936,-0,0007861753,0,01093104,0,0,0,0,0,0,0,0,0,0,0,0,0,0,0,0,0,0,0,0,0,0,1,1,1,False
53,61255,-14,68107,2,943942,-4,780571,-0,00280447,0,999936,-0,0007861753,0,01093104,0,0,0,0,0,0,0,0,0,0,0,0,0,0,0,0,0,0,0,0,0,0,1,1,1,False
53,62864,-14,68107,2,943942,-4,780571,-0,00280447,0,999936,-0,0007861753,0,01093104,0,0,0,0,0,0,0,0,0,0,0,0,0,0,0,0,0,0,0,0,0,0,1,1,1,False
53,64403,-14,68107,2,943942,-4,780571,-0,00280447,0,999936,-0,0007861753,0,01093104,0,0,0,0,0,0,0,0,0,0,0,0,0,0,0,0,0,0,0,0,0,0,1,1,1,False
53,65956,-14,68107,2,943942,-4,780571,-0,00280447,0,999936,-0,0007861753,0,01093104,0,0,0,0,0,0,0,0,0,0,0,0,0,0,0,0,0,0,0,0,0,0,1,1,1,False
53,67408,-14,68107,2,943942,-4,780571,-0,00280447,0,999936,-0,0007861753,0,01093104,0,0,0,0,0,0,0,0,0,0,0,0,0,0,0,0,0,0,0,0,0,0,1,1,1,False
53,68983,-14,68107,2,943942,-4,780571,-0,00280447,0,999936,-0,0007861753,0,01093104,0,0,0,0,0,0,0,0,0,0,0,0,0,0,0,0,0,0,0,0,0,0,1,1,1,False
53,70554,-14,68107,2,943942,-4,780571,-0,00280447,0,999936,-0,0007861753,0,01093104,0,0,0,0,0,0,0,0,0,0,0,0,0,0,0,0,0,0,0,0,0,0,1,1,1,False
53,72288,-14,68107,2,943942,-4,780571,-0,00280447,0,999936,-0,0007861753,0,01093104,0,0,0,0,0,0,0,0,0,0,0,0,0,0,0,0,0,0,0,0,0,0,1,1,1,False
53,74615,-14,68107,2,943942,-4,780571,-0,00280447,0,999936,-0,0007861753,0,01093104,0,0,0,0,0,0,0,0,0,0,0,0,0,0,0,0,0,0,0,0,0,0,1,1,1,False
53,76292,-14,68107,2,943942,-4,780571,-0,00280447,0,999936,-0,0007861753,0,01093104,0,0,0,0,0,0,0,0,0,0,0,0,0,0,0,0,0,0,0,0,0,0,1,1,1,False
53,77926,-14,68107,2,943942,-4,780571,-0,00280447,0,999936,-0,0007861753,0,01093104,0,0,0,0,0,0,0,0,0,0,0,0,0,0,0,0,0,0,0,0,0,0,1,1,1,False
53,79461,-14,68107,2,943942,-4,780571,-0,00280447,0,999936,-0,0007861753,0,01093104,0,0,0,0,0,0,0,0,0,0,0,0,0,0,0,0,0,0,0,0,0,0,1,1,1,False
53,81197,-14,68107,2,943942,-4,780571,-0,00280447,0,999936,-0,0007861753,0,01093104,0,0,0,0,0,0,0,0,0,0,0,0,0,0,0,0,0,0,0,0,0,0,1,1,1,False
53,83068,-14,68107,2,943942,-4,780571,-0,00280447,0,999936,-0,0007861753,0,01093104,0,0,0,0,0,0,0,0,0,0,0,0,0,0,0,0,0,0,0,0,0,0,1,1,1,False
53,84709,-14,68107,2,943942,-4,780571,-0,00280447,0,999936,-0,0007861753,0,01093104,0,0,0,0,0,0,0,0,0,0,0,0,0,0,0,0,0,0,0,0,0,0,1,1,1,False
53,8637,-14,68107,2,943942,-4,780571,-0,00280447,0,999936,-0,0007861753,0,01093104,0,0,0,0,0,0,0,0,0,0,0,0,0,0,0,0,0,0,0,0,0,0,1,1,1,False
53,88,-14,68107,2,943942,-4,780571,-0,00280447,0,999936,-0,0007861753,0,01093104,0,0,0,0,0,0,0,0,0,0,0,0,0,0,0,0,0,0,0,0,0,0,1,1,1,False
53,89608,-14,68107,2,943942,-4,780571,-0,00280447,0,999936,-0,0007861753,0,01093104,0,0,0,0,0,0,0,0,0,0,0,0,0,0,0,0,0,0,0,0,0,0,1,1,1,False
53,91142,-14,68107,2,943942,-4,780571,-0,00280447,0,999936,-0,0007861753,0,01093104,0,0,0,0,0,0,0,0,0,0,0,0,0,0,0,0,0,0,0,0,0,0,1,1,1,False
53,92772,-14,68107,2,943942,-4,780571,-0,00280447,0,999936,-0,0007861753,0,01093104,0,0,0,0,0,0,0,0,0,0,0,0,0,0,0,0,0,0,0,0,0,0,1,1,1,False
53,94395,-14,68107,2,943942,-4,780571,-0,00280447,0,999936,-0,0007861753,0,01093104,0,0,0,0,0,0,0,0,0,0,0,0,0,0,0,0,0,0,0,0,0,0,1,1,1,False
53,96074,-14,68107,2,943942,-4,780571,-0,00280447,0,999936,-0,0007861753,0,01093104,0,0,0,0,0,0,0,0,0,0,0,0,0,0,0,0,0,0,0,0,0,0,1,1,1,False
53,97728,-14,68107,2,943942,-4,780571,-0,00280447,0,999936,-0,0007861753,0,01093104,0,0,0,0,0,0,0,0,0,0,0,0,0,0,0,0,0,0,0,0,0,0,1,1,1,False
53,99317,-14,68107,2,943942,-4,780571,-0,00280447,0,999936,-0,0007861753,0,01093104,0,0,0,0,0,0,0,0,0,0,0,0,0,0,0,0,0,0,0,0,0,0,1,1,1,False
54,00961,-14,68107,2,943942,-4,780571,-0,00280447,0,999936,-0,0007861753,0,01093104,0,0,0,0,0,0,0,0,0,0,0,0,0,0,0,0,0,0,0,0,0,0,1,1,1,False
54,02597,-14,68107,2,943942,-4,780571,-0,00280447,0,999936,-0,0007861753,0,01093104,0,0,0,0,0,0,0,0,0,0,0,0,0,0,0,0,0,0,0,0,0,0,1,1,1,False
54,04286,-14,68107,2,943942,-4,780571,-0,00280447,0,999936,-0,0007861753,0,01093104,0,0,0,0,0,0,0,0,0,0,0,0,0,0,0,0,0,0,0,0,0,0,1,1,1,False
54,05892,-14,68107,2,943942,-4,780571,-0,00280447,0,999936,-0,0007861753,0,01093104,0,0,0,0,0,0,0,0,0,0,0,0,0,0,0,0,0,0,0,0,0,0,1,1,1,False
54,07486,-14,68107,2,943942,-4,780571,-0,00280447,0,999936,-0,0007861753,0,01093104,0,0,0,0,0,0,0,0,0,0,0,0,0,0,0,0,0,0,0,0,0,0,1,1,1,False
54,09182,-14,68107,2,943942,-4,780571,-0,00280447,0,999936,-0,0007861753,0,01093104,0,0,0,0,0,0,0,0,0,0,0,0,0,0,0,0,0,0,0,0,0,0,1,1,1,False
54,10848,-14,68107,2,943942,-4,780571,-0,00280447,0,999936,-0,0007861753,0,01093104,0,0,0,0,0,0,0,0,0,0,0,0,0,0,0,0,0,0,0,0,0,0,1,1,1,False
54,12468,-14,68107,2,943942,-4,780571,-0,00280447,0,999936,-0,0007861753,0,01093104,0,0,0,0,0,0,0,0,0,0,0,0,0,0,0,0,0,0,0,0,0,0,1,1,1,False
54,14095,-14,68107,2,943942,-4,780571,-0,00280447,0,999936,-0,0007861753,0,01093104,0,0,0,0,0,0,0,0,0,0,0,0,0,0,0,0,0,0,0,0,0,0,1,1,1,False
54,15765,-14,68107,2,943942,-4,780571,-0,00280447,0,999936,-0,0007861753,0,01093104,0,0,0,0,0,0,0,0,0,0,0,0,0,0,0,0,0,0,0,0,0,0,1,1,1,False
54,17286,-14,68107,2,943942,-4,780571,-0,00280447,0,999936,-0,0007861753,0,01093104,0,0,0,0,0,0,0,0,0,0,0,0,0,0,0,0,0,0,0,0,0,0,1,1,1,False
54,18941,-14,68107,2,943942,-4,780571,-0,00280447,0,999936,-0,0007861753,0,01093104,0,0,0,0,0,0,0,0,0,0,0,0,0,0,0,0,0,0,0,0,0,0,1,1,1,False
54,20575,-14,68107,2,943942,-4,780571,-0,00280447,0,999936,-0,0007861753,0,01093104,0,0,0,0,0,0,0,0,0,0,0,0,0,0,0,0,0,0,0,0,0,0,1,1,1,False
54,22205,-14,68107,2,943942,-4,780571,-0,00280447,0,999936,-0,0007861753,0,01093104,0,0,0,0,0,0,0,0,0,0,0,0,0,0,0,0,0,0,0,0,0,0,1,1,1,False
54,23839,-14,68107,2,943942,-4,780571,-0,00280447,0,999936,-0,0007861753,0,01093104,0,0,0,0,0,0,0,0,0,0,0,0,0,0,0,0,0,0,0,0,0,0,1,1,1,False
54,25385,-14,68107,2,943942,-4,780571,-0,00280447,0,999936,-0,0007861753,0,01093104,0,0,0,0,0,0,0,0,0,0,0,0,0,0,0,0,0,0,0,0,0,0,1,1,1,False
54,26991,-14,68107,2,943942,-4,780571,-0,00280447,0,999936,-0,0007861753,0,01093104,0,0,0,0,0,0,0,0,0,0,0,0,0,0,0,0,0,0,0,0,0,0,1,1,1,False
54,28659,-14,68107,2,943942,-4,780571,-0,00280447,0,999936,-0,0007861753,0,01093104,0,0,0,0,0,0,0,0,0,0,0,0,0,0,0,0,0,0,0,0,0,0,1,1,1,False
54,30303,-14,68107,2,943942,-4,780571,-0,00280447,0,999936,-0,0007861753,0,01093104,0,0,0,0,0,0,0,0,0,0,0,0,0,0,0,0,0,0,0,0,0,0,1,1,1,False
54,31983,-14,68107,2,943942,-4,780571,-0,00280447,0,999936,-0,0007861753,0,01093104,0,0,0,0,0,0,0,0,0,0,0,0,0,0,0,0,0,0,0,0,0,0,1,1,1,False
54,33532,-14,68107,2,943942,-4,780571,-0,00280447,0,999936,-0,0007861753,0,01093104,0,0,0,0,0,0,0,0,0,0,0,0,0,0,0,0,0,0,0,0,0,0,1,1,1,False
54,3519,-14,68107,2,943942,-4,780571,-0,00280447,0,999936,-0,0007861753,0,01093104,0,0,0,0,0,0,0,0,0,0,0,0,0,0,0,0,0,0,0,0,0,0,1,1,1,False
54,36866,-14,68107,2,943942,-4,780571,-0,00280447,0,999936,-0,0007861753,0,01093104,0,0,0,0,0,0,0,0,0,0,0,0,0,0,0,0,0,0,0,0,0,0,1,1,1,False
54,38527,-14,68107,2,943942,-4,780571,-0,00280447,0,999936,-0,0007861753,0,01093104,0,0,0,0,0,0,0,0,0,0,0,0,0,0,0,0,0,0,0,0,0,0,1,1,1,False
54,40175,-14,68107,2,943942,-4,780571,-0,00280447,0,999936,-0,0007861753,0,01093104,0,0,0,0,0,0,0,0,0,0,0,0,0,0,0,0,0,0,0,0,0,0,1,1,1,False
54,42103,-14,68107,2,943942,-4,780571,-0,00280447,0,999936,-0,0007861753,0,01093104,0,0,0,0,0,0,0,0,0,0,0,0,0,0,0,0,0,0,0,0,0,0,1,1,1,False
54,43767,-14,68107,2,943942,-4,780571,-0,00280447,0,999936,-0,0007861753,0,01093104,0,0,0,0,0,0,0,0,0,0,0,0,0,0,0,0,0,0,0,0,0,0,1,1,1,False
54,4533,-14,68107,2,943942,-4,780571,-0,00280447,0,999936,-0,0007861753,0,01093104,0,0,0,0,0,0,0,0,0,0,0,0,0,0,0,0,0,0,0,0,0,0,1,1,1,False
54,46954,-14,68107,2,943942,-4,780571,-0,00280447,0,999936,-0,0007861753,0,01093104,0,0,0,0,0,0,0,0,0,0,0,0,0,0,0,0,0,0,0,0,0,0,1,1,1,False
54,48642,-14,68107,2,943942,-4,780571,-0,00280447,0,999936,-0,0007861753,0,01093104,0,0,0,0,0,0,0,0,0,0,0,0,0,0,0,0,0,0,0,0,0,0,1,1,1,False
54,50283,-14,68107,2,943942,-4,780571,-0,00280447,0,999936,-0,0007861753,0,01093104,0,0,0,0,0,0,0,0,0,0,0,0,0,0,0,0,0,0,0,0,0,0,1,1,1,False
54,51924,-14,68107,2,943942,-4,780571,-0,00280447,0,999936,-0,0007861753,0,01093104,0,0,0,0,0,0,0,0,0,0,0,0,0,0,0,0,0,0,0,0,0,0,1,1,1,False
54,53452,-14,68107,2,943942,-4,780571,-0,00280447,0,999936,-0,0007861753,0,01093104,0,0,0,0,0,0,0,0,0,0,0,0,0,0,0,0,0,0,0,0,0,0,1,1,1,False
54,55077,-14,68107,2,943942,-4,780571,-0,00280447,0,999936,-0,0007861753,0,01093104,0,0,0,0,0,0,0,0,0,0,0,0,0,0,0,0,0,0,0,0,0,0,1,1,1,False
54,56701,-14,68107,2,943942,-4,780571,-0,00280447,0,999936,-0,0007861753,0,01093104,0,0,0,0,0,0,0,0,0,0,0,0,0,0,0,0,0,0,0,0,0,0,1,1,1,False
54,58247,-14,68107,2,943942,-4,780571,-0,00280447,0,999936,-0,0007861753,0,01093104,0,0,0,0,0,0,0,0,0,0,0,0,0,0,0,0,0,0,0,0,0,0,1,1,1,False
54,59803,-14,68107,2,943942,-4,780571,-0,00280447,0,999936,-0,0007861753,0,01093104,0,0,0,0,0,0,0,0,0,0,0,0,0,0,0,0,0,0,0,0,0,0,1,1,1,False
54,61311,-14,68107,2,943942,-4,780571,-0,00280447,0,999936,-0,0007861753,0,01093104,0,0,0,0,0,0,0,0,0,0,0,0,0,0,0,0,0,0,0,0,0,0,1,1,1,False
54,62897,-14,68107,2,943942,-4,780571,-0,00280447,0,999936,-0,0007861753,0,01093104,0,0,0,0,0,0,0,0,0,0,0,0,0,0,0,0,0,0,0,0,0,0,1,1,1,False
54,64445,-14,68107,2,943942,-4,780571,-0,00280447,0,999936,-0,0007861753,0,01093104,0,0,0,0,0,0,0,0,0,0,0,0,0,0,0,0,0,0,0,0,0,0,1,1,1,False
54,66053,-14,68107,2,943942,-4,780571,-0,00280447,0,999936,-0,0007861753,0,01093104,0,0,0,0,0,0,0,0,0,0,0,0,0,0,0,0,0,0,0,0,0,0,1,1,1,False
54,67722,-14,68107,2,943942,-4,780571,-0,00280447,0,999936,-0,0007861753,0,01093104,0,0,0,0,0,0,0,0,0,0,0,0,0,0,0,0,0,0,0,0,0,0,1,1,1,False
54,69275,-14,68107,2,943942,-4,780571,-0,00280447,0,999936,-0,0007861753,0,01093104,0,0,0,0,0,0,0,0,0,0,0,0,0,0,0,0,0,0,0,0,0,0,1,1,1,False
54,70823,-14,68107,2,943942,-4,780571,-0,00280447,0,999936,-0,0007861753,0,01093104,0,0,0,0,0,0,0,0,0,0,0,0,0,0,0,0,0,0,0,0,0,0,1,1,1,False
54,7243,-14,68107,2,943942,-4,780571,-0,00280447,0,999936,-0,0007861753,0,01093104,0,0,0,0,0,0,0,0,0,0,0,0,0,0,0,0,0,0,0,0,0,0,1,1,1,False
54,73993,-14,68107,2,943942,-4,780571,-0,00280447,0,999936,-0,0007861753,0,01093104,0,0,0,0,0,0,0,0,0,0,0,0,0,0,0,0,0,0,0,0,0,0,1,1,1,False
54,75572,-14,68107,2,943942,-4,780571,-0,00280447,0,999936,-0,0007861753,0,01093104,0,0,0,0,0,0,0,0,0,0,0,0,0,0,0,0,0,0,0,0,0,0,1,1,1,False
54,77164,-14,68107,2,943942,-4,780571,-0,00280447,0,999936,-0,0007861753,0,01093104,0,0,0,0,0,0,0,0,0,0,0,0,0,0,0,0,0,0,0,0,0,0,1,1,1,False
54,78726,-14,68107,2,943942,-4,780571,-0,00280447,0,999936,-0,0007861753,0,01093104,0,0,0,0,0,0,0,0,0,0,0,0,0,0,0,0,0,0,0,0,0,0,1,1,1,False
54,80268,-14,68107,2,943942,-4,780571,-0,00280447,0,999936,-0,0007861753,0,01093104,0,0,0,0,0,0,0,0,0,0,0,0,0,0,0,0,0,0,0,0,0,0,1,1,1,False
54,82159,-14,68107,2,943942,-4,780571,-0,00280447,0,999936,-0,0007861753,0,01093104,0,0,0,0,0,0,0,0,0,0,0,0,0,0,0,0,0,0,0,0,0,0,1,1,1,False
54,84802,-14,68107,2,943942,-4,780571,-0,00280447,0,999936,-0,0007861753,0,01093104,0,0,0,0,0,0,0,0,0,0,0,0,0,0,0,0,0,0,0,0,0,0,1,1,1,False
54,86452,-14,68107,2,943942,-4,780571,-0,00280447,0,999936,-0,0007861753,0,01093104,0,0,0,0,0,0,0,0,0,0,0,0,0,0,0,0,0,0,0,0,0,0,1,1,1,False
54,8834,-14,68107,2,943942,-4,780571,-0,00280447,0,999936,-0,0007861753,0,01093104,0,0,0,0,0,0,0,0,0,0,0,0,0,0,0,0,0,0,0,0,0,0,1,1,1,False
54,89967,-14,68107,2,943942,-4,780571,-0,00280447,0,999936,-0,0007861753,0,01093104,0,0,0,0,0,0,0,0,0,0,0,0,0,0,0,0,0,0,0,0,0,0,1,1,1,False
54,91486,-14,68107,2,943942,-4,780571,-0,00280447,0,999936,-0,0007861753,0,01093104,0,0,0,0,0,0,0,0,0,0,0,0,0,0,0,0,0,0,0,0,0,0,1,1,1,False
54,93108,-14,68107,2,943942,-4,780571,-0,00280447,0,999936,-0,0007861753,0,01093104,0,0,0,0,0,0,0,0,0,0,0,0,0,0,0,0,0,0,0,0,0,0,1,1,1,False
54,94754,-14,68107,2,943942,-4,780571,-0,00280447,0,999936,-0,0007861753,0,01093104,0,0,0,0,0,0,0,0,0,0,0,0,0,0,0,0,0,0,0,0,0,0,1,1,1,False
54,96387,-14,68107,2,943942,-4,780571,-0,00280447,0,999936,-0,0007861753,0,01093104,0,0,0,0,0,0,0,0,0,0,0,0,0,0,0,0,0,0,0,0,0,0,1,1,1,False
54,98082,-14,68107,2,943942,-4,780571,-0,00280447,0,999936,-0,0007861753,0,01093104,0,0,0,0,0,0,0,0,0,0,0,0,0,0,0,0,0,0,0,0,0,0,1,1,1,False
54,99739,-14,68107,2,943942,-4,780571,-0,00280447,0,999936,-0,0007861753,0,01093104,0,0,0,0,0,0,0,0,0,0,0,0,0,0,0,0,0,0,0,0,0,0,1,1,1,False
55,01296,-14,68107,2,943942,-4,780571,-0,00280447,0,999936,-0,0007861753,0,01093104,0,0,0,0,0,0,0,0,0,0,0,0,0,0,0,0,0,0,0,0,0,0,1,1,1,False
55,03009,-14,68107,2,943942,-4,780571,-0,00280447,0,999936,-0,0007861753,0,01093104,0,0,0,0,0,0,0,0,0,0,0,0,0,0,0,0,0,0,0,0,0,0,1,1,1,False
55,04696,-14,68107,2,943942,-4,780571,-0,00280447,0,999936,-0,0007861753,0,01093104,0,0,0,0,0,0,0,0,0,0,0,0,0,0,0,0,0,0,0,0,0,0,1,1,1,False
55,06375,-14,68107,2,943942,-4,780571,-0,00280447,0,999936,-0,0007861753,0,01093104,0,0,0,0,0,0,0,0,0,0,0,0,0,0,0,0,0,0,0,0,0,0,1,1,1,False
55,08044,-14,68107,2,943942,-4,780571,-0,00280447,0,999936,-0,0007861753,0,01093104,0,0,0,0,0,0,0,0,0,0,0,0,0,0,0,0,0,0,0,0,0,0,1,1,1,False
55,09657,-14,68107,2,943942,-4,780571,-0,00280447,0,999936,-0,0007861753,0,01093104,0,0,0,0,0,0,0,0,0,0,0,0,0,0,0,0,0,0,0,0,0,0,1,1,1,False
55,11231,-14,68107,2,943942,-4,780571,-0,00280447,0,999936,-0,0007861753,0,01093104,0,0,0,0,0,0,0,0,0,0,0,0,0,0,0,0,0,0,0,0,0,0,1,1,1,False
55,12826,-14,68107,2,943942,-4,780571,-0,00280447,0,999936,-0,0007861753,0,01093104,0,0,0,0,0,0,0,0,0,0,0,0,0,0,0,0,0,0,0,0,0,0,1,1,1,False
55,14448,-14,68107,2,943942,-4,780571,-0,00280447,0,999936,-0,0007861753,0,01093104,0,0,0,0,0,0,0,0,0,0,0,0,0,0,0,0,0,0,0,0,0,0,1,1,1,False
55,16069,-14,68107,2,943942,-4,780571,-0,00280447,0,999936,-0,0007861753,0,01093104,0,0,0,0,0,0,0,0,0,0,0,0,0,0,0,0,0,0,0,0,0,0,1,1,1,False
55,17762,-14,68107,2,943942,-4,780571,-0,00280447,0,999936,-0,0007861753,0,01093104,0,0,0,0,0,0,0,0,0,0,0,0,0,0,0,0,0,0,0,0,0,0,1,1,1,False
55,19239,-14,68107,2,943942,-4,780571,-0,00280447,0,999936,-0,0007861753,0,01093104,0,0,0,0,0,0,0,0,0,0,0,0,0,0,0,0,0,0,0,0,0,0,1,1,1,False
55,20895,-14,68107,2,943942,-4,780571,-0,00280447,0,999936,-0,0007861753,0,01093104,0,0,0,0,0,0,0,0,0,0,0,0,0,0,0,0,0,0,0,0,0,0,1,1,1,False
55,22533,-14,68107,2,943942,-4,780571,-0,00280447,0,999936,-0,0007861753,0,01093104,0,0,0,0,0,0,0,0,0,0,0,0,0,0,0,0,0,0,0,0,0,0,1,1,1,False
55,24261,-14,68107,2,943942,-4,780571,-0,00280447,0,999936,-0,0007861753,0,01093104,0,0,0,0,0,0,0,0,0,0,0,0,0,0,0,0,0,0,0,0,0,0,1,1,1,False
55,25904,-14,68107,2,943942,-4,780571,-0,00280447,0,999936,-0,0007861753,0,01093104,0,0,0,0,0,0,0,0,0,0,0,0,0,0,0,0,0,0,0,0,0,0,1,1,1,False
55,2752,-14,68107,2,943942,-4,780571,-0,00280447,0,999936,-0,0007861753,0,01093104,0,0,0,0,0,0,0,0,0,0,0,0,0,0,0,0,0,0,0,0,0,0,1,1,1,False
55,29192,-14,68107,2,943942,-4,780571,-0,00280447,0,999936,-0,0007861753,0,01093104,0,0,0,0,0,0,0,0,0,0,0,0,0,0,0,0,0,0,0,0,0,0,1,1,1,False
55,3085,-14,68107,2,943942,-4,780571,-0,00280447,0,999936,-0,0007861753,0,01093104,0,0,0,0,0,0,0,0,0,0,0,0,0,0,0,0,0,0,0,0,0,0,1,1,1,False
55,32497,-14,68107,2,943942,-4,780571,-0,00280447,0,999936,-0,0007861753,0,01093104,0,0,0,0,0,0,0,0,0,0,0,0,0,0,0,0,0,0,0,0,0,0,1,1,1,False
55,34239,-14,68107,2,943942,-4,780571,-0,00280447,0,999936,-0,0007861753,0,01093104,0,0,0,0,0,0,0,0,0,0,0,0,0,0,0,0,0,0,0,0,0,0,1,1,1,False
55,359,-14,68107,2,943942,-4,780571,-0,00280447,0,999936,-0,0007861753,0,01093104,0,0,0,0,0,0,0,0,0,0,0,0,0,0,0,0,0,0,0,0,0,0,1,1,1,False
55,37495,-14,68107,2,943942,-4,780571,-0,00280447,0,999936,-0,0007861753,0,01093104,0,0,0,0,0,0,0,0,0,0,0,0,0,0,0,0,0,0,0,0,0,0,1,1,1,False
55,39165,-14,68107,2,943942,-4,780571,-0,00280447,0,999936,-0,0007861753,0,01093104,0,0,0,0,0,0,0,0,0,0,0,0,0,0,0,0,0,0,0,0,0,0,1,1,1,False
55,40801,-14,68107,2,943942,-4,780571,-0,00280447,0,999936,-0,0007861753,0,01093104,0,0,0,0,0,0,0,0,0,0,0,0,0,0,0,0,0,0,0,0,0,0,1,1,1,False
55,42421,-14,68107,2,943942,-4,780571,-0,00280447,0,999936,-0,0007861753,0,01093104,0,0,0,0,0,0,0,0,0,0,0,0,0,0,0,0,0,0,0,0,0,0,1,1,1,False
55,44065,-14,68107,2,943942,-4,780571,-0,00280447,0,999936,-0,0007861753,0,01093104,0,0,0,0,0,0,0,0,0,0,0,0,0,0,0,0,0,0,0,0,0,0,1,1,1,False
55,45596,-14,68107,2,943942,-4,780571,-0,00280447,0,999936,-0,0007861753,0,01093104,0,0,0,0,0,0,0,0,0,0,0,0,0,0,0,0,0,0,0,0,0,0,1,1,1,False
55,47032,-14,68107,2,943942,-4,780571,-0,00280447,0,999936,-0,0007861753,0,01093104,0,0,0,0,0,0,0,0,0,0,0,0,0,0,0,0,0,0,0,0,0,0,1,1,1,False
55,48586,-14,68107,2,943942,-4,780571,-0,00280447,0,999936,-0,0007861753,0,01093104,0,0,0,0,0,0,0,0,0,0,0,0,0,0,0,0,0,0,0,0,0,0,1,1,1,False
55,50179,-14,68107,2,943942,-4,780571,-0,00280447,0,999936,-0,0007861753,0,01093104,0,0,0,0,0,0,0,0,0,0,0,0,0,0,0,0,0,0,0,0,0,0,1,1,1,False
55,5172,-14,68107,2,943942,-4,780571,-0,00280447,0,999936,-0,0007861753,0,01093104,0,0,0,0,0,0,0,0,0,0,0,0,0,0,0,0,0,0,0,0,0,0,1,1,1,False
55,5323,-14,68107,2,943942,-4,780571,-0,00280447,0,999936,-0,0007861753,0,01093104,0,0,0,0,0,0,0,0,0,0,0,0,0,0,0,0,0,0,0,0,0,0,1,1,1,False
55,5501,-14,68107,2,943942,-4,780571,-0,00280447,0,999936,-0,0007861753,0,01093104,0,0,0,0,0,0,0,0,0,0,0,0,0,0,0,0,0,0,0,0,0,0,1,1,1,False
55,56571,-14,68107,2,943942,-4,780571,-0,00280447,0,999936,-0,0007861753,0,01093104,0,0,0,0,0,0,0,0,0,0,0,0,0,0,0,0,0,0,0,0,0,0,1,1,1,False
55,5828,-14,68107,2,943942,-4,786571,-0,00280447,0,999936,-0,0007861753,0,01093104,0,0,0,0,0,0,0,0,0,0,0,0,0,0,0,0,0,0,0,0,0,0,1,1,1,False
55,60008,-14,68107,2,943942,-4,793571,-0,00280447,0,999936,-0,0007861753,0,01093104,0,0,0,0,0,0,0,0,0,0,0,0,0,0,0,0,0,0,0,0,0,0,1,1,1,False
55,6158,-14,68107,2,943942,-4,793571,-0,00280447,0,999936,-0,0007861753,0,01093104,0,0,0,0,0,0,0,0,0,0,0,0,0,0,0,0,0,0,0,0,0,0,1,1,1,False
55,63158,-14,68107,2,943942,-4,80057,-0,00280447,0,999936,-0,0007861753,0,01093104,0,0,0,0,0,0,0,0,0,0,0,0,0,0,0,0,0,0,0,0,0,0,1,1,1,False
55,64795,-14,68007,2,943942,-4,80757,-0,00280447,0,999936,-0,0007861753,0,01093104,0,0,0,0,0,0,0,0,0,0,0,0,0,0,0,0,0,0,0,0,0,0,1,1,1,False
55,66494,-14,68007,2,943942,-4,82157,-0,00280447,0,999936,-0,0007861753,0,01093104,0,0,0,0,0,0,0,0,0,0,0,0,0,0,0,0,0,0,0,0,0,0,1,1,1,False
55,68924,-14,68007,2,943942,-4,84257,-0,00280447,0,999936,-0,0007861753,0,01093104,0,0,0,0,0,0,0,0,0,0,0,0,0,0,0,0,0,0,0,0,0,0,1,1,1,False
55,70571,-14,67907,2,943942,-4,84957,-0,00280447,0,999936,-0,0007861753,0,01093104,0,0,0,0,0,0,0,0,0,0,0,0,0,0,0,0,0,0,0,0,0,0,1,1,1,False
55,72196,-14,67907,2,943942,-4,85657,-0,00280447,0,999936,-0,0007861753,0,01093104,0,0,0,0,0,0,0,0,0,0,0,0,0,0,0,0,0,0,0,0,0,0,1,1,1,False
55,73836,-14,67907,2,943942,-4,87057,-0,00280447,0,999936,-0,0007861753,0,01093104,0,0,0,0,0,0,0,0,0,0,0,0,0,0,0,0,0,0,0,0,0,0,1,1,1,False
55,75402,-14,67907,2,943942,-4,877571,-0,00280447,0,999936,-0,0007861753,0,01093104,0,0,0,0,0,0,0,0,0,0,0,0,0,0,0,0,0,0,0,0,0,0,1,1,1,False
55,7705,-14,67907,2,943942,-4,885571,-0,00280447,0,999936,-0,0007861753,0,01093104,0,0,0,0,0,0,0,0,0,0,0,0,0,0,0,0,0,0,0,0,0,0,1,1,1,False
55,78703,-14,67807,2,943942,-4,89957,-0,00280447,0,999936,-0,0007861753,0,01093104,0,0,0,0,0,0,0,0,0,0,0,0,0,0,0,0,0,0,0,0,0,0,1,1,1,False
55,80367,-14,67807,2,943942,-4,90757,-0,00280447,0,999936,-0,0007861753,0,01093104,0,0,0,0,0,0,0,0,0,0,0,0,0,0,0,0,0,0,0,0,0,0,1,1,1,False
55,81905,-14,67807,2,943942,-4,90757,-0,00280447,0,999936,-0,0007861753,0,01093104,0,0,0,0,0,0,0,0,0,0,0,0,0,0,0,0,0,0,0,0,0,0,1,1,1,False
55,84186,-14,67807,2,943942,-4,92257,-0,00280447,0,999936,-0,0007861753,0,01093104,0,0,0,0,0,0,0,0,0,0,0,0,0,0,0,0,0,0,0,0,0,0,1,1,1,False
55,8582,-14,67807,2,943942,-4,930571,-0,00280447,0,999936,-0,0007861753,0,01093104,0,0,0,0,0,0,0,0,0,0,0,0,0,0,0,0,0,0,0,0,0,0,1,1,1,False
55,87487,-14,67707,2,943942,-4,94557,-0,00280447,0,999936,-0,0007861753,0,01093104,0,0,0,0,0,0,0,0,0,0,0,0,0,0,0,0,0,0,0,0,0,0,1,1,1,False
55,89137,-14,67707,2,943942,-4,96057,-0,00280447,0,999936,-0,0007861753,0,01093104,0,0,0,0,0,0,0,0,0,0,0,0,0,0,0,0,0,0,0,0,0,0,1,1,1,False
55,90807,-14,67707,2,943942,-4,96857,-0,00280447,0,999936,-0,0007861753,0,01093104,0,0,0,0,0,0,0,0,0,0,0,0,0,0,0,0,0,0,0,0,0,0,1,1,1,False
55,92443,-14,67707,2,943942,-4,984571,-0,00280447,0,999936,-0,0007861753,0,01093104,0,0,0,0,0,0,0,0,0,0,0,0,0,0,0,0,0,0,0,0,0,0,1,1,1,False
55,94073,-14,67607,2,943942,-4,99157,-0,00280447,0,999936,-0,0007861753,0,01093104,0,0,0,0,0,0,0,0,0,0,0,0,0,0,0,0,0,0,0,0,0,0,1,1,1,False
55,95703,-14,67607,2,943942,-5,00757,-0,00280447,0,999936,-0,0007861753,0,01093104,0,0,0,0,0,0,0,0,0,0,0,0,0,0,0,0,0,0,0,0,0,0,1,1,1,False
55,97285,-14,67607,2,943942,-5,015571,-0,00280447,0,999936,-0,0007861753,0,01093104,0,0,0,0,0,0,0,0,0,0,0,0,0,0,0,0,0,0,0,0,0,0,1,1,1,False
55,99652,-14,67507,2,943942,-5,03857,-0,00280447,0,999936,-0,0007861753,0,01093104,0,0,0,0,0,0,0,0,0,0,0,0,0,0,0,0,0,0,0,0,0,0,1,1,1,False
56,01325,-14,67507,2,943942,-5,05457,-0,00280447,0,999936,-0,0007861753,0,01093104,0,0,0,0,0,0,0,0,0,0,0,0,0,0,0,0,0,0,0,0,0,0,1,1,1,False
56,02948,-14,67507,2,943942,-5,07157,-0,00280447,0,999936,-0,0007861753,0,01093104,0,0,0,0,0,0,0,0,0,0,0,0,0,0,0,0,0,0,0,0,0,0,1,1,1,False
56,04592,-14,67407,2,943942,-5,088571,-0,00280447,0,999936,-0,0007861753,0,01093104,0,0,0,0,0,0,0,0,0,0,0,0,0,0,0,0,0,0,0,0,0,0,1,1,1,False
56,06214,-14,67407,2,942942,-5,11257,-0,00280447,0,999936,-0,0007861753,0,01093104,0,0,0,0,0,0,0,0,0,0,0,0,0,0,0,0,0,0,0,0,0,0,1,1,1,False
56,07902,-14,67307,2,942942,-5,13957,-0,00280447,0,999936,-0,0007861753,0,01093104,0,0,0,0,0,0,0,0,0,0,0,0,0,0,0,0,0,0,0,0,0,0,1,1,1,False
56,09481,-14,67307,2,942942,-5,16557,-0,00280447,0,999936,-0,0007861753,0,01093104,0,0,0,0,0,0,0,0,0,0,0,0,0,0,0,0,0,0,0,0,0,0,1,1,1,False
56,11084,-14,67207,2,942942,-5,19157,-0,00280447,0,999936,-0,0007861753,0,01093104,0,0,0,0,0,0,0,0,0,0,0,0,0,0,0,0,0,0,0,0,0,0,1,1,1,False
56,12753,-14,67107,2,942942,-5,21857,-0,00280447,0,999936,-0,0007861753,0,01093104,0,0,0,0,0,0,0,0,0,0,0,0,0,0,0,0,0,0,0,0,0,0,1,1,1,False
56,15152,-14,67007,2,942942,-5,27557,-0,00280447,0,999936,-0,0007861753,0,01093104,0,0,0,0,0,0,0,0,0,0,0,0,0,0,0,0,0,0,0,0,0,0,1,1,1,False
56,16798,-14,66907,2,942942,-5,312571,-0,00280447,0,999936,-0,0007861753,0,01093104,0,0,0,0,0,0,0,0,0,0,0,0,0,0,0,0,0,0,0,0,0,0,1,1,1,False
56,18514,-14,66907,2,942942,-5,35057,-0,00280447,0,999936,-0,0007861753,0,01093104,0,0,0,0,0,0,0,0,0,0,0,0,0,0,0,0,0,0,0,0,0,0,1,1,1,False
56,20117,-14,66707,2,942942,-5,417571,-0,00280447,0,999936,-0,0007861753,0,01093104,0,0,0,0,0,0,0,0,0,0,0,0,0,0,0,0,0,0,0,0,0,0,1,1,1,False
56,21785,-14,66607,2,942942,-5,45857,-0,00280447,0,999936,-0,0007861753,0,01093104,0,0,0,0,0,0,0,0,0,0,0,0,0,0,0,0,0,0,0,0,0,0,1,1,1,False
56,23356,-14,66507,2,942942,-5,496571,-0,00280447,0,999936,-0,0007861753,0,01093104,0,0,0,0,0,0,0,0,0,0,0,0,0,0,0,0,0,0,0,0,0,0,1,1,1,False
56,24977,-14,66507,2,942942,-5,52757,-0,00280447,0,999936,-0,0007861753,0,01093104,0,0,0,0,0,0,0,0,0,0,0,0,0,0,0,0,0,0,0,0,0,0,1,1,1,False
56,26624,-14,66407,2,942942,-5,55057,-0,00280447,0,999936,-0,0007861753,0,01093104,0,0,0,0,0,0,0,0,0,0,0,0,0,0,0,0,0,0,0,0,0,0,1,1,1,False
56,28263,-14,66407,2,942942,-5,55857,-0,00280447,0,999936,-0,0007861753,0,01093104,0,0,0,0,0,0,0,0,0,0,0,0,0,0,0,0,0,0,0,0,0,0,1,1,1,False
56,30678,-14,66307,2,942942,-5,581571,-0,00280447,0,999936,-0,0007861753,0,01093104,0,0,0,0,0,0,0,0,0,0,0,0,0,0,0,0,0,0,0,0,0,0,1,1,1,False
56,32293,-14,66307,2,942942,-5,59057,-0,00280447,0,999936,-0,0007861753,0,01093104,0,0,0,0,0,0,0,0,0,0,0,0,0,0,0,0,0,0,0,0,0,0,1,1,1,False
56,33929,-14,66307,2,942942,-5,602571,-0,00280447,0,999936,-0,0007861753,0,01093104,0,0,0,0,0,0,0,0,0,0,0,0,0,0,0,0,0,0,0,0,0,0,1,1,1,False
56,35508,-14,66307,2,942942,-5,61157,-0,00280447,0,999936,-0,0007861753,0,01093104,0,0,0,0,0,0,0,0,0,0,0,0,0,0,0,0,0,0,0,0,0,0,1,1,1,False
56,37159,-14,66207,2,942942,-5,63157,-0,00280447,0,999936,-0,0007861753,0,01093104,0,0,0,0,0,0,0,0,0,0,0,0,0,0,0,0,0,0,0,0,0,0,1,1,1,False
56,38885,-14,66207,2,942942,-5,64357,-0,00280447,0,999936,-0,0007861753,0,01093104,0,0,0,0,0,0,0,0,0,0,0,0,0,0,0,0,0,0,0,0,0,0,1,1,1,False
56,4057,-14,66207,2,942942,-5,667571,-0,00280447,0,999936,-0,0007861753,0,01093104,0,0,0,0,0,0,0,0,0,0,0,0,0,0,0,0,0,0,0,0,0,0,1,1,1,False
56,42211,-14,66107,2,942942,-5,701571,-0,00280447,0,999936,-0,0007861753,0,01093104,0,0,0,0,0,0,0,0,0,0,0,0,0,0,0,0,0,0,0,0,0,0,1,1,1,False
56,43885,-14,66107,2,942942,-5,71057,-0,00280447,0,999936,-0,0007861753,0,01093104,0,0,0,0,0,0,0,0,0,0,0,0,0,0,0,0,0,0,0,0,0,0,1,1,1,False
56,46183,-14,66007,2,942942,-5,75457,-0,00280447,0,999936,-0,0007861753,0,01093104,0,0,0,0,0,0,0,0,0,0,0,0,0,0,0,0,0,0,0,0,0,0,1,1,1,False
56,47915,-14,65907,2,941942,-5,77657,-0,00280447,0,999936,-0,0007861753,0,01093104,0,0,0,0,0,0,0,0,0,0,0,0,0,0,0,0,0,0,0,0,0,0,1,1,1,False
56,49505,-14,65907,2,941942,-5,79657,-0,00280447,0,999936,-0,0007861753,0,01093104,0,0,0,0,0,0,0,0,0,0,0,0,0,0,0,0,0,0,0,0,0,0,1,1,1,False
56,51168,-14,65807,2,941942,-5,82857,-0,00280447,0,999936,-0,0007861753,0,01093104,0,0,0,0,0,0,0,0,0,0,0,0,0,0,0,0,0,0,0,0,0,0,1,1,1,False
56,52834,-14,65807,2,941942,-5,851571,-0,00280447,0,999936,-0,0007861753,0,01093104,0,0,0,0,0,0,0,0,0,0,0,0,0,0,0,0,0,0,0,0,0,0,1,1,1,False
56,54447,-14,65707,2,941942,-5,884571,-0,00280447,0,999936,-0,0007861753,0,01093104,0,0,0,0,0,0,0,0,0,0,0,0,0,0,0,0,0,0,0,0,0,0,1,1,1,False
56,56121,-14,65607,2,941942,-5,93257,-0,00280447,0,999936,-0,0007861753,0,01093104,0,0,0,0,0,0,0,0,0,0,0,0,0,0,0,0,0,0,0,0,0,0,1,1,1,False
56,57803,-14,65507,2,941942,-5,963571,-0,00280447,0,999936,-0,0007861753,0,01093104,0,0,0,0,0,0,0,0,0,0,0,0,0,0,0,0,0,0,0,0,0,0,1,1,1,False
56,59421,-14,65507,2,941942,-5,98757,-0,00280447,0,999936,-0,0007861753,0,01093104,0,0,0,0,0,0,0,0,0,0,0,0,0,0,0,0,0,0,0,0,0,0,1,1,1,False
56,61847,-14,65407,2,941942,-6,022571,-0,00280447,0,999936,-0,0007861753,0,01093104,0,0,0,0,0,0,0,0,0,0,0,0,0,0,0,0,0,0,0,0,0,0,1,1,1,False
56,63489,-14,65307,2,941942,-6,04757,-0,00280447,0,999936,-0,0007861753,0,01093104,0,0,0,0,0,0,0,0,0,0,0,0,0,0,0,0,0,0,0,0,0,0,1,1,1,False
56,6514,-14,65307,2,941942,-6,05857,-0,00280447,0,999936,-0,0007861753,0,01093104,0,0,0,0,0,0,0,0,0,0,0,0,0,0,0,0,0,0,0,0,0,0,1,1,1,False
56,66833,-14,65207,2,941942,-6,08757,-0,00280447,0,999936,-0,0007861753,0,01093104,0,0,0,0,0,0,0,0,0,0,0,0,0,0,0,0,0,0,0,0,0,0,1,1,1,False
56,68532,-14,65207,2,941942,-6,09857,-0,00280447,0,999936,-0,0007861753,0,01093104,0,0,0,0,0,0,0,0,0,0,0,0,0,0,0,0,0,0,0,0,0,0,1,1,1,False
56,70209,-14,65207,2,941942,-6,12457,-0,00280447,0,999936,-0,0007861753,0,01093104,0,0,0,0,0,0,0,0,0,0,0,0,0,0,0,0,0,0,0,0,0,0,1,1,1,False
56,71862,-14,65107,2,941942,-6,13157,-0,00280447,0,999936,-0,0007861753,0,01093104,0,0,0,0,0,0,0,0,0,0,0,0,0,0,0,0,0,0,0,0,0,0,1,1,1,False
56,73387,-14,65107,2,941942,-6,15757,-0,00280447,0,999936,-0,0007861753,0,01093104,0,0,0,0,0,0,0,0,0,0,0,0,0,0,0,0,0,0,0,0,0,0,1,1,1,False
56,75054,-14,65007,2,941942,-6,18357,-0,00280447,0,999936,-0,0007861753,0,01093104,0,0,0,0,0,0,0,0,0,0,0,0,0,0,0,0,0,0,0,0,0,0,1,1,1,False
56,77438,-14,64907,2,941942,-6,22157,-0,00280447,0,999936,-0,0007861753,0,01093104,0,0,0,0,0,0,0,0,0,0,0,0,0,0,0,0,0,0,0,0,0,0,1,1,1,False
56,79096,-14,64907,2,941942,-6,233571,-0,00280447,0,999936,-0,0007861753,0,01093104,0,0,0,0,0,0,0,0,0,0,0,0,0,0,0,0,0,0,0,0,0,0,1,1,1,False
56,80738,-14,64907,2,941942,-6,260571,-0,00280447,0,999936,-0,0007861753,0,01093104,0,0,0,0,0,0,0,0,0,0,0,0,0,0,0,0,0,0,0,0,0,0,1,1,1,False
56,82402,-14,64807,2,941942,-6,27657,-0,00280447,0,999936,-0,0007861753,0,01093104,0,0,0,0,0,0,0,0,0,0,0,0,0,0,0,0,0,0,0,0,0,0,1,1,1,False
56,84093,-14,64707,2,941942,-6,31557,-0,00280447,0,999936,-0,0007861753,0,01093104,0,0,0,0,0,0,0,0,0,0,0,0,0,0,0,0,0,0,0,0,0,0,1,1,1,False
56,85738,-14,64707,2,941942,-6,32757,-0,00280447,0,999936,-0,0007861753,0,01093104,0,0,0,0,0,0,0,0,0,0,0,0,0,0,0,0,0,0,0,0,0,0,1,1,1,False
56,87379,-14,64707,2,941942,-6,344571,-0,00280447,0,999936,-0,0007861753,0,01093104,0,0,0,0,0,0,0,0,0,0,0,0,0,0,0,0,0,0,0,0,0,0,1,1,1,False
56,89446,-14,64607,2,941942,-6,36057,-0,00280447,0,999936,-0,0007861753,0,01093104,0,0,0,0,0,0,0,0,0,0,0,0,0,0,0,0,0,0,0,0,0,0,1,1,1,False
56,91633,-14,64607,2,941942,-6,372571,-0,00280447,0,999936,-0,0007861753,0,01093104,0,0,0,0,0,0,0,0,0,0,0,0,0,0,0,0,0,0,0,0,0,0,1,1,1,False
56,94802,-14,64507,2,941942,-6,418571,-0,00280447,0,999936,-0,0007861753,0,01093104,0,0,0,0,0,0,0,0,0,0,0,0,0,0,0,0,0,0,0,0,0,0,1,1,1,False
56,96923,-14,64507,2,940942,-6,44857,-0,00280447,0,999936,-0,0007861753,0,01093104,0,0,0,0,0,0,0,0,0,0,0,0,0,0,0,0,0,0,0,0,0,0,1,1,1,False
56,9893,-14,64407,2,940942,-6,46057,-0,00280447,0,999936,-0,0007861753,0,01093104,0,0,0,0,0,0,0,0,0,0,0,0,0,0,0,0,0,0,0,0,0,0,1,1,1,False
57,01159,-14,64407,2,940942,-6,477571,-0,00280447,0,999936,-0,0007861753,0,01093104,0,0,0,0,0,0,0,0,0,0,0,0,0,0,0,0,0,0,0,0,0,0,1,1,1,False
57,03204,-14,64307,2,940942,-6,49557,-0,00280447,0,999936,-0,0007861753,0,01093104,0,0,0,0,0,0,0,0,0,0,0,0,0,0,0,0,0,0,0,0,0,0,1,1,1,False
57,05098,-14,64407,2,940942,-6,490571,-0,00280447,0,999936,-0,0007861753,0,01093104,0,0,0,0,0,0,0,0,0,0,0,0,0,0,0,0,0,0,0,0,0,0,1,1,1,False
57,06977,-14,64307,2,940942,-6,50857,-0,00280447,0,999936,-0,0007861753,0,01093104,0,0,0,0,0,0,0,0,0,0,0,0,0,0,0,0,0,0,0,0,0,0,1,1,1,False
57,09711,-14,64307,2,940942,-6,52057,-0,00280447,0,999936,-0,0007861753,0,01093104,0,0,0,0,0,0,0,0,0,0,0,0,0,0,0,0,0,0,0,0,0,0,1,1,1,False
57,11466,-14,64307,2,940942,-6,52057,-0,00280447,0,999936,-0,0007861753,0,01093104,0,0,0,0,0,0,0,0,0,0,0,0,0,0,0,0,0,0,0,0,0,0,1,1,1,False
57,13353,-14,64307,2,940942,-6,53357,-0,00280447,0,999936,-0,0007861753,0,01093104,0,0,0,0,0,0,0,0,0,0,0,0,0,0,0,0,0,0,0,0,0,0,1,1,1,False
57,15282,-14,64207,2,940942,-6,55157,-0,00280447,0,999936,-0,0007861753,0,01093104,0,0,0,0,0,0,0,0,0,0,0,0,0,0,0,0,0,0,0,0,0,0,1,1,1,False
57,17229,-14,64207,2,940942,-6,54557,-0,00280447,0,999936,-0,0007861753,0,01093104,0,0,0,0,0,0,0,0,0,0,0,0,0,0,0,0,0,0,0,0,0,0,1,1,1,False
57,19316,-14,64207,2,940942,-6,54557,-0,00280447,0,999936,-0,0007861753,0,01093104,0,0,0,0,0,0,0,0,0,0,0,0,0,0,0,0,0,0,0,0,0,0,1,1,1,False
57,21188,-14,64207,2,940942,-6,54557,-0,00280447,0,999936,-0,0007861753,0,01093104,0,0,0,0,0,0,0,0,0,0,0,0,0,0,0,0,0,0,0,0,0,0,1,1,1,False
57,23046,-14,64207,2,940942,-6,54557,-0,00280447,0,999936,-0,0007861753,0,01093104,0,0,0,0,0,0,0,0,0,0,0,0,0,0,0,0,0,0,0,0,0,0,1,1,1,False
57,26078,-14,64207,2,940942,-6,54557,-0,00280447,0,999936,-0,0007861753,0,01093104,0,0,0,0,0,0,0,0,0,0,0,0,0,0,0,0,0,0,0,0,0,0,1,1,1,False
57,28329,-14,64207,2,940942,-6,54557,-0,00280447,0,999936,-0,0007861753,0,01093104,0,0,0,0,0,0,0,0,0,0,0,0,0,0,0,0,0,0,0,0,0,0,1,1,1,False
57,3031,-14,64207,2,940942,-6,54557,-0,00280447,0,999936,-0,0007861753,0,01093104,0,0,0,0,0,0,0,0,0,0,0,0,0,0,0,0,0,0,0,0,0,0,1,1,1,False
57,32174,-14,64207,2,940942,-6,54557,-0,00280447,0,999936,-0,0007861753,0,01093104,0,0,0,0,0,0,0,0,0,0,0,0,0,0,0,0,0,0,0,0,0,0,1,1,1,False
57,34014,-14,64207,2,940942,-6,54557,-0,00280447,0,999936,-0,0007861753,0,01093104,0,0,0,0,0,0,0,0,0,0,0,0,0,0,0,0,0,0,0,0,0,0,1,1,1,False
57,35908,-14,64207,2,940942,-6,54557,-0,00280447,0,999936,-0,0007861753,0,01093104,0,0,0,0,0,0,0,0,0,0,0,0,0,0,0,0,0,0,0,0,0,0,1,1,1,False
57,38092,-14,64207,2,940942,-6,54557,-0,00280447,0,999936,-0,0007861753,0,01093104,0,0,0,0,0,0,0,0,0,0,0,0,0,0,0,0,0,0,0,0,0,0,1,1,1,False
57,40312,-14,64207,2,940942,-6,54557,-0,00280447,0,999936,-0,0007861753,0,01093104,0,0,0,0,0,0,0,0,0,0,0,0,0,0,0,0,0,0,0,0,0,0,1,1,1,False
57,42391,-14,64207,2,940942,-6,54557,-0,00280447,0,999936,-0,0007861753,0,01093104,0,0,0,0,0,0,0,0,0,0,0,0,0,0,0,0,0,0,0,0,0,0,1,1,1,False
57,44374,-14,64207,2,940942,-6,54557,-0,00280447,0,999936,-0,0007861753,0,01093104,0,0,0,0,0,0,0,0,0,0,0,0,0,0,0,0,0,0,0,0,0,0,1,1,1,False
57,46513,-14,64207,2,940942,-6,54557,-0,00280447,0,999936,-0,0007861753,0,01093104,0,0,0,0,0,0,0,0,0,0,0,0,0,0,0,0,0,0,0,0,0,0,1,1,1,False
57,48397,-14,64207,2,940942,-6,54557,-0,00280447,0,999936,-0,0007861753,0,01093104,0,0,0,0,0,0,0,0,0,0,0,0,0,0,0,0,0,0,0,0,0,0,1,1,1,False
57,50491,-14,64207,2,940942,-6,54557,-0,00280447,0,999936,-0,0007861753,0,01093104,0,0,0,0,0,0,0,0,0,0,0,0,0,0,0,0,0,0,0,0,0,0,1,1,1,False
57,52438,-14,64207,2,940942,-6,54557,-0,00280447,0,999936,-0,0007861753,0,01093104,0,0,0,0,0,0,0,0,0,0,0,0,0,0,0,0,0,0,0,0,0,0,1,1,1,False
57,54454,-14,64207,2,940942,-6,54557,-0,00280447,0,999936,-0,0007861753,0,01093104,0,0,0,0,0,0,0,0,0,0,0,0,0,0,0,0,0,0,0,0,0,0,1,1,1,False
57,56404,-14,64207,2,940942,-6,54557,-0,00280447,0,999936,-0,0007861753,0,01093104,0,0,0,0,0,0,0,0,0,0,0,0,0,0,0,0,0,0,0,0,0,0,1,1,1,False
57,58287,-14,64207,2,940942,-6,54557,-0,00280447,0,999936,-0,0007861753,0,01093104,0,0,0,0,0,0,0,0,0,0,0,0,0,0,0,0,0,0,0,0,0,0,1,1,1,False
57,60201,-14,64207,2,940942,-6,54557,-0,00280447,0,999936,-0,0007861753,0,01093104,0,0,0,0,0,0,0,0,0,0,0,0,0,0,0,0,0,0,0,0,0,0,1,1,1,False
57,62066,-14,64207,2,940942,-6,54557,-0,00280447,0,999936,-0,0007861753,0,01093104,0,0,0,0,0,0,0,0,0,0,0,0,0,0,0,0,0,0,0,0,0,0,1,1,1,False
57,63919,-14,64207,2,940942,-6,54557,-0,00280447,0,999936,-0,0007861753,0,01093104,0,0,0,0,0,0,0,0,0,0,0,0,0,0,0,0,0,0,0,0,0,0,1,1,1,False
57,65701,-14,64207,2,940942,-6,54557,-0,00280447,0,999936,-0,0007861753,0,01093104,0,0,0,0,0,0,0,0,0,0,0,0,0,0,0,0,0,0,0,0,0,0,1,1,1,False
57,67543,-14,64207,2,940942,-6,54557,-0,00280447,0,999936,-0,0007861753,0,01093104,0,0,0,0,0,0,0,0,0,0,0,0,0,0,0,0,0,0,0,0,0,0,1,1,1,False
57,69479,-14,64207,2,940942,-6,54557,-0,00280447,0,999936,-0,0007861753,0,01093104,0,0,0,0,0,0,0,0,0,0,0,0,0,0,0,0,0,0,0,0,0,0,1,1,1,False
57,71346,-14,64207,2,940942,-6,54557,-0,00280447,0,999936,-0,0007861753,0,01093104,0,0,0,0,0,0,0,0,0,0,0,0,0,0,0,0,0,0,0,0,0,0,1,1,1,False
57,73266,-14,64207,2,940942,-6,54557,-0,00280447,0,999936,-0,0007861753,0,01093104,0,0,0,0,0,0,0,0,0,0,0,0,0,0,0,0,0,0,0,0,0,0,1,1,1,False
57,75126,-14,64207,2,940942,-6,54557,-0,00280447,0,999936,-0,0007861753,0,01093104,0,0,0,0,0,0,0,0,0,0,0,0,0,0,0,0,0,0,0,0,0,0,1,1,1,False
57,76973,-14,64207,2,940942,-6,54557,-0,00280447,0,999936,-0,0007861753,0,01093104,0,0,0,0,0,0,0,0,0,0,0,0,0,0,0,0,0,0,0,0,0,0,1,1,1,False
57,78876,-14,64207,2,940942,-6,54557,-0,00280447,0,999936,-0,0007861753,0,01093104,0,0,0,0,0,0,0,0,0,0,0,0,0,0,0,0,0,0,0,0,0,0,1,1,1,False
57,8082,-14,64207,2,940942,-6,54557,-0,00280447,0,999936,-0,0007861753,0,01093104,0,0,0,0,0,0,0,0,0,0,0,0,0,0,0,0,0,0,0,0,0,0,1,1,1,False
57,82749,-14,64207,2,940942,-6,54557,-0,00280447,0,999936,-0,0007861753,0,01093104,0,0,0,0,0,0,0,0,0,0,0,0,0,0,0,0,0,0,0,0,0,0,1,1,1,False
57,84727,-14,64207,2,940942,-6,54557,-0,00280447,0,999936,-0,0007861753,0,01093104,0,0,0,0,0,0,0,0,0,0,0,0,0,0,0,0,0,0,0,0,0,0,1,1,1,False
57,86593,-14,64207,2,940942,-6,54557,-0,00280447,0,999936,-0,0007861753,0,01093104,0,0,0,0,0,0,0,0,0,0,0,0,0,0,0,0,0,0,0,0,0,0,1,1,1,False
57,8837,-14,64207,2,940942,-6,54557,-0,00280447,0,999936,-0,0007861753,0,01093104,0,0,0,0,0,0,0,0,0,0,0,0,0,0,0,0,0,0,0,0,0,0,1,1,1,False
57,90203,-14,64207,2,940942,-6,54557,-0,00280447,0,999936,-0,0007861753,0,01093104,0,0,0,0,0,0,0,0,0,0,0,0,0,0,0,0,0,0,0,0,0,0,1,1,1,False
57,92157,-14,64207,2,940942,-6,54557,-0,00280447,0,999936,-0,0007861753,0,01093104,0,0,0,0,0,0,0,0,0,0,0,0,0,0,0,0,0,0,0,0,0,0,1,1,1,False
57,94027,-14,64207,2,940942,-6,54557,-0,00280447,0,999936,-0,0007861753,0,01093104,0,0,0,0,0,0,0,0,0,0,0,0,0,0,0,0,0,0,0,0,0,0,1,1,1,False
57,96052,-14,64207,2,940942,-6,54557,-0,00280447,0,999936,-0,0007861753,0,01093104,0,0,0,0,0,0,0,0,0,0,0,0,0,0,0,0,0,0,0,0,0,0,1,1,1,False
57,98146,-14,64207,2,940942,-6,54557,-0,00280447,0,999936,-0,0007861753,0,01093104,0,0,0,0,0,0,0,0,0,0,0,0,0,0,0,0,0,0,0,0,0,0,1,1,1,False
58,00147,-14,64207,2,940942,-6,54557,-0,00280447,0,999936,-0,0007861753,0,01093104,0,0,0,0,0,0,0,0,0,0,0,0,0,0,0,0,0,0,0,0,0,0,1,1,1,False
58,01971,-14,64207,2,940942,-6,54557,-0,00280447,0,999936,-0,0007861753,0,01093104,0,0,0,0,0,0,0,0,0,0,0,0,0,0,0,0,0,0,0,0,0,0,1,1,1,False
58,03655,-14,64207,2,940942,-6,54557,-0,00280447,0,999936,-0,0007861753,0,01093104,0,0,0,0,0,0,0,0,0,0,0,0,0,0,0,0,0,0,0,0,0,0,1,1,1,False
58,05412,-14,64207,2,940942,-6,54557,-0,00280447,0,999936,-0,0007861753,0,01093104,0,0,0,0,0,0,0,0,0,0,0,0,0,0,0,0,0,0,0,0,0,0,1,1,1,False
58,07125,-14,64207,2,940942,-6,54557,-0,00280447,0,999936,-0,0007861753,0,01093104,0,0,0,0,0,0,0,0,0,0,0,0,0,0,0,0,0,0,0,0,0,0,1,1,1,False
58,08755,-14,64207,2,940942,-6,54557,-0,00280447,0,999936,-0,0007861753,0,01093104,0,0,0,0,0,0,0,0,0,0,0,0,0,0,0,0,0,0,0,0,0,0,1,1,1,False
58,10397,-14,64207,2,940942,-6,54557,-0,00280447,0,999936,-0,0007861753,0,01093104,0,0,0,0,0,0,0,0,0,0,0,0,0,0,0,0,0,0,0,0,0,0,1,1,1,False
58,1212,-14,64207,2,940942,-6,54557,-0,00280447,0,999936,-0,0007861753,0,01093104,0,0,0,0,0,0,0,0,0,0,0,0,0,0,0,0,0,0,0,0,0,0,1,1,1,False
58,13838,-14,64207,2,940942,-6,54557,-0,00280447,0,999936,-0,0007861753,0,01093104,0,0,0,0,0,0,0,0,0,0,0,0,0,0,0,0,0,0,0,0,0,0,1,1,1,False
58,15458,-14,64207,2,940942,-6,54557,-0,00280447,0,999936,-0,0007861753,0,01093104,0,0,0,0,0,0,0,0,0,0,0,0,0,0,0,0,0,0,0,0,0,0,1,1,1,False
58,17168,-14,64207,2,940942,-6,54557,-0,00280447,0,999936,-0,0007861753,0,01093104,0,0,0,0,0,0,0,0,0,0,0,0,0,0,0,0,0,0,0,0,0,0,1,1,1,False
58,1886,-14,64207,2,940942,-6,54557,-0,00280447,0,999936,-0,0007861753,0,01093104,0,0,0,0,0,0,0,0,0,0,0,0,0,0,0,0,0,0,0,0,0,0,1,1,1,False
58,20564,-14,64207,2,940942,-6,54557,-0,00280447,0,999936,-0,0007861753,0,01093104,0,0,0,0,0,0,0,0,0,0,0,0,0,0,0,0,0,0,0,0,0,0,1,1,1,False
58,22237,-14,64207,2,940942,-6,54557,-0,00280447,0,999936,-0,0007861753,0,01093104,0,0,0,0,0,0,0,0,0,0,0,0,0,0,0,0,0,0,0,0,0,0,1,1,1,False
58,23896,-14,64207,2,940942,-6,54557,-0,00280447,0,999936,-0,0007861753,0,01093104,0,0,0,0,0,0,0,0,0,0,0,0,0,0,0,0,0,0,0,0,0,0,1,1,1,False
58,25442,-14,64207,2,940942,-6,54557,-0,00280447,0,999936,-0,0007861753,0,01093104,0,0,0,0,0,0,0,0,0,0,0,0,0,0,0,0,0,0,0,0,0,0,1,1,1,False
58,27171,-14,64207,2,940942,-6,54557,-0,00280447,0,999936,-0,0007861753,0,01093104,0,0,0,0,0,0,0,0,0,0,0,0,0,0,0,0,0,0,0,0,0,0,1,1,1,False
58,28751,-14,64207,2,940942,-6,54557,-0,00280447,0,999936,-0,0007861753,0,01093104,0,0,0,0,0,0,0,0,0,0,0,0,0,0,0,0,0,0,0,0,0,0,1,1,1,False
58,30378,-14,64207,2,940942,-6,54557,-0,00280447,0,999936,-0,0007861753,0,01093104,0,0,0,0,0,0,0,0,0,0,0,0,0,0,0,0,0,0,0,0,0,0,1,1,1,False
58,31975,-14,64207,2,940942,-6,54557,-0,00280447,0,999936,-0,0007861753,0,01093104,0,0,0,0,0,0,0,0,0,0,0,0,0,0,0,0,0,0,0,0,0,0,1,1,1,False
58,33659,-14,64207,2,940942,-6,54557,-0,00280447,0,999936,-0,0007861753,0,01093104,0,0,0,0,0,0,0,0,0,0,0,0,0,0,0,0,0,0,0,0,0,0,1,1,1,False
58,35207,-14,64207,2,940942,-6,54557,-0,00280447,0,999936,-0,0007861753,0,01093104,0,0,0,0,0,0,0,0,0,0,0,0,0,0,0,0,0,0,0,0,0,0,1,1,1,False
58,3681,-14,64207,2,940942,-6,54557,-0,00280447,0,999936,-0,0007861753,0,01093104,0,0,0,0,0,0,0,0,0,0,0,0,0,0,0,0,0,0,0,0,0,0,1,1,1,False
58,38351,-14,64207,2,940942,-6,54557,-0,00280447,0,999936,-0,0007861753,0,01093104,0,0,0,0,0,0,0,0,0,0,0,0,0,0,0,0,0,0,0,0,0,0,1,1,1,False
58,40086,-14,66107,2,940942,-6,54557,-0,00280447,0,999936,-0,0007861753,0,01093104,0,0,0,0,0,0,0,0,0,0,0,0,0,0,0,0,0,0,0,0,0,0,1,1,1,False
58,41792,-14,72307,2,940942,-6,54757,-0,00280447,0,999936,-0,0007861753,0,01093104,0,0,0,0,0,0,0,0,0,0,0,0,0,0,0,0,0,0,0,0,0,0,1,1,1,False
58,43409,-14,80407,2,939942,-6,549571,-0,00280447,0,999936,-0,0007861753,0,01093104,0,0,0,0,0,0,0,0,0,0,0,0,0,0,0,0,0,0,0,0,0,0,1,1,1,False
58,45107,-14,88407,2,939942,-6,55057,-0,00280447,0,999936,-0,0007861753,0,01093104,0,0,0,0,0,0,0,0,0,0,0,0,0,0,0,0,0,0,0,0,0,0,1,1,1,False
58,4683,-15,00707,2,938942,-6,55357,-0,00280447,0,999936,-0,0007861753,0,01093104,0,0,0,0,0,0,0,0,0,0,0,0,0,0,0,0,0,0,0,0,0,0,1,1,1,False
58,48492,-15,05107,2,938942,-6,55457,-0,00280447,0,999936,-0,0007861753,0,01093104,0,0,0,0,0,0,0,0,0,0,0,0,0,0,0,0,0,0,0,0,0,0,1,1,1,False
58,50895,-15,08607,2,937942,-6,555571,-0,00280447,0,999936,-0,0007861753,0,01093104,0,0,0,0,0,0,0,0,0,0,0,0,0,0,0,0,0,0,0,0,0,0,1,1,1,False
58,5246,-15,08607,2,937942,-6,555571,-0,00280447,0,999936,-0,0007861753,0,01093104,0,0,0,0,0,0,0,0,0,0,0,0,0,0,0,0,0,0,0,0,0,0,1,1,1,False
58,53982,-15,08607,2,937942,-6,555571,-0,00280447,0,999936,-0,0007861753,0,01093104,0,0,0,0,0,0,0,0,0,0,0,0,0,0,0,0,0,0,0,0,0,0,1,1,1,False
58,55425,-15,08607,2,937942,-6,555571,-0,00280447,0,999936,-0,0007861753,0,01093104,0,0,0,0,0,0,0,0,0,0,0,0,0,0,0,0,0,0,0,0,0,0,1,1,1,False
58,57002,-15,08607,2,937942,-6,555571,-0,00280447,0,999936,-0,0007861753,0,01093104,0,0,0,0,0,0,0,0,0,0,0,0,0,0,0,0,0,0,0,0,0,0,1,1,1,False
58,58558,-15,08607,2,937942,-6,555571,-0,00280447,0,999936,-0,0007861753,0,01093104,0,0,0,0,0,0,0,0,0,0,0,0,0,0,0,0,0,0,0,0,0,0,1,1,1,False
58,60152,-15,08607,2,937942,-6,555571,-0,00280447,0,999936,-0,0007861753,0,01093104,0,0,0,0,0,0,0,0,0,0,0,0,0,0,0,0,0,0,0,0,0,0,1,1,1,False
58,61734,-15,08607,2,937942,-6,555571,-0,00280447,0,999936,-0,0007861753,0,01093104,0,0,0,0,0,0,0,0,0,0,0,0,0,0,0,0,0,0,0,0,0,0,1,1,1,False
58,63221,-15,08607,2,937942,-6,555571,-0,00280447,0,999936,-0,0007861753,0,01093104,0,0,0,0,0,0,0,0,0,0,0,0,0,0,0,0,0,0,0,0,0,0,1,1,1,False
58,64972,-15,08607,2,937942,-6,555571,-0,00280447,0,999936,-0,0007861753,0,01093104,0,0,0,0,0,0,0,0,0,0,0,0,0,0,0,0,0,0,0,0,0,0,1,1,1,False
58,67347,-15,08607,2,937942,-6,555571,-0,00280447,0,999936,-0,0007861753,0,01093104,0,0,0,0,0,0,0,0,0,0,0,0,0,0,0,0,0,0,0,0,0,0,1,1,1,False
58,68895,-15,08607,2,937942,-6,555571,-0,00280447,0,999936,-0,0007861753,0,01093104,0,0,0,0,0,0,0,0,0,0,0,0,0,0,0,0,0,0,0,0,0,0,1,1,1,False
58,70461,-15,08607,2,937942,-6,555571,-0,00280447,0,999936,-0,0007861753,0,01093104,0,0,0,0,0,0,0,0,0,0,0,0,0,0,0,0,0,0,0,0,0,0,1,1,1,False
58,72047,-15,08607,2,937942,-6,555571,-0,00280447,0,999936,-0,0007861753,0,01093104,0,0,0,0,0,0,0,0,0,0,0,0,0,0,0,0,0,0,0,0,0,0,1,1,1,False
58,73855,-15,08607,2,937942,-6,555571,-0,00280447,0,999936,-0,0007861753,0,01093104,0,0,0,0,0,0,0,0,0,0,0,0,0,0,0,0,0,0,0,0,0,0,1,1,1,False
58,75323,-15,08607,2,937942,-6,555571,-0,00280447,0,999936,-0,0007861753,0,01093104,0,0,0,0,0,0,0,0,0,0,0,0,0,0,0,0,0,0,0,0,0,0,1,1,1,False
58,7695,-15,08607,2,937942,-6,555571,-0,00280447,0,999936,-0,0007861753,0,01093104,0,0,0,0,0,0,0,0,0,0,0,0,0,0,0,0,0,0,0,0,0,0,1,1,1,False
58,78605,-15,08607,2,937942,-6,555571,-0,00280447,0,999936,-0,0007861753,0,01093104,0,0,0,0,0,0,0,0,0,0,0,0,0,0,0,0,0,0,0,0,0,0,1,1,1,False
58,80159,-15,08607,2,937942,-6,555571,-0,00280447,0,999936,-0,0007861753,0,01093104,0,0,0,0,0,0,0,0,0,0,0,0,0,0,0,0,0,0,0,0,0,0,1,1,1,False
58,81714,-15,08607,2,937942,-6,555571,-0,00280447,0,999936,-0,0007861753,0,01093104,0,0,0,0,0,0,0,0,0,0,0,0,0,0,0,0,0,0,0,0,0,0,1,1,1,False
58,83196,-15,08607,2,937942,-6,555571,-0,00280447,0,999936,-0,0007861753,0,01093104,0,0,0,0,0,0,0,0,0,0,0,0,0,0,0,0,0,0,0,0,0,0,1,1,1,False
58,8477,-15,08607,2,937942,-6,555571,-0,00280447,0,999936,-0,0007861753,0,01093104,0,0,0,0,0,0,0,0,0,0,0,0,0,0,0,0,0,0,0,0,0,0,1,1,1,False
58,86399,-15,08607,2,937942,-6,555571,-0,00280447,0,999936,-0,0007861753,0,01093104,0,0,0,0,0,0,0,0,0,0,0,0,0,0,0,0,0,0,0,0,0,0,1,1,1,False
58,88018,-15,08607,2,937942,-6,555571,-0,00280447,0,999936,-0,0007861753,0,01093104,0,0,0,0,0,0,0,0,0,0,0,0,0,0,0,0,0,0,0,0,0,0,1,1,1,False
58,89725,-15,08607,2,937942,-6,555571,-0,00280447,0,999936,-0,0007861753,0,01093104,0,0,0,0,0,0,0,0,0,0,0,0,0,0,0,0,0,0,0,0,0,0,1,1,1,False
58,91386,-15,08607,2,937942,-6,555571,-0,00280447,0,999936,-0,0007861753,0,01093104,0,0,0,0,0,0,0,0,0,0,0,0,0,0,0,0,0,0,0,0,0,0,1,1,1,False
58,93081,-15,08607,2,937942,-6,555571,-0,00280447,0,999936,-0,0007861753,0,01093104,0,0,0,0,0,0,0,0,0,0,0,0,0,0,0,0,0,0,0,0,0,0,1,1,1,False
58,94783,-15,08607,2,937942,-6,555571,-0,00280447,0,999936,-0,0007861753,0,01093104,0,0,0,0,0,0,0,0,0,0,0,0,0,0,0,0,0,0,0,0,0,0,1,1,1,False
58,96552,-15,08607,2,937942,-6,555571,-0,00280447,0,999936,-0,0007861753,0,01093104,0,0,0,0,0,0,0,0,0,0,0,0,0,0,0,0,0,0,0,0,0,0,1,1,1,False
58,98226,-15,08607,2,937942,-6,555571,-0,00280447,0,999936,-0,0007861753,0,01093104,0,0,0,0,0,0,0,0,0,0,0,0,0,0,0,0,0,0,0,0,0,0,1,1,1,False
58,99887,-15,08607,2,937942,-6,555571,-0,00280447,0,999936,-0,0007861753,0,01093104,0,0,0,0,0,0,0,0,0,0,0,0,0,0,0,0,0,0,0,0,0,0,1,1,1,False
59,01446,-15,08607,2,937942,-6,555571,-0,00280447,0,999936,-0,0007861753,0,01093104,0,0,0,0,0,0,0,0,0,0,0,0,0,0,0,0,0,0,0,0,0,0,1,1,1,False
59,03131,-15,08607,2,937942,-6,555571,-0,00280447,0,999936,-0,0007861753,0,01093104,0,0,0,0,0,0,0,0,0,0,0,0,0,0,0,0,0,0,0,0,0,0,1,1,1,False
59,04786,-15,08607,2,937942,-6,555571,-0,00280447,0,999936,-0,0007861753,0,01093104,0,0,0,0,0,0,0,0,0,0,0,0,0,0,0,0,0,0,0,0,0,0,1,1,1,False
59,06413,-15,08607,2,937942,-6,555571,-0,00280447,0,999936,-0,0007861753,0,01093104,0,0,0,0,0,0,0,0,0,0,0,0,0,0,0,0,0,0,0,0,0,0,1,1,1,False
59,08068,-15,08607,2,937942,-6,555571,-0,00280447,0,999936,-0,0007861753,0,01093104,0,0,0,0,0,0,0,0,0,0,0,0,0,0,0,0,0,0,0,0,0,0,1,1,1,False
59,09705,-15,08607,2,937942,-6,555571,-0,00280447,0,999936,-0,0007861753,0,01093104,0,0,0,0,0,0,0,0,0,0,0,0,0,0,0,0,0,0,0,0,0,0,1,1,1,False
59,11264,-15,08607,2,937942,-6,555571,-0,00280447,0,999936,-0,0007861753,0,01093104,0,0,0,0,0,0,0,0,0,0,0,0,0,0,0,0,0,0,0,0,0,0,1,1,1,False
59,12938,-15,08607,2,937942,-6,555571,-0,00280447,0,999936,-0,0007861753,0,01093104,0,0,0,0,0,0,0,0,0,0,0,0,0,0,0,0,0,0,0,0,0,0,1,1,1,False
59,14593,-15,08607,2,937942,-6,555571,-0,00280447,0,999936,-0,0007861753,0,01093104,0,0,0,0,0,0,0,0,0,0,0,0,0,0,0,0,0,0,0,0,0,0,1,1,1,False
59,1627,-15,08607,2,937942,-6,555571,-0,00280447,0,999936,-0,0007861753,0,01093104,0,0,0,0,0,0,0,0,0,0,0,0,0,0,0,0,0,0,0,0,0,0,1,1,1,False
59,17897,-15,08607,2,937942,-6,555571,-0,00280447,0,999936,-0,0007861753,0,01093104,0,0,0,0,0,0,0,0,0,0,0,0,0,0,0,0,0,0,0,0,0,0,1,1,1,False
59,19368,-15,08607,2,937942,-6,555571,-0,00280447,0,999936,-0,0007861753,0,01093104,0,0,0,0,0,0,0,0,0,0,0,0,0,0,0,0,0,0,0,0,0,0,1,1,1,False
59,20926,-15,08607,2,937942,-6,555571,-0,00280447,0,999936,-0,0007861753,0,01093104,0,0,0,0,0,0,0,0,0,0,0,0,0,0,0,0,0,0,0,0,0,0,1,1,1,False
59,22612,-15,08607,2,937942,-6,555571,-0,00280447,0,999936,-0,0007861753,0,01093104,0,0,0,0,0,0,0,0,0,0,0,0,0,0,0,0,0,0,0,0,0,0,1,1,1,False
59,24319,-15,08607,2,937942,-6,555571,-0,00280447,0,999936,-0,0007861753,0,01093104,0,0,0,0,0,0,0,0,0,0,0,0,0,0,0,0,0,0,0,0,0,0,1,1,1,False
59,2597,-15,08607,2,937942,-6,555571,-0,00280447,0,999936,-0,0007861753,0,01093104,0,0,0,0,0,0,0,0,0,0,0,0,0,0,0,0,0,0,0,0,0,0,1,1,1,False
59,2755,-15,08607,2,937942,-6,555571,-0,00280447,0,999936,-0,0007861753,0,01093104,0,0,0,0,0,0,0,0,0,0,0,0,0,0,0,0,0,0,0,0,0,0,1,1,1,False
59,29326,-15,08607,2,937942,-6,555571,-0,00280447,0,999936,-0,0007861753,0,01093104,0,0,0,0,0,0,0,0,0,0,0,0,0,0,0,0,0,0,0,0,0,0,1,1,1,False
59,31201,-15,08607,2,937942,-6,555571,-0,00280447,0,999936,-0,0007861753,0,01093104,0,0,0,0,0,0,0,0,0,0,0,0,0,0,0,0,0,0,0,0,0,0,1,1,1,False
59,33055,-15,08607,2,937942,-6,555571,-0,00280447,0,999936,-0,0007861753,0,01093104,0,0,0,0,0,0,0,0,0,0,0,0,0,0,0,0,0,0,0,0,0,0,1,1,1,False
59,34874,-15,08607,2,937942,-6,555571,-0,00280447,0,999936,-0,0007861753,0,01093104,0,0,0,0,0,0,0,0,0,0,0,0,0,0,0,0,0,0,0,0,0,0,1,1,1,False
59,36687,-15,08607,2,937942,-6,555571,-0,00280447,0,999936,-0,0007861753,0,01093104,0,0,0,0,0,0,0,0,0,0,0,0,0,0,0,0,0,0,0,0,0,0,1,1,1,False
59,38385,-15,08607,2,937942,-6,555571,-0,00280447,0,999936,-0,0007861753,0,01093104,0,0,0,0,0,0,0,0,0,0,0,0,0,0,0,0,0,0,0,0,0,0,1,1,1,False
59,40172,-15,08607,2,937942,-6,555571,-0,00280447,0,999936,-0,0007861753,0,01093104,0,0,0,0,0,0,0,0,0,0,0,0,0,0,0,0,0,0,0,0,0,0,1,1,1,False
59,41889,-15,08607,2,937942,-6,555571,-0,00280447,0,999936,-0,0007861753,0,01093104,0,0,0,0,0,0,0,0,0,0,0,0,0,0,0,0,0,0,0,0,0,0,1,1,1,False
59,43747,-15,08607,2,937942,-6,555571,-0,00280447,0,999936,-0,0007861753,0,01093104,0,0,0,0,0,0,0,0,0,0,0,0,0,0,0,0,0,0,0,0,0,0,1,1,1,False
59,45526,-15,08607,2,937942,-6,555571,-0,00280447,0,999936,-0,0007861753,0,01093104,0,0,0,0,0,0,0,0,0,0,0,0,0,0,0,0,0,0,0,0,0,0,1,1,1,False
59,47187,-15,08607,2,937942,-6,555571,-0,00280447,0,999936,-0,0007861753,0,01093104,0,0,0,0,0,0,0,0,0,0,0,0,0,0,0,0,0,0,0,0,0,0,1,1,1,False
59,48843,-15,08607,2,937942,-6,555571,-0,00280447,0,999936,-0,0007861753,0,01093104,0,0,0,0,0,0,0,0,0,0,0,0,0,0,0,0,0,0,0,0,0,0,1,1,1,False
59,50588,-15,08607,2,937942,-6,555571,-0,00280447,0,999936,-0,0007861753,0,01093104,0,0,0,0,0,0,0,0,0,0,0,0,0,0,0,0,0,0,0,0,0,0,1,1,1,False
59,52382,-15,08607,2,937942,-6,555571,-0,00280447,0,999936,-0,0007861753,0,01093104,0,0,0,0,0,0,0,0,0,0,0,0,0,0,0,0,0,0,0,0,0,0,1,1,1,False
59,54192,-15,08607,2,937942,-6,555571,-0,00280447,0,999936,-0,0007861753,0,01093104,0,0,0,0,0,0,0,0,0,0,0,0,0,0,0,0,0,0,0,0,0,0,1,1,1,False
59,55963,-15,08607,2,937942,-6,555571,-0,00280447,0,999936,-0,0007861753,0,01093104,0,0,0,0,0,0,0,0,0,0,0,0,0,0,0,0,0,0,0,0,0,0,1,1,1,False
59,57626,-15,08607,2,937942,-6,555571,-0,00280447,0,999936,-0,0007861753,0,01093104,0,0,0,0,0,0,0,0,0,0,0,0,0,0,0,0,0,0,0,0,0,0,1,1,1,False
59,5939,-15,08607,2,937942,-6,555571,-0,00280447,0,999936,-0,0007861753,0,01093104,0,0,0,0,0,0,0,0,0,0,0,0,0,0,0,0,0,0,0,0,0,0,1,1,1,False
59,61091,-15,08607,2,937942,-6,555571,-0,00280447,0,999936,-0,0007861753,0,01093104,0,0,0,0,0,0,0,0,0,0,0,0,0,0,0,0,0,0,0,0,0,0,1,1,1,False
59,62925,-15,08607,2,937942,-6,555571,-0,00280447,0,999936,-0,0007861753,0,01093104,0,0,0,0,0,0,0,0,0,0,0,0,0,0,0,0,0,0,0,0,0,0,1,1,1,False
59,64922,-15,08607,2,937942,-6,555571,-0,00280447,0,999936,-0,0007861753,0,01093104,0,0,0,0,0,0,0,0,0,0,0,0,0,0,0,0,0,0,0,0,0,0,1,1,1,False
59,66629,-15,08607,2,937942,-6,555571,-0,00280447,0,999936,-0,0007861753,0,01093104,0,0,0,0,0,0,0,0,0,0,0,0,0,0,0,0,0,0,0,0,0,0,1,1,1,False
59,68298,-15,08607,2,937942,-6,555571,-0,00280447,0,999936,-0,0007861753,0,01093104,0,0,0,0,0,0,0,0,0,0,0,0,0,0,0,0,0,0,0,0,0,0,1,1,1,False
59,70015,-15,08607,2,937942,-6,555571,-0,00280447,0,999936,-0,0007861753,0,01093104,0,0,0,0,0,0,0,0,0,0,0,0,0,0,0,0,0,0,0,0,0,0,1,1,1,False
59,71681,-15,08607,2,937942,-6,555571,-0,00280447,0,999936,-0,0007861753,0,01093104,0,0,0,0,0,0,0,0,0,0,0,0,0,0,0,0,0,0,0,0,0,0,1,1,1,False
59,73303,-15,08607,2,937942,-6,555571,-0,00280447,0,999936,-0,0007861753,0,01093104,0,0,0,0,0,0,0,0,0,0,0,0,0,0,0,0,0,0,0,0,0,0,1,1,1,False
59,74929,-15,08607,2,937942,-6,555571,-0,00280447,0,999936,-0,0007861753,0,01093104,0,0,0,0,0,0,0,0,0,0,0,0,0,0,0,0,0,0,0,0,0,0,1,1,1,False
59,76588,-15,08607,2,937942,-6,555571,-0,00280447,0,999936,-0,0007861753,0,01093104,0,0,0,0,0,0,0,0,0,0,0,0,0,0,0,0,0,0,0,0,0,0,1,1,1,False
59,78262,-15,08607,2,937942,-6,555571,-0,00280447,0,999936,-0,0007861753,0,01093104,0,0,0,0,0,0,0,0,0,0,0,0,0,0,0,0,0,0,0,0,0,0,1,1,1,False
59,79932,-15,08607,2,937942,-6,555571,-0,00280447,0,999936,-0,0007861753,0,01093104,0,0,0,0,0,0,0,0,0,0,0,0,0,0,0,0,0,0,0,0,0,0,1,1,1,False
59,81487,-15,08607,2,937942,-6,555571,-0,00280447,0,999936,-0,0007861753,0,01093104,0,0,0,0,0,0,0,0,0,0,0,0,0,0,0,0,0,0,0,0,0,0,1,1,1,False
59,83166,-15,08607,2,937942,-6,555571,-0,00280447,0,999936,-0,0007861753,0,01093104,0,0,0,0,0,0,0,0,0,0,0,0,0,0,0,0,0,0,0,0,0,0,1,1,1,False
59,84856,-15,08607,2,937942,-6,555571,-0,00280447,0,999936,-0,0007861753,0,01093104,0,0,0,0,0,0,0,0,0,0,0,0,0,0,0,0,0,0,0,0,0,0,1,1,1,False
59,86496,-15,08607,2,937942,-6,555571,-0,00280447,0,999936,-0,0007861753,0,01093104,0,0,0,0,0,0,0,0,0,0,0,0,0,0,0,0,0,0,0,0,0,0,1,1,1,False
59,88148,-15,08607,2,937942,-6,555571,-0,00280447,0,999936,-0,0007861753,0,01093104,0,0,0,0,0,0,0,0,0,0,0,0,0,0,0,0,0,0,0,0,0,0,1,1,1,False
59,89806,-15,08607,2,937942,-6,555571,-0,00280447,0,999936,-0,0007861753,0,01093104,0,0,0,0,0,0,0,0,0,0,0,0,0,0,0,0,0,0,0,0,0,0,1,1,1,False
59,91332,-15,08607,2,937942,-6,555571,-0,00280447,0,999936,-0,0007861753,0,01093104,0,0,0,0,0,0,0,0,0,0,0,0,0,0,0,0,0,0,0,0,0,0,1,1,1,False
59,93048,-15,08607,2,937942,-6,555571,-0,00280447,0,999936,-0,0007861753,0,01093104,0,0,0,0,0,0,0,0,0,0,0,0,0,0,0,0,0,0,0,0,0,0,1,1,1,False
59,94738,-15,08607,2,937942,-6,555571,-0,00280447,0,999936,-0,0007861753,0,01093104,0,0,0,0,0,0,0,0,0,0,0,0,0,0,0,0,0,0,0,0,0,0,1,1,1,False
59,96397,-15,08607,2,937942,-6,555571,-0,00280447,0,999936,-0,0007861753,0,01093104,0,0,0,0,0,0,0,0,0,0,0,0,0,0,0,0,0,0,0,0,0,0,1,1,1,False
59,98037,-15,08607,2,937942,-6,555571,-0,00280447,0,999936,-0,0007861753,0,01093104,0,0,0,0,0,0,0,0,0,0,0,0,0,0,0,0,0,0,0,0,0,0,1,1,1,False
59,99802,-15,08607,2,937942,-6,555571,-0,00280447,0,999936,-0,0007861753,0,01093104,0,0,0,0,0,0,0,0,0,0,0,0,0,0,0,0,0,0,0,0,0,0,1,1,1,False
60,01446,-15,08607,2,937942,-6,555571,-0,00280447,0,999936,-0,0007861753,0,01093104,0,0,0,0,0,0,0,0,0,0,0,0,0,0,0,0,0,0,0,0,0,0,1,1,1,False
60,03067,-15,08607,2,937942,-6,555571,-0,00280447,0,999936,-0,0007861753,0,01093104,0,0,0,0,0,0,0,0,0,0,0,0,0,0,0,0,0,0,0,0,0,0,1,1,1,False
60,04764,-15,08607,2,937942,-6,555571,-0,00280447,0,999936,-0,0007861753,0,01093104,0,0,0,0,0,0,0,0,0,0,0,0,0,0,0,0,0,0,0,0,0,0,1,1,1,False
60,06389,-15,08607,2,937942,-6,555571,-0,00280447,0,999936,-0,0007861753,0,01093104,0,0,0,0,0,0,0,0,0,0,0,0,0,0,0,0,0,0,0,0,0,0,1,1,1,False
60,08067,-15,08607,2,937942,-6,555571,-0,00280447,0,999936,-0,0007861753,0,01093104,0,0,0,0,0,0,0,0,0,0,0,0,0,0,0,0,0,0,0,0,0,0,1,1,1,False
60,097,-15,08607,2,937942,-6,555571,-0,00280447,0,999936,-0,0007861753,0,01093104,0,0,0,0,0,0,0,0,0,0,0,0,0,0,0,0,0,0,0,0,0,0,1,1,1,False
60,11156,-15,08607,2,937942,-6,555571,-0,00280447,0,999936,-0,0007861753,0,01093104,0,0,0,0,0,0,0,0,0,0,0,0,0,0,0,0,0,0,0,0,0,0,1,1,1,False
60,1283,-15,08607,2,937942,-6,555571,-0,00280447,0,999936,-0,0007861753,0,01093104,0,0,0,0,0,0,0,0,0,0,0,0,0,0,0,0,0,0,0,0,0,0,1,1,1,False
60,14411,-15,08607,2,937942,-6,555571,-0,00280447,0,999936,-0,0007861753,0,01093104,0,0,0,0,0,0,0,0,0,0,0,0,0,0,0,0,0,0,0,0,0,0,1,1,1,False
60,16094,-15,08607,2,937942,-6,555571,-0,00280447,0,999936,-0,0007861753,0,01093104,0,0,0,0,0,0,0,0,0,0,0,0,0,0,0,0,0,0,0,0,0,0,1,1,1,False
60,17799,-15,08607,2,937942,-6,555571,-0,00280447,0,999936,-0,0007861753,0,01093104,0,0,0,0,0,0,0,0,0,0,0,0,0,0,0,0,0,0,0,0,0,0,1,1,1,False
60,19243,-15,08607,2,937942,-6,555571,-0,00280447,0,999936,-0,0007861753,0,01093104,0,0,0,0,0,0,0,0,0,0,0,0,0,0,0,0,0,0,0,0,0,0,1,1,1,False
60,20906,-15,08607,2,937942,-6,555571,-0,00280447,0,999936,-0,0007861753,0,01093104,0,0,0,0,0,0,0,0,0,0,0,0,0,0,0,0,0,0,0,0,0,0,1,1,1,False
60,2261,-15,08607,2,937942,-6,555571,-0,00280447,0,999936,-0,0007861753,0,01093104,0,0,0,0,0,0,0,0,0,0,0,0,0,0,0,0,0,0,0,0,0,0,1,1,1,False
60,24266,-15,08607,2,937942,-6,555571,-0,00280447,0,999936,-0,0007861753,0,01093104,0,0,0,0,0,0,0,0,0,0,0,0,0,0,0,0,0,0,0,0,0,0,1,1,1,False
60,25906,-15,08607,2,937942,-6,555571,-0,00280447,0,999936,-0,0007861753,0,01093104,0,0,0,0,0,0,0,0,0,0,0,0,0,0,0,0,0,0,0,0,0,0,1,1,1,False
60,27363,-15,08607,2,937942,-6,555571,-0,00280447,0,999936,-0,0007861753,0,01093104,0,0,0,0,0,0,0,0,0,0,0,0,0,0,0,0,0,0,0,0,0,0,1,1,1,False
60,28934,-15,08607,2,937942,-6,555571,-0,00280447,0,999936,-0,0007861753,0,01093104,0,0,0,0,0,0,0,0,0,0,0,0,0,0,0,0,0,0,0,0,0,0,1,1,1,False
60,3047,-15,08607,2,937942,-6,555571,-0,00280447,0,999936,-0,0007861753,0,01093104,0,0,0,0,0,0,0,0,0,0,0,0,0,0,0,0,0,0,0,0,0,0,1,1,1,False
60,32024,-15,08607,2,937942,-6,555571,-0,00280447,0,999936,-0,0007861753,0,01093104,0,0,0,0,0,0,0,0,0,0,0,0,0,0,0,0,0,0,0,0,0,0,1,1,1,False
60,33623,-15,08607,2,937942,-6,555571,-0,00280447,0,999936,-0,0007861753,0,01093104,0,0,0,0,0,0,0,0,0,0,0,0,0,0,0,0,0,0,0,0,0,0,1,1,1,False
60,35405,-15,08607,2,937942,-6,555571,-0,00280447,0,999936,-0,0007861753,0,01093104,0,0,0,0,0,0,0,0,0,0,0,0,0,0,0,0,0,0,0,0,0,0,1,1,1,False
60,36958,-15,08607,2,937942,-6,555571,-0,00280447,0,999936,-0,0007861753,0,01093104,0,0,0,0,0,0,0,0,0,0,0,0,0,0,0,0,0,0,0,0,0,0,1,1,1,False
60,38508,-15,08607,2,937942,-6,555571,-0,00280447,0,999936,-0,0007861753,0,01093104,0,0,0,0,0,0,0,0,0,0,0,0,0,0,0,0,0,0,0,0,0,0,1,1,1,False
60,40065,-15,08607,2,937942,-6,555571,-0,00280447,0,999936,-0,0007861753,0,01093104,0,0,0,0,0,0,0,0,0,0,0,0,0,0,0,0,0,0,0,0,0,0,1,1,1,False
60,41631,-15,08607,2,937942,-6,555571,-0,00280447,0,999936,-0,0007861753,0,01093104,0,0,0,0,0,0,0,0,0,0,0,0,0,0,0,0,0,0,0,0,0,0,1,1,1,False
60,4323,-15,08607,2,923942,-6,555571,-0,00280447,0,999936,-0,0007861753,0,01093104,0,0,0,0,0,0,0,0,0,0,0,0,0,0,0,0,0,0,0,0,0,0,1,1,1,False
60,44993,-15,08607,2,895942,-6,555571,-0,00280447,0,999936,-0,0007861753,0,01093104,0,0,0,0,0,0,0,0,0,0,0,0,0,0,0,0,0,0,0,0,0,0,1,1,1,False
60,46739,-15,08607,2,867942,-6,555571,-0,00280447,0,999936,-0,0007861753,0,01093104,0,0,0,0,0,0,0,0,0,0,0,0,0,0,0,0,0,0,0,0,0,0,1,1,1,False
60,48445,-15,08607,2,856942,-6,555571,-0,00280447,0,999936,-0,0007861753,0,01093104,0,0,0,0,0,0,0,0,0,0,0,0,0,0,0,0,0,0,0,0,0,0,1,1,1,False
60,5014,-15,08507,2,827942,-6,555571,-0,00280447,0,999936,-0,0007861753,0,01093104,0,0,0,0,0,0,0,0,0,0,0,0,0,0,0,0,0,0,0,0,0,0,1,1,1,False
60,51851,-15,08507,2,812942,-6,555571,-0,00280447,0,999936,-0,0007861753,0,01093104,0,0,0,0,0,0,0,0,0,0,0,0,0,0,0,0,0,0,0,0,0,0,1,1,1,False
60,5349,-15,08507,2,797942,-6,555571,-0,00280447,0,999936,-0,0007861753,0,01093104,0,0,0,0,0,0,0,0,0,0,0,0,0,0,0,0,0,0,0,0,0,0,1,1,1,False
60,5518,-15,08507,2,783942,-6,555571,-0,00280447,0,999936,-0,0007861753,0,01093104,0,0,0,0,0,0,0,0,0,0,0,0,0,0,0,0,0,0,0,0,0,0,1,1,1,False
60,57592,-15,08507,2,753942,-6,555571,-0,00280447,0,999936,-0,0007861753,0,01093104,0,0,0,0,0,0,0,0,0,0,0,0,0,0,0,0,0,0,0,0,0,0,1,1,1,False
60,59233,-15,08507,2,737942,-6,555571,-0,00280447,0,999936,-0,0007861753,0,01093104,0,0,0,0,0,0,0,0,0,0,0,0,0,0,0,0,0,0,0,0,0,0,1,1,1,False
60,60903,-15,08507,2,722942,-6,555571,-0,00280447,0,999936,-0,0007861753,0,01093104,0,0,0,0,0,0,0,0,0,0,0,0,0,0,0,0,0,0,0,0,0,0,1,1,1,False
60,62534,-15,08507,2,707942,-6,555571,-0,00280447,0,999936,-0,0007861753,0,01093104,0,0,0,0,0,0,0,0,0,0,0,0,0,0,0,0,0,0,0,0,0,0,1,1,1,False
60,64193,-15,08507,2,691942,-6,555571,-0,00280447,0,999936,-0,0007861753,0,01093104,0,0,0,0,0,0,0,0,0,0,0,0,0,0,0,0,0,0,0,0,0,0,1,1,1,False
60,65879,-15,08407,2,660942,-6,555571,-0,00280447,0,999936,-0,0007861753,0,01093104,0,0,0,0,0,0,0,0,0,0,0,0,0,0,0,0,0,0,0,0,0,0,1,1,1,False
60,67477,-15,08407,2,644942,-6,555571,-0,00280447,0,999936,-0,0007861753,0,01093104,0,0,0,0,0,0,0,0,0,0,0,0,0,0,0,0,0,0,0,0,0,0,1,1,1,False
60,69159,-15,08407,2,644942,-6,555571,-0,00280447,0,999936,-0,0007861753,0,01093104,0,0,0,0,0,0,0,0,0,0,0,0,0,0,0,0,0,0,0,0,0,0,1,1,1,False
60,70857,-15,08407,2,628942,-6,55457,-0,00280447,0,999936,-0,0007861753,0,01093104,0,0,0,0,0,0,0,0,0,0,0,0,0,0,0,0,0,0,0,0,0,0,1,1,1,False
60,73228,-15,08407,2,579942,-6,55457,-0,00280447,0,999936,-0,0007861753,0,01093104,0,0,0,0,0,0,0,0,0,0,0,0,0,0,0,0,0,0,0,0,0,0,1,1,1,False
60,74868,-15,08407,2,529942,-6,55457,-0,00280447,0,999936,-0,0007861753,0,01093104,0,0,0,0,0,0,0,0,0,0,0,0,0,0,0,0,0,0,0,0,0,0,1,1,1,False
60,76573,-15,08407,2,495942,-6,55457,-0,00280447,0,999936,-0,0007861753,0,01093104,0,0,0,0,0,0,0,0,0,0,0,0,0,0,0,0,0,0,0,0,0,0,1,1,1,False
60,78246,-15,07907,2,439942,-6,555571,-0,00280447,0,999936,-0,0007861753,0,01093104,0,0,0,0,0,0,0,0,0,0,0,0,0,0,0,0,0,0,0,0,0,0,1,1,1,False
60,79911,-15,07907,2,419942,-6,555571,-0,00280447,0,999936,-0,0007861753,0,01093104,0,0,0,0,0,0,0,0,0,0,0,0,0,0,0,0,0,0,0,0,0,0,1,1,1,False
60,81411,-15,07907,2,419942,-6,555571,-0,00280447,0,999936,-0,0007861753,0,01093104,0,0,0,0,0,0,0,0,0,0,0,0,0,0,0,0,0,0,0,0,0,0,1,1,1,False
60,83107,-15,07907,2,399942,-6,555571,-0,00280447,0,999936,-0,0007861753,0,01093104,0,0,0,0,0,0,0,0,0,0,0,0,0,0,0,0,0,0,0,0,0,0,1,1,1,False
60,84768,-15,07907,2,379942,-6,555571,-0,00280447,0,999936,-0,0007861753,0,01093104,0,0,0,0,0,0,0,0,0,0,0,0,0,0,0,0,0,0,0,0,0,0,1,1,1,False
60,8663,-15,07907,2,349942,-6,555571,-0,00280447,0,999936,-0,0007861753,0,01093104,0,0,0,0,0,0,0,0,0,0,0,0,0,0,0,0,0,0,0,0,0,0,1,1,1,False
60,89203,-15,07907,2,329942,-6,555571,-0,00280447,0,999936,-0,0007861753,0,01093104,0,0,0,0,0,0,0,0,0,0,0,0,0,0,0,0,0,0,0,0,0,0,1,1,1,False
60,90989,-15,07907,2,309942,-6,555571,-0,00280447,0,999936,-0,0007861753,0,01093104,0,0,0,0,0,0,0,0,0,0,0,0,0,0,0,0,0,0,0,0,0,0,1,1,1,False
60,92765,-15,07907,2,289942,-6,555571,-0,00280447,0,999936,-0,0007861753,0,01093104,0,0,0,0,0,0,0,0,0,0,0,0,0,0,0,0,0,0,0,0,0,0,1,1,1,False
60,94509,-15,07907,2,269942,-6,555571,-0,00280447,0,999936,-0,0007861753,0,01093104,0,0,0,0,0,0,0,0,0,0,0,0,0,0,0,0,0,0,0,0,0,0,1,1,1,False
60,96113,-15,07907,2,269942,-6,555571,-0,00280447,0,999936,-0,0007861753,0,01093104,0,0,0,0,0,0,0,0,0,0,0,0,0,0,0,0,0,0,0,0,0,0,1,1,1,False
60,97693,-15,07907,2,269942,-6,555571,-0,00280447,0,999936,-0,0007861753,0,01093104,0,0,0,0,0,0,0,0,0,0,0,0,0,0,0,0,0,0,0,0,0,0,1,1,1,False
60,9928,-15,07907,2,870515,-6,555571,-0,00280447,0,999936,-0,0007861753,0,01093104,0,0,0,0,0,0,0,0,0,0,0,0,0,0,0,0,0,0,0,0,0,0,1,1,1,False
61,00894,-15,07907,2,870515,-6,555571,-0,00280447,0,999936,-0,0007861753,0,01093104,0,0,0,0,0,0,0,0,0,0,0,0,0,0,0,0,0,0,0,0,0,0,1,1,1,False
61,02665,-15,08207,2,871189,-6,55457,-0,00280447,0,999936,-0,0007861753,0,01093104,0,0,0,0,0,0,0,0,0,0,0,0,0,0,0,0,0,0,0,0,0,0,1,1,1,False
61,05122,-15,08207,2,871189,-6,55457,-0,00280447,0,999936,-0,0007861753,0,01093104,0,0,0,0,0,0,0,0,0,0,0,0,0,0,0,0,0,0,0,0,0,0,1,1,1,False
61,06731,-15,08207,2,871189,-6,55457,-0,00280447,0,999936,-0,0007861753,0,01093104,0,0,0,0,0,0,0,0,0,0,0,0,0,0,0,0,0,0,0,0,0,0,1,1,1,False
61,08342,-15,08207,2,871189,-6,55457,-0,00280447,0,999936,-0,0007861753,0,01093104,0,0,0,0,0,0,0,0,0,0,0,0,0,0,0,0,0,0,0,0,0,0,1,1,1,False
61,09925,-15,08207,2,871189,-6,55457,-0,00280447,0,999936,-0,0007861753,0,01093104,0,0,0,0,0,0,0,0,0,0,0,0,0,0,0,0,0,0,0,0,0,0,1,1,1,False
61,11432,-15,08207,2,871189,-6,55457,-0,00280447,0,999936,-0,0007861753,0,01093104,0,0,0,0,0,0,0,0,0,0,0,0,0,0,0,0,0,0,0,0,0,0,1,1,1,False
61,13117,-15,08207,2,309942,-6,55457,-0,00280447,0,999936,-0,0007861753,0,01093104,0,0,0,0,0,0,0,0,0,0,0,0,0,0,0,0,0,0,0,0,0,0,1,1,1,False
61,14789,-15,07907,2,409942,-6,555571,-0,00280447,0,999936,-0,0007861753,0,01093104,0,0,0,0,0,0,0,0,0,0,0,0,0,0,0,0,0,0,0,0,0,0,1,1,1,False
61,1647,-15,07907,2,539942,-6,555571,-0,00280447,0,999936,-0,0007861753,0,01093104,0,0,0,0,0,0,0,0,0,0,0,0,0,0,0,0,0,0,0,0,0,0,1,1,1,False
61,18182,-15,08407,2,645942,-6,555571,-0,00280447,0,999936,-0,0007861753,0,01093104,0,0,0,0,0,0,0,0,0,0,0,0,0,0,0,0,0,0,0,0,0,0,1,1,1,False
61,20599,-15,08507,2,824942,-6,555571,-0,00280447,0,999936,-0,0007861753,0,01093104,0,0,0,0,0,0,0,0,0,0,0,0,0,0,0,0,0,0,0,0,0,0,1,1,1,False
61,22269,-15,08607,2,904942,-6,555571,-0,00280447,0,999936,-0,0007861753,0,01093104,0,0,0,0,0,0,0,0,0,0,0,0,0,0,0,0,0,0,0,0,0,0,1,1,1,False
61,23965,-15,08607,2,975942,-6,555571,-0,00280447,0,999936,-0,0007861753,0,01093104,0,0,0,0,0,0,0,0,0,0,0,0,0,0,0,0,0,0,0,0,0,0,1,1,1,False
61,25522,-15,08607,3,018563,-6,555571,-0,00280447,0,999936,-0,0007861753,0,01093104,0,0,0,0,0,0,0,0,0,0,0,0,0,0,0,0,0,0,0,0,0,0,1,1,1,False
61,27215,-15,08707,3,071544,-6,555571,-0,00280447,0,999936,-0,0007861753,0,01093104,0,0,0,0,0,0,0,0,0,0,0,0,0,0,0,0,0,0,0,0,0,0,1,1,1,False
61,28897,-15,08707,3,147803,-6,555571,-0,00280447,0,999936,-0,0007861753,0,01093104,0,0,0,0,0,0,0,0,0,0,0,0,0,0,0,0,0,0,0,0,0,0,1,1,1,False
61,30631,-15,08807,3,194604,-6,555571,-0,00280447,0,999936,-0,0007861753,0,01093104,0,0,0,0,0,0,0,0,0,0,0,0,0,0,0,0,0,0,0,0,0,0,1,1,1,False
61,32323,-15,08807,3,241065,-6,556571,-0,00280447,0,999936,-0,0007861753,0,01093104,0,0,0,0,0,0,0,0,0,0,0,0,0,0,0,0,0,0,0,0,0,0,1,1,1,False
61,34016,-15,08807,3,298247,-6,556571,-0,00280447,0,999936,-0,0007861753,0,01093104,0,0,0,0,0,0,0,0,0,0,0,0,0,0,0,0,0,0,0,0,0,0,1,1,1,False
61,36452,-15,08807,3,354111,-6,556571,-0,00280447,0,999936,-0,0007861753,0,01093104,0,0,0,0,0,0,0,0,0,0,0,0,0,0,0,0,0,0,0,0,0,0,1,1,1,False
61,38167,-15,08907,3,414045,-6,556571,-0,00280447,0,999936,-0,0007861753,0,01093104,0,0,0,0,0,0,0,0,0,0,0,0,0,0,0,0,0,0,0,0,0,0,1,1,1,False
61,39862,-15,08907,3,455505,-6,556571,-0,00280447,0,999936,-0,0007861753,0,01093104,0,0,0,0,0,0,0,0,0,0,0,0,0,0,0,0,0,0,0,0,0,0,1,1,1,False
61,41457,-15,08907,3,485565,-6,556571,-0,00280447,0,999936,-0,0007861753,0,01093104,0,0,0,0,0,0,0,0,0,0,0,0,0,0,0,0,0,0,0,0,0,0,1,1,1,False
61,43296,-15,08907,3,509068,-6,556571,-0,00280447,0,999936,-0,0007861753,0,01093104,0,0,0,0,0,0,0,0,0,0,0,0,0,0,0,0,0,0,0,0,0,0,1,1,1,False
61,44999,-15,08907,3,517811,-6,556571,-0,00280447,0,999936,-0,0007861753,0,01093104,0,0,0,0,0,0,0,0,0,0,0,0,0,0,0,0,0,0,0,0,0,0,1,1,1,False
61,46672,-15,08907,3,525664,-6,556571,-0,00280447,0,999936,-0,0007861753,0,01093104,0,0,0,0,0,0,0,0,0,0,0,0,0,0,0,0,0,0,0,0,0,0,1,1,1,False
61,48354,-15,09007,3,523711,-6,556571,-0,00280447,0,999936,-0,0007861753,0,01093104,0,0,0,0,0,0,0,0,0,0,0,0,0,0,0,0,0,0,0,0,0,0,1,1,1,False
61,49888,-15,09007,3,484704,-6,556571,-0,00280447,0,999936,-0,0007861753,0,01093104,0,0,0,0,0,0,0,0,0,0,0,0,0,0,0,0,0,0,0,0,0,0,1,1,1,False
61,52052,-15,09007,3,42507,-6,556571,-0,00280447,0,999936,-0,0007861753,0,01093104,0,0,0,0,0,0,0,0,0,0,0,0,0,0,0,0,0,0,0,0,0,0,1,1,1,False
61,53653,-15,09007,3,378449,-6,556571,-0,00280447,0,999936,-0,0007861753,0,01093104,0,0,0,0,0,0,0,0,0,0,0,0,0,0,0,0,0,0,0,0,0,0,1,1,1,False
61,55108,-15,09007,3,333996,-6,556571,-0,00280447,0,999936,-0,0007861753,0,01093104,0,0,0,0,0,0,0,0,0,0,0,0,0,0,0,0,0,0,0,0,0,0,1,1,1,False
61,56654,-15,09007,3,284427,-6,556571,-0,00280447,0,999936,-0,0007861753,0,01093104,0,0,0,0,0,0,0,0,0,0,0,0,0,0,0,0,0,0,0,0,0,0,1,1,1,False
61,58194,-15,09007,3,232693,-6,556571,-0,00280447,0,999936,-0,0007861753,0,01093104,0,0,0,0,0,0,0,0,0,0,0,0,0,0,0,0,0,0,0,0,0,0,1,1,1,False
61,59775,-15,09007,3,177171,-6,556571,-0,00280447,0,999936,-0,0007861753,0,01093104,0,0,0,0,0,0,0,0,0,0,0,0,0,0,0,0,0,0,0,0,0,0,1,1,1,False
61,6124,-15,09007,3,123596,-6,556571,-0,00280447,0,999936,-0,0007861753,0,01093104,0,0,0,0,0,0,0,0,0,0,0,0,0,0,0,0,0,0,0,0,0,0,1,1,1,False
61,62828,-15,09007,3,063055,-6,556571,-0,00280447,0,999936,-0,0007861753,0,01093104,0,0,0,0,0,0,0,0,0,0,0,0,0,0,0,0,0,0,0,0,0,0,1,1,1,False
61,64525,-15,08907,3,487407,-6,556571,-0,00280447,0,999936,-0,0007861753,0,01093104,0,0,0,0,0,0,0,0,0,0,0,0,0,0,0,0,0,0,0,0,0,0,1,1,1,False
61,662,-15,08907,3,456556,-6,556571,-0,00280447,0,999936,-0,0007861753,0,01093104,0,0,0,0,0,0,0,0,0,0,0,0,0,0,0,0,0,0,0,0,0,0,1,1,1,False
61,68611,-15,08907,3,381337,-6,556571,-0,00280447,0,999936,-0,0007861753,0,01093104,0,0,0,0,0,0,0,0,0,0,0,0,0,0,0,0,0,0,0,0,0,0,1,1,1,False
61,70293,-15,08907,3,400482,-6,556571,-0,00280447,0,999936,-0,0007861753,0,01093104,0,0,0,0,0,0,0,0,0,0,0,0,0,0,0,0,0,0,0,0,0,0,1,1,1,False
61,71997,-15,08907,3,376641,-6,556571,-0,00280447,0,999936,-0,0007861753,0,01093104,0,0,0,0,0,0,0,0,0,0,0,0,0,0,0,0,0,0,0,0,0,0,1,1,1,False
61,7372,-15,08907,3,352876,-6,556571,-0,00280447,0,999936,-0,0007861753,0,01093104,0,0,0,0,0,0,0,0,0,0,0,0,0,0,0,0,0,0,0,0,0,0,1,1,1,False
61,75191,-15,08907,3,278955,-6,556571,-0,00280447,0,999936,-0,0007861753,0,01093104,0,0,0,0,0,0,0,0,0,0,0,0,0,0,0,0,0,0,0,0,0,0,1,1,1,False
61,76731,-15,08907,3,199196,-6,556571,-0,00280447,0,999936,-0,0007861753,0,01093104,0,0,0,0,0,0,0,0,0,0,0,0,0,0,0,0,0,0,0,0,0,0,1,1,1,False
61,78254,-15,08907,3,118127,-6,556571,-0,00280447,0,999936,-0,0007861753,0,01093104,0,0,0,0,0,0,0,0,0,0,0,0,0,0,0,0,0,0,0,0,0,0,1,1,1,False
61,79803,-15,08907,3,033233,-6,556571,-0,00280447,0,999936,-0,0007861753,0,01093104,0,0,0,0,0,0,0,0,0,0,0,0,0,0,0,0,0,0,0,0,0,0,1,1,1,False
61,81271,-15,08907,2,96589,-6,556571,-0,00280447,0,999936,-0,0007861753,0,01093104,0,0,0,0,0,0,0,0,0,0,0,0,0,0,0,0,0,0,0,0,0,0,1,1,1,False
61,83554,-15,08907,2,96589,-6,556571,-0,00280447,0,999936,-0,0007861753,0,01093104,0,0,0,0,0,0,0,0,0,0,0,0,0,0,0,0,0,0,0,0,0,0,1,1,1,False
61,8507,-15,08907,2,96589,-6,556571,-0,00280447,0,999936,-0,0007861753,0,01093104,0,0,0,0,0,0,0,0,0,0,0,0,0,0,0,0,0,0,0,0,0,0,1,1,1,False
61,86617,-15,08907,2,96589,-6,556571,-0,00280447,0,999936,-0,0007861753,0,01093104,0,0,0,0,0,0,0,0,0,0,0,0,0,0,0,0,0,0,0,0,0,0,1,1,1,False
61,88158,-15,08907,2,96589,-6,556571,-0,00280447,0,999936,-0,0007861753,0,01093104,0,0,0,0,0,0,0,0,0,0,0,0,0,0,0,0,0,0,0,0,0,0,1,1,1,False
61,89893,-15,08907,2,96589,-6,556571,-0,00280447,0,999936,-0,0007861753,0,01093104,0,0,0,0,0,0,0,0,0,0,0,0,0,0,0,0,0,0,0,0,0,0,1,1,1,False
61,91679,-15,08907,3,42481,-6,556571,-0,00280447,0,999936,-0,0007861753,0,01093104,0,0,0,0,0,0,0,0,0,0,0,0,0,0,0,0,0,0,0,0,0,0,1,1,1,False
61,93512,-15,08907,3,418306,-6,556571,-0,00280447,0,999936,-0,0007861753,0,01093104,0,0,0,0,0,0,0,0,0,0,0,0,0,0,0,0,0,0,0,0,0,0,1,1,1,False
61,95331,-15,08907,3,408599,-6,556571,-0,00280447,0,999936,-0,0007861753,0,01093104,0,0,0,0,0,0,0,0,0,0,0,0,0,0,0,0,0,0,0,0,0,0,1,1,1,False
61,97085,-15,08907,3,396225,-6,556571,-0,00280447,0,999936,-0,0007861753,0,01093104,0,0,0,0,0,0,0,0,0,0,0,0,0,0,0,0,0,0,0,0,0,0,1,1,1,False
61,99657,-15,08907,3,371589,-6,556571,-0,00280447,0,999936,-0,0007861753,0,01093104,0,0,0,0,0,0,0,0,0,0,0,0,0,0,0,0,0,0,0,0,0,0,1,1,1,False
62,0149,-15,08907,3,350738,-6,556571,-0,00280447,0,999936,-0,0007861753,0,01093104,0,0,0,0,0,0,0,0,0,0,0,0,0,0,0,0,0,0,0,0,0,0,1,1,1,False
62,03262,-15,08907,3,327498,-6,556571,-0,00280447,0,999936,-0,0007861753,0,01093104,0,0,0,0,0,0,0,0,0,0,0,0,0,0,0,0,0,0,0,0,0,0,1,1,1,False
62,05006,-15,08907,3,301647,-6,556571,-0,00280447,0,999936,-0,0007861753,0,01093104,0,0,0,0,0,0,0,0,0,0,0,0,0,0,0,0,0,0,0,0,0,0,1,1,1,False
62,06818,-15,08907,3,271558,-6,556571,-0,00280447,0,999936,-0,0007861753,0,01093104,0,0,0,0,0,0,0,0,0,0,0,0,0,0,0,0,0,0,0,0,0,0,1,1,1,False
62,08657,-15,08907,3,237696,-6,556571,-0,00280447,0,999936,-0,0007861753,0,01093104,0,0,0,0,0,0,0,0,0,0,0,0,0,0,0,0,0,0,0,0,0,0,1,1,1,False
62,10476,-15,08907,3,200969,-6,556571,-0,00280447,0,999936,-0,0007861753,0,01093104,0,0,0,0,0,0,0,0,0,0,0,0,0,0,0,0,0,0,0,0,0,0,1,1,1,False
62,12261,-15,08907,3,16181,-6,556571,-0,00280447,0,999936,-0,0007861753,0,01093104,0,0,0,0,0,0,0,0,0,0,0,0,0,0,0,0,0,0,0,0,0,0,1,1,1,False
62,15116,-15,08907,3,091166,-6,556571,-0,00280447,0,999936,-0,0007861753,0,01093104,0,0,0,0,0,0,0,0,0,0,0,0,0,0,0,0,0,0,0,0,0,0,1,1,1,False
62,16866,-15,08907,3,044856,-6,556571,-0,00280447,0,999936,-0,0007861753,0,01093104,0,0,0,0,0,0,0,0,0,0,0,0,0,0,0,0,0,0,0,0,0,0,1,1,1,False
62,18587,-15,08907,2,996411,-6,556571,-0,00280447,0,999936,-0,0007861753,0,01093104,0,0,0,0,0,0,0,0,0,0,0,0,0,0,0,0,0,0,0,0,0,0,1,1,1,False
62,20298,-15,08907,2,996411,-6,556571,-0,00280447,0,999936,-0,0007861753,0,01093104,0,0,0,0,0,0,0,0,0,0,0,0,0,0,0,0,0,0,0,0,0,0,1,1,1,False
62,21983,-15,08907,2,996411,-6,556571,-0,00280447,0,999936,-0,0007861753,0,01093104,0,0,0,0,0,0,0,0,0,0,0,0,0,0,0,0,0,0,0,0,0,0,1,1,1,False
62,236,-15,08907,2,996411,-6,556571,-0,00280447,0,999936,-0,0007861753,0,01093104,0,0,0,0,0,0,0,0,0,0,0,0,0,0,0,0,0,0,0,0,0,0,1,1,1,False
62,2524,-15,08907,2,996411,-6,556571,-0,00280447,0,999936,-0,0007861753,0,01093104,0,0,0,0,0,0,0,0,0,0,0,0,0,0,0,0,0,0,0,0,0,0,1,1,1,False
62,26917,-15,08907,2,996411,-6,556571,-0,00280447,0,999936,-0,0007861753,0,01093104,0,0,0,0,0,0,0,0,0,0,0,0,0,0,0,0,0,0,0,0,0,0,1,1,1,False
62,28549,-15,08907,2,996411,-6,556571,-0,00280447,0,999936,-0,0007861753,0,01093104,0,0,0,0,0,0,0,0,0,0,0,0,0,0,0,0,0,0,0,0,0,0,1,1,1,False
62,30958,-15,08907,2,996411,-6,556571,-0,00280447,0,999936,-0,0007861753,0,01093104,0,0,0,0,0,0,0,0,0,0,0,0,0,0,0,0,0,0,0,0,0,0,1,1,1,False
62,32647,-15,08907,2,996411,-6,556571,-0,00280447,0,999936,-0,0007861753,0,01093104,0,0,0,0,0,0,0,0,0,0,0,0,0,0,0,0,0,0,0,0,0,0,1,1,1,False
62,34377,-15,08907,2,996411,-6,556571,-0,00280447,0,999936,-0,0007861753,0,01093104,0,0,0,0,0,0,0,0,0,0,0,0,0,0,0,0,0,0,0,0,0,0,1,1,1,False
62,36024,-15,08907,2,996411,-6,556571,-0,00280447,0,999936,-0,0007861753,0,01093104,0,0,0,0,0,0,0,0,0,0,0,0,0,0,0,0,0,0,0,0,0,0,1,1,1,False
62,37639,-15,08907,2,996411,-6,556571,-0,00280447,0,999936,-0,0007861753,0,01093104,0,0,0,0,0,0,0,0,0,0,0,0,0,0,0,0,0,0,0,0,0,0,1,1,1,False
62,39218,-15,08907,2,996411,-6,556571,-0,00280447,0,999936,-0,0007861753,0,01093104,0,0,0,0,0,0,0,0,0,0,0,0,0,0,0,0,0,0,0,0,0,0,1,1,1,False
62,40919,-15,08907,2,996411,-6,556571,-0,00280447,0,999936,-0,0007861753,0,01093104,0,0,0,0,0,0,0,0,0,0,0,0,0,0,0,0,0,0,0,0,0,0,1,1,1,False
62,42492,-15,08907,2,996411,-6,556571,-0,00280447,0,999936,-0,0007861753,0,01093104,0,0,0,0,0,0,0,0,0,0,0,0,0,0,0,0,0,0,0,0,0,0,1,1,1,False
62,44112,-15,08907,2,996411,-6,556571,-0,00280447,0,999936,-0,0007861753,0,01093104,0,0,0,0,0,0,0,0,0,0,0,0,0,0,0,0,0,0,0,0,0,0,1,1,1,False
62,45677,-15,08907,2,996411,-6,556571,-0,00280447,0,999936,-0,0007861753,0,01093104,0,0,0,0,0,0,0,0,0,0,0,0,0,0,0,0,0,0,0,0,0,0,1,1,1,False
62,47272,-15,08907,2,996411,-6,556571,-0,00280447,0,999936,-0,0007861753,0,01093104,0,0,0,0,0,0,0,0,0,0,0,0,0,0,0,0,0,0,0,0,0,0,1,1,1,False
62,48919,-15,08907,2,996411,-6,556571,-0,00280447,0,999936,-0,0007861753,0,01093104,0,0,0,0,0,0,0,0,0,0,0,0,0,0,0,0,0,0,0,0,0,0,1,1,1,False
62,50631,-15,08907,2,996411,-6,556571,-0,00280447,0,999936,-0,0007861753,0,01093104,0,0,0,0,0,0,0,0,0,0,0,0,0,0,0,0,0,0,0,0,0,0,1,1,1,False
62,52302,-15,08907,2,996411,-6,556571,-0,00280447,0,999936,-0,0007861753,0,01093104,0,0,0,0,0,0,0,0,0,0,0,0,0,0,0,0,0,0,0,0,0,0,1,1,1,False
62,53975,-15,08907,2,996411,-6,556571,-0,00280447,0,999936,-0,0007861753,0,01093104,0,0,0,0,0,0,0,0,0,0,0,0,0,0,0,0,0,0,0,0,0,0,1,1,1,False
62,55567,-15,08907,2,996411,-6,556571,-0,00280447,0,999936,-0,0007861753,0,01093104,0,0,0,0,0,0,0,0,0,0,0,0,0,0,0,0,0,0,0,0,0,0,1,1,1,False
62,57244,-15,08907,2,996411,-6,556571,-0,00280447,0,999936,-0,0007861753,0,01093104,0,0,0,0,0,0,0,0,0,0,0,0,0,0,0,0,0,0,0,0,0,0,1,1,1,False
62,58882,-15,08907,2,996411,-6,556571,-0,00280447,0,999936,-0,0007861753,0,01093104,0,0,0,0,0,0,0,0,0,0,0,0,0,0,0,0,0,0,0,0,0,0,1,1,1,False
62,60595,-15,08907,2,996411,-6,556571,-0,00280447,0,999936,-0,0007861753,0,01093104,0,0,0,0,0,0,0,0,0,0,0,0,0,0,0,0,0,0,0,0,0,0,1,1,1,False
62,62266,-15,08907,2,996411,-6,556571,-0,00280447,0,999936,-0,0007861753,0,01093104,0,0,0,0,0,0,0,0,0,0,0,0,0,0,0,0,0,0,0,0,0,0,1,1,1,False
62,63976,-15,08907,2,996411,-6,556571,-0,00280447,0,999936,-0,0007861753,0,01093104,0,0,0,0,0,0,0,0,0,0,0,0,0,0,0,0,0,0,0,0,0,0,1,1,1,False
62,65634,-15,08907,2,996411,-6,556571,-0,00280447,0,999936,-0,0007861753,0,01093104,0,0,0,0,0,0,0,0,0,0,0,0,0,0,0,0,0,0,0,0,0,0,1,1,1,False
62,6731,-15,08907,2,996411,-6,556571,-0,00280447,0,999936,-0,0007861753,0,01093104,0,0,0,0,0,0,0,0,0,0,0,0,0,0,0,0,0,0,0,0,0,0,1,1,1,False
62,68971,-15,08907,2,996411,-6,556571,-0,00280447,0,999936,-0,0007861753,0,01093104,0,0,0,0,0,0,0,0,0,0,0,0,0,0,0,0,0,0,0,0,0,0,1,1,1,False
62,70607,-15,08907,2,996411,-6,556571,-0,00280447,0,999936,-0,0007861753,0,01093104,0,0,0,0,0,0,0,0,0,0,0,0,0,0,0,0,0,0,0,0,0,0,1,1,1,False
62,72136,-15,08907,2,996411,-6,556571,-0,00280447,0,999936,-0,0007861753,0,01093104,0,0,0,0,0,0,0,0,0,0,0,0,0,0,0,0,0,0,0,0,0,0,1,1,1,False
62,73748,-15,08907,2,996411,-6,556571,-0,00280447,0,999936,-0,0007861753,0,01093104,0,0,0,0,0,0,0,0,0,0,0,0,0,0,0,0,0,0,0,0,0,0,1,1,1,False
62,75235,-15,08907,2,996411,-6,556571,-0,00280447,0,999936,-0,0007861753,0,01093104,0,0,0,0,0,0,0,0,0,0,0,0,0,0,0,0,0,0,0,0,0,0,1,1,1,False
62,76801,-15,08907,2,996411,-6,556571,-0,00280447,0,999936,-0,0007861753,0,01093104,0,0,0,0,0,0,0,0,0,0,0,0,0,0,0,0,0,0,0,0,0,0,1,1,1,False
62,78345,-15,08907,2,996411,-6,556571,-0,00280447,0,999936,-0,0007861753,0,01093104,0,0,0,0,0,0,0,0,0,0,0,0,0,0,0,0,0,0,0,0,0,0,1,1,1,False
62,79906,-15,08907,2,996411,-6,556571,-0,00280447,0,999936,-0,0007861753,0,01093104,0,0,0,0,0,0,0,0,0,0,0,0,0,0,0,0,0,0,0,0,0,0,1,1,1,False
62,81359,-15,08907,2,996411,-6,556571,-0,00280447,0,999936,-0,0007861753,0,01093104,0,0,0,0,0,0,0,0,0,0,0,0,0,0,0,0,0,0,0,0,0,0,1,1,1,False
62,8294,-15,08907,2,996411,-6,556571,-0,00280447,0,999936,-0,0007861753,0,01093104,0,0,0,0,0,0,0,0,0,0,0,0,0,0,0,0,0,0,0,0,0,0,1,1,1,False
62,84649,-15,08907,2,996411,-6,556571,-0,00280447,0,999936,-0,0007861753,0,01093104,0,0,0,0,0,0,0,0,0,0,0,0,0,0,0,0,0,0,0,0,0,0,1,1,1,False
62,86377,-15,08907,2,996411,-6,556571,-0,00280447,0,999936,-0,0007861753,0,01093104,0,0,0,0,0,0,0,0,0,0,0,0,0,0,0,0,0,0,0,0,0,0,1,1,1,False
62,87999,-15,08907,2,996411,-6,556571,-0,00280447,0,999936,-0,0007861753,0,01093104,0,0,0,0,0,0,0,0,0,0,0,0,0,0,0,0,0,0,0,0,0,0,1,1,1,False
62,89637,-15,08907,2,996411,-6,556571,-0,00280447,0,999936,-0,0007861753,0,01093104,0,0,0,0,0,0,0,0,0,0,0,0,0,0,0,0,0,0,0,0,0,0,1,1,1,False
62,91219,-15,08907,2,996411,-6,556571,-0,00280447,0,999936,-0,0007861753,0,01093104,0,0,0,0,0,0,0,0,0,0,0,0,0,0,0,0,0,0,0,0,0,0,1,1,1,False
62,92843,-15,08907,2,996411,-6,556571,-0,00280447,0,999936,-0,0007861753,0,01093104,0,0,0,0,0,0,0,0,0,0,0,0,0,0,0,0,0,0,0,0,0,0,1,1,1,False
62,94488,-15,08907,2,996411,-6,556571,-0,00280447,0,999936,-0,0007861753,0,01093104,0,0,0,0,0,0,0,0,0,0,0,0,0,0,0,0,0,0,0,0,0,0,1,1,1,False
62,96164,-15,08907,2,996411,-6,556571,-0,00280447,0,999936,-0,0007861753,0,01093104,0,0,0,0,0,0,0,0,0,0,0,0,0,0,0,0,0,0,0,0,0,0,1,1,1,False
62,97803,-15,08907,2,996411,-6,556571,-0,00280447,0,999936,-0,0007861753,0,01093104,0,0,0,0,0,0,0,0,0,0,0,0,0,0,0,0,0,0,0,0,0,0,1,1,1,False
62,9933,-15,08907,2,996411,-6,556571,-0,00280447,0,999936,-0,0007861753,0,01093104,0,0,0,0,0,0,0,0,0,0,0,0,0,0,0,0,0,0,0,0,0,0,1,1,1,False
63,00956,-15,08907,2,996411,-6,556571,-0,00280447,0,999936,-0,0007861753,0,01093104,0,0,0,0,0,0,0,0,0,0,0,0,0,0,0,0,0,0,0,0,0,0,1,1,1,False
63,02497,-15,08907,2,996411,-6,556571,-0,00280447,0,999936,-0,0007861753,0,01093104,0,0,0,0,0,0,0,0,0,0,0,0,0,0,0,0,0,0,0,0,0,0,1,1,1,False
63,04046,-15,08907,2,996411,-6,556571,-0,00280447,0,999936,-0,0007861753,0,01093104,0,0,0,0,0,0,0,0,0,0,0,0,0,0,0,0,0,0,0,0,0,0,1,1,1,False
63,05629,-15,08907,2,996411,-6,556571,-0,00280447,0,999936,-0,0007861753,0,01093104,0,0,0,0,0,0,0,0,0,0,0,0,0,0,0,0,0,0,0,0,0,0,1,1,1,False
63,07122,-15,08907,2,996411,-6,556571,-0,00280447,0,999936,-0,0007861753,0,01093104,0,0,0,0,0,0,0,0,0,0,0,0,0,0,0,0,0,0,0,0,0,0,1,1,1,False
63,08827,-15,08907,2,996411,-6,556571,-0,00280447,0,999936,-0,0007861753,0,01093104,0,0,0,0,0,0,0,0,0,0,0,0,0,0,0,0,0,0,0,0,0,0,1,1,1,False
63,10502,-15,08907,2,996411,-6,556571,-0,00280447,0,999936,-0,0007861753,0,01093104,0,0,0,0,0,0,0,0,0,0,0,0,0,0,0,0,0,0,0,0,0,0,1,1,1,False
63,12175,-15,08907,2,996411,-6,556571,-0,00280447,0,999936,-0,0007861753,0,01093104,0,0,0,0,0,0,0,0,0,0,0,0,0,0,0,0,0,0,0,0,0,0,1,1,1,False
63,138,-15,08907,2,996411,-6,556571,-0,00280447,0,999936,-0,0007861753,0,01093104,0,0,0,0,0,0,0,0,0,0,0,0,0,0,0,0,0,0,0,0,0,0,1,1,1,False
63,15396,-15,08907,2,996411,-6,556571,-0,00280447,0,999936,-0,0007861753,0,01093104,0,0,0,0,0,0,0,0,0,0,0,0,0,0,0,0,0,0,0,0,0,0,1,1,1,False
63,17022,-15,08907,2,996411,-6,556571,-0,00280447,0,999936,-0,0007861753,0,01093104,0,0,0,0,0,0,0,0,0,0,0,0,0,0,0,0,0,0,0,0,0,0,1,1,1,False
63,18674,-15,08907,2,996411,-6,556571,-0,00280447,0,999936,-0,0007861753,0,01093104,0,0,0,0,0,0,0,0,0,0,0,0,0,0,0,0,0,0,0,0,0,0,1,1,1,False
63,20339,-15,08907,2,996411,-6,556571,-0,00280447,0,999936,-0,0007861753,0,01093104,0,0,0,0,0,0,0,0,0,0,0,0,0,0,0,0,0,0,0,0,0,0,1,1,1,False
63,2197,-15,08907,2,996411,-6,556571,-0,00280447,0,999936,-0,0007861753,0,01093104,0,0,0,0,0,0,0,0,0,0,0,0,0,0,0,0,0,0,0,0,0,0,1,1,1,False
63,23415,-15,08907,2,996411,-6,556571,-0,00280447,0,999936,-0,0007861753,0,01093104,0,0,0,0,0,0,0,0,0,0,0,0,0,0,0,0,0,0,0,0,0,0,1,1,1,False
63,24984,-15,08907,2,996411,-6,556571,-0,00280447,0,999936,-0,0007861753,0,01093104,0,0,0,0,0,0,0,0,0,0,0,0,0,0,0,0,0,0,0,0,0,0,1,1,1,False
63,26522,-15,08907,2,996411,-6,556571,-0,00280447,0,999936,-0,0007861753,0,01093104,0,0,0,0,0,0,0,0,0,0,0,0,0,0,0,0,0,0,0,0,0,0,1,1,1,False
63,28097,-15,08907,2,996411,-6,556571,-0,00280447,0,999936,-0,0007861753,0,01093104,0,0,0,0,0,0,0,0,0,0,0,0,0,0,0,0,0,0,0,0,0,0,1,1,1,False
63,2966,-15,08907,2,996411,-6,556571,-0,00280447,0,999936,-0,0007861753,0,01093104,0,0,0,0,0,0,0,0,0,0,0,0,0,0,0,0,0,0,0,0,0,0,1,1,1,False
63,31204,-15,08907,2,996411,-6,556571,-0,00280447,0,999936,-0,0007861753,0,01093104,0,0,0,0,0,0,0,0,0,0,0,0,0,0,0,0,0,0,0,0,0,0,1,1,1,False
63,32867,-15,08907,2,996411,-6,556571,-0,00280447,0,999936,-0,0007861753,0,01093104,0,0,0,0,0,0,0,0,0,0,0,0,0,0,0,0,0,0,0,0,0,0,1,1,1,False
63,34528,-15,08907,2,996411,-6,556571,-0,00280447,0,999936,-0,0007861753,0,01093104,0,0,0,0,0,0,0,0,0,0,0,0,0,0,0,0,0,0,0,0,0,0,1,1,1,False
63,36204,-15,08907,2,996411,-6,556571,-0,00280447,0,999936,-0,0007861753,0,01093104,0,0,0,0,0,0,0,0,0,0,0,0,0,0,0,0,0,0,0,0,0,0,1,1,1,False
63,37869,-15,08907,2,996411,-6,556571,-0,00280447,0,999936,-0,0007861753,0,01093104,0,0,0,0,0,0,0,0,0,0,0,0,0,0,0,0,0,0,0,0,0,0,1,1,1,False
63,39339,-15,08907,2,996411,-6,556571,-0,00280447,0,999936,-0,0007861753,0,01093104,0,0,0,0,0,0,0,0,0,0,0,0,0,0,0,0,0,0,0,0,0,0,1,1,1,False
63,41018,-15,08907,2,996411,-6,556571,-0,00280447,0,999936,-0,0007861753,0,01093104,0,0,0,0,0,0,0,0,0,0,0,0,0,0,0,0,0,0,0,0,0,0,1,1,1,False
63,42686,-15,08907,2,996411,-6,556571,-0,00280447,0,999936,-0,0007861753,0,01093104,0,0,0,0,0,0,0,0,0,0,0,0,0,0,0,0,0,0,0,0,0,0,1,1,1,False
63,44294,-15,08907,2,996411,-6,556571,-0,00280447,0,999936,-0,0007861753,0,01093104,0,0,0,0,0,0,0,0,0,0,0,0,0,0,0,0,0,0,0,0,0,0,1,1,1,False
63,46078,-15,08907,2,996411,-6,556571,-0,00280447,0,999936,-0,0007861753,0,01093104,0,0,0,0,0,0,0,0,0,0,0,0,0,0,0,0,0,0,0,0,0,0,1,1,1,False
63,47629,-15,08907,2,996411,-6,556571,-0,00280447,0,999936,-0,0007861753,0,01093104,0,0,0,0,0,0,0,0,0,0,0,0,0,0,0,0,0,0,0,0,0,0,1,1,1,False
63,4954,-15,08907,3,006358,-6,556571,-0,00280447,0,999936,-0,0007861753,0,01093104,0,0,0,0,0,0,0,0,0,0,0,0,0,0,0,0,0,0,0,0,0,0,1,1,1,False
63,51259,-15,08907,3,005821,-6,556571,-0,00280447,0,999936,-0,0007861753,0,01093104,0,0,0,0,0,0,0,0,0,0,0,0,0,0,0,0,0,0,0,0,0,0,1,1,1,False
63,52949,-15,08907,3,03012,-6,556571,-0,00280447,0,999936,-0,0007861753,0,01093104,0,0,0,0,0,0,0,0,0,0,0,0,0,0,0,0,0,0,0,0,0,0,1,1,1,False
63,54515,-15,08907,3,019543,-6,556571,-0,00280447,0,999936,-0,0007861753,0,01093104,0,0,0,0,0,0,0,0,0,0,0,0,0,0,0,0,0,0,0,0,0,0,1,1,1,False
63,56216,-15,08907,3,050612,-6,556571,-0,00280447,0,999936,-0,0007861753,0,01093104,0,0,0,0,0,0,0,0,0,0,0,0,0,0,0,0,0,0,0,0,0,0,1,1,1,False
63,5868,-15,09007,3,066231,-6,556571,-0,00280447,0,999936,-0,0007861753,0,01093104,0,0,0,0,0,0,0,0,0,0,0,0,0,0,0,0,0,0,0,0,0,0,1,1,1,False
63,60396,-15,09007,3,09844,-6,556571,-0,00280447,0,999936,-0,0007861753,0,01093104,0,0,0,0,0,0,0,0,0,0,0,0,0,0,0,0,0,0,0,0,0,0,1,1,1,False
63,62072,-15,09007,3,121202,-6,556571,-0,00280447,0,999936,-0,0007861753,0,01093104,0,0,0,0,0,0,0,0,0,0,0,0,0,0,0,0,0,0,0,0,0,0,1,1,1,False
63,63756,-15,09007,3,157293,-6,556571,-0,00280447,0,999936,-0,0007861753,0,01093104,0,0,0,0,0,0,0,0,0,0,0,0,0,0,0,0,0,0,0,0,0,0,1,1,1,False
63,6535,-15,09007,3,17023,-6,556571,-0,00280447,0,999936,-0,0007861753,0,01093104,0,0,0,0,0,0,0,0,0,0,0,0,0,0,0,0,0,0,0,0,0,0,1,1,1,False
63,67099,-15,09007,3,214539,-6,556571,-0,00280447,0,999936,-0,0007861753,0,01093104,0,0,0,0,0,0,0,0,0,0,0,0,0,0,0,0,0,0,0,0,0,0,1,1,1,False
63,68781,-15,09007,3,224048,-6,556571,-0,00280447,0,999936,-0,0007861753,0,01093104,0,0,0,0,0,0,0,0,0,0,0,0,0,0,0,0,0,0,0,0,0,0,1,1,1,False
63,7048,-15,09107,3,245856,-6,556571,-0,00280447,0,999936,-0,0007861753,0,01093104,0,0,0,0,0,0,0,0,0,0,0,0,0,0,0,0,0,0,0,0,0,0,1,1,1,False
63,72149,-15,09107,3,254795,-6,556571,-0,00280447,0,999936,-0,0007861753,0,01093104,0,0,0,0,0,0,0,0,0,0,0,0,0,0,0,0,0,0,0,0,0,0,1,1,1,False
63,74524,-15,09107,3,244278,-6,55757,-0,00280447,0,999936,-0,0007861753,0,01093104,0,0,0,0,0,0,0,0,0,0,0,0,0,0,0,0,0,0,0,0,0,0,1,1,1,False
63,76245,-15,09107,3,280609,-6,55757,-0,00280447,0,999936,-0,0007861753,0,01093104,0,0,0,0,0,0,0,0,0,0,0,0,0,0,0,0,0,0,0,0,0,0,1,1,1,False
63,77958,-15,09107,3,288986,-6,55757,-0,00280447,0,999936,-0,0007861753,0,01093104,0,0,0,0,0,0,0,0,0,0,0,0,0,0,0,0,0,0,0,0,0,0,1,1,1,False
63,7952,-15,09107,3,293058,-6,55757,-0,00280447,0,999936,-0,0007861753,0,01093104,0,0,0,0,0,0,0,0,0,0,0,0,0,0,0,0,0,0,0,0,0,0,1,1,1,False
63,8121,-15,09107,3,297268,-6,55757,-0,00280447,0,999936,-0,0007861753,0,01093104,0,0,0,0,0,0,0,0,0,0,0,0,0,0,0,0,0,0,0,0,0,0,1,1,1,False
63,82965,-15,09107,3,303102,-6,55757,-0,00280447,0,999936,-0,0007861753,0,01093104,0,0,0,0,0,0,0,0,0,0,0,0,0,0,0,0,0,0,0,0,0,0,1,1,1,False
63,84669,-15,09107,3,313036,-6,55757,-0,00280447,0,999936,-0,0007861753,0,01093104,0,0,0,0,0,0,0,0,0,0,0,0,0,0,0,0,0,0,0,0,0,0,1,1,1,False
63,8634,-15,09107,3,249575,-6,55757,-0,00280447,0,999936,-0,0007861753,0,01093104,0,0,0,0,0,0,0,0,0,0,0,0,0,0,0,0,0,0,0,0,0,0,1,1,1,False
63,87989,-15,09107,3,184306,-6,55757,-0,00280447,0,999936,-0,0007861753,0,01093104,0,0,0,0,0,0,0,0,0,0,0,0,0,0,0,0,0,0,0,0,0,0,1,1,1,False
63,90165,-15,09107,3,09349,-6,55757,-0,00280447,0,999936,-0,0007861753,0,01093104,0,0,0,0,0,0,0,0,0,0,0,0,0,0,0,0,0,0,0,0,0,0,1,1,1,False
63,91742,-15,09107,3,025233,-6,55757,-0,00280447,0,999936,-0,0007861753,0,01093104,0,0,0,0,0,0,0,0,0,0,0,0,0,0,0,0,0,0,0,0,0,0,1,1,1,False
63,93222,-15,09107,2,964253,-6,55757,-0,00280447,0,999936,-0,0007861753,0,01093104,0,0,0,0,0,0,0,0,0,0,0,0,0,0,0,0,0,0,0,0,0,0,1,1,1,False
63,94786,-15,09107,2,964253,-6,55757,-0,00280447,0,999936,-0,0007861753,0,01093104,0,0,0,0,0,0,0,0,0,0,0,0,0,0,0,0,0,0,0,0,0,0,1,1,1,False
63,9637,-15,09107,2,964253,-6,55757,-0,00280447,0,999936,-0,0007861753,0,01093104,0,0,0,0,0,0,0,0,0,0,0,0,0,0,0,0,0,0,0,0,0,0,1,1,1,False
63,9796,-15,09107,2,964253,-6,55757,-0,00280447,0,999936,-0,0007861753,0,01093104,0,0,0,0,0,0,0,0,0,0,0,0,0,0,0,0,0,0,0,0,0,0,1,1,1,False
63,9942,-15,09107,2,964253,-6,55757,-0,00280447,0,999936,-0,0007861753,0,01093104,0,0,0,0,0,0,0,0,0,0,0,0,0,0,0,0,0,0,0,0,0,0,1,1,1,False
64,01037,-15,09107,2,964253,-6,55757,-0,00280447,0,999936,-0,0007861753,0,01093104,0,0,0,0,0,0,0,0,0,0,0,0,0,0,0,0,0,0,0,0,0,0,1,1,1,False
64,02683,-15,09107,2,964253,-6,55757,-0,00280447,0,999936,-0,0007861753,0,01093104,0,0,0,0,0,0,0,0,0,0,0,0,0,0,0,0,0,0,0,0,0,0,1,1,1,False
64,0433,-15,09107,2,964253,-6,55757,-0,00280447,0,999936,-0,0007861753,0,01093104,0,0,0,0,0,0,0,0,0,0,0,0,0,0,0,0,0,0,0,0,0,0,1,1,1,False
64,06978,-15,09107,2,964253,-6,55757,-0,00280447,0,999936,-0,0007861753,0,01093104,0,0,0,0,0,0,0,0,0,0,0,0,0,0,0,0,0,0,0,0,0,0,1,1,1,False
64,08615,-15,09107,2,964253,-6,55757,-0,00280447,0,999936,-0,0007861753,0,01093104,0,0,0,0,0,0,0,0,0,0,0,0,0,0,0,0,0,0,0,0,0,0,1,1,1,False
64,10243,-15,09107,2,964253,-6,55757,-0,00280447,0,999936,-0,0007861753,0,01093104,0,0,0,0,0,0,0,0,0,0,0,0,0,0,0,0,0,0,0,0,0,0,1,1,1,False
64,1191,-15,09107,2,964253,-6,55757,-0,00280447,0,999936,-0,0007861753,0,01093104,0,0,0,0,0,0,0,0,0,0,0,0,0,0,0,0,0,0,0,0,0,0,1,1,1,False
64,13459,-15,09107,2,964253,-6,55757,-0,00280447,0,999936,-0,0007861753,0,01093104,0,0,0,0,0,0,0,0,0,0,0,0,0,0,0,0,0,0,0,0,0,0,1,1,1,False
64,15102,-15,09107,2,964253,-6,55757,-0,00280447,0,999936,-0,0007861753,0,01093104,0,0,0,0,0,0,0,0,0,0,0,0,0,0,0,0,0,0,0,0,0,0,1,1,1,False
64,1679,-15,09107,2,964253,-6,55757,-0,00280447,0,999936,-0,0007861753,0,01093104,0,0,0,0,0,0,0,0,0,0,0,0,0,0,0,0,0,0,0,0,0,0,1,1,1,False
64,18427,-15,09107,2,964253,-6,55757,-0,00280447,0,999936,-0,0007861753,0,01093104,0,0,0,0,0,0,0,0,0,0,0,0,0,0,0,0,0,0,0,0,0,0,1,1,1,False
64,201,-15,09107,2,964253,-6,55757,-0,00280447,0,999936,-0,0007861753,0,01093104,0,0,0,0,0,0,0,0,0,0,0,0,0,0,0,0,0,0,0,0,0,0,1,1,1,False
64,21735,-15,09107,2,964253,-6,55757,-0,00280447,0,999936,-0,0007861753,0,01093104,0,0,0,0,0,0,0,0,0,0,0,0,0,0,0,0,0,0,0,0,0,0,1,1,1,False
64,23277,-15,09107,2,964253,-6,55757,-0,00280447,0,999936,-0,0007861753,0,01093104,0,0,0,0,0,0,0,0,0,0,0,0,0,0,0,0,0,0,0,0,0,0,1,1,1,False
64,2492,-15,09107,2,964253,-6,55757,-0,00280447,0,999936,-0,0007861753,0,01093104,0,0,0,0,0,0,0,0,0,0,0,0,0,0,0,0,0,0,0,0,0,0,1,1,1,False
64,26583,-15,09107,2,964253,-6,55757,-0,00280447,0,999936,-0,0007861753,0,01093104,0,0,0,0,0,0,0,0,0,0,0,0,0,0,0,0,0,0,0,0,0,0,1,1,1,False
64,28273,-15,09107,2,964253,-6,55757,-0,00280447,0,999936,-0,0007861753,0,01093104,0,0,0,0,0,0,0,0,0,0,0,0,0,0,0,0,0,0,0,0,0,0,1,1,1,False
64,29806,-15,09107,2,964253,-6,55757,-0,00280447,0,999936,-0,0007861753,0,01093104,0,0,0,0,0,0,0,0,0,0,0,0,0,0,0,0,0,0,0,0,0,0,1,1,1,False
64,31262,-15,09107,2,964253,-6,55757,-0,00280447,0,999936,-0,0007861753,0,01093104,0,0,0,0,0,0,0,0,0,0,0,0,0,0,0,0,0,0,0,0,0,0,1,1,1,False
64,32838,-15,09107,2,964253,-6,55757,-0,00280447,0,999936,-0,0007861753,0,01093104,0,0,0,0,0,0,0,0,0,0,0,0,0,0,0,0,0,0,0,0,0,0,1,1,1,False
64,34635,-15,09107,2,964253,-6,55757,-0,00280447,0,999936,-0,0007861753,0,01093104,0,0,0,0,0,0,0,0,0,0,0,0,0,0,0,0,0,0,0,0,0,0,1,1,1,False
64,36445,-15,09107,2,964253,-6,55757,-0,00280447,0,999936,-0,0007861753,0,01093104,0,0,0,0,0,0,0,0,0,0,0,0,0,0,0,0,0,0,0,0,0,0,1,1,1,False
64,38147,-15,09107,2,964253,-6,55757,-0,00280447,0,999936,-0,0007861753,0,01093104,0,0,0,0,0,0,0,0,0,0,0,0,0,0,0,0,0,0,0,0,0,0,1,1,1,False
64,3979,-15,09107,2,964253,-6,55757,-0,00280447,0,999936,-0,0007861753,0,01093104,0,0,0,0,0,0,0,0,0,0,0,0,0,0,0,0,0,0,0,0,0,0,1,1,1,False
64,4141,-15,09107,2,964253,-6,55757,-0,00280447,0,999936,-0,0007861753,0,01093104,0,0,0,0,0,0,0,0,0,0,0,0,0,0,0,0,0,0,0,0,0,0,1,1,1,False
64,43106,-15,09107,2,964253,-6,55757,-0,00280447,0,999936,-0,0007861753,0,01093104,0,0,0,0,0,0,0,0,0,0,0,0,0,0,0,0,0,0,0,0,0,0,1,1,1,False
64,44782,-15,09107,2,964253,-6,55757,-0,00280447,0,999936,-0,0007861753,0,01093104,0,0,0,0,0,0,0,0,0,0,0,0,0,0,0,0,0,0,0,0,0,0,1,1,1,False
64,46562,-15,09107,2,964253,-6,55757,-0,00280447,0,999936,-0,0007861753,0,01093104,0,0,0,0,0,0,0,0,0,0,0,0,0,0,0,0,0,0,0,0,0,0,1,1,1,False
64,48284,-15,09107,2,964253,-6,55757,-0,00280447,0,999936,-0,0007861753,0,01093104,0,0,0,0,0,0,0,0,0,0,0,0,0,0,0,0,0,0,0,0,0,0,1,1,1,False
64,49979,-15,09107,2,964253,-6,55757,-0,00280447,0,999936,-0,0007861753,0,01093104,0,0,0,0,0,0,0,0,0,0,0,0,0,0,0,0,0,0,0,0,0,0,1,1,1,False
64,51566,-15,09107,2,964253,-6,55757,-0,00280447,0,999936,-0,0007861753,0,01093104,0,0,0,0,0,0,0,0,0,0,0,0,0,0,0,0,0,0,0,0,0,0,1,1,1,False
64,53192,-15,09107,2,964253,-6,55757,-0,00280447,0,999936,-0,0007861753,0,01093104,0,0,0,0,0,0,0,0,0,0,0,0,0,0,0,0,0,0,0,0,0,0,1,1,1,False
64,55051,-15,09107,2,964253,-6,55757,-0,00280447,0,999936,-0,0007861753,0,01093104,0,0,0,0,0,0,0,0,0,0,0,0,0,0,0,0,0,0,0,0,0,0,1,1,1,False
64,56857,-15,09107,2,964253,-6,55757,-0,00280447,0,999936,-0,0007861753,0,01093104,0,0,0,0,0,0,0,0,0,0,0,0,0,0,0,0,0,0,0,0,0,0,1,1,1,False
64,58691,-15,09107,2,964253,-6,55757,-0,00280447,0,999936,-0,0007861753,0,01093104,0,0,0,0,0,0,0,0,0,0,0,0,0,0,0,0,0,0,0,0,0,0,1,1,1,False
64,60363,-15,09107,2,964253,-6,55757,-0,00280447,0,999936,-0,0007861753,0,01093104,0,0,0,0,0,0,0,0,0,0,0,0,0,0,0,0,0,0,0,0,0,0,1,1,1,False
64,62034,-15,09107,2,964253,-6,55757,-0,00280447,0,999936,-0,0007861753,0,01093104,0,0,0,0,0,0,0,0,0,0,0,0,0,0,0,0,0,0,0,0,0,0,1,1,1,False
64,63718,-15,09107,2,964253,-6,55757,-0,00280447,0,999936,-0,0007861753,0,01093104,0,0,0,0,0,0,0,0,0,0,0,0,0,0,0,0,0,0,0,0,0,0,1,1,1,False
64,65276,-15,09107,2,964253,-6,55757,-0,00280447,0,999936,-0,0007861753,0,01093104,0,0,0,0,0,0,0,0,0,0,0,0,0,0,0,0,0,0,0,0,0,0,1,1,1,False
64,66991,-15,09107,2,964253,-6,55757,-0,00280447,0,999936,-0,0007861753,0,01093104,0,0,0,0,0,0,0,0,0,0,0,0,0,0,0,0,0,0,0,0,0,0,1,1,1,False
64,68636,-15,09107,2,964253,-6,55757,-0,00280447,0,999936,-0,0007861753,0,01093104,0,0,0,0,0,0,0,0,0,0,0,0,0,0,0,0,0,0,0,0,0,0,1,1,1,False
64,70289,-15,09107,2,964253,-6,55757,-0,00280447,0,999936,-0,0007861753,0,01093104,0,0,0,0,0,0,0,0,0,0,0,0,0,0,0,0,0,0,0,0,0,0,1,1,1,False
64,7194,-15,09107,2,964253,-6,55757,-0,00280447,0,999936,-0,0007861753,0,01093104,0,0,0,0,0,0,0,0,0,0,0,0,0,0,0,0,0,0,0,0,0,0,1,1,1,False
64,73469,-15,09107,2,964253,-6,55757,-0,00280447,0,999936,-0,0007861753,0,01093104,0,0,0,0,0,0,0,0,0,0,0,0,0,0,0,0,0,0,0,0,0,0,1,1,1,False
64,75127,-15,09107,2,964253,-6,55757,-0,00280447,0,999936,-0,0007861753,0,01093104,0,0,0,0,0,0,0,0,0,0,0,0,0,0,0,0,0,0,0,0,0,0,1,1,1,False
64,76809,-15,09107,2,964253,-6,55757,-0,00280447,0,999936,-0,0007861753,0,01093104,0,0,0,0,0,0,0,0,0,0,0,0,0,0,0,0,0,0,0,0,0,0,1,1,1,False
64,78468,-15,09107,2,964253,-6,55757,-0,00280447,0,999936,-0,0007861753,0,01093104,0,0,0,0,0,0,0,0,0,0,0,0,0,0,0,0,0,0,0,0,0,0,1,1,1,False
64,80219,-15,09107,2,964253,-6,55757,-0,00280447,0,999936,-0,0007861753,0,01093104,0,0,0,0,0,0,0,0,0,0,0,0,0,0,0,0,0,0,0,0,0,0,1,1,1,False
64,81937,-15,09107,2,964253,-6,55757,-0,00280447,0,999936,-0,0007861753,0,01093104,0,0,0,0,0,0,0,0,0,0,0,0,0,0,0,0,0,0,0,0,0,0,1,1,1,False
64,83505,-15,09107,2,964253,-6,55757,-0,00280447,0,999936,-0,0007861753,0,01093104,0,0,0,0,0,0,0,0,0,0,0,0,0,0,0,0,0,0,0,0,0,0,1,1,1,False
64,85181,-15,09107,2,964253,-6,55757,-0,00280447,0,999936,-0,0007861753,0,01093104,0,0,0,0,0,0,0,0,0,0,0,0,0,0,0,0,0,0,0,0,0,0,1,1,1,False
64,86848,-15,09107,2,964253,-6,55757,-0,00280447,0,999936,-0,0007861753,0,01093104,0,0,0,0,0,0,0,0,0,0,0,0,0,0,0,0,0,0,0,0,0,0,1,1,1,False
64,8853,-15,09107,2,964253,-6,55757,-0,00280447,0,999936,-0,0007861753,0,01093104,0,0,0,0,0,0,0,0,0,0,0,0,0,0,0,0,0,0,0,0,0,0,1,1,1,False
64,90186,-15,09107,2,964253,-6,55757,-0,00280447,0,999936,-0,0007861753,0,01093104,0,0,0,0,0,0,0,0,0,0,0,0,0,0,0,0,0,0,0,0,0,0,1,1,1,False
64,91843,-15,09107,2,964253,-6,55757,-0,00280447,0,999936,-0,0007861753,0,01093104,0,0,0,0,0,0,0,0,0,0,0,0,0,0,0,0,0,0,0,0,0,0,1,1,1,False
64,93346,-15,09107,2,964253,-6,55757,-0,00280447,0,999936,-0,0007861753,0,01093104,0,0,0,0,0,0,0,0,0,0,0,0,0,0,0,0,0,0,0,0,0,0,1,1,1,False
64,95045,-15,09107,2,964253,-6,55757,-0,00280447,0,999936,-0,0007861753,0,01093104,0,0,0,0,0,0,0,0,0,0,0,0,0,0,0,0,0,0,0,0,0,0,1,1,1,False
64,96902,-15,09107,2,964253,-6,55757,-0,00280447,0,999936,-0,0007861753,0,01093104,0,0,0,0,0,0,0,0,0,0,0,0,0,0,0,0,0,0,0,0,0,0,1,1,1,False
64,98891,-15,09107,2,964253,-6,55757,-0,00280447,0,999936,-0,0007861753,0,01093104,0,0,0,0,0,0,0,0,0,0,0,0,0,0,0,0,0,0,0,0,0,0,1,1,1,False
65,00618,-15,09107,2,964253,-6,55757,-0,00280447,0,999936,-0,0007861753,0,01093104,0,0,0,0,0,0,0,0,0,0,0,0,0,0,0,0,0,0,0,0,0,0,1,1,1,False
65,02227,-15,09107,2,964253,-6,55757,-0,00280447,0,999936,-0,0007861753,0,01093104,0,0,0,0,0,0,0,0,0,0,0,0,0,0,0,0,0,0,0,0,0,0,1,1,1,False
65,03904,-15,09107,2,964253,-6,55757,-0,00280447,0,999936,-0,0007861753,0,01093104,0,0,0,0,0,0,0,0,0,0,0,0,0,0,0,0,0,0,0,0,0,0,1,1,1,False
65,05429,-15,09107,2,964253,-6,55757,-0,00280447,0,999936,-0,0007861753,0,01093104,0,0,0,0,0,0,0,0,0,0,0,0,0,0,0,0,0,0,0,0,0,0,1,1,1,False
65,07096,-15,09107,2,964253,-6,55757,-0,00280447,0,999936,-0,0007861753,0,01093104,0,0,0,0,0,0,0,0,0,0,0,0,0,0,0,0,0,0,0,0,0,0,1,1,1,False
65,08778,-15,09107,2,964253,-6,55757,-0,00280447,0,999936,-0,0007861753,0,01093104,0,0,0,0,0,0,0,0,0,0,0,0,0,0,0,0,0,0,0,0,0,0,1,1,1,False
65,10432,-15,09107,2,964253,-6,55757,-0,00280447,0,999936,-0,0007861753,0,01093104,0,0,0,0,0,0,0,0,0,0,0,0,0,0,0,0,0,0,0,0,0,0,1,1,1,False
65,12103,-15,09107,2,964253,-6,55757,-0,00280447,0,999936,-0,0007861753,0,01093104,0,0,0,0,0,0,0,0,0,0,0,0,0,0,0,0,0,0,0,0,0,0,1,1,1,False
65,13741,-15,09107,2,964253,-6,55757,-0,00280447,0,999936,-0,0007861753,0,01093104,0,0,0,0,0,0,0,0,0,0,0,0,0,0,0,0,0,0,0,0,0,0,1,1,1,False
65,15368,-15,09107,2,964253,-6,55757,-0,00280447,0,999936,-0,0007861753,0,01093104,0,0,0,0,0,0,0,0,0,0,0,0,0,0,0,0,0,0,0,0,0,0,1,1,1,False
65,17067,-15,09107,2,964253,-6,55757,-0,00280447,0,999936,-0,0007861753,0,01093104,0,0,0,0,0,0,0,0,0,0,0,0,0,0,0,0,0,0,0,0,0,0,1,1,1,False
65,18639,-15,09107,2,964253,-6,55757,-0,00280447,0,999936,-0,0007861753,0,01093104,0,0,0,0,0,0,0,0,0,0,0,0,0,0,0,0,0,0,0,0,0,0,1,1,1,False
65,2018,-15,09107,2,964253,-6,55757,-0,00280447,0,999936,-0,0007861753,0,01093104,0,0,0,0,0,0,0,0,0,0,0,0,0,0,0,0,0,0,0,0,0,0,1,1,1,False
65,21869,-15,09107,2,964253,-6,55757,-0,00280447,0,999936,-0,0007861753,0,01093104,0,0,0,0,0,0,0,0,0,0,0,0,0,0,0,0,0,0,0,0,0,0,1,1,1,False
65,23314,-15,09107,2,964253,-6,55757,-0,00280447,0,999936,-0,0007861753,0,01093104,0,0,0,0,0,0,0,0,0,0,0,0,0,0,0,0,0,0,0,0,0,0,1,1,1,False
65,24997,-15,09107,2,964253,-6,55757,-0,00280447,0,999936,-0,0007861753,0,01093104,0,0,0,0,0,0,0,0,0,0,0,0,0,0,0,0,0,0,0,0,0,0,1,1,1,False
65,26684,-15,09107,2,964253,-6,55757,-0,00280447,0,999936,-0,0007861753,0,01093104,0,0,0,0,0,0,0,0,0,0,0,0,0,0,0,0,0,0,0,0,0,0,1,1,1,False
65,28359,-15,09107,2,964253,-6,55757,-0,00280447,0,999936,-0,0007861753,0,01093104,0,0,0,0,0,0,0,0,0,0,0,0,0,0,0,0,0,0,0,0,0,0,1,1,1,False
65,30011,-15,09107,2,964253,-6,55757,-0,00280447,0,999936,-0,0007861753,0,01093104,0,0,0,0,0,0,0,0,0,0,0,0,0,0,0,0,0,0,0,0,0,0,1,1,1,False
65,31577,-15,09107,2,964253,-6,55757,-0,00280447,0,999936,-0,0007861753,0,01093104,0,0,0,0,0,0,0,0,0,0,0,0,0,0,0,0,0,0,0,0,0,0,1,1,1,False
65,33048,-15,09107,2,964253,-6,55757,-0,00280447,0,999936,-0,0007861753,0,01093104,0,0,0,0,0,0,0,0,0,0,0,0,0,0,0,0,0,0,0,0,0,0,1,1,1,False
65,34586,-15,09107,2,964253,-6,55757,-0,00280447,0,999936,-0,0007861753,0,01093104,0,0,0,0,0,0,0,0,0,0,0,0,0,0,0,0,0,0,0,0,0,0,1,1,1,False
65,36147,-15,09107,2,964253,-6,55757,-0,00280447,0,999936,-0,0007861753,0,01093104,0,0,0,0,0,0,0,0,0,0,0,0,0,0,0,0,0,0,0,0,0,0,1,1,1,False
65,37754,-15,09107,2,964253,-6,55757,-0,00280447,0,999936,-0,0007861753,0,01093104,0,0,0,0,0,0,0,0,0,0,0,0,0,0,0,0,0,0,0,0,0,0,1,1,1,False
65,39414,-15,09107,2,964253,-6,55757,-0,00280447,0,999936,-0,0007861753,0,01093104,0,0,0,0,0,0,0,0,0,0,0,0,0,0,0,0,0,0,0,0,0,0,1,1,1,False
65,40971,-15,09107,2,964253,-6,55757,-0,00280447,0,999936,-0,0007861753,0,01093104,0,0,0,0,0,0,0,0,0,0,0,0,0,0,0,0,0,0,0,0,0,0,1,1,1,False
65,42532,-15,09107,2,964253,-6,55757,-0,00280447,0,999936,-0,0007861753,0,01093104,0,0,0,0,0,0,0,0,0,0,0,0,0,0,0,0,0,0,0,0,0,0,1,1,1,False
65,44214,-15,09107,2,963942,-6,56057,-0,00280447,0,999936,-0,0007861753,0,01093104,0,0,0,0,0,0,0,0,0,0,0,0,0,0,0,0,0,0,0,0,0,0,1,1,1,False
65,45901,-15,09107,2,963942,-6,57757,-0,00280447,0,999936,-0,0007861753,0,01093104,0,0,0,0,0,0,0,0,0,0,0,0,0,0,0,0,0,0,0,0,0,0,1,1,1,False
65,4759,-15,09007,2,963942,-6,607571,-0,00280447,0,999936,-0,0007861753,0,01093104,0,0,0,0,0,0,0,0,0,0,0,0,0,0,0,0,0,0,0,0,0,0,1,1,1,False
65,5014,-15,08807,2,963942,-6,67957,-0,00280447,0,999936,-0,0007861753,0,01093104,0,0,0,0,0,0,0,0,0,0,0,0,0,0,0,0,0,0,0,0,0,0,1,1,1,False
65,51841,-15,08807,2,963942,-6,693571,-0,00280447,0,999936,-0,0007861753,0,01093104,0,0,0,0,0,0,0,0,0,0,0,0,0,0,0,0,0,0,0,0,0,0,1,1,1,False
65,53386,-15,08707,2,963942,-6,72257,-0,00280447,0,999936,-0,0007861753,0,01093104,0,0,0,0,0,0,0,0,0,0,0,0,0,0,0,0,0,0,0,0,0,0,1,1,1,False
65,55012,-15,08707,2,961348,-6,75057,-0,00280447,0,999936,-0,0007861753,0,01093104,0,0,0,0,0,0,0,0,0,0,0,0,0,0,0,0,0,0,0,0,0,0,1,1,1,False
65,5668,-15,08607,2,958547,-6,765571,-0,00280447,0,999936,-0,0007861753,0,01093104,0,0,0,0,0,0,0,0,0,0,0,0,0,0,0,0,0,0,0,0,0,0,1,1,1,False
65,58387,-15,08607,2,95557,-6,78457,-0,00280447,0,999936,-0,0007861753,0,01093104,0,0,0,0,0,0,0,0,0,0,0,0,0,0,0,0,0,0,0,0,0,0,1,1,1,False
65,59946,-15,08607,2,945538,-6,78457,-0,00280447,0,999936,-0,0007861753,0,01093104,0,0,0,0,0,0,0,0,0,0,0,0,0,0,0,0,0,0,0,0,0,0,1,1,1,False
65,61556,-15,08507,2,951033,-6,80957,-0,00280447,0,999936,-0,0007861753,0,01093104,0,0,0,0,0,0,0,0,0,0,0,0,0,0,0,0,0,0,0,0,0,0,1,1,1,False
65,6326,-15,08507,2,947439,-6,81357,-0,00280447,0,999936,-0,0007861753,0,01093104,0,0,0,0,0,0,0,0,0,0,0,0,0,0,0,0,0,0,0,0,0,0,1,1,1,False
65,65678,-15,08507,2,934772,-6,839571,-0,00280447,0,999936,-0,0007861753,0,01093104,0,0,0,0,0,0,0,0,0,0,0,0,0,0,0,0,0,0,0,0,0,0,1,1,1,False
65,67333,-15,08507,2,941298,-6,85057,-0,00280447,0,999936,-0,0007861753,0,01093104,0,0,0,0,0,0,0,0,0,0,0,0,0,0,0,0,0,0,0,0,0,0,1,1,1,False
65,68991,-15,08407,2,938561,-6,865571,-0,00280447,0,999936,-0,0007861753,0,01093104,0,0,0,0,0,0,0,0,0,0,0,0,0,0,0,0,0,0,0,0,0,0,1,1,1,False
65,70683,-15,08407,2,93524,-6,87057,-0,00280447,0,999936,-0,0007861753,0,01093104,0,0,0,0,0,0,0,0,0,0,0,0,0,0,0,0,0,0,0,0,0,0,1,1,1,False
65,7236,-15,08407,2,932705,-6,88157,-0,00280447,0,999936,-0,0007861753,0,01093104,0,0,0,0,0,0,0,0,0,0,0,0,0,0,0,0,0,0,0,0,0,0,1,1,1,False
65,7411,-15,08407,2,928382,-6,885571,-0,00280447,0,999936,-0,0007861753,0,01093104,0,0,0,0,0,0,0,0,0,0,0,0,0,0,0,0,0,0,0,0,0,0,1,1,1,False
65,7574,-15,08407,2,892622,-6,885571,-0,00280447,0,999936,-0,0007861753,0,01093104,0,0,0,0,0,0,0,0,0,0,0,0,0,0,0,0,0,0,0,0,0,0,1,1,1,False
65,77325,-15,08407,2,871634,-6,885571,-0,00280447,0,999936,-0,0007861753,0,01093104,0,0,0,0,0,0,0,0,0,0,0,0,0,0,0,0,0,0,0,0,0,0,1,1,1,False
65,79017,-15,08407,2,871634,-6,885571,-0,00280447,0,999936,-0,0007861753,0,01093104,0,0,0,0,0,0,0,0,0,0,0,0,0,0,0,0,0,0,0,0,0,0,1,1,1,False
65,8148,-15,08407,2,871634,-6,885571,-0,00280447,0,999936,-0,0007861753,0,01093104,0,0,0,0,0,0,0,0,0,0,0,0,0,0,0,0,0,0,0,0,0,0,1,1,1,False
65,83119,-15,08407,2,871634,-6,885571,-0,00280447,0,999936,-0,0007861753,0,01093104,0,0,0,0,0,0,0,0,0,0,0,0,0,0,0,0,0,0,0,0,0,0,1,1,1,False
65,84674,-15,08407,2,871634,-6,885571,-0,00280447,0,999936,-0,0007861753,0,01093104,0,0,0,0,0,0,0,0,0,0,0,0,0,0,0,0,0,0,0,0,0,0,1,1,1,False
65,86245,-15,08407,2,871634,-6,885571,-0,00280447,0,999936,-0,0007861753,0,01093104,0,0,0,0,0,0,0,0,0,0,0,0,0,0,0,0,0,0,0,0,0,0,1,1,1,False
65,87861,-15,08407,2,871634,-6,885571,-0,00280447,0,999936,-0,0007861753,0,01093104,0,0,0,0,0,0,0,0,0,0,0,0,0,0,0,0,0,0,0,0,0,0,1,1,1,False
65,89329,-15,08407,2,871634,-6,885571,-0,00280447,0,999936,-0,0007861753,0,01093104,0,0,0,0,0,0,0,0,0,0,0,0,0,0,0,0,0,0,0,0,0,0,1,1,1,False
65,90936,-15,08407,2,871634,-6,885571,-0,00280447,0,999936,-0,0007861753,0,01093104,0,0,0,0,0,0,0,0,0,0,0,0,0,0,0,0,0,0,0,0,0,0,1,1,1,False
65,92507,-15,08407,2,871634,-6,885571,-0,00280447,0,999936,-0,0007861753,0,01093104,0,0,0,0,0,0,0,0,0,0,0,0,0,0,0,0,0,0,0,0,0,0,1,1,1,False
65,94113,-15,08407,2,871634,-6,885571,-0,00280447,0,999936,-0,0007861753,0,01093104,0,0,0,0,0,0,0,0,0,0,0,0,0,0,0,0,0,0,0,0,0,0,1,1,1,False
65,95683,-15,08407,2,871634,-6,885571,-0,00280447,0,999936,-0,0007861753,0,01093104,0,0,0,0,0,0,0,0,0,0,0,0,0,0,0,0,0,0,0,0,0,0,1,1,1,False
65,97414,-15,08407,2,871634,-6,885571,-0,00280447,0,999936,-0,0007861753,0,01093104,0,0,0,0,0,0,0,0,0,0,0,0,0,0,0,0,0,0,0,0,0,0,1,1,1,False
65,99084,-15,08407,2,871634,-6,885571,-0,00280447,0,999936,-0,0007861753,0,01093104,0,0,0,0,0,0,0,0,0,0,0,0,0,0,0,0,0,0,0,0,0,0,1,1,1,False
66,00722,-15,08407,2,871634,-6,885571,-0,00280447,0,999936,-0,0007861753,0,01093104,0,0,0,0,0,0,0,0,0,0,0,0,0,0,0,0,0,0,0,0,0,0,1,1,1,False
66,02422,-15,08407,2,871634,-6,885571,-0,00280447,0,999936,-0,0007861753,0,01093104,0,0,0,0,0,0,0,0,0,0,0,0,0,0,0,0,0,0,0,0,0,0,1,1,1,False
66,04099,-15,08407,2,871634,-6,885571,-0,00280447,0,999936,-0,0007861753,0,01093104,0,0,0,0,0,0,0,0,0,0,0,0,0,0,0,0,0,0,0,0,0,0,1,1,1,False
66,05762,-15,08407,2,871634,-6,885571,-0,00280447,0,999936,-0,0007861753,0,01093104,0,0,0,0,0,0,0,0,0,0,0,0,0,0,0,0,0,0,0,0,0,0,1,1,1,False
66,07362,-15,08407,2,871634,-6,885571,-0,00280447,0,999936,-0,0007861753,0,01093104,0,0,0,0,0,0,0,0,0,0,0,0,0,0,0,0,0,0,0,0,0,0,1,1,1,False
66,09036,-15,08407,2,871634,-6,885571,-0,00280447,0,999936,-0,0007861753,0,01093104,0,0,0,0,0,0,0,0,0,0,0,0,0,0,0,0,0,0,0,0,0,0,1,1,1,False
66,10704,-15,08407,2,871634,-6,885571,-0,00280447,0,999936,-0,0007861753,0,01093104,0,0,0,0,0,0,0,0,0,0,0,0,0,0,0,0,0,0,0,0,0,0,1,1,1,False
66,12347,-15,08407,2,871634,-6,885571,-0,00280447,0,999936,-0,0007861753,0,01093104,0,0,0,0,0,0,0,0,0,0,0,0,0,0,0,0,0,0,0,0,0,0,1,1,1,False
66,13881,-15,08407,2,871634,-6,885571,-0,00280447,0,999936,-0,0007861753,0,01093104,0,0,0,0,0,0,0,0,0,0,0,0,0,0,0,0,0,0,0,0,0,0,1,1,1,False
66,15366,-15,08407,2,871634,-6,885571,-0,00280447,0,999936,-0,0007861753,0,01093104,0,0,0,0,0,0,0,0,0,0,0,0,0,0,0,0,0,0,0,0,0,0,1,1,1,False
66,16914,-15,08407,2,871634,-6,885571,-0,00280447,0,999936,-0,0007861753,0,01093104,0,0,0,0,0,0,0,0,0,0,0,0,0,0,0,0,0,0,0,0,0,0,1,1,1,False
66,18639,-15,08407,2,871634,-6,885571,-0,00280447,0,999936,-0,0007861753,0,01093104,0,0,0,0,0,0,0,0,0,0,0,0,0,0,0,0,0,0,0,0,0,0,1,1,1,False
66,20213,-15,08407,2,871634,-6,885571,-0,00280447,0,999936,-0,0007861753,0,01093104,0,0,0,0,0,0,0,0,0,0,0,0,0,0,0,0,0,0,0,0,0,0,1,1,1,False
66,21922,-15,08407,2,871634,-6,885571,-0,00280447,0,999936,-0,0007861753,0,01093104,0,0,0,0,0,0,0,0,0,0,0,0,0,0,0,0,0,0,0,0,0,0,1,1,1,False
66,23509,-15,08407,2,871634,-6,885571,-0,00280447,0,999936,-0,0007861753,0,01093104,0,0,0,0,0,0,0,0,0,0,0,0,0,0,0,0,0,0,0,0,0,0,1,1,1,False
66,25187,-15,08407,2,871634,-6,885571,-0,00280447,0,999936,-0,0007861753,0,01093104,0,0,0,0,0,0,0,0,0,0,0,0,0,0,0,0,0,0,0,0,0,0,1,1,1,False
66,26814,-15,08407,2,871634,-6,885571,-0,00280447,0,999936,-0,0007861753,0,01093104,0,0,0,0,0,0,0,0,0,0,0,0,0,0,0,0,0,0,0,0,0,0,1,1,1,False
66,28476,-15,08407,2,871634,-6,885571,-0,00280447,0,999936,-0,0007861753,0,01093104,0,0,0,0,0,0,0,0,0,0,0,0,0,0,0,0,0,0,0,0,0,0,1,1,1,False
66,30148,-15,08407,2,871634,-6,885571,-0,00280447,0,999936,-0,0007861753,0,01093104,0,0,0,0,0,0,0,0,0,0,0,0,0,0,0,0,0,0,0,0,0,0,1,1,1,False
66,31828,-15,08407,2,871634,-6,885571,-0,00280447,0,999936,-0,0007861753,0,01093104,0,0,0,0,0,0,0,0,0,0,0,0,0,0,0,0,0,0,0,0,0,0,1,1,1,False
66,33321,-15,08407,2,871634,-6,885571,-0,00280447,0,999936,-0,0007861753,0,01093104,0,0,0,0,0,0,0,0,0,0,0,0,0,0,0,0,0,0,0,0,0,0,1,1,1,False
66,35244,-15,08407,2,871942,-6,88957,-0,00280447,0,999936,-0,0007861753,0,01093104,0,0,0,0,0,0,0,0,0,0,0,0,0,0,0,0,0,0,0,0,0,0,1,1,1,False
66,36872,-15,08307,2,871942,-6,91657,-0,00280447,0,999936,-0,0007861753,0,01093104,0,0,0,0,0,0,0,0,0,0,0,0,0,0,0,0,0,0,0,0,0,0,1,1,1,False
66,38557,-15,08307,2,869158,-6,936571,-0,00280447,0,999936,-0,0007861753,0,01093104,0,0,0,0,0,0,0,0,0,0,0,0,0,0,0,0,0,0,0,0,0,0,1,1,1,False
66,40219,-15,08307,2,866483,-6,95257,-0,00280447,0,999936,-0,0007861753,0,01093104,0,0,0,0,0,0,0,0,0,0,0,0,0,0,0,0,0,0,0,0,0,0,1,1,1,False
66,41921,-15,08207,2,863511,-6,963571,-0,00280447,0,999936,-0,0007861753,0,01093104,0,0,0,0,0,0,0,0,0,0,0,0,0,0,0,0,0,0,0,0,0,0,1,1,1,False
66,44309,-15,07907,2,852517,-6,99557,-0,00280447,0,999936,-0,0007861753,0,01093104,0,0,0,0,0,0,0,0,0,0,0,0,0,0,0,0,0,0,0,0,0,0,1,1,1,False
66,46015,-15,07907,2,854641,-7,015571,-0,00280447,0,999936,-0,0007861753,0,01093104,0,0,0,0,0,0,0,0,0,0,0,0,0,0,0,0,0,0,0,0,0,0,1,1,1,False
66,47713,-15,07907,2,851881,-7,035571,-0,00280447,0,999936,-0,0007861753,0,01093104,0,0,0,0,0,0,0,0,0,0,0,0,0,0,0,0,0,0,0,0,0,0,1,1,1,False
66,49475,-15,07907,2,848158,-7,055571,-0,00280447,0,999936,-0,0007861753,0,01093104,0,0,0,0,0,0,0,0,0,0,0,0,0,0,0,0,0,0,0,0,0,0,1,1,1,False
66,51221,-15,07907,2,845373,-7,06557,-0,00280447,0,999936,-0,0007861753,0,01093104,0,0,0,0,0,0,0,0,0,0,0,0,0,0,0,0,0,0,0,0,0,0,1,1,1,False
66,52943,-15,07907,2,842785,-7,095571,-0,00280447,0,999936,-0,0007861753,0,01093104,0,0,0,0,0,0,0,0,0,0,0,0,0,0,0,0,0,0,0,0,0,0,1,1,1,False
66,54652,-15,07907,2,840132,-7,115571,-0,00280447,0,999936,-0,0007861753,0,01093104,0,0,0,0,0,0,0,0,0,0,0,0,0,0,0,0,0,0,0,0,0,0,1,1,1,False
66,56336,-15,07907,2,837793,-7,14557,-0,00280447,0,999936,-0,0007861753,0,01093104,0,0,0,0,0,0,0,0,0,0,0,0,0,0,0,0,0,0,0,0,0,0,1,1,1,False
66,58054,-15,07907,2,834257,-7,18557,-0,00280447,0,999936,-0,0007861753,0,01093104,0,0,0,0,0,0,0,0,0,0,0,0,0,0,0,0,0,0,0,0,0,0,1,1,1,False
66,60484,-15,07907,2,813632,-7,23557,-0,00280447,0,999936,-0,0007861753,0,01093104,0,0,0,0,0,0,0,0,0,0,0,0,0,0,0,0,0,0,0,0,0,0,1,1,1,False
66,62154,-15,07907,2,828527,-7,265571,-0,00280447,0,999936,-0,0007861753,0,01093104,0,0,0,0,0,0,0,0,0,0,0,0,0,0,0,0,0,0,0,0,0,0,1,1,1,False
66,63822,-15,07907,2,825857,-7,285571,-0,00280447,0,999936,-0,0007861753,0,01093104,0,0,0,0,0,0,0,0,0,0,0,0,0,0,0,0,0,0,0,0,0,0,1,1,1,False
66,65276,-15,07907,2,785333,-7,285571,-0,00280447,0,999936,-0,0007861753,0,01093104,0,0,0,0,0,0,0,0,0,0,0,0,0,0,0,0,0,0,0,0,0,0,1,1,1,False
66,66965,-15,07907,2,735475,-7,285571,-0,00280447,0,999936,-0,0007861753,0,01093104,0,0,0,0,0,0,0,0,0,0,0,0,0,0,0,0,0,0,0,0,0,0,1,1,1,False
66,68555,-15,07907,2,686092,-7,285571,-0,00280447,0,999936,-0,0007861753,0,01093104,0,0,0,0,0,0,0,0,0,0,0,0,0,0,0,0,0,0,0,0,0,0,1,1,1,False
66,70171,-15,07907,2,686092,-7,285571,-0,00280447,0,999936,-0,0007861753,0,01093104,0,0,0,0,0,0,0,0,0,0,0,0,0,0,0,0,0,0,0,0,0,0,1,1,1,False
66,71747,-15,07907,2,686092,-7,285571,-0,00280447,0,999936,-0,0007861753,0,01093104,0,0,0,0,0,0,0,0,0,0,0,0,0,0,0,0,0,0,0,0,0,0,1,1,1,False
66,73225,-15,07907,2,686092,-7,285571,-0,00280447,0,999936,-0,0007861753,0,01093104,0,0,0,0,0,0,0,0,0,0,0,0,0,0,0,0,0,0,0,0,0,0,1,1,1,False
66,75466,-15,07907,2,686092,-7,285571,-0,00280447,0,999936,-0,0007861753,0,01093104,0,0,0,0,0,0,0,0,0,0,0,0,0,0,0,0,0,0,0,0,0,0,1,1,1,False
66,77013,-15,07907,2,686092,-7,285571,-0,00280447,0,999936,-0,0007861753,0,01093104,0,0,0,0,0,0,0,0,0,0,0,0,0,0,0,0,0,0,0,0,0,0,1,1,1,False
66,78581,-15,07907,2,686092,-7,285571,-0,00280447,0,999936,-0,0007861753,0,01093104,0,0,0,0,0,0,0,0,0,0,0,0,0,0,0,0,0,0,0,0,0,0,1,1,1,False
66,80128,-15,07907,2,686092,-7,285571,-0,00280447,0,999936,-0,0007861753,0,01093104,0,0,0,0,0,0,0,0,0,0,0,0,0,0,0,0,0,0,0,0,0,0,1,1,1,False
66,81701,-15,07907,2,686092,-7,285571,-0,00280447,0,999936,-0,0007861753,0,01093104,0,0,0,0,0,0,0,0,0,0,0,0,0,0,0,0,0,0,0,0,0,0,1,1,1,False
66,83151,-15,07907,2,686092,-7,285571,-0,00280447,0,999936,-0,0007861753,0,01093104,0,0,0,0,0,0,0,0,0,0,0,0,0,0,0,0,0,0,0,0,0,0,1,1,1,False
66,8472,-15,07907,2,686092,-7,285571,-0,00280447,0,999936,-0,0007861753,0,01093104,0,0,0,0,0,0,0,0,0,0,0,0,0,0,0,0,0,0,0,0,0,0,1,1,1,False
66,86504,-15,07907,2,686092,-7,285571,-0,00280447,0,999936,-0,0007861753,0,01093104,0,0,0,0,0,0,0,0,0,0,0,0,0,0,0,0,0,0,0,0,0,0,1,1,1,False
66,88107,-15,07907,2,686092,-7,285571,-0,00280447,0,999936,-0,0007861753,0,01093104,0,0,0,0,0,0,0,0,0,0,0,0,0,0,0,0,0,0,0,0,0,0,1,1,1,False
66,89714,-15,07907,2,686092,-7,285571,-0,00280447,0,999936,-0,0007861753,0,01093104,0,0,0,0,0,0,0,0,0,0,0,0,0,0,0,0,0,0,0,0,0,0,1,1,1,False
66,91212,-15,07907,2,686092,-7,285571,-0,00280447,0,999936,-0,0007861753,0,01093104,0,0,0,0,0,0,0,0,0,0,0,0,0,0,0,0,0,0,0,0,0,0,1,1,1,False
66,92803,-15,07907,2,686092,-7,285571,-0,00280447,0,999936,-0,0007861753,0,01093104,0,0,0,0,0,0,0,0,0,0,0,0,0,0,0,0,0,0,0,0,0,0,1,1,1,False
66,94361,-15,07907,2,686092,-7,285571,-0,00280447,0,999936,-0,0007861753,0,01093104,0,0,0,0,0,0,0,0,0,0,0,0,0,0,0,0,0,0,0,0,0,0,1,1,1,False
66,95918,-15,07907,2,686092,-7,285571,-0,00280447,0,999936,-0,0007861753,0,01093104,0,0,0,0,0,0,0,0,0,0,0,0,0,0,0,0,0,0,0,0,0,0,1,1,1,False
66,97426,-15,07907,2,686092,-7,285571,-0,00280447,0,999936,-0,0007861753,0,01093104,0,0,0,0,0,0,0,0,0,0,0,0,0,0,0,0,0,0,0,0,0,0,1,1,1,False
66,99015,-15,07907,2,686092,-7,285571,-0,00280447,0,999936,-0,0007861753,0,01093104,0,0,0,0,0,0,0,0,0,0,0,0,0,0,0,0,0,0,0,0,0,0,1,1,1,False
67,00594,-15,07907,2,686092,-7,285571,-0,00280447,0,999936,-0,0007861753,0,01093104,0,0,0,0,0,0,0,0,0,0,0,0,0,0,0,0,0,0,0,0,0,0,1,1,1,False
67,02149,-15,07907,2,686092,-7,285571,-0,00280447,0,999936,-0,0007861753,0,01093104,0,0,0,0,0,0,0,0,0,0,0,0,0,0,0,0,0,0,0,0,0,0,1,1,1,False
67,03715,-15,07907,2,686092,-7,285571,-0,00280447,0,999936,-0,0007861753,0,01093104,0,0,0,0,0,0,0,0,0,0,0,0,0,0,0,0,0,0,0,0,0,0,1,1,1,False
67,05183,-15,07907,2,686092,-7,285571,-0,00280447,0,999936,-0,0007861753,0,01093104,0,0,0,0,0,0,0,0,0,0,0,0,0,0,0,0,0,0,0,0,0,0,1,1,1,False
67,06741,-15,07907,2,686092,-7,285571,-0,00280447,0,999936,-0,0007861753,0,01093104,0,0,0,0,0,0,0,0,0,0,0,0,0,0,0,0,0,0,0,0,0,0,1,1,1,False
67,08328,-15,07907,2,686092,-7,285571,-0,00280447,0,999936,-0,0007861753,0,01093104,0,0,0,0,0,0,0,0,0,0,0,0,0,0,0,0,0,0,0,0,0,0,1,1,1,False
67,09885,-15,07907,2,686092,-7,285571,-0,00280447,0,999936,-0,0007861753,0,01093104,0,0,0,0,0,0,0,0,0,0,0,0,0,0,0,0,0,0,0,0,0,0,1,1,1,False
67,11367,-15,07907,2,686092,-7,285571,-0,00280447,0,999936,-0,0007861753,0,01093104,0,0,0,0,0,0,0,0,0,0,0,0,0,0,0,0,0,0,0,0,0,0,1,1,1,False
67,1302,-15,07907,2,686092,-7,285571,-0,00280447,0,999936,-0,0007861753,0,01093104,0,0,0,0,0,0,0,0,0,0,0,0,0,0,0,0,0,0,0,0,0,0,1,1,1,False
67,14711,-15,07907,2,686092,-7,285571,-0,00280447,0,999936,-0,0007861753,0,01093104,0,0,0,0,0,0,0,0,0,0,0,0,0,0,0,0,0,0,0,0,0,0,1,1,1,False
67,16288,-15,07907,2,686092,-7,285571,-0,00280447,0,999936,-0,0007861753,0,01093104,0,0,0,0,0,0,0,0,0,0,0,0,0,0,0,0,0,0,0,0,0,0,1,1,1,False
67,17902,-15,07907,2,686092,-7,285571,-0,00280447,0,999936,-0,0007861753,0,01093104,0,0,0,0,0,0,0,0,0,0,0,0,0,0,0,0,0,0,0,0,0,0,1,1,1,False
67,19485,-15,07907,2,686092,-7,285571,-0,00280447,0,999936,-0,0007861753,0,01093104,0,0,0,0,0,0,0,0,0,0,0,0,0,0,0,0,0,0,0,0,0,0,1,1,1,False
67,21102,-15,07907,2,686092,-7,285571,-0,00280447,0,999936,-0,0007861753,0,01093104,0,0,0,0,0,0,0,0,0,0,0,0,0,0,0,0,0,0,0,0,0,0,1,1,1,False
67,22733,-15,07907,2,686092,-7,285571,-0,00280447,0,999936,-0,0007861753,0,01093104,0,0,0,0,0,0,0,0,0,0,0,0,0,0,0,0,0,0,0,0,0,0,1,1,1,False
67,24303,-15,07907,2,686092,-7,285571,-0,00280447,0,999936,-0,0007861753,0,01093104,0,0,0,0,0,0,0,0,0,0,0,0,0,0,0,0,0,0,0,0,0,0,1,1,1,False
67,25879,-15,07907,2,686092,-7,285571,-0,00280447,0,999936,-0,0007861753,0,01093104,0,0,0,0,0,0,0,0,0,0,0,0,0,0,0,0,0,0,0,0,0,0,1,1,1,False
67,27353,-15,07907,2,686092,-7,285571,-0,00280447,0,999936,-0,0007861753,0,01093104,0,0,0,0,0,0,0,0,0,0,0,0,0,0,0,0,0,0,0,0,0,0,1,1,1,False
67,2895,-15,07907,2,686092,-7,285571,-0,00280447,0,999936,-0,0007861753,0,01093104,0,0,0,0,0,0,0,0,0,0,0,0,0,0,0,0,0,0,0,0,0,0,1,1,1,False
67,30534,-15,07907,2,686092,-7,285571,-0,00280447,0,999936,-0,0007861753,0,01093104,0,0,0,0,0,0,0,0,0,0,0,0,0,0,0,0,0,0,0,0,0,0,1,1,1,False
67,32127,-15,07907,2,686092,-7,285571,-0,00280447,0,999936,-0,0007861753,0,01093104,0,0,0,0,0,0,0,0,0,0,0,0,0,0,0,0,0,0,0,0,0,0,1,1,1,False
67,33666,-15,07907,2,686092,-7,285571,-0,00280447,0,999936,-0,0007861753,0,01093104,0,0,0,0,0,0,0,0,0,0,0,0,0,0,0,0,0,0,0,0,0,0,1,1,1,False
67,35168,-15,07907,2,686092,-7,285571,-0,00280447,0,999936,-0,0007861753,0,01093104,0,0,0,0,0,0,0,0,0,0,0,0,0,0,0,0,0,0,0,0,0,0,1,1,1,False
67,36978,-15,07907,2,686092,-7,285571,-0,00280447,0,999936,-0,0007861753,0,01093104,0,0,0,0,0,0,0,0,0,0,0,0,0,0,0,0,0,0,0,0,0,0,1,1,1,False
67,38664,-15,07907,2,689942,-7,29557,-0,00280447,0,999936,-0,0007861753,0,01093104,0,0,0,0,0,0,0,0,0,0,0,0,0,0,0,0,0,0,0,0,0,0,1,1,1,False
67,40327,-15,07907,2,689942,-7,29557,-0,00280447,0,999936,-0,0007861753,0,01093104,0,0,0,0,0,0,0,0,0,0,0,0,0,0,0,0,0,0,0,0,0,0,1,1,1,False
67,41984,-15,07907,2,687247,-7,325571,-0,00280447,0,999936,-0,0007861753,0,01093104,0,0,0,0,0,0,0,0,0,0,0,0,0,0,0,0,0,0,0,0,0,0,1,1,1,False
67,43587,-15,07907,2,684816,-7,35557,-0,00280447,0,999936,-0,0007861753,0,01093104,0,0,0,0,0,0,0,0,0,0,0,0,0,0,0,0,0,0,0,0,0,0,1,1,1,False
67,45319,-15,07907,2,681456,-7,39557,-0,00280447,0,999936,-0,0007861753,0,01093104,0,0,0,0,0,0,0,0,0,0,0,0,0,0,0,0,0,0,0,0,0,0,1,1,1,False
67,47025,-15,07907,2,678735,-7,47557,-0,00280447,0,999936,-0,0007861753,0,01093104,0,0,0,0,0,0,0,0,0,0,0,0,0,0,0,0,0,0,0,0,0,0,1,1,1,False
67,48707,-15,06907,2,676122,-7,575571,-0,00280447,0,999936,-0,0007861753,0,01093104,0,0,0,0,0,0,0,0,0,0,0,0,0,0,0,0,0,0,0,0,0,0,1,1,1,False
67,50432,-15,06907,2,67284,-7,635571,-0,00280447,0,999936,-0,0007861753,0,01093104,0,0,0,0,0,0,0,0,0,0,0,0,0,0,0,0,0,0,0,0,0,0,1,1,1,False
67,52182,-15,06907,2,669584,-7,72557,-0,00280447,0,999936,-0,0007861753,0,01093104,0,0,0,0,0,0,0,0,0,0,0,0,0,0,0,0,0,0,0,0,0,0,1,1,1,False
67,54696,-15,06907,2,654509,-7,885571,-0,00280447,0,999936,-0,0007861753,0,01093104,0,0,0,0,0,0,0,0,0,0,0,0,0,0,0,0,0,0,0,0,0,0,1,1,1,False
67,56459,-15,06907,2,662036,-7,93557,-0,00280447,0,999936,-0,0007861753,0,01093104,0,0,0,0,0,0,0,0,0,0,0,0,0,0,0,0,0,0,0,0,0,0,1,1,1,False
67,58084,-15,06907,2,633723,-7,93557,-0,00280447,0,999936,-0,0007861753,0,01093104,0,0,0,0,0,0,0,0,0,0,0,0,0,0,0,0,0,0,0,0,0,0,1,1,1,False
67,59837,-15,06907,2,600167,-7,93557,-0,00280447,0,999936,-0,0007861753,0,01093104,0,0,0,0,0,0,0,0,0,0,0,0,0,0,0,0,0,0,0,0,0,0,1,1,1,False
67,61356,-15,06907,2,568848,-7,93557,-0,00280447,0,999936,-0,0007861753,0,01093104,0,0,0,0,0,0,0,0,0,0,0,0,0,0,0,0,0,0,0,0,0,0,1,1,1,False
67,62959,-15,06907,2,533248,-7,93557,-0,00280447,0,999936,-0,0007861753,0,01093104,0,0,0,0,0,0,0,0,0,0,0,0,0,0,0,0,0,0,0,0,0,0,1,1,1,False
67,64547,-15,06907,2,495528,-7,93557,-0,00280447,0,999936,-0,0007861753,0,01093104,0,0,0,0,0,0,0,0,0,0,0,0,0,0,0,0,0,0,0,0,0,0,1,1,1,False
67,66748,-15,06907,2,438474,-7,93557,-0,00280447,0,999936,-0,0007861753,0,01093104,0,0,0,0,0,0,0,0,0,0,0,0,0,0,0,0,0,0,0,0,0,0,1,1,1,False
67,68766,-15,06907,2,382169,-7,93557,-0,00280447,0,999936,-0,0007861753,0,01093104,0,0,0,0,0,0,0,0,0,0,0,0,0,0,0,0,0,0,0,0,0,0,1,1,1,False
67,71481,-15,06907,2,325424,-7,93557,-0,00280447,0,999936,-0,0007861753,0,01093104,0,0,0,0,0,0,0,0,0,0,0,0,0,0,0,0,0,0,0,0,0,0,1,1,1,False
67,7351,-15,06907,2,325424,-7,93557,-0,00280447,0,999936,-0,0007861753,0,01093104,0,0,0,0,0,0,0,0,0,0,0,0,0,0,0,0,0,0,0,0,0,0,1,1,1,False
67,7549,-15,06907,2,325424,-7,93557,-0,00280447,0,999936,-0,0007861753,0,01093104,0,0,0,0,0,0,0,0,0,0,0,0,0,0,0,0,0,0,0,0,0,0,1,1,1,False
67,77591,-15,06907,2,325424,-7,93557,-0,00280447,0,999936,-0,0007861753,0,01093104,0,0,0,0,0,0,0,0,0,0,0,0,0,0,0,0,0,0,0,0,0,0,1,1,1,False
67,79932,-15,06907,2,325424,-7,93557,-0,00280447,0,999936,-0,0007861753,0,01093104,0,0,0,0,0,0,0,0,0,0,0,0,0,0,0,0,0,0,0,0,0,0,1,1,1,False
67,81824,-15,06907,2,325424,-7,93557,-0,00280447,0,999936,-0,0007861753,0,01093104,0,0,0,0,0,0,0,0,0,0,0,0,0,0,0,0,0,0,0,0,0,0,1,1,1,False
67,83818,-15,06907,2,325424,-7,93557,-0,00280447,0,999936,-0,0007861753,0,01093104,0,0,0,0,0,0,0,0,0,0,0,0,0,0,0,0,0,0,0,0,0,0,1,1,1,False
67,8652,-15,06907,2,325424,-7,93557,-0,00280447,0,999936,-0,0007861753,0,01093104,0,0,0,0,0,0,0,0,0,0,0,0,0,0,0,0,0,0,0,0,0,0,1,1,1,False
67,88389,-15,06907,2,325424,-7,93557,-0,00280447,0,999936,-0,0007861753,0,01093104,0,0,0,0,0,0,0,0,0,0,0,0,0,0,0,0,0,0,0,0,0,0,1,1,1,False
67,90247,-15,06907,2,325424,-7,93557,-0,00280447,0,999936,-0,0007861753,0,01093104,0,0,0,0,0,0,0,0,0,0,0,0,0,0,0,0,0,0,0,0,0,0,1,1,1,False
67,92126,-15,06907,2,325424,-7,93557,-0,00280447,0,999936,-0,0007861753,0,01093104,0,0,0,0,0,0,0,0,0,0,0,0,0,0,0,0,0,0,0,0,0,0,1,1,1,False
67,9404,-15,06907,2,325424,-7,93557,-0,00280447,0,999936,-0,0007861753,0,01093104,0,0,0,0,0,0,0,0,0,0,0,0,0,0,0,0,0,0,0,0,0,0,1,1,1,False
67,95937,-15,06907,2,325424,-7,93557,-0,00280447,0,999936,-0,0007861753,0,01093104,0,0,0,0,0,0,0,0,0,0,0,0,0,0,0,0,0,0,0,0,0,0,1,1,1,False
67,9991,-15,06907,2,325424,-7,93557,-0,00280447,0,999936,-0,0007861753,0,01093104,0,0,0,0,0,0,0,0,0,0,0,0,0,0,0,0,0,0,0,0,0,0,1,1,1,False
68,01837,-15,06907,2,325424,-7,93557,-0,00280447,0,999936,-0,0007861753,0,01093104,0,0,0,0,0,0,0,0,0,0,0,0,0,0,0,0,0,0,0,0,0,0,1,1,1,False
68,03287,-15,06907,2,325424,-7,93557,-0,00280447,0,999936,-0,0007861753,0,01093104,0,0,0,0,0,0,0,0,0,0,0,0,0,0,0,0,0,0,0,0,0,0,1,1,1,False
68,0489,-15,06907,2,325424,-7,93557,-0,00280447,0,999936,-0,0007861753,0,01093104,0,0,0,0,0,0,0,0,0,0,0,0,0,0,0,0,0,0,0,0,0,0,1,1,1,False
68,06425,-15,06907,2,325424,-7,93557,-0,00280447,0,999936,-0,0007861753,0,01093104,0,0,0,0,0,0,0,0,0,0,0,0,0,0,0,0,0,0,0,0,0,0,1,1,1,False
68,08088,-15,06907,2,325424,-7,93557,-0,00280447,0,999936,-0,0007861753,0,01093104,0,0,0,0,0,0,0,0,0,0,0,0,0,0,0,0,0,0,0,0,0,0,1,1,1,False
68,09933,-15,06907,2,325424,-7,93557,-0,00280447,0,999936,-0,0007861753,0,01093104,0,0,0,0,0,0,0,0,0,0,0,0,0,0,0,0,0,0,0,0,0,0,1,1,1,False
68,11507,-15,06907,2,325424,-7,93557,-0,00280447,0,999936,-0,0007861753,0,01093104,0,0,0,0,0,0,0,0,0,0,0,0,0,0,0,0,0,0,0,0,0,0,1,1,1,False
68,13174,-15,06907,2,325424,-7,93557,-0,00280447,0,999936,-0,0007861753,0,01093104,0,0,0,0,0,0,0,0,0,0,0,0,0,0,0,0,0,0,0,0,0,0,1,1,1,False
68,14928,-15,06907,2,325424,-7,93557,-0,00280447,0,999936,-0,0007861753,0,01093104,0,0,0,0,0,0,0,0,0,0,0,0,0,0,0,0,0,0,0,0,0,0,1,1,1,False
68,16737,-15,06907,2,325424,-7,93557,-0,00280447,0,999936,-0,0007861753,0,01093104,0,0,0,0,0,0,0,0,0,0,0,0,0,0,0,0,0,0,0,0,0,0,1,1,1,False
68,18446,-15,06907,2,325424,-7,93557,-0,00280447,0,999936,-0,0007861753,0,01093104,0,0,0,0,0,0,0,0,0,0,0,0,0,0,0,0,0,0,0,0,0,0,1,1,1,False
68,20113,-15,06907,2,325424,-7,93557,-0,00280447,0,999936,-0,0007861753,0,01093104,0,0,0,0,0,0,0,0,0,0,0,0,0,0,0,0,0,0,0,0,0,0,1,1,1,False
68,21784,-15,06907,2,325424,-7,93557,-0,00280447,0,999936,-0,0007861753,0,01093104,0,0,0,0,0,0,0,0,0,0,0,0,0,0,0,0,0,0,0,0,0,0,1,1,1,False
68,23405,-15,06907,2,325424,-7,93557,-0,00280447,0,999936,-0,0007861753,0,01093104,0,0,0,0,0,0,0,0,0,0,0,0,0,0,0,0,0,0,0,0,0,0,1,1,1,False
68,25035,-15,06907,2,325424,-7,93557,-0,00280447,0,999936,-0,0007861753,0,01093104,0,0,0,0,0,0,0,0,0,0,0,0,0,0,0,0,0,0,0,0,0,0,1,1,1,False
68,26673,-15,06907,2,325424,-7,93557,-0,00280447,0,999936,-0,0007861753,0,01093104,0,0,0,0,0,0,0,0,0,0,0,0,0,0,0,0,0,0,0,0,0,0,1,1,1,False
68,28325,-15,06907,2,325424,-7,93557,-0,00280447,0,999936,-0,0007861753,0,01093104,0,0,0,0,0,0,0,0,0,0,0,0,0,0,0,0,0,0,0,0,0,0,1,1,1,False
68,30004,-15,06907,2,325424,-7,93557,-0,00280447,0,999936,-0,0007861753,0,01093104,0,0,0,0,0,0,0,0,0,0,0,0,0,0,0,0,0,0,0,0,0,0,1,1,1,False
68,31718,-15,06907,2,325424,-7,93557,-0,00280447,0,999936,-0,0007861753,0,01093104,0,0,0,0,0,0,0,0,0,0,0,0,0,0,0,0,0,0,0,0,0,0,1,1,1,False
68,33282,-15,06907,2,325424,-7,93557,-0,00280447,0,999936,-0,0007861753,0,01093104,0,0,0,0,0,0,0,0,0,0,0,0,0,0,0,0,0,0,0,0,0,0,1,1,1,False
68,34933,-15,06907,2,325424,-7,93557,-0,00280447,0,999936,-0,0007861753,0,01093104,0,0,0,0,0,0,0,0,0,0,0,0,0,0,0,0,0,0,0,0,0,0,1,1,1,False
68,36618,-15,06907,2,325424,-7,93557,-0,00280447,0,999936,-0,0007861753,0,01093104,0,0,0,0,0,0,0,0,0,0,0,0,0,0,0,0,0,0,0,0,0,0,1,1,1,False
68,38264,-15,06907,2,325424,-7,93557,-0,00280447,0,999936,-0,0007861753,0,01093104,0,0,0,0,0,0,0,0,0,0,0,0,0,0,0,0,0,0,0,0,0,0,1,1,1,False
68,39928,-15,06907,2,325424,-7,93557,-0,00280447,0,999936,-0,0007861753,0,01093104,0,0,0,0,0,0,0,0,0,0,0,0,0,0,0,0,0,0,0,0,0,0,1,1,1,False
68,41492,-15,06907,2,325424,-7,93557,-0,00280447,0,999936,-0,0007861753,0,01093104,0,0,0,0,0,0,0,0,0,0,0,0,0,0,0,0,0,0,0,0,0,0,1,1,1,False
68,43163,-15,06907,2,325424,-7,93557,-0,00280447,0,999936,-0,0007861753,0,01093104,0,0,0,0,0,0,0,0,0,0,0,0,0,0,0,0,0,0,0,0,0,0,1,1,1,False
68,45004,-15,06907,2,325424,-7,93557,-0,00280447,0,999936,-0,0007861753,0,01093104,0,0,0,0,0,0,0,0,0,0,0,0,0,0,0,0,0,0,0,0,0,0,1,1,1,False
68,4683,-15,06907,2,325424,-7,93557,-0,00280447,0,999936,-0,0007861753,0,01093104,0,0,0,0,0,0,0,0,0,0,0,0,0,0,0,0,0,0,0,0,0,0,1,1,1,False
68,48476,-15,06907,2,325424,-7,93557,-0,00280447,0,999936,-0,0007861753,0,01093104,0,0,0,0,0,0,0,0,0,0,0,0,0,0,0,0,0,0,0,0,0,0,1,1,1,False
68,50174,-15,06907,2,325424,-7,93557,-0,00280447,0,999936,-0,0007861753,0,01093104,0,0,0,0,0,0,0,0,0,0,0,0,0,0,0,0,0,0,0,0,0,0,1,1,1,False
68,51845,-15,06907,2,325424,-7,93557,-0,00280447,0,999936,-0,0007861753,0,01093104,0,0,0,0,0,0,0,0,0,0,0,0,0,0,0,0,0,0,0,0,0,0,1,1,1,False
68,53409,-15,06907,2,325424,-7,93557,-0,00280447,0,999936,-0,0007861753,0,01093104,0,0,0,0,0,0,0,0,0,0,0,0,0,0,0,0,0,0,0,0,0,0,1,1,1,False
68,55135,-15,06907,2,325424,-7,93557,-0,00280447,0,999936,-0,0007861753,0,01093104,0,0,0,0,0,0,0,0,0,0,0,0,0,0,0,0,0,0,0,0,0,0,1,1,1,False
68,56812,-15,06907,2,325424,-7,93557,-0,00280447,0,999936,-0,0007861753,0,01093104,0,0,0,0,0,0,0,0,0,0,0,0,0,0,0,0,0,0,0,0,0,0,1,1,1,False
68,58523,-15,06907,2,325424,-7,93557,-0,00280447,0,999936,-0,0007861753,0,01093104,0,0,0,0,0,0,0,0,0,0,0,0,0,0,0,0,0,0,0,0,0,0,1,1,1,False
68,60181,-15,06907,2,325424,-7,93557,-0,00280447,0,999936,-0,0007861753,0,01093104,0,0,0,0,0,0,0,0,0,0,0,0,0,0,0,0,0,0,0,0,0,0,1,1,1,False
68,61856,-15,06907,2,325424,-7,93557,-0,00280447,0,999936,-0,0007861753,0,01093104,0,0,0,0,0,0,0,0,0,0,0,0,0,0,0,0,0,0,0,0,0,0,1,1,1,False
68,63426,-15,06907,2,325424,-7,93557,-0,00280447,0,999936,-0,0007861753,0,01093104,0,0,0,0,0,0,0,0,0,0,0,0,0,0,0,0,0,0,0,0,0,0,1,1,1,False
68,65118,-15,06907,2,325424,-7,93557,-0,00280447,0,999936,-0,0007861753,0,01093104,0,0,0,0,0,0,0,0,0,0,0,0,0,0,0,0,0,0,0,0,0,0,1,1,1,False
68,66785,-15,06907,2,325424,-7,93557,-0,00280447,0,999936,-0,0007861753,0,01093104,0,0,0,0,0,0,0,0,0,0,0,0,0,0,0,0,0,0,0,0,0,0,1,1,1,False
68,68436,-15,06907,2,325424,-7,93557,-0,00280447,0,999936,-0,0007861753,0,01093104,0,0,0,0,0,0,0,0,0,0,0,0,0,0,0,0,0,0,0,0,0,0,1,1,1,False
68,701,-15,06907,2,325424,-7,93557,-0,00280447,0,999936,-0,0007861753,0,01093104,0,0,0,0,0,0,0,0,0,0,0,0,0,0,0,0,0,0,0,0,0,0,1,1,1,False
68,71733,-15,06907,2,325424,-7,93557,-0,00280447,0,999936,-0,0007861753,0,01093104,0,0,0,0,0,0,0,0,0,0,0,0,0,0,0,0,0,0,0,0,0,0,1,1,1,False
68,73312,-15,06907,2,325424,-7,93557,-0,00280447,0,999936,-0,0007861753,0,01093104,0,0,0,0,0,0,0,0,0,0,0,0,0,0,0,0,0,0,0,0,0,0,1,1,1,False
68,74966,-15,06907,2,325424,-7,93557,-0,00280447,0,999936,-0,0007861753,0,01093104,0,0,0,0,0,0,0,0,0,0,0,0,0,0,0,0,0,0,0,0,0,0,1,1,1,False
68,76504,-15,06907,2,325424,-7,93557,-0,00280447,0,999936,-0,0007861753,0,01093104,0,0,0,0,0,0,0,0,0,0,0,0,0,0,0,0,0,0,0,0,0,0,1,1,1,False
68,78192,-15,06907,2,325424,-7,93557,-0,00280447,0,999936,-0,0007861753,0,01093104,0,0,0,0,0,0,0,0,0,0,0,0,0,0,0,0,0,0,0,0,0,0,1,1,1,False
68,79746,-15,06907,2,325424,-7,93557,-0,00280447,0,999936,-0,0007861753,0,01093104,0,0,0,0,0,0,0,0,0,0,0,0,0,0,0,0,0,0,0,0,0,0,1,1,1,False
68,81213,-15,06907,2,325424,-7,93557,-0,00280447,0,999936,-0,0007861753,0,01093104,0,0,0,0,0,0,0,0,0,0,0,0,0,0,0,0,0,0,0,0,0,0,1,1,1,False
68,82928,-15,06907,2,325424,-7,93557,-0,00280447,0,999936,-0,0007861753,0,01093104,0,0,0,0,0,0,0,0,0,0,0,0,0,0,0,0,0,0,0,0,0,0,1,1,1,False
68,846,-15,06907,2,325424,-7,93557,-0,00280447,0,999936,-0,0007861753,0,01093104,0,0,0,0,0,0,0,0,0,0,0,0,0,0,0,0,0,0,0,0,0,0,1,1,1,False
68,86268,-15,06907,2,325424,-7,93557,-0,00280447,0,999936,-0,0007861753,0,01093104,0,0,0,0,0,0,0,0,0,0,0,0,0,0,0,0,0,0,0,0,0,0,1,1,1,False
68,87913,-15,06907,2,325424,-7,93557,-0,00280447,0,999936,-0,0007861753,0,01093104,0,0,0,0,0,0,0,0,0,0,0,0,0,0,0,0,0,0,0,0,0,0,1,1,1,False
68,89484,-15,06907,2,325424,-7,93557,-0,00280447,0,999936,-0,0007861753,0,01093104,0,0,0,0,0,0,0,0,0,0,0,0,0,0,0,0,0,0,0,0,0,0,1,1,1,False
68,91161,-15,06907,2,325424,-7,93557,-0,00280447,0,999936,-0,0007861753,0,01093104,0,0,0,0,0,0,0,0,0,0,0,0,0,0,0,0,0,0,0,0,0,0,1,1,1,False
68,9286,-15,06907,2,325424,-7,93557,-0,00280447,0,999936,-0,0007861753,0,01093104,0,0,0,0,0,0,0,0,0,0,0,0,0,0,0,0,0,0,0,0,0,0,1,1,1,False
68,94569,-15,06907,2,325424,-7,93557,-0,00280447,0,999936,-0,0007861753,0,01093104,0,0,0,0,0,0,0,0,0,0,0,0,0,0,0,0,0,0,0,0,0,0,1,1,1,False
68,96201,-15,06907,2,325424,-7,93557,-0,00280447,0,999936,-0,0007861753,0,01093104,0,0,0,0,0,0,0,0,0,0,0,0,0,0,0,0,0,0,0,0,0,0,1,1,1,False
68,97764,-15,06907,2,325424,-7,93557,-0,00280447,0,999936,-0,0007861753,0,01093104,0,0,0,0,0,0,0,0,0,0,0,0,0,0,0,0,0,0,0,0,0,0,1,1,1,False
68,99437,-15,06907,2,325424,-7,93557,-0,00280447,0,999936,-0,0007861753,0,01093104,0,0,0,0,0,0,0,0,0,0,0,0,0,0,0,0,0,0,0,0,0,0,1,1,1,False
69,00997,-15,06907,2,325424,-7,93557,-0,00280447,0,999936,-0,0007861753,0,01093104,0,0,0,0,0,0,0,0,0,0,0,0,0,0,0,0,0,0,0,0,0,0,1,1,1,False
69,02664,-15,06907,2,327217,-7,95557,-0,00280447,0,999936,-0,0007861753,0,01093104,0,0,0,0,0,0,0,0,0,0,0,0,0,0,0,0,0,0,0,0,0,0,1,1,1,False
69,04408,-15,06907,2,324108,-7,97557,-0,00280447,0,999936,-0,0007861753,0,01093104,0,0,0,0,0,0,0,0,0,0,0,0,0,0,0,0,0,0,0,0,0,0,1,1,1,False
69,06083,-15,06907,2,321581,-8,015571,-0,00280447,0,999936,-0,0007861753,0,01093104,0,0,0,0,0,0,0,0,0,0,0,0,0,0,0,0,0,0,0,0,0,0,1,1,1,False
69,07746,-15,06907,2,318928,-8,065571,-0,00280447,0,999936,-0,0007861753,0,01093104,0,0,0,0,0,0,0,0,0,0,0,0,0,0,0,0,0,0,0,0,0,0,1,1,1,False
69,09389,-15,06907,2,31641,-8,145571,-0,00280447,0,999936,-0,0007861753,0,01093104,0,0,0,0,0,0,0,0,0,0,0,0,0,0,0,0,0,0,0,0,0,0,1,1,1,False
69,11067,-15,05907,2,31337,-8,225571,-0,00280447,0,999936,-0,0007861753,0,01093104,0,0,0,0,0,0,0,0,0,0,0,0,0,0,0,0,0,0,0,0,0,0,1,1,1,False
69,12746,-15,05907,2,300587,-8,315571,-0,00280447,0,999936,-0,0007861753,0,01093104,0,0,0,0,0,0,0,0,0,0,0,0,0,0,0,0,0,0,0,0,0,0,1,1,1,False
69,14416,-15,05907,2,297972,-8,395571,-0,00280447,0,999936,-0,0007861753,0,01093104,0,0,0,0,0,0,0,0,0,0,0,0,0,0,0,0,0,0,0,0,0,0,1,1,1,False
69,1611,-15,05907,2,29482,-8,475571,-0,00280447,0,999936,-0,0007861753,0,01093104,0,0,0,0,0,0,0,0,0,0,0,0,0,0,0,0,0,0,0,0,0,0,1,1,1,False
69,18531,-15,05907,2,278305,-8,555571,-0,00280447,0,999936,-0,0007861753,0,01093104,0,0,0,0,0,0,0,0,0,0,0,0,0,0,0,0,0,0,0,0,0,0,1,1,1,False
69,20238,-15,05907,2,287714,-8,565571,-0,00280447,0,999936,-0,0007861753,0,01093104,0,0,0,0,0,0,0,0,0,0,0,0,0,0,0,0,0,0,0,0,0,0,1,1,1,False
69,21789,-15,05907,2,256097,-8,565571,-0,00280447,0,999936,-0,0007861753,0,01093104,0,0,0,0,0,0,0,0,0,0,0,0,0,0,0,0,0,0,0,0,0,0,1,1,1,False
69,23387,-15,05907,2,220997,-8,565571,-0,00280447,0,999936,-0,0007861753,0,01093104,0,0,0,0,0,0,0,0,0,0,0,0,0,0,0,0,0,0,0,0,0,0,1,1,1,False
69,24955,-15,05907,2,184152,-8,565571,-0,00280447,0,999936,-0,0007861753,0,01093104,0,0,0,0,0,0,0,0,0,0,0,0,0,0,0,0,0,0,0,0,0,0,1,1,1,False
69,26591,-15,05907,2,143089,-8,565571,-0,00280447,0,999936,-0,0007861753,0,01093104,0,0,0,0,0,0,0,0,0,0,0,0,0,0,0,0,0,0,0,0,0,0,1,1,1,False
69,28202,-15,05907,2,100089,-8,565571,-0,00280447,0,999936,-0,0007861753,0,01093104,0,0,0,0,0,0,0,0,0,0,0,0,0,0,0,0,0,0,0,0,0,0,1,1,1,False
69,29781,-15,05907,2,055506,-8,565571,-0,00280447,0,999936,-0,0007861753,0,01093104,0,0,0,0,0,0,0,0,0,0,0,0,0,0,0,0,0,0,0,0,0,0,1,1,1,False
69,31284,-15,05907,2,01088,-8,565571,-0,00280447,0,999936,-0,0007861753,0,01093104,0,0,0,0,0,0,0,0,0,0,0,0,0,0,0,0,0,0,0,0,0,0,1,1,1,False
69,33693,-15,05907,1,992521,-8,565571,-0,00280447,0,999936,-0,0007861753,0,01093104,0,0,0,0,0,0,0,0,0,0,0,0,0,0,0,0,0,0,0,0,0,0,1,1,1,False
69,35251,-15,05907,1,992521,-8,565571,-0,00280447,0,999936,-0,0007861753,0,01093104,0,0,0,0,0,0,0,0,0,0,0,0,0,0,0,0,0,0,0,0,0,0,1,1,1,False
69,36877,-15,05907,1,992521,-8,565571,-0,00280447,0,999936,-0,0007861753,0,01093104,0,0,0,0,0,0,0,0,0,0,0,0,0,0,0,0,0,0,0,0,0,0,1,1,1,False
69,3846,-15,05907,1,992521,-8,565571,-0,00280447,0,999936,-0,0007861753,0,01093104,0,0,0,0,0,0,0,0,0,0,0,0,0,0,0,0,0,0,0,0,0,0,1,1,1,False
69,40047,-15,05907,1,992521,-8,565571,-0,00280447,0,999936,-0,0007861753,0,01093104,0,0,0,0,0,0,0,0,0,0,0,0,0,0,0,0,0,0,0,0,0,0,1,1,1,False
69,42208,-15,05907,1,992521,-8,565571,-0,00280447,0,999936,-0,0007861753,0,01093104,0,0,0,0,0,0,0,0,0,0,0,0,0,0,0,0,0,0,0,0,0,0,1,1,1,False
69,43785,-15,05907,1,992521,-8,565571,-0,00280447,0,999936,-0,0007861753,0,01093104,0,0,0,0,0,0,0,0,0,0,0,0,0,0,0,0,0,0,0,0,0,0,1,1,1,False
69,45247,-15,05907,1,992521,-8,565571,-0,00280447,0,999936,-0,0007861753,0,01093104,0,0,0,0,0,0,0,0,0,0,0,0,0,0,0,0,0,0,0,0,0,0,1,1,1,False
69,46835,-15,05907,1,992521,-8,565571,-0,00280447,0,999936,-0,0007861753,0,01093104,0,0,0,0,0,0,0,0,0,0,0,0,0,0,0,0,0,0,0,0,0,0,1,1,1,False
69,49139,-15,05907,1,992521,-8,565571,-0,00280447,0,999936,-0,0007861753,0,01093104,0,0,0,0,0,0,0,0,0,0,0,0,0,0,0,0,0,0,0,0,0,0,1,1,1,False
69,50685,-15,05907,1,992521,-8,565571,-0,00280447,0,999936,-0,0007861753,0,01093104,0,0,0,0,0,0,0,0,0,0,0,0,0,0,0,0,0,0,0,0,0,0,1,1,1,False
69,52332,-15,05907,1,992521,-8,565571,-0,00280447,0,999936,-0,0007861753,0,01093104,0,0,0,0,0,0,0,0,0,0,0,0,0,0,0,0,0,0,0,0,0,0,1,1,1,False
69,5394,-15,05907,1,992521,-8,565571,-0,00280447,0,999936,-0,0007861753,0,01093104,0,0,0,0,0,0,0,0,0,0,0,0,0,0,0,0,0,0,0,0,0,0,1,1,1,False
69,55458,-15,05907,1,992521,-8,565571,-0,00280447,0,999936,-0,0007861753,0,01093104,0,0,0,0,0,0,0,0,0,0,0,0,0,0,0,0,0,0,0,0,0,0,1,1,1,False
69,57139,-15,05907,1,98975,-8,565571,-0,00280447,0,999936,-0,0007861753,0,01093104,0,0,0,0,0,0,0,0,0,0,0,0,0,0,0,0,0,0,0,0,0,0,1,1,1,False
69,58729,-15,05907,1,98975,-8,565571,-0,00280447,0,999936,-0,0007861753,0,01093104,0,0,0,0,0,0,0,0,0,0,0,0,0,0,0,0,0,0,0,0,0,0,1,1,1,False
69,60337,-15,05907,1,98975,-8,565571,-0,00280447,0,999936,-0,0007861753,0,01093104,0,0,0,0,0,0,0,0,0,0,0,0,0,0,0,0,0,0,0,0,0,0,1,1,1,False
69,61977,-15,05907,1,98975,-8,565571,-0,00280447,0,999936,-0,0007861753,0,01093104,0,0,0,0,0,0,0,0,0,0,0,0,0,0,0,0,0,0,0,0,0,0,1,1,1,False
69,642,-15,05907,1,98975,-8,565571,-0,00280447,0,999936,-0,0007861753,0,01093104,0,0,0,0,0,0,0,0,0,0,0,0,0,0,0,0,0,0,0,0,0,0,1,1,1,False
69,65828,-15,05907,1,98975,-8,565571,-0,00280447,0,999936,-0,0007861753,0,01093104,0,0,0,0,0,0,0,0,0,0,0,0,0,0,0,0,0,0,0,0,0,0,1,1,1,False
69,6731,-15,05907,1,98975,-8,565571,-0,00280447,0,999936,-0,0007861753,0,01093104,0,0,0,0,0,0,0,0,0,0,0,0,0,0,0,0,0,0,0,0,0,0,1,1,1,False
69,6891,-15,05907,1,98975,-8,565571,-0,00280447,0,999936,-0,0007861753,0,01093104,0,0,0,0,0,0,0,0,0,0,0,0,0,0,0,0,0,0,0,0,0,0,1,1,1,False
69,70544,-15,05907,1,987131,-8,565571,-0,00280447,0,999936,-0,0007861753,0,01093104,0,0,0,0,0,0,0,0,0,0,0,0,0,0,0,0,0,0,0,0,0,0,1,1,1,False
69,72121,-15,05907,1,987131,-8,565571,-0,00280447,0,999936,-0,0007861753,0,01093104,0,0,0,0,0,0,0,0,0,0,0,0,0,0,0,0,0,0,0,0,0,0,1,1,1,False
69,73782,-15,05907,1,987131,-8,565571,-0,00280447,0,999936,-0,0007861753,0,01093104,0,0,0,0,0,0,0,0,0,0,0,0,0,0,0,0,0,0,0,0,0,0,1,1,1,False
69,75272,-15,05907,1,987131,-8,565571,-0,00280447,0,999936,-0,0007861753,0,01093104,0,0,0,0,0,0,0,0,0,0,0,0,0,0,0,0,0,0,0,0,0,0,1,1,1,False
69,76855,-15,05907,1,987131,-8,565571,-0,00280447,0,999936,-0,0007861753,0,01093104,0,0,0,0,0,0,0,0,0,0,0,0,0,0,0,0,0,0,0,0,0,0,1,1,1,False
69,78526,-15,05907,1,987131,-8,565571,-0,00280447,0,999936,-0,0007861753,0,01093104,0,0,0,0,0,0,0,0,0,0,0,0,0,0,0,0,0,0,0,0,0,0,1,1,1,False
69,80817,-15,05907,1,987131,-8,565571,-0,00280447,0,999936,-0,0007861753,0,01093104,0,0,0,0,0,0,0,0,0,0,0,0,0,0,0,0,0,0,0,0,0,0,1,1,1,False
69,82366,-15,05907,1,987131,-8,565571,-0,00280447,0,999936,-0,0007861753,0,01093104,0,0,0,0,0,0,0,0,0,0,0,0,0,0,0,0,0,0,0,0,0,0,1,1,1,False
69,83937,-15,05907,1,987131,-8,565571,-0,00280447,0,999936,-0,0007861753,0,01093104,0,0,0,0,0,0,0,0,0,0,0,0,0,0,0,0,0,0,0,0,0,0,1,1,1,False
69,85407,-15,05907,1,98501,-8,565571,-0,00280447,0,999936,-0,0007861753,0,01093104,0,0,0,0,0,0,0,0,0,0,0,0,0,0,0,0,0,0,0,0,0,0,1,1,1,False
69,86958,-15,05907,1,98501,-8,565571,-0,00280447,0,999936,-0,0007861753,0,01093104,0,0,0,0,0,0,0,0,0,0,0,0,0,0,0,0,0,0,0,0,0,0,1,1,1,False
69,88503,-15,05907,1,98501,-8,565571,-0,00280447,0,999936,-0,0007861753,0,01093104,0,0,0,0,0,0,0,0,0,0,0,0,0,0,0,0,0,0,0,0,0,0,1,1,1,False
69,90056,-15,05907,1,98501,-8,565571,-0,00280447,0,999936,-0,0007861753,0,01093104,0,0,0,0,0,0,0,0,0,0,0,0,0,0,0,0,0,0,0,0,0,0,1,1,1,False
69,91727,-15,05907,1,98501,-8,565571,-0,00280447,0,999936,-0,0007861753,0,01093104,0,0,0,0,0,0,0,0,0,0,0,0,0,0,0,0,0,0,0,0,0,0,1,1,1,False
69,93199,-15,05907,1,982884,-8,565571,-0,00280447,0,999936,-0,0007861753,0,01093104,0,0,0,0,0,0,0,0,0,0,0,0,0,0,0,0,0,0,0,0,0,0,1,1,1,False
69,94882,-15,05907,1,982884,-8,565571,-0,00280447,0,999936,-0,0007861753,0,01093104,0,0,0,0,0,0,0,0,0,0,0,0,0,0,0,0,0,0,0,0,0,0,1,1,1,False
69,97305,-15,05907,1,982884,-8,565571,-0,00280447,0,999936,-0,0007861753,0,01093104,0,0,0,0,0,0,0,0,0,0,0,0,0,0,0,0,0,0,0,0,0,0,1,1,1,False
69,98844,-15,05907,1,982884,-8,565571,-0,00280447,0,999936,-0,0007861753,0,01093104,0,0,0,0,0,0,0,0,0,0,0,0,0,0,0,0,0,0,0,0,0,0,1,1,1,False
70,00511,-15,05907,1,982884,-8,565571,-0,00280447,0,999936,-0,0007861753,0,01093104,0,0,0,0,0,0,0,0,0,0,0,0,0,0,0,0,0,0,0,0,0,0,1,1,1,False
70,02198,-15,05907,1,982884,-8,565571,-0,00280447,0,999936,-0,0007861753,0,01093104,0,0,0,0,0,0,0,0,0,0,0,0,0,0,0,0,0,0,0,0,0,0,1,1,1,False
70,03832,-15,05907,1,982884,-8,565571,-0,00280447,0,999936,-0,0007861753,0,01093104,0,0,0,0,0,0,0,0,0,0,0,0,0,0,0,0,0,0,0,0,0,0,1,1,1,False
70,05376,-15,05907,1,980546,-8,565571,-0,00280447,0,999936,-0,0007861753,0,01093104,0,0,0,0,0,0,0,0,0,0,0,0,0,0,0,0,0,0,0,0,0,0,1,1,1,False
70,06911,-15,05907,1,980546,-8,565571,-0,00280447,0,999936,-0,0007861753,0,01093104,0,0,0,0,0,0,0,0,0,0,0,0,0,0,0,0,0,0,0,0,0,0,1,1,1,False
70,08448,-15,05907,1,980546,-8,565571,-0,00280447,0,999936,-0,0007861753,0,01093104,0,0,0,0,0,0,0,0,0,0,0,0,0,0,0,0,0,0,0,0,0,0,1,1,1,False
70,10027,-15,05907,1,980546,-8,565571,-0,00280447,0,999936,-0,0007861753,0,01093104,0,0,0,0,0,0,0,0,0,0,0,0,0,0,0,0,0,0,0,0,0,0,1,1,1,False
70,12331,-15,05907,1,980546,-8,565571,-0,00280447,0,999936,-0,0007861753,0,01093104,0,0,0,0,0,0,0,0,0,0,0,0,0,0,0,0,0,0,0,0,0,0,1,1,1,False
70,13999,-15,05907,1,980546,-8,565571,-0,00280447,0,999936,-0,0007861753,0,01093104,0,0,0,0,0,0,0,0,0,0,0,0,0,0,0,0,0,0,0,0,0,0,1,1,1,False
70,15498,-15,05907,1,980546,-8,565571,-0,00280447,0,999936,-0,0007861753,0,01093104,0,0,0,0,0,0,0,0,0,0,0,0,0,0,0,0,0,0,0,0,0,0,1,1,1,False
70,16965,-15,05907,1,978434,-8,565571,-0,00280447,0,999936,-0,0007861753,0,01093104,0,0,0,0,0,0,0,0,0,0,0,0,0,0,0,0,0,0,0,0,0,0,1,1,1,False
70,18527,-15,05907,1,978434,-8,565571,-0,00280447,0,999936,-0,0007861753,0,01093104,0,0,0,0,0,0,0,0,0,0,0,0,0,0,0,0,0,0,0,0,0,0,1,1,1,False
70,20098,-15,05907,1,978434,-8,565571,-0,00280447,0,999936,-0,0007861753,0,01093104,0,0,0,0,0,0,0,0,0,0,0,0,0,0,0,0,0,0,0,0,0,0,1,1,1,False
70,21857,-15,05907,1,978434,-8,565571,-0,00280447,0,999936,-0,0007861753,0,01093104,0,0,0,0,0,0,0,0,0,0,0,0,0,0,0,0,0,0,0,0,0,0,1,1,1,False
70,23303,-15,05907,1,978434,-8,565571,-0,00280447,0,999936,-0,0007861753,0,01093104,0,0,0,0,0,0,0,0,0,0,0,0,0,0,0,0,0,0,0,0,0,0,1,1,1,False
70,24857,-15,05907,1,978434,-8,565571,-0,00280447,0,999936,-0,0007861753,0,01093104,0,0,0,0,0,0,0,0,0,0,0,0,0,0,0,0,0,0,0,0,0,0,1,1,1,False
70,26419,-15,05907,1,978434,-8,565571,-0,00280447,0,999936,-0,0007861753,0,01093104,0,0,0,0,0,0,0,0,0,0,0,0,0,0,0,0,0,0,0,0,0,0,1,1,1,False
70,28792,-15,05907,1,978434,-8,565571,-0,00280447,0,999936,-0,0007861753,0,01093104,0,0,0,0,0,0,0,0,0,0,0,0,0,0,0,0,0,0,0,0,0,0,1,1,1,False
70,30465,-15,05907,1,975687,-8,565571,-0,00280447,0,999936,-0,0007861753,0,01093104,0,0,0,0,0,0,0,0,0,0,0,0,0,0,0,0,0,0,0,0,0,0,1,1,1,False
70,32018,-15,05907,1,975687,-8,565571,-0,00280447,0,999936,-0,0007861753,0,01093104,0,0,0,0,0,0,0,0,0,0,0,0,0,0,0,0,0,0,0,0,0,0,1,1,1,False
70,33616,-15,05907,1,975687,-8,565571,-0,00280447,0,999936,-0,0007861753,0,01093104,0,0,0,0,0,0,0,0,0,0,0,0,0,0,0,0,0,0,0,0,0,0,1,1,1,False
70,3524,-15,05907,1,977354,-8,61557,-0,00280447,0,999936,-0,0007861753,0,01093104,0,0,0,0,0,0,0,0,0,0,0,0,0,0,0,0,0,0,0,0,0,0,1,1,1,False
70,36967,-15,05907,1,974268,-8,71557,-0,00280447,0,999936,-0,0007861753,0,01093104,0,0,0,0,0,0,0,0,0,0,0,0,0,0,0,0,0,0,0,0,0,0,1,1,1,False
70,38735,-15,04907,1,971064,-8,90557,-0,00280447,0,999936,-0,0007861753,0,01093104,0,0,0,0,0,0,0,0,0,0,0,0,0,0,0,0,0,0,0,0,0,0,1,1,1,False
70,40496,-15,04907,1,968059,-9,065571,-0,00280447,0,999936,-0,0007861753,0,01093104,0,0,0,0,0,0,0,0,0,0,0,0,0,0,0,0,0,0,0,0,0,0,1,1,1,False
70,42203,-15,03907,1,965567,-9,265571,-0,00280447,0,999936,-0,0007861753,0,01093104,0,0,0,0,0,0,0,0,0,0,0,0,0,0,0,0,0,0,0,0,0,0,1,1,1,False
70,44632,-15,03907,1,953697,-9,49557,-0,00280447,0,999936,-0,0007861753,0,01093104,0,0,0,0,0,0,0,0,0,0,0,0,0,0,0,0,0,0,0,0,0,0,1,1,1,False
70,4632,-15,03907,1,958911,-9,58557,-0,00280447,0,999936,-0,0007861753,0,01093104,0,0,0,0,0,0,0,0,0,0,0,0,0,0,0,0,0,0,0,0,0,0,1,1,1,False
70,48003,-15,03907,1,956196,-9,62557,-0,00280447,0,999936,-0,0007861753,0,01093104,0,0,0,0,0,0,0,0,0,0,0,0,0,0,0,0,0,0,0,0,0,0,1,1,1,False
70,49677,-15,03907,1,953557,-9,685571,-0,00280447,0,999936,-0,0007861753,0,01093104,0,0,0,0,0,0,0,0,0,0,0,0,0,0,0,0,0,0,0,0,0,0,1,1,1,False
70,51148,-15,03907,1,928263,-9,685571,-0,00280447,0,999936,-0,0007861753,0,01093104,0,0,0,0,0,0,0,0,0,0,0,0,0,0,0,0,0,0,0,0,0,0,1,1,1,False
70,52737,-15,03907,1,898461,-9,685571,-0,00280447,0,999936,-0,0007861753,0,01093104,0,0,0,0,0,0,0,0,0,0,0,0,0,0,0,0,0,0,0,0,0,0,1,1,1,False
70,54453,-15,03907,1,863411,-9,685571,-0,00280447,0,999936,-0,0007861753,0,01093104,0,0,0,0,0,0,0,0,0,0,0,0,0,0,0,0,0,0,0,0,0,0,1,1,1,False
70,56006,-15,03907,1,829295,-9,685571,-0,00280447,0,999936,-0,0007861753,0,01093104,0,0,0,0,0,0,0,0,0,0,0,0,0,0,0,0,0,0,0,0,0,0,1,1,1,False
70,57566,-15,03907,1,792648,-9,685571,-0,00280447,0,999936,-0,0007861753,0,01093104,0,0,0,0,0,0,0,0,0,0,0,0,0,0,0,0,0,0,0,0,0,0,1,1,1,False
70,59787,-15,03907,1,735635,-9,685571,-0,00280447,0,999936,-0,0007861753,0,01093104,0,0,0,0,0,0,0,0,0,0,0,0,0,0,0,0,0,0,0,0,0,0,1,1,1,False
70,61414,-15,03907,1,691276,-9,685571,-0,00280447,0,999936,-0,0007861753,0,01093104,0,0,0,0,0,0,0,0,0,0,0,0,0,0,0,0,0,0,0,0,0,0,1,1,1,False
70,6302,-15,03907,1,644939,-9,685571,-0,00280447,0,999936,-0,0007861753,0,01093104,0,0,0,0,0,0,0,0,0,0,0,0,0,0,0,0,0,0,0,0,0,0,1,1,1,False
70,64626,-15,03907,1,59608,-9,685571,-0,00280447,0,999936,-0,0007861753,0,01093104,0,0,0,0,0,0,0,0,0,0,0,0,0,0,0,0,0,0,0,0,0,0,1,1,1,False
70,66213,-15,03907,1,59608,-9,685571,-0,00280447,0,999936,-0,0007861753,0,01093104,0,0,0,0,0,0,0,0,0,0,0,0,0,0,0,0,0,0,0,0,0,0,1,1,1,False
70,67763,-15,03907,1,59608,-9,685571,-0,00280447,0,999936,-0,0007861753,0,01093104,0,0,0,0,0,0,0,0,0,0,0,0,0,0,0,0,0,0,0,0,0,0,1,1,1,False
70,69229,-15,03907,1,59608,-9,685571,-0,00280447,0,999936,-0,0007861753,0,01093104,0,0,0,0,0,0,0,0,0,0,0,0,0,0,0,0,0,0,0,0,0,0,1,1,1,False
70,70874,-15,03907,1,59608,-9,685571,-0,00280447,0,999936,-0,0007861753,0,01093104,0,0,0,0,0,0,0,0,0,0,0,0,0,0,0,0,0,0,0,0,0,0,1,1,1,False
70,72698,-15,03907,1,59608,-9,685571,-0,00280447,0,999936,-0,0007861753,0,01093104,0,0,0,0,0,0,0,0,0,0,0,0,0,0,0,0,0,0,0,0,0,0,1,1,1,False
70,75011,-15,03907,1,59608,-9,685571,-0,00280447,0,999936,-0,0007861753,0,01093104,0,0,0,0,0,0,0,0,0,0,0,0,0,0,0,0,0,0,0,0,0,0,1,1,1,False
70,76661,-15,03907,1,59608,-9,685571,-0,00280447,0,999936,-0,0007861753,0,01093104,0,0,0,0,0,0,0,0,0,0,0,0,0,0,0,0,0,0,0,0,0,0,1,1,1,False
70,78202,-15,03907,1,59608,-9,685571,-0,00280447,0,999936,-0,0007861753,0,01093104,0,0,0,0,0,0,0,0,0,0,0,0,0,0,0,0,0,0,0,0,0,0,1,1,1,False
70,79755,-15,03907,1,59608,-9,685571,-0,00280447,0,999936,-0,0007861753,0,01093104,0,0,0,0,0,0,0,0,0,0,0,0,0,0,0,0,0,0,0,0,0,0,1,1,1,False
70,81238,-15,03907,1,59608,-9,685571,-0,00280447,0,999936,-0,0007861753,0,01093104,0,0,0,0,0,0,0,0,0,0,0,0,0,0,0,0,0,0,0,0,0,0,1,1,1,False
70,82919,-15,03907,1,59608,-9,685571,-0,00280447,0,999936,-0,0007861753,0,01093104,0,0,0,0,0,0,0,0,0,0,0,0,0,0,0,0,0,0,0,0,0,0,1,1,1,False
70,84492,-15,03907,1,59608,-9,685571,-0,00280447,0,999936,-0,0007861753,0,01093104,0,0,0,0,0,0,0,0,0,0,0,0,0,0,0,0,0,0,0,0,0,0,1,1,1,False
70,8606,-15,03907,1,59608,-9,685571,-0,00280447,0,999936,-0,0007861753,0,01093104,0,0,0,0,0,0,0,0,0,0,0,0,0,0,0,0,0,0,0,0,0,0,1,1,1,False
70,87709,-15,03907,1,59608,-9,685571,-0,00280447,0,999936,-0,0007861753,0,01093104,0,0,0,0,0,0,0,0,0,0,0,0,0,0,0,0,0,0,0,0,0,0,1,1,1,False
70,89159,-15,03907,1,59608,-9,685571,-0,00280447,0,999936,-0,0007861753,0,01093104,0,0,0,0,0,0,0,0,0,0,0,0,0,0,0,0,0,0,0,0,0,0,1,1,1,False
70,90708,-15,03907,1,59608,-9,685571,-0,00280447,0,999936,-0,0007861753,0,01093104,0,0,0,0,0,0,0,0,0,0,0,0,0,0,0,0,0,0,0,0,0,0,1,1,1,False
70,92278,-15,03907,1,59608,-9,685571,-0,00280447,0,999936,-0,0007861753,0,01093104,0,0,0,0,0,0,0,0,0,0,0,0,0,0,0,0,0,0,0,0,0,0,1,1,1,False
70,93828,-15,03907,1,59608,-9,685571,-0,00280447,0,999936,-0,0007861753,0,01093104,0,0,0,0,0,0,0,0,0,0,0,0,0,0,0,0,0,0,0,0,0,0,1,1,1,False
70,95319,-15,03907,1,59608,-9,685571,-0,00280447,0,999936,-0,0007861753,0,01093104,0,0,0,0,0,0,0,0,0,0,0,0,0,0,0,0,0,0,0,0,0,0,1,1,1,False
70,96892,-15,03907,1,59608,-9,685571,-0,00280447,0,999936,-0,0007861753,0,01093104,0,0,0,0,0,0,0,0,0,0,0,0,0,0,0,0,0,0,0,0,0,0,1,1,1,False
70,98603,-15,03907,1,59608,-9,685571,-0,00280447,0,999936,-0,0007861753,0,01093104,0,0,0,0,0,0,0,0,0,0,0,0,0,0,0,0,0,0,0,0,0,0,1,1,1,False
71,00269,-15,03907,1,59608,-9,685571,-0,00280447,0,999936,-0,0007861753,0,01093104,0,0,0,0,0,0,0,0,0,0,0,0,0,0,0,0,0,0,0,0,0,0,1,1,1,False
71,01975,-15,03907,1,59608,-9,685571,-0,00280447,0,999936,-0,0007861753,0,01093104,0,0,0,0,0,0,0,0,0,0,0,0,0,0,0,0,0,0,0,0,0,0,1,1,1,False
71,03545,-15,03907,1,59608,-9,685571,-0,00280447,0,999936,-0,0007861753,0,01093104,0,0,0,0,0,0,0,0,0,0,0,0,0,0,0,0,0,0,0,0,0,0,1,1,1,False
71,05167,-15,03907,1,59608,-9,685571,-0,00280447,0,999936,-0,0007861753,0,01093104,0,0,0,0,0,0,0,0,0,0,0,0,0,0,0,0,0,0,0,0,0,0,1,1,1,False
71,06867,-15,03907,1,59608,-9,685571,-0,00280447,0,999936,-0,0007861753,0,01093104,0,0,0,0,0,0,0,0,0,0,0,0,0,0,0,0,0,0,0,0,0,0,1,1,1,False
71,0852,-15,03907,1,59608,-9,685571,-0,00280447,0,999936,-0,0007861753,0,01093104,0,0,0,0,0,0,0,0,0,0,0,0,0,0,0,0,0,0,0,0,0,0,1,1,1,False
71,10146,-15,03907,1,59608,-9,685571,-0,00280447,0,999936,-0,0007861753,0,01093104,0,0,0,0,0,0,0,0,0,0,0,0,0,0,0,0,0,0,0,0,0,0,1,1,1,False
71,118,-15,03907,1,59608,-9,685571,-0,00280447,0,999936,-0,0007861753,0,01093104,0,0,0,0,0,0,0,0,0,0,0,0,0,0,0,0,0,0,0,0,0,0,1,1,1,False
71,13369,-15,03907,1,59608,-9,685571,-0,00280447,0,999936,-0,0007861753,0,01093104,0,0,0,0,0,0,0,0,0,0,0,0,0,0,0,0,0,0,0,0,0,0,1,1,1,False
71,14917,-15,03907,1,59608,-9,685571,-0,00280447,0,999936,-0,0007861753,0,01093104,0,0,0,0,0,0,0,0,0,0,0,0,0,0,0,0,0,0,0,0,0,0,1,1,1,False
71,16489,-15,03907,1,59608,-9,685571,-0,00280447,0,999936,-0,0007861753,0,01093104,0,0,0,0,0,0,0,0,0,0,0,0,0,0,0,0,0,0,0,0,0,0,1,1,1,False
71,18081,-15,03907,1,59608,-9,685571,-0,00280447,0,999936,-0,0007861753,0,01093104,0,0,0,0,0,0,0,0,0,0,0,0,0,0,0,0,0,0,0,0,0,0,1,1,1,False
71,19663,-15,03907,1,59608,-9,685571,-0,00280447,0,999936,-0,0007861753,0,01093104,0,0,0,0,0,0,0,0,0,0,0,0,0,0,0,0,0,0,0,0,0,0,1,1,1,False
71,2117,-15,03907,1,59608,-9,685571,-0,00280447,0,999936,-0,0007861753,0,01093104,0,0,0,0,0,0,0,0,0,0,0,0,0,0,0,0,0,0,0,0,0,0,1,1,1,False
71,2275,-15,03907,1,59608,-9,685571,-0,00280447,0,999936,-0,0007861753,0,01093104,0,0,0,0,0,0,0,0,0,0,0,0,0,0,0,0,0,0,0,0,0,0,1,1,1,False
71,24352,-15,03907,1,59608,-9,685571,-0,00280447,0,999936,-0,0007861753,0,01093104,0,0,0,0,0,0,0,0,0,0,0,0,0,0,0,0,0,0,0,0,0,0,1,1,1,False
71,25928,-15,03907,1,59608,-9,685571,-0,00280447,0,999936,-0,0007861753,0,01093104,0,0,0,0,0,0,0,0,0,0,0,0,0,0,0,0,0,0,0,0,0,0,1,1,1,False
71,27507,-15,03907,1,59608,-9,685571,-0,00280447,0,999936,-0,0007861753,0,01093104,0,0,0,0,0,0,0,0,0,0,0,0,0,0,0,0,0,0,0,0,0,0,1,1,1,False
71,29151,-15,03907,1,59608,-9,685571,-0,00280447,0,999936,-0,0007861753,0,01093104,0,0,0,0,0,0,0,0,0,0,0,0,0,0,0,0,0,0,0,0,0,0,1,1,1,False
71,30755,-15,03907,1,59608,-9,685571,-0,00280447,0,999936,-0,0007861753,0,01093104,0,0,0,0,0,0,0,0,0,0,0,0,0,0,0,0,0,0,0,0,0,0,1,1,1,False
71,32344,-15,03907,1,59608,-9,685571,-0,00280447,0,999936,-0,0007861753,0,01093104,0,0,0,0,0,0,0,0,0,0,0,0,0,0,0,0,0,0,0,0,0,0,1,1,1,False
71,33932,-15,03907,1,59608,-9,685571,-0,00280447,0,999936,-0,0007861753,0,01093104,0,0,0,0,0,0,0,0,0,0,0,0,0,0,0,0,0,0,0,0,0,0,1,1,1,False
71,35411,-15,03907,1,59608,-9,685571,-0,00280447,0,999936,-0,0007861753,0,01093104,0,0,0,0,0,0,0,0,0,0,0,0,0,0,0,0,0,0,0,0,0,0,1,1,1,False
71,36981,-15,03907,1,59608,-9,685571,-0,00280447,0,999936,-0,0007861753,0,01093104,0,0,0,0,0,0,0,0,0,0,0,0,0,0,0,0,0,0,0,0,0,0,1,1,1,False
71,38558,-15,03907,1,59608,-9,685571,-0,00280447,0,999936,-0,0007861753,0,01093104,0,0,0,0,0,0,0,0,0,0,0,0,0,0,0,0,0,0,0,0,0,0,1,1,1,False
71,40259,-15,03907,1,59608,-9,685571,-0,00280447,0,999936,-0,0007861753,0,01093104,0,0,0,0,0,0,0,0,0,0,0,0,0,0,0,0,0,0,0,0,0,0,1,1,1,False
71,41947,-15,03907,1,59608,-9,685571,-0,00280447,0,999936,-0,0007861753,0,01093104,0,0,0,0,0,0,0,0,0,0,0,0,0,0,0,0,0,0,0,0,0,0,1,1,1,False
71,43534,-15,03907,1,59608,-9,685571,-0,00280447,0,999936,-0,0007861753,0,01093104,0,0,0,0,0,0,0,0,0,0,0,0,0,0,0,0,0,0,0,0,0,0,1,1,1,False
71,4519,-15,03907,1,59608,-9,685571,-0,00280447,0,999936,-0,0007861753,0,01093104,0,0,0,0,0,0,0,0,0,0,0,0,0,0,0,0,0,0,0,0,0,0,1,1,1,False
71,4677,-15,03907,1,59608,-9,685571,-0,00280447,0,999936,-0,0007861753,0,01093104,0,0,0,0,0,0,0,0,0,0,0,0,0,0,0,0,0,0,0,0,0,0,1,1,1,False
71,48308,-15,03907,1,59608,-9,685571,-0,00280447,0,999936,-0,0007861753,0,01093104,0,0,0,0,0,0,0,0,0,0,0,0,0,0,0,0,0,0,0,0,0,0,1,1,1,False
71,49977,-15,03907,1,59608,-9,685571,-0,00280447,0,999936,-0,0007861753,0,01093104,0,0,0,0,0,0,0,0,0,0,0,0,0,0,0,0,0,0,0,0,0,0,1,1,1,False
71,51492,-15,03907,1,59608,-9,685571,-0,00280447,0,999936,-0,0007861753,0,01093104,0,0,0,0,0,0,0,0,0,0,0,0,0,0,0,0,0,0,0,0,0,0,1,1,1,False
71,53166,-15,03907,1,59608,-9,685571,-0,00280447,0,999936,-0,0007861753,0,01093104,0,0,0,0,0,0,0,0,0,0,0,0,0,0,0,0,0,0,0,0,0,0,1,1,1,False
71,54829,-15,03907,1,59608,-9,685571,-0,00280447,0,999936,-0,0007861753,0,01093104,0,0,0,0,0,0,0,0,0,0,0,0,0,0,0,0,0,0,0,0,0,0,1,1,1,False
71,56491,-15,03907,1,59608,-9,685571,-0,00280447,0,999936,-0,0007861753,0,01093104,0,0,0,0,0,0,0,0,0,0,0,0,0,0,0,0,0,0,0,0,0,0,1,1,1,False
71,58161,-15,03907,1,59608,-9,685571,-0,00280447,0,999936,-0,0007861753,0,01093104,0,0,0,0,0,0,0,0,0,0,0,0,0,0,0,0,0,0,0,0,0,0,1,1,1,False
71,59831,-15,03907,1,59608,-9,685571,-0,00280447,0,999936,-0,0007861753,0,01093104,0,0,0,0,0,0,0,0,0,0,0,0,0,0,0,0,0,0,0,0,0,0,1,1,1,False
71,61452,-15,03907,1,59608,-9,685571,-0,00280447,0,999936,-0,0007861753,0,01093104,0,0,0,0,0,0,0,0,0,0,0,0,0,0,0,0,0,0,0,0,0,0,1,1,1,False
71,63136,-15,03907,1,59608,-9,685571,-0,00280447,0,999936,-0,0007861753,0,01093104,0,0,0,0,0,0,0,0,0,0,0,0,0,0,0,0,0,0,0,0,0,0,1,1,1,False
71,64798,-15,03907,1,59608,-9,685571,-0,00280447,0,999936,-0,0007861753,0,01093104,0,0,0,0,0,0,0,0,0,0,0,0,0,0,0,0,0,0,0,0,0,0,1,1,1,False
71,66492,-15,03907,1,59608,-9,685571,-0,00280447,0,999936,-0,0007861753,0,01093104,0,0,0,0,0,0,0,0,0,0,0,0,0,0,0,0,0,0,0,0,0,0,1,1,1,False
71,6815,-15,03907,1,59608,-9,685571,-0,00280447,0,999936,-0,0007861753,0,01093104,0,0,0,0,0,0,0,0,0,0,0,0,0,0,0,0,0,0,0,0,0,0,1,1,1,False
71,69785,-15,03907,1,59608,-9,685571,-0,00280447,0,999936,-0,0007861753,0,01093104,0,0,0,0,0,0,0,0,0,0,0,0,0,0,0,0,0,0,0,0,0,0,1,1,1,False
71,71496,-15,03907,1,59608,-9,685571,-0,00280447,0,999936,-0,0007861753,0,01093104,0,0,0,0,0,0,0,0,0,0,0,0,0,0,0,0,0,0,0,0,0,0,1,1,1,False
71,73045,-15,03907,1,59608,-9,685571,-0,00280447,0,999936,-0,0007861753,0,01093104,0,0,0,0,0,0,0,0,0,0,0,0,0,0,0,0,0,0,0,0,0,0,1,1,1,False
71,74595,-15,03907,1,59608,-9,685571,-0,00280447,0,999936,-0,0007861753,0,01093104,0,0,0,0,0,0,0,0,0,0,0,0,0,0,0,0,0,0,0,0,0,0,1,1,1,False
71,76158,-15,03907,1,59608,-9,685571,-0,00280447,0,999936,-0,0007861753,0,01093104,0,0,0,0,0,0,0,0,0,0,0,0,0,0,0,0,0,0,0,0,0,0,1,1,1,False
71,7783,-15,03907,1,597201,-9,725571,-0,00280447,0,999936,-0,0007861753,0,01093104,0,0,0,0,0,0,0,0,0,0,0,0,0,0,0,0,0,0,0,0,0,0,1,1,1,False
71,79418,-15,03907,1,594863,-9,79557,-0,00280447,0,999936,-0,0007861753,0,01093104,0,0,0,0,0,0,0,0,0,0,0,0,0,0,0,0,0,0,0,0,0,0,1,1,1,False
71,81097,-15,03907,1,591805,-9,885571,-0,00280447,0,999936,-0,0007861753,0,01093104,0,0,0,0,0,0,0,0,0,0,0,0,0,0,0,0,0,0,0,0,0,0,1,1,1,False
71,82796,-15,02907,1,588882,-10,03557,-0,00280447,0,999936,-0,0007861753,0,01093104,0,0,0,0,0,0,0,0,0,0,0,0,0,0,0,0,0,0,0,0,0,0,1,1,1,False
71,85246,-15,02907,1,578094,-10,22557,-0,00280447,0,999936,-0,0007861753,0,01093104,0,0,0,0,0,0,0,0,0,0,0,0,0,0,0,0,0,0,0,0,0,0,1,1,1,False
71,86962,-15,02907,1,581761,-10,36557,-0,00280447,0,999936,-0,0007861753,0,01093104,0,0,0,0,0,0,0,0,0,0,0,0,0,0,0,0,0,0,0,0,0,0,1,1,1,False
71,88647,-15,01907,1,569302,-10,45557,-0,00280447,0,999936,-0,0007861753,0,01093104,0,0,0,0,0,0,0,0,0,0,0,0,0,0,0,0,0,0,0,0,0,0,1,1,1,False
71,90341,-15,01907,1,566364,-10,55557,-0,00280447,0,999936,-0,0007861753,0,01093104,0,0,0,0,0,0,0,0,0,0,0,0,0,0,0,0,0,0,0,0,0,0,1,1,1,False
71,92069,-15,01907,1,562976,-10,69557,-0,00280447,0,999936,-0,0007861753,0,01093104,0,0,0,0,0,0,0,0,0,0,0,0,0,0,0,0,0,0,0,0,0,0,1,1,1,False
71,93771,-15,01907,1,560541,-10,81557,-0,00280447,0,999936,-0,0007861753,0,01093104,0,0,0,0,0,0,0,0,0,0,0,0,0,0,0,0,0,0,0,0,0,0,1,1,1,False
71,95506,-15,00907,1,557,-10,86557,-0,00280447,0,999936,-0,0007861753,0,01093104,0,0,0,0,0,0,0,0,0,0,0,0,0,0,0,0,0,0,0,0,0,0,1,1,1,False
71,97161,-15,00907,1,522899,-10,86557,-0,00280447,0,999936,-0,0007861753,0,01093104,0,0,0,0,0,0,0,0,0,0,0,0,0,0,0,0,0,0,0,0,0,0,1,1,1,False
71,98897,-15,00907,1,484182,-10,86557,-0,00280447,0,999936,-0,0007861753,0,01093104,0,0,0,0,0,0,0,0,0,0,0,0,0,0,0,0,0,0,0,0,0,0,1,1,1,False
72,01279,-15,00907,1,425464,-10,86557,-0,00280447,0,999936,-0,0007861753,0,01093104,0,0,0,0,0,0,0,0,0,0,0,0,0,0,0,0,0,0,0,0,0,0,1,1,1,False
72,02876,-15,00907,1,383609,-10,86557,-0,00280447,0,999936,-0,0007861753,0,01093104,0,0,0,0,0,0,0,0,0,0,0,0,0,0,0,0,0,0,0,0,0,0,1,1,1,False
72,04492,-15,00907,1,383609,-10,86557,-0,00280447,0,999936,-0,0007861753,0,01093104,0,0,0,0,0,0,0,0,0,0,0,0,0,0,0,0,0,0,0,0,0,0,1,1,1,False
72,061,-15,00907,1,383609,-10,86557,-0,00280447,0,999936,-0,0007861753,0,01093104,0,0,0,0,0,0,0,0,0,0,0,0,0,0,0,0,0,0,0,0,0,0,1,1,1,False
72,07824,-15,00907,1,383609,-10,86557,-0,00280447,0,999936,-0,0007861753,0,01093104,0,0,0,0,0,0,0,0,0,0,0,0,0,0,0,0,0,0,0,0,0,0,1,1,1,False
72,09409,-15,00907,1,383609,-10,86557,-0,00280447,0,999936,-0,0007861753,0,01093104,0,0,0,0,0,0,0,0,0,0,0,0,0,0,0,0,0,0,0,0,0,0,1,1,1,False
72,11073,-15,00907,1,383609,-10,86557,-0,00280447,0,999936,-0,0007861753,0,01093104,0,0,0,0,0,0,0,0,0,0,0,0,0,0,0,0,0,0,0,0,0,0,1,1,1,False
72,12812,-15,00907,1,383609,-10,86557,-0,00280447,0,999936,-0,0007861753,0,01093104,0,0,0,0,0,0,0,0,0,0,0,0,0,0,0,0,0,0,0,0,0,0,1,1,1,False
72,14529,-15,00907,1,383609,-10,86557,-0,00280447,0,999936,-0,0007861753,0,01093104,0,0,0,0,0,0,0,0,0,0,0,0,0,0,0,0,0,0,0,0,0,0,1,1,1,False
72,16987,-15,00907,1,383609,-10,86557,-0,00280447,0,999936,-0,0007861753,0,01093104,0,0,0,0,0,0,0,0,0,0,0,0,0,0,0,0,0,0,0,0,0,0,1,1,1,False
72,18888,-15,00907,1,383609,-10,86557,-0,00280447,0,999936,-0,0007861753,0,01093104,0,0,0,0,0,0,0,0,0,0,0,0,0,0,0,0,0,0,0,0,0,0,1,1,1,False
72,20579,-15,00907,1,383609,-10,86557,-0,00280447,0,999936,-0,0007861753,0,01093104,0,0,0,0,0,0,0,0,0,0,0,0,0,0,0,0,0,0,0,0,0,0,1,1,1,False
72,2225,-15,00907,1,383609,-10,86557,-0,00280447,0,999936,-0,0007861753,0,01093104,0,0,0,0,0,0,0,0,0,0,0,0,0,0,0,0,0,0,0,0,0,0,1,1,1,False
72,23944,-15,00907,1,383609,-10,86557,-0,00280447,0,999936,-0,0007861753,0,01093104,0,0,0,0,0,0,0,0,0,0,0,0,0,0,0,0,0,0,0,0,0,0,1,1,1,False
72,25525,-15,00907,1,383609,-10,86557,-0,00280447,0,999936,-0,0007861753,0,01093104,0,0,0,0,0,0,0,0,0,0,0,0,0,0,0,0,0,0,0,0,0,0,1,1,1,False
72,2729,-15,00907,1,383609,-10,86557,-0,00280447,0,999936,-0,0007861753,0,01093104,0,0,0,0,0,0,0,0,0,0,0,0,0,0,0,0,0,0,0,0,0,0,1,1,1,False
72,29,-15,00907,1,383609,-10,86557,-0,00280447,0,999936,-0,0007861753,0,01093104,0,0,0,0,0,0,0,0,0,0,0,0,0,0,0,0,0,0,0,0,0,0,1,1,1,False
72,30724,-15,00907,1,383609,-10,86557,-0,00280447,0,999936,-0,0007861753,0,01093104,0,0,0,0,0,0,0,0,0,0,0,0,0,0,0,0,0,0,0,0,0,0,1,1,1,False
72,32458,-15,00907,1,383609,-10,86557,-0,00280447,0,999936,-0,0007861753,0,01093104,0,0,0,0,0,0,0,0,0,0,0,0,0,0,0,0,0,0,0,0,0,0,1,1,1,False
72,34135,-15,00907,1,383609,-10,86557,-0,00280447,0,999936,-0,0007861753,0,01093104,0,0,0,0,0,0,0,0,0,0,0,0,0,0,0,0,0,0,0,0,0,0,1,1,1,False
72,3583,-15,00907,1,383609,-10,86557,-0,00280447,0,999936,-0,0007861753,0,01093104,0,0,0,0,0,0,0,0,0,0,0,0,0,0,0,0,0,0,0,0,0,0,1,1,1,False
72,3744,-15,00907,1,383609,-10,86557,-0,00280447,0,999936,-0,0007861753,0,01093104,0,0,0,0,0,0,0,0,0,0,0,0,0,0,0,0,0,0,0,0,0,0,1,1,1,False
72,39041,-15,00907,1,383609,-10,86557,-0,00280447,0,999936,-0,0007861753,0,01093104,0,0,0,0,0,0,0,0,0,0,0,0,0,0,0,0,0,0,0,0,0,0,1,1,1,False
72,40833,-15,00907,1,383609,-10,86557,-0,00280447,0,999936,-0,0007861753,0,01093104,0,0,0,0,0,0,0,0,0,0,0,0,0,0,0,0,0,0,0,0,0,0,1,1,1,False
72,42367,-15,00907,1,383609,-10,86557,-0,00280447,0,999936,-0,0007861753,0,01093104,0,0,0,0,0,0,0,0,0,0,0,0,0,0,0,0,0,0,0,0,0,0,1,1,1,False
72,43925,-15,00907,1,383609,-10,86557,-0,00280447,0,999936,-0,0007861753,0,01093104,0,0,0,0,0,0,0,0,0,0,0,0,0,0,0,0,0,0,0,0,0,0,1,1,1,False
72,4549,-15,00907,1,383609,-10,86557,-0,00280447,0,999936,-0,0007861753,0,01093104,0,0,0,0,0,0,0,0,0,0,0,0,0,0,0,0,0,0,0,0,0,0,1,1,1,False
72,47295,-15,00907,1,383609,-10,86557,-0,00280447,0,999936,-0,0007861753,0,01093104,0,0,0,0,0,0,0,0,0,0,0,0,0,0,0,0,0,0,0,0,0,0,1,1,1,False
72,49089,-15,00907,1,383609,-10,86557,-0,00280447,0,999936,-0,0007861753,0,01093104,0,0,0,0,0,0,0,0,0,0,0,0,0,0,0,0,0,0,0,0,0,0,1,1,1,False
72,50722,-15,00907,1,383609,-10,86557,-0,00280447,0,999936,-0,0007861753,0,01093104,0,0,0,0,0,0,0,0,0,0,0,0,0,0,0,0,0,0,0,0,0,0,1,1,1,False
72,52396,-15,00907,1,383609,-10,86557,-0,00280447,0,999936,-0,0007861753,0,01093104,0,0,0,0,0,0,0,0,0,0,0,0,0,0,0,0,0,0,0,0,0,0,1,1,1,False
72,54086,-15,00907,1,383609,-10,86557,-0,00280447,0,999936,-0,0007861753,0,01093104,0,0,0,0,0,0,0,0,0,0,0,0,0,0,0,0,0,0,0,0,0,0,1,1,1,False
72,55744,-15,00907,1,383609,-10,86557,-0,00280447,0,999936,-0,0007861753,0,01093104,0,0,0,0,0,0,0,0,0,0,0,0,0,0,0,0,0,0,0,0,0,0,1,1,1,False
72,5732,-15,00907,1,383609,-10,86557,-0,00280447,0,999936,-0,0007861753,0,01093104,0,0,0,0,0,0,0,0,0,0,0,0,0,0,0,0,0,0,0,0,0,0,1,1,1,False
72,58982,-15,00907,1,383609,-10,86557,-0,00280447,0,999936,-0,0007861753,0,01093104,0,0,0,0,0,0,0,0,0,0,0,0,0,0,0,0,0,0,0,0,0,0,1,1,1,False
72,6067,-15,00907,1,383609,-10,86557,-0,00280447,0,999936,-0,0007861753,0,01093104,0,0,0,0,0,0,0,0,0,0,0,0,0,0,0,0,0,0,0,0,0,0,1,1,1,False
72,62409,-15,00907,1,383609,-10,86557,-0,00280447,0,999936,-0,0007861753,0,01093104,0,0,0,0,0,0,0,0,0,0,0,0,0,0,0,0,0,0,0,0,0,0,1,1,1,False
72,64088,-15,00907,1,383609,-10,86557,-0,00280447,0,999936,-0,0007861753,0,01093104,0,0,0,0,0,0,0,0,0,0,0,0,0,0,0,0,0,0,0,0,0,0,1,1,1,False
72,65765,-15,00907,1,383609,-10,86557,-0,00280447,0,999936,-0,0007861753,0,01093104,0,0,0,0,0,0,0,0,0,0,0,0,0,0,0,0,0,0,0,0,0,0,1,1,1,False
72,67327,-15,00907,1,383609,-10,86557,-0,00280447,0,999936,-0,0007861753,0,01093104,0,0,0,0,0,0,0,0,0,0,0,0,0,0,0,0,0,0,0,0,0,0,1,1,1,False
72,68972,-15,00907,1,383609,-10,86557,-0,00280447,0,999936,-0,0007861753,0,01093104,0,0,0,0,0,0,0,0,0,0,0,0,0,0,0,0,0,0,0,0,0,0,1,1,1,False
72,70663,-15,00907,1,383609,-10,86557,-0,00280447,0,999936,-0,0007861753,0,01093104,0,0,0,0,0,0,0,0,0,0,0,0,0,0,0,0,0,0,0,0,0,0,1,1,1,False
72,72337,-15,00907,1,383609,-10,86557,-0,00280447,0,999936,-0,0007861753,0,01093104,0,0,0,0,0,0,0,0,0,0,0,0,0,0,0,0,0,0,0,0,0,0,1,1,1,False
72,74014,-15,00907,1,383609,-10,86557,-0,00280447,0,999936,-0,0007861753,0,01093104,0,0,0,0,0,0,0,0,0,0,0,0,0,0,0,0,0,0,0,0,0,0,1,1,1,False
72,75677,-15,00907,1,383609,-10,86557,-0,00280447,0,999936,-0,0007861753,0,01093104,0,0,0,0,0,0,0,0,0,0,0,0,0,0,0,0,0,0,0,0,0,0,1,1,1,False
72,77219,-15,00907,1,383609,-10,86557,-0,00280447,0,999936,-0,0007861753,0,01093104,0,0,0,0,0,0,0,0,0,0,0,0,0,0,0,0,0,0,0,0,0,0,1,1,1,False
72,7889,-15,00907,1,383609,-10,86557,-0,00280447,0,999936,-0,0007861753,0,01093104,0,0,0,0,0,0,0,0,0,0,0,0,0,0,0,0,0,0,0,0,0,0,1,1,1,False
72,80553,-15,00907,1,383609,-10,86557,-0,00280447,0,999936,-0,0007861753,0,01093104,0,0,0,0,0,0,0,0,0,0,0,0,0,0,0,0,0,0,0,0,0,0,1,1,1,False
72,82233,-15,00907,1,383609,-10,86557,-0,00280447,0,999936,-0,0007861753,0,01093104,0,0,0,0,0,0,0,0,0,0,0,0,0,0,0,0,0,0,0,0,0,0,1,1,1,False
72,83896,-15,00907,1,383609,-10,86557,-0,00280447,0,999936,-0,0007861753,0,01093104,0,0,0,0,0,0,0,0,0,0,0,0,0,0,0,0,0,0,0,0,0,0,1,1,1,False
72,85474,-15,00907,1,383609,-10,86557,-0,00280447,0,999936,-0,0007861753,0,01093104,0,0,0,0,0,0,0,0,0,0,0,0,0,0,0,0,0,0,0,0,0,0,1,1,1,False
72,87141,-15,00907,1,383609,-10,86557,-0,00280447,0,999936,-0,0007861753,0,01093104,0,0,0,0,0,0,0,0,0,0,0,0,0,0,0,0,0,0,0,0,0,0,1,1,1,False
72,8877,-15,00907,1,383609,-10,86557,-0,00280447,0,999936,-0,0007861753,0,01093104,0,0,0,0,0,0,0,0,0,0,0,0,0,0,0,0,0,0,0,0,0,0,1,1,1,False
72,90415,-15,00907,1,383609,-10,86557,-0,00280447,0,999936,-0,0007861753,0,01093104,0,0,0,0,0,0,0,0,0,0,0,0,0,0,0,0,0,0,0,0,0,0,1,1,1,False
72,92043,-15,00907,1,383609,-10,86557,-0,00280447,0,999936,-0,0007861753,0,01093104,0,0,0,0,0,0,0,0,0,0,0,0,0,0,0,0,0,0,0,0,0,0,1,1,1,False
72,93928,-15,00907,1,383609,-10,86557,-0,00280447,0,999936,-0,0007861753,0,01093104,0,0,0,0,0,0,0,0,0,0,0,0,0,0,0,0,0,0,0,0,0,0,1,1,1,False
72,95617,-15,00907,1,383609,-10,86557,-0,00280447,0,999936,-0,0007861753,0,01093104,0,0,0,0,0,0,0,0,0,0,0,0,0,0,0,0,0,0,0,0,0,0,1,1,1,False
72,97261,-15,00907,1,383609,-10,86557,-0,00280447,0,999936,-0,0007861753,0,01093104,0,0,0,0,0,0,0,0,0,0,0,0,0,0,0,0,0,0,0,0,0,0,1,1,1,False
72,98904,-15,00907,1,383609,-10,86557,-0,00280447,0,999936,-0,0007861753,0,01093104,0,0,0,0,0,0,0,0,0,0,0,0,0,0,0,0,0,0,0,0,0,0,1,1,1,False
73,00549,-15,00907,1,383609,-10,86557,-0,00280447,0,999936,-0,0007861753,0,01093104,0,0,0,0,0,0,0,0,0,0,0,0,0,0,0,0,0,0,0,0,0,0,1,1,1,False
73,02203,-15,00907,1,383609,-10,86557,-0,00280447,0,999936,-0,0007861753,0,01093104,0,0,0,0,0,0,0,0,0,0,0,0,0,0,0,0,0,0,0,0,0,0,1,1,1,False
73,0388,-15,00907,1,383609,-10,86557,-0,00280447,0,999936,-0,0007861753,0,01093104,0,0,0,0,0,0,0,0,0,0,0,0,0,0,0,0,0,0,0,0,0,0,1,1,1,False
73,05436,-15,00907,1,383609,-10,86557,-0,00280447,0,999936,-0,0007861753,0,01093104,0,0,0,0,0,0,0,0,0,0,0,0,0,0,0,0,0,0,0,0,0,0,1,1,1,False
73,07077,-15,00907,1,383609,-10,86557,-0,00280447,0,999936,-0,0007861753,0,01093104,0,0,0,0,0,0,0,0,0,0,0,0,0,0,0,0,0,0,0,0,0,0,1,1,1,False
73,08733,-15,00907,1,383609,-10,86557,-0,00280447,0,999936,-0,0007861753,0,01093104,0,0,0,0,0,0,0,0,0,0,0,0,0,0,0,0,0,0,0,0,0,0,1,1,1,False
73,10389,-15,00907,1,383609,-10,86557,-0,00280447,0,999936,-0,0007861753,0,01093104,0,0,0,0,0,0,0,0,0,0,0,0,0,0,0,0,0,0,0,0,0,0,1,1,1,False
73,12071,-15,00907,1,383609,-10,86557,-0,00280447,0,999936,-0,0007861753,0,01093104,0,0,0,0,0,0,0,0,0,0,0,0,0,0,0,0,0,0,0,0,0,0,1,1,1,False
73,13737,-15,00907,1,383609,-10,86557,-0,00280447,0,999936,-0,0007861753,0,01093104,0,0,0,0,0,0,0,0,0,0,0,0,0,0,0,0,0,0,0,0,0,0,1,1,1,False
73,15317,-15,00907,1,383609,-10,86557,-0,00280447,0,999936,-0,0007861753,0,01093104,0,0,0,0,0,0,0,0,0,0,0,0,0,0,0,0,0,0,0,0,0,0,1,1,1,False
73,1704,-15,00907,1,383609,-10,86557,-0,00280447,0,999936,-0,0007861753,0,01093104,0,0,0,0,0,0,0,0,0,0,0,0,0,0,0,0,0,0,0,0,0,0,1,1,1,False
73,18693,-15,00907,1,383609,-10,86557,-0,00280447,0,999936,-0,0007861753,0,01093104,0,0,0,0,0,0,0,0,0,0,0,0,0,0,0,0,0,0,0,0,0,0,1,1,1,False
73,20362,-15,00907,1,383609,-10,86557,-0,00280447,0,999936,-0,0007861753,0,01093104,0,0,0,0,0,0,0,0,0,0,0,0,0,0,0,0,0,0,0,0,0,0,1,1,1,False
73,22028,-15,00907,1,383609,-10,86557,-0,00280447,0,999936,-0,0007861753,0,01093104,0,0,0,0,0,0,0,0,0,0,0,0,0,0,0,0,0,0,0,0,0,0,1,1,1,False
73,23681,-15,00907,1,383609,-10,86557,-0,00280447,0,999936,-0,0007861753,0,01093104,0,0,0,0,0,0,0,0,0,0,0,0,0,0,0,0,0,0,0,0,0,0,1,1,1,False
73,2524,-15,00907,1,383609,-10,86557,-0,00280447,0,999936,-0,0007861753,0,01093104,0,0,0,0,0,0,0,0,0,0,0,0,0,0,0,0,0,0,0,0,0,0,1,1,1,False
73,2692,-15,00907,1,383609,-10,86557,-0,00280447,0,999936,-0,0007861753,0,01093104,0,0,0,0,0,0,0,0,0,0,0,0,0,0,0,0,0,0,0,0,0,0,1,1,1,False
73,2856,-15,00907,1,383609,-10,86557,-0,00280447,0,999936,-0,0007861753,0,01093104,0,0,0,0,0,0,0,0,0,0,0,0,0,0,0,0,0,0,0,0,0,0,1,1,1,False
73,30225,-15,00907,1,383609,-10,86557,-0,00280447,0,999936,-0,0007861753,0,01093104,0,0,0,0,0,0,0,0,0,0,0,0,0,0,0,0,0,0,0,0,0,0,1,1,1,False
73,31883,-15,00907,1,383609,-10,86557,-0,00280447,0,999936,-0,0007861753,0,01093104,0,0,0,0,0,0,0,0,0,0,0,0,0,0,0,0,0,0,0,0,0,0,1,1,1,False
73,33499,-15,00907,1,383609,-10,86557,-0,00280447,0,999936,-0,0007861753,0,01093104,0,0,0,0,0,0,0,0,0,0,0,0,0,0,0,0,0,0,0,0,0,0,1,1,1,False
73,35151,-15,00907,1,383609,-10,86557,-0,00280447,0,999936,-0,0007861753,0,01093104,0,0,0,0,0,0,0,0,0,0,0,0,0,0,0,0,0,0,0,0,0,0,1,1,1,False
73,36796,-15,00907,1,383609,-10,86557,-0,00280447,0,999936,-0,0007861753,0,01093104,0,0,0,0,0,0,0,0,0,0,0,0,0,0,0,0,0,0,0,0,0,0,1,1,1,False
73,3848,-15,00907,1,383609,-10,86557,-0,00280447,0,999936,-0,0007861753,0,01093104,0,0,0,0,0,0,0,0,0,0,0,0,0,0,0,0,0,0,0,0,0,0,1,1,1,False
73,40139,-15,00907,1,383609,-10,86557,-0,00280447,0,999936,-0,0007861753,0,01093104,0,0,0,0,0,0,0,0,0,0,0,0,0,0,0,0,0,0,0,0,0,0,1,1,1,False
73,41755,-15,00907,1,383609,-10,86557,-0,00280447,0,999936,-0,0007861753,0,01093104,0,0,0,0,0,0,0,0,0,0,0,0,0,0,0,0,0,0,0,0,0,0,1,1,1,False
73,43353,-15,00907,1,383609,-10,86557,-0,00280447,0,999936,-0,0007861753,0,01093104,0,0,0,0,0,0,0,0,0,0,0,0,0,0,0,0,0,0,0,0,0,0,1,1,1,False
73,45003,-15,00907,1,383609,-10,86557,-0,00280447,0,999936,-0,0007861753,0,01093104,0,0,0,0,0,0,0,0,0,0,0,0,0,0,0,0,0,0,0,0,0,0,1,1,1,False
73,46664,-15,00907,1,383609,-10,86557,-0,00280447,0,999936,-0,0007861753,0,01093104,0,0,0,0,0,0,0,0,0,0,0,0,0,0,0,0,0,0,0,0,0,0,1,1,1,False
73,48354,-15,00907,1,383609,-10,86557,-0,00280447,0,999936,-0,0007861753,0,01093104,0,0,0,0,0,0,0,0,0,0,0,0,0,0,0,0,0,0,0,0,0,0,1,1,1,False
73,49982,-15,00907,1,383609,-10,86557,-0,00280447,0,999936,-0,0007861753,0,01093104,0,0,0,0,0,0,0,0,0,0,0,0,0,0,0,0,0,0,0,0,0,0,1,1,1,False
73,51528,-15,00907,1,383609,-10,86557,-0,00280447,0,999936,-0,0007861753,0,01093104,0,0,0,0,0,0,0,0,0,0,0,0,0,0,0,0,0,0,0,0,0,0,1,1,1,False
73,53177,-15,00907,1,383609,-10,86557,-0,00280447,0,999936,-0,0007861753,0,01093104,0,0,0,0,0,0,0,0,0,0,0,0,0,0,0,0,0,0,0,0,0,0,1,1,1,False
73,54808,-15,00907,1,383609,-10,86557,-0,00280447,0,999936,-0,0007861753,0,01093104,0,0,0,0,0,0,0,0,0,0,0,0,0,0,0,0,0,0,0,0,0,0,1,1,1,False
73,56464,-15,00907,1,383609,-10,86557,-0,00280447,0,999936,-0,0007861753,0,01093104,0,0,0,0,0,0,0,0,0,0,0,0,0,0,0,0,0,0,0,0,0,0,1,1,1,False
73,58099,-15,00907,1,383609,-10,86557,-0,00280447,0,999936,-0,0007861753,0,01093104,0,0,0,0,0,0,0,0,0,0,0,0,0,0,0,0,0,0,0,0,0,0,1,1,1,False
73,59784,-15,00907,1,383609,-10,86557,-0,00280447,0,999936,-0,0007861753,0,01093104,0,0,0,0,0,0,0,0,0,0,0,0,0,0,0,0,0,0,0,0,0,0,1,1,1,False
73,61324,-15,00907,1,383609,-10,86557,-0,00280447,0,999936,-0,0007861753,0,01093104,0,0,0,0,0,0,0,0,0,0,0,0,0,0,0,0,0,0,0,0,0,0,1,1,1,False
73,63023,-15,00907,1,383609,-10,86557,-0,00280447,0,999936,-0,0007861753,0,01093104,0,0,0,0,0,0,0,0,0,0,0,0,0,0,0,0,0,0,0,0,0,0,1,1,1,False
73,64658,-15,00907,1,383609,-10,86557,-0,00280447,0,999936,-0,0007861753,0,01093104,0,0,0,0,0,0,0,0,0,0,0,0,0,0,0,0,0,0,0,0,0,0,1,1,1,False
73,66222,-15,00907,1,383609,-10,86557,-0,00280447,0,999936,-0,0007861753,0,01093104,0,0,0,0,0,0,0,0,0,0,0,0,0,0,0,0,0,0,0,0,0,0,1,1,1,False
73,67889,-15,00907,1,383609,-10,86557,-0,00280447,0,999936,-0,0007861753,0,01093104,0,0,0,0,0,0,0,0,0,0,0,0,0,0,0,0,0,0,0,0,0,0,1,1,1,False
73,69463,-15,00907,1,383609,-10,86557,-0,00280447,0,999936,-0,0007861753,0,01093104,0,0,0,0,0,0,0,0,0,0,0,0,0,0,0,0,0,0,0,0,0,0,1,1,1,False
73,71248,-15,00907,1,383609,-10,86557,-0,00280447,0,999936,-0,0007861753,0,01093104,0,0,0,0,0,0,0,0,0,0,0,0,0,0,0,0,0,0,0,0,0,0,1,1,1,False
73,72961,-15,00907,1,407062,-10,86557,-0,00280447,0,999936,-0,0007861753,0,01093104,0,0,0,0,0,0,0,0,0,0,0,0,0,0,0,0,0,0,0,0,0,0,1,1,1,False
73,74669,-15,00907,1,454211,-10,86557,-0,00280447,0,999936,-0,0007861753,0,01093104,0,0,0,0,0,0,0,0,0,0,0,0,0,0,0,0,0,0,0,0,0,0,1,1,1,False
73,76381,-15,00907,1,471319,-10,86557,-0,00280447,0,999936,-0,0007861753,0,01093104,0,0,0,0,0,0,0,0,0,0,0,0,0,0,0,0,0,0,0,0,0,0,1,1,1,False
73,78757,-15,00907,1,482437,-10,86557,-0,00280447,0,999936,-0,0007861753,0,01093104,0,0,0,0,0,0,0,0,0,0,0,0,0,0,0,0,0,0,0,0,0,0,1,1,1,False
73,80293,-15,00907,1,468809,-10,86557,-0,00280447,0,999936,-0,0007861753,0,01093104,0,0,0,0,0,0,0,0,0,0,0,0,0,0,0,0,0,0,0,0,0,0,1,1,1,False
73,81936,-15,00907,1,532718,-10,86557,-0,00280447,0,999936,-0,0007861753,0,01093104,0,0,0,0,0,0,0,0,0,0,0,0,0,0,0,0,0,0,0,0,0,0,1,1,1,False
73,83548,-15,00907,1,550494,-10,86557,-0,00280447,0,999936,-0,0007861753,0,01093104,0,0,0,0,0,0,0,0,0,0,0,0,0,0,0,0,0,0,0,0,0,0,1,1,1,False
73,85278,-15,00907,1,576121,-10,86557,-0,00280447,0,999936,-0,0007861753,0,01093104,0,0,0,0,0,0,0,0,0,0,0,0,0,0,0,0,0,0,0,0,0,0,1,1,1,False
73,8708,-15,00907,1,591948,-10,86557,-0,00280447,0,999936,-0,0007861753,0,01093104,0,0,0,0,0,0,0,0,0,0,0,0,0,0,0,0,0,0,0,0,0,0,1,1,1,False
73,88841,-15,00907,1,639548,-10,86557,-0,00280447,0,999936,-0,0007861753,0,01093104,0,0,0,0,0,0,0,0,0,0,0,0,0,0,0,0,0,0,0,0,0,0,1,1,1,False
73,90752,-15,00907,1,703385,-10,86557,-0,00280447,0,999936,-0,0007861753,0,01093104,0,0,0,0,0,0,0,0,0,0,0,0,0,0,0,0,0,0,0,0,0,0,1,1,1,False
73,92599,-15,00907,1,741229,-10,86557,-0,00280447,0,999936,-0,0007861753,0,01093104,0,0,0,0,0,0,0,0,0,0,0,0,0,0,0,0,0,0,0,0,0,0,1,1,1,False
73,9517,-15,00907,1,739627,-10,86557,-0,00280447,0,999936,-0,0007861753,0,01093104,0,0,0,0,0,0,0,0,0,0,0,0,0,0,0,0,0,0,0,0,0,0,1,1,1,False
73,96997,-15,00907,1,783778,-10,86557,-0,00280447,0,999936,-0,0007861753,0,01093104,0,0,0,0,0,0,0,0,0,0,0,0,0,0,0,0,0,0,0,0,0,0,1,1,1,False
73,98672,-15,00907,1,738717,-10,86557,-0,00280447,0,999936,-0,0007861753,0,01093104,0,0,0,0,0,0,0,0,0,0,0,0,0,0,0,0,0,0,0,0,0,0,1,1,1,False
74,00321,-15,00907,1,691678,-10,86557,-0,00280447,0,999936,-0,0007861753,0,01093104,0,0,0,0,0,0,0,0,0,0,0,0,0,0,0,0,0,0,0,0,0,0,1,1,1,False
74,02007,-15,00907,1,640815,-10,86557,-0,00280447,0,999936,-0,0007861753,0,01093104,0,0,0,0,0,0,0,0,0,0,0,0,0,0,0,0,0,0,0,0,0,0,1,1,1,False
74,03773,-15,00907,1,584469,-10,86557,-0,00280447,0,999936,-0,0007861753,0,01093104,0,0,0,0,0,0,0,0,0,0,0,0,0,0,0,0,0,0,0,0,0,0,1,1,1,False
74,05389,-15,00907,1,53035,-10,86557,-0,00280447,0,999936,-0,0007861753,0,01093104,0,0,0,0,0,0,0,0,0,0,0,0,0,0,0,0,0,0,0,0,0,0,1,1,1,False
74,07285,-15,00907,1,463293,-10,86557,-0,00280447,0,999936,-0,0007861753,0,01093104,0,0,0,0,0,0,0,0,0,0,0,0,0,0,0,0,0,0,0,0,0,0,1,1,1,False
74,08931,-15,00907,1,402466,-10,86557,-0,00280447,0,999936,-0,0007861753,0,01093104,0,0,0,0,0,0,0,0,0,0,0,0,0,0,0,0,0,0,0,0,0,0,1,1,1,False
74,11279,-15,00907,1,402466,-10,86557,-0,00280447,0,999936,-0,0007861753,0,01093104,0,0,0,0,0,0,0,0,0,0,0,0,0,0,0,0,0,0,0,0,0,0,1,1,1,False
74,12911,-15,00907,1,402466,-10,86557,-0,00280447,0,999936,-0,0007861753,0,01093104,0,0,0,0,0,0,0,0,0,0,0,0,0,0,0,0,0,0,0,0,0,0,1,1,1,False
74,14492,-15,00907,1,402466,-10,86557,-0,00280447,0,999936,-0,0007861753,0,01093104,0,0,0,0,0,0,0,0,0,0,0,0,0,0,0,0,0,0,0,0,0,0,1,1,1,False
74,16083,-15,00907,1,402466,-10,86557,-0,00280447,0,999936,-0,0007861753,0,01093104,0,0,0,0,0,0,0,0,0,0,0,0,0,0,0,0,0,0,0,0,0,0,1,1,1,False
74,17645,-15,00907,1,402466,-10,86557,-0,00280447,0,999936,-0,0007861753,0,01093104,0,0,0,0,0,0,0,0,0,0,0,0,0,0,0,0,0,0,0,0,0,0,1,1,1,False
74,19344,-15,00907,1,402466,-10,86557,-0,00280447,0,999936,-0,0007861753,0,01093104,0,0,0,0,0,0,0,0,0,0,0,0,0,0,0,0,0,0,0,0,0,0,1,1,1,False
74,20879,-15,00907,1,402466,-10,86557,-0,00280447,0,999936,-0,0007861753,0,01093104,0,0,0,0,0,0,0,0,0,0,0,0,0,0,0,0,0,0,0,0,0,0,1,1,1,False
74,2243,-15,00907,1,402466,-10,86557,-0,00280447,0,999936,-0,0007861753,0,01093104,0,0,0,0,0,0,0,0,0,0,0,0,0,0,0,0,0,0,0,0,0,0,1,1,1,False
74,2411,-15,00907,1,402466,-10,86557,-0,00280447,0,999936,-0,0007861753,0,01093104,0,0,0,0,0,0,0,0,0,0,0,0,0,0,0,0,0,0,0,0,0,0,1,1,1,False
74,26395,-15,00907,1,402466,-10,86557,-0,00280447,0,999936,-0,0007861753,0,01093104,0,0,0,0,0,0,0,0,0,0,0,0,0,0,0,0,0,0,0,0,0,0,1,1,1,False
74,28065,-15,00907,1,402466,-10,86557,-0,00280447,0,999936,-0,0007861753,0,01093104,0,0,0,0,0,0,0,0,0,0,0,0,0,0,0,0,0,0,0,0,0,0,1,1,1,False
74,29736,-15,00907,1,402466,-10,86557,-0,00280447,0,999936,-0,0007861753,0,01093104,0,0,0,0,0,0,0,0,0,0,0,0,0,0,0,0,0,0,0,0,0,0,1,1,1,False
74,3119,-15,00907,1,402466,-10,86557,-0,00280447,0,999936,-0,0007861753,0,01093104,0,0,0,0,0,0,0,0,0,0,0,0,0,0,0,0,0,0,0,0,0,0,1,1,1,False
74,32864,-15,00907,1,402466,-10,86557,-0,00280447,0,999936,-0,0007861753,0,01093104,0,0,0,0,0,0,0,0,0,0,0,0,0,0,0,0,0,0,0,0,0,0,1,1,1,False
74,34548,-15,00907,1,402466,-10,86557,-0,00280447,0,999936,-0,0007861753,0,01093104,0,0,0,0,0,0,0,0,0,0,0,0,0,0,0,0,0,0,0,0,0,0,1,1,1,False
74,36075,-15,00907,1,402466,-10,86557,-0,00280447,0,999936,-0,0007861753,0,01093104,0,0,0,0,0,0,0,0,0,0,0,0,0,0,0,0,0,0,0,0,0,0,1,1,1,False
74,37622,-15,00907,1,402466,-10,86557,-0,00280447,0,999936,-0,0007861753,0,01093104,0,0,0,0,0,0,0,0,0,0,0,0,0,0,0,0,0,0,0,0,0,0,1,1,1,False
74,39137,-15,00907,1,402466,-10,86557,-0,00280447,0,999936,-0,0007861753,0,01093104,0,0,0,0,0,0,0,0,0,0,0,0,0,0,0,0,0,0,0,0,0,0,1,1,1,False
74,40744,-15,00907,1,402466,-10,86557,-0,00280447,0,999936,-0,0007861753,0,01093104,0,0,0,0,0,0,0,0,0,0,0,0,0,0,0,0,0,0,0,0,0,0,1,1,1,False
74,4232,-15,00907,1,402466,-10,86557,-0,00280447,0,999936,-0,0007861753,0,01093104,0,0,0,0,0,0,0,0,0,0,0,0,0,0,0,0,0,0,0,0,0,0,1,1,1,False
74,44065,-15,00907,1,402466,-10,86557,-0,00280447,0,999936,-0,0007861753,0,01093104,0,0,0,0,0,0,0,0,0,0,0,0,0,0,0,0,0,0,0,0,0,0,1,1,1,False
74,45753,-15,00907,1,402466,-10,86557,-0,00280447,0,999936,-0,0007861753,0,01093104,0,0,0,0,0,0,0,0,0,0,0,0,0,0,0,0,0,0,0,0,0,0,1,1,1,False
74,47258,-15,00907,1,402466,-10,86557,-0,00280447,0,999936,-0,0007861753,0,01093104,0,0,0,0,0,0,0,0,0,0,0,0,0,0,0,0,0,0,0,0,0,0,1,1,1,False
74,48909,-15,00907,1,402466,-10,86557,-0,00280447,0,999936,-0,0007861753,0,01093104,0,0,0,0,0,0,0,0,0,0,0,0,0,0,0,0,0,0,0,0,0,0,1,1,1,False
74,50594,-15,00907,1,402466,-10,86557,-0,00280447,0,999936,-0,0007861753,0,01093104,0,0,0,0,0,0,0,0,0,0,0,0,0,0,0,0,0,0,0,0,0,0,1,1,1,False
74,52168,-15,00907,1,402466,-10,86557,-0,00280447,0,999936,-0,0007861753,0,01093104,0,0,0,0,0,0,0,0,0,0,0,0,0,0,0,0,0,0,0,0,0,0,1,1,1,False
74,53719,-15,00907,1,402466,-10,86557,-0,00280447,0,999936,-0,0007861753,0,01093104,0,0,0,0,0,0,0,0,0,0,0,0,0,0,0,0,0,0,0,0,0,0,1,1,1,False
74,55196,-15,00907,1,402466,-10,86557,-0,00280447,0,999936,-0,0007861753,0,01093104,0,0,0,0,0,0,0,0,0,0,0,0,0,0,0,0,0,0,0,0,0,0,1,1,1,False
74,56861,-15,00907,1,402466,-10,86557,-0,00280447,0,999936,-0,0007861753,0,01093104,0,0,0,0,0,0,0,0,0,0,0,0,0,0,0,0,0,0,0,0,0,0,1,1,1,False
74,58394,-15,00907,1,402466,-10,86557,-0,00280447,0,999936,-0,0007861753,0,01093104,0,0,0,0,0,0,0,0,0,0,0,0,0,0,0,0,0,0,0,0,0,0,1,1,1,False
74,5998,-15,00907,1,402466,-10,86557,-0,00280447,0,999936,-0,0007861753,0,01093104,0,0,0,0,0,0,0,0,0,0,0,0,0,0,0,0,0,0,0,0,0,0,1,1,1,False
74,61464,-15,00907,1,402466,-10,86557,-0,00280447,0,999936,-0,0007861753,0,01093104,0,0,0,0,0,0,0,0,0,0,0,0,0,0,0,0,0,0,0,0,0,0,1,1,1,False
74,63177,-15,00907,1,402466,-10,86557,-0,00280447,0,999936,-0,0007861753,0,01093104,0,0,0,0,0,0,0,0,0,0,0,0,0,0,0,0,0,0,0,0,0,0,1,1,1,False
74,6476,-15,00907,1,402466,-10,86557,-0,00280447,0,999936,-0,0007861753,0,01093104,0,0,0,0,0,0,0,0,0,0,0,0,0,0,0,0,0,0,0,0,0,0,1,1,1,False
74,66299,-15,00907,1,402466,-10,86557,-0,00280447,0,999936,-0,0007861753,0,01093104,0,0,0,0,0,0,0,0,0,0,0,0,0,0,0,0,0,0,0,0,0,0,1,1,1,False
74,67978,-15,00907,1,402466,-10,86557,-0,00280447,0,999936,-0,0007861753,0,01093104,0,0,0,0,0,0,0,0,0,0,0,0,0,0,0,0,0,0,0,0,0,0,1,1,1,False
74,69562,-15,00907,1,402466,-10,86557,-0,00280447,0,999936,-0,0007861753,0,01093104,0,0,0,0,0,0,0,0,0,0,0,0,0,0,0,0,0,0,0,0,0,0,1,1,1,False
74,71236,-15,00907,1,402466,-10,86557,-0,00280447,0,999936,-0,0007861753,0,01093104,0,0,0,0,0,0,0,0,0,0,0,0,0,0,0,0,0,0,0,0,0,0,1,1,1,False
74,72881,-15,00907,1,402466,-10,86557,-0,00280447,0,999936,-0,0007861753,0,01093104,0,0,0,0,0,0,0,0,0,0,0,0,0,0,0,0,0,0,0,0,0,0,1,1,1,False
74,74583,-15,00907,1,402466,-10,86557,-0,00280447,0,999936,-0,0007861753,0,01093104,0,0,0,0,0,0,0,0,0,0,0,0,0,0,0,0,0,0,0,0,0,0,1,1,1,False
74,76247,-15,00907,1,402466,-10,86557,-0,00280447,0,999936,-0,0007861753,0,01093104,0,0,0,0,0,0,0,0,0,0,0,0,0,0,0,0,0,0,0,0,0,0,1,1,1,False
74,77872,-15,00907,1,402466,-10,86557,-0,00280447,0,999936,-0,0007861753,0,01093104,0,0,0,0,0,0,0,0,0,0,0,0,0,0,0,0,0,0,0,0,0,0,1,1,1,False
74,79404,-15,00907,1,402466,-10,86557,-0,00280447,0,999936,-0,0007861753,0,01093104,0,0,0,0,0,0,0,0,0,0,0,0,0,0,0,0,0,0,0,0,0,0,1,1,1,False
74,81049,-15,00907,1,402466,-10,86557,-0,00280447,0,999936,-0,0007861753,0,01093104,0,0,0,0,0,0,0,0,0,0,0,0,0,0,0,0,0,0,0,0,0,0,1,1,1,False
74,82707,-15,00907,1,402466,-10,86557,-0,00280447,0,999936,-0,0007861753,0,01093104,0,0,0,0,0,0,0,0,0,0,0,0,0,0,0,0,0,0,0,0,0,0,1,1,1,False
74,84377,-15,00907,1,402466,-10,86557,-0,00280447,0,999936,-0,0007861753,0,01093104,0,0,0,0,0,0,0,0,0,0,0,0,0,0,0,0,0,0,0,0,0,0,1,1,1,False
74,85889,-15,00907,1,402466,-10,86557,-0,00280447,0,999936,-0,0007861753,0,01093104,0,0,0,0,0,0,0,0,0,0,0,0,0,0,0,0,0,0,0,0,0,0,1,1,1,False
74,87329,-15,00907,1,402466,-10,86557,-0,00280447,0,999936,-0,0007861753,0,01093104,0,0,0,0,0,0,0,0,0,0,0,0,0,0,0,0,0,0,0,0,0,0,1,1,1,False
74,88995,-15,00907,1,402466,-10,86557,-0,00280447,0,999936,-0,0007861753,0,01093104,0,0,0,0,0,0,0,0,0,0,0,0,0,0,0,0,0,0,0,0,0,0,1,1,1,False
74,90658,-15,00907,1,402466,-10,86557,-0,00280447,0,999936,-0,0007861753,0,01093104,0,0,0,0,0,0,0,0,0,0,0,0,0,0,0,0,0,0,0,0,0,0,1,1,1,False
74,92319,-15,00907,1,402466,-10,86557,-0,00280447,0,999936,-0,0007861753,0,01093104,0,0,0,0,0,0,0,0,0,0,0,0,0,0,0,0,0,0,0,0,0,0,1,1,1,False
74,93973,-15,00907,1,402466,-10,86557,-0,00280447,0,999936,-0,0007861753,0,01093104,0,0,0,0,0,0,0,0,0,0,0,0,0,0,0,0,0,0,0,0,0,0,1,1,1,False
74,95527,-15,00907,1,402466,-10,86557,-0,00280447,0,999936,-0,0007861753,0,01093104,0,0,0,0,0,0,0,0,0,0,0,0,0,0,0,0,0,0,0,0,0,0,1,1,1,False
74,97177,-15,00907,1,402466,-10,86557,-0,00280447,0,999936,-0,0007861753,0,01093104,0,0,0,0,0,0,0,0,0,0,0,0,0,0,0,0,0,0,0,0,0,0,1,1,1,False
74,98716,-15,00907,1,402466,-10,86557,-0,00280447,0,999936,-0,0007861753,0,01093104,0,0,0,0,0,0,0,0,0,0,0,0,0,0,0,0,0,0,0,0,0,0,1,1,1,False
75,00278,-15,00907,1,402466,-10,86557,-0,00280447,0,999936,-0,0007861753,0,01093104,0,0,0,0,0,0,0,0,0,0,0,0,0,0,0,0,0,0,0,0,0,0,1,1,1,False
75,02067,-15,00907,1,402466,-10,86557,-0,00280447,0,999936,-0,0007861753,0,01093104,0,0,0,0,0,0,0,0,0,0,0,0,0,0,0,0,0,0,0,0,0,0,1,1,1,False
75,0359,-15,00907,1,402466,-10,86557,-0,00280447,0,999936,-0,0007861753,0,01093104,0,0,0,0,0,0,0,0,0,0,0,0,0,0,0,0,0,0,0,0,0,0,1,1,1,False
75,05052,-15,00907,1,402466,-10,86557,-0,00280447,0,999936,-0,0007861753,0,01093104,0,0,0,0,0,0,0,0,0,0,0,0,0,0,0,0,0,0,0,0,0,0,1,1,1,False
75,06608,-15,00907,1,402466,-10,86557,-0,00280447,0,999936,-0,0007861753,0,01093104,0,0,0,0,0,0,0,0,0,0,0,0,0,0,0,0,0,0,0,0,0,0,1,1,1,False
75,08266,-15,00907,1,427245,-10,86557,-0,00280447,0,999936,-0,0007861753,0,01093104,0,0,0,0,0,0,0,0,0,0,0,0,0,0,0,0,0,0,0,0,0,0,1,1,1,False
75,09962,-15,00907,1,464357,-10,86557,-0,00280447,0,999936,-0,0007861753,0,01093104,0,0,0,0,0,0,0,0,0,0,0,0,0,0,0,0,0,0,0,0,0,0,1,1,1,False
75,11538,-15,00907,1,562321,-10,86557,-0,00280447,0,999936,-0,0007861753,0,01093104,0,0,0,0,0,0,0,0,0,0,0,0,0,0,0,0,0,0,0,0,0,0,1,1,1,False
75,13218,-15,00907,1,66905,-10,86557,-0,00280447,0,999936,-0,0007861753,0,01093104,0,0,0,0,0,0,0,0,0,0,0,0,0,0,0,0,0,0,0,0,0,0,1,1,1,False
75,14938,-15,00907,1,805882,-10,86557,-0,00280447,0,999936,-0,0007861753,0,01093104,0,0,0,0,0,0,0,0,0,0,0,0,0,0,0,0,0,0,0,0,0,0,1,1,1,False
75,16604,-15,00907,1,883609,-10,86557,-0,00280447,0,999936,-0,0007861753,0,01093104,0,0,0,0,0,0,0,0,0,0,0,0,0,0,0,0,0,0,0,0,0,0,1,1,1,False
75,18259,-15,00907,1,981021,-10,86557,-0,00280447,0,999936,-0,0007861753,0,01093104,0,0,0,0,0,0,0,0,0,0,0,0,0,0,0,0,0,0,0,0,0,0,1,1,1,False
75,19888,-15,00907,2,068735,-10,86557,-0,00280447,0,999936,-0,0007861753,0,01093104,0,0,0,0,0,0,0,0,0,0,0,0,0,0,0,0,0,0,0,0,0,0,1,1,1,False
75,22172,-15,00907,2,065067,-10,86557,-0,00280447,0,999936,-0,0007861753,0,01093104,0,0,0,0,0,0,0,0,0,0,0,0,0,0,0,0,0,0,0,0,0,0,1,1,1,False
75,23862,-15,00907,2,091323,-10,86557,-0,00280447,0,999936,-0,0007861753,0,01093104,0,0,0,0,0,0,0,0,0,0,0,0,0,0,0,0,0,0,0,0,0,0,1,1,1,False
75,25461,-15,00907,2,061765,-10,86557,-0,00280447,0,999936,-0,0007861753,0,01093104,0,0,0,0,0,0,0,0,0,0,0,0,0,0,0,0,0,0,0,0,0,0,1,1,1,False
75,26991,-15,00907,2,031167,-10,86557,-0,00280447,0,999936,-0,0007861753,0,01093104,0,0,0,0,0,0,0,0,0,0,0,0,0,0,0,0,0,0,0,0,0,0,1,1,1,False
75,28551,-15,00907,1,997593,-10,86557,-0,00280447,0,999936,-0,0007861753,0,01093104,0,0,0,0,0,0,0,0,0,0,0,0,0,0,0,0,0,0,0,0,0,0,1,1,1,False
75,30094,-15,00907,1,962038,-10,86557,-0,00280447,0,999936,-0,0007861753,0,01093104,0,0,0,0,0,0,0,0,0,0,0,0,0,0,0,0,0,0,0,0,0,0,1,1,1,False
75,31618,-15,00907,1,924636,-10,86557,-0,00280447,0,999936,-0,0007861753,0,01093104,0,0,0,0,0,0,0,0,0,0,0,0,0,0,0,0,0,0,0,0,0,0,1,1,1,False
75,33102,-15,00907,1,886079,-10,86557,-0,00280447,0,999936,-0,0007861753,0,01093104,0,0,0,0,0,0,0,0,0,0,0,0,0,0,0,0,0,0,0,0,0,0,1,1,1,False
75,34699,-15,00907,1,842049,-10,86557,-0,00280447,0,999936,-0,0007861753,0,01093104,0,0,0,0,0,0,0,0,0,0,0,0,0,0,0,0,0,0,0,0,0,0,1,1,1,False
75,36356,-15,00907,1,793695,-10,86557,-0,00280447,0,999936,-0,0007861753,0,01093104,0,0,0,0,0,0,0,0,0,0,0,0,0,0,0,0,0,0,0,0,0,0,1,1,1,False
75,38708,-15,00907,1,719623,-10,86557,-0,00280447,0,999936,-0,0007861753,0,01093104,0,0,0,0,0,0,0,0,0,0,0,0,0,0,0,0,0,0,0,0,0,0,1,1,1,False
75,40363,-15,00907,1,664828,-10,86557,-0,00280447,0,999936,-0,0007861753,0,01093104,0,0,0,0,0,0,0,0,0,0,0,0,0,0,0,0,0,0,0,0,0,0,1,1,1,False
75,42049,-15,00907,1,606237,-10,86557,-0,00280447,0,999936,-0,0007861753,0,01093104,0,0,0,0,0,0,0,0,0,0,0,0,0,0,0,0,0,0,0,0,0,0,1,1,1,False
75,43745,-15,00907,1,544456,-10,86557,-0,00280447,0,999936,-0,0007861753,0,01093104,0,0,0,0,0,0,0,0,0,0,0,0,0,0,0,0,0,0,0,0,0,0,1,1,1,False
75,4534,-15,00907,1,483856,-10,86557,-0,00280447,0,999936,-0,0007861753,0,01093104,0,0,0,0,0,0,0,0,0,0,0,0,0,0,0,0,0,0,0,0,0,0,1,1,1,False
75,47242,-15,00907,1,408047,-10,86557,-0,00280447,0,999936,-0,0007861753,0,01093104,0,0,0,0,0,0,0,0,0,0,0,0,0,0,0,0,0,0,0,0,0,0,1,1,1,False
75,48879,-15,00907,1,408047,-10,86557,-0,00280447,0,999936,-0,0007861753,0,01093104,0,0,0,0,0,0,0,0,0,0,0,0,0,0,0,0,0,0,0,0,0,0,1,1,1,False
75,50406,-15,00907,1,408047,-10,86557,-0,00280447,0,999936,-0,0007861753,0,01093104,0,0,0,0,0,0,0,0,0,0,0,0,0,0,0,0,0,0,0,0,0,0,1,1,1,False
75,51936,-15,00907,1,408047,-10,86557,-0,00280447,0,999936,-0,0007861753,0,01093104,0,0,0,0,0,0,0,0,0,0,0,0,0,0,0,0,0,0,0,0,0,0,1,1,1,False
75,54128,-15,00907,1,408047,-10,86557,-0,00280447,0,999936,-0,0007861753,0,01093104,0,0,0,0,0,0,0,0,0,0,0,0,0,0,0,0,0,0,0,0,0,0,1,1,1,False
75,55772,-15,00907,1,408047,-10,86557,-0,00280447,0,999936,-0,0007861753,0,01093104,0,0,0,0,0,0,0,0,0,0,0,0,0,0,0,0,0,0,0,0,0,0,1,1,1,False
75,57231,-15,00907,1,408047,-10,86557,-0,00280447,0,999936,-0,0007861753,0,01093104,0,0,0,0,0,0,0,0,0,0,0,0,0,0,0,0,0,0,0,0,0,0,1,1,1,False
75,58784,-15,00907,1,408047,-10,86557,-0,00280447,0,999936,-0,0007861753,0,01093104,0,0,0,0,0,0,0,0,0,0,0,0,0,0,0,0,0,0,0,0,0,0,1,1,1,False
75,60321,-15,00907,1,408047,-10,86557,-0,00280447,0,999936,-0,0007861753,0,01093104,0,0,0,0,0,0,0,0,0,0,0,0,0,0,0,0,0,0,0,0,0,0,1,1,1,False
75,61884,-15,00907,1,408047,-10,86557,-0,00280447,0,999936,-0,0007861753,0,01093104,0,0,0,0,0,0,0,0,0,0,0,0,0,0,0,0,0,0,0,0,0,0,1,1,1,False
75,63351,-15,00907,1,408047,-10,86557,-0,00280447,0,999936,-0,0007861753,0,01093104,0,0,0,0,0,0,0,0,0,0,0,0,0,0,0,0,0,0,0,0,0,0,1,1,1,False
75,65035,-15,00907,1,408047,-10,86557,-0,00280447,0,999936,-0,0007861753,0,01093104,0,0,0,0,0,0,0,0,0,0,0,0,0,0,0,0,0,0,0,0,0,0,1,1,1,False
75,66634,-15,00907,1,408047,-10,86557,-0,00280447,0,999936,-0,0007861753,0,01093104,0,0,0,0,0,0,0,0,0,0,0,0,0,0,0,0,0,0,0,0,0,0,1,1,1,False
75,68196,-15,00907,1,408047,-10,86557,-0,00280447,0,999936,-0,0007861753,0,01093104,0,0,0,0,0,0,0,0,0,0,0,0,0,0,0,0,0,0,0,0,0,0,1,1,1,False
75,69772,-15,00907,1,408047,-10,86557,-0,00280447,0,999936,-0,0007861753,0,01093104,0,0,0,0,0,0,0,0,0,0,0,0,0,0,0,0,0,0,0,0,0,0,1,1,1,False
75,7136,-15,00907,1,408047,-10,86557,-0,00280447,0,999936,-0,0007861753,0,01093104,0,0,0,0,0,0,0,0,0,0,0,0,0,0,0,0,0,0,0,0,0,0,1,1,1,False
75,73029,-15,00907,1,408047,-10,86557,-0,00280447,0,999936,-0,0007861753,0,01093104,0,0,0,0,0,0,0,0,0,0,0,0,0,0,0,0,0,0,0,0,0,0,1,1,1,False
75,74705,-15,00907,1,408047,-10,86557,-0,00280447,0,999936,-0,0007861753,0,01093104,0,0,0,0,0,0,0,0,0,0,0,0,0,0,0,0,0,0,0,0,0,0,1,1,1,False
75,76342,-15,00907,1,408047,-10,86557,-0,00280447,0,999936,-0,0007861753,0,01093104,0,0,0,0,0,0,0,0,0,0,0,0,0,0,0,0,0,0,0,0,0,0,1,1,1,False
75,78009,-15,00907,1,408047,-10,86557,-0,00280447,0,999936,-0,0007861753,0,01093104,0,0,0,0,0,0,0,0,0,0,0,0,0,0,0,0,0,0,0,0,0,0,1,1,1,False
75,79675,-15,00907,1,408047,-10,86557,-0,00280447,0,999936,-0,0007861753,0,01093104,0,0,0,0,0,0,0,0,0,0,0,0,0,0,0,0,0,0,0,0,0,0,1,1,1,False
75,81336,-15,00907,1,408047,-10,86557,-0,00280447,0,999936,-0,0007861753,0,01093104,0,0,0,0,0,0,0,0,0,0,0,0,0,0,0,0,0,0,0,0,0,0,1,1,1,False
75,83056,-15,00907,1,408047,-10,86557,-0,00280447,0,999936,-0,0007861753,0,01093104,0,0,0,0,0,0,0,0,0,0,0,0,0,0,0,0,0,0,0,0,0,0,1,1,1,False
75,84885,-15,00907,1,408047,-10,86557,-0,00280447,0,999936,-0,0007861753,0,01093104,0,0,0,0,0,0,0,0,0,0,0,0,0,0,0,0,0,0,0,0,0,0,1,1,1,False
75,86559,-15,00907,1,408047,-10,86557,-0,00280447,0,999936,-0,0007861753,0,01093104,0,0,0,0,0,0,0,0,0,0,0,0,0,0,0,0,0,0,0,0,0,0,1,1,1,False
75,88199,-15,00907,1,408047,-10,86557,-0,00280447,0,999936,-0,0007861753,0,01093104,0,0,0,0,0,0,0,0,0,0,0,0,0,0,0,0,0,0,0,0,0,0,1,1,1,False
75,89848,-15,00907,1,408047,-10,86557,-0,00280447,0,999936,-0,0007861753,0,01093104,0,0,0,0,0,0,0,0,0,0,0,0,0,0,0,0,0,0,0,0,0,0,1,1,1,False
75,91384,-15,00907,1,408047,-10,86557,-0,00280447,0,999936,-0,0007861753,0,01093104,0,0,0,0,0,0,0,0,0,0,0,0,0,0,0,0,0,0,0,0,0,0,1,1,1,False
75,93086,-15,00907,1,408047,-10,86557,-0,00280447,0,999936,-0,0007861753,0,01093104,0,0,0,0,0,0,0,0,0,0,0,0,0,0,0,0,0,0,0,0,0,0,1,1,1,False
75,94837,-15,00907,1,408047,-10,86557,-0,00280447,0,999936,-0,0007861753,0,01093104,0,0,0,0,0,0,0,0,0,0,0,0,0,0,0,0,0,0,0,0,0,0,1,1,1,False
75,96556,-15,00907,1,408047,-10,86557,-0,00280447,0,999936,-0,0007861753,0,01093104,0,0,0,0,0,0,0,0,0,0,0,0,0,0,0,0,0,0,0,0,0,0,1,1,1,False
75,98268,-15,00907,1,408047,-10,86557,-0,00280447,0,999936,-0,0007861753,0,01093104,0,0,0,0,0,0,0,0,0,0,0,0,0,0,0,0,0,0,0,0,0,0,1,1,1,False
75,99998,-15,00907,1,408047,-10,86557,-0,00280447,0,999936,-0,0007861753,0,01093104,0,0,0,0,0,0,0,0,0,0,0,0,0,0,0,0,0,0,0,0,0,0,1,1,1,False
76,01627,-15,00907,1,408047,-10,86557,-0,00280447,0,999936,-0,0007861753,0,01093104,0,0,0,0,0,0,0,0,0,0,0,0,0,0,0,0,0,0,0,0,0,0,1,1,1,False
76,03227,-15,00907,1,408047,-10,86557,-0,00280447,0,999936,-0,0007861753,0,01093104,0,0,0,0,0,0,0,0,0,0,0,0,0,0,0,0,0,0,0,0,0,0,1,1,1,False
76,04839,-15,00907,1,408047,-10,86557,-0,00280447,0,999936,-0,0007861753,0,01093104,0,0,0,0,0,0,0,0,0,0,0,0,0,0,0,0,0,0,0,0,0,0,1,1,1,False
76,06429,-15,00907,1,408047,-10,86557,-0,00280447,0,999936,-0,0007861753,0,01093104,0,0,0,0,0,0,0,0,0,0,0,0,0,0,0,0,0,0,0,0,0,0,1,1,1,False
76,08104,-15,00907,1,408047,-10,86557,-0,00280447,0,999936,-0,0007861753,0,01093104,0,0,0,0,0,0,0,0,0,0,0,0,0,0,0,0,0,0,0,0,0,0,1,1,1,False
76,09893,-15,00907,1,408047,-10,86557,-0,00280447,0,999936,-0,0007861753,0,01093104,0,0,0,0,0,0,0,0,0,0,0,0,0,0,0,0,0,0,0,0,0,0,1,1,1,False
76,11674,-15,00907,1,408047,-10,86557,-0,00280447,0,999936,-0,0007861753,0,01093104,0,0,0,0,0,0,0,0,0,0,0,0,0,0,0,0,0,0,0,0,0,0,1,1,1,False
76,13376,-15,00907,1,408047,-10,86557,-0,00280447,0,999936,-0,0007861753,0,01093104,0,0,0,0,0,0,0,0,0,0,0,0,0,0,0,0,0,0,0,0,0,0,1,1,1,False
76,15095,-15,00907,1,408047,-10,86557,-0,00280447,0,999936,-0,0007861753,0,01093104,0,0,0,0,0,0,0,0,0,0,0,0,0,0,0,0,0,0,0,0,0,0,1,1,1,False
76,16769,-15,00907,1,408047,-10,86557,-0,00280447,0,999936,-0,0007861753,0,01093104,0,0,0,0,0,0,0,0,0,0,0,0,0,0,0,0,0,0,0,0,0,0,1,1,1,False
76,18436,-15,00907,1,408047,-10,86557,-0,00280447,0,999936,-0,0007861753,0,01093104,0,0,0,0,0,0,0,0,0,0,0,0,0,0,0,0,0,0,0,0,0,0,1,1,1,False
76,20024,-15,00907,1,408047,-10,86557,-0,00280447,0,999936,-0,0007861753,0,01093104,0,0,0,0,0,0,0,0,0,0,0,0,0,0,0,0,0,0,0,0,0,0,1,1,1,False
76,21589,-15,00907,1,408047,-10,86557,-0,00280447,0,999936,-0,0007861753,0,01093104,0,0,0,0,0,0,0,0,0,0,0,0,0,0,0,0,0,0,0,0,0,0,1,1,1,False
76,23046,-15,00907,1,408047,-10,86557,-0,00280447,0,999936,-0,0007861753,0,01093104,0,0,0,0,0,0,0,0,0,0,0,0,0,0,0,0,0,0,0,0,0,0,1,1,1,False
76,24615,-15,00907,1,408047,-10,86557,-0,00280447,0,999936,-0,0007861753,0,01093104,0,0,0,0,0,0,0,0,0,0,0,0,0,0,0,0,0,0,0,0,0,0,1,1,1,False
76,2627,-15,00907,1,408047,-10,86557,-0,00280447,0,999936,-0,0007861753,0,01093104,0,0,0,0,0,0,0,0,0,0,0,0,0,0,0,0,0,0,0,0,0,0,1,1,1,False
76,27782,-15,00907,1,408047,-10,86557,-0,00280447,0,999936,-0,0007861753,0,01093104,0,0,0,0,0,0,0,0,0,0,0,0,0,0,0,0,0,0,0,0,0,0,1,1,1,False
76,29246,-15,00907,1,408047,-10,86557,-0,00280447,0,999936,-0,0007861753,0,01093104,0,0,0,0,0,0,0,0,0,0,0,0,0,0,0,0,0,0,0,0,0,0,1,1,1,False
76,30801,-15,00907,1,408047,-10,86557,-0,00280447,0,999936,-0,0007861753,0,01093104,0,0,0,0,0,0,0,0,0,0,0,0,0,0,0,0,0,0,0,0,0,0,1,1,1,False
76,3252,-15,00907,1,408047,-10,86557,-0,00280447,0,999936,-0,0007861753,0,01093104,0,0,0,0,0,0,0,0,0,0,0,0,0,0,0,0,0,0,0,0,0,0,1,1,1,False
76,34177,-15,00907,1,408047,-10,86557,-0,00280447,0,999936,-0,0007861753,0,01093104,0,0,0,0,0,0,0,0,0,0,0,0,0,0,0,0,0,0,0,0,0,0,1,1,1,False
76,35852,-15,00907,1,408047,-10,86557,-0,00280447,0,999936,-0,0007861753,0,01093104,0,0,0,0,0,0,0,0,0,0,0,0,0,0,0,0,0,0,0,0,0,0,1,1,1,False
76,37421,-15,00907,1,408047,-10,86557,-0,00280447,0,999936,-0,0007861753,0,01093104,0,0,0,0,0,0,0,0,0,0,0,0,0,0,0,0,0,0,0,0,0,0,1,1,1,False
76,39076,-15,00907,1,408047,-10,86557,-0,00280447,0,999936,-0,0007861753,0,01093104,0,0,0,0,0,0,0,0,0,0,0,0,0,0,0,0,0,0,0,0,0,0,1,1,1,False
76,4072,-15,00907,1,408047,-10,86557,-0,00280447,0,999936,-0,0007861753,0,01093104,0,0,0,0,0,0,0,0,0,0,0,0,0,0,0,0,0,0,0,0,0,0,1,1,1,False
76,42397,-15,00907,1,408047,-10,86557,-0,00280447,0,999936,-0,0007861753,0,01093104,0,0,0,0,0,0,0,0,0,0,0,0,0,0,0,0,0,0,0,0,0,0,1,1,1,False
76,44081,-15,00907,1,408047,-10,86557,-0,00280447,0,999936,-0,0007861753,0,01093104,0,0,0,0,0,0,0,0,0,0,0,0,0,0,0,0,0,0,0,0,0,0,1,1,1,False
76,4575,-15,00907,1,408047,-10,86557,-0,00280447,0,999936,-0,0007861753,0,01093104,0,0,0,0,0,0,0,0,0,0,0,0,0,0,0,0,0,0,0,0,0,0,1,1,1,False
76,47395,-15,00907,1,408047,-10,86557,-0,00280447,0,999936,-0,0007861753,0,01093104,0,0,0,0,0,0,0,0,0,0,0,0,0,0,0,0,0,0,0,0,0,0,1,1,1,False
76,49088,-15,00907,1,408047,-10,86557,-0,00280447,0,999936,-0,0007861753,0,01093104,0,0,0,0,0,0,0,0,0,0,0,0,0,0,0,0,0,0,0,0,0,0,1,1,1,False
76,5064,-15,00907,1,408047,-10,86557,-0,00280447,0,999936,-0,0007861753,0,01093104,0,0,0,0,0,0,0,0,0,0,0,0,0,0,0,0,0,0,0,0,0,0,1,1,1,False
76,52376,-15,00907,1,408047,-10,86557,-0,00280447,0,999936,-0,0007861753,0,01093104,0,0,0,0,0,0,0,0,0,0,0,0,0,0,0,0,0,0,0,0,0,0,1,1,1,False
76,53911,-15,00907,1,408047,-10,86557,-0,00280447,0,999936,-0,0007861753,0,01093104,0,0,0,0,0,0,0,0,0,0,0,0,0,0,0,0,0,0,0,0,0,0,1,1,1,False
76,55489,-15,00907,1,408047,-10,86557,-0,00280447,0,999936,-0,0007861753,0,01093104,0,0,0,0,0,0,0,0,0,0,0,0,0,0,0,0,0,0,0,0,0,0,1,1,1,False
76,5714,-15,00907,1,408047,-10,86557,-0,00280447,0,999936,-0,0007861753,0,01093104,0,0,0,0,0,0,0,0,0,0,0,0,0,0,0,0,0,0,0,0,0,0,1,1,1,False
76,58933,-15,00907,1,408047,-10,86557,-0,00280447,0,999936,-0,0007861753,0,01093104,0,0,0,0,0,0,0,0,0,0,0,0,0,0,0,0,0,0,0,0,0,0,1,1,1,False
76,60704,-15,00907,1,408047,-10,86557,-0,00280447,0,999936,-0,0007861753,0,01093104,0,0,0,0,0,0,0,0,0,0,0,0,0,0,0,0,0,0,0,0,0,0,1,1,1,False
76,62361,-15,00907,1,408047,-10,86557,-0,00280447,0,999936,-0,0007861753,0,01093104,0,0,0,0,0,0,0,0,0,0,0,0,0,0,0,0,0,0,0,0,0,0,1,1,1,False
76,64055,-15,00907,1,408047,-10,86557,-0,00280447,0,999936,-0,0007861753,0,01093104,0,0,0,0,0,0,0,0,0,0,0,0,0,0,0,0,0,0,0,0,0,0,1,1,1,False
76,65704,-15,00907,1,408047,-10,86557,-0,00280447,0,999936,-0,0007861753,0,01093104,0,0,0,0,0,0,0,0,0,0,0,0,0,0,0,0,0,0,0,0,0,0,1,1,1,False
76,67277,-15,00907,1,408047,-10,86557,-0,00280447,0,999936,-0,0007861753,0,01093104,0,0,0,0,0,0,0,0,0,0,0,0,0,0,0,0,0,0,0,0,0,0,1,1,1,False
76,68925,-15,00907,1,408047,-10,86557,-0,00280447,0,999936,-0,0007861753,0,01093104,0,0,0,0,0,0,0,0,0,0,0,0,0,0,0,0,0,0,0,0,0,0,1,1,1,False
76,70584,-15,00907,1,408047,-10,86557,-0,00280447,0,999936,-0,0007861753,0,01093104,0,0,0,0,0,0,0,0,0,0,0,0,0,0,0,0,0,0,0,0,0,0,1,1,1,False
76,72197,-15,00907,1,408047,-10,86557,-0,00280447,0,999936,-0,0007861753,0,01093104,0,0,0,0,0,0,0,0,0,0,0,0,0,0,0,0,0,0,0,0,0,0,1,1,1,False
76,74017,-15,00907,1,408047,-10,86557,-0,00280447,0,999936,-0,0007861753,0,01093104,0,0,0,0,0,0,0,0,0,0,0,0,0,0,0,0,0,0,0,0,0,0,1,1,1,False
76,75816,-15,00907,1,408047,-10,86557,-0,00280447,0,999936,-0,0007861753,0,01093104,0,0,0,0,0,0,0,0,0,0,0,0,0,0,0,0,0,0,0,0,0,0,1,1,1,False
76,77412,-15,00907,1,408047,-10,86557,-0,00280447,0,999936,-0,0007861753,0,01093104,0,0,0,0,0,0,0,0,0,0,0,0,0,0,0,0,0,0,0,0,0,0,1,1,1,False
76,79053,-15,00907,1,408047,-10,86557,-0,00280447,0,999936,-0,0007861753,0,01093104,0,0,0,0,0,0,0,0,0,0,0,0,0,0,0,0,0,0,0,0,0,0,1,1,1,False
76,80701,-15,00907,1,408047,-10,86557,-0,00280447,0,999936,-0,0007861753,0,01093104,0,0,0,0,0,0,0,0,0,0,0,0,0,0,0,0,0,0,0,0,0,0,1,1,1,False
76,82404,-15,00907,1,408047,-10,86557,-0,00280447,0,999936,-0,0007861753,0,01093104,0,0,0,0,0,0,0,0,0,0,0,0,0,0,0,0,0,0,0,0,0,0,1,1,1,False
76,84023,-15,00907,1,408047,-10,86557,-0,00280447,0,999936,-0,0007861753,0,01093104,0,0,0,0,0,0,0,0,0,0,0,0,0,0,0,0,0,0,0,0,0,0,1,1,1,False
76,85647,-15,00907,1,408047,-10,86557,-0,00280447,0,999936,-0,0007861753,0,01093104,0,0,0,0,0,0,0,0,0,0,0,0,0,0,0,0,0,0,0,0,0,0,1,1,1,False
76,87243,-15,00907,1,408047,-10,86557,-0,00280447,0,999936,-0,0007861753,0,01093104,0,0,0,0,0,0,0,0,0,0,0,0,0,0,0,0,0,0,0,0,0,0,1,1,1,False
76,88863,-15,00907,1,408047,-10,86557,-0,00280447,0,999936,-0,0007861753,0,01093104,0,0,0,0,0,0,0,0,0,0,0,0,0,0,0,0,0,0,0,0,0,0,1,1,1,False
76,90505,-15,00907,1,408047,-10,86557,-0,00280447,0,999936,-0,0007861753,0,01093104,0,0,0,0,0,0,0,0,0,0,0,0,0,0,0,0,0,0,0,0,0,0,1,1,1,False
76,92135,-15,00907,1,408047,-10,86557,-0,00280447,0,999936,-0,0007861753,0,01093104,0,0,0,0,0,0,0,0,0,0,0,0,0,0,0,0,0,0,0,0,0,0,1,1,1,False
76,93661,-15,00907,1,408047,-10,86557,-0,00280447,0,999936,-0,0007861753,0,01093104,0,0,0,0,0,0,0,0,0,0,0,0,0,0,0,0,0,0,0,0,0,0,1,1,1,False
76,95119,-15,00907,1,408047,-10,86557,-0,00280447,0,999936,-0,0007861753,0,01093104,0,0,0,0,0,0,0,0,0,0,0,0,0,0,0,0,0,0,0,0,0,0,1,1,1,False
76,96887,-15,00907,1,408047,-10,86557,-0,00280447,0,999936,-0,0007861753,0,01093104,0,0,0,0,0,0,0,0,0,0,0,0,0,0,0,0,0,0,0,0,0,0,1,1,1,False
76,98477,-15,00907,1,408047,-10,86557,-0,00280447,0,999936,-0,0007861753,0,01093104,0,0,0,0,0,0,0,0,0,0,0,0,0,0,0,0,0,0,0,0,0,0,1,1,1,False
77,00138,-15,00907,1,408047,-10,86557,-0,00280447,0,999936,-0,0007861753,0,01093104,0,0,0,0,0,0,0,0,0,0,0,0,0,0,0,0,0,0,0,0,0,0,1,1,1,False
77,01764,-15,00907,1,408047,-10,86557,-0,00280447,0,999936,-0,0007861753,0,01093104,0,0,0,0,0,0,0,0,0,0,0,0,0,0,0,0,0,0,0,0,0,0,1,1,1,False
77,03278,-15,00907,1,408047,-10,86557,-0,00280447,0,999936,-0,0007861753,0,01093104,0,0,0,0,0,0,0,0,0,0,0,0,0,0,0,0,0,0,0,0,0,0,1,1,1,False
77,04887,-15,00907,1,408047,-10,86557,-0,00280447,0,999936,-0,0007861753,0,01093104,0,0,0,0,0,0,0,0,0,0,0,0,0,0,0,0,0,0,0,0,0,0,1,1,1,False
77,06549,-15,00907,1,408047,-10,86557,-0,00280447,0,999936,-0,0007861753,0,01093104,0,0,0,0,0,0,0,0,0,0,0,0,0,0,0,0,0,0,0,0,0,0,1,1,1,False
77,08216,-15,00907,1,408047,-10,86557,-0,00280447,0,999936,-0,0007861753,0,01093104,0,0,0,0,0,0,0,0,0,0,0,0,0,0,0,0,0,0,0,0,0,0,1,1,1,False
77,09837,-15,00907,1,408047,-10,86557,-0,00280447,0,999936,-0,0007861753,0,01093104,0,0,0,0,0,0,0,0,0,0,0,0,0,0,0,0,0,0,0,0,0,0,1,1,1,False
77,11412,-15,00907,1,408047,-10,86557,-0,00280447,0,999936,-0,0007861753,0,01093104,0,0,0,0,0,0,0,0,0,0,0,0,0,0,0,0,0,0,0,0,0,0,1,1,1,False
77,12947,-15,00907,1,408047,-10,86557,-0,00280447,0,999936,-0,0007861753,0,01093104,0,0,0,0,0,0,0,0,0,0,0,0,0,0,0,0,0,0,0,0,0,0,1,1,1,False
77,14703,-15,00907,1,408047,-10,86557,-0,00280447,0,999936,-0,0007861753,0,01093104,0,0,0,0,0,0,0,0,0,0,0,0,0,0,0,0,0,0,0,0,0,0,1,1,1,False
77,16451,-15,00907,1,439942,-10,86557,-0,00280447,0,999936,-0,0007861753,0,01093104,0,0,0,0,0,0,0,0,0,0,0,0,0,0,0,0,0,0,0,0,0,0,1,1,1,False
77,18143,-15,00907,1,527135,-10,86557,-0,00280447,0,999936,-0,0007861753,0,01093104,0,0,0,0,0,0,0,0,0,0,0,0,0,0,0,0,0,0,0,0,0,0,1,1,1,False
77,19813,-15,00907,1,624435,-10,86557,-0,00280447,0,999936,-0,0007861753,0,01093104,0,0,0,0,0,0,0,0,0,0,0,0,0,0,0,0,0,0,0,0,0,0,1,1,1,False
77,21411,-15,00907,1,812165,-10,86557,-0,00280447,0,999936,-0,0007861753,0,01093104,0,0,0,0,0,0,0,0,0,0,0,0,0,0,0,0,0,0,0,0,0,0,1,1,1,False
77,23109,-15,00907,2,278859,-10,86557,-0,00280447,0,999936,-0,0007861753,0,01093104,0,0,0,0,0,0,0,0,0,0,0,0,0,0,0,0,0,0,0,0,0,0,1,1,1,False
77,24736,-15,01907,2,566719,-10,86557,-0,00280447,0,999936,-0,0007861753,0,01093104,0,0,0,0,0,0,0,0,0,0,0,0,0,0,0,0,0,0,0,0,0,0,1,1,1,False
77,26611,-15,01907,2,681259,-10,86557,-0,00280447,0,999936,-0,0007861753,0,01093104,0,0,0,0,0,0,0,0,0,0,0,0,0,0,0,0,0,0,0,0,0,0,1,1,1,False
77,29037,-15,01907,2,651294,-10,86557,-0,00280447,0,999936,-0,0007861753,0,01093104,0,0,0,0,0,0,0,0,0,0,0,0,0,0,0,0,0,0,0,0,0,0,1,1,1,False
77,30692,-15,01907,2,628179,-10,86557,-0,00280447,0,999936,-0,0007861753,0,01093104,0,0,0,0,0,0,0,0,0,0,0,0,0,0,0,0,0,0,0,0,0,0,1,1,1,False
77,32243,-15,01907,2,604149,-10,86557,-0,00280447,0,999936,-0,0007861753,0,01093104,0,0,0,0,0,0,0,0,0,0,0,0,0,0,0,0,0,0,0,0,0,0,1,1,1,False
77,33801,-15,01907,2,577628,-10,86557,-0,00280447,0,999936,-0,0007861753,0,01093104,0,0,0,0,0,0,0,0,0,0,0,0,0,0,0,0,0,0,0,0,0,0,1,1,1,False
77,35439,-15,01907,2,547117,-10,86557,-0,00280447,0,999936,-0,0007861753,0,01093104,0,0,0,0,0,0,0,0,0,0,0,0,0,0,0,0,0,0,0,0,0,0,1,1,1,False
77,37215,-15,01907,2,510942,-10,86557,-0,00280447,0,999936,-0,0007861753,0,01093104,0,0,0,0,0,0,0,0,0,0,0,0,0,0,0,0,0,0,0,0,0,0,1,1,1,False
77,39,-15,01907,2,471472,-10,86557,-0,00280447,0,999936,-0,0007861753,0,01093104,0,0,0,0,0,0,0,0,0,0,0,0,0,0,0,0,0,0,0,0,0,0,1,1,1,False
77,40782,-15,01907,2,428934,-10,86557,-0,00280447,0,999936,-0,0007861753,0,01093104,0,0,0,0,0,0,0,0,0,0,0,0,0,0,0,0,0,0,0,0,0,0,1,1,1,False
77,42533,-15,01907,2,384144,-10,86557,-0,00280447,0,999936,-0,0007861753,0,01093104,0,0,0,0,0,0,0,0,0,0,0,0,0,0,0,0,0,0,0,0,0,0,1,1,1,False
77,45004,-15,01907,2,314959,-10,86557,-0,00280447,0,999936,-0,0007861753,0,01093104,0,0,0,0,0,0,0,0,0,0,0,0,0,0,0,0,0,0,0,0,0,0,1,1,1,False
77,46729,-15,01907,2,26369,-10,86557,-0,00280447,0,999936,-0,0007861753,0,01093104,0,0,0,0,0,0,0,0,0,0,0,0,0,0,0,0,0,0,0,0,0,0,1,1,1,False
77,48428,-15,01907,2,210423,-10,86557,-0,00280447,0,999936,-0,0007861753,0,01093104,0,0,0,0,0,0,0,0,0,0,0,0,0,0,0,0,0,0,0,0,0,0,1,1,1,False
77,50429,-15,01907,2,143723,-10,86557,-0,00280447,0,999936,-0,0007861753,0,01093104,0,0,0,0,0,0,0,0,0,0,0,0,0,0,0,0,0,0,0,0,0,0,1,1,1,False
77,52087,-15,01907,2,085751,-10,86557,-0,00280447,0,999936,-0,0007861753,0,01093104,0,0,0,0,0,0,0,0,0,0,0,0,0,0,0,0,0,0,0,0,0,0,1,1,1,False
77,53733,-15,01907,2,02558,-10,86557,-0,00280447,0,999936,-0,0007861753,0,01093104,0,0,0,0,0,0,0,0,0,0,0,0,0,0,0,0,0,0,0,0,0,0,1,1,1,False
77,5535,-15,01907,1,963872,-10,86557,-0,00280447,0,999936,-0,0007861753,0,01093104,0,0,0,0,0,0,0,0,0,0,0,0,0,0,0,0,0,0,0,0,0,0,1,1,1,False
77,57037,-15,01907,1,8967,-10,86557,-0,00280447,0,999936,-0,0007861753,0,01093104,0,0,0,0,0,0,0,0,0,0,0,0,0,0,0,0,0,0,0,0,0,0,1,1,1,False
77,58701,-15,01907,1,827721,-10,86557,-0,00280447,0,999936,-0,0007861753,0,01093104,0,0,0,0,0,0,0,0,0,0,0,0,0,0,0,0,0,0,0,0,0,0,1,1,1,False
77,61101,-15,01907,1,722618,-10,86557,-0,00280447,0,999936,-0,0007861753,0,01093104,0,0,0,0,0,0,0,0,0,0,0,0,0,0,0,0,0,0,0,0,0,0,1,1,1,False
77,62744,-15,01907,1,647996,-10,86557,-0,00280447,0,999936,-0,0007861753,0,01093104,0,0,0,0,0,0,0,0,0,0,0,0,0,0,0,0,0,0,0,0,0,0,1,1,1,False
77,64411,-15,01907,1,569585,-10,86557,-0,00280447,0,999936,-0,0007861753,0,01093104,0,0,0,0,0,0,0,0,0,0,0,0,0,0,0,0,0,0,0,0,0,0,1,1,1,False
77,66083,-15,01907,1,488182,-10,86557,-0,00280447,0,999936,-0,0007861753,0,01093104,0,0,0,0,0,0,0,0,0,0,0,0,0,0,0,0,0,0,0,0,0,0,1,1,1,False
77,67667,-15,01907,1,408571,-10,86557,-0,00280447,0,999936,-0,0007861753,0,01093104,0,0,0,0,0,0,0,0,0,0,0,0,0,0,0,0,0,0,0,0,0,0,1,1,1,False
77,69224,-15,01907,1,408571,-10,86557,-0,00280447,0,999936,-0,0007861753,0,01093104,0,0,0,0,0,0,0,0,0,0,0,0,0,0,0,0,0,0,0,0,0,0,1,1,1,False
77,70871,-15,01907,1,408571,-10,86557,-0,00280447,0,999936,-0,0007861753,0,01093104,0,0,0,0,0,0,0,0,0,0,0,0,0,0,0,0,0,0,0,0,0,0,1,1,1,False
77,72566,-15,01907,1,408571,-10,86557,-0,00280447,0,999936,-0,0007861753,0,01093104,0,0,0,0,0,0,0,0,0,0,0,0,0,0,0,0,0,0,0,0,0,0,1,1,1,False
77,74125,-15,01907,1,408571,-10,86557,-0,00280447,0,999936,-0,0007861753,0,01093104,0,0,0,0,0,0,0,0,0,0,0,0,0,0,0,0,0,0,0,0,0,0,1,1,1,False
77,76533,-15,01907,1,408571,-10,86557,-0,00280447,0,999936,-0,0007861753,0,01093104,0,0,0,0,0,0,0,0,0,0,0,0,0,0,0,0,0,0,0,0,0,0,1,1,1,False
77,7805,-15,01907,1,408571,-10,86557,-0,00280447,0,999936,-0,0007861753,0,01093104,0,0,0,0,0,0,0,0,0,0,0,0,0,0,0,0,0,0,0,0,0,0,1,1,1,False
77,79576,-15,01907,1,408571,-10,86557,-0,00280447,0,999936,-0,0007861753,0,01093104,0,0,0,0,0,0,0,0,0,0,0,0,0,0,0,0,0,0,0,0,0,0,1,1,1,False
77,81014,-15,01907,1,408571,-10,86557,-0,00280447,0,999936,-0,0007861753,0,01093104,0,0,0,0,0,0,0,0,0,0,0,0,0,0,0,0,0,0,0,0,0,0,1,1,1,False
77,82545,-15,01907,1,408571,-10,86557,-0,00280447,0,999936,-0,0007861753,0,01093104,0,0,0,0,0,0,0,0,0,0,0,0,0,0,0,0,0,0,0,0,0,0,1,1,1,False
77,84138,-15,01907,1,408571,-10,86557,-0,00280447,0,999936,-0,0007861753,0,01093104,0,0,0,0,0,0,0,0,0,0,0,0,0,0,0,0,0,0,0,0,0,0,1,1,1,False
77,85706,-15,01907,1,408571,-10,86557,-0,00280447,0,999936,-0,0007861753,0,01093104,0,0,0,0,0,0,0,0,0,0,0,0,0,0,0,0,0,0,0,0,0,0,1,1,1,False
77,87162,-15,01907,1,408571,-10,86557,-0,00280447,0,999936,-0,0007861753,0,01093104,0,0,0,0,0,0,0,0,0,0,0,0,0,0,0,0,0,0,0,0,0,0,1,1,1,False
77,8881,-15,01907,1,408571,-10,86557,-0,00280447,0,999936,-0,0007861753,0,01093104,0,0,0,0,0,0,0,0,0,0,0,0,0,0,0,0,0,0,0,0,0,0,1,1,1,False
77,90444,-15,01907,1,408571,-10,86557,-0,00280447,0,999936,-0,0007861753,0,01093104,0,0,0,0,0,0,0,0,0,0,0,0,0,0,0,0,0,0,0,0,0,0,1,1,1,False
77,91956,-15,01907,1,408571,-10,86557,-0,00280447,0,999936,-0,0007861753,0,01093104,0,0,0,0,0,0,0,0,0,0,0,0,0,0,0,0,0,0,0,0,0,0,1,1,1,False
77,93473,-15,01907,1,408571,-10,86557,-0,00280447,0,999936,-0,0007861753,0,01093104,0,0,0,0,0,0,0,0,0,0,0,0,0,0,0,0,0,0,0,0,0,0,1,1,1,False
77,95087,-15,01907,1,408571,-10,86557,-0,00280447,0,999936,-0,0007861753,0,01093104,0,0,0,0,0,0,0,0,0,0,0,0,0,0,0,0,0,0,0,0,0,0,1,1,1,False
77,96895,-15,01907,1,408571,-10,86557,-0,00280447,0,999936,-0,0007861753,0,01093104,0,0,0,0,0,0,0,0,0,0,0,0,0,0,0,0,0,0,0,0,0,0,1,1,1,False
77,98431,-15,01907,1,408571,-10,86557,-0,00280447,0,999936,-0,0007861753,0,01093104,0,0,0,0,0,0,0,0,0,0,0,0,0,0,0,0,0,0,0,0,0,0,1,1,1,False
78,00104,-15,01907,1,429942,-10,86557,-0,00280447,0,999936,-0,0007861753,0,01093104,0,0,0,0,0,0,0,0,0,0,0,0,0,0,0,0,0,0,0,0,0,0,1,1,1,False
78,01747,-15,01907,1,627292,-10,86557,-0,00280447,0,999936,-0,0007861753,0,01093104,0,0,0,0,0,0,0,0,0,0,0,0,0,0,0,0,0,0,0,0,0,0,1,1,1,False
78,03328,-15,01907,1,934941,-10,86557,-0,00280447,0,999936,-0,0007861753,0,01093104,0,0,0,0,0,0,0,0,0,0,0,0,0,0,0,0,0,0,0,0,0,0,1,1,1,False
78,04954,-15,02907,2,332207,-10,86557,-0,00280447,0,999936,-0,0007861753,0,01093104,0,0,0,0,0,0,0,0,0,0,0,0,0,0,0,0,0,0,0,0,0,0,1,1,1,False
78,0664,-15,02907,2,73913,-10,86557,-0,00280447,0,999936,-0,0007861753,0,01093104,0,0,0,0,0,0,0,0,0,0,0,0,0,0,0,0,0,0,0,0,0,0,1,1,1,False
78,09014,-15,02907,3,249191,-10,86557,-0,00280447,0,999936,-0,0007861753,0,01093104,0,0,0,0,0,0,0,0,0,0,0,0,0,0,0,0,0,0,0,0,0,0,1,1,1,False
78,10744,-15,02907,3,461883,-10,86557,-0,00280447,0,999936,-0,0007861753,0,01093104,0,0,0,0,0,0,0,0,0,0,0,0,0,0,0,0,0,0,0,0,0,0,1,1,1,False
78,12328,-15,02907,3,442902,-10,86557,-0,00280447,0,999936,-0,0007861753,0,01093104,0,0,0,0,0,0,0,0,0,0,0,0,0,0,0,0,0,0,0,0,0,0,1,1,1,False
78,13948,-15,02907,3,420892,-10,86557,-0,00280447,0,999936,-0,0007861753,0,01093104,0,0,0,0,0,0,0,0,0,0,0,0,0,0,0,0,0,0,0,0,0,0,1,1,1,False
78,15347,-15,02907,3,399974,-10,86557,-0,00280447,0,999936,-0,0007861753,0,01093104,0,0,0,0,0,0,0,0,0,0,0,0,0,0,0,0,0,0,0,0,0,0,1,1,1,False
78,16929,-15,02907,3,373866,-10,86557,-0,00280447,0,999936,-0,0007861753,0,01093104,0,0,0,0,0,0,0,0,0,0,0,0,0,0,0,0,0,0,0,0,0,0,1,1,1,False
78,18642,-15,02907,3,342701,-10,86557,-0,00280447,0,999936,-0,0007861753,0,01093104,0,0,0,0,0,0,0,0,0,0,0,0,0,0,0,0,0,0,0,0,0,0,1,1,1,False
78,20295,-15,02907,3,309969,-10,86557,-0,00280447,0,999936,-0,0007861753,0,01093104,0,0,0,0,0,0,0,0,0,0,0,0,0,0,0,0,0,0,0,0,0,0,1,1,1,False
78,21962,-15,02907,3,274227,-10,86557,-0,00280447,0,999936,-0,0007861753,0,01093104,0,0,0,0,0,0,0,0,0,0,0,0,0,0,0,0,0,0,0,0,0,0,1,1,1,False
78,24237,-15,02907,3,220368,-10,86557,-0,00280447,0,999936,-0,0007861753,0,01093104,0,0,0,0,0,0,0,0,0,0,0,0,0,0,0,0,0,0,0,0,0,0,1,1,1,False
78,25889,-15,02907,3,178585,-10,86557,-0,00280447,0,999936,-0,0007861753,0,01093104,0,0,0,0,0,0,0,0,0,0,0,0,0,0,0,0,0,0,0,0,0,0,1,1,1,False
78,27463,-15,02907,3,136348,-10,86557,-0,00280447,0,999936,-0,0007861753,0,01093104,0,0,0,0,0,0,0,0,0,0,0,0,0,0,0,0,0,0,0,0,0,0,1,1,1,False
78,29158,-15,02907,3,088032,-10,86557,-0,00280447,0,999936,-0,0007861753,0,01093104,0,0,0,0,0,0,0,0,0,0,0,0,0,0,0,0,0,0,0,0,0,0,1,1,1,False
78,30789,-15,02907,3,038942,-10,86557,-0,00280447,0,999936,-0,0007861753,0,01093104,0,0,0,0,0,0,0,0,0,0,0,0,0,0,0,0,0,0,0,0,0,0,1,1,1,False
78,32667,-15,02907,2,978961,-10,86557,-0,00280447,0,999936,-0,0007861753,0,01093104,0,0,0,0,0,0,0,0,0,0,0,0,0,0,0,0,0,0,0,0,0,0,1,1,1,False
78,34296,-15,02907,2,924313,-10,86557,-0,00280447,0,999936,-0,0007861753,0,01093104,0,0,0,0,0,0,0,0,0,0,0,0,0,0,0,0,0,0,0,0,0,0,1,1,1,False
78,35904,-15,02907,2,867852,-10,86557,-0,00280447,0,999936,-0,0007861753,0,01093104,0,0,0,0,0,0,0,0,0,0,0,0,0,0,0,0,0,0,0,0,0,0,1,1,1,False
78,37493,-15,02907,2,809573,-10,86557,-0,00280447,0,999936,-0,0007861753,0,01093104,0,0,0,0,0,0,0,0,0,0,0,0,0,0,0,0,0,0,0,0,0,0,1,1,1,False
78,39882,-15,02907,2,716358,-10,86557,-0,00280447,0,999936,-0,0007861753,0,01093104,0,0,0,0,0,0,0,0,0,0,0,0,0,0,0,0,0,0,0,0,0,0,1,1,1,False
78,41504,-15,02907,2,650498,-10,86557,-0,00280447,0,999936,-0,0007861753,0,01093104,0,0,0,0,0,0,0,0,0,0,0,0,0,0,0,0,0,0,0,0,0,0,1,1,1,False
78,43127,-15,02907,2,582009,-10,86557,-0,00280447,0,999936,-0,0007861753,0,01093104,0,0,0,0,0,0,0,0,0,0,0,0,0,0,0,0,0,0,0,0,0,0,1,1,1,False
78,4472,-15,02907,2,512277,-10,86557,-0,00280447,0,999936,-0,0007861753,0,01093104,0,0,0,0,0,0,0,0,0,0,0,0,0,0,0,0,0,0,0,0,0,0,1,1,1,False
78,46336,-15,02907,2,439005,-10,86557,-0,00280447,0,999936,-0,0007861753,0,01093104,0,0,0,0,0,0,0,0,0,0,0,0,0,0,0,0,0,0,0,0,0,0,1,1,1,False
78,47964,-15,02907,2,362555,-10,86557,-0,00280447,0,999936,-0,0007861753,0,01093104,0,0,0,0,0,0,0,0,0,0,0,0,0,0,0,0,0,0,0,0,0,0,1,1,1,False
78,49429,-15,02907,2,29168,-10,86557,-0,00280447,0,999936,-0,0007861753,0,01093104,0,0,0,0,0,0,0,0,0,0,0,0,0,0,0,0,0,0,0,0,0,0,1,1,1,False
78,51132,-15,02907,2,206412,-10,86557,-0,00280447,0,999936,-0,0007861753,0,01093104,0,0,0,0,0,0,0,0,0,0,0,0,0,0,0,0,0,0,0,0,0,0,1,1,1,False
78,52803,-15,02907,2,12002,-10,86557,-0,00280447,0,999936,-0,0007861753,0,01093104,0,0,0,0,0,0,0,0,0,0,0,0,0,0,0,0,0,0,0,0,0,0,1,1,1,False
78,55161,-15,02907,1,992651,-10,86557,-0,00280447,0,999936,-0,0007861753,0,01093104,0,0,0,0,0,0,0,0,0,0,0,0,0,0,0,0,0,0,0,0,0,0,1,1,1,False
78,56884,-15,02907,1,896707,-10,86557,-0,00280447,0,999936,-0,0007861753,0,01093104,0,0,0,0,0,0,0,0,0,0,0,0,0,0,0,0,0,0,0,0,0,0,1,1,1,False
78,58676,-15,02907,1,793756,-10,86557,-0,00280447,0,999936,-0,0007861753,0,01093104,0,0,0,0,0,0,0,0,0,0,0,0,0,0,0,0,0,0,0,0,0,0,1,1,1,False
78,60365,-15,02907,1,693912,-10,86557,-0,00280447,0,999936,-0,0007861753,0,01093104,0,0,0,0,0,0,0,0,0,0,0,0,0,0,0,0,0,0,0,0,0,0,1,1,1,False
78,6206,-15,02907,1,590933,-10,86557,-0,00280447,0,999936,-0,0007861753,0,01093104,0,0,0,0,0,0,0,0,0,0,0,0,0,0,0,0,0,0,0,0,0,0,1,1,1,False
78,63717,-15,02907,1,487504,-10,86557,-0,00280447,0,999936,-0,0007861753,0,01093104,0,0,0,0,0,0,0,0,0,0,0,0,0,0,0,0,0,0,0,0,0,0,1,1,1,False
78,6527,-15,02907,1,395674,-10,86557,-0,00280447,0,999936,-0,0007861753,0,01093104,0,0,0,0,0,0,0,0,0,0,0,0,0,0,0,0,0,0,0,0,0,0,1,1,1,False
78,66958,-15,02907,1,395674,-10,86557,-0,00280447,0,999936,-0,0007861753,0,01093104,0,0,0,0,0,0,0,0,0,0,0,0,0,0,0,0,0,0,0,0,0,0,1,1,1,False
78,68611,-15,02907,1,395674,-10,86557,-0,00280447,0,999936,-0,0007861753,0,01093104,0,0,0,0,0,0,0,0,0,0,0,0,0,0,0,0,0,0,0,0,0,0,1,1,1,False
78,70994,-15,02907,1,395674,-10,86557,-0,00280447,0,999936,-0,0007861753,0,01093104,0,0,0,0,0,0,0,0,0,0,0,0,0,0,0,0,0,0,0,0,0,0,1,1,1,False
78,72624,-15,02907,1,395674,-10,86557,-0,00280447,0,999936,-0,0007861753,0,01093104,0,0,0,0,0,0,0,0,0,0,0,0,0,0,0,0,0,0,0,0,0,0,1,1,1,False
78,74322,-15,02907,1,395674,-10,86557,-0,00280447,0,999936,-0,0007861753,0,01093104,0,0,0,0,0,0,0,0,0,0,0,0,0,0,0,0,0,0,0,0,0,0,1,1,1,False
78,7597,-15,02907,1,395674,-10,86557,-0,00280447,0,999936,-0,0007861753,0,01093104,0,0,0,0,0,0,0,0,0,0,0,0,0,0,0,0,0,0,0,0,0,0,1,1,1,False
78,77573,-15,02907,1,395674,-10,86557,-0,00280447,0,999936,-0,0007861753,0,01093104,0,0,0,0,0,0,0,0,0,0,0,0,0,0,0,0,0,0,0,0,0,0,1,1,1,False
78,79218,-15,02907,1,395674,-10,86557,-0,00280447,0,999936,-0,0007861753,0,01093104,0,0,0,0,0,0,0,0,0,0,0,0,0,0,0,0,0,0,0,0,0,0,1,1,1,False
78,80862,-15,02907,1,395674,-10,86557,-0,00280447,0,999936,-0,0007861753,0,01093104,0,0,0,0,0,0,0,0,0,0,0,0,0,0,0,0,0,0,0,0,0,0,1,1,1,False
78,82513,-15,02907,1,395674,-10,86557,-0,00280447,0,999936,-0,0007861753,0,01093104,0,0,0,0,0,0,0,0,0,0,0,0,0,0,0,0,0,0,0,0,0,0,1,1,1,False
78,84184,-15,02907,1,395674,-10,86557,-0,00280447,0,999936,-0,0007861753,0,01093104,0,0,0,0,0,0,0,0,0,0,0,0,0,0,0,0,0,0,0,0,0,0,1,1,1,False
78,85753,-15,02907,1,395674,-10,86557,-0,00280447,0,999936,-0,0007861753,0,01093104,0,0,0,0,0,0,0,0,0,0,0,0,0,0,0,0,0,0,0,0,0,0,1,1,1,False
78,87361,-15,02907,1,395674,-10,86557,-0,00280447,0,999936,-0,0007861753,0,01093104,0,0,0,0,0,0,0,0,0,0,0,0,0,0,0,0,0,0,0,0,0,0,1,1,1,False
78,89017,-15,02907,1,395674,-10,86557,-0,00280447,0,999936,-0,0007861753,0,01093104,0,0,0,0,0,0,0,0,0,0,0,0,0,0,0,0,0,0,0,0,0,0,1,1,1,False
78,9064,-15,02907,1,395674,-10,86557,-0,00280447,0,999936,-0,0007861753,0,01093104,0,0,0,0,0,0,0,0,0,0,0,0,0,0,0,0,0,0,0,0,0,0,1,1,1,False
78,92318,-15,02907,1,395674,-10,86557,-0,00280447,0,999936,-0,0007861753,0,01093104,0,0,0,0,0,0,0,0,0,0,0,0,0,0,0,0,0,0,0,0,0,0,1,1,1,False
78,93974,-15,02907,1,395674,-10,86557,-0,00280447,0,999936,-0,0007861753,0,01093104,0,0,0,0,0,0,0,0,0,0,0,0,0,0,0,0,0,0,0,0,0,0,1,1,1,False
78,95547,-15,02907,1,395674,-10,86557,-0,00280447,0,999936,-0,0007861753,0,01093104,0,0,0,0,0,0,0,0,0,0,0,0,0,0,0,0,0,0,0,0,0,0,1,1,1,False
78,97234,-15,02907,1,395674,-10,86557,-0,00280447,0,999936,-0,0007861753,0,01093104,0,0,0,0,0,0,0,0,0,0,0,0,0,0,0,0,0,0,0,0,0,0,1,1,1,False
78,98922,-15,02907,1,395674,-10,86557,-0,00280447,0,999936,-0,0007861753,0,01093104,0,0,0,0,0,0,0,0,0,0,0,0,0,0,0,0,0,0,0,0,0,0,1,1,1,False
79,00607,-15,02907,1,395674,-10,86557,-0,00280447,0,999936,-0,0007861753,0,01093104,0,0,0,0,0,0,0,0,0,0,0,0,0,0,0,0,0,0,0,0,0,0,1,1,1,False
79,02263,-15,02907,1,395674,-10,86557,-0,00280447,0,999936,-0,0007861753,0,01093104,0,0,0,0,0,0,0,0,0,0,0,0,0,0,0,0,0,0,0,0,0,0,1,1,1,False
79,03927,-15,02907,1,395674,-10,86557,-0,00280447,0,999936,-0,0007861753,0,01093104,0,0,0,0,0,0,0,0,0,0,0,0,0,0,0,0,0,0,0,0,0,0,1,1,1,False
79,05502,-15,02907,1,395674,-10,86557,-0,00280447,0,999936,-0,0007861753,0,01093104,0,0,0,0,0,0,0,0,0,0,0,0,0,0,0,0,0,0,0,0,0,0,1,1,1,False
79,07175,-15,02907,1,395674,-10,86557,-0,00280447,0,999936,-0,0007861753,0,01093104,0,0,0,0,0,0,0,0,0,0,0,0,0,0,0,0,0,0,0,0,0,0,1,1,1,False
79,08849,-15,02907,1,395674,-10,86557,-0,00280447,0,999936,-0,0007861753,0,01093104,0,0,0,0,0,0,0,0,0,0,0,0,0,0,0,0,0,0,0,0,0,0,1,1,1,False
79,10483,-15,02907,1,395674,-10,86557,-0,00280447,0,999936,-0,0007861753,0,01093104,0,0,0,0,0,0,0,0,0,0,0,0,0,0,0,0,0,0,0,0,0,0,1,1,1,False
79,12121,-15,02907,1,395674,-10,86557,-0,00280447,0,999936,-0,0007861753,0,01093104,0,0,0,0,0,0,0,0,0,0,0,0,0,0,0,0,0,0,0,0,0,0,1,1,1,False
79,13736,-15,02907,1,395674,-10,86557,-0,00280447,0,999936,-0,0007861753,0,01093104,0,0,0,0,0,0,0,0,0,0,0,0,0,0,0,0,0,0,0,0,0,0,1,1,1,False
79,15282,-15,02907,1,395674,-10,86557,-0,00280447,0,999936,-0,0007861753,0,01093104,0,0,0,0,0,0,0,0,0,0,0,0,0,0,0,0,0,0,0,0,0,0,1,1,1,False
79,16961,-15,02907,1,395674,-10,86557,-0,00280447,0,999936,-0,0007861753,0,01093104,0,0,0,0,0,0,0,0,0,0,0,0,0,0,0,0,0,0,0,0,0,0,1,1,1,False
79,18599,-15,02907,1,395674,-10,86557,-0,00280447,0,999936,-0,0007861753,0,01093104,0,0,0,0,0,0,0,0,0,0,0,0,0,0,0,0,0,0,0,0,0,0,1,1,1,False
79,20296,-15,02907,1,395674,-10,86557,-0,00280447,0,999936,-0,0007861753,0,01093104,0,0,0,0,0,0,0,0,0,0,0,0,0,0,0,0,0,0,0,0,0,0,1,1,1,False
79,21967,-15,02907,1,395674,-10,86557,-0,00280447,0,999936,-0,0007861753,0,01093104,0,0,0,0,0,0,0,0,0,0,0,0,0,0,0,0,0,0,0,0,0,0,1,1,1,False
79,23528,-15,02907,1,395674,-10,86557,-0,00280447,0,999936,-0,0007861753,0,01093104,0,0,0,0,0,0,0,0,0,0,0,0,0,0,0,0,0,0,0,0,0,0,1,1,1,False
79,25155,-15,02907,1,395674,-10,86557,-0,00280447,0,999936,-0,0007861753,0,01093104,0,0,0,0,0,0,0,0,0,0,0,0,0,0,0,0,0,0,0,0,0,0,1,1,1,False
79,26785,-15,02907,1,395674,-10,86557,-0,00280447,0,999936,-0,0007861753,0,01093104,0,0,0,0,0,0,0,0,0,0,0,0,0,0,0,0,0,0,0,0,0,0,1,1,1,False
79,2849,-15,02907,1,395674,-10,86557,-0,00280447,0,999936,-0,0007861753,0,01093104,0,0,0,0,0,0,0,0,0,0,0,0,0,0,0,0,0,0,0,0,0,0,1,1,1,False
79,30103,-15,02907,1,395674,-10,86557,-0,00280447,0,999936,-0,0007861753,0,01093104,0,0,0,0,0,0,0,0,0,0,0,0,0,0,0,0,0,0,0,0,0,0,1,1,1,False
79,31775,-15,02907,1,395674,-10,86557,-0,00280447,0,999936,-0,0007861753,0,01093104,0,0,0,0,0,0,0,0,0,0,0,0,0,0,0,0,0,0,0,0,0,0,1,1,1,False
79,33355,-15,02907,1,395674,-10,86557,-0,00280447,0,999936,-0,0007861753,0,01093104,0,0,0,0,0,0,0,0,0,0,0,0,0,0,0,0,0,0,0,0,0,0,1,1,1,False
79,34988,-15,02907,1,395674,-10,86557,-0,00280447,0,999936,-0,0007861753,0,01093104,0,0,0,0,0,0,0,0,0,0,0,0,0,0,0,0,0,0,0,0,0,0,1,1,1,False
79,36671,-15,02907,1,395674,-10,86557,-0,00280447,0,999936,-0,0007861753,0,01093104,0,0,0,0,0,0,0,0,0,0,0,0,0,0,0,0,0,0,0,0,0,0,1,1,1,False
79,38319,-15,02907,1,395674,-10,86557,-0,00280447,0,999936,-0,0007861753,0,01093104,0,0,0,0,0,0,0,0,0,0,0,0,0,0,0,0,0,0,0,0,0,0,1,1,1,False
79,39913,-15,02907,1,395674,-10,86557,-0,00280447,0,999936,-0,0007861753,0,01093104,0,0,0,0,0,0,0,0,0,0,0,0,0,0,0,0,0,0,0,0,0,0,1,1,1,False
79,4146,-15,02907,1,395674,-10,86557,-0,00280447,0,999936,-0,0007861753,0,01093104,0,0,0,0,0,0,0,0,0,0,0,0,0,0,0,0,0,0,0,0,0,0,1,1,1,False
79,43086,-15,02907,1,395674,-10,86557,-0,00280447,0,999936,-0,0007861753,0,01093104,0,0,0,0,0,0,0,0,0,0,0,0,0,0,0,0,0,0,0,0,0,0,1,1,1,False
79,44721,-15,02907,1,395674,-10,86557,-0,00280447,0,999936,-0,0007861753,0,01093104,0,0,0,0,0,0,0,0,0,0,0,0,0,0,0,0,0,0,0,0,0,0,1,1,1,False
79,46358,-15,02907,1,395674,-10,86557,-0,00280447,0,999936,-0,0007861753,0,01093104,0,0,0,0,0,0,0,0,0,0,0,0,0,0,0,0,0,0,0,0,0,0,1,1,1,False
79,47995,-15,02907,1,395674,-10,86557,-0,00280447,0,999936,-0,0007861753,0,01093104,0,0,0,0,0,0,0,0,0,0,0,0,0,0,0,0,0,0,0,0,0,0,1,1,1,False
79,49563,-15,02907,1,395674,-10,86557,-0,00280447,0,999936,-0,0007861753,0,01093104,0,0,0,0,0,0,0,0,0,0,0,0,0,0,0,0,0,0,0,0,0,0,1,1,1,False
79,51194,-15,02907,1,395674,-10,86557,-0,00280447,0,999936,-0,0007861753,0,01093104,0,0,0,0,0,0,0,0,0,0,0,0,0,0,0,0,0,0,0,0,0,0,1,1,1,False
79,52877,-15,02907,1,395674,-10,86557,-0,00280447,0,999936,-0,0007861753,0,01093104,0,0,0,0,0,0,0,0,0,0,0,0,0,0,0,0,0,0,0,0,0,0,1,1,1,False
79,54417,-15,02907,1,395674,-10,86557,-0,00280447,0,999936,-0,0007861753,0,01093104,0,0,0,0,0,0,0,0,0,0,0,0,0,0,0,0,0,0,0,0,0,0,1,1,1,False
79,56066,-15,02907,1,395674,-10,86557,-0,00280447,0,999936,-0,0007861753,0,01093104,0,0,0,0,0,0,0,0,0,0,0,0,0,0,0,0,0,0,0,0,0,0,1,1,1,False
79,57701,-15,02907,1,395674,-10,86557,-0,00280447,0,999936,-0,0007861753,0,01093104,0,0,0,0,0,0,0,0,0,0,0,0,0,0,0,0,0,0,0,0,0,0,1,1,1,False
79,59276,-15,02907,1,395674,-10,86557,-0,00280447,0,999936,-0,0007861753,0,01093104,0,0,0,0,0,0,0,0,0,0,0,0,0,0,0,0,0,0,0,0,0,0,1,1,1,False
79,60796,-15,02907,1,395674,-10,86557,-0,00280447,0,999936,-0,0007861753,0,01093104,0,0,0,0,0,0,0,0,0,0,0,0,0,0,0,0,0,0,0,0,0,0,1,1,1,False
79,62315,-15,02907,1,395674,-10,86557,-0,00280447,0,999936,-0,0007861753,0,01093104,0,0,0,0,0,0,0,0,0,0,0,0,0,0,0,0,0,0,0,0,0,0,1,1,1,False
79,63972,-15,02907,1,395674,-10,86557,-0,00280447,0,999936,-0,0007861753,0,01093104,0,0,0,0,0,0,0,0,0,0,0,0,0,0,0,0,0,0,0,0,0,0,1,1,1,False
79,65551,-15,02907,1,395674,-10,86557,-0,00280447,0,999936,-0,0007861753,0,01093104,0,0,0,0,0,0,0,0,0,0,0,0,0,0,0,0,0,0,0,0,0,0,1,1,1,False
79,6714,-15,02907,1,395674,-10,86557,-0,00280447,0,999936,-0,0007861753,0,01093104,0,0,0,0,0,0,0,0,0,0,0,0,0,0,0,0,0,0,0,0,0,0,1,1,1,False
79,6876,-15,02907,1,395674,-10,86557,-0,00280447,0,999936,-0,0007861753,0,01093104,0,0,0,0,0,0,0,0,0,0,0,0,0,0,0,0,0,0,0,0,0,0,1,1,1,False
79,70431,-15,02907,1,395674,-10,86557,-0,00280447,0,999936,-0,0007861753,0,01093104,0,0,0,0,0,0,0,0,0,0,0,0,0,0,0,0,0,0,0,0,0,0,1,1,1,False
79,7207,-15,02907,1,395674,-10,86557,-0,00280447,0,999936,-0,0007861753,0,01093104,0,0,0,0,0,0,0,0,0,0,0,0,0,0,0,0,0,0,0,0,0,0,1,1,1,False
79,73669,-15,02907,1,395674,-10,86557,-0,00280447,0,999936,-0,0007861753,0,01093104,0,0,0,0,0,0,0,0,0,0,0,0,0,0,0,0,0,0,0,0,0,0,1,1,1,False
79,75327,-15,02907,1,395674,-10,86557,-0,00280447,0,999936,-0,0007861753,0,01093104,0,0,0,0,0,0,0,0,0,0,0,0,0,0,0,0,0,0,0,0,0,0,1,1,1,False
79,76936,-15,02907,1,395674,-10,86557,-0,00280447,0,999936,-0,0007861753,0,01093104,0,0,0,0,0,0,0,0,0,0,0,0,0,0,0,0,0,0,0,0,0,0,1,1,1,False
79,78616,-15,02907,1,395674,-10,86557,-0,00280447,0,999936,-0,0007861753,0,01093104,0,0,0,0,0,0,0,0,0,0,0,0,0,0,0,0,0,0,0,0,0,0,1,1,1,False
79,80254,-15,02907,1,395674,-10,86557,-0,00280447,0,999936,-0,0007861753,0,01093104,0,0,0,0,0,0,0,0,0,0,0,0,0,0,0,0,0,0,0,0,0,0,1,1,1,False
79,81749,-15,02907,1,395674,-10,86557,-0,00280447,0,999936,-0,0007861753,0,01093104,0,0,0,0,0,0,0,0,0,0,0,0,0,0,0,0,0,0,0,0,0,0,1,1,1,False
79,83183,-15,02907,1,395674,-10,86557,-0,00280447,0,999936,-0,0007861753,0,01093104,0,0,0,0,0,0,0,0,0,0,0,0,0,0,0,0,0,0,0,0,0,0,1,1,1,False
79,84736,-15,02907,1,395674,-10,86557,-0,00280447,0,999936,-0,0007861753,0,01093104,0,0,0,0,0,0,0,0,0,0,0,0,0,0,0,0,0,0,0,0,0,0,1,1,1,False
79,86261,-15,02907,1,395674,-10,86557,-0,00280447,0,999936,-0,0007861753,0,01093104,0,0,0,0,0,0,0,0,0,0,0,0,0,0,0,0,0,0,0,0,0,0,1,1,1,False
79,88003,-15,02907,1,395674,-10,86557,-0,00280447,0,999936,-0,0007861753,0,01093104,0,0,0,0,0,0,0,0,0,0,0,0,0,0,0,0,0,0,0,0,0,0,1,1,1,False
79,89581,-15,02907,1,395674,-10,86557,-0,00280447,0,999936,-0,0007861753,0,01093104,0,0,0,0,0,0,0,0,0,0,0,0,0,0,0,0,0,0,0,0,0,0,1,1,1,False
79,91032,-15,02907,1,395674,-10,86557,-0,00280447,0,999936,-0,0007861753,0,01093104,0,0,0,0,0,0,0,0,0,0,0,0,0,0,0,0,0,0,0,0,0,0,1,1,1,False
79,92586,-15,02907,1,395674,-10,86557,-0,00280447,0,999936,-0,0007861753,0,01093104,0,0,0,0,0,0,0,0,0,0,0,0,0,0,0,0,0,0,0,0,0,0,1,1,1,False
79,94242,-15,02907,1,399942,-10,88557,-0,00280447,0,999936,-0,0007861753,0,01093104,0,0,0,0,0,0,0,0,0,0,0,0,0,0,0,0,0,0,0,0,0,0,1,1,1,False
79,95929,-15,02907,1,399942,-10,89557,-0,00280447,0,999936,-0,0007861753,0,01093104,0,0,0,0,0,0,0,0,0,0,0,0,0,0,0,0,0,0,0,0,0,0,1,1,1,False
79,97528,-15,02907,1,399942,-10,94557,-0,00280447,0,999936,-0,0007861753,0,01093104,0,0,0,0,0,0,0,0,0,0,0,0,0,0,0,0,0,0,0,0,0,0,1,1,1,False
79,99921,-15,02907,1,394322,-11,00557,-0,00280447,0,999936,-0,0007861753,0,01093104,0,0,0,0,0,0,0,0,0,0,0,0,0,0,0,0,0,0,0,0,0,0,1,1,1,False
80,01562,-15,02907,1,393453,-11,05557,-0,00280447,0,999936,-0,0007861753,0,01093104,0,0,0,0,0,0,0,0,0,0,0,0,0,0,0,0,0,0,0,0,0,0,1,1,1,False
80,0324,-15,01907,1,390536,-11,09557,-0,00280447,0,999936,-0,0007861753,0,01093104,0,0,0,0,0,0,0,0,0,0,0,0,0,0,0,0,0,0,0,0,0,0,1,1,1,False
80,04922,-15,01907,1,387742,-11,11557,-0,00280447,0,999936,-0,0007861753,0,01093104,0,0,0,0,0,0,0,0,0,0,0,0,0,0,0,0,0,0,0,0,0,0,1,1,1,False
80,0657,-15,01907,1,399942,-11,13557,-0,00280447,0,999936,-0,0007861753,0,01093104,0,0,0,0,0,0,0,0,0,0,0,0,0,0,0,0,0,0,0,0,0,0,1,1,1,False
80,08205,-15,01907,1,397317,-11,19557,-0,00280447,0,999936,-0,0007861753,0,01093104,0,0,0,0,0,0,0,0,0,0,0,0,0,0,0,0,0,0,0,0,0,0,1,1,1,False
80,09842,-15,01907,1,394689,-11,23557,-0,00280447,0,999936,-0,0007861753,0,01093104,0,0,0,0,0,0,0,0,0,0,0,0,0,0,0,0,0,0,0,0,0,0,1,1,1,False
80,11395,-15,01907,1,39259,-11,30557,-0,00280447,0,999936,-0,0007861753,0,01093104,0,0,0,0,0,0,0,0,0,0,0,0,0,0,0,0,0,0,0,0,0,0,1,1,1,False
80,13072,-15,01907,1,389942,-11,36557,-0,00280447,0,999936,-0,0007861753,0,01093104,0,0,0,0,0,0,0,0,0,0,0,0,0,0,0,0,0,0,0,0,0,0,1,1,1,False
80,15488,-15,01907,1,384214,-11,51557,-0,00280447,0,999936,-0,0007861753,0,01093104,0,0,0,0,0,0,0,0,0,0,0,0,0,0,0,0,0,0,0,0,0,0,1,1,1,False
80,17155,-15,00907,1,383265,-11,59557,-0,00280447,0,999936,-0,0007861753,0,01093104,0,0,0,0,0,0,0,0,0,0,0,0,0,0,0,0,0,0,0,0,0,0,1,1,1,False
80,18864,-15,00907,1,380231,-11,73557,-0,00280447,0,999936,-0,0007861753,0,01093104,0,0,0,0,0,0,0,0,0,0,0,0,0,0,0,0,0,0,0,0,0,0,1,1,1,False
80,20538,-15,00907,1,377683,-11,75557,-0,00280447,0,999936,-0,0007861753,0,01093104,0,0,0,0,0,0,0,0,0,0,0,0,0,0,0,0,0,0,0,0,0,0,1,1,1,False
80,22308,-15,00907,1,373914,-11,76557,-0,00280447,0,999936,-0,0007861753,0,01093104,0,0,0,0,0,0,0,0,0,0,0,0,0,0,0,0,0,0,0,0,0,0,1,1,1,False
80,23956,-15,00907,1,373914,-11,76557,-0,00280447,0,999936,-0,0007861753,0,01093104,0,0,0,0,0,0,0,0,0,0,0,0,0,0,0,0,0,0,0,0,0,0,1,1,1,False
80,25451,-15,00907,1,373914,-11,76557,-0,00280447,0,999936,-0,0007861753,0,01093104,0,0,0,0,0,0,0,0,0,0,0,0,0,0,0,0,0,0,0,0,0,0,1,1,1,False
80,27036,-15,00907,1,373914,-11,76557,-0,00280447,0,999936,-0,0007861753,0,01093104,0,0,0,0,0,0,0,0,0,0,0,0,0,0,0,0,0,0,0,0,0,0,1,1,1,False
80,28675,-15,00907,1,373914,-11,76557,-0,00280447,0,999936,-0,0007861753,0,01093104,0,0,0,0,0,0,0,0,0,0,0,0,0,0,0,0,0,0,0,0,0,0,1,1,1,False
80,30988,-15,00907,1,373914,-11,76557,-0,00280447,0,999936,-0,0007861753,0,01093104,0,0,0,0,0,0,0,0,0,0,0,0,0,0,0,0,0,0,0,0,0,0,1,1,1,False
80,32559,-15,00907,1,373914,-11,76557,-0,00280447,0,999936,-0,0007861753,0,01093104,0,0,0,0,0,0,0,0,0,0,0,0,0,0,0,0,0,0,0,0,0,0,1,1,1,False
80,34164,-15,00907,1,373914,-11,76557,-0,00280447,0,999936,-0,0007861753,0,01093104,0,0,0,0,0,0,0,0,0,0,0,0,0,0,0,0,0,0,0,0,0,0,1,1,1,False
80,35778,-15,00907,1,373914,-11,76557,-0,00280447,0,999936,-0,0007861753,0,01093104,0,0,0,0,0,0,0,0,0,0,0,0,0,0,0,0,0,0,0,0,0,0,1,1,1,False
80,37244,-15,00907,1,373914,-11,76557,-0,00280447,0,999936,-0,0007861753,0,01093104,0,0,0,0,0,0,0,0,0,0,0,0,0,0,0,0,0,0,0,0,0,0,1,1,1,False
80,38844,-15,00907,1,373914,-11,76557,-0,00280447,0,999936,-0,0007861753,0,01093104,0,0,0,0,0,0,0,0,0,0,0,0,0,0,0,0,0,0,0,0,0,0,1,1,1,False
80,40429,-15,00907,1,373914,-11,76557,-0,00280447,0,999936,-0,0007861753,0,01093104,0,0,0,0,0,0,0,0,0,0,0,0,0,0,0,0,0,0,0,0,0,0,1,1,1,False
80,42036,-15,00907,1,373914,-11,76557,-0,00280447,0,999936,-0,0007861753,0,01093104,0,0,0,0,0,0,0,0,0,0,0,0,0,0,0,0,0,0,0,0,0,0,1,1,1,False
80,4361,-15,00907,1,373914,-11,76557,-0,00280447,0,999936,-0,0007861753,0,01093104,0,0,0,0,0,0,0,0,0,0,0,0,0,0,0,0,0,0,0,0,0,0,1,1,1,False
80,4537,-15,00907,1,373914,-11,76557,-0,00280447,0,999936,-0,0007861753,0,01093104,0,0,0,0,0,0,0,0,0,0,0,0,0,0,0,0,0,0,0,0,0,0,1,1,1,False
80,46945,-15,00907,1,373914,-11,76557,-0,00280447,0,999936,-0,0007861753,0,01093104,0,0,0,0,0,0,0,0,0,0,0,0,0,0,0,0,0,0,0,0,0,0,1,1,1,False
80,48512,-15,00907,1,373914,-11,76557,-0,00280447,0,999936,-0,0007861753,0,01093104,0,0,0,0,0,0,0,0,0,0,0,0,0,0,0,0,0,0,0,0,0,0,1,1,1,False
80,50084,-15,00907,1,373914,-11,76557,-0,00280447,0,999936,-0,0007861753,0,01093104,0,0,0,0,0,0,0,0,0,0,0,0,0,0,0,0,0,0,0,0,0,0,1,1,1,False
80,51716,-15,00907,1,373914,-11,76557,-0,00280447,0,999936,-0,0007861753,0,01093104,0,0,0,0,0,0,0,0,0,0,0,0,0,0,0,0,0,0,0,0,0,0,1,1,1,False
80,53209,-15,00907,1,373914,-11,76557,-0,00280447,0,999936,-0,0007861753,0,01093104,0,0,0,0,0,0,0,0,0,0,0,0,0,0,0,0,0,0,0,0,0,0,1,1,1,False
80,54858,-15,00907,1,373914,-11,76557,-0,00280447,0,999936,-0,0007861753,0,01093104,0,0,0,0,0,0,0,0,0,0,0,0,0,0,0,0,0,0,0,0,0,0,1,1,1,False
80,56513,-15,00907,1,373914,-11,76557,-0,00280447,0,999936,-0,0007861753,0,01093104,0,0,0,0,0,0,0,0,0,0,0,0,0,0,0,0,0,0,0,0,0,0,1,1,1,False
80,58241,-15,00907,1,373914,-11,76557,-0,00280447,0,999936,-0,0007861753,0,01093104,0,0,0,0,0,0,0,0,0,0,0,0,0,0,0,0,0,0,0,0,0,0,1,1,1,False
80,59904,-15,00907,1,373914,-11,76557,-0,00280447,0,999936,-0,0007861753,0,01093104,0,0,0,0,0,0,0,0,0,0,0,0,0,0,0,0,0,0,0,0,0,0,1,1,1,False
80,61485,-15,00907,1,373914,-11,76557,-0,00280447,0,999936,-0,0007861753,0,01093104,0,0,0,0,0,0,0,0,0,0,0,0,0,0,0,0,0,0,0,0,0,0,1,1,1,False
80,63116,-15,00907,1,373914,-11,76557,-0,00280447,0,999936,-0,0007861753,0,01093104,0,0,0,0,0,0,0,0,0,0,0,0,0,0,0,0,0,0,0,0,0,0,1,1,1,False
80,64748,-15,00907,1,373914,-11,76557,-0,00280447,0,999936,-0,0007861753,0,01093104,0,0,0,0,0,0,0,0,0,0,0,0,0,0,0,0,0,0,0,0,0,0,1,1,1,False
80,66415,-15,00907,1,373914,-11,76557,-0,00280447,0,999936,-0,0007861753,0,01093104,0,0,0,0,0,0,0,0,0,0,0,0,0,0,0,0,0,0,0,0,0,0,1,1,1,False
80,68092,-15,00907,1,373914,-11,76557,-0,00280447,0,999936,-0,0007861753,0,01093104,0,0,0,0,0,0,0,0,0,0,0,0,0,0,0,0,0,0,0,0,0,0,1,1,1,False
80,69753,-15,00907,1,373914,-11,76557,-0,00280447,0,999936,-0,0007861753,0,01093104,0,0,0,0,0,0,0,0,0,0,0,0,0,0,0,0,0,0,0,0,0,0,1,1,1,False
80,71317,-15,00907,1,373914,-11,76557,-0,00280447,0,999936,-0,0007861753,0,01093104,0,0,0,0,0,0,0,0,0,0,0,0,0,0,0,0,0,0,0,0,0,0,1,1,1,False
80,72921,-15,00907,1,373914,-11,76557,-0,00280447,0,999936,-0,0007861753,0,01093104,0,0,0,0,0,0,0,0,0,0,0,0,0,0,0,0,0,0,0,0,0,0,1,1,1,False
80,7447,-15,00907,1,373914,-11,76557,-0,00280447,0,999936,-0,0007861753,0,01093104,0,0,0,0,0,0,0,0,0,0,0,0,0,0,0,0,0,0,0,0,0,0,1,1,1,False
80,76011,-15,00907,1,373914,-11,76557,-0,00280447,0,999936,-0,0007861753,0,01093104,0,0,0,0,0,0,0,0,0,0,0,0,0,0,0,0,0,0,0,0,0,0,1,1,1,False
80,77654,-15,00907,1,373914,-11,76557,-0,00280447,0,999936,-0,0007861753,0,01093104,0,0,0,0,0,0,0,0,0,0,0,0,0,0,0,0,0,0,0,0,0,0,1,1,1,False
80,79218,-15,00907,1,373914,-11,76557,-0,00280447,0,999936,-0,0007861753,0,01093104,0,0,0,0,0,0,0,0,0,0,0,0,0,0,0,0,0,0,0,0,0,0,1,1,1,False
80,80893,-15,00907,1,373914,-11,76557,-0,00280447,0,999936,-0,0007861753,0,01093104,0,0,0,0,0,0,0,0,0,0,0,0,0,0,0,0,0,0,0,0,0,0,1,1,1,False
80,82533,-15,00907,1,373914,-11,76557,-0,00280447,0,999936,-0,0007861753,0,01093104,0,0,0,0,0,0,0,0,0,0,0,0,0,0,0,0,0,0,0,0,0,0,1,1,1,False
80,84129,-15,00907,1,373914,-11,76557,-0,00280447,0,999936,-0,0007861753,0,01093104,0,0,0,0,0,0,0,0,0,0,0,0,0,0,0,0,0,0,0,0,0,0,1,1,1,False
80,85809,-15,00907,1,373914,-11,76557,-0,00280447,0,999936,-0,0007861753,0,01093104,0,0,0,0,0,0,0,0,0,0,0,0,0,0,0,0,0,0,0,0,0,0,1,1,1,False
80,87353,-15,00907,1,373914,-11,76557,-0,00280447,0,999936,-0,0007861753,0,01093104,0,0,0,0,0,0,0,0,0,0,0,0,0,0,0,0,0,0,0,0,0,0,1,1,1,False
80,89005,-15,00907,1,373914,-11,76557,-0,00280447,0,999936,-0,0007861753,0,01093104,0,0,0,0,0,0,0,0,0,0,0,0,0,0,0,0,0,0,0,0,0,0,1,1,1,False
80,90659,-15,00907,1,373914,-11,76557,-0,00280447,0,999936,-0,0007861753,0,01093104,0,0,0,0,0,0,0,0,0,0,0,0,0,0,0,0,0,0,0,0,0,0,1,1,1,False
80,92387,-15,00907,1,373914,-11,76557,-0,00280447,0,999936,-0,0007861753,0,01093104,0,0,0,0,0,0,0,0,0,0,0,0,0,0,0,0,0,0,0,0,0,0,1,1,1,False
80,93929,-15,00907,1,373914,-11,76557,-0,00280447,0,999936,-0,0007861753,0,01093104,0,0,0,0,0,0,0,0,0,0,0,0,0,0,0,0,0,0,0,0,0,0,1,1,1,False
80,95528,-15,00907,1,373914,-11,76557,-0,00280447,0,999936,-0,0007861753,0,01093104,0,0,0,0,0,0,0,0,0,0,0,0,0,0,0,0,0,0,0,0,0,0,1,1,1,False
80,97064,-15,00907,1,373914,-11,76557,-0,00280447,0,999936,-0,0007861753,0,01093104,0,0,0,0,0,0,0,0,0,0,0,0,0,0,0,0,0,0,0,0,0,0,1,1,1,False
80,98717,-15,00907,1,373914,-11,76557,-0,00280447,0,999936,-0,0007861753,0,01093104,0,0,0,0,0,0,0,0,0,0,0,0,0,0,0,0,0,0,0,0,0,0,1,1,1,False
81,00368,-15,00907,1,373914,-11,76557,-0,00280447,0,999936,-0,0007861753,0,01093104,0,0,0,0,0,0,0,0,0,0,0,0,0,0,0,0,0,0,0,0,0,0,1,1,1,False
81,02028,-15,00907,1,373914,-11,76557,-0,00280447,0,999936,-0,0007861753,0,01093104,0,0,0,0,0,0,0,0,0,0,0,0,0,0,0,0,0,0,0,0,0,0,1,1,1,False
81,03651,-15,00907,1,373914,-11,76557,-0,00280447,0,999936,-0,0007861753,0,01093104,0,0,0,0,0,0,0,0,0,0,0,0,0,0,0,0,0,0,0,0,0,0,1,1,1,False
81,05222,-15,00907,1,373914,-11,76557,-0,00280447,0,999936,-0,0007861753,0,01093104,0,0,0,0,0,0,0,0,0,0,0,0,0,0,0,0,0,0,0,0,0,0,1,1,1,False
81,06846,-15,00907,1,373914,-11,76557,-0,00280447,0,999936,-0,0007861753,0,01093104,0,0,0,0,0,0,0,0,0,0,0,0,0,0,0,0,0,0,0,0,0,0,1,1,1,False
81,08459,-15,00907,1,373914,-11,76557,-0,00280447,0,999936,-0,0007861753,0,01093104,0,0,0,0,0,0,0,0,0,0,0,0,0,0,0,0,0,0,0,0,0,0,1,1,1,False
81,10144,-15,00907,1,373914,-11,76557,-0,00280447,0,999936,-0,0007861753,0,01093104,0,0,0,0,0,0,0,0,0,0,0,0,0,0,0,0,0,0,0,0,0,0,1,1,1,False
81,11795,-15,00907,1,373914,-11,76557,-0,00280447,0,999936,-0,0007861753,0,01093104,0,0,0,0,0,0,0,0,0,0,0,0,0,0,0,0,0,0,0,0,0,0,1,1,1,False
81,13329,-15,00907,1,373914,-11,76557,-0,00280447,0,999936,-0,0007861753,0,01093104,0,0,0,0,0,0,0,0,0,0,0,0,0,0,0,0,0,0,0,0,0,0,1,1,1,False
81,14949,-15,00907,1,373914,-11,76557,-0,00280447,0,999936,-0,0007861753,0,01093104,0,0,0,0,0,0,0,0,0,0,0,0,0,0,0,0,0,0,0,0,0,0,1,1,1,False
81,16592,-15,00907,1,373914,-11,76557,-0,00280447,0,999936,-0,0007861753,0,01093104,0,0,0,0,0,0,0,0,0,0,0,0,0,0,0,0,0,0,0,0,0,0,1,1,1,False
81,18225,-15,00907,1,373914,-11,76557,-0,00280447,0,999936,-0,0007861753,0,01093104,0,0,0,0,0,0,0,0,0,0,0,0,0,0,0,0,0,0,0,0,0,0,1,1,1,False
81,19971,-15,00907,1,373914,-11,76557,-0,00280447,0,999936,-0,0007861753,0,01093104,0,0,0,0,0,0,0,0,0,0,0,0,0,0,0,0,0,0,0,0,0,0,1,1,1,False
81,21526,-15,00907,1,377573,-11,76557,-0,00280447,0,999936,-0,0007861753,0,01093104,0,0,0,0,0,0,0,0,0,0,0,0,0,0,0,0,0,0,0,0,0,0,1,1,1,False
81,23242,-15,00907,1,359942,-11,76557,-0,00280447,0,999936,-0,0007861753,0,01093104,0,0,0,0,0,0,0,0,0,0,0,0,0,0,0,0,0,0,0,0,0,0,1,1,1,False
81,24876,-15,00907,1,339942,-11,76557,-0,00280447,0,999936,-0,0007861753,0,01093104,0,0,0,0,0,0,0,0,0,0,0,0,0,0,0,0,0,0,0,0,0,0,1,1,1,False
81,26542,-15,00907,1,309942,-11,76557,-0,00280447,0,999936,-0,0007861753,0,01093104,0,0,0,0,0,0,0,0,0,0,0,0,0,0,0,0,0,0,0,0,0,0,1,1,1,False
81,28928,-15,00907,1,269942,-11,76557,-0,00280447,0,999936,-0,0007861753,0,01093104,0,0,0,0,0,0,0,0,0,0,0,0,0,0,0,0,0,0,0,0,0,0,1,1,1,False
81,30553,-15,00907,1,219942,-11,76557,-0,00280447,0,999936,-0,0007861753,0,01093104,0,0,0,0,0,0,0,0,0,0,0,0,0,0,0,0,0,0,0,0,0,0,1,1,1,False
81,32181,-15,00907,1,189942,-11,76557,-0,00280447,0,999936,-0,0007861753,0,01093104,0,0,0,0,0,0,0,0,0,0,0,0,0,0,0,0,0,0,0,0,0,0,1,1,1,False
81,3381,-15,00907,1,169942,-11,76557,-0,00280447,0,999936,-0,0007861753,0,01093104,0,0,0,0,0,0,0,0,0,0,0,0,0,0,0,0,0,0,0,0,0,0,1,1,1,False
81,35242,-15,00907,1,169942,-11,76557,-0,00280447,0,999936,-0,0007861753,0,01093104,0,0,0,0,0,0,0,0,0,0,0,0,0,0,0,0,0,0,0,0,0,0,1,1,1,False
81,36755,-15,00907,1,169942,-11,76557,-0,00280447,0,999936,-0,0007861753,0,01093104,0,0,0,0,0,0,0,0,0,0,0,0,0,0,0,0,0,0,0,0,0,0,1,1,1,False
81,38314,-15,00907,1,169942,-11,76557,-0,00280447,0,999936,-0,0007861753,0,01093104,0,0,0,0,0,0,0,0,0,0,0,0,0,0,0,0,0,0,0,0,0,0,1,1,1,False
81,39838,-15,00907,1,169942,-11,76557,-0,00280447,0,999936,-0,0007861753,0,01093104,0,0,0,0,0,0,0,0,0,0,0,0,0,0,0,0,0,0,0,0,0,0,1,1,1,False
81,41296,-15,00907,1,169942,-11,76557,-0,00280447,0,999936,-0,0007861753,0,01093104,0,0,0,0,0,0,0,0,0,0,0,0,0,0,0,0,0,0,0,0,0,0,1,1,1,False
81,42858,-15,00907,1,169942,-11,76557,-0,00280447,0,999936,-0,0007861753,0,01093104,0,0,0,0,0,0,0,0,0,0,0,0,0,0,0,0,0,0,0,0,0,0,1,1,1,False
81,45073,-15,00907,1,169942,-11,76557,-0,00280447,0,999936,-0,0007861753,0,01093104,0,0,0,0,0,0,0,0,0,0,0,0,0,0,0,0,0,0,0,0,0,0,1,1,1,False
81,46587,-15,00907,1,169942,-11,76557,-0,00280447,0,999936,-0,0007861753,0,01093104,0,0,0,0,0,0,0,0,0,0,0,0,0,0,0,0,0,0,0,0,0,0,1,1,1,False
81,48079,-15,00907,1,169942,-11,76557,-0,00280447,0,999936,-0,0007861753,0,01093104,0,0,0,0,0,0,0,0,0,0,0,0,0,0,0,0,0,0,0,0,0,0,1,1,1,False
81,49614,-15,00907,1,169942,-11,76557,-0,00280447,0,999936,-0,0007861753,0,01093104,0,0,0,0,0,0,0,0,0,0,0,0,0,0,0,0,0,0,0,0,0,0,1,1,1,False
81,51069,-15,00907,1,169942,-11,76557,-0,00280447,0,999936,-0,0007861753,0,01093104,0,0,0,0,0,0,0,0,0,0,0,0,0,0,0,0,0,0,0,0,0,0,1,1,1,False
81,52766,-15,00907,1,169942,-11,76557,-0,00280447,0,999936,-0,0007861753,0,01093104,0,0,0,0,0,0,0,0,0,0,0,0,0,0,0,0,0,0,0,0,0,0,1,1,1,False
81,5444,-15,00907,1,169942,-11,76557,-0,00280447,0,999936,-0,0007861753,0,01093104,0,0,0,0,0,0,0,0,0,0,0,0,0,0,0,0,0,0,0,0,0,0,1,1,1,False
81,56302,-15,00907,1,169942,-11,76557,-0,00280447,0,999936,-0,0007861753,0,01093104,0,0,0,0,0,0,0,0,0,0,0,0,0,0,0,0,0,0,0,0,0,0,1,1,1,False
81,58018,-15,00907,1,169942,-11,76557,-0,00280447,0,999936,-0,0007861753,0,01093104,0,0,0,0,0,0,0,0,0,0,0,0,0,0,0,0,0,0,0,0,0,0,1,1,1,False
81,59756,-15,00907,1,169942,-11,76557,-0,00280447,0,999936,-0,0007861753,0,01093104,0,0,0,0,0,0,0,0,0,0,0,0,0,0,0,0,0,0,0,0,0,0,1,1,1,False
81,61331,-15,00907,1,169942,-11,76557,-0,00280447,0,999936,-0,0007861753,0,01093104,0,0,0,0,0,0,0,0,0,0,0,0,0,0,0,0,0,0,0,0,0,0,1,1,1,False
81,62988,-15,00907,1,169942,-11,76557,-0,00280447,0,999936,-0,0007861753,0,01093104,0,0,0,0,0,0,0,0,0,0,0,0,0,0,0,0,0,0,0,0,0,0,1,1,1,False
81,64655,-15,00907,1,169942,-11,76557,-0,00280447,0,999936,-0,0007861753,0,01093104,0,0,0,0,0,0,0,0,0,0,0,0,0,0,0,0,0,0,0,0,0,0,1,1,1,False
81,66409,-15,00907,1,169942,-11,76557,-0,00280447,0,999936,-0,0007861753,0,01093104,0,0,0,0,0,0,0,0,0,0,0,0,0,0,0,0,0,0,0,0,0,0,1,1,1,False
81,68194,-15,00907,1,169942,-11,76557,-0,00280447,0,999936,-0,0007861753,0,01093104,0,0,0,0,0,0,0,0,0,0,0,0,0,0,0,0,0,0,0,0,0,0,1,1,1,False
81,70135,-15,00907,1,169942,-11,76557,-0,00280447,0,999936,-0,0007861753,0,01093104,0,0,0,0,0,0,0,0,0,0,0,0,0,0,0,0,0,0,0,0,0,0,1,1,1,False
81,71899,-15,00907,1,169942,-11,76557,-0,00280447,0,999936,-0,0007861753,0,01093104,0,0,0,0,0,0,0,0,0,0,0,0,0,0,0,0,0,0,0,0,0,0,1,1,1,False
81,73676,-15,00907,1,169942,-11,76557,-0,00280447,0,999936,-0,0007861753,0,01093104,0,0,0,0,0,0,0,0,0,0,0,0,0,0,0,0,0,0,0,0,0,0,1,1,1,False
81,753,-15,00907,1,169942,-11,76557,-0,00280447,0,999936,-0,0007861753,0,01093104,0,0,0,0,0,0,0,0,0,0,0,0,0,0,0,0,0,0,0,0,0,0,1,1,1,False
81,76926,-15,00907,1,169942,-11,76557,-0,00280447,0,999936,-0,0007861753,0,01093104,0,0,0,0,0,0,0,0,0,0,0,0,0,0,0,0,0,0,0,0,0,0,1,1,1,False
81,78564,-15,00907,1,169942,-11,76557,-0,00280447,0,999936,-0,0007861753,0,01093104,0,0,0,0,0,0,0,0,0,0,0,0,0,0,0,0,0,0,0,0,0,0,1,1,1,False
81,80246,-15,00907,1,169942,-11,76557,-0,00280447,0,999936,-0,0007861753,0,01093104,0,0,0,0,0,0,0,0,0,0,0,0,0,0,0,0,0,0,0,0,0,0,1,1,1,False
81,81902,-15,00907,1,169942,-11,76557,-0,00280447,0,999936,-0,0007861753,0,01093104,0,0,0,0,0,0,0,0,0,0,0,0,0,0,0,0,0,0,0,0,0,0,1,1,1,False
81,83472,-15,00907,1,169942,-11,76557,-0,00280447,0,999936,-0,0007861753,0,01093104,0,0,0,0,0,0,0,0,0,0,0,0,0,0,0,0,0,0,0,0,0,0,1,1,1,False
81,85149,-15,00907,1,169942,-11,76557,-0,00280447,0,999936,-0,0007861753,0,01093104,0,0,0,0,0,0,0,0,0,0,0,0,0,0,0,0,0,0,0,0,0,0,1,1,1,False
81,8681,-15,00907,1,169942,-11,76557,-0,00280447,0,999936,-0,0007861753,0,01093104,0,0,0,0,0,0,0,0,0,0,0,0,0,0,0,0,0,0,0,0,0,0,1,1,1,False
81,88569,-15,00907,1,169942,-11,76557,-0,00280447,0,999936,-0,0007861753,0,01093104,0,0,0,0,0,0,0,0,0,0,0,0,0,0,0,0,0,0,0,0,0,0,1,1,1,False
81,90385,-15,00907,1,169942,-11,76557,-0,00280447,0,999936,-0,0007861753,0,01093104,0,0,0,0,0,0,0,0,0,0,0,0,0,0,0,0,0,0,0,0,0,0,1,1,1,False
81,92113,-15,00907,1,169942,-11,76557,-0,00280447,0,999936,-0,0007861753,0,01093104,0,0,0,0,0,0,0,0,0,0,0,0,0,0,0,0,0,0,0,0,0,0,1,1,1,False
81,9392,-15,00907,1,169942,-11,76557,-0,00280447,0,999936,-0,0007861753,0,01093104,0,0,0,0,0,0,0,0,0,0,0,0,0,0,0,0,0,0,0,0,0,0,1,1,1,False
81,95605,-15,00907,1,169942,-11,76557,-0,00280447,0,999936,-0,0007861753,0,01093104,0,0,0,0,0,0,0,0,0,0,0,0,0,0,0,0,0,0,0,0,0,0,1,1,1,False
81,97327,-15,00907,1,169942,-11,76557,-0,00280447,0,999936,-0,0007861753,0,01093104,0,0,0,0,0,0,0,0,0,0,0,0,0,0,0,0,0,0,0,0,0,0,1,1,1,False
81,99026,-15,00907,1,169942,-11,76557,-0,00280447,0,999936,-0,0007861753,0,01093104,0,0,0,0,0,0,0,0,0,0,0,0,0,0,0,0,0,0,0,0,0,0,1,1,1,False
82,008,-15,00907,1,169942,-11,76557,-0,00280447,0,999936,-0,0007861753,0,01093104,0,0,0,0,0,0,0,0,0,0,0,0,0,0,0,0,0,0,0,0,0,0,1,1,1,False
82,02772,-15,00907,1,219942,-11,76557,-0,00280447,0,999936,-0,0007861753,0,01093104,0,0,0,0,0,0,0,0,0,0,0,0,0,0,0,0,0,0,0,0,0,0,1,1,1,False
82,04653,-15,00907,1,239942,-11,76557,-0,00280447,0,999936,-0,0007861753,0,01093104,0,0,0,0,0,0,0,0,0,0,0,0,0,0,0,0,0,0,0,0,0,0,1,1,1,False
82,06422,-15,00907,1,339942,-11,76557,-0,00280447,0,999936,-0,0007861753,0,01093104,0,0,0,0,0,0,0,0,0,0,0,0,0,0,0,0,0,0,0,0,0,0,1,1,1,False
82,08907,-15,00907,1,613888,-11,76557,-0,00280447,0,999936,-0,0007861753,0,01093104,0,0,0,0,0,0,0,0,0,0,0,0,0,0,0,0,0,0,0,0,0,0,1,1,1,False
82,1073,-15,00907,2,042235,-11,76557,-0,00280447,0,999936,-0,0007861753,0,01093104,0,0,0,0,0,0,0,0,0,0,0,0,0,0,0,0,0,0,0,0,0,0,1,1,1,False
82,12422,-15,01907,2,309979,-11,76557,-0,00280447,0,999936,-0,0007861753,0,01093104,0,0,0,0,0,0,0,0,0,0,0,0,0,0,0,0,0,0,0,0,0,0,1,1,1,False
82,14138,-15,01907,2,586956,-11,76557,-0,00280447,0,999936,-0,0007861753,0,01093104,0,0,0,0,0,0,0,0,0,0,0,0,0,0,0,0,0,0,0,0,0,0,1,1,1,False
82,15833,-15,01907,2,834291,-11,76557,-0,00280447,0,999936,-0,0007861753,0,01093104,0,0,0,0,0,0,0,0,0,0,0,0,0,0,0,0,0,0,0,0,0,0,1,1,1,False
82,17429,-15,01907,3,022703,-11,76557,-0,00280447,0,999936,-0,0007861753,0,01093104,0,0,0,0,0,0,0,0,0,0,0,0,0,0,0,0,0,0,0,0,0,0,1,1,1,False
82,19319,-15,01907,3,076032,-11,76557,-0,00280447,0,999936,-0,0007861753,0,01093104,0,0,0,0,0,0,0,0,0,0,0,0,0,0,0,0,0,0,0,0,0,0,1,1,1,False
82,2103,-15,01907,3,051517,-11,76557,-0,00280447,0,999936,-0,0007861753,0,01093104,0,0,0,0,0,0,0,0,0,0,0,0,0,0,0,0,0,0,0,0,0,0,1,1,1,False
82,22617,-15,01907,3,026309,-11,76557,-0,00280447,0,999936,-0,0007861753,0,01093104,0,0,0,0,0,0,0,0,0,0,0,0,0,0,0,0,0,0,0,0,0,0,1,1,1,False
82,25037,-15,01907,2,982109,-11,76557,-0,00280447,0,999936,-0,0007861753,0,01093104,0,0,0,0,0,0,0,0,0,0,0,0,0,0,0,0,0,0,0,0,0,0,1,1,1,False
82,26693,-15,01907,2,949164,-11,76557,-0,00280447,0,999936,-0,0007861753,0,01093104,0,0,0,0,0,0,0,0,0,0,0,0,0,0,0,0,0,0,0,0,0,0,1,1,1,False
82,28401,-15,01907,2,912323,-11,76557,-0,00280447,0,999936,-0,0007861753,0,01093104,0,0,0,0,0,0,0,0,0,0,0,0,0,0,0,0,0,0,0,0,0,0,1,1,1,False
82,30037,-15,01907,2,874434,-11,76557,-0,00280447,0,999936,-0,0007861753,0,01093104,0,0,0,0,0,0,0,0,0,0,0,0,0,0,0,0,0,0,0,0,0,0,1,1,1,False
82,31709,-15,01907,2,832973,-11,76557,-0,00280447,0,999936,-0,0007861753,0,01093104,0,0,0,0,0,0,0,0,0,0,0,0,0,0,0,0,0,0,0,0,0,0,1,1,1,False
82,3325,-15,01907,2,792393,-11,76557,-0,00280447,0,999936,-0,0007861753,0,01093104,0,0,0,0,0,0,0,0,0,0,0,0,0,0,0,0,0,0,0,0,0,0,1,1,1,False
82,34904,-15,01907,2,74617,-11,76557,-0,00280447,0,999936,-0,0007861753,0,01093104,0,0,0,0,0,0,0,0,0,0,0,0,0,0,0,0,0,0,0,0,0,0,1,1,1,False
82,36549,-15,01907,2,697586,-11,76557,-0,00280447,0,999936,-0,0007861753,0,01093104,0,0,0,0,0,0,0,0,0,0,0,0,0,0,0,0,0,0,0,0,0,0,1,1,1,False
82,38208,-15,01907,2,645836,-11,76557,-0,00280447,0,999936,-0,0007861753,0,01093104,0,0,0,0,0,0,0,0,0,0,0,0,0,0,0,0,0,0,0,0,0,0,1,1,1,False
82,40591,-15,01907,2,565978,-11,76557,-0,00280447,0,999936,-0,0007861753,0,01093104,0,0,0,0,0,0,0,0,0,0,0,0,0,0,0,0,0,0,0,0,0,0,1,1,1,False
82,42503,-15,01907,2,498294,-11,76557,-0,00280447,0,999936,-0,0007861753,0,01093104,0,0,0,0,0,0,0,0,0,0,0,0,0,0,0,0,0,0,0,0,0,0,1,1,1,False
82,44215,-15,01907,2,434815,-11,76557,-0,00280447,0,999936,-0,0007861753,0,01093104,0,0,0,0,0,0,0,0,0,0,0,0,0,0,0,0,0,0,0,0,0,0,1,1,1,False
82,45824,-15,01907,2,372619,-11,76557,-0,00280447,0,999936,-0,0007861753,0,01093104,0,0,0,0,0,0,0,0,0,0,0,0,0,0,0,0,0,0,0,0,0,0,1,1,1,False
82,47386,-15,01907,2,309822,-11,76557,-0,00280447,0,999936,-0,0007861753,0,01093104,0,0,0,0,0,0,0,0,0,0,0,0,0,0,0,0,0,0,0,0,0,0,1,1,1,False
82,49003,-15,01907,2,242285,-11,76557,-0,00280447,0,999936,-0,0007861753,0,01093104,0,0,0,0,0,0,0,0,0,0,0,0,0,0,0,0,0,0,0,0,0,0,1,1,1,False
82,50658,-15,01907,2,170477,-11,76557,-0,00280447,0,999936,-0,0007861753,0,01093104,0,0,0,0,0,0,0,0,0,0,0,0,0,0,0,0,0,0,0,0,0,0,1,1,1,False
82,52309,-15,01907,2,096111,-11,76557,-0,00280447,0,999936,-0,0007861753,0,01093104,0,0,0,0,0,0,0,0,0,0,0,0,0,0,0,0,0,0,0,0,0,0,1,1,1,False
82,53972,-15,01907,2,018568,-11,76557,-0,00280447,0,999936,-0,0007861753,0,01093104,0,0,0,0,0,0,0,0,0,0,0,0,0,0,0,0,0,0,0,0,0,0,1,1,1,False
82,56263,-15,01907,1,906541,-11,76557,-0,00280447,0,999936,-0,0007861753,0,01093104,0,0,0,0,0,0,0,0,0,0,0,0,0,0,0,0,0,0,0,0,0,0,1,1,1,False
82,57973,-15,01907,1,820092,-11,76557,-0,00280447,0,999936,-0,0007861753,0,01093104,0,0,0,0,0,0,0,0,0,0,0,0,0,0,0,0,0,0,0,0,0,0,1,1,1,False
82,59524,-15,01907,1,739305,-11,76557,-0,00280447,0,999936,-0,0007861753,0,01093104,0,0,0,0,0,0,0,0,0,0,0,0,0,0,0,0,0,0,0,0,0,0,1,1,1,False
82,61104,-15,01907,1,65455,-11,76557,-0,00280447,0,999936,-0,0007861753,0,01093104,0,0,0,0,0,0,0,0,0,0,0,0,0,0,0,0,0,0,0,0,0,0,1,1,1,False
82,62793,-15,01907,1,561143,-11,76557,-0,00280447,0,999936,-0,0007861753,0,01093104,0,0,0,0,0,0,0,0,0,0,0,0,0,0,0,0,0,0,0,0,0,0,1,1,1,False
82,64465,-15,01907,1,465917,-11,76557,-0,00280447,0,999936,-0,0007861753,0,01093104,0,0,0,0,0,0,0,0,0,0,0,0,0,0,0,0,0,0,0,0,0,0,1,1,1,False
82,66131,-15,01907,1,368374,-11,76557,-0,00280447,0,999936,-0,0007861753,0,01093104,0,0,0,0,0,0,0,0,0,0,0,0,0,0,0,0,0,0,0,0,0,0,1,1,1,False
82,67817,-15,01907,1,368374,-11,76557,-0,00280447,0,999936,-0,0007861753,0,01093104,0,0,0,0,0,0,0,0,0,0,0,0,0,0,0,0,0,0,0,0,0,0,1,1,1,False
82,69386,-15,01907,1,368374,-11,76557,-0,00280447,0,999936,-0,0007861753,0,01093104,0,0,0,0,0,0,0,0,0,0,0,0,0,0,0,0,0,0,0,0,0,0,1,1,1,False
82,71826,-15,01907,1,368374,-11,76557,-0,00280447,0,999936,-0,0007861753,0,01093104,0,0,0,0,0,0,0,0,0,0,0,0,0,0,0,0,0,0,0,0,0,0,1,1,1,False
82,73479,-15,01907,1,368374,-11,76557,-0,00280447,0,999936,-0,0007861753,0,01093104,0,0,0,0,0,0,0,0,0,0,0,0,0,0,0,0,0,0,0,0,0,0,1,1,1,False
82,75079,-15,01907,1,368374,-11,76557,-0,00280447,0,999936,-0,0007861753,0,01093104,0,0,0,0,0,0,0,0,0,0,0,0,0,0,0,0,0,0,0,0,0,0,1,1,1,False
82,76694,-15,01907,1,368374,-11,76557,-0,00280447,0,999936,-0,0007861753,0,01093104,0,0,0,0,0,0,0,0,0,0,0,0,0,0,0,0,0,0,0,0,0,0,1,1,1,False
82,7832,-15,01907,1,368374,-11,76557,-0,00280447,0,999936,-0,0007861753,0,01093104,0,0,0,0,0,0,0,0,0,0,0,0,0,0,0,0,0,0,0,0,0,0,1,1,1,False
82,79952,-15,01907,1,368374,-11,76557,-0,00280447,0,999936,-0,0007861753,0,01093104,0,0,0,0,0,0,0,0,0,0,0,0,0,0,0,0,0,0,0,0,0,0,1,1,1,False
82,81532,-15,01907,1,368374,-11,76557,-0,00280447,0,999936,-0,0007861753,0,01093104,0,0,0,0,0,0,0,0,0,0,0,0,0,0,0,0,0,0,0,0,0,0,1,1,1,False
82,83231,-15,01907,1,368374,-11,76557,-0,00280447,0,999936,-0,0007861753,0,01093104,0,0,0,0,0,0,0,0,0,0,0,0,0,0,0,0,0,0,0,0,0,0,1,1,1,False
82,85001,-15,01907,1,368374,-11,76557,-0,00280447,0,999936,-0,0007861753,0,01093104,0,0,0,0,0,0,0,0,0,0,0,0,0,0,0,0,0,0,0,0,0,0,1,1,1,False
82,86688,-15,01907,1,368374,-11,76557,-0,00280447,0,999936,-0,0007861753,0,01093104,0,0,0,0,0,0,0,0,0,0,0,0,0,0,0,0,0,0,0,0,0,0,1,1,1,False
82,88351,-15,01907,1,368374,-11,76557,-0,00280447,0,999936,-0,0007861753,0,01093104,0,0,0,0,0,0,0,0,0,0,0,0,0,0,0,0,0,0,0,0,0,0,1,1,1,False
82,89949,-15,01907,1,368374,-11,76557,-0,00280447,0,999936,-0,0007861753,0,01093104,0,0,0,0,0,0,0,0,0,0,0,0,0,0,0,0,0,0,0,0,0,0,1,1,1,False
82,91555,-15,01907,1,368374,-11,76557,-0,00280447,0,999936,-0,0007861753,0,01093104,0,0,0,0,0,0,0,0,0,0,0,0,0,0,0,0,0,0,0,0,0,0,1,1,1,False
82,93187,-15,01907,1,368374,-11,76557,-0,00280447,0,999936,-0,0007861753,0,01093104,0,0,0,0,0,0,0,0,0,0,0,0,0,0,0,0,0,0,0,0,0,0,1,1,1,False
82,9482,-15,01907,1,368374,-11,76557,-0,00280447,0,999936,-0,0007861753,0,01093104,0,0,0,0,0,0,0,0,0,0,0,0,0,0,0,0,0,0,0,0,0,0,1,1,1,False
82,96427,-15,01907,1,368374,-11,76557,-0,00280447,0,999936,-0,0007861753,0,01093104,0,0,0,0,0,0,0,0,0,0,0,0,0,0,0,0,0,0,0,0,0,0,1,1,1,False
82,9813,-15,01907,1,368374,-11,76557,-0,00280447,0,999936,-0,0007861753,0,01093104,0,0,0,0,0,0,0,0,0,0,0,0,0,0,0,0,0,0,0,0,0,0,1,1,1,False
82,99757,-15,01907,1,368374,-11,76557,-0,00280447,0,999936,-0,0007861753,0,01093104,0,0,0,0,0,0,0,0,0,0,0,0,0,0,0,0,0,0,0,0,0,0,1,1,1,False
83,01332,-15,01907,1,368374,-11,76557,-0,00280447,0,999936,-0,0007861753,0,01093104,0,0,0,0,0,0,0,0,0,0,0,0,0,0,0,0,0,0,0,0,0,0,1,1,1,False
83,03017,-15,01907,1,368374,-11,76557,-0,00280447,0,999936,-0,0007861753,0,01093104,0,0,0,0,0,0,0,0,0,0,0,0,0,0,0,0,0,0,0,0,0,0,1,1,1,False
83,04659,-15,01907,1,368374,-11,76557,-0,00280447,0,999936,-0,0007861753,0,01093104,0,0,0,0,0,0,0,0,0,0,0,0,0,0,0,0,0,0,0,0,0,0,1,1,1,False
83,06307,-15,01907,1,368374,-11,76557,-0,00280447,0,999936,-0,0007861753,0,01093104,0,0,0,0,0,0,0,0,0,0,0,0,0,0,0,0,0,0,0,0,0,0,1,1,1,False
83,07941,-15,01907,1,368374,-11,76557,-0,00280447,0,999936,-0,0007861753,0,01093104,0,0,0,0,0,0,0,0,0,0,0,0,0,0,0,0,0,0,0,0,0,0,1,1,1,False
83,09525,-15,01907,1,368374,-11,76557,-0,00280447,0,999936,-0,0007861753,0,01093104,0,0,0,0,0,0,0,0,0,0,0,0,0,0,0,0,0,0,0,0,0,0,1,1,1,False
83,11173,-15,01907,1,368374,-11,76557,-0,00280447,0,999936,-0,0007861753,0,01093104,0,0,0,0,0,0,0,0,0,0,0,0,0,0,0,0,0,0,0,0,0,0,1,1,1,False
83,12856,-15,01907,1,368374,-11,76557,-0,00280447,0,999936,-0,0007861753,0,01093104,0,0,0,0,0,0,0,0,0,0,0,0,0,0,0,0,0,0,0,0,0,0,1,1,1,False
83,14494,-15,01907,1,368374,-11,76557,-0,00280447,0,999936,-0,0007861753,0,01093104,0,0,0,0,0,0,0,0,0,0,0,0,0,0,0,0,0,0,0,0,0,0,1,1,1,False
83,16047,-15,01907,1,368374,-11,76557,-0,00280447,0,999936,-0,0007861753,0,01093104,0,0,0,0,0,0,0,0,0,0,0,0,0,0,0,0,0,0,0,0,0,0,1,1,1,False
83,17616,-15,01907,1,368374,-11,76557,-0,00280447,0,999936,-0,0007861753,0,01093104,0,0,0,0,0,0,0,0,0,0,0,0,0,0,0,0,0,0,0,0,0,0,1,1,1,False
83,19066,-15,01907,1,368374,-11,76557,-0,00280447,0,999936,-0,0007861753,0,01093104,0,0,0,0,0,0,0,0,0,0,0,0,0,0,0,0,0,0,0,0,0,0,1,1,1,False
83,20637,-15,01907,1,368374,-11,76557,-0,00280447,0,999936,-0,0007861753,0,01093104,0,0,0,0,0,0,0,0,0,0,0,0,0,0,0,0,0,0,0,0,0,0,1,1,1,False
83,22179,-15,01907,1,368374,-11,76557,-0,00280447,0,999936,-0,0007861753,0,01093104,0,0,0,0,0,0,0,0,0,0,0,0,0,0,0,0,0,0,0,0,0,0,1,1,1,False
83,23743,-15,01907,1,368374,-11,76557,-0,00280447,0,999936,-0,0007861753,0,01093104,0,0,0,0,0,0,0,0,0,0,0,0,0,0,0,0,0,0,0,0,0,0,1,1,1,False
83,25172,-15,01907,1,368374,-11,76557,-0,00280447,0,999936,-0,0007861753,0,01093104,0,0,0,0,0,0,0,0,0,0,0,0,0,0,0,0,0,0,0,0,0,0,1,1,1,False
83,26677,-15,01907,1,368374,-11,76557,-0,00280447,0,999936,-0,0007861753,0,01093104,0,0,0,0,0,0,0,0,0,0,0,0,0,0,0,0,0,0,0,0,0,0,1,1,1,False
83,28223,-15,01907,1,368374,-11,76557,-0,00280447,0,999936,-0,0007861753,0,01093104,0,0,0,0,0,0,0,0,0,0,0,0,0,0,0,0,0,0,0,0,0,0,1,1,1,False
83,29752,-15,01907,1,368374,-11,76557,-0,00280447,0,999936,-0,0007861753,0,01093104,0,0,0,0,0,0,0,0,0,0,0,0,0,0,0,0,0,0,0,0,0,0,1,1,1,False
83,31308,-15,01907,1,368374,-11,76557,-0,00280447,0,999936,-0,0007861753,0,01093104,0,0,0,0,0,0,0,0,0,0,0,0,0,0,0,0,0,0,0,0,0,0,1,1,1,False
83,32983,-15,01907,1,368374,-11,76557,-0,00280447,0,999936,-0,0007861753,0,01093104,0,0,0,0,0,0,0,0,0,0,0,0,0,0,0,0,0,0,0,0,0,0,1,1,1,False
83,34624,-15,01907,1,368374,-11,76557,-0,00280447,0,999936,-0,0007861753,0,01093104,0,0,0,0,0,0,0,0,0,0,0,0,0,0,0,0,0,0,0,0,0,0,1,1,1,False
83,3644,-15,01907,1,368374,-11,76557,-0,00280447,0,999936,-0,0007861753,0,01093104,0,0,0,0,0,0,0,0,0,0,0,0,0,0,0,0,0,0,0,0,0,0,1,1,1,False
83,38052,-15,01907,1,427393,-11,76557,-0,00280447,0,999936,-0,0007861753,0,01093104,0,0,0,0,0,0,0,0,0,0,0,0,0,0,0,0,0,0,0,0,0,0,1,1,1,False
83,39725,-15,01907,1,554548,-11,76557,-0,00280447,0,999936,-0,0007861753,0,01093104,0,0,0,0,0,0,0,0,0,0,0,0,0,0,0,0,0,0,0,0,0,0,1,1,1,False
83,41276,-15,01907,1,812588,-11,76557,-0,00280447,0,999936,-0,0007861753,0,01093104,0,0,0,0,0,0,0,0,0,0,0,0,0,0,0,0,0,0,0,0,0,0,1,1,1,False
83,42929,-15,01907,2,119418,-11,76557,-0,00280447,0,999936,-0,0007861753,0,01093104,0,0,0,0,0,0,0,0,0,0,0,0,0,0,0,0,0,0,0,0,0,0,1,1,1,False
83,44598,-15,02907,2,466584,-11,76557,-0,00280447,0,999936,-0,0007861753,0,01093104,0,0,0,0,0,0,0,0,0,0,0,0,0,0,0,0,0,0,0,0,0,0,1,1,1,False
83,46267,-15,02907,2,813854,-11,76557,-0,00280447,0,999936,-0,0007861753,0,01093104,0,0,0,0,0,0,0,0,0,0,0,0,0,0,0,0,0,0,0,0,0,0,1,1,1,False
83,47882,-15,02907,3,101816,-11,76557,-0,00280447,0,999936,-0,0007861753,0,01093104,0,0,0,0,0,0,0,0,0,0,0,0,0,0,0,0,0,0,0,0,0,0,1,1,1,False
83,49432,-15,02907,3,300199,-11,76557,-0,00280447,0,999936,-0,0007861753,0,01093104,0,0,0,0,0,0,0,0,0,0,0,0,0,0,0,0,0,0,0,0,0,0,1,1,1,False
83,52014,-15,02907,3,370485,-11,76557,-0,00280447,0,999936,-0,0007861753,0,01093104,0,0,0,0,0,0,0,0,0,0,0,0,0,0,0,0,0,0,0,0,0,0,1,1,1,False
83,53773,-15,02907,3,340573,-11,76557,-0,00280447,0,999936,-0,0007861753,0,01093104,0,0,0,0,0,0,0,0,0,0,0,0,0,0,0,0,0,0,0,0,0,0,1,1,1,False
83,553,-15,02907,3,312331,-11,76557,-0,00280447,0,999936,-0,0007861753,0,01093104,0,0,0,0,0,0,0,0,0,0,0,0,0,0,0,0,0,0,0,0,0,0,1,1,1,False
83,56986,-15,02907,3,278346,-11,76557,-0,00280447,0,999936,-0,0007861753,0,01093104,0,0,0,0,0,0,0,0,0,0,0,0,0,0,0,0,0,0,0,0,0,0,1,1,1,False
83,58659,-15,02907,3,241891,-11,76557,-0,00280447,0,999936,-0,0007861753,0,01093104,0,0,0,0,0,0,0,0,0,0,0,0,0,0,0,0,0,0,0,0,0,0,1,1,1,False
83,60349,-15,02907,3,202232,-11,76557,-0,00280447,0,999936,-0,0007861753,0,01093104,0,0,0,0,0,0,0,0,0,0,0,0,0,0,0,0,0,0,0,0,0,0,1,1,1,False
83,62007,-15,02907,3,16066,-11,76557,-0,00280447,0,999936,-0,0007861753,0,01093104,0,0,0,0,0,0,0,0,0,0,0,0,0,0,0,0,0,0,0,0,0,0,1,1,1,False
83,63652,-15,02907,3,116751,-11,76557,-0,00280447,0,999936,-0,0007861753,0,01093104,0,0,0,0,0,0,0,0,0,0,0,0,0,0,0,0,0,0,0,0,0,0,1,1,1,False
83,65211,-15,02907,3,072768,-11,76557,-0,00280447,0,999936,-0,0007861753,0,01093104,0,0,0,0,0,0,0,0,0,0,0,0,0,0,0,0,0,0,0,0,0,0,1,1,1,False
83,67623,-15,02907,2,998982,-11,76557,-0,00280447,0,999936,-0,0007861753,0,01093104,0,0,0,0,0,0,0,0,0,0,0,0,0,0,0,0,0,0,0,0,0,0,1,1,1,False
83,69257,-15,02907,2,946385,-11,76557,-0,00280447,0,999936,-0,0007861753,0,01093104,0,0,0,0,0,0,0,0,0,0,0,0,0,0,0,0,0,0,0,0,0,0,1,1,1,False
83,70884,-15,02907,2,891437,-11,76557,-0,00280447,0,999936,-0,0007861753,0,01093104,0,0,0,0,0,0,0,0,0,0,0,0,0,0,0,0,0,0,0,0,0,0,1,1,1,False
83,72573,-15,02907,2,831563,-11,76557,-0,00280447,0,999936,-0,0007861753,0,01093104,0,0,0,0,0,0,0,0,0,0,0,0,0,0,0,0,0,0,0,0,0,0,1,1,1,False
83,74647,-15,02907,2,753859,-11,76557,-0,00280447,0,999936,-0,0007861753,0,01093104,0,0,0,0,0,0,0,0,0,0,0,0,0,0,0,0,0,0,0,0,0,0,1,1,1,False
83,76318,-15,02907,2,688513,-11,76557,-0,00280447,0,999936,-0,0007861753,0,01093104,0,0,0,0,0,0,0,0,0,0,0,0,0,0,0,0,0,0,0,0,0,0,1,1,1,False
83,77957,-15,02907,2,621751,-11,76557,-0,00280447,0,999936,-0,0007861753,0,01093104,0,0,0,0,0,0,0,0,0,0,0,0,0,0,0,0,0,0,0,0,0,0,1,1,1,False
83,79521,-15,02907,2,55565,-11,76557,-0,00280447,0,999936,-0,0007861753,0,01093104,0,0,0,0,0,0,0,0,0,0,0,0,0,0,0,0,0,0,0,0,0,0,1,1,1,False
83,81191,-15,02907,2,48235,-11,76557,-0,00280447,0,999936,-0,0007861753,0,01093104,0,0,0,0,0,0,0,0,0,0,0,0,0,0,0,0,0,0,0,0,0,0,1,1,1,False
83,83549,-15,02907,2,373394,-11,76557,-0,00280447,0,999936,-0,0007861753,0,01093104,0,0,0,0,0,0,0,0,0,0,0,0,0,0,0,0,0,0,0,0,0,0,1,1,1,False
83,8521,-15,02907,2,293915,-11,76557,-0,00280447,0,999936,-0,0007861753,0,01093104,0,0,0,0,0,0,0,0,0,0,0,0,0,0,0,0,0,0,0,0,0,0,1,1,1,False
83,86879,-15,02907,2,211356,-11,76557,-0,00280447,0,999936,-0,0007861753,0,01093104,0,0,0,0,0,0,0,0,0,0,0,0,0,0,0,0,0,0,0,0,0,0,1,1,1,False
83,88503,-15,02907,2,128388,-11,76557,-0,00280447,0,999936,-0,0007861753,0,01093104,0,0,0,0,0,0,0,0,0,0,0,0,0,0,0,0,0,0,0,0,0,0,1,1,1,False
83,90129,-15,02907,2,042748,-11,76557,-0,00280447,0,999936,-0,0007861753,0,01093104,0,0,0,0,0,0,0,0,0,0,0,0,0,0,0,0,0,0,0,0,0,0,1,1,1,False
83,91635,-15,02907,1,961212,-11,76557,-0,00280447,0,999936,-0,0007861753,0,01093104,0,0,0,0,0,0,0,0,0,0,0,0,0,0,0,0,0,0,0,0,0,0,1,1,1,False
83,93192,-15,02907,1,874534,-11,76557,-0,00280447,0,999936,-0,0007861753,0,01093104,0,0,0,0,0,0,0,0,0,0,0,0,0,0,0,0,0,0,0,0,0,0,1,1,1,False
83,94727,-15,02907,1,786766,-11,76557,-0,00280447,0,999936,-0,0007861753,0,01093104,0,0,0,0,0,0,0,0,0,0,0,0,0,0,0,0,0,0,0,0,0,0,1,1,1,False
83,96295,-15,02907,1,694696,-11,76557,-0,00280447,0,999936,-0,0007861753,0,01093104,0,0,0,0,0,0,0,0,0,0,0,0,0,0,0,0,0,0,0,0,0,0,1,1,1,False
83,98772,-15,02907,1,543287,-11,76557,-0,00280447,0,999936,-0,0007861753,0,01093104,0,0,0,0,0,0,0,0,0,0,0,0,0,0,0,0,0,0,0,0,0,0,1,1,1,False
84,00405,-15,02907,1,440814,-11,76557,-0,00280447,0,999936,-0,0007861753,0,01093104,0,0,0,0,0,0,0,0,0,0,0,0,0,0,0,0,0,0,0,0,0,0,1,1,1,False
84,02043,-15,02907,1,340374,-11,76557,-0,00280447,0,999936,-0,0007861753,0,01093104,0,0,0,0,0,0,0,0,0,0,0,0,0,0,0,0,0,0,0,0,0,0,1,1,1,False
84,03617,-15,02907,1,340374,-11,76557,-0,00280447,0,999936,-0,0007861753,0,01093104,0,0,0,0,0,0,0,0,0,0,0,0,0,0,0,0,0,0,0,0,0,0,1,1,1,False
84,05077,-15,02907,1,340374,-11,76557,-0,00280447,0,999936,-0,0007861753,0,01093104,0,0,0,0,0,0,0,0,0,0,0,0,0,0,0,0,0,0,0,0,0,0,1,1,1,False
84,06667,-15,02907,1,340374,-11,76557,-0,00280447,0,999936,-0,0007861753,0,01093104,0,0,0,0,0,0,0,0,0,0,0,0,0,0,0,0,0,0,0,0,0,0,1,1,1,False
84,08256,-15,02907,1,340374,-11,76557,-0,00280447,0,999936,-0,0007861753,0,01093104,0,0,0,0,0,0,0,0,0,0,0,0,0,0,0,0,0,0,0,0,0,0,1,1,1,False
84,09815,-15,02907,1,340374,-11,76557,-0,00280447,0,999936,-0,0007861753,0,01093104,0,0,0,0,0,0,0,0,0,0,0,0,0,0,0,0,0,0,0,0,0,0,1,1,1,False
84,11391,-15,02907,1,340374,-11,76557,-0,00280447,0,999936,-0,0007861753,0,01093104,0,0,0,0,0,0,0,0,0,0,0,0,0,0,0,0,0,0,0,0,0,0,1,1,1,False
84,13759,-15,02907,1,340374,-11,76557,-0,00280447,0,999936,-0,0007861753,0,01093104,0,0,0,0,0,0,0,0,0,0,0,0,0,0,0,0,0,0,0,0,0,0,1,1,1,False
84,15393,-15,02907,1,340374,-11,76557,-0,00280447,0,999936,-0,0007861753,0,01093104,0,0,0,0,0,0,0,0,0,0,0,0,0,0,0,0,0,0,0,0,0,0,1,1,1,False
84,17014,-15,02907,1,340374,-11,76557,-0,00280447,0,999936,-0,0007861753,0,01093104,0,0,0,0,0,0,0,0,0,0,0,0,0,0,0,0,0,0,0,0,0,0,1,1,1,False
84,18675,-15,02907,1,340374,-11,76557,-0,00280447,0,999936,-0,0007861753,0,01093104,0,0,0,0,0,0,0,0,0,0,0,0,0,0,0,0,0,0,0,0,0,0,1,1,1,False
84,20293,-15,02907,1,340374,-11,76557,-0,00280447,0,999936,-0,0007861753,0,01093104,0,0,0,0,0,0,0,0,0,0,0,0,0,0,0,0,0,0,0,0,0,0,1,1,1,False
84,21928,-15,02907,1,340374,-11,76557,-0,00280447,0,999936,-0,0007861753,0,01093104,0,0,0,0,0,0,0,0,0,0,0,0,0,0,0,0,0,0,0,0,0,0,1,1,1,False
84,23504,-15,02907,1,340374,-11,76557,-0,00280447,0,999936,-0,0007861753,0,01093104,0,0,0,0,0,0,0,0,0,0,0,0,0,0,0,0,0,0,0,0,0,0,1,1,1,False
84,25166,-15,02907,1,340374,-11,76557,-0,00280447,0,999936,-0,0007861753,0,01093104,0,0,0,0,0,0,0,0,0,0,0,0,0,0,0,0,0,0,0,0,0,0,1,1,1,False
84,26809,-15,02907,1,340374,-11,76557,-0,00280447,0,999936,-0,0007861753,0,01093104,0,0,0,0,0,0,0,0,0,0,0,0,0,0,0,0,0,0,0,0,0,0,1,1,1,False
84,2843,-15,02907,1,340374,-11,76557,-0,00280447,0,999936,-0,0007861753,0,01093104,0,0,0,0,0,0,0,0,0,0,0,0,0,0,0,0,0,0,0,0,0,0,1,1,1,False
84,30067,-15,02907,1,340374,-11,76557,-0,00280447,0,999936,-0,0007861753,0,01093104,0,0,0,0,0,0,0,0,0,0,0,0,0,0,0,0,0,0,0,0,0,0,1,1,1,False
84,31721,-15,02907,1,340374,-11,76557,-0,00280447,0,999936,-0,0007861753,0,01093104,0,0,0,0,0,0,0,0,0,0,0,0,0,0,0,0,0,0,0,0,0,0,1,1,1,False
84,33305,-15,02907,1,340374,-11,76557,-0,00280447,0,999936,-0,0007861753,0,01093104,0,0,0,0,0,0,0,0,0,0,0,0,0,0,0,0,0,0,0,0,0,0,1,1,1,False
84,3499,-15,02907,1,340374,-11,76557,-0,00280447,0,999936,-0,0007861753,0,01093104,0,0,0,0,0,0,0,0,0,0,0,0,0,0,0,0,0,0,0,0,0,0,1,1,1,False
84,36627,-15,02907,1,340374,-11,76557,-0,00280447,0,999936,-0,0007861753,0,01093104,0,0,0,0,0,0,0,0,0,0,0,0,0,0,0,0,0,0,0,0,0,0,1,1,1,False
84,38275,-15,02907,1,340374,-11,76557,-0,00280447,0,999936,-0,0007861753,0,01093104,0,0,0,0,0,0,0,0,0,0,0,0,0,0,0,0,0,0,0,0,0,0,1,1,1,False
84,39944,-15,02907,1,340374,-11,76557,-0,00280447,0,999936,-0,0007861753,0,01093104,0,0,0,0,0,0,0,0,0,0,0,0,0,0,0,0,0,0,0,0,0,0,1,1,1,False
84,41573,-15,02907,1,340374,-11,76557,-0,00280447,0,999936,-0,0007861753,0,01093104,0,0,0,0,0,0,0,0,0,0,0,0,0,0,0,0,0,0,0,0,0,0,1,1,1,False
84,43308,-15,02907,1,340374,-11,76557,-0,00280447,0,999936,-0,0007861753,0,01093104,0,0,0,0,0,0,0,0,0,0,0,0,0,0,0,0,0,0,0,0,0,0,1,1,1,False
84,44985,-15,02907,1,340374,-11,76557,-0,00280447,0,999936,-0,0007861753,0,01093104,0,0,0,0,0,0,0,0,0,0,0,0,0,0,0,0,0,0,0,0,0,0,1,1,1,False
84,46755,-15,02907,1,340374,-11,76557,-0,00280447,0,999936,-0,0007861753,0,01093104,0,0,0,0,0,0,0,0,0,0,0,0,0,0,0,0,0,0,0,0,0,0,1,1,1,False
84,48369,-15,02907,1,340374,-11,76557,-0,00280447,0,999936,-0,0007861753,0,01093104,0,0,0,0,0,0,0,0,0,0,0,0,0,0,0,0,0,0,0,0,0,0,1,1,1,False
84,49998,-15,02907,1,340374,-11,76557,-0,00280447,0,999936,-0,0007861753,0,01093104,0,0,0,0,0,0,0,0,0,0,0,0,0,0,0,0,0,0,0,0,0,0,1,1,1,False
84,51697,-15,02907,1,340374,-11,76557,-0,00280447,0,999936,-0,0007861753,0,01093104,0,0,0,0,0,0,0,0,0,0,0,0,0,0,0,0,0,0,0,0,0,0,1,1,1,False
84,53505,-15,02907,1,340374,-11,76557,-0,00280447,0,999936,-0,0007861753,0,01093104,0,0,0,0,0,0,0,0,0,0,0,0,0,0,0,0,0,0,0,0,0,0,1,1,1,False
84,55132,-15,02907,1,340374,-11,76557,-0,00280447,0,999936,-0,0007861753,0,01093104,0,0,0,0,0,0,0,0,0,0,0,0,0,0,0,0,0,0,0,0,0,0,1,1,1,False
84,56812,-15,02907,1,340374,-11,76557,-0,00280447,0,999936,-0,0007861753,0,01093104,0,0,0,0,0,0,0,0,0,0,0,0,0,0,0,0,0,0,0,0,0,0,1,1,1,False
84,58475,-15,02907,1,340374,-11,76557,-0,00280447,0,999936,-0,0007861753,0,01093104,0,0,0,0,0,0,0,0,0,0,0,0,0,0,0,0,0,0,0,0,0,0,1,1,1,False
84,60188,-15,02907,1,340374,-11,76557,-0,00280447,0,999936,-0,0007861753,0,01093104,0,0,0,0,0,0,0,0,0,0,0,0,0,0,0,0,0,0,0,0,0,0,1,1,1,False
84,61827,-15,02907,1,340374,-11,76557,-0,00280447,0,999936,-0,0007861753,0,01093104,0,0,0,0,0,0,0,0,0,0,0,0,0,0,0,0,0,0,0,0,0,0,1,1,1,False
84,63303,-15,02907,1,340374,-11,76557,-0,00280447,0,999936,-0,0007861753,0,01093104,0,0,0,0,0,0,0,0,0,0,0,0,0,0,0,0,0,0,0,0,0,0,1,1,1,False
84,64965,-15,02907,1,340374,-11,76557,-0,00280447,0,999936,-0,0007861753,0,01093104,0,0,0,0,0,0,0,0,0,0,0,0,0,0,0,0,0,0,0,0,0,0,1,1,1,False
84,66625,-15,02907,1,340374,-11,76557,-0,00280447,0,999936,-0,0007861753,0,01093104,0,0,0,0,0,0,0,0,0,0,0,0,0,0,0,0,0,0,0,0,0,0,1,1,1,False
84,68275,-15,02907,1,340374,-11,76557,-0,00280447,0,999936,-0,0007861753,0,01093104,0,0,0,0,0,0,0,0,0,0,0,0,0,0,0,0,0,0,0,0,0,0,1,1,1,False
84,69926,-15,02907,1,340374,-11,76557,-0,00280447,0,999936,-0,0007861753,0,01093104,0,0,0,0,0,0,0,0,0,0,0,0,0,0,0,0,0,0,0,0,0,0,1,1,1,False
84,71492,-15,02907,1,340374,-11,76557,-0,00280447,0,999936,-0,0007861753,0,01093104,0,0,0,0,0,0,0,0,0,0,0,0,0,0,0,0,0,0,0,0,0,0,1,1,1,False
84,73148,-15,02907,1,340374,-11,76557,-0,00280447,0,999936,-0,0007861753,0,01093104,0,0,0,0,0,0,0,0,0,0,0,0,0,0,0,0,0,0,0,0,0,0,1,1,1,False
84,74828,-15,02907,1,340374,-11,76557,-0,00280447,0,999936,-0,0007861753,0,01093104,0,0,0,0,0,0,0,0,0,0,0,0,0,0,0,0,0,0,0,0,0,0,1,1,1,False
84,76485,-15,02907,1,340374,-11,76557,-0,00280447,0,999936,-0,0007861753,0,01093104,0,0,0,0,0,0,0,0,0,0,0,0,0,0,0,0,0,0,0,0,0,0,1,1,1,False
84,78132,-15,02907,1,340374,-11,76557,-0,00280447,0,999936,-0,0007861753,0,01093104,0,0,0,0,0,0,0,0,0,0,0,0,0,0,0,0,0,0,0,0,0,0,1,1,1,False
84,79819,-15,02907,1,340374,-11,76557,-0,00280447,0,999936,-0,0007861753,0,01093104,0,0,0,0,0,0,0,0,0,0,0,0,0,0,0,0,0,0,0,0,0,0,1,1,1,False
84,81373,-15,02907,1,340374,-11,76557,-0,00280447,0,999936,-0,0007861753,0,01093104,0,0,0,0,0,0,0,0,0,0,0,0,0,0,0,0,0,0,0,0,0,0,1,1,1,False
84,8304,-15,02907,1,340374,-11,76557,-0,00280447,0,999936,-0,0007861753,0,01093104,0,0,0,0,0,0,0,0,0,0,0,0,0,0,0,0,0,0,0,0,0,0,1,1,1,False
84,84727,-15,02907,1,340374,-11,76557,-0,00280447,0,999936,-0,0007861753,0,01093104,0,0,0,0,0,0,0,0,0,0,0,0,0,0,0,0,0,0,0,0,0,0,1,1,1,False
84,8642,-15,02907,1,340374,-11,76557,-0,00280447,0,999936,-0,0007861753,0,01093104,0,0,0,0,0,0,0,0,0,0,0,0,0,0,0,0,0,0,0,0,0,0,1,1,1,False
84,88063,-15,02907,1,340374,-11,76557,-0,00280447,0,999936,-0,0007861753,0,01093104,0,0,0,0,0,0,0,0,0,0,0,0,0,0,0,0,0,0,0,0,0,0,1,1,1,False
84,89664,-15,02907,1,340374,-11,76557,-0,00280447,0,999936,-0,0007861753,0,01093104,0,0,0,0,0,0,0,0,0,0,0,0,0,0,0,0,0,0,0,0,0,0,1,1,1,False
84,91186,-15,02907,1,340374,-11,76557,-0,00280447,0,999936,-0,0007861753,0,01093104,0,0,0,0,0,0,0,0,0,0,0,0,0,0,0,0,0,0,0,0,0,0,1,1,1,False
84,92791,-15,02907,1,340374,-11,76557,-0,00280447,0,999936,-0,0007861753,0,01093104,0,0,0,0,0,0,0,0,0,0,0,0,0,0,0,0,0,0,0,0,0,0,1,1,1,False
84,94454,-15,02907,1,340374,-11,76557,-0,00280447,0,999936,-0,0007861753,0,01093104,0,0,0,0,0,0,0,0,0,0,0,0,0,0,0,0,0,0,0,0,0,0,1,1,1,False
84,96104,-15,02907,1,340374,-11,76557,-0,00280447,0,999936,-0,0007861753,0,01093104,0,0,0,0,0,0,0,0,0,0,0,0,0,0,0,0,0,0,0,0,0,0,1,1,1,False
84,97705,-15,02907,1,340374,-11,76557,-0,00280447,0,999936,-0,0007861753,0,01093104,0,0,0,0,0,0,0,0,0,0,0,0,0,0,0,0,0,0,0,0,0,0,1,1,1,False
84,9926,-15,02907,1,340374,-11,76557,-0,00280447,0,999936,-0,0007861753,0,01093104,0,0,0,0,0,0,0,0,0,0,0,0,0,0,0,0,0,0,0,0,0,0,1,1,1,False
85,00933,-15,02907,1,340374,-11,76557,-0,00280447,0,999936,-0,0007861753,0,01093104,0,0,0,0,0,0,0,0,0,0,0,0,0,0,0,0,0,0,0,0,0,0,1,1,1,False
85,02585,-15,02907,1,340374,-11,76557,-0,00280447,0,999936,-0,0007861753,0,01093104,0,0,0,0,0,0,0,0,0,0,0,0,0,0,0,0,0,0,0,0,0,0,1,1,1,False
85,04281,-15,02907,1,340374,-11,76557,-0,00280447,0,999936,-0,0007861753,0,01093104,0,0,0,0,0,0,0,0,0,0,0,0,0,0,0,0,0,0,0,0,0,0,1,1,1,False
85,05893,-15,02907,1,340374,-11,76557,-0,00280447,0,999936,-0,0007861753,0,01093104,0,0,0,0,0,0,0,0,0,0,0,0,0,0,0,0,0,0,0,0,0,0,1,1,1,False
85,07358,-15,02907,1,340374,-11,76557,-0,00280447,0,999936,-0,0007861753,0,01093104,0,0,0,0,0,0,0,0,0,0,0,0,0,0,0,0,0,0,0,0,0,0,1,1,1,False
85,08939,-15,02907,1,340374,-11,76557,-0,00280447,0,999936,-0,0007861753,0,01093104,0,0,0,0,0,0,0,0,0,0,0,0,0,0,0,0,0,0,0,0,0,0,1,1,1,False
85,10497,-15,02907,1,340374,-11,76557,-0,00280447,0,999936,-0,0007861753,0,01093104,0,0,0,0,0,0,0,0,0,0,0,0,0,0,0,0,0,0,0,0,0,0,1,1,1,False
85,12064,-15,02907,1,340374,-11,76557,-0,00280447,0,999936,-0,0007861753,0,01093104,0,0,0,0,0,0,0,0,0,0,0,0,0,0,0,0,0,0,0,0,0,0,1,1,1,False
85,13624,-15,02907,1,340374,-11,76557,-0,00280447,0,999936,-0,0007861753,0,01093104,0,0,0,0,0,0,0,0,0,0,0,0,0,0,0,0,0,0,0,0,0,0,1,1,1,False
85,15284,-15,02907,1,340374,-11,76557,-0,00280447,0,999936,-0,0007861753,0,01093104,0,0,0,0,0,0,0,0,0,0,0,0,0,0,0,0,0,0,0,0,0,0,1,1,1,False
85,17171,-15,02907,1,340374,-11,76557,-0,00280447,0,999936,-0,0007861753,0,01093104,0,0,0,0,0,0,0,0,0,0,0,0,0,0,0,0,0,0,0,0,0,0,1,1,1,False
85,18844,-15,02907,1,340374,-11,76557,-0,00280447,0,999936,-0,0007861753,0,01093104,0,0,0,0,0,0,0,0,0,0,0,0,0,0,0,0,0,0,0,0,0,0,1,1,1,False
85,20467,-15,02907,1,340374,-11,76557,-0,00280447,0,999936,-0,0007861753,0,01093104,0,0,0,0,0,0,0,0,0,0,0,0,0,0,0,0,0,0,0,0,0,0,1,1,1,False
85,22113,-15,02907,1,340374,-11,76557,-0,00280447,0,999936,-0,0007861753,0,01093104,0,0,0,0,0,0,0,0,0,0,0,0,0,0,0,0,0,0,0,0,0,0,1,1,1,False
85,23821,-15,02907,1,340374,-11,76557,-0,00280447,0,999936,-0,0007861753,0,01093104,0,0,0,0,0,0,0,0,0,0,0,0,0,0,0,0,0,0,0,0,0,0,1,1,1,False
85,2544,-15,02907,1,340374,-11,76557,-0,00280447,0,999936,-0,0007861753,0,01093104,0,0,0,0,0,0,0,0,0,0,0,0,0,0,0,0,0,0,0,0,0,0,1,1,1,False
85,2711,-15,02907,1,340374,-11,76557,-0,00280447,0,999936,-0,0007861753,0,01093104,0,0,0,0,0,0,0,0,0,0,0,0,0,0,0,0,0,0,0,0,0,0,1,1,1,False
85,28775,-15,02907,1,340374,-11,76557,-0,00280447,0,999936,-0,0007861753,0,01093104,0,0,0,0,0,0,0,0,0,0,0,0,0,0,0,0,0,0,0,0,0,0,1,1,1,False
85,30431,-15,02907,1,340374,-11,76557,-0,00280447,0,999936,-0,0007861753,0,01093104,0,0,0,0,0,0,0,0,0,0,0,0,0,0,0,0,0,0,0,0,0,0,1,1,1,False
85,32063,-15,02907,1,340374,-11,76557,-0,00280447,0,999936,-0,0007861753,0,01093104,0,0,0,0,0,0,0,0,0,0,0,0,0,0,0,0,0,0,0,0,0,0,1,1,1,False
85,33713,-15,02907,1,340374,-11,76557,-0,00280447,0,999936,-0,0007861753,0,01093104,0,0,0,0,0,0,0,0,0,0,0,0,0,0,0,0,0,0,0,0,0,0,1,1,1,False
85,3528,-15,02907,1,340374,-11,76557,-0,00280447,0,999936,-0,0007861753,0,01093104,0,0,0,0,0,0,0,0,0,0,0,0,0,0,0,0,0,0,0,0,0,0,1,1,1,False
85,36975,-15,02907,1,340374,-11,76557,-0,00280447,0,999936,-0,0007861753,0,01093104,0,0,0,0,0,0,0,0,0,0,0,0,0,0,0,0,0,0,0,0,0,0,1,1,1,False
85,38651,-15,02907,1,340374,-11,76557,-0,00280447,0,999936,-0,0007861753,0,01093104,0,0,0,0,0,0,0,0,0,0,0,0,0,0,0,0,0,0,0,0,0,0,1,1,1,False
85,40307,-15,02907,1,340374,-11,76557,-0,00280447,0,999936,-0,0007861753,0,01093104,0,0,0,0,0,0,0,0,0,0,0,0,0,0,0,0,0,0,0,0,0,0,1,1,1,False
85,41936,-15,02907,1,340374,-11,76557,-0,00280447,0,999936,-0,0007861753,0,01093104,0,0,0,0,0,0,0,0,0,0,0,0,0,0,0,0,0,0,0,0,0,0,1,1,1,False
85,43509,-15,02907,1,340374,-11,76557,-0,00280447,0,999936,-0,0007861753,0,01093104,0,0,0,0,0,0,0,0,0,0,0,0,0,0,0,0,0,0,0,0,0,0,1,1,1,False
85,45178,-15,02907,1,340374,-11,76557,-0,00280447,0,999936,-0,0007861753,0,01093104,0,0,0,0,0,0,0,0,0,0,0,0,0,0,0,0,0,0,0,0,0,0,1,1,1,False
85,46811,-15,02907,1,340374,-11,76557,-0,00280447,0,999936,-0,0007861753,0,01093104,0,0,0,0,0,0,0,0,0,0,0,0,0,0,0,0,0,0,0,0,0,0,1,1,1,False
85,48493,-15,02907,1,340374,-11,76557,-0,00280447,0,999936,-0,0007861753,0,01093104,0,0,0,0,0,0,0,0,0,0,0,0,0,0,0,0,0,0,0,0,0,0,1,1,1,False
85,50201,-15,02907,1,340374,-11,76557,-0,00280447,0,999936,-0,0007861753,0,01093104,0,0,0,0,0,0,0,0,0,0,0,0,0,0,0,0,0,0,0,0,0,0,1,1,1,False
85,51769,-15,02907,1,340374,-11,76557,-0,00280447,0,999936,-0,0007861753,0,01093104,0,0,0,0,0,0,0,0,0,0,0,0,0,0,0,0,0,0,0,0,0,0,1,1,1,False
85,53223,-15,02907,1,340374,-11,76557,-0,00280447,0,999936,-0,0007861753,0,01093104,0,0,0,0,0,0,0,0,0,0,0,0,0,0,0,0,0,0,0,0,0,0,1,1,1,False
85,54799,-15,02907,1,340374,-11,76557,-0,00280447,0,999936,-0,0007861753,0,01093104,0,0,0,0,0,0,0,0,0,0,0,0,0,0,0,0,0,0,0,0,0,0,1,1,1,False
85,56406,-15,02907,1,340374,-11,76557,-0,00280447,0,999936,-0,0007861753,0,01093104,0,0,0,0,0,0,0,0,0,0,0,0,0,0,0,0,0,0,0,0,0,0,1,1,1,False
85,57981,-15,02907,1,340374,-11,76557,-0,00280447,0,999936,-0,0007861753,0,01093104,0,0,0,0,0,0,0,0,0,0,0,0,0,0,0,0,0,0,0,0,0,0,1,1,1,False
85,5948,-15,02907,1,340374,-11,76557,-0,00280447,0,999936,-0,0007861753,0,01093104,0,0,0,0,0,0,0,0,0,0,0,0,0,0,0,0,0,0,0,0,0,0,1,1,1,False
85,61053,-15,02907,1,340374,-11,76557,-0,00280447,0,999936,-0,0007861753,0,01093104,0,0,0,0,0,0,0,0,0,0,0,0,0,0,0,0,0,0,0,0,0,0,1,1,1,False
85,62618,-15,02907,1,340374,-11,76557,-0,00280447,0,999936,-0,0007861753,0,01093104,0,0,0,0,0,0,0,0,0,0,0,0,0,0,0,0,0,0,0,0,0,0,1,1,1,False
85,64172,-15,02907,1,340374,-11,76557,-0,00280447,0,999936,-0,0007861753,0,01093104,0,0,0,0,0,0,0,0,0,0,0,0,0,0,0,0,0,0,0,0,0,0,1,1,1,False
85,65755,-15,02907,1,340374,-11,76557,-0,00280447,0,999936,-0,0007861753,0,01093104,0,0,0,0,0,0,0,0,0,0,0,0,0,0,0,0,0,0,0,0,0,0,1,1,1,False
85,67229,-15,02907,1,340374,-11,76557,-0,00280447,0,999936,-0,0007861753,0,01093104,0,0,0,0,0,0,0,0,0,0,0,0,0,0,0,0,0,0,0,0,0,0,1,1,1,False
85,68782,-15,02907,1,340374,-11,76557,-0,00280447,0,999936,-0,0007861753,0,01093104,0,0,0,0,0,0,0,0,0,0,0,0,0,0,0,0,0,0,0,0,0,0,1,1,1,False
85,70317,-15,02907,1,340374,-11,76557,-0,00280447,0,999936,-0,0007861753,0,01093104,0,0,0,0,0,0,0,0,0,0,0,0,0,0,0,0,0,0,0,0,0,0,1,1,1,False
85,71935,-15,02907,1,340374,-11,76557,-0,00280447,0,999936,-0,0007861753,0,01093104,0,0,0,0,0,0,0,0,0,0,0,0,0,0,0,0,0,0,0,0,0,0,1,1,1,False
85,73369,-15,02907,1,340374,-11,76557,-0,00280447,0,999936,-0,0007861753,0,01093104,0,0,0,0,0,0,0,0,0,0,0,0,0,0,0,0,0,0,0,0,0,0,1,1,1,False
85,74937,-15,02907,1,340374,-11,76557,-0,00280447,0,999936,-0,0007861753,0,01093104,0,0,0,0,0,0,0,0,0,0,0,0,0,0,0,0,0,0,0,0,0,0,1,1,1,False
85,76511,-15,02907,1,340374,-11,76557,-0,00280447,0,999936,-0,0007861753,0,01093104,0,0,0,0,0,0,0,0,0,0,0,0,0,0,0,0,0,0,0,0,0,0,1,1,1,False
85,78072,-15,02907,1,340374,-11,76557,-0,00280447,0,999936,-0,0007861753,0,01093104,0,0,0,0,0,0,0,0,0,0,0,0,0,0,0,0,0,0,0,0,0,0,1,1,1,False
85,79629,-15,02907,1,340374,-11,76557,-0,00280447,0,999936,-0,0007861753,0,01093104,0,0,0,0,0,0,0,0,0,0,0,0,0,0,0,0,0,0,0,0,0,0,1,1,1,False
85,81084,-15,02907,1,340374,-11,76557,-0,00280447,0,999936,-0,0007861753,0,01093104,0,0,0,0,0,0,0,0,0,0,0,0,0,0,0,0,0,0,0,0,0,0,1,1,1,False
85,82609,-15,02907,1,340374,-11,76557,-0,00280447,0,999936,-0,0007861753,0,01093104,0,0,0,0,0,0,0,0,0,0,0,0,0,0,0,0,0,0,0,0,0,0,1,1,1,False
85,84178,-15,02907,1,340374,-11,76557,-0,00280447,0,999936,-0,0007861753,0,01093104,0,0,0,0,0,0,0,0,0,0,0,0,0,0,0,0,0,0,0,0,0,0,1,1,1,False
85,8574,-15,02907,1,340374,-11,76557,-0,00280447,0,999936,-0,0007861753,0,01093104,0,0,0,0,0,0,0,0,0,0,0,0,0,0,0,0,0,0,0,0,0,0,1,1,1,False
85,8724,-15,02907,1,340374,-11,76557,-0,00280447,0,999936,-0,0007861753,0,01093104,0,0,0,0,0,0,0,0,0,0,0,0,0,0,0,0,0,0,0,0,0,0,1,1,1,False
85,88799,-15,02907,1,340374,-11,76557,-0,00280447,0,999936,-0,0007861753,0,01093104,0,0,0,0,0,0,0,0,0,0,0,0,0,0,0,0,0,0,0,0,0,0,1,1,1,False
85,90334,-15,02907,1,340374,-11,76557,-0,00280447,0,999936,-0,0007861753,0,01093104,0,0,0,0,0,0,0,0,0,0,0,0,0,0,0,0,0,0,0,0,0,0,1,1,1,False
85,91893,-15,02907,1,340374,-11,76557,-0,00280447,0,999936,-0,0007861753,0,01093104,0,0,0,0,0,0,0,0,0,0,0,0,0,0,0,0,0,0,0,0,0,0,1,1,1,False
85,93362,-15,02907,1,340374,-11,76557,-0,00280447,0,999936,-0,0007861753,0,01093104,0,0,0,0,0,0,0,0,0,0,0,0,0,0,0,0,0,0,0,0,0,0,1,1,1,False
85,94904,-15,02907,1,340374,-11,76557,-0,00280447,0,999936,-0,0007861753,0,01093104,0,0,0,0,0,0,0,0,0,0,0,0,0,0,0,0,0,0,0,0,0,0,1,1,1,False
85,96449,-15,02907,1,340374,-11,76557,-0,00280447,0,999936,-0,0007861753,0,01093104,0,0,0,0,0,0,0,0,0,0,0,0,0,0,0,0,0,0,0,0,0,0,1,1,1,False
85,98008,-15,02907,1,340374,-11,76557,-0,00280447,0,999936,-0,0007861753,0,01093104,0,0,0,0,0,0,0,0,0,0,0,0,0,0,0,0,0,0,0,0,0,0,1,1,1,False
85,99538,-15,02907,1,340374,-11,76557,-0,00280447,0,999936,-0,0007861753,0,01093104,0,0,0,0,0,0,0,0,0,0,0,0,0,0,0,0,0,0,0,0,0,0,1,1,1,False
86,01118,-15,02907,1,340374,-11,76557,-0,00280447,0,999936,-0,0007861753,0,01093104,0,0,0,0,0,0,0,0,0,0,0,0,0,0,0,0,0,0,0,0,0,0,1,1,1,False
86,02768,-15,02907,1,340374,-11,76557,-0,00280447,0,999936,-0,0007861753,0,01093104,0,0,0,0,0,0,0,0,0,0,0,0,0,0,0,0,0,0,0,0,0,0,1,1,1,False
86,04307,-15,02907,1,340374,-11,76557,-0,00280447,0,999936,-0,0007861753,0,01093104,0,0,0,0,0,0,0,0,0,0,0,0,0,0,0,0,0,0,0,0,0,0,1,1,1,False
86,05897,-15,02907,1,340374,-11,76557,-0,00280447,0,999936,-0,0007861753,0,01093104,0,0,0,0,0,0,0,0,0,0,0,0,0,0,0,0,0,0,0,0,0,0,1,1,1,False
86,07375,-15,02907,1,340374,-11,76557,-0,00280447,0,999936,-0,0007861753,0,01093104,0,0,0,0,0,0,0,0,0,0,0,0,0,0,0,0,0,0,0,0,0,0,1,1,1,False
86,08925,-15,02907,1,340374,-11,76557,-0,00280447,0,999936,-0,0007861753,0,01093104,0,0,0,0,0,0,0,0,0,0,0,0,0,0,0,0,0,0,0,0,0,0,1,1,1,False
86,10468,-15,02907,1,340374,-11,76557,-0,00280447,0,999936,-0,0007861753,0,01093104,0,0,0,0,0,0,0,0,0,0,0,0,0,0,0,0,0,0,0,0,0,0,1,1,1,False
86,12042,-15,02907,1,340374,-11,76557,-0,00280447,0,999936,-0,0007861753,0,01093104,0,0,0,0,0,0,0,0,0,0,0,0,0,0,0,0,0,0,0,0,0,0,1,1,1,False
86,18211,-15,02907,1,340374,-11,76557,-0,00280447,0,999936,-0,0007861753,0,01093104,0,0,0,0,0,0,0,0,0,0,0,0,0,0,0,0,0,0,0,0,0,0,1,1,1,False

