Time,HMD_Position_x,HMD_Position_y,HMD_Position_z,HMD_Rotation_x,HMD_Rotation_y,HMD_Rotation_z,HMD_Rotation_w,Left_Position_x,Left_Position_y,Left_Position_z,Right_Position_x,Right_Position_y,Right_Position_z,Left_Gaze_Origin.x,Left_Gaze_Origin.y,Left_Gaze_Origin.z,Right_Gaze_Origin.x,Right_Gaze_Origin.y,Right_Gaze_Origin.z,Left_Gaze_Direction_x,Left_Gaze_Direction_y,Left_Gaze_Direction_z,Right_Gaze_Direction_x,Right_Gaze_Direction_y,Right_Gaze_Direction_z,Left_Pupil_Diameter,Right_Pupil_Diameter,Left_Openness,Right_Openness,ArtificialBlink_Flag,RBlinkCount,LBlinkCount,BrowerFlag
0,01999999,-10,48907,1,776018,-1,37557,-0,002654806,0,9902614,-0,001197969,-0,1391898,0,0,0,0,0,0,0,0,0,0,0,0,0,0,0,0,0,0,0,0,0,0,1,1,1,False
0,03999998,-10,48907,1,76817,-1,37557,-0,002654806,0,9902614,-0,001197969,-0,1391898,0,0,0,0,0,0,0,0,0,0,0,0,0,0,0,0,0,0,0,0,0,0,1,1,1,False
0,1141179,-10,48907,1,689037,-1,37557,-0,002654806,0,9902614,-0,001197969,-0,1391898,0,0,0,0,0,0,0,0,0,0,0,0,0,0,0,0,0,0,0,0,0,0,1,1,1,False
0,1466232,-10,48907,1,689037,-1,37557,-0,002654806,0,9902614,-0,001197969,-0,1391898,0,0,0,0,0,0,0,0,0,0,0,0,0,0,0,0,0,0,0,0,0,0,1,1,1,False
0,1617354,-10,48907,1,689037,-1,37557,-0,002654806,0,9902614,-0,001197969,-0,1391898,0,0,0,0,0,0,0,0,0,0,0,0,0,0,0,0,0,0,0,0,0,0,1,1,1,False
0,1860132,-10,48907,1,689037,-1,37557,-0,002654806,0,9902614,-0,001197969,-0,1391898,0,0,0,0,0,0,0,0,0,0,0,0,0,0,0,0,0,0,0,0,0,0,1,1,1,False
0,1996797,-10,48907,1,689037,-1,37557,-0,002654806,0,9902614,-0,001197969,-0,1391898,0,0,0,0,0,0,0,0,0,0,0,0,0,0,0,0,0,0,0,0,0,0,1,1,1,False
0,2127381,-10,48907,1,689037,-1,37557,-0,002654806,0,9902614,-0,001197969,-0,1391898,0,0,0,0,0,0,0,0,0,0,0,0,0,0,0,0,0,0,0,0,0,0,1,1,1,False
0,2284442,-10,48907,1,689037,-1,37557,-0,002654806,0,9902614,-0,001197969,-0,1391898,0,0,0,0,0,0,0,0,0,0,0,0,0,0,0,0,0,0,0,0,0,0,1,1,1,False
0,2430229,-10,48907,1,689037,-1,37557,-0,002654806,0,9902614,-0,001197969,-0,1391898,0,0,0,0,0,0,0,0,0,0,0,0,0,0,0,0,0,0,0,0,0,0,1,1,1,False
0,2581644,-10,48907,1,689037,-1,37557,-0,002654806,0,9902614,-0,001197969,-0,1391898,0,0,0,0,0,0,0,0,0,0,0,0,0,0,0,0,0,0,0,0,0,0,1,1,1,False
0,2720617,-10,48907,1,689037,-1,37557,-0,002654806,0,9902614,-0,001197969,-0,1391898,0,0,0,0,0,0,0,0,0,0,0,0,0,0,0,0,0,0,0,0,0,0,1,1,1,False
0,2867036,-10,48907,1,689037,-1,37557,-0,002654806,0,9902614,-0,001197969,-0,1391898,0,0,0,0,0,0,0,0,0,0,0,0,0,0,0,0,0,0,0,0,0,0,1,1,1,False
0,300434,-10,48907,1,689037,-1,37557,-0,002654806,0,9902614,-0,001197969,-0,1391898,0,0,0,0,0,0,0,0,0,0,0,0,0,0,0,0,0,0,0,0,0,0,1,1,1,False
0,3140897,-10,48907,1,689037,-1,37557,-0,002654806,0,9902614,-0,001197969,-0,1391898,0,0,0,0,0,0,0,0,0,0,0,0,0,0,0,0,0,0,0,0,0,0,1,1,1,False
0,3376542,-10,48907,1,689037,-1,37557,-0,002654806,0,9902614,-0,001197969,-0,1391898,0,0,0,0,0,0,0,0,0,0,0,0,0,0,0,0,0,0,0,0,0,0,1,1,1,False
0,3513156,-10,48907,1,689037,-1,37557,-0,002654806,0,9902614,-0,001197969,-0,1391898,0,0,0,0,0,0,0,0,0,0,0,0,0,0,0,0,0,0,0,0,0,0,1,1,1,False
0,3652162,-10,48907,1,689037,-1,37557,-0,002654806,0,9902614,-0,001197969,-0,1391898,0,0,0,0,0,0,0,0,0,0,0,0,0,0,0,0,0,0,0,0,0,0,1,1,1,False
0,3798353,-10,48907,1,689037,-1,37557,-0,002654806,0,9902614,-0,001197969,-0,1391898,0,0,0,0,0,0,0,0,0,0,0,0,0,0,0,0,0,0,0,0,0,0,1,1,1,False
0,3926767,-10,48907,1,689037,-1,37557,-0,002654806,0,9902614,-0,001197969,-0,1391898,0,0,0,0,0,0,0,0,0,0,0,0,0,0,0,0,0,0,0,0,0,0,1,1,1,False
0,4066404,-10,48907,1,689037,-1,37557,-0,002654806,0,9902614,-0,001197969,-0,1391898,0,0,0,0,0,0,0,0,0,0,0,0,0,0,0,0,0,0,0,0,0,0,1,1,1,False
0,4205095,-10,48907,1,689037,-1,37557,-0,002654806,0,9902614,-0,001197969,-0,1391898,0,0,0,0,0,0,0,0,0,0,0,0,0,0,0,0,0,0,0,0,0,0,1,1,1,False
0,4343147,-10,48907,1,689037,-1,37557,-0,002654806,0,9902614,-0,001197969,-0,1391898,0,0,0,0,0,0,0,0,0,0,0,0,0,0,0,0,0,0,0,0,0,0,1,1,1,False
0,4472513,-10,48907,1,689037,-1,37557,-0,002654806,0,9902614,-0,001197969,-0,1391898,0,0,0,0,0,0,0,0,0,0,0,0,0,0,0,0,0,0,0,0,0,0,1,1,1,False
0,4610305,-10,48907,1,689037,-1,37557,-0,002654806,0,9902614,-0,001197969,-0,1391898,0,0,0,0,0,0,0,0,0,0,0,0,0,0,0,0,0,0,0,0,0,0,1,1,1,False
0,4750972,-10,48907,1,689037,-1,37557,-0,002654806,0,9902614,-0,001197969,-0,1391898,0,0,0,0,0,0,0,0,0,0,0,0,0,0,0,0,0,0,0,0,0,0,1,1,1,False
0,4982423,-10,48907,1,689037,-1,37557,-0,002654806,0,9902614,-0,001197969,-0,1391898,0,0,0,0,0,0,0,0,0,0,0,0,0,0,0,0,0,0,0,0,0,0,1,1,1,False
0,5119404,-10,48907,1,689037,-1,37557,-0,002654806,0,9902614,-0,001197969,-0,1391898,0,0,0,0,0,0,0,0,0,0,0,0,0,0,0,0,0,0,0,0,0,0,1,1,1,False
0,5255178,-10,48907,1,689037,-1,37557,-0,002654806,0,9902614,-0,001197969,-0,1391898,0,0,0,0,0,0,0,0,0,0,0,0,0,0,0,0,0,0,0,0,0,0,1,1,1,False
0,5394698,-10,48907,1,689037,-1,37557,-0,002654806,0,9902614,-0,001197969,-0,1391898,0,0,0,0,0,0,0,0,0,0,0,0,0,0,0,0,0,0,0,0,0,0,1,1,1,False
0,5531063,-10,48907,1,689037,-1,37557,-0,002654806,0,9902614,-0,001197969,-0,1391898,0,0,0,0,0,0,0,0,0,0,0,0,0,0,0,0,0,0,0,0,0,0,1,1,1,False
0,567693,-10,48907,1,689037,-1,37557,-0,002654806,0,9902614,-0,001197969,-0,1391898,0,0,0,0,0,0,0,0,0,0,0,0,0,0,0,0,0,0,0,0,0,0,1,1,1,False
0,5821149,-10,48907,1,689037,-1,37557,-0,002654806,0,9902614,-0,001197969,-0,1391898,0,0,0,0,0,0,0,0,0,0,0,0,0,0,0,0,0,0,0,0,0,0,1,1,1,False
0,5965185,-10,48907,1,689037,-1,37557,-0,002654806,0,9902614,-0,001197969,-0,1391898,0,0,0,0,0,0,0,0,0,0,0,0,0,0,0,0,0,0,0,0,0,0,1,1,1,False
0,6096835,-10,48907,1,689037,-1,37557,-0,002654806,0,9902614,-0,001197969,-0,1391898,0,0,0,0,0,0,0,0,0,0,0,0,0,0,0,0,0,0,0,0,0,0,1,1,1,False
0,6235201,-10,48907,1,689037,-1,37557,-0,002654806,0,9902614,-0,001197969,-0,1391898,0,0,0,0,0,0,0,0,0,0,0,0,0,0,0,0,0,0,0,0,0,0,1,1,1,False
0,6372501,-10,48907,1,689037,-1,37557,-0,002654806,0,9902614,-0,001197969,-0,1391898,0,0,0,0,0,0,0,0,0,0,0,0,0,0,0,0,0,0,0,0,0,0,1,1,1,False
0,6602926,-10,48907,1,689037,-1,37557,-0,002654806,0,9902614,-0,001197969,-0,1391898,0,0,0,0,0,0,0,0,0,0,0,0,0,0,0,0,0,0,0,0,0,0,1,1,1,False
0,6744309,-10,48907,1,689037,-1,37557,-0,002654806,0,9902614,-0,001197969,-0,1391898,0,0,0,0,0,0,0,0,0,0,0,0,0,0,0,0,0,0,0,0,0,0,1,1,1,False
0,6872832,-10,48907,1,689037,-1,37557,-0,002654806,0,9902614,-0,001197969,-0,1391898,0,0,0,0,0,0,0,0,0,0,0,0,0,0,0,0,0,0,0,0,0,0,1,1,1,False
0,7012265,-10,48907,1,689037,-1,37557,-0,002654806,0,9902614,-0,001197969,-0,1391898,0,0,0,0,0,0,0,0,0,0,0,0,0,0,0,0,0,0,0,0,0,0,1,1,1,False
0,7148705,-10,48907,1,689037,-1,37557,-0,002654806,0,9902614,-0,001197969,-0,1391898,0,0,0,0,0,0,0,0,0,0,0,0,0,0,0,0,0,0,0,0,0,0,1,1,1,False
0,7284608,-10,48907,1,689037,-1,37557,-0,002654806,0,9902614,-0,001197969,-0,1391898,0,0,0,0,0,0,0,0,0,0,0,0,0,0,0,0,0,0,0,0,0,0,1,1,1,False
0,7422396,-10,48907,1,689037,-1,37557,-0,002654806,0,9902614,-0,001197969,-0,1391898,0,0,0,0,0,0,0,0,0,0,0,0,0,0,0,0,0,0,0,0,0,0,1,1,1,False
0,7566457,-10,48907,1,689037,-1,37557,-0,002654806,0,9902614,-0,001197969,-0,1391898,0,0,0,0,0,0,0,0,0,0,0,0,0,0,0,0,0,0,0,0,0,0,1,1,1,False
0,7695203,-10,48907,1,689037,-1,37557,-0,002654806,0,9902614,-0,001197969,-0,1391898,0,0,0,0,0,0,0,0,0,0,0,0,0,0,0,0,0,0,0,0,0,0,1,1,1,False
0,7837477,-10,48907,1,689037,-1,37557,-0,002654806,0,9902614,-0,001197969,-0,1391898,0,0,0,0,0,0,0,0,0,0,0,0,0,0,0,0,0,0,0,0,0,0,1,1,1,False
0,7973255,-10,48907,1,689037,-1,37557,-0,002654806,0,9902614,-0,001197969,-0,1391898,0,0,0,0,0,0,0,0,0,0,0,0,0,0,0,0,0,0,0,0,0,0,1,1,1,False
0,8208407,-10,48907,1,689037,-1,37557,-0,002654806,0,9902614,-0,001197969,-0,1391898,0,0,0,0,0,0,0,0,0,0,0,0,0,0,0,0,0,0,0,0,0,0,1,1,1,False
0,8346609,-10,48907,1,689037,-1,37557,-0,002654806,0,9902614,-0,001197969,-0,1391898,0,0,0,0,0,0,0,0,0,0,0,0,0,0,0,0,0,0,0,0,0,0,1,1,1,False
0,847886,-10,48907,1,689037,-1,37557,-0,002654806,0,9902614,-0,001197969,-0,1391898,0,0,0,0,0,0,0,0,0,0,0,0,0,0,0,0,0,0,0,0,0,0,1,1,1,False
0,8622106,-10,48907,1,689037,-1,37557,-0,002654806,0,9902614,-0,001197969,-0,1391898,0,0,0,0,0,0,0,0,0,0,0,0,0,0,0,0,0,0,0,0,0,0,1,1,1,False
0,87565,-10,48907,1,689037,-1,37557,-0,002654806,0,9902614,-0,001197969,-0,1391898,0,0,0,0,0,0,0,0,0,0,0,0,0,0,0,0,0,0,0,0,0,0,1,1,1,False
0,8881931,-10,48907,1,689037,-1,37557,-0,002654806,0,9902614,-0,001197969,-0,1391898,0,0,0,0,0,0,0,0,0,0,0,0,0,0,0,0,0,0,0,0,0,0,1,1,1,False
0,9017347,-10,48907,1,689037,-1,37557,-0,002654806,0,9902614,-0,001197969,-0,1391898,0,0,0,0,0,0,0,0,0,0,0,0,0,0,0,0,0,0,0,0,0,0,1,1,1,False
0,9153412,-10,48907,1,689037,-1,37557,-0,002654806,0,9902614,-0,001197969,-0,1391898,0,0,0,0,0,0,0,0,0,0,0,0,0,0,0,0,0,0,0,0,0,0,1,1,1,False
0,9279367,-10,48907,1,689037,-1,37557,-0,002654806,0,9902614,-0,001197969,-0,1391898,0,0,0,0,0,0,0,0,0,0,0,0,0,0,0,0,0,0,0,0,0,0,1,1,1,False
0,9412855,-10,48907,1,689037,-1,37557,-0,002654806,0,9902614,-0,001197969,-0,1391898,0,0,0,0,0,0,0,0,0,0,0,0,0,0,0,0,0,0,0,0,0,0,1,1,1,False
0,9546689,-10,48907,1,689037,-1,37557,-0,002654806,0,9902614,-0,001197969,-0,1391898,0,0,0,0,0,0,0,0,0,0,0,0,0,0,0,0,0,0,0,0,0,0,1,1,1,False
0,9777637,-10,48907,1,689037,-1,37557,-0,002654806,0,9902614,-0,001197969,-0,1391898,0,0,0,0,0,0,0,0,0,0,0,0,0,0,0,0,0,0,0,0,0,0,1,1,1,False
0,990904,-10,48907,1,689037,-1,37557,-0,002654806,0,9902614,-0,001197969,-0,1391898,0,0,0,0,0,0,0,0,0,0,0,0,0,0,0,0,0,0,0,0,0,0,1,1,1,False
1,004179,-10,48907,1,689037,-1,37557,-0,002654806,0,9902614,-0,001197969,-0,1391898,0,0,0,0,0,0,0,0,0,0,0,0,0,0,0,0,0,0,0,0,0,0,1,1,1,False
1,018217,-10,48907,1,689037,-1,37557,-0,002654806,0,9902614,-0,001197969,-0,1391898,0,0,0,0,0,0,0,0,0,0,0,0,0,0,0,0,0,0,0,0,0,0,1,1,1,False
1,030815,-10,48907,1,689037,-1,37557,-0,002654806,0,9902614,-0,001197969,-0,1391898,0,0,0,0,0,0,0,0,0,0,0,0,0,0,0,0,0,0,0,0,0,0,1,1,1,False
1,044052,-10,48907,1,689037,-1,37557,-0,002654806,0,9902614,-0,001197969,-0,1391898,0,0,0,0,0,0,0,0,0,0,0,0,0,0,0,0,0,0,0,0,0,0,1,1,1,False
1,058111,-10,48907,1,689037,-1,37557,-0,002654806,0,9902614,-0,001197969,-0,1391898,0,0,0,0,0,0,0,0,0,0,0,0,0,0,0,0,0,0,0,0,0,0,1,1,1,False
1,070505,-10,48907,1,689037,-1,37557,-0,002654806,0,9902614,-0,001197969,-0,1391898,0,0,0,0,0,0,0,0,0,0,0,0,0,0,0,0,0,0,0,0,0,0,1,1,1,False
1,08465,-10,48907,1,689037,-1,37557,-0,002654806,0,9902614,-0,001197969,-0,1391898,0,0,0,0,0,0,0,0,0,0,0,0,0,0,0,0,0,0,0,0,0,0,1,1,1,False
1,097738,-10,48907,1,689037,-1,37557,-0,002654806,0,9902614,-0,001197969,-0,1391898,0,0,0,0,0,0,0,0,0,0,0,0,0,0,0,0,0,0,0,0,0,0,1,1,1,False
1,110037,-10,48907,1,689037,-1,37557,-0,002654806,0,9902614,-0,001197969,-0,1391898,0,0,0,0,0,0,0,0,0,0,0,0,0,0,0,0,0,0,0,0,0,0,1,1,1,False
1,13561,-10,48907,1,689037,-1,37557,-0,002654806,0,9902614,-0,001197969,-0,1391898,0,0,0,0,0,0,0,0,0,0,0,0,0,0,0,0,0,0,0,0,0,0,1,1,1,False
1,148819,-10,48907,1,689037,-1,37557,-0,002654806,0,9902614,-0,001197969,-0,1391898,0,0,0,0,0,0,0,0,0,0,0,0,0,0,0,0,0,0,0,0,0,0,1,1,1,False
1,161969,-10,48907,1,689037,-1,37557,-0,002654806,0,9902614,-0,001197969,-0,1391898,0,0,0,0,0,0,0,0,0,0,0,0,0,0,0,0,0,0,0,0,0,0,1,1,1,False
1,175428,-10,48907,1,689037,-1,37557,-0,002654806,0,9902614,-0,001197969,-0,1391898,0,0,0,0,0,0,0,0,0,0,0,0,0,0,0,0,0,0,0,0,0,0,1,1,1,False
1,187831,-10,48907,1,689037,-1,37557,-0,002654806,0,9902614,-0,001197969,-0,1391898,0,0,0,0,0,0,0,0,0,0,0,0,0,0,0,0,0,0,0,0,0,0,1,1,1,False
1,201057,-10,48907,1,689037,-1,37557,-0,002654806,0,9902614,-0,001197969,-0,1391898,0,0,0,0,0,0,0,0,0,0,0,0,0,0,0,0,0,0,0,0,0,0,1,1,1,False
1,214501,-10,48907,1,689037,-1,37557,-0,002654806,0,9902614,-0,001197969,-0,1391898,0,0,0,0,0,0,0,0,0,0,0,0,0,0,0,0,0,0,0,0,0,0,1,1,1,False
1,226762,-10,48907,1,689037,-1,37557,-0,002654806,0,9902614,-0,001197969,-0,1391898,0,0,0,0,0,0,0,0,0,0,0,0,0,0,0,0,0,0,0,0,0,0,1,1,1,False
1,23967,-10,48907,1,689037,-1,37557,-0,002654806,0,9902614,-0,001197969,-0,1391898,0,0,0,0,0,0,0,0,0,0,0,0,0,0,0,0,0,0,0,0,0,0,1,1,1,False
1,25298,-10,48907,1,689037,-1,37557,-0,002654806,0,9902614,-0,001197969,-0,1391898,0,0,0,0,0,0,0,0,0,0,0,0,0,0,0,0,0,0,0,0,0,0,1,1,1,False
1,266214,-10,48907,1,689037,-1,37557,-0,002654806,0,9902614,-0,001197969,-0,1391898,0,0,0,0,0,0,0,0,0,0,0,0,0,0,0,0,0,0,0,0,0,0,1,1,1,False
1,289377,-10,48907,1,689037,-1,37557,-0,002654806,0,9902614,-0,001197969,-0,1391898,0,0,0,0,0,0,0,0,0,0,0,0,0,0,0,0,0,0,0,0,0,0,1,1,1,False
1,302383,-10,48907,1,689037,-1,37557,-0,002654806,0,9902614,-0,001197969,-0,1391898,0,0,0,0,0,0,0,0,0,0,0,0,0,0,0,0,0,0,0,0,0,0,1,1,1,False
1,315715,-10,48907,1,689037,-1,37557,-0,002654806,0,9902614,-0,001197969,-0,1391898,0,0,0,0,0,0,0,0,0,0,0,0,0,0,0,0,0,0,0,0,0,0,1,1,1,False
1,328346,-10,48907,1,689037,-1,37557,-0,002654806,0,9902614,-0,001197969,-0,1391898,0,0,0,0,0,0,0,0,0,0,0,0,0,0,0,0,0,0,0,0,0,0,1,1,1,False
1,341557,-10,48907,1,689037,-1,37557,-0,002654806,0,9902614,-0,001197969,-0,1391898,0,0,0,0,0,0,0,0,0,0,0,0,0,0,0,0,0,0,0,0,0,0,1,1,1,False
1,354778,-10,48907,1,689037,-1,37557,-0,002654806,0,9902614,-0,001197969,-0,1391898,0,0,0,0,0,0,0,0,0,0,0,0,0,0,0,0,0,0,0,0,0,0,1,1,1,False
1,367301,-10,48907,1,689037,-1,37557,-0,002654806,0,9902614,-0,001197969,-0,1391898,0,0,0,0,0,0,0,0,0,0,0,0,0,0,0,0,0,0,0,0,0,0,1,1,1,False
1,380428,-10,48907,1,689037,-1,37557,-0,002654806,0,9902614,-0,001197969,-0,1391898,0,0,0,0,0,0,0,0,0,0,0,0,0,0,0,0,0,0,0,0,0,0,1,1,1,False
1,394272,-10,48907,1,689037,-1,37557,-0,002654806,0,9902614,-0,001197969,-0,1391898,0,0,0,0,0,0,0,0,0,0,0,0,0,0,0,0,0,0,0,0,0,0,1,1,1,False
1,407441,-10,48907,1,689037,-1,37557,-0,002654806,0,9902614,-0,001197969,-0,1391898,0,0,0,0,0,0,0,0,0,0,0,0,0,0,0,0,0,0,0,0,0,0,1,1,1,False
1,420479,-10,48907,1,689037,-1,37557,-0,002654806,0,9902614,-0,001197969,-0,1391898,0,0,0,0,0,0,0,0,0,0,0,0,0,0,0,0,0,0,0,0,0,0,1,1,1,False
1,443349,-10,48907,1,689037,-1,37557,-0,002654806,0,9902614,-0,001197969,-0,1391898,0,0,0,0,0,0,0,0,0,0,0,0,0,0,0,0,0,0,0,0,0,0,1,1,1,False
1,456449,-10,48907,1,689037,-1,37557,-0,002654806,0,9902614,-0,001197969,-0,1391898,0,0,0,0,0,0,0,0,0,0,0,0,0,0,0,0,0,0,0,0,0,0,1,1,1,False
1,469171,-10,48907,1,689037,-1,37557,-0,002654806,0,9902614,-0,001197969,-0,1391898,0,0,0,0,0,0,0,0,0,0,0,0,0,0,0,0,0,0,0,0,0,0,1,1,1,False
1,482908,-10,48907,1,689037,-1,37557,-0,002654806,0,9902614,-0,001197969,-0,1391898,0,0,0,0,0,0,0,0,0,0,0,0,0,0,0,0,0,0,0,0,0,0,1,1,1,False
1,496008,-10,48907,1,689037,-1,37557,-0,002654806,0,9902614,-0,001197969,-0,1391898,0,0,0,0,0,0,0,0,0,0,0,0,0,0,0,0,0,0,0,0,0,0,1,1,1,False
1,508656,-10,48907,1,689037,-1,37557,-0,002654806,0,9902614,-0,001197969,-0,1391898,0,0,0,0,0,0,0,0,0,0,0,0,0,0,0,0,0,0,0,0,0,0,1,1,1,False
1,522005,-10,48907,1,689037,-1,37557,-0,002654806,0,9902614,-0,001197969,-0,1391898,0,0,0,0,0,0,0,0,0,0,0,0,0,0,0,0,0,0,0,0,0,0,1,1,1,False
1,53524,-10,48907,1,689037,-1,37557,-0,002654806,0,9902614,-0,001197969,-0,1391898,0,0,0,0,0,0,0,0,0,0,0,0,0,0,0,0,0,0,0,0,0,0,1,1,1,False
1,547565,-10,48907,1,689037,-1,37557,-0,002654806,0,9902614,-0,001197969,-0,1391898,0,0,0,0,0,0,0,0,0,0,0,0,0,0,0,0,0,0,0,0,0,0,1,1,1,False
1,560723,-10,48907,1,689037,-1,37557,-0,002654806,0,9902614,-0,001197969,-0,1391898,0,0,0,0,0,0,0,0,0,0,0,0,0,0,0,0,0,0,0,0,0,0,1,1,1,False
1,575156,-10,48907,1,689037,-1,37557,-0,002654806,0,9902614,-0,001197969,-0,1391898,0,0,0,0,0,0,0,0,0,0,0,0,0,0,0,0,0,0,0,0,0,0,1,1,1,False
1,588494,-10,48907,1,689037,-1,37557,-0,002654806,0,9902614,-0,001197969,-0,1391898,0,0,0,0,0,0,0,0,0,0,0,0,0,0,0,0,0,0,0,0,0,0,1,1,1,False
1,602556,-10,48907,1,689037,-1,37557,-0,002654806,0,9902614,-0,001197969,-0,1391898,0,0,0,0,0,0,0,0,0,0,0,0,0,0,0,0,0,0,0,0,0,0,1,1,1,False
1,616948,-10,48907,1,689037,-1,37557,-0,002654806,0,9902614,-0,001197969,-0,1391898,0,0,0,0,0,0,0,0,0,0,0,0,0,0,0,0,0,0,0,0,0,0,1,1,1,False
1,630053,-10,48907,1,689037,-1,37557,-0,002654806,0,9902614,-0,001197969,-0,1391898,0,0,0,0,0,0,0,0,0,0,0,0,0,0,0,0,0,0,0,0,0,0,1,1,1,False
1,644237,-10,48907,1,689037,-1,37557,-0,002654806,0,9902614,-0,001197969,-0,1391898,0,0,0,0,0,0,0,0,0,0,0,0,0,0,0,0,0,0,0,0,0,0,1,1,1,False
1,65814,-10,48907,1,689037,-1,37557,-0,002654806,0,9902614,-0,001197969,-0,1391898,0,0,0,0,0,0,0,0,0,0,0,0,0,0,0,0,0,0,0,0,0,0,1,1,1,False
1,671106,-10,48907,1,689037,-1,37557,-0,002654806,0,9902614,-0,001197969,-0,1391898,0,0,0,0,0,0,0,0,0,0,0,0,0,0,0,0,0,0,0,0,0,0,1,1,1,False
1,688224,-10,48907,1,689037,-1,37557,-0,002654806,0,9902614,-0,001197969,-0,1391898,0,0,0,0,0,0,0,0,0,0,0,0,0,0,0,0,0,0,0,0,0,0,1,1,1,False
1,701771,-10,48907,1,689037,-1,37557,-0,002654806,0,9902614,-0,001197969,-0,1391898,0,0,0,0,0,0,0,0,0,0,0,0,0,0,0,0,0,0,0,0,0,0,1,1,1,False
1,715497,-10,48907,1,689037,-1,37557,-0,002654806,0,9902614,-0,001197969,-0,1391898,0,0,0,0,0,0,0,0,0,0,0,0,0,0,0,0,0,0,0,0,0,0,1,1,1,False
1,728385,-10,48907,1,689037,-1,37557,-0,002654806,0,9902614,-0,001197969,-0,1391898,0,0,0,0,0,0,0,0,0,0,0,0,0,0,0,0,0,0,0,0,0,0,1,1,1,False
1,741953,-10,48907,1,689037,-1,37557,-0,002654806,0,9902614,-0,001197969,-0,1391898,0,0,0,0,0,0,0,0,0,0,0,0,0,0,0,0,0,0,0,0,0,0,1,1,1,False
1,755226,-10,48907,1,689037,-1,37557,-0,002654806,0,9902614,-0,001197969,-0,1391898,0,0,0,0,0,0,0,0,0,0,0,0,0,0,0,0,0,0,0,0,0,0,1,1,1,False
1,768237,-10,48907,1,689037,-1,37557,-0,002654806,0,9902614,-0,001197969,-0,1391898,0,0,0,0,0,0,0,0,0,0,0,0,0,0,0,0,0,0,0,0,0,0,1,1,1,False
1,781316,-10,48907,1,689037,-1,37557,-0,002654806,0,9902614,-0,001197969,-0,1391898,0,0,0,0,0,0,0,0,0,0,0,0,0,0,0,0,0,0,0,0,0,0,1,1,1,False
1,794615,-10,48907,1,689037,-1,37557,-0,002654806,0,9902614,-0,001197969,-0,1391898,0,0,0,0,0,0,0,0,0,0,0,0,0,0,0,0,0,0,0,0,0,0,1,1,1,False
1,807347,-10,48907,1,689037,-1,37557,-0,002654806,0,9902614,-0,001197969,-0,1391898,0,0,0,0,0,0,0,0,0,0,0,0,0,0,0,0,0,0,0,0,0,0,1,1,1,False
1,820885,-10,48907,1,689037,-1,37557,-0,002654806,0,9902614,-0,001197969,-0,1391898,0,0,0,0,0,0,0,0,0,0,0,0,0,0,0,0,0,0,0,0,0,0,1,1,1,False
1,834436,-10,48907,1,689037,-1,37557,-0,002654806,0,9902614,-0,001197969,-0,1391898,0,0,0,0,0,0,0,0,0,0,0,0,0,0,0,0,0,0,0,0,0,0,1,1,1,False
1,847328,-10,48907,1,689037,-1,37557,-0,002654806,0,9902614,-0,001197969,-0,1391898,0,0,0,0,0,0,0,0,0,0,0,0,0,0,0,0,0,0,0,0,0,0,1,1,1,False
1,861006,-10,48907,1,689037,-1,37557,-0,002654806,0,9902614,-0,001197969,-0,1391898,0,0,0,0,0,0,0,0,0,0,0,0,0,0,0,0,0,0,0,0,0,0,1,1,1,False
1,874654,-10,48907,1,689037,-1,37557,-0,002654806,0,9902614,-0,001197969,-0,1391898,0,0,0,0,0,0,0,0,0,0,0,0,0,0,0,0,0,0,0,0,0,0,1,1,1,False
1,887523,-10,48907,1,689037,-1,37557,-0,002654806,0,9902614,-0,001197969,-0,1391898,0,0,0,0,0,0,0,0,0,0,0,0,0,0,0,0,0,0,0,0,0,0,1,1,1,False
1,901144,-10,48907,1,689037,-1,37557,-0,002654806,0,9902614,-0,001197969,-0,1391898,0,0,0,0,0,0,0,0,0,0,0,0,0,0,0,0,0,0,0,0,0,0,1,1,1,False
1,914519,-10,48907,1,689037,-1,37557,-0,002654806,0,9902614,-0,001197969,-0,1391898,0,0,0,0,0,0,0,0,0,0,0,0,0,0,0,0,0,0,0,0,0,0,1,1,1,False
1,927332,-10,48907,1,689037,-1,37557,-0,002654806,0,9902614,-0,001197969,-0,1391898,0,0,0,0,0,0,0,0,0,0,0,0,0,0,0,0,0,0,0,0,0,0,1,1,1,False
1,941093,-10,48907,1,689037,-1,37557,-0,002654806,0,9902614,-0,001197969,-0,1391898,0,0,0,0,0,0,0,0,0,0,0,0,0,0,0,0,0,0,0,0,0,0,1,1,1,False
1,954905,-10,48907,1,689037,-1,37557,-0,002654806,0,9902614,-0,001197969,-0,1391898,0,0,0,0,0,0,0,0,0,0,0,0,0,0,0,0,0,0,0,0,0,0,1,1,1,False
1,967999,-10,48907,1,689037,-1,37557,-0,002654806,0,9902614,-0,001197969,-0,1391898,0,0,0,0,0,0,0,0,0,0,0,0,0,0,0,0,0,0,0,0,0,0,1,1,1,False
1,981686,-10,48907,1,689037,-1,37557,-0,002654806,0,9902614,-0,001197969,-0,1391898,0,0,0,0,0,0,0,0,0,0,0,0,0,0,0,0,0,0,0,0,0,0,1,1,1,False
1,995798,-10,48907,1,689037,-1,37557,-0,002654806,0,9902614,-0,001197969,-0,1391898,0,0,0,0,0,0,0,0,0,0,0,0,0,0,0,0,0,0,0,0,0,0,1,1,1,False
2,008882,-10,48907,1,689037,-1,37557,-0,002654806,0,9902614,-0,001197969,-0,1391898,0,0,0,0,0,0,0,0,0,0,0,0,0,0,0,0,0,0,0,0,0,0,1,1,1,False
2,022719,-10,48907,1,689037,-1,37557,-0,002654806,0,9902614,-0,001197969,-0,1391898,0,0,0,0,0,0,0,0,0,0,0,0,0,0,0,0,0,0,0,0,0,0,1,1,1,False
2,037168,-10,48907,1,689037,-1,37557,-0,002654806,0,9902614,-0,001197969,-0,1391898,0,0,0,0,0,0,0,0,0,0,0,0,0,0,0,0,0,0,0,0,0,0,1,1,1,False
2,050436,-10,48907,1,689037,-1,37557,-0,002654806,0,9902614,-0,001197969,-0,1391898,0,0,0,0,0,0,0,0,0,0,0,0,0,0,0,0,0,0,0,0,0,0,1,1,1,False
2,064339,-10,48907,1,689037,-1,37557,-0,002654806,0,9902614,-0,001197969,-0,1391898,0,0,0,0,0,0,0,0,0,0,0,0,0,0,0,0,0,0,0,0,0,0,1,1,1,False
2,07831,-10,48907,1,689037,-1,37557,-0,002654806,0,9902614,-0,001197969,-0,1391898,0,0,0,0,0,0,0,0,0,0,0,0,0,0,0,0,0,0,0,0,0,0,1,1,1,False
2,09165,-10,48907,1,689037,-1,37557,-0,002654806,0,9902614,-0,001197969,-0,1391898,0,0,0,0,0,0,0,0,0,0,0,0,0,0,0,0,0,0,0,0,0,0,1,1,1,False
2,105974,-10,48907,1,689037,-1,37557,-0,002654806,0,9902614,-0,001197969,-0,1391898,0,0,0,0,0,0,0,0,0,0,0,0,0,0,0,0,0,0,0,0,0,0,1,1,1,False
2,119678,-10,48907,1,689037,-1,37557,-0,002654806,0,9902614,-0,001197969,-0,1391898,0,0,0,0,0,0,0,0,0,0,0,0,0,0,0,0,0,0,0,0,0,0,1,1,1,False
2,132925,-10,48907,1,689037,-1,37557,-0,002654806,0,9902614,-0,001197969,-0,1391898,0,0,0,0,0,0,0,0,0,0,0,0,0,0,0,0,0,0,0,0,0,0,1,1,1,False
2,146014,-10,48907,1,689037,-1,37557,-0,002654806,0,9902614,-0,001197969,-0,1391898,0,0,0,0,0,0,0,0,0,0,0,0,0,0,0,0,0,0,0,0,0,0,1,1,1,False
2,159378,-10,48907,1,689037,-1,37557,-0,002654806,0,9902614,-0,001197969,-0,1391898,0,0,0,0,0,0,0,0,0,0,0,0,0,0,0,0,0,0,0,0,0,0,1,1,1,False
2,171817,-10,48907,1,689037,-1,37557,-0,002654806,0,9902614,-0,001197969,-0,1391898,0,0,0,0,0,0,0,0,0,0,0,0,0,0,0,0,0,0,0,0,0,0,1,1,1,False
2,185089,-10,48907,1,689037,-1,37557,-0,002654806,0,9902614,-0,001197969,-0,1391898,0,0,0,0,0,0,0,0,0,0,0,0,0,0,0,0,0,0,0,0,0,0,1,1,1,False
2,214321,-10,48907,1,689037,-1,37557,-0,002654806,0,9902614,-0,001197969,-0,1391898,0,0,0,0,0,0,0,0,0,0,0,0,0,0,0,0,0,0,0,0,0,0,1,1,1,False
2,237673,-10,48907,1,689037,-1,37557,-0,002654806,0,9902614,-0,001197969,-0,1391898,0,0,0,0,0,0,0,0,0,0,0,0,0,0,0,0,0,0,0,0,0,0,1,1,1,False
2,256028,-10,48907,1,689037,-1,37557,-0,002654806,0,9902614,-0,001197969,-0,1391898,0,0,0,0,0,0,0,0,0,0,0,0,0,0,0,0,0,0,0,0,0,0,1,1,1,False
2,270285,-10,48907,1,689037,-1,37557,-0,002654806,0,9902614,-0,001197969,-0,1391898,0,0,0,0,0,0,0,0,0,0,0,0,0,0,0,0,0,0,0,0,0,0,1,1,1,False
2,284864,-10,48907,1,689037,-1,37557,-0,002654806,0,9902614,-0,001197969,-0,1391898,0,0,0,0,0,0,0,0,0,0,0,0,0,0,0,0,0,0,0,0,0,0,1,1,1,False
2,2994,-10,48907,1,689037,-1,37557,-0,002654806,0,9902614,-0,001197969,-0,1391898,0,0,0,0,0,0,0,0,0,0,0,0,0,0,0,0,0,0,0,0,0,0,1,1,1,False
2,31283,-10,48907,1,689037,-1,37557,-0,002654806,0,9902614,-0,001197969,-0,1391898,0,0,0,0,0,0,0,0,0,0,0,0,0,0,0,0,0,0,0,0,0,0,1,1,1,False
2,327361,-10,48907,1,689037,-1,37557,-0,002654806,0,9902614,-0,001197969,-0,1391898,0,0,0,0,0,0,0,0,0,0,0,0,0,0,0,0,0,0,0,0,0,0,1,1,1,False
2,342322,-10,48907,1,689037,-1,37557,-0,002654806,0,9902614,-0,001197969,-0,1391898,0,0,0,0,0,0,0,0,0,0,0,0,0,0,0,0,0,0,0,0,0,0,1,1,1,False
2,357366,-10,48907,1,689037,-1,37557,-0,002654806,0,9902614,-0,001197969,-0,1391898,0,0,0,0,0,0,0,0,0,0,0,0,0,0,0,0,0,0,0,0,0,0,1,1,1,False
2,371744,-10,48907,1,689037,-1,37557,-0,002654806,0,9902614,-0,001197969,-0,1391898,0,0,0,0,0,0,0,0,0,0,0,0,0,0,0,0,0,0,0,0,0,0,1,1,1,False
2,387006,-10,48907,1,689037,-1,37557,-0,002654806,0,9902614,-0,001197969,-0,1391898,0,0,0,0,0,0,0,0,0,0,0,0,0,0,0,0,0,0,0,0,0,0,1,1,1,False
2,402057,-10,48907,1,689037,-1,37557,-0,002654806,0,9902614,-0,001197969,-0,1391898,0,0,0,0,0,0,0,0,0,0,0,0,0,0,0,0,0,0,0,0,0,0,1,1,1,False
2,417468,-10,48907,1,689037,-1,37557,-0,002654806,0,9902614,-0,001197969,-0,1391898,0,0,0,0,0,0,0,0,0,0,0,0,0,0,0,0,0,0,0,0,0,0,1,1,1,False
2,432053,-10,48907,1,689037,-1,37557,-0,002654806,0,9902614,-0,001197969,-0,1391898,0,0,0,0,0,0,0,0,0,0,0,0,0,0,0,0,0,0,0,0,0,0,1,1,1,False
2,447353,-10,48907,1,689037,-1,37557,-0,002654806,0,9902614,-0,001197969,-0,1391898,0,0,0,0,0,0,0,0,0,0,0,0,0,0,0,0,0,0,0,0,0,0,1,1,1,False
2,462565,-10,48907,1,689037,-1,37557,-0,002654806,0,9902614,-0,001197969,-0,1391898,0,0,0,0,0,0,0,0,0,0,0,0,0,0,0,0,0,0,0,0,0,0,1,1,1,False
2,47805,-10,48907,1,689037,-1,37557,-0,002654806,0,9902614,-0,001197969,-0,1391898,0,0,0,0,0,0,0,0,0,0,0,0,0,0,0,0,0,0,0,0,0,0,1,1,1,False
2,493057,-10,48907,1,689037,-1,37557,-0,002654806,0,9902614,-0,001197969,-0,1391898,0,0,0,0,0,0,0,0,0,0,0,0,0,0,0,0,0,0,0,0,0,0,1,1,1,False
2,508714,-10,48907,1,689037,-1,37557,-0,002654806,0,9902614,-0,001197969,-0,1391898,0,0,0,0,0,0,0,0,0,0,0,0,0,0,0,0,0,0,0,0,0,0,1,1,1,False
2,524208,-10,48907,1,689037,-1,37557,-0,002654806,0,9902614,-0,001197969,-0,1391898,0,0,0,0,0,0,0,0,0,0,0,0,0,0,0,0,0,0,0,0,0,0,1,1,1,False
2,539779,-10,48907,1,689037,-1,37557,-0,002654806,0,9902614,-0,001197969,-0,1391898,0,0,0,0,0,0,0,0,0,0,0,0,0,0,0,0,0,0,0,0,0,0,1,1,1,False
2,554777,-10,48907,1,689037,-1,37557,-0,002654806,0,9902614,-0,001197969,-0,1391898,0,0,0,0,0,0,0,0,0,0,0,0,0,0,0,0,0,0,0,0,0,0,1,1,1,False
2,570412,-10,48907,1,689037,-1,37557,-0,002654806,0,9902614,-0,001197969,-0,1391898,0,0,0,0,0,0,0,0,0,0,0,0,0,0,0,0,0,0,0,0,0,0,1,1,1,False
2,586545,-10,48907,1,689037,-1,37557,-0,002654806,0,9902614,-0,001197969,-0,1391898,0,0,0,0,0,0,0,0,0,0,0,0,0,0,0,0,0,0,0,0,0,0,1,1,1,False
2,602093,-10,48907,1,689037,-1,37557,-0,002654806,0,9902614,-0,001197969,-0,1391898,0,0,0,0,0,0,0,0,0,0,0,0,0,0,0,0,0,0,0,0,0,0,1,1,1,False
2,617589,-10,48907,1,689037,-1,37557,-0,002654806,0,9902614,-0,001197969,-0,1391898,0,0,0,0,0,0,0,0,0,0,0,0,0,0,0,0,0,0,0,0,0,0,1,1,1,False
2,6325,-10,48907,1,689037,-1,37557,-0,002654806,0,9902614,-0,001197969,-0,1391898,0,0,0,0,0,0,0,0,0,0,0,0,0,0,0,0,0,0,0,0,0,0,1,1,1,False
2,648027,-10,48907,1,689037,-1,37557,-0,002654806,0,9902614,-0,001197969,-0,1391898,0,0,0,0,0,0,0,0,0,0,0,0,0,0,0,0,0,0,0,0,0,0,1,1,1,False
2,663336,-10,48907,1,689037,-1,37557,-0,002654806,0,9902614,-0,001197969,-0,1391898,0,0,0,0,0,0,0,0,0,0,0,0,0,0,0,0,0,0,0,0,0,0,1,1,1,False
2,678679,-10,48907,1,689037,-1,37557,-0,002654806,0,9902614,-0,001197969,-0,1391898,0,0,0,0,0,0,0,0,0,0,0,0,0,0,0,0,0,0,0,0,0,0,1,1,1,False
2,693276,-10,48907,1,689037,-1,37557,-0,002654806,0,9902614,-0,001197969,-0,1391898,0,0,0,0,0,0,0,0,0,0,0,0,0,0,0,0,0,0,0,0,0,0,1,1,1,False
2,708593,-10,48907,1,689037,-1,37557,-0,002654806,0,9902614,-0,001197969,-0,1391898,0,0,0,0,0,0,0,0,0,0,0,0,0,0,0,0,0,0,0,0,0,0,1,1,1,False
2,723718,-10,48907,1,689037,-1,37557,-0,002654806,0,9902614,-0,001197969,-0,1391898,0,0,0,0,0,0,0,0,0,0,0,0,0,0,0,0,0,0,0,0,0,0,1,1,1,False
2,738772,-10,48907,1,689037,-1,37557,-0,002654806,0,9902614,-0,001197969,-0,1391898,0,0,0,0,0,0,0,0,0,0,0,0,0,0,0,0,0,0,0,0,0,0,1,1,1,False
2,752714,-10,48907,1,689037,-1,37557,-0,002654806,0,9902614,-0,001197969,-0,1391898,0,0,0,0,0,0,0,0,0,0,0,0,0,0,0,0,0,0,0,0,0,0,1,1,1,False
2,767564,-10,48907,1,689037,-1,37557,-0,002654806,0,9902614,-0,001197969,-0,1391898,0,0,0,0,0,0,0,0,0,0,0,0,0,0,0,0,0,0,0,0,0,0,1,1,1,False
2,782123,-10,48907,1,689037,-1,37557,-0,002654806,0,9902614,-0,001197969,-0,1391898,0,0,0,0,0,0,0,0,0,0,0,0,0,0,0,0,0,0,0,0,0,0,1,1,1,False
2,796257,-10,48907,1,689037,-1,37557,-0,002654806,0,9902614,-0,001197969,-0,1391898,0,0,0,0,0,0,0,0,0,0,0,0,0,0,0,0,0,0,0,0,0,0,1,1,1,False
2,809548,-10,48907,1,689037,-1,37557,-0,002654806,0,9902614,-0,001197969,-0,1391898,0,0,0,0,0,0,0,0,0,0,0,0,0,0,0,0,0,0,0,0,0,0,1,1,1,False
2,823887,-10,48907,1,689037,-1,37557,-0,002654806,0,9902614,-0,001197969,-0,1391898,0,0,0,0,0,0,0,0,0,0,0,0,0,0,0,0,0,0,0,0,0,0,1,1,1,False
2,838253,-10,48907,1,689037,-1,37557,-0,002654806,0,9902614,-0,001197969,-0,1391898,0,0,0,0,0,0,0,0,0,0,0,0,0,0,0,0,0,0,0,0,0,0,1,1,1,False
2,851397,-10,48907,1,689037,-1,37557,-0,002654806,0,9902614,-0,001197969,-0,1391898,0,0,0,0,0,0,0,0,0,0,0,0,0,0,0,0,0,0,0,0,0,0,1,1,1,False
2,865097,-10,48907,1,689037,-1,37557,-0,002654806,0,9902614,-0,001197969,-0,1391898,0,0,0,0,0,0,0,0,0,0,0,0,0,0,0,0,0,0,0,0,0,0,1,1,1,False
2,879025,-10,48907,1,689037,-1,37557,-0,002654806,0,9902614,-0,001197969,-0,1391898,0,0,0,0,0,0,0,0,0,0,0,0,0,0,0,0,0,0,0,0,0,0,1,1,1,False
2,892055,-10,48907,1,689037,-1,37557,-0,002654806,0,9902614,-0,001197969,-0,1391898,0,0,0,0,0,0,0,0,0,0,0,0,0,0,0,0,0,0,0,0,0,0,1,1,1,False
2,906021,-10,48907,1,689037,-1,37557,-0,002654806,0,9902614,-0,001197969,-0,1391898,0,0,0,0,0,0,0,0,0,0,0,0,0,0,0,0,0,0,0,0,0,0,1,1,1,False
2,919717,-10,48907,1,689037,-1,37557,-0,002654806,0,9902614,-0,001197969,-0,1391898,0,0,0,0,0,0,0,0,0,0,0,0,0,0,0,0,0,0,0,0,0,0,1,1,1,False
2,93744,-10,48907,1,689037,-1,37557,-0,002654806,0,9902614,-0,001197969,-0,1391898,0,0,0,0,0,0,0,0,0,0,0,0,0,0,0,0,0,0,0,0,0,0,1,1,1,False
2,953223,-10,48907,1,689037,-1,37557,-0,002654806,0,9902614,-0,001197969,-0,1391898,0,0,0,0,0,0,0,0,0,0,0,0,0,0,0,0,0,0,0,0,0,0,1,1,1,False
2,967994,-10,48907,1,689037,-1,37557,-0,002654806,0,9902614,-0,001197969,-0,1391898,0,0,0,0,0,0,0,0,0,0,0,0,0,0,0,0,0,0,0,0,0,0,1,1,1,False
2,982377,-10,48907,1,689037,-1,37557,-0,002654806,0,9902614,-0,001197969,-0,1391898,0,0,0,0,0,0,0,0,0,0,0,0,0,0,0,0,0,0,0,0,0,0,1,1,1,False
2,996895,-10,48907,1,689037,-1,37557,-0,002654806,0,9902614,-0,001197969,-0,1391898,0,0,0,0,0,0,0,0,0,0,0,0,0,0,0,0,0,0,0,0,0,0,1,1,1,False
3,010674,-10,48907,1,689037,-1,37557,-0,002654806,0,9902614,-0,001197969,-0,1391898,0,0,0,0,0,0,0,0,0,0,0,0,0,0,0,0,0,0,0,0,0,0,1,1,1,False
3,025074,-10,48907,1,689037,-1,37557,-0,002654806,0,9902614,-0,001197969,-0,1391898,0,0,0,0,0,0,0,0,0,0,0,0,0,0,0,0,0,0,0,0,0,0,1,1,1,False
3,03952,-10,48907,1,689037,-1,37557,-0,002654806,0,9902614,-0,001197969,-0,1391898,0,0,0,0,0,0,0,0,0,0,0,0,0,0,0,0,0,0,0,0,0,0,1,1,1,False
3,052793,-10,48907,1,689037,-1,37557,-0,002654806,0,9902614,-0,001197969,-0,1391898,0,0,0,0,0,0,0,0,0,0,0,0,0,0,0,0,0,0,0,0,0,0,1,1,1,False
3,066818,-10,48907,1,689037,-1,37557,-0,002654806,0,9902614,-0,001197969,-0,1391898,0,0,0,0,0,0,0,0,0,0,0,0,0,0,0,0,0,0,0,0,0,0,1,1,1,False
3,081018,-10,48907,1,689037,-1,37557,-0,002654806,0,9902614,-0,001197969,-0,1391898,0,0,0,0,0,0,0,0,0,0,0,0,0,0,0,0,0,0,0,0,0,0,1,1,1,False
3,095127,-10,48907,1,689037,-1,37557,-0,002654806,0,9902614,-0,001197969,-0,1391898,0,0,0,0,0,0,0,0,0,0,0,0,0,0,0,0,0,0,0,0,0,0,1,1,1,False
3,108664,-10,48907,1,689037,-1,37557,-0,002654806,0,9902614,-0,001197969,-0,1391898,0,0,0,0,0,0,0,0,0,0,0,0,0,0,0,0,0,0,0,0,0,0,1,1,1,False
3,122906,-10,48907,1,689037,-1,37557,-0,002654806,0,9902614,-0,001197969,-0,1391898,0,0,0,0,0,0,0,0,0,0,0,0,0,0,0,0,0,0,0,0,0,0,1,1,1,False
3,140497,-10,48907,1,689037,-1,37557,-0,002654806,0,9902614,-0,001197969,-0,1391898,0,0,0,0,0,0,0,0,0,0,0,0,0,0,0,0,0,0,0,0,0,0,1,1,1,False
3,15484,-10,48907,1,689037,-1,37557,-0,002654806,0,9902614,-0,001197969,-0,1391898,0,0,0,0,0,0,0,0,0,0,0,0,0,0,0,0,0,0,0,0,0,0,1,1,1,False
3,168146,-10,48907,1,689037,-1,37557,-0,002654806,0,9902614,-0,001197969,-0,1391898,0,0,0,0,0,0,0,0,0,0,0,0,0,0,0,0,0,0,0,0,0,0,1,1,1,False
3,182304,-10,48907,1,689037,-1,37557,-0,002654806,0,9902614,-0,001197969,-0,1391898,0,0,0,0,0,0,0,0,0,0,0,0,0,0,0,0,0,0,0,0,0,0,1,1,1,False
3,196605,-10,48907,1,689037,-1,37557,-0,002654806,0,9902614,-0,001197969,-0,1391898,0,0,0,0,0,0,0,0,0,0,0,0,0,0,0,0,0,0,0,0,0,0,1,1,1,False
3,210086,-10,48907,1,689037,-1,37557,-0,002654806,0,9902614,-0,001197969,-0,1391898,0,0,0,0,0,0,0,0,0,0,0,0,0,0,0,0,0,0,0,0,0,0,1,1,1,False
3,22435,-10,48907,1,689037,-1,37557,-0,002654806,0,9902614,-0,001197969,-0,1391898,0,0,0,0,0,0,0,0,0,0,0,0,0,0,0,0,0,0,0,0,0,0,1,1,1,False
3,238599,-10,48907,1,689037,-1,37557,-0,002654806,0,9902614,-0,001197969,-0,1391898,0,0,0,0,0,0,0,0,0,0,0,0,0,0,0,0,0,0,0,0,0,0,1,1,1,False
3,25107,-10,48907,1,689037,-1,37557,-0,002654806,0,9902614,-0,001197969,-0,1391898,0,0,0,0,0,0,0,0,0,0,0,0,0,0,0,0,0,0,0,0,0,0,1,1,1,False
3,264526,-10,48907,1,689037,-1,37557,-0,002654806,0,9902614,-0,001197969,-0,1391898,0,0,0,0,0,0,0,0,0,0,0,0,0,0,0,0,0,0,0,0,0,0,1,1,1,False
3,277907,-10,48907,1,689037,-1,37557,-0,002654806,0,9902614,-0,001197969,-0,1391898,0,0,0,0,0,0,0,0,0,0,0,0,0,0,0,0,0,0,0,0,0,0,1,1,1,False
3,290683,-10,48907,1,689037,-1,37557,-0,002654806,0,9902614,-0,001197969,-0,1391898,0,0,0,0,0,0,0,0,0,0,0,0,0,0,0,0,0,0,0,0,0,0,1,1,1,False
3,304704,-10,48907,1,689037,-1,37557,-0,002654806,0,9902614,-0,001197969,-0,1391898,0,0,0,0,0,0,0,0,0,0,0,0,0,0,0,0,0,0,0,0,0,0,1,1,1,False
3,319295,-10,48907,1,689037,-1,37557,-0,002654806,0,9902614,-0,001197969,-0,1391898,0,0,0,0,0,0,0,0,0,0,0,0,0,0,0,0,0,0,0,0,0,0,1,1,1,False
3,332826,-10,48907,1,689037,-1,37557,-0,002654806,0,9902614,-0,001197969,-0,1391898,0,0,0,0,0,0,0,0,0,0,0,0,0,0,0,0,0,0,0,0,0,0,1,1,1,False
3,347213,-10,48907,1,689037,-1,37557,-0,002654806,0,9902614,-0,001197969,-0,1391898,0,0,0,0,0,0,0,0,0,0,0,0,0,0,0,0,0,0,0,0,0,0,1,1,1,False
3,361466,-10,48907,1,689037,-1,37557,-0,002654806,0,9902614,-0,001197969,-0,1391898,0,0,0,0,0,0,0,0,0,0,0,0,0,0,0,0,0,0,0,0,0,0,1,1,1,False
3,375703,-10,48907,1,689037,-1,37557,-0,002654806,0,9902614,-0,001197969,-0,1391898,0,0,0,0,0,0,0,0,0,0,0,0,0,0,0,0,0,0,0,0,0,0,1,1,1,False
3,389275,-10,48907,1,689037,-1,37557,-0,002654806,0,9902614,-0,001197969,-0,1391898,0,0,0,0,0,0,0,0,0,0,0,0,0,0,0,0,0,0,0,0,0,0,1,1,1,False
3,403634,-10,48907,1,689037,-1,37557,-0,002654806,0,9902614,-0,001197969,-0,1391898,0,0,0,0,0,0,0,0,0,0,0,0,0,0,0,0,0,0,0,0,0,0,1,1,1,False
3,417653,-10,48907,1,689037,-1,37557,-0,002654806,0,9902614,-0,001197969,-0,1391898,0,0,0,0,0,0,0,0,0,0,0,0,0,0,0,0,0,0,0,0,0,0,1,1,1,False
3,430982,-10,48907,1,689037,-1,37557,-0,002654806,0,9902614,-0,001197969,-0,1391898,0,0,0,0,0,0,0,0,0,0,0,0,0,0,0,0,0,0,0,0,0,0,1,1,1,False
3,445033,-10,48907,1,689037,-1,37557,-0,002654806,0,9902614,-0,001197969,-0,1391898,0,0,0,0,0,0,0,0,0,0,0,0,0,0,0,0,0,0,0,0,0,0,1,1,1,False
3,459534,-10,48907,1,689037,-1,37557,-0,002654806,0,9902614,-0,001197969,-0,1391898,0,0,0,0,0,0,0,0,0,0,0,0,0,0,0,0,0,0,0,0,0,0,1,1,1,False
3,472974,-10,48907,1,689037,-1,37557,-0,002654806,0,9902614,-0,001197969,-0,1391898,0,0,0,0,0,0,0,0,0,0,0,0,0,0,0,0,0,0,0,0,0,0,1,1,1,False
3,487234,-10,48907,1,689037,-1,37557,-0,002654806,0,9902614,-0,001197969,-0,1391898,0,0,0,0,0,0,0,0,0,0,0,0,0,0,0,0,0,0,0,0,0,0,1,1,1,False
3,501362,-10,48907,1,689037,-1,37557,-0,002654806,0,9902614,-0,001197969,-0,1391898,0,0,0,0,0,0,0,0,0,0,0,0,0,0,0,0,0,0,0,0,0,0,1,1,1,False
3,515501,-10,48907,1,689037,-1,37557,-0,002654806,0,9902614,-0,001197969,-0,1391898,0,0,0,0,0,0,0,0,0,0,0,0,0,0,0,0,0,0,0,0,0,0,1,1,1,False
3,528726,-10,48907,1,689037,-1,37557,-0,002654806,0,9902614,-0,001197969,-0,1391898,0,0,0,0,0,0,0,0,0,0,0,0,0,0,0,0,0,0,0,0,0,0,1,1,1,False
3,542982,-10,48907,1,689037,-1,37557,-0,002654806,0,9902614,-0,001197969,-0,1391898,0,0,0,0,0,0,0,0,0,0,0,0,0,0,0,0,0,0,0,0,0,0,1,1,1,False
3,557291,-10,48907,1,689037,-1,37557,-0,002654806,0,9902614,-0,001197969,-0,1391898,0,0,0,0,0,0,0,0,0,0,0,0,0,0,0,0,0,0,0,0,0,0,1,1,1,False
3,571253,-10,48907,1,689037,-1,37557,-0,002654806,0,9902614,-0,001197969,-0,1391898,0,0,0,0,0,0,0,0,0,0,0,0,0,0,0,0,0,0,0,0,0,0,1,1,1,False
3,585797,-10,48907,1,689037,-1,37557,-0,002654806,0,9902614,-0,001197969,-0,1391898,0,0,0,0,0,0,0,0,0,0,0,0,0,0,0,0,0,0,0,0,0,0,1,1,1,False
3,600051,-10,48907,1,689037,-1,37557,-0,002654806,0,9902614,-0,001197969,-0,1391898,0,0,0,0,0,0,0,0,0,0,0,0,0,0,0,0,0,0,0,0,0,0,1,1,1,False
3,614098,-10,48907,1,689037,-1,37557,-0,002654806,0,9902614,-0,001197969,-0,1391898,0,0,0,0,0,0,0,0,0,0,0,0,0,0,0,0,0,0,0,0,0,0,1,1,1,False
3,627489,-10,48907,1,689037,-1,37557,-0,002654806,0,9902614,-0,001197969,-0,1391898,0,0,0,0,0,0,0,0,0,0,0,0,0,0,0,0,0,0,0,0,0,0,1,1,1,False
3,641673,-10,48907,1,689037,-1,37557,-0,002654806,0,9902614,-0,001197969,-0,1391898,0,0,0,0,0,0,0,0,0,0,0,0,0,0,0,0,0,0,0,0,0,0,1,1,1,False
3,655231,-10,48907,1,689037,-1,37557,-0,002654806,0,9902614,-0,001197969,-0,1391898,0,0,0,0,0,0,0,0,0,0,0,0,0,0,0,0,0,0,0,0,0,0,1,1,1,False
3,668103,-10,48907,1,689037,-1,37557,-0,002654806,0,9902614,-0,001197969,-0,1391898,0,0,0,0,0,0,0,0,0,0,0,0,0,0,0,0,0,0,0,0,0,0,1,1,1,False
3,68405,-10,48907,1,689037,-1,37557,-0,002654806,0,9902614,-0,001197969,-0,1391898,0,0,0,0,0,0,0,0,0,0,0,0,0,0,0,0,0,0,0,0,0,0,1,1,1,False
3,700506,-10,48907,1,689037,-1,37557,-0,002654806,0,9902614,-0,001197969,-0,1391898,0,0,0,0,0,0,0,0,0,0,0,0,0,0,0,0,0,0,0,0,0,0,1,1,1,False
3,715849,-10,48907,1,689037,-1,37557,-0,002654806,0,9902614,-0,001197969,-0,1391898,0,0,0,0,0,0,0,0,0,0,0,0,0,0,0,0,0,0,0,0,0,0,1,1,1,False
3,737481,-10,48907,1,689037,-1,37557,-0,002654806,0,9902614,-0,001197969,-0,1391898,0,0,0,0,0,0,0,0,0,0,0,0,0,0,0,0,0,0,0,0,0,0,1,1,1,False
3,756862,-10,48907,1,689037,-1,37557,-0,002654806,0,9902614,-0,001197969,-0,1391898,0,0,0,0,0,0,0,0,0,0,0,0,0,0,0,0,0,0,0,0,0,0,1,1,1,False
3,786153,-10,48907,1,689037,-1,37557,-0,002654806,0,9902614,-0,001197969,-0,1391898,0,0,0,0,0,0,0,0,0,0,0,0,0,0,0,0,0,0,0,0,0,0,1,1,1,False
3,812951,-10,48907,1,689037,-1,37557,-0,002654806,0,9902614,-0,001197969,-0,1391898,0,0,0,0,0,0,0,0,0,0,0,0,0,0,0,0,0,0,0,0,0,0,1,1,1,False
3,828698,-10,48907,1,689037,-1,37557,-0,002654806,0,9902614,-0,001197969,-0,1391898,0,0,0,0,0,0,0,0,0,0,0,0,0,0,0,0,0,0,0,0,0,0,1,1,1,False
3,844327,-10,48907,1,689037,-1,37557,-0,002654806,0,9902614,-0,001197969,-0,1391898,0,0,0,0,0,0,0,0,0,0,0,0,0,0,0,0,0,0,0,0,0,0,1,1,1,False
3,859748,-10,48907,1,689037,-1,37557,-0,002654806,0,9902614,-0,001197969,-0,1391898,0,0,0,0,0,0,0,0,0,0,0,0,0,0,0,0,0,0,0,0,0,0,1,1,1,False
3,874689,-10,48907,1,689037,-1,37557,-0,002654806,0,9902614,-0,001197969,-0,1391898,0,0,0,0,0,0,0,0,0,0,0,0,0,0,0,0,0,0,0,0,0,0,1,1,1,False
3,890606,-10,48907,1,689037,-1,37557,-0,002654806,0,9902614,-0,001197969,-0,1391898,0,0,0,0,0,0,0,0,0,0,0,0,0,0,0,0,0,0,0,0,0,0,1,1,1,False
3,905196,-10,48907,1,689037,-1,37557,-0,002654806,0,9902614,-0,001197969,-0,1391898,0,0,0,0,0,0,0,0,0,0,0,0,0,0,0,0,0,0,0,0,0,0,1,1,1,False
3,919597,-10,48907,1,689037,-1,37557,-0,002654806,0,9902614,-0,001197969,-0,1391898,0,0,0,0,0,0,0,0,0,0,0,0,0,0,0,0,0,0,0,0,0,0,1,1,1,False
3,933156,-10,48907,1,689037,-1,37557,-0,002654806,0,9902614,-0,001197969,-0,1391898,0,0,0,0,0,0,0,0,0,0,0,0,0,0,0,0,0,0,0,0,0,0,1,1,1,False
3,947651,-10,48907,1,689037,-1,37557,-0,002654806,0,9902614,-0,001197969,-0,1391898,0,0,0,0,0,0,0,0,0,0,0,0,0,0,0,0,0,0,0,0,0,0,1,1,1,False
3,971627,-10,48907,1,689037,-1,37557,-0,002654806,0,9902614,-0,001197969,-0,1391898,0,0,0,0,0,0,0,0,0,0,0,0,0,0,0,0,0,0,0,0,0,0,1,1,1,False
3,986494,-10,48907,1,689037,-1,37557,-0,002654806,0,9902614,-0,001197969,-0,1391898,0,0,0,0,0,0,0,0,0,0,0,0,0,0,0,0,0,0,0,0,0,0,1,1,1,False
4,001092,-10,48907,1,689037,-1,37557,-0,002654806,0,9902614,-0,001197969,-0,1391898,0,0,0,0,0,0,0,0,0,0,0,0,0,0,0,0,0,0,0,0,0,0,1,1,1,False
4,015774,-10,48907,1,689037,-1,37557,-0,002654806,0,9902614,-0,001197969,-0,1391898,0,0,0,0,0,0,0,0,0,0,0,0,0,0,0,0,0,0,0,0,0,0,1,1,1,False
4,029403,-10,48907,1,689037,-1,37557,-0,002654806,0,9902614,-0,001197969,-0,1391898,0,0,0,0,0,0,0,0,0,0,0,0,0,0,0,0,0,0,0,0,0,0,1,1,1,False
4,043747,-10,48907,1,689037,-1,37557,-0,002654806,0,9902614,-0,001197969,-0,1391898,0,0,0,0,0,0,0,0,0,0,0,0,0,0,0,0,0,0,0,0,0,0,1,1,1,False
4,057989,-10,48907,1,689037,-1,37557,-0,002654806,0,9902614,-0,001197969,-0,1391898,0,0,0,0,0,0,0,0,0,0,0,0,0,0,0,0,0,0,0,0,0,0,1,1,1,False
4,071644,-10,48907,1,689037,-1,37557,-0,002654806,0,9902614,-0,001197969,-0,1391898,0,0,0,0,0,0,0,0,0,0,0,0,0,0,0,0,0,0,0,0,0,0,1,1,1,False
4,085998,-10,48907,1,689037,-1,37557,-0,002654806,0,9902614,-0,001197969,-0,1391898,0,0,0,0,0,0,0,0,0,0,0,0,0,0,0,0,0,0,0,0,0,0,1,1,1,False
4,100686,-10,48907,1,689037,-1,37557,-0,002654806,0,9902614,-0,001197969,-0,1391898,0,0,0,0,0,0,0,0,0,0,0,0,0,0,0,0,0,0,0,0,0,0,1,1,1,False
4,125479,-10,48907,1,689037,-1,37557,-0,002654806,0,9902614,-0,001197969,-0,1391898,0,0,0,0,0,0,0,0,0,0,0,0,0,0,0,0,0,0,0,0,0,0,1,1,1,False
4,139608,-10,48907,1,689037,-1,37557,-0,002654806,0,9902614,-0,001197969,-0,1391898,0,0,0,0,0,0,0,0,0,0,0,0,0,0,0,0,0,0,0,0,0,0,1,1,1,False
4,153137,-10,48907,1,689037,-1,37557,-0,002654806,0,9902614,-0,001197969,-0,1391898,0,0,0,0,0,0,0,0,0,0,0,0,0,0,0,0,0,0,0,0,0,0,1,1,1,False
4,167419,-10,48907,1,689037,-1,37557,-0,002654806,0,9902614,-0,001197969,-0,1391898,0,0,0,0,0,0,0,0,0,0,0,0,0,0,0,0,0,0,0,0,0,0,1,1,1,False
4,181836,-10,48907,1,689037,-1,37557,-0,002654806,0,9902614,-0,001197969,-0,1391898,0,0,0,0,0,0,0,0,0,0,0,0,0,0,0,0,0,0,0,0,0,0,1,1,1,False
4,196479,-10,48907,1,689037,-1,37557,-0,002654806,0,9902614,-0,001197969,-0,1391898,0,0,0,0,0,0,0,0,0,0,0,0,0,0,0,0,0,0,0,0,0,0,1,1,1,False
4,210516,-10,48907,1,689037,-1,37557,-0,002654806,0,9902614,-0,001197969,-0,1391898,0,0,0,0,0,0,0,0,0,0,0,0,0,0,0,0,0,0,0,0,0,0,1,1,1,False
4,224761,-10,48907,1,689037,-1,37557,-0,002654806,0,9902614,-0,001197969,-0,1391898,0,0,0,0,0,0,0,0,0,0,0,0,0,0,0,0,0,0,0,0,0,0,1,1,1,False
4,239206,-10,48907,1,689037,-1,37557,-0,002654806,0,9902614,-0,001197969,-0,1391898,0,0,0,0,0,0,0,0,0,0,0,0,0,0,0,0,0,0,0,0,0,0,1,1,1,False
4,252833,-10,48907,1,689037,-1,37557,-0,002654806,0,9902614,-0,001197969,-0,1391898,0,0,0,0,0,0,0,0,0,0,0,0,0,0,0,0,0,0,0,0,0,0,1,1,1,False
4,277248,-10,48907,1,689037,-1,37557,-0,002654806,0,9902614,-0,001197969,-0,1391898,0,0,0,0,0,0,0,0,0,0,0,0,0,0,0,0,0,0,0,0,0,0,1,1,1,False
4,291492,-10,48907,1,689037,-1,37557,-0,002654806,0,9902614,-0,001197969,-0,1391898,0,0,0,0,0,0,0,0,0,0,0,0,0,0,0,0,0,0,0,0,0,0,1,1,1,False
4,30592,-10,48907,1,689037,-1,37557,-0,002654806,0,9902614,-0,001197969,-0,1391898,0,0,0,0,0,0,0,0,0,0,0,0,0,0,0,0,0,0,0,0,0,0,1,1,1,False
4,32044,-10,48907,1,689037,-1,37557,-0,002654806,0,9902614,-0,001197969,-0,1391898,0,0,0,0,0,0,0,0,0,0,0,0,0,0,0,0,0,0,0,0,0,0,1,1,1,False
4,335402,-10,48907,1,689037,-1,37557,-0,002654806,0,9902614,-0,001197969,-0,1391898,0,0,0,0,0,0,0,0,0,0,0,0,0,0,0,0,0,0,0,0,0,0,1,1,1,False
4,349118,-10,48907,1,689037,-1,37557,-0,002654806,0,9902614,-0,001197969,-0,1391898,0,0,0,0,0,0,0,0,0,0,0,0,0,0,0,0,0,0,0,0,0,0,1,1,1,False
4,363512,-10,48907,1,689037,-1,37557,-0,002654806,0,9902614,-0,001197969,-0,1391898,0,0,0,0,0,0,0,0,0,0,0,0,0,0,0,0,0,0,0,0,0,0,1,1,1,False
4,378043,-10,48907,1,689037,-1,37557,-0,002654806,0,9902614,-0,001197969,-0,1391898,0,0,0,0,0,0,0,0,0,0,0,0,0,0,0,0,0,0,0,0,0,0,1,1,1,False
4,391774,-10,48907,1,689037,-1,37557,-0,002654806,0,9902614,-0,001197969,-0,1391898,0,0,0,0,0,0,0,0,0,0,0,0,0,0,0,0,0,0,0,0,0,0,1,1,1,False
4,406622,-10,48907,1,689037,-1,37557,-0,002654806,0,9902614,-0,001197969,-0,1391898,0,0,0,0,0,0,0,0,0,0,0,0,0,0,0,0,0,0,0,0,0,0,1,1,1,False
4,43109,-10,48907,1,689037,-1,37557,-0,002654806,0,9902614,-0,001197969,-0,1391898,0,0,0,0,0,0,0,0,0,0,0,0,0,0,0,0,0,0,0,0,0,0,1,1,1,False
4,445317,-10,48907,1,689037,-1,37557,-0,002654806,0,9902614,-0,001197969,-0,1391898,0,0,0,0,0,0,0,0,0,0,0,0,0,0,0,0,0,0,0,0,0,0,1,1,1,False
4,45954,-10,48907,1,689037,-1,37557,-0,002654806,0,9902614,-0,001197969,-0,1391898,0,0,0,0,0,0,0,0,0,0,0,0,0,0,0,0,0,0,0,0,0,0,1,1,1,False
4,472986,-10,48907,1,689037,-1,37557,-0,002654806,0,9902614,-0,001197969,-0,1391898,0,0,0,0,0,0,0,0,0,0,0,0,0,0,0,0,0,0,0,0,0,0,1,1,1,False
4,487528,-10,48907,1,689037,-1,37557,-0,002654806,0,9902614,-0,001197969,-0,1391898,0,0,0,0,0,0,0,0,0,0,0,0,0,0,0,0,0,0,0,0,0,0,1,1,1,False
4,501859,-10,48907,1,689037,-1,37557,-0,002654806,0,9902614,-0,001197969,-0,1391898,0,0,0,0,0,0,0,0,0,0,0,0,0,0,0,0,0,0,0,0,0,0,1,1,1,False
4,516228,-10,48907,1,689037,-1,37557,-0,002654806,0,9902614,-0,001197969,-0,1391898,0,0,0,0,0,0,0,0,0,0,0,0,0,0,0,0,0,0,0,0,0,0,1,1,1,False
4,52956,-10,48907,1,689037,-1,37557,-0,002654806,0,9902614,-0,001197969,-0,1391898,0,0,0,0,0,0,0,0,0,0,0,0,0,0,0,0,0,0,0,0,0,0,1,1,1,False
4,543042,-10,48907,1,689037,-1,37557,-0,002654806,0,9902614,-0,001197969,-0,1391898,0,0,0,0,0,0,0,0,0,0,0,0,0,0,0,0,0,0,0,0,0,0,1,1,1,False
4,557244,-10,48907,1,689037,-1,37557,-0,002654806,0,9902614,-0,001197969,-0,1391898,0,0,0,0,0,0,0,0,0,0,0,0,0,0,0,0,0,0,0,0,0,0,1,1,1,False
4,582934,-10,48907,1,689037,-1,37557,-0,002654806,0,9902614,-0,001197969,-0,1391898,0,0,0,0,0,0,0,0,0,0,0,0,0,0,0,0,0,0,0,0,0,0,1,1,1,False
4,597439,-10,48907,1,689037,-1,37557,-0,002654806,0,9902614,-0,001197969,-0,1391898,0,0,0,0,0,0,0,0,0,0,0,0,0,0,0,0,0,0,0,0,0,0,1,1,1,False
4,611013,-10,48907,1,689037,-1,37557,-0,002654806,0,9902614,-0,001197969,-0,1391898,0,0,0,0,0,0,0,0,0,0,0,0,0,0,0,0,0,0,0,0,0,0,1,1,1,False
4,62552,-10,48907,1,689037,-1,37557,-0,002654806,0,9902614,-0,001197969,-0,1391898,0,0,0,0,0,0,0,0,0,0,0,0,0,0,0,0,0,0,0,0,0,0,1,1,1,False
4,63926,-10,48907,1,689037,-1,37557,-0,002654806,0,9902614,-0,001197969,-0,1391898,0,0,0,0,0,0,0,0,0,0,0,0,0,0,0,0,0,0,0,0,0,0,1,1,1,False
4,653262,-10,48907,1,689037,-1,37557,-0,002654806,0,9902614,-0,001197969,-0,1391898,0,0,0,0,0,0,0,0,0,0,0,0,0,0,0,0,0,0,0,0,0,0,1,1,1,False
4,666709,-10,48907,1,689037,-1,37557,-0,002654806,0,9902614,-0,001197969,-0,1391898,0,0,0,0,0,0,0,0,0,0,0,0,0,0,0,0,0,0,0,0,0,0,1,1,1,False
4,680381,-10,48907,1,689037,-1,37557,-0,002654806,0,9902614,-0,001197969,-0,1391898,0,0,0,0,0,0,0,0,0,0,0,0,0,0,0,0,0,0,0,0,0,0,1,1,1,False
4,693921,-10,48907,1,689037,-1,37557,-0,002654806,0,9902614,-0,001197969,-0,1391898,0,0,0,0,0,0,0,0,0,0,0,0,0,0,0,0,0,0,0,0,0,0,1,1,1,False
4,707254,-10,48907,1,689037,-1,37557,-0,002654806,0,9902614,-0,001197969,-0,1391898,0,0,0,0,0,0,0,0,0,0,0,0,0,0,0,0,0,0,0,0,0,0,1,1,1,False
4,731655,-10,48907,1,689037,-1,37557,-0,002654806,0,9902614,-0,001197969,-0,1391898,0,0,0,0,0,0,0,0,0,0,0,0,0,0,0,0,0,0,0,0,0,0,1,1,1,False
4,745731,-10,48907,1,689037,-1,37557,-0,002654806,0,9902614,-0,001197969,-0,1391898,0,0,0,0,0,0,0,0,0,0,0,0,0,0,0,0,0,0,0,0,0,0,1,1,1,False
4,759947,-10,48907,1,689037,-1,37557,-0,002654806,0,9902614,-0,001197969,-0,1391898,0,0,0,0,0,0,0,0,0,0,0,0,0,0,0,0,0,0,0,0,0,0,1,1,1,False
4,773134,-10,48907,1,689037,-1,37557,-0,002654806,0,9902614,-0,001197969,-0,1391898,0,0,0,0,0,0,0,0,0,0,0,0,0,0,0,0,0,0,0,0,0,0,1,1,1,False
4,787549,-10,48907,1,689037,-1,37557,-0,002654806,0,9902614,-0,001197969,-0,1391898,0,0,0,0,0,0,0,0,0,0,0,0,0,0,0,0,0,0,0,0,0,0,1,1,1,False
4,814226,-10,48907,1,689037,-1,37557,-0,002654806,0,9902614,-0,001197969,-0,1391898,0,0,0,0,0,0,0,0,0,0,0,0,0,0,0,0,0,0,0,0,0,0,1,1,1,False
4,828949,-10,48907,1,689037,-1,37557,-0,002654806,0,9902614,-0,001197969,-0,1391898,0,0,0,0,0,0,0,0,0,0,0,0,0,0,0,0,0,0,0,0,0,0,1,1,1,False
4,843412,-10,48907,1,689037,-1,37557,-0,002654806,0,9902614,-0,001197969,-0,1391898,0,0,0,0,0,0,0,0,0,0,0,0,0,0,0,0,0,0,0,0,0,0,1,1,1,False
4,857787,-10,48907,1,689037,-1,37557,-0,002654806,0,9902614,-0,001197969,-0,1391898,0,0,0,0,0,0,0,0,0,0,0,0,0,0,0,0,0,0,0,0,0,0,1,1,1,False
4,881621,-10,48907,1,689037,-1,37557,-0,002654806,0,9902614,-0,001197969,-0,1391898,0,0,0,0,0,0,0,0,0,0,0,0,0,0,0,0,0,0,0,0,0,0,1,1,1,False
4,896113,-10,48907,1,689037,-1,37557,-0,002654806,0,9902614,-0,001197969,-0,1391898,0,0,0,0,0,0,0,0,0,0,0,0,0,0,0,0,0,0,0,0,0,0,1,1,1,False
4,909539,-10,48907,1,689037,-1,37557,-0,002654806,0,9902614,-0,001197969,-0,1391898,0,0,0,0,0,0,0,0,0,0,0,0,0,0,0,0,0,0,0,0,0,0,1,1,1,False
4,924067,-10,48907,1,689037,-1,37557,-0,002654806,0,9902614,-0,001197969,-0,1391898,0,0,0,0,0,0,0,0,0,0,0,0,0,0,0,0,0,0,0,0,0,0,1,1,1,False
4,93839,-10,48907,1,689037,-1,37557,-0,002654806,0,9902614,-0,001197969,-0,1391898,0,0,0,0,0,0,0,0,0,0,0,0,0,0,0,0,0,0,0,0,0,0,1,1,1,False
4,95204,-10,48907,1,689037,-1,37557,-0,002654806,0,9902614,-0,001197969,-0,1391898,0,0,0,0,0,0,0,0,0,0,0,0,0,0,0,0,0,0,0,0,0,0,1,1,1,False
4,966298,-10,48907,1,689037,-1,37557,-0,002654806,0,9902614,-0,001197969,-0,1391898,0,0,0,0,0,0,0,0,0,0,0,0,0,0,0,0,0,0,0,0,0,0,1,1,1,False
4,980534,-10,48907,1,689037,-1,37557,-0,002654806,0,9902614,-0,001197969,-0,1391898,0,0,0,0,0,0,0,0,0,0,0,0,0,0,0,0,0,0,0,0,0,0,1,1,1,False
4,995111,-10,48907,1,689037,-1,37557,-0,002654806,0,9902614,-0,001197969,-0,1391898,0,0,0,0,0,0,0,0,0,0,0,0,0,0,0,0,0,0,0,0,0,0,1,1,1,False
5,008308,-10,48907,1,689037,-1,37557,-0,002654806,0,9902614,-0,001197969,-0,1391898,0,0,0,0,0,0,0,0,0,0,0,0,0,0,0,0,0,0,0,0,0,0,1,1,1,False
5,033405,-10,48907,1,689037,-1,37557,-0,002654806,0,9902614,-0,001197969,-0,1391898,0,0,0,0,0,0,0,0,0,0,0,0,0,0,0,0,0,0,0,0,0,0,1,1,1,False
5,050976,-10,48907,1,689037,-1,37557,-0,002654806,0,9902614,-0,001197969,-0,1391898,0,0,0,0,0,0,0,0,0,0,0,0,0,0,0,0,0,0,0,0,0,0,1,1,1,False
5,065386,-10,48907,1,689037,-1,37557,-0,002654806,0,9902614,-0,001197969,-0,1391898,0,0,0,0,0,0,0,0,0,0,0,0,0,0,0,0,0,0,0,0,0,0,1,1,1,False
5,079674,-10,48907,1,689037,-1,37557,-0,002654806,0,9902614,-0,001197969,-0,1391898,0,0,0,0,0,0,0,0,0,0,0,0,0,0,0,0,0,0,0,0,0,0,1,1,1,False
5,092982,-10,48907,1,689037,-1,37557,-0,002654806,0,9902614,-0,001197969,-0,1391898,0,0,0,0,0,0,0,0,0,0,0,0,0,0,0,0,0,0,0,0,0,0,1,1,1,False
5,107358,-10,48907,1,689037,-1,37557,-0,002654806,0,9902614,-0,001197969,-0,1391898,0,0,0,0,0,0,0,0,0,0,0,0,0,0,0,0,0,0,0,0,0,0,1,1,1,False
5,121608,-10,48907,1,689037,-1,37557,-0,002654806,0,9902614,-0,001197969,-0,1391898,0,0,0,0,0,0,0,0,0,0,0,0,0,0,0,0,0,0,0,0,0,0,1,1,1,False
5,135787,-10,48907,1,689037,-1,37557,-0,002654806,0,9902614,-0,001197969,-0,1391898,0,0,0,0,0,0,0,0,0,0,0,0,0,0,0,0,0,0,0,0,0,0,1,1,1,False
5,149147,-10,48907,1,689037,-1,37557,-0,002654806,0,9902614,-0,001197969,-0,1391898,0,0,0,0,0,0,0,0,0,0,0,0,0,0,0,0,0,0,0,0,0,0,1,1,1,False
5,163408,-10,48907,1,689037,-1,37557,-0,002654806,0,9902614,-0,001197969,-0,1391898,0,0,0,0,0,0,0,0,0,0,0,0,0,0,0,0,0,0,0,0,0,0,1,1,1,False
5,187692,-10,48907,1,689037,-1,37557,-0,002654806,0,9902614,-0,001197969,-0,1391898,0,0,0,0,0,0,0,0,0,0,0,0,0,0,0,0,0,0,0,0,0,0,1,1,1,False
5,202041,-10,48907,1,689037,-1,37557,-0,002654806,0,9902614,-0,001197969,-0,1391898,0,0,0,0,0,0,0,0,0,0,0,0,0,0,0,0,0,0,0,0,0,0,1,1,1,False
5,216268,-10,48907,1,689037,-1,37557,-0,002654806,0,9902614,-0,001197969,-0,1391898,0,0,0,0,0,0,0,0,0,0,0,0,0,0,0,0,0,0,0,0,0,0,1,1,1,False
5,229701,-10,48907,1,689037,-1,37557,-0,002654806,0,9902614,-0,001197969,-0,1391898,0,0,0,0,0,0,0,0,0,0,0,0,0,0,0,0,0,0,0,0,0,0,1,1,1,False
5,243776,-10,48907,1,689037,-1,37557,-0,002654806,0,9902614,-0,001197969,-0,1391898,0,0,0,0,0,0,0,0,0,0,0,0,0,0,0,0,0,0,0,0,0,0,1,1,1,False
5,257989,-10,48907,1,689037,-1,37557,-0,002654806,0,9902614,-0,001197969,-0,1391898,0,0,0,0,0,0,0,0,0,0,0,0,0,0,0,0,0,0,0,0,0,0,1,1,1,False
5,272711,-10,48907,1,689037,-1,37557,-0,002654806,0,9902614,-0,001197969,-0,1391898,0,0,0,0,0,0,0,0,0,0,0,0,0,0,0,0,0,0,0,0,0,0,1,1,1,False
5,28697,-10,48907,1,689037,-1,37557,-0,002654806,0,9902614,-0,001197969,-0,1391898,0,0,0,0,0,0,0,0,0,0,0,0,0,0,0,0,0,0,0,0,0,0,1,1,1,False
5,301284,-10,48907,1,689037,-1,37557,-0,002654806,0,9902614,-0,001197969,-0,1391898,0,0,0,0,0,0,0,0,0,0,0,0,0,0,0,0,0,0,0,0,0,0,1,1,1,False
5,315618,-10,48907,1,689037,-1,37557,-0,002654806,0,9902614,-0,001197969,-0,1391898,0,0,0,0,0,0,0,0,0,0,0,0,0,0,0,0,0,0,0,0,0,0,1,1,1,False
5,338961,-10,48907,1,689037,-1,37557,-0,002654806,0,9902614,-0,001197969,-0,1391898,0,0,0,0,0,0,0,0,0,0,0,0,0,0,0,0,0,0,0,0,0,0,1,1,1,False
5,353594,-10,48907,1,689037,-1,37557,-0,002654806,0,9902614,-0,001197969,-0,1391898,0,0,0,0,0,0,0,0,0,0,0,0,0,0,0,0,0,0,0,0,0,0,1,1,1,False
5,368423,-10,48907,1,689037,-1,37557,-0,002654806,0,9902614,-0,001197969,-0,1391898,0,0,0,0,0,0,0,0,0,0,0,0,0,0,0,0,0,0,0,0,0,0,1,1,1,False
5,382801,-10,48907,1,689037,-1,37557,-0,002654806,0,9902614,-0,001197969,-0,1391898,0,0,0,0,0,0,0,0,0,0,0,0,0,0,0,0,0,0,0,0,0,0,1,1,1,False
5,397132,-10,48907,1,689037,-1,37557,-0,002654806,0,9902614,-0,001197969,-0,1391898,0,0,0,0,0,0,0,0,0,0,0,0,0,0,0,0,0,0,0,0,0,0,1,1,1,False
5,410715,-10,48907,1,689037,-1,37557,-0,002654806,0,9902614,-0,001197969,-0,1391898,0,0,0,0,0,0,0,0,0,0,0,0,0,0,0,0,0,0,0,0,0,0,1,1,1,False
5,425197,-10,48907,1,689037,-1,37557,-0,002654806,0,9902614,-0,001197969,-0,1391898,0,0,0,0,0,0,0,0,0,0,0,0,0,0,0,0,0,0,0,0,0,0,1,1,1,False
5,439332,-10,48907,1,689037,-1,37557,-0,002654806,0,9902614,-0,001197969,-0,1391898,0,0,0,0,0,0,0,0,0,0,0,0,0,0,0,0,0,0,0,0,0,0,1,1,1,False
5,452716,-10,48907,1,689037,-1,37557,-0,002654806,0,9902614,-0,001197969,-0,1391898,0,0,0,0,0,0,0,0,0,0,0,0,0,0,0,0,0,0,0,0,0,0,1,1,1,False
5,466995,-10,48907,1,689037,-1,37557,-0,002654806,0,9902614,-0,001197969,-0,1391898,0,0,0,0,0,0,0,0,0,0,0,0,0,0,0,0,0,0,0,0,0,0,1,1,1,False
5,491237,-10,48907,1,689037,-1,37557,-0,002654806,0,9902614,-0,001197969,-0,1391898,0,0,0,0,0,0,0,0,0,0,0,0,0,0,0,0,0,0,0,0,0,0,1,1,1,False
5,505723,-10,48907,1,689037,-1,37557,-0,002654806,0,9902614,-0,001197969,-0,1391898,0,0,0,0,0,0,0,0,0,0,0,0,0,0,0,0,0,0,0,0,0,0,1,1,1,False
5,519865,-10,48907,1,689037,-1,37557,-0,002654806,0,9902614,-0,001197969,-0,1391898,0,0,0,0,0,0,0,0,0,0,0,0,0,0,0,0,0,0,0,0,0,0,1,1,1,False
5,533817,-10,48907,1,689037,-1,37557,-0,002654806,0,9902614,-0,001197969,-0,1391898,0,0,0,0,0,0,0,0,0,0,0,0,0,0,0,0,0,0,0,0,0,0,1,1,1,False
5,548059,-10,48907,1,689037,-1,37557,-0,002654806,0,9902614,-0,001197969,-0,1391898,0,0,0,0,0,0,0,0,0,0,0,0,0,0,0,0,0,0,0,0,0,0,1,1,1,False
5,562417,-10,48907,1,689037,-1,37557,-0,002654806,0,9902614,-0,001197969,-0,1391898,0,0,0,0,0,0,0,0,0,0,0,0,0,0,0,0,0,0,0,0,0,0,1,1,1,False
5,57661,-10,48907,1,689037,-1,37557,-0,002654806,0,9902614,-0,001197969,-0,1391898,0,0,0,0,0,0,0,0,0,0,0,0,0,0,0,0,0,0,0,0,0,0,1,1,1,False
5,58994,-10,48907,1,689037,-1,37557,-0,002654806,0,9902614,-0,001197969,-0,1391898,0,0,0,0,0,0,0,0,0,0,0,0,0,0,0,0,0,0,0,0,0,0,1,1,1,False
5,604335,-10,48907,1,689037,-1,37557,-0,002654806,0,9902614,-0,001197969,-0,1391898,0,0,0,0,0,0,0,0,0,0,0,0,0,0,0,0,0,0,0,0,0,0,1,1,1,False
5,618702,-10,48907,1,689037,-1,37557,-0,002654806,0,9902614,-0,001197969,-0,1391898,0,0,0,0,0,0,0,0,0,0,0,0,0,0,0,0,0,0,0,0,0,0,1,1,1,False
5,64405,-10,48907,1,689037,-1,37557,-0,002654806,0,9902614,-0,001197969,-0,1391898,0,0,0,0,0,0,0,0,0,0,0,0,0,0,0,0,0,0,0,0,0,0,1,1,1,False
5,658413,-10,48907,1,689037,-1,37557,-0,002654806,0,9902614,-0,001197969,-0,1391898,0,0,0,0,0,0,0,0,0,0,0,0,0,0,0,0,0,0,0,0,0,0,1,1,1,False
5,673677,-10,48907,1,689037,-1,37557,-0,002654806,0,9902614,-0,001197969,-0,1391898,0,0,0,0,0,0,0,0,0,0,0,0,0,0,0,0,0,0,0,0,0,0,1,1,1,False
5,689103,-10,48907,1,689037,-1,37557,-0,002654806,0,9902614,-0,001197969,-0,1391898,0,0,0,0,0,0,0,0,0,0,0,0,0,0,0,0,0,0,0,0,0,0,1,1,1,False
5,704649,-10,48907,1,689037,-1,37557,-0,002654806,0,9902614,-0,001197969,-0,1391898,0,0,0,0,0,0,0,0,0,0,0,0,0,0,0,0,0,0,0,0,0,0,1,1,1,False
5,719223,-10,48907,1,689037,-1,37557,-0,002654806,0,9902614,-0,001197969,-0,1391898,0,0,0,0,0,0,0,0,0,0,0,0,0,0,0,0,0,0,0,0,0,0,1,1,1,False
5,732956,-10,48907,1,689037,-1,37557,-0,002654806,0,9902614,-0,001197969,-0,1391898,0,0,0,0,0,0,0,0,0,0,0,0,0,0,0,0,0,0,0,0,0,0,1,1,1,False
5,747331,-10,48907,1,689037,-1,37557,-0,002654806,0,9902614,-0,001197969,-0,1391898,0,0,0,0,0,0,0,0,0,0,0,0,0,0,0,0,0,0,0,0,0,0,1,1,1,False
5,761861,-10,48907,1,689037,-1,37557,-0,002654806,0,9902614,-0,001197969,-0,1391898,0,0,0,0,0,0,0,0,0,0,0,0,0,0,0,0,0,0,0,0,0,0,1,1,1,False
5,776228,-10,48907,1,689037,-1,37557,-0,002654806,0,9902614,-0,001197969,-0,1391898,0,0,0,0,0,0,0,0,0,0,0,0,0,0,0,0,0,0,0,0,0,0,1,1,1,False
5,800428,-10,48907,1,689037,-1,37557,-0,002654806,0,9902614,-0,001197969,-0,1391898,0,0,0,0,0,0,0,0,0,0,0,0,0,0,0,0,0,0,0,0,0,0,1,1,1,False
5,815276,-10,48907,1,689037,-1,37557,-0,002654806,0,9902614,-0,001197969,-0,1391898,0,0,0,0,0,0,0,0,0,0,0,0,0,0,0,0,0,0,0,0,0,0,1,1,1,False
5,829193,-10,48907,1,689037,-1,37557,-0,002654806,0,9902614,-0,001197969,-0,1391898,0,0,0,0,0,0,0,0,0,0,0,0,0,0,0,0,0,0,0,0,0,0,1,1,1,False
5,843936,-10,48907,1,689037,-1,37557,-0,002654806,0,9902614,-0,001197969,-0,1391898,0,0,0,0,0,0,0,0,0,0,0,0,0,0,0,0,0,0,0,0,0,0,1,1,1,False
5,858621,-10,48907,1,689037,-1,37557,-0,002654806,0,9902614,-0,001197969,-0,1391898,0,0,0,0,0,0,0,0,0,0,0,0,0,0,0,0,0,0,0,0,0,0,1,1,1,False
5,872399,-10,48907,1,689037,-1,37557,-0,002654806,0,9902614,-0,001197969,-0,1391898,0,0,0,0,0,0,0,0,0,0,0,0,0,0,0,0,0,0,0,0,0,0,1,1,1,False
5,887152,-10,48907,1,689037,-1,37557,-0,002654806,0,9902614,-0,001197969,-0,1391898,0,0,0,0,0,0,0,0,0,0,0,0,0,0,0,0,0,0,0,0,0,0,1,1,1,False
5,90182,-10,48907,1,689037,-1,37557,-0,002654806,0,9902614,-0,001197969,-0,1391898,0,0,0,0,0,0,0,0,0,0,0,0,0,0,0,0,0,0,0,0,0,0,1,1,1,False
5,916565,-10,48907,1,689037,-1,37557,-0,002654806,0,9902614,-0,001197969,-0,1391898,0,0,0,0,0,0,0,0,0,0,0,0,0,0,0,0,0,0,0,0,0,0,1,1,1,False
5,93078,-10,48907,1,689037,-1,37557,-0,002654806,0,9902614,-0,001197969,-0,1391898,0,0,0,0,0,0,0,0,0,0,0,0,0,0,0,0,0,0,0,0,0,0,1,1,1,False
5,955599,-10,48907,1,689037,-1,37557,-0,002654806,0,9902614,-0,001197969,-0,1391898,0,0,0,0,0,0,0,0,0,0,0,0,0,0,0,0,0,0,0,0,0,0,1,1,1,False
5,96994,-10,48907,1,689037,-1,37557,-0,002654806,0,9902614,-0,001197969,-0,1391898,0,0,0,0,0,0,0,0,0,0,0,0,0,0,0,0,0,0,0,0,0,0,1,1,1,False
5,984629,-10,48907,1,689037,-1,37557,-0,002654806,0,9902614,-0,001197969,-0,1391898,0,0,0,0,0,0,0,0,0,0,0,0,0,0,0,0,0,0,0,0,0,0,1,1,1,False
5,999324,-10,48907,1,689037,-1,37557,-0,002654806,0,9902614,-0,001197969,-0,1391898,0,0,0,0,0,0,0,0,0,0,0,0,0,0,0,0,0,0,0,0,0,0,1,1,1,False
6,0132,-10,48907,1,689037,-1,37557,-0,002654806,0,9902614,-0,001197969,-0,1391898,0,0,0,0,0,0,0,0,0,0,0,0,0,0,0,0,0,0,0,0,0,0,1,1,1,False
6,027581,-10,48907,1,689037,-1,37557,-0,002654806,0,9902614,-0,001197969,-0,1391898,0,0,0,0,0,0,0,0,0,0,0,0,0,0,0,0,0,0,0,0,0,0,1,1,1,False
6,04323,-10,48907,1,689037,-1,37557,-0,002654806,0,9902614,-0,001197969,-0,1391898,0,0,0,0,0,0,0,0,0,0,0,0,0,0,0,0,0,0,0,0,0,0,1,1,1,False
6,057889,-10,48907,1,689037,-1,37557,-0,002654806,0,9902614,-0,001197969,-0,1391898,0,0,0,0,0,0,0,0,0,0,0,0,0,0,0,0,0,0,0,0,0,0,1,1,1,False
6,071639,-10,48907,1,689037,-1,37557,-0,002654806,0,9902614,-0,001197969,-0,1391898,0,0,0,0,0,0,0,0,0,0,0,0,0,0,0,0,0,0,0,0,0,0,1,1,1,False
6,086317,-10,48907,1,689037,-1,37557,-0,002654806,0,9902614,-0,001197969,-0,1391898,0,0,0,0,0,0,0,0,0,0,0,0,0,0,0,0,0,0,0,0,0,0,1,1,1,False
6,110815,-10,48907,1,689037,-1,37557,-0,002654806,0,9902614,-0,001197969,-0,1391898,0,0,0,0,0,0,0,0,0,0,0,0,0,0,0,0,0,0,0,0,0,0,1,1,1,False
6,125222,-10,48907,1,689037,-1,37557,-0,002654806,0,9902614,-0,001197969,-0,1391898,0,0,0,0,0,0,0,0,0,0,0,0,0,0,0,0,0,0,0,0,0,0,1,1,1,False
6,139649,-10,48907,1,689037,-1,37557,-0,002654806,0,9902614,-0,001197969,-0,1391898,0,0,0,0,0,0,0,0,0,0,0,0,0,0,0,0,0,0,0,0,0,0,1,1,1,False
6,153461,-10,48907,1,689037,-1,37557,-0,002654806,0,9902614,-0,001197969,-0,1391898,0,0,0,0,0,0,0,0,0,0,0,0,0,0,0,0,0,0,0,0,0,0,1,1,1,False
6,167704,-10,48907,1,689037,-1,37557,-0,002654806,0,9902614,-0,001197969,-0,1391898,0,0,0,0,0,0,0,0,0,0,0,0,0,0,0,0,0,0,0,0,0,0,1,1,1,False
6,182205,-10,48907,1,689037,-1,37557,-0,002654806,0,9902614,-0,001197969,-0,1391898,0,0,0,0,0,0,0,0,0,0,0,0,0,0,0,0,0,0,0,0,0,0,1,1,1,False
6,196549,-10,48907,1,689037,-1,37557,-0,002654806,0,9902614,-0,001197969,-0,1391898,0,0,0,0,0,0,0,0,0,0,0,0,0,0,0,0,0,0,0,0,0,0,1,1,1,False
6,210128,-10,48907,1,689037,-1,37557,-0,002654806,0,9902614,-0,001197969,-0,1391898,0,0,0,0,0,0,0,0,0,0,0,0,0,0,0,0,0,0,0,0,0,0,1,1,1,False
6,224974,-10,48907,1,689037,-1,37557,-0,002654806,0,9902614,-0,001197969,-0,1391898,0,0,0,0,0,0,0,0,0,0,0,0,0,0,0,0,0,0,0,0,0,0,1,1,1,False
6,239304,-10,48907,1,689037,-1,37557,-0,002654806,0,9902614,-0,001197969,-0,1391898,0,0,0,0,0,0,0,0,0,0,0,0,0,0,0,0,0,0,0,0,0,0,1,1,1,False
6,262837,-10,48907,1,689037,-1,37557,-0,002654806,0,9902614,-0,001197969,-0,1391898,0,0,0,0,0,0,0,0,0,0,0,0,0,0,0,0,0,0,0,0,0,0,1,1,1,False
6,277386,-10,48907,1,689037,-1,37557,-0,002654806,0,9902614,-0,001197969,-0,1391898,0,0,0,0,0,0,0,0,0,0,0,0,0,0,0,0,0,0,0,0,0,0,1,1,1,False
6,290941,-10,48907,1,689037,-1,37557,-0,002654806,0,9902614,-0,001197969,-0,1391898,0,0,0,0,0,0,0,0,0,0,0,0,0,0,0,0,0,0,0,0,0,0,1,1,1,False
6,305199,-10,48907,1,689037,-1,37557,-0,002654806,0,9902614,-0,001197969,-0,1391898,0,0,0,0,0,0,0,0,0,0,0,0,0,0,0,0,0,0,0,0,0,0,1,1,1,False
6,319871,-10,48907,1,689037,-1,37557,-0,002654806,0,9902614,-0,001197969,-0,1391898,0,0,0,0,0,0,0,0,0,0,0,0,0,0,0,0,0,0,0,0,0,0,1,1,1,False
6,333476,-10,48907,1,689037,-1,37557,-0,002654806,0,9902614,-0,001197969,-0,1391898,0,0,0,0,0,0,0,0,0,0,0,0,0,0,0,0,0,0,0,0,0,0,1,1,1,False
6,34789,-10,48907,1,689037,-1,37557,-0,002654806,0,9902614,-0,001197969,-0,1391898,0,0,0,0,0,0,0,0,0,0,0,0,0,0,0,0,0,0,0,0,0,0,1,1,1,False
6,362625,-10,48907,1,689037,-1,37557,-0,002654806,0,9902614,-0,001197969,-0,1391898,0,0,0,0,0,0,0,0,0,0,0,0,0,0,0,0,0,0,0,0,0,0,1,1,1,False
6,377255,-10,48907,1,689037,-1,37557,-0,002654806,0,9902614,-0,001197969,-0,1391898,0,0,0,0,0,0,0,0,0,0,0,0,0,0,0,0,0,0,0,0,0,0,1,1,1,False
6,391623,-10,48907,1,689037,-1,37557,-0,002654806,0,9902614,-0,001197969,-0,1391898,0,0,0,0,0,0,0,0,0,0,0,0,0,0,0,0,0,0,0,0,0,0,1,1,1,False
6,416563,-10,48907,1,689037,-1,37557,-0,002654806,0,9902614,-0,001197969,-0,1391898,0,0,0,0,0,0,0,0,0,0,0,0,0,0,0,0,0,0,0,0,0,0,1,1,1,False
6,4312,-10,48907,1,689037,-1,37557,-0,002654806,0,9902614,-0,001197969,-0,1391898,0,0,0,0,0,0,0,0,0,0,0,0,0,0,0,0,0,0,0,0,0,0,1,1,1,False
6,445595,-10,48907,1,689037,-1,37557,-0,002654806,0,9902614,-0,001197969,-0,1391898,0,0,0,0,0,0,0,0,0,0,0,0,0,0,0,0,0,0,0,0,0,0,1,1,1,False
6,460328,-10,48907,1,689037,-1,37557,-0,002654806,0,9902614,-0,001197969,-0,1391898,0,0,0,0,0,0,0,0,0,0,0,0,0,0,0,0,0,0,0,0,0,0,1,1,1,False
6,474168,-10,48907,1,689037,-1,37557,-0,002654806,0,9902614,-0,001197969,-0,1391898,0,0,0,0,0,0,0,0,0,0,0,0,0,0,0,0,0,0,0,0,0,0,1,1,1,False
6,487223,-10,48907,1,689037,-1,37557,-0,002654806,0,9902614,-0,001197969,-0,1391898,0,0,0,0,0,0,0,0,0,0,0,0,0,0,0,0,0,0,0,0,0,0,1,1,1,False
6,500987,-10,48907,1,689037,-1,37557,-0,002654806,0,9902614,-0,001197969,-0,1391898,0,0,0,0,0,0,0,0,0,0,0,0,0,0,0,0,0,0,0,0,0,0,1,1,1,False
6,515449,-10,48907,1,689037,-1,37557,-0,002654806,0,9902614,-0,001197969,-0,1391898,0,0,0,0,0,0,0,0,0,0,0,0,0,0,0,0,0,0,0,0,0,0,1,1,1,False
6,528336,-10,48907,1,689037,-1,37557,-0,002654806,0,9902614,-0,001197969,-0,1391898,0,0,0,0,0,0,0,0,0,0,0,0,0,0,0,0,0,0,0,0,0,0,1,1,1,False
6,54269,-10,48907,1,689037,-1,37557,-0,002654806,0,9902614,-0,001197969,-0,1391898,0,0,0,0,0,0,0,0,0,0,0,0,0,0,0,0,0,0,0,0,0,0,1,1,1,False
6,567815,-10,48907,1,689037,-1,37557,-0,002654806,0,9902614,-0,001197969,-0,1391898,0,0,0,0,0,0,0,0,0,0,0,0,0,0,0,0,0,0,0,0,0,0,1,1,1,False
6,583062,-10,48907,1,689037,-1,37557,-0,002654806,0,9902614,-0,001197969,-0,1391898,0,0,0,0,0,0,0,0,0,0,0,0,0,0,0,0,0,0,0,0,0,0,1,1,1,False
6,596571,-10,48907,1,689037,-1,37557,-0,002654806,0,9902614,-0,001197969,-0,1391898,0,0,0,0,0,0,0,0,0,0,0,0,0,0,0,0,0,0,0,0,0,0,1,1,1,False
6,609277,-10,48907,1,689037,-1,37557,-0,002654806,0,9902614,-0,001197969,-0,1391898,0,0,0,0,0,0,0,0,0,0,0,0,0,0,0,0,0,0,0,0,0,0,1,1,1,False
6,623064,-10,48907,1,689037,-1,37557,-0,002654806,0,9902614,-0,001197969,-0,1391898,0,0,0,0,0,0,0,0,0,0,0,0,0,0,0,0,0,0,0,0,0,0,1,1,1,False
6,636669,-10,48907,1,689037,-1,37557,-0,002654806,0,9902614,-0,001197969,-0,1391898,0,0,0,0,0,0,0,0,0,0,0,0,0,0,0,0,0,0,0,0,0,0,1,1,1,False
6,649714,-10,48907,1,689037,-1,37557,-0,002654806,0,9902614,-0,001197969,-0,1391898,0,0,0,0,0,0,0,0,0,0,0,0,0,0,0,0,0,0,0,0,0,0,1,1,1,False
6,663794,-10,48907,1,689037,-1,37557,-0,002654806,0,9902614,-0,001197969,-0,1391898,0,0,0,0,0,0,0,0,0,0,0,0,0,0,0,0,0,0,0,0,0,0,1,1,1,False
6,677903,-10,48907,1,689037,-1,37557,-0,002654806,0,9902614,-0,001197969,-0,1391898,0,0,0,0,0,0,0,0,0,0,0,0,0,0,0,0,0,0,0,0,0,0,1,1,1,False
6,691365,-10,48907,1,689037,-1,37557,-0,002654806,0,9902614,-0,001197969,-0,1391898,0,0,0,0,0,0,0,0,0,0,0,0,0,0,0,0,0,0,0,0,0,0,1,1,1,False
6,705513,-10,48907,1,689037,-1,37557,-0,002654806,0,9902614,-0,001197969,-0,1391898,0,0,0,0,0,0,0,0,0,0,0,0,0,0,0,0,0,0,0,0,0,0,1,1,1,False
6,7301,-10,48907,1,689037,-1,37557,-0,002654806,0,9902614,-0,001197969,-0,1391898,0,0,0,0,0,0,0,0,0,0,0,0,0,0,0,0,0,0,0,0,0,0,1,1,1,False
6,744285,-10,48907,1,689037,-1,37557,-0,002654806,0,9902614,-0,001197969,-0,1391898,0,0,0,0,0,0,0,0,0,0,0,0,0,0,0,0,0,0,0,0,0,0,1,1,1,False
6,75858,-10,48907,1,689037,-1,37557,-0,002654806,0,9902614,-0,001197969,-0,1391898,0,0,0,0,0,0,0,0,0,0,0,0,0,0,0,0,0,0,0,0,0,0,1,1,1,False
6,772292,-10,48907,1,689037,-1,37557,-0,002654806,0,9902614,-0,001197969,-0,1391898,0,0,0,0,0,0,0,0,0,0,0,0,0,0,0,0,0,0,0,0,0,0,1,1,1,False
6,78645,-10,48907,1,689037,-1,37557,-0,002654806,0,9902614,-0,001197969,-0,1391898,0,0,0,0,0,0,0,0,0,0,0,0,0,0,0,0,0,0,0,0,0,0,1,1,1,False
6,799902,-10,48907,1,689037,-1,37557,-0,002654806,0,9902614,-0,001197969,-0,1391898,0,0,0,0,0,0,0,0,0,0,0,0,0,0,0,0,0,0,0,0,0,0,1,1,1,False
6,812769,-10,48907,1,689037,-1,37557,-0,002654806,0,9902614,-0,001197969,-0,1391898,0,0,0,0,0,0,0,0,0,0,0,0,0,0,0,0,0,0,0,0,0,0,1,1,1,False
6,82638,-10,48907,1,689037,-1,37557,-0,002654806,0,9902614,-0,001197969,-0,1391898,0,0,0,0,0,0,0,0,0,0,0,0,0,0,0,0,0,0,0,0,0,0,1,1,1,False
6,839828,-10,48907,1,689037,-1,37557,-0,002654806,0,9902614,-0,001197969,-0,1391898,0,0,0,0,0,0,0,0,0,0,0,0,0,0,0,0,0,0,0,0,0,0,1,1,1,False
6,85247,-10,48907,1,689037,-1,37557,-0,002654806,0,9902614,-0,001197969,-0,1391898,0,0,0,0,0,0,0,0,0,0,0,0,0,0,0,0,0,0,0,0,0,0,1,1,1,False
6,865932,-10,48907,1,689037,-1,37557,-0,002654806,0,9902614,-0,001197969,-0,1391898,0,0,0,0,0,0,0,0,0,0,0,0,0,0,0,0,0,0,0,0,0,0,1,1,1,False
6,889358,-10,48907,1,689037,-1,37557,-0,002654806,0,9902614,-0,001197969,-0,1391898,0,0,0,0,0,0,0,0,0,0,0,0,0,0,0,0,0,0,0,0,0,0,1,1,1,False
6,903598,-10,48907,1,689037,-1,37557,-0,002654806,0,9902614,-0,001197969,-0,1391898,0,0,0,0,0,0,0,0,0,0,0,0,0,0,0,0,0,0,0,0,0,0,1,1,1,False
6,918046,-10,48907,1,689037,-1,37557,-0,002654806,0,9902614,-0,001197969,-0,1391898,0,0,0,0,0,0,0,0,0,0,0,0,0,0,0,0,0,0,0,0,0,0,1,1,1,False
6,931242,-10,48907,1,689037,-1,37557,-0,002654806,0,9902614,-0,001197969,-0,1391898,0,0,0,0,0,0,0,0,0,0,0,0,0,0,0,0,0,0,0,0,0,0,1,1,1,False
6,94529,-10,48907,1,689037,-1,37557,-0,002654806,0,9902614,-0,001197969,-0,1391898,0,0,0,0,0,0,0,0,0,0,0,0,0,0,0,0,0,0,0,0,0,0,1,1,1,False
6,959348,-10,48907,1,689037,-1,37557,-0,002654806,0,9902614,-0,001197969,-0,1391898,0,0,0,0,0,0,0,0,0,0,0,0,0,0,0,0,0,0,0,0,0,0,1,1,1,False
6,972773,-10,48907,1,689037,-1,37557,-0,002654806,0,9902614,-0,001197969,-0,1391898,0,0,0,0,0,0,0,0,0,0,0,0,0,0,0,0,0,0,0,0,0,0,1,1,1,False
6,98677,-10,48907,1,689037,-1,37557,-0,002654806,0,9902614,-0,001197969,-0,1391898,0,0,0,0,0,0,0,0,0,0,0,0,0,0,0,0,0,0,0,0,0,0,1,1,1,False
7,000925,-10,48907,1,689037,-1,37557,-0,002654806,0,9902614,-0,001197969,-0,1391898,0,0,0,0,0,0,0,0,0,0,0,0,0,0,0,0,0,0,0,0,0,0,1,1,1,False
7,015322,-10,48907,1,689037,-1,37557,-0,002654806,0,9902614,-0,001197969,-0,1391898,0,0,0,0,0,0,0,0,0,0,0,0,0,0,0,0,0,0,0,0,0,0,1,1,1,False
7,028303,-10,48907,1,689037,-1,37557,-0,002654806,0,9902614,-0,001197969,-0,1391898,0,0,0,0,0,0,0,0,0,0,0,0,0,0,0,0,0,0,0,0,0,0,1,1,1,False
7,052728,-10,48907,1,689037,-1,37557,-0,002654806,0,9902614,-0,001197969,-0,1391898,0,0,0,0,0,0,0,0,0,0,0,0,0,0,0,0,0,0,0,0,0,0,1,1,1,False
7,067028,-10,48907,1,689037,-1,37557,-0,002654806,0,9902614,-0,001197969,-0,1391898,0,0,0,0,0,0,0,0,0,0,0,0,0,0,0,0,0,0,0,0,0,0,1,1,1,False
7,081877,-10,48907,1,689037,-1,37557,-0,002654806,0,9902614,-0,001197969,-0,1391898,0,0,0,0,0,0,0,0,0,0,0,0,0,0,0,0,0,0,0,0,0,0,1,1,1,False
7,09609,-10,48907,1,689037,-1,37557,-0,002654806,0,9902614,-0,001197969,-0,1391898,0,0,0,0,0,0,0,0,0,0,0,0,0,0,0,0,0,0,0,0,0,0,1,1,1,False
7,109481,-10,48907,1,689037,-1,37557,-0,002654806,0,9902614,-0,001197969,-0,1391898,0,0,0,0,0,0,0,0,0,0,0,0,0,0,0,0,0,0,0,0,0,0,1,1,1,False
7,123806,-10,48907,1,689037,-1,37557,-0,002654806,0,9902614,-0,001197969,-0,1391898,0,0,0,0,0,0,0,0,0,0,0,0,0,0,0,0,0,0,0,0,0,0,1,1,1,False
7,137374,-10,48907,1,689037,-1,37557,-0,002654806,0,9902614,-0,001197969,-0,1391898,0,0,0,0,0,0,0,0,0,0,0,0,0,0,0,0,0,0,0,0,0,0,1,1,1,False
7,150124,-10,48907,1,689037,-1,37557,-0,002654806,0,9902614,-0,001197969,-0,1391898,0,0,0,0,0,0,0,0,0,0,0,0,0,0,0,0,0,0,0,0,0,0,1,1,1,False
7,164984,-10,48907,1,689037,-1,37557,-0,002654806,0,9902614,-0,001197969,-0,1391898,0,0,0,0,0,0,0,0,0,0,0,0,0,0,0,0,0,0,0,0,0,0,1,1,1,False
7,180145,-10,48907,1,689037,-1,37557,-0,002654806,0,9902614,-0,001197969,-0,1391898,0,0,0,0,0,0,0,0,0,0,0,0,0,0,0,0,0,0,0,0,0,0,1,1,1,False
7,2067,-10,48907,1,689037,-1,37557,-0,002654806,0,9902614,-0,001197969,-0,1391898,0,0,0,0,0,0,0,0,0,0,0,0,0,0,0,0,0,0,0,0,0,0,1,1,1,False
7,221821,-10,48907,1,689037,-1,37557,-0,002654806,0,9902614,-0,001197969,-0,1391898,0,0,0,0,0,0,0,0,0,0,0,0,0,0,0,0,0,0,0,0,0,0,1,1,1,False
7,235842,-10,48907,1,689037,-1,37557,-0,002654806,0,9902614,-0,001197969,-0,1391898,0,0,0,0,0,0,0,0,0,0,0,0,0,0,0,0,0,0,0,0,0,0,1,1,1,False
7,250359,-10,48907,1,689037,-1,37557,-0,002654806,0,9902614,-0,001197969,-0,1391898,0,0,0,0,0,0,0,0,0,0,0,0,0,0,0,0,0,0,0,0,0,0,1,1,1,False
7,264426,-10,48907,1,689037,-1,37557,-0,002654806,0,9902614,-0,001197969,-0,1391898,0,0,0,0,0,0,0,0,0,0,0,0,0,0,0,0,0,0,0,0,0,0,1,1,1,False
7,277829,-10,48907,1,689037,-1,37557,-0,002654806,0,9902614,-0,001197969,-0,1391898,0,0,0,0,0,0,0,0,0,0,0,0,0,0,0,0,0,0,0,0,0,0,1,1,1,False
7,291342,-10,48907,1,689037,-1,37557,-0,002654806,0,9902614,-0,001197969,-0,1391898,0,0,0,0,0,0,0,0,0,0,0,0,0,0,0,0,0,0,0,0,0,0,1,1,1,False
7,305614,-10,48907,1,689037,-1,37557,-0,002654806,0,9902614,-0,001197969,-0,1391898,0,0,0,0,0,0,0,0,0,0,0,0,0,0,0,0,0,0,0,0,0,0,1,1,1,False
7,319787,-10,48907,1,689037,-1,37557,-0,002654806,0,9902614,-0,001197969,-0,1391898,0,0,0,0,0,0,0,0,0,0,0,0,0,0,0,0,0,0,0,0,0,0,1,1,1,False
7,333066,-10,48907,1,689037,-1,37557,-0,002654806,0,9902614,-0,001197969,-0,1391898,0,0,0,0,0,0,0,0,0,0,0,0,0,0,0,0,0,0,0,0,0,0,1,1,1,False
7,357441,-10,48907,1,689037,-1,37557,-0,002654806,0,9902614,-0,001197969,-0,1391898,0,0,0,0,0,0,0,0,0,0,0,0,0,0,0,0,0,0,0,0,0,0,1,1,1,False
7,371381,-10,48907,1,689037,-1,37557,-0,002654806,0,9902614,-0,001197969,-0,1391898,0,0,0,0,0,0,0,0,0,0,0,0,0,0,0,0,0,0,0,0,0,0,1,1,1,False
7,38562,-10,48907,1,689037,-1,37557,-0,002654806,0,9902614,-0,001197969,-0,1391898,0,0,0,0,0,0,0,0,0,0,0,0,0,0,0,0,0,0,0,0,0,0,1,1,1,False
7,400264,-10,48907,1,689037,-1,37557,-0,002654806,0,9902614,-0,001197969,-0,1391898,0,0,0,0,0,0,0,0,0,0,0,0,0,0,0,0,0,0,0,0,0,0,1,1,1,False
7,414422,-10,48907,1,689037,-1,37557,-0,002654806,0,9902614,-0,001197969,-0,1391898,0,0,0,0,0,0,0,0,0,0,0,0,0,0,0,0,0,0,0,0,0,0,1,1,1,False
7,427157,-10,48907,1,689037,-1,37557,-0,002654806,0,9902614,-0,001197969,-0,1391898,0,0,0,0,0,0,0,0,0,0,0,0,0,0,0,0,0,0,0,0,0,0,1,1,1,False
7,441701,-10,48907,1,689037,-1,37557,-0,002654806,0,9902614,-0,001197969,-0,1391898,0,0,0,0,0,0,0,0,0,0,0,0,0,0,0,0,0,0,0,0,0,0,1,1,1,False
7,45593,-10,48907,1,689037,-1,37557,-0,002654806,0,9902614,-0,001197969,-0,1391898,0,0,0,0,0,0,0,0,0,0,0,0,0,0,0,0,0,0,0,0,0,0,1,1,1,False
7,469183,-10,48907,1,689037,-1,37557,-0,002654806,0,9902614,-0,001197969,-0,1391898,0,0,0,0,0,0,0,0,0,0,0,0,0,0,0,0,0,0,0,0,0,0,1,1,1,False
7,483212,-10,48907,1,689037,-1,37557,-0,002654806,0,9902614,-0,001197969,-0,1391898,0,0,0,0,0,0,0,0,0,0,0,0,0,0,0,0,0,0,0,0,0,0,1,1,1,False
7,50749,-10,48907,1,689037,-1,37557,-0,002654806,0,9902614,-0,001197969,-0,1391898,0,0,0,0,0,0,0,0,0,0,0,0,0,0,0,0,0,0,0,0,0,0,1,1,1,False
7,521691,-10,48907,1,689037,-1,37557,-0,002654806,0,9902614,-0,001197969,-0,1391898,0,0,0,0,0,0,0,0,0,0,0,0,0,0,0,0,0,0,0,0,0,0,1,1,1,False
7,536101,-10,48907,1,689037,-1,37557,-0,002654806,0,9902614,-0,001197969,-0,1391898,0,0,0,0,0,0,0,0,0,0,0,0,0,0,0,0,0,0,0,0,0,0,1,1,1,False
7,549629,-10,48907,1,689037,-1,37557,-0,002654806,0,9902614,-0,001197969,-0,1391898,0,0,0,0,0,0,0,0,0,0,0,0,0,0,0,0,0,0,0,0,0,0,1,1,1,False
7,564378,-10,48907,1,689037,-1,37557,-0,002654806,0,9902614,-0,001197969,-0,1391898,0,0,0,0,0,0,0,0,0,0,0,0,0,0,0,0,0,0,0,0,0,0,1,1,1,False
7,579071,-10,48907,1,689037,-1,37557,-0,002654806,0,9902614,-0,001197969,-0,1391898,0,0,0,0,0,0,0,0,0,0,0,0,0,0,0,0,0,0,0,0,0,0,1,1,1,False
7,592314,-10,48907,1,689037,-1,37557,-0,002654806,0,9902614,-0,001197969,-0,1391898,0,0,0,0,0,0,0,0,0,0,0,0,0,0,0,0,0,0,0,0,0,0,1,1,1,False
7,606463,-10,48907,1,689037,-1,37557,-0,002654806,0,9902614,-0,001197969,-0,1391898,0,0,0,0,0,0,0,0,0,0,0,0,0,0,0,0,0,0,0,0,0,0,1,1,1,False
7,619977,-10,48907,1,689037,-1,37557,-0,002654806,0,9902614,-0,001197969,-0,1391898,0,0,0,0,0,0,0,0,0,0,0,0,0,0,0,0,0,0,0,0,0,0,1,1,1,False
7,633727,-10,48907,1,689037,-1,37557,-0,002654806,0,9902614,-0,001197969,-0,1391898,0,0,0,0,0,0,0,0,0,0,0,0,0,0,0,0,0,0,0,0,0,0,1,1,1,False
7,658145,-10,48907,1,689037,-1,37557,-0,002654806,0,9902614,-0,001197969,-0,1391898,0,0,0,0,0,0,0,0,0,0,0,0,0,0,0,0,0,0,0,0,0,0,1,1,1,False
7,672379,-10,48907,1,689037,-1,37557,-0,002654806,0,9902614,-0,001197969,-0,1391898,0,0,0,0,0,0,0,0,0,0,0,0,0,0,0,0,0,0,0,0,0,0,1,1,1,False
7,686379,-10,48907,1,689037,-1,37557,-0,002654806,0,9902614,-0,001197969,-0,1391898,0,0,0,0,0,0,0,0,0,0,0,0,0,0,0,0,0,0,0,0,0,0,1,1,1,False
7,700692,-10,48907,1,689037,-1,37557,-0,002654806,0,9902614,-0,001197969,-0,1391898,0,0,0,0,0,0,0,0,0,0,0,0,0,0,0,0,0,0,0,0,0,0,1,1,1,False
7,714898,-10,48907,1,689037,-1,37557,-0,002654806,0,9902614,-0,001197969,-0,1391898,0,0,0,0,0,0,0,0,0,0,0,0,0,0,0,0,0,0,0,0,0,0,1,1,1,False
7,72839,-10,48907,1,689037,-1,37557,-0,002654806,0,9902614,-0,001197969,-0,1391898,0,0,0,0,0,0,0,0,0,0,0,0,0,0,0,0,0,0,0,0,0,0,1,1,1,False
7,742539,-10,48907,1,689037,-1,37557,-0,002654806,0,9902614,-0,001197969,-0,1391898,0,0,0,0,0,0,0,0,0,0,0,0,0,0,0,0,0,0,0,0,0,0,1,1,1,False
7,757118,-10,48907,1,689037,-1,37557,-0,002654806,0,9902614,-0,001197969,-0,1391898,0,0,0,0,0,0,0,0,0,0,0,0,0,0,0,0,0,0,0,0,0,0,1,1,1,False
7,770299,-10,48907,1,689037,-1,37557,-0,002654806,0,9902614,-0,001197969,-0,1391898,0,0,0,0,0,0,0,0,0,0,0,0,0,0,0,0,0,0,0,0,0,0,1,1,1,False
7,784359,-10,48907,1,689037,-1,37557,-0,002654806,0,9902614,-0,001197969,-0,1391898,0,0,0,0,0,0,0,0,0,0,0,0,0,0,0,0,0,0,0,0,0,0,1,1,1,False
7,809114,-10,48907,1,689037,-1,37557,-0,002654806,0,9902614,-0,001197969,-0,1391898,0,0,0,0,0,0,0,0,0,0,0,0,0,0,0,0,0,0,0,0,0,0,1,1,1,False
7,823352,-10,48907,1,689037,-1,37557,-0,002654806,0,9902614,-0,001197969,-0,1391898,0,0,0,0,0,0,0,0,0,0,0,0,0,0,0,0,0,0,0,0,0,0,1,1,1,False
7,837737,-10,48907,1,689037,-1,37557,-0,002654806,0,9902614,-0,001197969,-0,1391898,0,0,0,0,0,0,0,0,0,0,0,0,0,0,0,0,0,0,0,0,0,0,1,1,1,False
7,850949,-10,48907,1,689037,-1,37557,-0,002654806,0,9902614,-0,001197969,-0,1391898,0,0,0,0,0,0,0,0,0,0,0,0,0,0,0,0,0,0,0,0,0,0,1,1,1,False
7,865237,-10,48907,1,689037,-1,37557,-0,002654806,0,9902614,-0,001197969,-0,1391898,0,0,0,0,0,0,0,0,0,0,0,0,0,0,0,0,0,0,0,0,0,0,1,1,1,False
7,879387,-10,48907,1,689037,-1,37557,-0,002654806,0,9902614,-0,001197969,-0,1391898,0,0,0,0,0,0,0,0,0,0,0,0,0,0,0,0,0,0,0,0,0,0,1,1,1,False
7,892863,-10,48907,1,689037,-1,37557,-0,002654806,0,9902614,-0,001197969,-0,1391898,0,0,0,0,0,0,0,0,0,0,0,0,0,0,0,0,0,0,0,0,0,0,1,1,1,False
7,906887,-10,48907,1,689037,-1,37557,-0,002654806,0,9902614,-0,001197969,-0,1391898,0,0,0,0,0,0,0,0,0,0,0,0,0,0,0,0,0,0,0,0,0,0,1,1,1,False
7,921169,-10,48907,1,689037,-1,37557,-0,002654806,0,9902614,-0,001197969,-0,1391898,0,0,0,0,0,0,0,0,0,0,0,0,0,0,0,0,0,0,0,0,0,0,1,1,1,False
7,935503,-10,48907,1,689037,-1,37557,-0,002654806,0,9902614,-0,001197969,-0,1391898,0,0,0,0,0,0,0,0,0,0,0,0,0,0,0,0,0,0,0,0,0,0,1,1,1,False
7,958721,-10,48907,1,689037,-1,37557,-0,002654806,0,9902614,-0,001197969,-0,1391898,0,0,0,0,0,0,0,0,0,0,0,0,0,0,0,0,0,0,0,0,0,0,1,1,1,False
7,972996,-10,48907,1,689037,-1,37557,-0,002654806,0,9902614,-0,001197969,-0,1391898,0,0,0,0,0,0,0,0,0,0,0,0,0,0,0,0,0,0,0,0,0,0,1,1,1,False
7,986933,-10,48907,1,689037,-1,37557,-0,002654806,0,9902614,-0,001197969,-0,1391898,0,0,0,0,0,0,0,0,0,0,0,0,0,0,0,0,0,0,0,0,0,0,1,1,1,False
8,001587,-10,48907,1,689037,-1,37557,-0,002654806,0,9902614,-0,001197969,-0,1391898,0,0,0,0,0,0,0,0,0,0,0,0,0,0,0,0,0,0,0,0,0,0,1,1,1,False
8,015852,-10,48907,1,689037,-1,37557,-0,002654806,0,9902614,-0,001197969,-0,1391898,0,0,0,0,0,0,0,0,0,0,0,0,0,0,0,0,0,0,0,0,0,0,1,1,1,False
8,029645,-10,48907,1,689037,-1,37557,-0,002654806,0,9902614,-0,001197969,-0,1391898,0,0,0,0,0,0,0,0,0,0,0,0,0,0,0,0,0,0,0,0,0,0,1,1,1,False
8,043856,-10,48907,1,689037,-1,37557,-0,002654806,0,9902614,-0,001197969,-0,1391898,0,0,0,0,0,0,0,0,0,0,0,0,0,0,0,0,0,0,0,0,0,0,1,1,1,False
8,057921,-10,48907,1,689037,-1,37557,-0,002654806,0,9902614,-0,001197969,-0,1391898,0,0,0,0,0,0,0,0,0,0,0,0,0,0,0,0,0,0,0,0,0,0,1,1,1,False
8,071046,-10,48907,1,689037,-1,37557,-0,002654806,0,9902614,-0,001197969,-0,1391898,0,0,0,0,0,0,0,0,0,0,0,0,0,0,0,0,0,0,0,0,0,0,1,1,1,False
8,085192,-10,48907,1,689037,-1,37557,-0,002654806,0,9902614,-0,001197969,-0,1391898,0,0,0,0,0,0,0,0,0,0,0,0,0,0,0,0,0,0,0,0,0,0,1,1,1,False
8,099692,-10,48907,1,689037,-1,37557,-0,002654806,0,9902614,-0,001197969,-0,1391898,0,0,0,0,0,0,0,0,0,0,0,0,0,0,0,0,0,0,0,0,0,0,1,1,1,False
8,123406,-10,48907,1,689037,-1,37557,-0,002654806,0,9902614,-0,001197969,-0,1391898,0,0,0,0,0,0,0,0,0,0,0,0,0,0,0,0,0,0,0,0,0,0,1,1,1,False
8,137762,-10,48907,1,689037,-1,37557,-0,002654806,0,9902614,-0,001197969,-0,1391898,0,0,0,0,0,0,0,0,0,0,0,0,0,0,0,0,0,0,0,0,0,0,1,1,1,False
8,150372,-10,48907,1,689037,-1,37557,-0,002654806,0,9902614,-0,001197969,-0,1391898,0,0,0,0,0,0,0,0,0,0,0,0,0,0,0,0,0,0,0,0,0,0,1,1,1,False
8,164685,-10,48907,1,689037,-1,37557,-0,002654806,0,9902614,-0,001197969,-0,1391898,0,0,0,0,0,0,0,0,0,0,0,0,0,0,0,0,0,0,0,0,0,0,1,1,1,False
8,178924,-10,48907,1,689037,-1,37557,-0,002654806,0,9902614,-0,001197969,-0,1391898,0,0,0,0,0,0,0,0,0,0,0,0,0,0,0,0,0,0,0,0,0,0,1,1,1,False
8,192241,-10,48907,1,689037,-1,37557,-0,002654806,0,9902614,-0,001197969,-0,1391898,0,0,0,0,0,0,0,0,0,0,0,0,0,0,0,0,0,0,0,0,0,0,1,1,1,False
8,207009,-10,48907,1,689037,-1,37557,-0,002654806,0,9902614,-0,001197969,-0,1391898,0,0,0,0,0,0,0,0,0,0,0,0,0,0,0,0,0,0,0,0,0,0,1,1,1,False
8,22116,-10,48907,1,689037,-1,37557,-0,002654806,0,9902614,-0,001197969,-0,1391898,0,0,0,0,0,0,0,0,0,0,0,0,0,0,0,0,0,0,0,0,0,0,1,1,1,False
8,235661,-10,48907,1,689037,-1,37557,-0,002654806,0,9902614,-0,001197969,-0,1391898,0,0,0,0,0,0,0,0,0,0,0,0,0,0,0,0,0,0,0,0,0,0,1,1,1,False
8,249061,-10,48907,1,689037,-1,37557,-0,002654806,0,9902614,-0,001197969,-0,1391898,0,0,0,0,0,0,0,0,0,0,0,0,0,0,0,0,0,0,0,0,0,0,1,1,1,False
8,263108,-10,48907,1,689037,-1,37557,-0,002654806,0,9902614,-0,001197969,-0,1391898,0,0,0,0,0,0,0,0,0,0,0,0,0,0,0,0,0,0,0,0,0,0,1,1,1,False
8,287725,-10,48907,1,689037,-1,37557,-0,002654806,0,9902614,-0,001197969,-0,1391898,0,0,0,0,0,0,0,0,0,0,0,0,0,0,0,0,0,0,0,0,0,0,1,1,1,False
8,301932,-10,48907,1,689037,-1,37557,-0,002654806,0,9902614,-0,001197969,-0,1391898,0,0,0,0,0,0,0,0,0,0,0,0,0,0,0,0,0,0,0,0,0,0,1,1,1,False
8,316298,-10,48907,1,689037,-1,37557,-0,002654806,0,9902614,-0,001197969,-0,1391898,0,0,0,0,0,0,0,0,0,0,0,0,0,0,0,0,0,0,0,0,0,0,1,1,1,False
8,329741,-10,48907,1,689037,-1,37557,-0,002654806,0,9902614,-0,001197969,-0,1391898,0,0,0,0,0,0,0,0,0,0,0,0,0,0,0,0,0,0,0,0,0,0,1,1,1,False
8,343731,-10,48907,1,689037,-1,37557,-0,002654806,0,9902614,-0,001197969,-0,1391898,0,0,0,0,0,0,0,0,0,0,0,0,0,0,0,0,0,0,0,0,0,0,1,1,1,False
8,357824,-10,48907,1,689037,-1,37557,-0,002654806,0,9902614,-0,001197969,-0,1391898,0,0,0,0,0,0,0,0,0,0,0,0,0,0,0,0,0,0,0,0,0,0,1,1,1,False
8,371081,-10,48907,1,689037,-1,37557,-0,002654806,0,9902614,-0,001197969,-0,1391898,0,0,0,0,0,0,0,0,0,0,0,0,0,0,0,0,0,0,0,0,0,0,1,1,1,False
8,385175,-10,48907,1,689037,-1,37557,-0,002654806,0,9902614,-0,001197969,-0,1391898,0,0,0,0,0,0,0,0,0,0,0,0,0,0,0,0,0,0,0,0,0,0,1,1,1,False
8,399078,-10,48907,1,689037,-1,37557,-0,002654806,0,9902614,-0,001197969,-0,1391898,0,0,0,0,0,0,0,0,0,0,0,0,0,0,0,0,0,0,0,0,0,0,1,1,1,False
8,412238,-10,48907,1,689037,-1,37557,-0,002654806,0,9902614,-0,001197969,-0,1391898,0,0,0,0,0,0,0,0,0,0,0,0,0,0,0,0,0,0,0,0,0,0,1,1,1,False
8,426456,-10,48907,1,689037,-1,37557,-0,002654806,0,9902614,-0,001197969,-0,1391898,0,0,0,0,0,0,0,0,0,0,0,0,0,0,0,0,0,0,0,0,0,0,1,1,1,False
8,451403,-10,48907,1,689037,-1,37557,-0,002654806,0,9902614,-0,001197969,-0,1391898,0,0,0,0,0,0,0,0,0,0,0,0,0,0,0,0,0,0,0,0,0,0,1,1,1,False
8,465362,-10,48907,1,689037,-1,37557,-0,002654806,0,9902614,-0,001197969,-0,1391898,0,0,0,0,0,0,0,0,0,0,0,0,0,0,0,0,0,0,0,0,0,0,1,1,1,False
8,479222,-10,48907,1,689037,-1,37557,-0,002654806,0,9902614,-0,001197969,-0,1391898,0,0,0,0,0,0,0,0,0,0,0,0,0,0,0,0,0,0,0,0,0,0,1,1,1,False
8,491569,-10,48907,1,689037,-1,37557,-0,002654806,0,9902614,-0,001197969,-0,1391898,0,0,0,0,0,0,0,0,0,0,0,0,0,0,0,0,0,0,0,0,0,0,1,1,1,False
8,50492,-10,48907,1,689037,-1,37557,-0,002654806,0,9902614,-0,001197969,-0,1391898,0,0,0,0,0,0,0,0,0,0,0,0,0,0,0,0,0,0,0,0,0,0,1,1,1,False
8,519657,-10,48907,1,689037,-1,37557,-0,002654806,0,9902614,-0,001197969,-0,1391898,0,0,0,0,0,0,0,0,0,0,0,0,0,0,0,0,0,0,0,0,0,0,1,1,1,False
8,532684,-10,48907,1,689037,-1,37557,-0,002654806,0,9902614,-0,001197969,-0,1391898,0,0,0,0,0,0,0,0,0,0,0,0,0,0,0,0,0,0,0,0,0,0,1,1,1,False
8,547084,-10,48907,1,689037,-1,37557,-0,002654806,0,9902614,-0,001197969,-0,1391898,0,0,0,0,0,0,0,0,0,0,0,0,0,0,0,0,0,0,0,0,0,0,1,1,1,False
8,561503,-10,48907,1,689037,-1,37557,-0,002654806,0,9902614,-0,001197969,-0,1391898,0,0,0,0,0,0,0,0,0,0,0,0,0,0,0,0,0,0,0,0,0,0,1,1,1,False
8,575616,-10,48907,1,689037,-1,37557,-0,002654806,0,9902614,-0,001197969,-0,1391898,0,0,0,0,0,0,0,0,0,0,0,0,0,0,0,0,0,0,0,0,0,0,1,1,1,False
8,589661,-10,48907,1,689037,-1,37557,-0,002654806,0,9902614,-0,001197969,-0,1391898,0,0,0,0,0,0,0,0,0,0,0,0,0,0,0,0,0,0,0,0,0,0,1,1,1,False
8,613832,-10,48907,1,689037,-1,37557,-0,002654806,0,9902614,-0,001197969,-0,1391898,0,0,0,0,0,0,0,0,0,0,0,0,0,0,0,0,0,0,0,0,0,0,1,1,1,False
8,628234,-10,48907,1,689037,-1,37557,-0,002654806,0,9902614,-0,001197969,-0,1391898,0,0,0,0,0,0,0,0,0,0,0,0,0,0,0,0,0,0,0,0,0,0,1,1,1,False
8,643024,-10,48907,1,689037,-1,37557,-0,002654806,0,9902614,-0,001197969,-0,1391898,0,0,0,0,0,0,0,0,0,0,0,0,0,0,0,0,0,0,0,0,0,0,1,1,1,False
8,65761,-10,48907,1,689037,-1,37557,-0,002654806,0,9902614,-0,001197969,-0,1391898,0,0,0,0,0,0,0,0,0,0,0,0,0,0,0,0,0,0,0,0,0,0,1,1,1,False
8,671124,-10,48907,1,689037,-1,37557,-0,002654806,0,9902614,-0,001197969,-0,1391898,0,0,0,0,0,0,0,0,0,0,0,0,0,0,0,0,0,0,0,0,0,0,1,1,1,False
8,684477,-10,48907,1,689037,-1,37557,-0,002654806,0,9902614,-0,001197969,-0,1391898,0,0,0,0,0,0,0,0,0,0,0,0,0,0,0,0,0,0,0,0,0,0,1,1,1,False
8,697821,-10,48907,1,689037,-1,37557,-0,002654806,0,9902614,-0,001197969,-0,1391898,0,0,0,0,0,0,0,0,0,0,0,0,0,0,0,0,0,0,0,0,0,0,1,1,1,False
8,71027,-10,48907,1,689037,-1,37557,-0,002654806,0,9902614,-0,001197969,-0,1391898,0,0,0,0,0,0,0,0,0,0,0,0,0,0,0,0,0,0,0,0,0,0,1,1,1,False
8,724292,-10,48907,1,689037,-1,37557,-0,002654806,0,9902614,-0,001197969,-0,1391898,0,0,0,0,0,0,0,0,0,0,0,0,0,0,0,0,0,0,0,0,0,0,1,1,1,False
8,738791,-10,48907,1,689037,-1,37557,-0,002654806,0,9902614,-0,001197969,-0,1391898,0,0,0,0,0,0,0,0,0,0,0,0,0,0,0,0,0,0,0,0,0,0,1,1,1,False
8,752484,-10,48907,1,689037,-1,37557,-0,002654806,0,9902614,-0,001197969,-0,1391898,0,0,0,0,0,0,0,0,0,0,0,0,0,0,0,0,0,0,0,0,0,0,1,1,1,False
8,777664,-10,48907,1,689037,-1,37557,-0,002654806,0,9902614,-0,001197969,-0,1391898,0,0,0,0,0,0,0,0,0,0,0,0,0,0,0,0,0,0,0,0,0,0,1,1,1,False
8,791968,-10,48907,1,689037,-1,37557,-0,002654806,0,9902614,-0,001197969,-0,1391898,0,0,0,0,0,0,0,0,0,0,0,0,0,0,0,0,0,0,0,0,0,0,1,1,1,False
8,80606,-10,48907,1,689037,-1,37557,-0,002654806,0,9902614,-0,001197969,-0,1391898,0,0,0,0,0,0,0,0,0,0,0,0,0,0,0,0,0,0,0,0,0,0,1,1,1,False
8,819526,-10,48907,1,689037,-1,37557,-0,002654806,0,9902614,-0,001197969,-0,1391898,0,0,0,0,0,0,0,0,0,0,0,0,0,0,0,0,0,0,0,0,0,0,1,1,1,False
8,83299,-10,48907,1,689037,-1,37557,-0,002654806,0,9902614,-0,001197969,-0,1391898,0,0,0,0,0,0,0,0,0,0,0,0,0,0,0,0,0,0,0,0,0,0,1,1,1,False
8,847301,-10,48907,1,689037,-1,37557,-0,002654806,0,9902614,-0,001197969,-0,1391898,0,0,0,0,0,0,0,0,0,0,0,0,0,0,0,0,0,0,0,0,0,0,1,1,1,False
8,861486,-10,48907,1,689037,-1,37557,-0,002654806,0,9902614,-0,001197969,-0,1391898,0,0,0,0,0,0,0,0,0,0,0,0,0,0,0,0,0,0,0,0,0,0,1,1,1,False
8,875623,-10,48907,1,689037,-1,37557,-0,002654806,0,9902614,-0,001197969,-0,1391898,0,0,0,0,0,0,0,0,0,0,0,0,0,0,0,0,0,0,0,0,0,0,1,1,1,False
8,888977,-10,48907,1,689037,-1,37557,-0,002654806,0,9902614,-0,001197969,-0,1391898,0,0,0,0,0,0,0,0,0,0,0,0,0,0,0,0,0,0,0,0,0,0,1,1,1,False
8,903183,-10,48907,1,689037,-1,37557,-0,002654806,0,9902614,-0,001197969,-0,1391898,0,0,0,0,0,0,0,0,0,0,0,0,0,0,0,0,0,0,0,0,0,0,1,1,1,False
8,927696,-10,48907,1,689037,-1,37557,-0,002654806,0,9902614,-0,001197969,-0,1391898,0,0,0,0,0,0,0,0,0,0,0,0,0,0,0,0,0,0,0,0,0,0,1,1,1,False
8,942238,-10,48907,1,689037,-1,37557,-0,002654806,0,9902614,-0,001197969,-0,1391898,0,0,0,0,0,0,0,0,0,0,0,0,0,0,0,0,0,0,0,0,0,0,1,1,1,False
8,956909,-10,48907,1,689037,-1,37557,-0,002654806,0,9902614,-0,001197969,-0,1391898,0,0,0,0,0,0,0,0,0,0,0,0,0,0,0,0,0,0,0,0,0,0,1,1,1,False
8,96981,-10,48907,1,689037,-1,37557,-0,002654806,0,9902614,-0,001197969,-0,1391898,0,0,0,0,0,0,0,0,0,0,0,0,0,0,0,0,0,0,0,0,0,0,1,1,1,False
8,983342,-10,48907,1,689037,-1,37557,-0,002654806,0,9902614,-0,001197969,-0,1391898,0,0,0,0,0,0,0,0,0,0,0,0,0,0,0,0,0,0,0,0,0,0,1,1,1,False
8,996572,-10,48907,1,689037,-1,37557,-0,002654806,0,9902614,-0,001197969,-0,1391898,0,0,0,0,0,0,0,0,0,0,0,0,0,0,0,0,0,0,0,0,0,0,1,1,1,False
9,009923,-10,48907,1,689037,-1,37557,-0,002654806,0,9902614,-0,001197969,-0,1391898,0,0,0,0,0,0,0,0,0,0,0,0,0,0,0,0,0,0,0,0,0,0,1,1,1,False
9,024105,-10,48907,1,689037,-1,37557,-0,002654806,0,9902614,-0,001197969,-0,1391898,0,0,0,0,0,0,0,0,0,0,0,0,0,0,0,0,0,0,0,0,0,0,1,1,1,False
9,038754,-10,48907,1,689037,-1,37557,-0,002654806,0,9902614,-0,001197969,-0,1391898,0,0,0,0,0,0,0,0,0,0,0,0,0,0,0,0,0,0,0,0,0,0,1,1,1,False
9,052739,-10,48907,1,689037,-1,37557,-0,002654806,0,9902614,-0,001197969,-0,1391898,0,0,0,0,0,0,0,0,0,0,0,0,0,0,0,0,0,0,0,0,0,0,1,1,1,False
9,067009,-10,48907,1,689037,-1,37557,-0,002654806,0,9902614,-0,001197969,-0,1391898,0,0,0,0,0,0,0,0,0,0,0,0,0,0,0,0,0,0,0,0,0,0,1,1,1,False
9,091311,-10,48907,1,689037,-1,37557,-0,002654806,0,9902614,-0,001197969,-0,1391898,0,0,0,0,0,0,0,0,0,0,0,0,0,0,0,0,0,0,0,0,0,0,1,1,1,False
9,105524,-10,48907,1,689037,-1,37557,-0,002654806,0,9902614,-0,001197969,-0,1391898,0,0,0,0,0,0,0,0,0,0,0,0,0,0,0,0,0,0,0,0,0,0,1,1,1,False
9,120001,-10,48907,1,689037,-1,37557,-0,002654806,0,9902614,-0,001197969,-0,1391898,0,0,0,0,0,0,0,0,0,0,0,0,0,0,0,0,0,0,0,0,0,0,1,1,1,False
9,134433,-10,48907,1,689037,-1,37557,-0,002654806,0,9902614,-0,001197969,-0,1391898,0,0,0,0,0,0,0,0,0,0,0,0,0,0,0,0,0,0,0,0,0,0,1,1,1,False
9,147852,-10,48907,1,689037,-1,37557,-0,002654806,0,9902614,-0,001197969,-0,1391898,0,0,0,0,0,0,0,0,0,0,0,0,0,0,0,0,0,0,0,0,0,0,1,1,1,False
9,162146,-10,48907,1,689037,-1,37557,-0,002654806,0,9902614,-0,001197969,-0,1391898,0,0,0,0,0,0,0,0,0,0,0,0,0,0,0,0,0,0,0,0,0,0,1,1,1,False
9,17651,-10,48907,1,689037,-1,37557,-0,002654806,0,9902614,-0,001197969,-0,1391898,0,0,0,0,0,0,0,0,0,0,0,0,0,0,0,0,0,0,0,0,0,0,1,1,1,False
9,190279,-10,48907,1,689037,-1,37557,-0,002654806,0,9902614,-0,001197969,-0,1391898,0,0,0,0,0,0,0,0,0,0,0,0,0,0,0,0,0,0,0,0,0,0,1,1,1,False
9,203819,-10,48907,1,689037,-1,37557,-0,002654806,0,9902614,-0,001197969,-0,1391898,0,0,0,0,0,0,0,0,0,0,0,0,0,0,0,0,0,0,0,0,0,0,1,1,1,False
9,217316,-10,48907,1,689037,-1,37557,-0,002654806,0,9902614,-0,001197969,-0,1391898,0,0,0,0,0,0,0,0,0,0,0,0,0,0,0,0,0,0,0,0,0,0,1,1,1,False
9,240888,-10,48907,1,689037,-1,37557,-0,002654806,0,9902614,-0,001197969,-0,1391898,0,0,0,0,0,0,0,0,0,0,0,0,0,0,0,0,0,0,0,0,0,0,1,1,1,False
9,254537,-10,48907,1,689037,-1,37557,-0,002654806,0,9902614,-0,001197969,-0,1391898,0,0,0,0,0,0,0,0,0,0,0,0,0,0,0,0,0,0,0,0,0,0,1,1,1,False
9,267885,-10,48907,1,689037,-1,37557,-0,002654806,0,9902614,-0,001197969,-0,1391898,0,0,0,0,0,0,0,0,0,0,0,0,0,0,0,0,0,0,0,0,0,0,1,1,1,False
9,281542,-10,48907,1,689037,-1,37557,-0,002654806,0,9902614,-0,001197969,-0,1391898,0,0,0,0,0,0,0,0,0,0,0,0,0,0,0,0,0,0,0,0,0,0,1,1,1,False
9,295756,-10,48907,1,689037,-1,37557,-0,002654806,0,9902614,-0,001197969,-0,1391898,0,0,0,0,0,0,0,0,0,0,0,0,0,0,0,0,0,0,0,0,0,0,1,1,1,False
9,308429,-10,48907,1,689037,-1,37557,-0,002654806,0,9902614,-0,001197969,-0,1391898,0,0,0,0,0,0,0,0,0,0,0,0,0,0,0,0,0,0,0,0,0,0,1,1,1,False
9,321651,-10,48907,1,689037,-1,37557,-0,002654806,0,9902614,-0,001197969,-0,1391898,0,0,0,0,0,0,0,0,0,0,0,0,0,0,0,0,0,0,0,0,0,0,1,1,1,False
9,335177,-10,48907,1,689037,-1,37557,-0,002654806,0,9902614,-0,001197969,-0,1391898,0,0,0,0,0,0,0,0,0,0,0,0,0,0,0,0,0,0,0,0,0,0,1,1,1,False
9,348026,-10,48907,1,689037,-1,37557,-0,002654806,0,9902614,-0,001197969,-0,1391898,0,0,0,0,0,0,0,0,0,0,0,0,0,0,0,0,0,0,0,0,0,0,1,1,1,False
9,361342,-10,48907,1,689037,-1,37557,-0,002654806,0,9902614,-0,001197969,-0,1391898,0,0,0,0,0,0,0,0,0,0,0,0,0,0,0,0,0,0,0,0,0,0,1,1,1,False
9,374941,-10,48907,1,689037,-1,37557,-0,002654806,0,9902614,-0,001197969,-0,1391898,0,0,0,0,0,0,0,0,0,0,0,0,0,0,0,0,0,0,0,0,0,0,1,1,1,False
9,398406,-10,48907,1,689037,-1,37557,-0,002654806,0,9902614,-0,001197969,-0,1391898,0,0,0,0,0,0,0,0,0,0,0,0,0,0,0,0,0,0,0,0,0,0,1,1,1,False
9,412696,-10,48907,1,689037,-1,37557,-0,002654806,0,9902614,-0,001197969,-0,1391898,0,0,0,0,0,0,0,0,0,0,0,0,0,0,0,0,0,0,0,0,0,0,1,1,1,False
9,426034,-10,48907,1,689037,-1,37557,-0,002654806,0,9902614,-0,001197969,-0,1391898,0,0,0,0,0,0,0,0,0,0,0,0,0,0,0,0,0,0,0,0,0,0,1,1,1,False
9,44035,-10,48907,1,689037,-1,37557,-0,002654806,0,9902614,-0,001197969,-0,1391898,0,0,0,0,0,0,0,0,0,0,0,0,0,0,0,0,0,0,0,0,0,0,1,1,1,False
9,454876,-10,48907,1,689037,-1,37557,-0,002654806,0,9902614,-0,001197969,-0,1391898,0,0,0,0,0,0,0,0,0,0,0,0,0,0,0,0,0,0,0,0,0,0,1,1,1,False
9,468714,-10,48907,1,689037,-1,37557,-0,002654806,0,9902614,-0,001197969,-0,1391898,0,0,0,0,0,0,0,0,0,0,0,0,0,0,0,0,0,0,0,0,0,0,1,1,1,False
9,482388,-10,48907,1,689037,-1,37557,-0,002654806,0,9902614,-0,001197969,-0,1391898,0,0,0,0,0,0,0,0,0,0,0,0,0,0,0,0,0,0,0,0,0,0,1,1,1,False
9,496575,-10,48907,1,689037,-1,37557,-0,002654806,0,9902614,-0,001197969,-0,1391898,0,0,0,0,0,0,0,0,0,0,0,0,0,0,0,0,0,0,0,0,0,0,1,1,1,False
9,51003,-10,48907,1,689037,-1,37557,-0,002654806,0,9902614,-0,001197969,-0,1391898,0,0,0,0,0,0,0,0,0,0,0,0,0,0,0,0,0,0,0,0,0,0,1,1,1,False
9,523478,-10,48907,1,689037,-1,37557,-0,002654806,0,9902614,-0,001197969,-0,1391898,0,0,0,0,0,0,0,0,0,0,0,0,0,0,0,0,0,0,0,0,0,0,1,1,1,False
9,537942,-10,48907,1,689037,-1,37557,-0,002654806,0,9902614,-0,001197969,-0,1391898,0,0,0,0,0,0,0,0,0,0,0,0,0,0,0,0,0,0,0,0,0,0,1,1,1,False
9,561456,-10,48907,1,689037,-1,37557,-0,002654806,0,9902614,-0,001197969,-0,1391898,0,0,0,0,0,0,0,0,0,0,0,0,0,0,0,0,0,0,0,0,0,0,1,1,1,False
9,575243,-10,48907,1,689037,-1,37557,-0,002654806,0,9902614,-0,001197969,-0,1391898,0,0,0,0,0,0,0,0,0,0,0,0,0,0,0,0,0,0,0,0,0,0,1,1,1,False
9,588201,-10,48907,1,689037,-1,37557,-0,002654806,0,9902614,-0,001197969,-0,1391898,0,0,0,0,0,0,0,0,0,0,0,0,0,0,0,0,0,0,0,0,0,0,1,1,1,False
9,601662,-10,48907,1,689037,-1,37557,-0,002654806,0,9902614,-0,001197969,-0,1391898,0,0,0,0,0,0,0,0,0,0,0,0,0,0,0,0,0,0,0,0,0,0,1,1,1,False
9,615029,-10,48907,1,689037,-1,37557,-0,002654806,0,9902614,-0,001197969,-0,1391898,0,0,0,0,0,0,0,0,0,0,0,0,0,0,0,0,0,0,0,0,0,0,1,1,1,False
9,62752,-10,48907,1,689037,-1,37557,-0,002654806,0,9902614,-0,001197969,-0,1391898,0,0,0,0,0,0,0,0,0,0,0,0,0,0,0,0,0,0,0,0,0,0,1,1,1,False
9,641089,-10,48907,1,689037,-1,37557,-0,002654806,0,9902614,-0,001197969,-0,1391898,0,0,0,0,0,0,0,0,0,0,0,0,0,0,0,0,0,0,0,0,0,0,1,1,1,False
9,656191,-10,48907,1,689037,-1,37557,-0,002654806,0,9902614,-0,001197969,-0,1391898,0,0,0,0,0,0,0,0,0,0,0,0,0,0,0,0,0,0,0,0,0,0,1,1,1,False
9,668927,-10,48907,1,689037,-1,37557,-0,002654806,0,9902614,-0,001197969,-0,1391898,0,0,0,0,0,0,0,0,0,0,0,0,0,0,0,0,0,0,0,0,0,0,1,1,1,False
9,68229,-10,48907,1,689037,-1,37557,-0,002654806,0,9902614,-0,001197969,-0,1391898,0,0,0,0,0,0,0,0,0,0,0,0,0,0,0,0,0,0,0,0,0,0,1,1,1,False
9,696228,-10,48907,1,689037,-1,37557,-0,002654806,0,9902614,-0,001197969,-0,1391898,0,0,0,0,0,0,0,0,0,0,0,0,0,0,0,0,0,0,0,0,0,0,1,1,1,False
9,718694,-10,48907,1,689037,-1,37557,-0,002654806,0,9902614,-0,001197969,-0,1391898,0,0,0,0,0,0,0,0,0,0,0,0,0,0,0,0,0,0,0,0,0,0,1,1,1,False
9,732262,-10,48907,1,689037,-1,37557,-0,002654806,0,9902614,-0,001197969,-0,1391898,0,0,0,0,0,0,0,0,0,0,0,0,0,0,0,0,0,0,0,0,0,0,1,1,1,False
9,746018,-10,48907,1,689037,-1,37557,-0,002654806,0,9902614,-0,001197969,-0,1391898,0,0,0,0,0,0,0,0,0,0,0,0,0,0,0,0,0,0,0,0,0,0,1,1,1,False
9,760522,-10,48907,1,689037,-1,37557,-0,002654806,0,9902614,-0,001197969,-0,1391898,0,0,0,0,0,0,0,0,0,0,0,0,0,0,0,0,0,0,0,0,0,0,1,1,1,False
9,774826,-10,48907,1,689037,-1,37557,-0,002654806,0,9902614,-0,001197969,-0,1391898,0,0,0,0,0,0,0,0,0,0,0,0,0,0,0,0,0,0,0,0,0,0,1,1,1,False
9,790121,-10,48907,1,689037,-1,37557,-0,002654806,0,9902614,-0,001197969,-0,1391898,0,0,0,0,0,0,0,0,0,0,0,0,0,0,0,0,0,0,0,0,0,0,1,1,1,False
9,804324,-10,48907,1,689037,-1,37557,-0,002654806,0,9902614,-0,001197969,-0,1391898,0,0,0,0,0,0,0,0,0,0,0,0,0,0,0,0,0,0,0,0,0,0,1,1,1,False
9,818917,-10,48907,1,689037,-1,37557,-0,002654806,0,9902614,-0,001197969,-0,1391898,0,0,0,0,0,0,0,0,0,0,0,0,0,0,0,0,0,0,0,0,0,0,1,1,1,False
9,832189,-10,48907,1,689037,-1,37557,-0,002654806,0,9902614,-0,001197969,-0,1391898,0,0,0,0,0,0,0,0,0,0,0,0,0,0,0,0,0,0,0,0,0,0,1,1,1,False
9,846631,-10,48907,1,689037,-1,37557,-0,002654806,0,9902614,-0,001197969,-0,1391898,0,0,0,0,0,0,0,0,0,0,0,0,0,0,0,0,0,0,0,0,0,0,1,1,1,False
9,870275,-10,48907,1,689037,-1,37557,-0,002654806,0,9902614,-0,001197969,-0,1391898,0,0,0,0,0,0,0,0,0,0,0,0,0,0,0,0,0,0,0,0,0,0,1,1,1,False
9,883498,-10,48907,1,689037,-1,37557,-0,002654806,0,9902614,-0,001197969,-0,1391898,0,0,0,0,0,0,0,0,0,0,0,0,0,0,0,0,0,0,0,0,0,0,1,1,1,False
9,896928,-10,48907,1,689037,-1,37557,-0,002654806,0,9902614,-0,001197969,-0,1391898,0,0,0,0,0,0,0,0,0,0,0,0,0,0,0,0,0,0,0,0,0,0,1,1,1,False
9,910544,-10,48907,1,689037,-1,37557,-0,002654806,0,9902614,-0,001197969,-0,1391898,0,0,0,0,0,0,0,0,0,0,0,0,0,0,0,0,0,0,0,0,0,0,1,1,1,False
9,92411,-10,48907,1,689037,-1,37557,-0,002654806,0,9902614,-0,001197969,-0,1391898,0,0,0,0,0,0,0,0,0,0,0,0,0,0,0,0,0,0,0,0,0,0,1,1,1,False
9,938546,-10,48907,1,689037,-1,37557,-0,002654806,0,9902614,-0,001197969,-0,1391898,0,0,0,0,0,0,0,0,0,0,0,0,0,0,0,0,0,0,0,0,0,0,1,1,1,False
9,951165,-10,48907,1,689037,-1,37557,-0,002654806,0,9902614,-0,001197969,-0,1391898,0,0,0,0,0,0,0,0,0,0,0,0,0,0,0,0,0,0,0,0,0,0,1,1,1,False
9,964745,-10,48907,1,689037,-1,37557,-0,002654806,0,9902614,-0,001197969,-0,1391898,0,0,0,0,0,0,0,0,0,0,0,0,0,0,0,0,0,0,0,0,0,0,1,1,1,False
9,978185,-10,48907,1,689037,-1,37557,-0,002654806,0,9902614,-0,001197969,-0,1391898,0,0,0,0,0,0,0,0,0,0,0,0,0,0,0,0,0,0,0,0,0,0,1,1,1,False
9,990767,-10,48907,1,689037,-1,37557,-0,002654806,0,9902614,-0,001197969,-0,1391898,0,0,0,0,0,0,0,0,0,0,0,0,0,0,0,0,0,0,0,0,0,0,1,1,1,False
10,00434,-10,48907,1,689037,-1,37557,-0,002654806,0,9902614,-0,001197969,-0,1391898,0,0,0,0,0,0,0,0,0,0,0,0,0,0,0,0,0,0,0,0,0,0,1,1,1,False
10,02797,-10,48907,1,689037,-1,37557,-0,002654806,0,9902614,-0,001197969,-0,1391898,0,0,0,0,0,0,0,0,0,0,0,0,0,0,0,0,0,0,0,0,0,0,1,1,1,False
10,04159,-10,48907,1,689037,-1,37557,-0,002654806,0,9902614,-0,001197969,-0,1391898,0,0,0,0,0,0,0,0,0,0,0,0,0,0,0,0,0,0,0,0,0,0,1,1,1,False
10,05511,-10,48907,1,689037,-1,37557,-0,002654806,0,9902614,-0,001197969,-0,1391898,0,0,0,0,0,0,0,0,0,0,0,0,0,0,0,0,0,0,0,0,0,0,1,1,1,False
10,06836,-10,48907,1,689037,-1,37557,-0,002654806,0,9902614,-0,001197969,-0,1391898,0,0,0,0,0,0,0,0,0,0,0,0,0,0,0,0,0,0,0,0,0,0,1,1,1,False
10,08281,-10,48907,1,689037,-1,37557,-0,002654806,0,9902614,-0,001197969,-0,1391898,0,0,0,0,0,0,0,0,0,0,0,0,0,0,0,0,0,0,0,0,0,0,1,1,1,False
10,09698,-10,48907,1,689037,-1,37557,-0,002654806,0,9902614,-0,001197969,-0,1391898,0,0,0,0,0,0,0,0,0,0,0,0,0,0,0,0,0,0,0,0,0,0,1,1,1,False
10,11033,-10,48907,1,689037,-1,37557,-0,002654806,0,9902614,-0,001197969,-0,1391898,0,0,0,0,0,0,0,0,0,0,0,0,0,0,0,0,0,0,0,0,0,0,1,1,1,False
10,12435,-10,48907,1,689037,-1,37557,-0,002654806,0,9902614,-0,001197969,-0,1391898,0,0,0,0,0,0,0,0,0,0,0,0,0,0,0,0,0,0,0,0,0,0,1,1,1,False
10,13867,-10,48907,1,689037,-1,37557,-0,002654806,0,9902614,-0,001197969,-0,1391898,0,0,0,0,0,0,0,0,0,0,0,0,0,0,0,0,0,0,0,0,0,0,1,1,1,False
10,1521,-10,48907,1,689037,-1,37557,-0,002654806,0,9902614,-0,001197969,-0,1391898,0,0,0,0,0,0,0,0,0,0,0,0,0,0,0,0,0,0,0,0,0,0,1,1,1,False
10,16673,-10,48907,1,689037,-1,37557,-0,002654806,0,9902614,-0,001197969,-0,1391898,0,0,0,0,0,0,0,0,0,0,0,0,0,0,0,0,0,0,0,0,0,0,1,1,1,False
10,1909,-10,48907,1,689037,-1,37557,-0,002654806,0,9902614,-0,001197969,-0,1391898,0,0,0,0,0,0,0,0,0,0,0,0,0,0,0,0,0,0,0,0,0,0,1,1,1,False
10,20506,-10,48907,1,689037,-1,37557,-0,002654806,0,9902614,-0,001197969,-0,1391898,0,0,0,0,0,0,0,0,0,0,0,0,0,0,0,0,0,0,0,0,0,0,1,1,1,False
10,21962,-10,48907,1,689037,-1,37557,-0,002654806,0,9902614,-0,001197969,-0,1391898,0,0,0,0,0,0,0,0,0,0,0,0,0,0,0,0,0,0,0,0,0,0,1,1,1,False
10,23302,-10,48907,1,689037,-1,37557,-0,002654806,0,9902614,-0,001197969,-0,1391898,0,0,0,0,0,0,0,0,0,0,0,0,0,0,0,0,0,0,0,0,0,0,1,1,1,False
10,24751,-10,48907,1,689037,-1,37557,-0,002654806,0,9902614,-0,001197969,-0,1391898,0,0,0,0,0,0,0,0,0,0,0,0,0,0,0,0,0,0,0,0,0,0,1,1,1,False
10,26166,-10,48907,1,689037,-1,37557,-0,002654806,0,9902614,-0,001197969,-0,1391898,0,0,0,0,0,0,0,0,0,0,0,0,0,0,0,0,0,0,0,0,0,0,1,1,1,False
10,2759,-10,48907,1,689037,-1,37557,-0,002654806,0,9902614,-0,001197969,-0,1391898,0,0,0,0,0,0,0,0,0,0,0,0,0,0,0,0,0,0,0,0,0,0,1,1,1,False
10,28927,-10,48907,1,689037,-1,37557,-0,002654806,0,9902614,-0,001197969,-0,1391898,0,0,0,0,0,0,0,0,0,0,0,0,0,0,0,0,0,0,0,0,0,0,1,1,1,False
10,30344,-10,48907,1,689037,-1,37557,-0,002654806,0,9902614,-0,001197969,-0,1391898,0,0,0,0,0,0,0,0,0,0,0,0,0,0,0,0,0,0,0,0,0,0,1,1,1,False
10,31767,-10,48907,1,689037,-1,37557,-0,002654806,0,9902614,-0,001197969,-0,1391898,0,0,0,0,0,0,0,0,0,0,0,0,0,0,0,0,0,0,0,0,0,0,1,1,1,False
10,34093,-10,48907,1,689037,-1,37557,-0,002654806,0,9902614,-0,001197969,-0,1391898,0,0,0,0,0,0,0,0,0,0,0,0,0,0,0,0,0,0,0,0,0,0,1,1,1,False
10,35436,-10,48907,1,689037,-1,37557,-0,002654806,0,9902614,-0,001197969,-0,1391898,0,0,0,0,0,0,0,0,0,0,0,0,0,0,0,0,0,0,0,0,0,0,1,1,1,False
10,36701,-10,48907,1,689037,-1,37557,-0,002654806,0,9902614,-0,001197969,-0,1391898,0,0,0,0,0,0,0,0,0,0,0,0,0,0,0,0,0,0,0,0,0,0,1,1,1,False
10,38047,-10,48907,1,689037,-1,37557,-0,002654806,0,9902614,-0,001197969,-0,1391898,0,0,0,0,0,0,0,0,0,0,0,0,0,0,0,0,0,0,0,0,0,0,1,1,1,False
10,3938,-10,48907,1,689037,-1,37557,-0,002654806,0,9902614,-0,001197969,-0,1391898,0,0,0,0,0,0,0,0,0,0,0,0,0,0,0,0,0,0,0,0,0,0,1,1,1,False
10,40657,-10,48907,1,689037,-1,37557,-0,002654806,0,9902614,-0,001197969,-0,1391898,0,0,0,0,0,0,0,0,0,0,0,0,0,0,0,0,0,0,0,0,0,0,1,1,1,False
10,42016,-10,48907,1,689037,-1,37557,-0,002654806,0,9902614,-0,001197969,-0,1391898,0,0,0,0,0,0,0,0,0,0,0,0,0,0,0,0,0,0,0,0,0,0,1,1,1,False
10,43367,-10,48907,1,689037,-1,37557,-0,002654806,0,9902614,-0,001197969,-0,1391898,0,0,0,0,0,0,0,0,0,0,0,0,0,0,0,0,0,0,0,0,0,0,1,1,1,False
10,4472,-10,48907,1,689037,-1,37557,-0,002654806,0,9902614,-0,001197969,-0,1391898,0,0,0,0,0,0,0,0,0,0,0,0,0,0,0,0,0,0,0,0,0,0,1,1,1,False
10,46185,-10,48907,1,689037,-1,37557,-0,002654806,0,9902614,-0,001197969,-0,1391898,0,0,0,0,0,0,0,0,0,0,0,0,0,0,0,0,0,0,0,0,0,0,1,1,1,False
10,47615,-10,48907,1,689037,-1,37557,-0,002654806,0,9902614,-0,001197969,-0,1391898,0,0,0,0,0,0,0,0,0,0,0,0,0,0,0,0,0,0,0,0,0,0,1,1,1,False
10,49956,-10,48907,1,689037,-1,37557,-0,002654806,0,9902614,-0,001197969,-0,1391898,0,0,0,0,0,0,0,0,0,0,0,0,0,0,0,0,0,0,0,0,0,0,1,1,1,False
10,51289,-10,48907,1,689037,-1,37557,-0,002654806,0,9902614,-0,001197969,-0,1391898,0,0,0,0,0,0,0,0,0,0,0,0,0,0,0,0,0,0,0,0,0,0,1,1,1,False
10,52715,-10,48907,1,689037,-1,37557,-0,002654806,0,9902614,-0,001197969,-0,1391898,0,0,0,0,0,0,0,0,0,0,0,0,0,0,0,0,0,0,0,0,0,0,1,1,1,False
10,54116,-10,48907,1,689037,-1,37557,-0,002654806,0,9902614,-0,001197969,-0,1391898,0,0,0,0,0,0,0,0,0,0,0,0,0,0,0,0,0,0,0,0,0,0,1,1,1,False
10,55577,-10,48907,1,689037,-1,37557,-0,002654806,0,9902614,-0,001197969,-0,1391898,0,0,0,0,0,0,0,0,0,0,0,0,0,0,0,0,0,0,0,0,0,0,1,1,1,False
10,56937,-10,48907,1,689037,-1,37557,-0,002654806,0,9902614,-0,001197969,-0,1391898,0,0,0,0,0,0,0,0,0,0,0,0,0,0,0,0,0,0,0,0,0,0,1,1,1,False
10,58401,-10,48907,1,689037,-1,37557,-0,002654806,0,9902614,-0,001197969,-0,1391898,0,0,0,0,0,0,0,0,0,0,0,0,0,0,0,0,0,0,0,0,0,0,1,1,1,False
10,59859,-10,48907,1,689037,-1,37557,-0,002654806,0,9902614,-0,001197969,-0,1391898,0,0,0,0,0,0,0,0,0,0,0,0,0,0,0,0,0,0,0,0,0,0,1,1,1,False
10,61148,-10,48907,1,689037,-1,37557,-0,002654806,0,9902614,-0,001197969,-0,1391898,0,0,0,0,0,0,0,0,0,0,0,0,0,0,0,0,0,0,0,0,0,0,1,1,1,False
10,62596,-10,48907,1,689037,-1,37557,-0,002654806,0,9902614,-0,001197969,-0,1391898,0,0,0,0,0,0,0,0,0,0,0,0,0,0,0,0,0,0,0,0,0,0,1,1,1,False
10,64136,-10,48907,1,689037,-1,37557,-0,002654806,0,9902614,-0,001197969,-0,1391898,0,0,0,0,0,0,0,0,0,0,0,0,0,0,0,0,0,0,0,0,0,0,1,1,1,False
10,6653,-10,48907,1,689037,-1,37557,-0,002654806,0,9902614,-0,001197969,-0,1391898,0,0,0,0,0,0,0,0,0,0,0,0,0,0,0,0,0,0,0,0,0,0,1,1,1,False
10,67891,-10,48907,1,689037,-1,37557,-0,002654806,0,9902614,-0,001197969,-0,1391898,0,0,0,0,0,0,0,0,0,0,0,0,0,0,0,0,0,0,0,0,0,0,1,1,1,False
10,69386,-10,48907,1,689037,-1,37557,-0,002654806,0,9902614,-0,001197969,-0,1391898,0,0,0,0,0,0,0,0,0,0,0,0,0,0,0,0,0,0,0,0,0,0,1,1,1,False
10,71002,-10,48907,1,689037,-1,37557,-0,002654806,0,9902614,-0,001197969,-0,1391898,0,0,0,0,0,0,0,0,0,0,0,0,0,0,0,0,0,0,0,0,0,0,1,1,1,False
10,72484,-10,48907,1,689037,-1,37557,-0,002654806,0,9902614,-0,001197969,-0,1391898,0,0,0,0,0,0,0,0,0,0,0,0,0,0,0,0,0,0,0,0,0,0,1,1,1,False
10,73965,-10,48907,1,689037,-1,37557,-0,002654806,0,9902614,-0,001197969,-0,1391898,0,0,0,0,0,0,0,0,0,0,0,0,0,0,0,0,0,0,0,0,0,0,1,1,1,False
10,75351,-10,48907,1,689037,-1,37557,-0,002654806,0,9902614,-0,001197969,-0,1391898,0,0,0,0,0,0,0,0,0,0,0,0,0,0,0,0,0,0,0,0,0,0,1,1,1,False
10,7681,-10,48907,1,689037,-1,37557,-0,002654806,0,9902614,-0,001197969,-0,1391898,0,0,0,0,0,0,0,0,0,0,0,0,0,0,0,0,0,0,0,0,0,0,1,1,1,False
10,78442,-10,48907,1,689037,-1,37557,-0,002654806,0,9902614,-0,001197969,-0,1391898,0,0,0,0,0,0,0,0,0,0,0,0,0,0,0,0,0,0,0,0,0,0,1,1,1,False
10,80152,-10,48907,1,689037,-1,37557,-0,002654806,0,9902614,-0,001197969,-0,1391898,0,0,0,0,0,0,0,0,0,0,0,0,0,0,0,0,0,0,0,0,0,0,1,1,1,False
10,8387,-10,48907,1,689037,-1,37557,-0,002654806,0,9902614,-0,001197969,-0,1391898,0,0,0,0,0,0,0,0,0,0,0,0,0,0,0,0,0,0,0,0,0,0,1,1,1,False
10,86915,-10,48907,1,689037,-1,37557,-0,002654806,0,9902614,-0,001197969,-0,1391898,0,0,0,0,0,0,0,0,0,0,0,0,0,0,0,0,0,0,0,0,0,0,1,1,1,False
10,88554,-10,48907,1,689037,-1,37557,-0,002654806,0,9902614,-0,001197969,-0,1391898,0,0,0,0,0,0,0,0,0,0,0,0,0,0,0,0,0,0,0,0,0,0,1,1,1,False
10,90106,-10,48907,1,689037,-1,37557,-0,002654806,0,9902614,-0,001197969,-0,1391898,0,0,0,0,0,0,0,0,0,0,0,0,0,0,0,0,0,0,0,0,0,0,1,1,1,False
10,9167,-10,48907,1,689037,-1,37557,-0,002654806,0,9902614,-0,001197969,-0,1391898,0,0,0,0,0,0,0,0,0,0,0,0,0,0,0,0,0,0,0,0,0,0,1,1,1,False
10,93082,-10,48907,1,689037,-1,37557,-0,002654806,0,9902614,-0,001197969,-0,1391898,0,0,0,0,0,0,0,0,0,0,0,0,0,0,0,0,0,0,0,0,0,0,1,1,1,False
10,94568,-10,48907,1,689037,-1,37557,-0,002654806,0,9902614,-0,001197969,-0,1391898,0,0,0,0,0,0,0,0,0,0,0,0,0,0,0,0,0,0,0,0,0,0,1,1,1,False
10,95869,-10,48907,1,689037,-1,37557,-0,002654806,0,9902614,-0,001197969,-0,1391898,0,0,0,0,0,0,0,0,0,0,0,0,0,0,0,0,0,0,0,0,0,0,1,1,1,False
10,97106,-10,48907,1,689037,-1,37557,-0,002654806,0,9902614,-0,001197969,-0,1391898,0,0,0,0,0,0,0,0,0,0,0,0,0,0,0,0,0,0,0,0,0,0,1,1,1,False
10,98467,-10,48907,1,689037,-1,37557,-0,002654806,0,9902614,-0,001197969,-0,1391898,0,0,0,0,0,0,0,0,0,0,0,0,0,0,0,0,0,0,0,0,0,0,1,1,1,False
10,99964,-10,48907,1,689037,-1,37557,-0,002654806,0,9902614,-0,001197969,-0,1391898,0,0,0,0,0,0,0,0,0,0,0,0,0,0,0,0,0,0,0,0,0,0,1,1,1,False
11,01354,-10,48907,1,689037,-1,37557,-0,002654806,0,9902614,-0,001197969,-0,1391898,0,0,0,0,0,0,0,0,0,0,0,0,0,0,0,0,0,0,0,0,0,0,1,1,1,False
11,02827,-10,48907,1,689037,-1,37557,-0,002654806,0,9902614,-0,001197969,-0,1391898,0,0,0,0,0,0,0,0,0,0,0,0,0,0,0,0,0,0,0,0,0,0,1,1,1,False
11,04234,-10,48907,1,689037,-1,37557,-0,002654806,0,9902614,-0,001197969,-0,1391898,0,0,0,0,0,0,0,0,0,0,0,0,0,0,0,0,0,0,0,0,0,0,1,1,1,False
11,05655,-10,48907,1,689037,-1,37557,-0,002654806,0,9902614,-0,001197969,-0,1391898,0,0,0,0,0,0,0,0,0,0,0,0,0,0,0,0,0,0,0,0,0,0,1,1,1,False
11,06996,-10,48907,1,689037,-1,37557,-0,002654806,0,9902614,-0,001197969,-0,1391898,0,0,0,0,0,0,0,0,0,0,0,0,0,0,0,0,0,0,0,0,0,0,1,1,1,False
11,0845,-10,48907,1,689037,-1,37557,-0,002654806,0,9902614,-0,001197969,-0,1391898,0,0,0,0,0,0,0,0,0,0,0,0,0,0,0,0,0,0,0,0,0,0,1,1,1,False
11,0989,-10,48907,1,689037,-1,37557,-0,002654806,0,9902614,-0,001197969,-0,1391898,0,0,0,0,0,0,0,0,0,0,0,0,0,0,0,0,0,0,0,0,0,0,1,1,1,False
11,11235,-10,48907,1,689037,-1,37557,-0,002654806,0,9902614,-0,001197969,-0,1391898,0,0,0,0,0,0,0,0,0,0,0,0,0,0,0,0,0,0,0,0,0,0,1,1,1,False
11,12672,-10,48907,1,689037,-1,37557,-0,002654806,0,9902614,-0,001197969,-0,1391898,0,0,0,0,0,0,0,0,0,0,0,0,0,0,0,0,0,0,0,0,0,0,1,1,1,False
11,14092,-10,48907,1,689037,-1,37557,-0,002654806,0,9902614,-0,001197969,-0,1391898,0,0,0,0,0,0,0,0,0,0,0,0,0,0,0,0,0,0,0,0,0,0,1,1,1,False
11,1552,-10,48907,1,689037,-1,37557,-0,002654806,0,9902614,-0,001197969,-0,1391898,0,0,0,0,0,0,0,0,0,0,0,0,0,0,0,0,0,0,0,0,0,0,1,1,1,False
11,16995,-10,48907,1,689037,-1,37557,-0,002654806,0,9902614,-0,001197969,-0,1391898,0,0,0,0,0,0,0,0,0,0,0,0,0,0,0,0,0,0,0,0,0,0,1,1,1,False
11,1859,-10,48907,1,689037,-1,37557,-0,002654806,0,9902614,-0,001197969,-0,1391898,0,0,0,0,0,0,0,0,0,0,0,0,0,0,0,0,0,0,0,0,0,0,1,1,1,False
11,19984,-10,48907,1,689037,-1,37557,-0,002654806,0,9902614,-0,001197969,-0,1391898,0,0,0,0,0,0,0,0,0,0,0,0,0,0,0,0,0,0,0,0,0,0,1,1,1,False
11,21265,-10,48907,1,689037,-1,37557,-0,002654806,0,9902614,-0,001197969,-0,1391898,0,0,0,0,0,0,0,0,0,0,0,0,0,0,0,0,0,0,0,0,0,0,1,1,1,False
11,22608,-10,48907,1,689037,-1,37557,-0,002654806,0,9902614,-0,001197969,-0,1391898,0,0,0,0,0,0,0,0,0,0,0,0,0,0,0,0,0,0,0,0,0,0,1,1,1,False
11,23974,-10,48907,1,689037,-1,37557,-0,002654806,0,9902614,-0,001197969,-0,1391898,0,0,0,0,0,0,0,0,0,0,0,0,0,0,0,0,0,0,0,0,0,0,1,1,1,False
11,25259,-10,48907,1,689037,-1,37557,-0,002654806,0,9902614,-0,001197969,-0,1391898,0,0,0,0,0,0,0,0,0,0,0,0,0,0,0,0,0,0,0,0,0,0,1,1,1,False
11,26621,-10,48907,1,689037,-1,37557,-0,002654806,0,9902614,-0,001197969,-0,1391898,0,0,0,0,0,0,0,0,0,0,0,0,0,0,0,0,0,0,0,0,0,0,1,1,1,False
11,28022,-10,48907,1,689037,-1,37557,-0,002654806,0,9902614,-0,001197969,-0,1391898,0,0,0,0,0,0,0,0,0,0,0,0,0,0,0,0,0,0,0,0,0,0,1,1,1,False
11,29472,-10,48907,1,689037,-1,37557,-0,002654806,0,9902614,-0,001197969,-0,1391898,0,0,0,0,0,0,0,0,0,0,0,0,0,0,0,0,0,0,0,0,0,0,1,1,1,False
11,30787,-10,48907,1,689037,-1,37557,-0,002654806,0,9902614,-0,001197969,-0,1391898,0,0,0,0,0,0,0,0,0,0,0,0,0,0,0,0,0,0,0,0,0,0,1,1,1,False
11,32156,-10,48907,1,689037,-1,37557,-0,002654806,0,9902614,-0,001197969,-0,1391898,0,0,0,0,0,0,0,0,0,0,0,0,0,0,0,0,0,0,0,0,0,0,1,1,1,False
11,33519,-10,48907,1,689037,-1,37557,-0,002654806,0,9902614,-0,001197969,-0,1391898,0,0,0,0,0,0,0,0,0,0,0,0,0,0,0,0,0,0,0,0,0,0,1,1,1,False
11,34785,-10,48907,1,689037,-1,37557,-0,002654806,0,9902614,-0,001197969,-0,1391898,0,0,0,0,0,0,0,0,0,0,0,0,0,0,0,0,0,0,0,0,0,0,1,1,1,False
11,36131,-10,48907,1,689037,-1,37557,-0,002654806,0,9902614,-0,001197969,-0,1391898,0,0,0,0,0,0,0,0,0,0,0,0,0,0,0,0,0,0,0,0,0,0,1,1,1,False
11,37426,-10,48907,1,689037,-1,37557,-0,002654806,0,9902614,-0,001197969,-0,1391898,0,0,0,0,0,0,0,0,0,0,0,0,0,0,0,0,0,0,0,0,0,0,1,1,1,False
11,38685,-10,48907,1,689037,-1,37557,-0,002654806,0,9902614,-0,001197969,-0,1391898,0,0,0,0,0,0,0,0,0,0,0,0,0,0,0,0,0,0,0,0,0,0,1,1,1,False
11,39994,-10,48907,1,689037,-1,37557,-0,002654806,0,9902614,-0,001197969,-0,1391898,0,0,0,0,0,0,0,0,0,0,0,0,0,0,0,0,0,0,0,0,0,0,1,1,1,False
11,41223,-10,48907,1,689037,-1,37557,-0,002654806,0,9902614,-0,001197969,-0,1391898,0,0,0,0,0,0,0,0,0,0,0,0,0,0,0,0,0,0,0,0,0,0,1,1,1,False
11,42616,-10,48907,1,689037,-1,37557,-0,002654806,0,9902614,-0,001197969,-0,1391898,0,0,0,0,0,0,0,0,0,0,0,0,0,0,0,0,0,0,0,0,0,0,1,1,1,False
11,44021,-10,48907,1,689037,-1,37557,-0,002654806,0,9902614,-0,001197969,-0,1391898,0,0,0,0,0,0,0,0,0,0,0,0,0,0,0,0,0,0,0,0,0,0,1,1,1,False
11,45367,-10,48907,1,689037,-1,37557,-0,002654806,0,9902614,-0,001197969,-0,1391898,0,0,0,0,0,0,0,0,0,0,0,0,0,0,0,0,0,0,0,0,0,0,1,1,1,False
11,466,-10,48907,1,689037,-1,37557,-0,002654806,0,9902614,-0,001197969,-0,1391898,0,0,0,0,0,0,0,0,0,0,0,0,0,0,0,0,0,0,0,0,0,0,1,1,1,False
11,47934,-10,48907,1,689037,-1,37557,-0,002654806,0,9902614,-0,001197969,-0,1391898,0,0,0,0,0,0,0,0,0,0,0,0,0,0,0,0,0,0,0,0,0,0,1,1,1,False
11,49182,-10,48907,1,689037,-1,37557,-0,002654806,0,9902614,-0,001197969,-0,1391898,0,0,0,0,0,0,0,0,0,0,0,0,0,0,0,0,0,0,0,0,0,0,1,1,1,False
11,5324,-10,48907,1,689037,-1,37557,-0,002654806,0,9902614,-0,001197969,-0,1391898,0,0,0,0,0,0,0,0,0,0,0,0,0,0,0,0,0,0,0,0,0,0,1,1,1,False
11,57232,-10,48907,1,689037,-1,37557,-0,002654806,0,9902614,-0,001197969,-0,1391898,0,0,0,0,0,0,0,0,0,0,0,0,0,0,0,0,0,0,0,0,0,0,1,1,1,False
11,59661,-10,48907,1,689037,-1,37557,-0,002654806,0,9902614,-0,001197969,-0,1391898,0,0,0,0,0,0,0,0,0,0,0,0,0,0,0,0,0,0,0,0,0,0,1,1,1,False
11,62035,-10,48907,1,689037,-1,37557,-0,002654806,0,9902614,-0,001197969,-0,1391898,0,0,0,0,0,0,0,0,0,0,0,0,0,0,0,0,0,0,0,0,0,0,1,1,1,False
11,63411,-10,48907,1,689037,-1,37557,-0,002654806,0,9902614,-0,001197969,-0,1391898,0,0,0,0,0,0,0,0,0,0,0,0,0,0,0,0,0,0,0,0,0,0,1,1,1,False
11,64665,-10,48907,1,689037,-1,37557,-0,002654806,0,9902614,-0,001197969,-0,1391898,0,0,0,0,0,0,0,0,0,0,0,0,0,0,0,0,0,0,0,0,0,0,1,1,1,False
11,66003,-10,48907,1,689037,-1,37557,-0,002654806,0,9902614,-0,001197969,-0,1391898,0,0,0,0,0,0,0,0,0,0,0,0,0,0,0,0,0,0,0,0,0,0,1,1,1,False
11,67366,-10,48907,1,689037,-1,37557,-0,002654806,0,9902614,-0,001197969,-0,1391898,0,0,0,0,0,0,0,0,0,0,0,0,0,0,0,0,0,0,0,0,0,0,1,1,1,False
11,68641,-10,48907,1,689037,-1,37557,-0,002654806,0,9902614,-0,001197969,-0,1391898,0,0,0,0,0,0,0,0,0,0,0,0,0,0,0,0,0,0,0,0,0,0,1,1,1,False
11,69992,-10,48907,1,689037,-1,37557,-0,002654806,0,9902614,-0,001197969,-0,1391898,0,0,0,0,0,0,0,0,0,0,0,0,0,0,0,0,0,0,0,0,0,0,1,1,1,False
11,71258,-10,48907,1,689037,-1,37557,-0,002654806,0,9902614,-0,001197969,-0,1391898,0,0,0,0,0,0,0,0,0,0,0,0,0,0,0,0,0,0,0,0,0,0,1,1,1,False
11,72648,-10,48907,1,689037,-1,37557,-0,002654806,0,9902614,-0,001197969,-0,1391898,0,0,0,0,0,0,0,0,0,0,0,0,0,0,0,0,0,0,0,0,0,0,1,1,1,False
11,73964,-10,48907,1,689037,-1,37557,-0,002654806,0,9902614,-0,001197969,-0,1391898,0,0,0,0,0,0,0,0,0,0,0,0,0,0,0,0,0,0,0,0,0,0,1,1,1,False
11,7531,-10,48907,1,689037,-1,37557,-0,002654806,0,9902614,-0,001197969,-0,1391898,0,0,0,0,0,0,0,0,0,0,0,0,0,0,0,0,0,0,0,0,0,0,1,1,1,False
11,77713,-10,48907,1,689037,-1,37557,-0,002654806,0,9902614,-0,001197969,-0,1391898,0,0,0,0,0,0,0,0,0,0,0,0,0,0,0,0,0,0,0,0,0,0,1,1,1,False
11,79144,-10,48907,1,689037,-1,37557,-0,002654806,0,9902614,-0,001197969,-0,1391898,0,0,0,0,0,0,0,0,0,0,0,0,0,0,0,0,0,0,0,0,0,0,1,1,1,False
11,80567,-10,48907,1,689037,-1,37557,-0,002654806,0,9902614,-0,001197969,-0,1391898,0,0,0,0,0,0,0,0,0,0,0,0,0,0,0,0,0,0,0,0,0,0,1,1,1,False
11,82127,-10,48907,1,689037,-1,37557,-0,002654806,0,9902614,-0,001197969,-0,1391898,0,0,0,0,0,0,0,0,0,0,0,0,0,0,0,0,0,0,0,0,0,0,1,1,1,False
11,83597,-10,48907,1,689037,-1,37557,-0,002654806,0,9902614,-0,001197969,-0,1391898,0,0,0,0,0,0,0,0,0,0,0,0,0,0,0,0,0,0,0,0,0,0,1,1,1,False
11,8486,-10,48907,1,689037,-1,37557,-0,002654806,0,9902614,-0,001197969,-0,1391898,0,0,0,0,0,0,0,0,0,0,0,0,0,0,0,0,0,0,0,0,0,0,1,1,1,False
11,86205,-10,48907,1,689037,-1,37557,-0,002654806,0,9902614,-0,001197969,-0,1391898,0,0,0,0,0,0,0,0,0,0,0,0,0,0,0,0,0,0,0,0,0,0,1,1,1,False
11,876,-10,48907,1,689037,-1,37557,-0,002654806,0,9902614,-0,001197969,-0,1391898,0,0,0,0,0,0,0,0,0,0,0,0,0,0,0,0,0,0,0,0,0,0,1,1,1,False
11,88962,-10,48907,1,689037,-1,37557,-0,002654806,0,9902614,-0,001197969,-0,1391898,0,0,0,0,0,0,0,0,0,0,0,0,0,0,0,0,0,0,0,0,0,0,1,1,1,False
11,90332,-10,48907,1,689037,-1,37557,-0,002654806,0,9902614,-0,001197969,-0,1391898,0,0,0,0,0,0,0,0,0,0,0,0,0,0,0,0,0,0,0,0,0,0,1,1,1,False
11,92672,-10,48907,1,689037,-1,37557,-0,002654806,0,9902614,-0,001197969,-0,1391898,0,0,0,0,0,0,0,0,0,0,0,0,0,0,0,0,0,0,0,0,0,0,1,1,1,False
11,94003,-10,48907,1,689037,-1,37557,-0,002654806,0,9902614,-0,001197969,-0,1391898,0,0,0,0,0,0,0,0,0,0,0,0,0,0,0,0,0,0,0,0,0,0,1,1,1,False
11,95331,-10,48907,1,689037,-1,37557,-0,002654806,0,9902614,-0,001197969,-0,1391898,0,0,0,0,0,0,0,0,0,0,0,0,0,0,0,0,0,0,0,0,0,0,1,1,1,False
11,96582,-10,48907,1,689037,-1,37557,-0,002654806,0,9902614,-0,001197969,-0,1391898,0,0,0,0,0,0,0,0,0,0,0,0,0,0,0,0,0,0,0,0,0,0,1,1,1,False
11,97919,-10,48907,1,689037,-1,37557,-0,002654806,0,9902614,-0,001197969,-0,1391898,0,0,0,0,0,0,0,0,0,0,0,0,0,0,0,0,0,0,0,0,0,0,1,1,1,False
11,99203,-10,48907,1,689037,-1,37557,-0,002654806,0,9902614,-0,001197969,-0,1391898,0,0,0,0,0,0,0,0,0,0,0,0,0,0,0,0,0,0,0,0,0,0,1,1,1,False
12,0054,-10,48907,1,689037,-1,37557,-0,002654806,0,9902614,-0,001197969,-0,1391898,0,0,0,0,0,0,0,0,0,0,0,0,0,0,0,0,0,0,0,0,0,0,1,1,1,False
12,01877,-10,48907,1,689037,-1,37557,-0,002654806,0,9902614,-0,001197969,-0,1391898,0,0,0,0,0,0,0,0,0,0,0,0,0,0,0,0,0,0,0,0,0,0,1,1,1,False
12,03144,-10,48907,1,689037,-1,37557,-0,002654806,0,9902614,-0,001197969,-0,1391898,0,0,0,0,0,0,0,0,0,0,0,0,0,0,0,0,0,0,0,0,0,0,1,1,1,False
12,04579,-10,48907,1,689037,-1,37557,-0,002654806,0,9902614,-0,001197969,-0,1391898,0,0,0,0,0,0,0,0,0,0,0,0,0,0,0,0,0,0,0,0,0,0,1,1,1,False
12,06032,-10,48907,1,689037,-1,37557,-0,002654806,0,9902614,-0,001197969,-0,1391898,0,0,0,0,0,0,0,0,0,0,0,0,0,0,0,0,0,0,0,0,0,0,1,1,1,False
12,08451,-10,48907,1,689037,-1,37557,-0,002654806,0,9902614,-0,001197969,-0,1391898,0,0,0,0,0,0,0,0,0,0,0,0,0,0,0,0,0,0,0,0,0,0,1,1,1,False
12,09875,-10,48907,1,689037,-1,37557,-0,002654806,0,9902614,-0,001197969,-0,1391898,0,0,0,0,0,0,0,0,0,0,0,0,0,0,0,0,0,0,0,0,0,0,1,1,1,False
12,11141,-10,48907,1,689037,-1,37557,-0,002654806,0,9902614,-0,001197969,-0,1391898,0,0,0,0,0,0,0,0,0,0,0,0,0,0,0,0,0,0,0,0,0,0,1,1,1,False
12,12594,-10,48907,1,689037,-1,37557,-0,002654806,0,9902614,-0,001197969,-0,1391898,0,0,0,0,0,0,0,0,0,0,0,0,0,0,0,0,0,0,0,0,0,0,1,1,1,False
12,13987,-10,48907,1,689037,-1,37557,-0,002654806,0,9902614,-0,001197969,-0,1391898,0,0,0,0,0,0,0,0,0,0,0,0,0,0,0,0,0,0,0,0,0,0,1,1,1,False
12,15331,-10,48907,1,689037,-1,37557,-0,002654806,0,9902614,-0,001197969,-0,1391898,0,0,0,0,0,0,0,0,0,0,0,0,0,0,0,0,0,0,0,0,0,0,1,1,1,False
12,16677,-10,48907,1,689037,-1,37557,-0,002654806,0,9902614,-0,001197969,-0,1391898,0,0,0,0,0,0,0,0,0,0,0,0,0,0,0,0,0,0,0,0,0,0,1,1,1,False
12,18005,-10,48907,1,689037,-1,37557,-0,002654806,0,9902614,-0,001197969,-0,1391898,0,0,0,0,0,0,0,0,0,0,0,0,0,0,0,0,0,0,0,0,0,0,1,1,1,False
12,19362,-10,48907,1,689037,-1,37557,-0,002654806,0,9902614,-0,001197969,-0,1391898,0,0,0,0,0,0,0,0,0,0,0,0,0,0,0,0,0,0,0,0,0,0,1,1,1,False
12,20633,-10,48907,1,689037,-1,37557,-0,002654806,0,9902614,-0,001197969,-0,1391898,0,0,0,0,0,0,0,0,0,0,0,0,0,0,0,0,0,0,0,0,0,0,1,1,1,False
12,21998,-10,48907,1,689037,-1,37557,-0,002654806,0,9902614,-0,001197969,-0,1391898,0,0,0,0,0,0,0,0,0,0,0,0,0,0,0,0,0,0,0,0,0,0,1,1,1,False
12,2425,-10,48907,1,689037,-1,37557,-0,002654806,0,9902614,-0,001197969,-0,1391898,0,0,0,0,0,0,0,0,0,0,0,0,0,0,0,0,0,0,0,0,0,0,1,1,1,False
12,25633,-10,48907,1,689037,-1,37557,-0,002654806,0,9902614,-0,001197969,-0,1391898,0,0,0,0,0,0,0,0,0,0,0,0,0,0,0,0,0,0,0,0,0,0,1,1,1,False
12,26897,-10,48907,1,689037,-1,37557,-0,002654806,0,9902614,-0,001197969,-0,1391898,0,0,0,0,0,0,0,0,0,0,0,0,0,0,0,0,0,0,0,0,0,0,1,1,1,False
12,28232,-10,48907,1,689037,-1,37557,-0,002654806,0,9902614,-0,001197969,-0,1391898,0,0,0,0,0,0,0,0,0,0,0,0,0,0,0,0,0,0,0,0,0,0,1,1,1,False
12,29567,-10,48907,1,689037,-1,37557,-0,002654806,0,9902614,-0,001197969,-0,1391898,0,0,0,0,0,0,0,0,0,0,0,0,0,0,0,0,0,0,0,0,0,0,1,1,1,False
12,30828,-10,48907,1,689037,-1,37557,-0,002654806,0,9902614,-0,001197969,-0,1391898,0,0,0,0,0,0,0,0,0,0,0,0,0,0,0,0,0,0,0,0,0,0,1,1,1,False
12,32207,-10,48907,1,689037,-1,37557,-0,002654806,0,9902614,-0,001197969,-0,1391898,0,0,0,0,0,0,0,0,0,0,0,0,0,0,0,0,0,0,0,0,0,0,1,1,1,False
12,33533,-10,48907,1,689037,-1,37557,-0,002654806,0,9902614,-0,001197969,-0,1391898,0,0,0,0,0,0,0,0,0,0,0,0,0,0,0,0,0,0,0,0,0,0,1,1,1,False
12,34799,-10,48907,1,689037,-1,37557,-0,002654806,0,9902614,-0,001197969,-0,1391898,0,0,0,0,0,0,0,0,0,0,0,0,0,0,0,0,0,0,0,0,0,0,1,1,1,False
12,36132,-10,48907,1,689037,-1,37557,-0,002654806,0,9902614,-0,001197969,-0,1391898,0,0,0,0,0,0,0,0,0,0,0,0,0,0,0,0,0,0,0,0,0,0,1,1,1,False
12,37475,-10,48907,1,689037,-1,37557,-0,002654806,0,9902614,-0,001197969,-0,1391898,0,0,0,0,0,0,0,0,0,0,0,0,0,0,0,0,0,0,0,0,0,0,1,1,1,False
12,39743,-10,48907,1,689037,-1,37557,-0,002654806,0,9902614,-0,001197969,-0,1391898,0,0,0,0,0,0,0,0,0,0,0,0,0,0,0,0,0,0,0,0,0,0,1,1,1,False
12,41084,-10,48907,1,689037,-1,37557,-0,002654806,0,9902614,-0,001197969,-0,1391898,0,0,0,0,0,0,0,0,0,0,0,0,0,0,0,0,0,0,0,0,0,0,1,1,1,False
12,42426,-10,48907,1,689037,-1,37557,-0,002654806,0,9902614,-0,001197969,-0,1391898,0,0,0,0,0,0,0,0,0,0,0,0,0,0,0,0,0,0,0,0,0,0,1,1,1,False
12,43789,-10,48907,1,689037,-1,37557,-0,002654806,0,9902614,-0,001197969,-0,1391898,0,0,0,0,0,0,0,0,0,0,0,0,0,0,0,0,0,0,0,0,0,0,1,1,1,False
12,45038,-10,48907,1,689037,-1,37557,-0,002654806,0,9902614,-0,001197969,-0,1391898,0,0,0,0,0,0,0,0,0,0,0,0,0,0,0,0,0,0,0,0,0,0,1,1,1,False
12,46384,-10,48907,1,689037,-1,37557,-0,002654806,0,9902614,-0,001197969,-0,1391898,0,0,0,0,0,0,0,0,0,0,0,0,0,0,0,0,0,0,0,0,0,0,1,1,1,False
12,47738,-10,48907,1,689037,-1,37557,-0,002654806,0,9902614,-0,001197969,-0,1391898,0,0,0,0,0,0,0,0,0,0,0,0,0,0,0,0,0,0,0,0,0,0,1,1,1,False
12,49024,-10,48907,1,689037,-1,37557,-0,002654806,0,9902614,-0,001197969,-0,1391898,0,0,0,0,0,0,0,0,0,0,0,0,0,0,0,0,0,0,0,0,0,0,1,1,1,False
12,5039,-10,48907,1,689037,-1,37557,-0,002654806,0,9902614,-0,001197969,-0,1391898,0,0,0,0,0,0,0,0,0,0,0,0,0,0,0,0,0,0,0,0,0,0,1,1,1,False
12,51735,-10,48907,1,689037,-1,37557,-0,002654806,0,9902614,-0,001197969,-0,1391898,0,0,0,0,0,0,0,0,0,0,0,0,0,0,0,0,0,0,0,0,0,0,1,1,1,False
12,53004,-10,48907,1,689037,-1,37557,-0,002654806,0,9902614,-0,001197969,-0,1391898,0,0,0,0,0,0,0,0,0,0,0,0,0,0,0,0,0,0,0,0,0,0,1,1,1,False
12,5536,-10,48907,1,689037,-1,37557,-0,002654806,0,9902614,-0,001197969,-0,1391898,0,0,0,0,0,0,0,0,0,0,0,0,0,0,0,0,0,0,0,0,0,0,1,1,1,False
12,56693,-10,48907,1,689037,-1,37557,-0,002654806,0,9902614,-0,001197969,-0,1391898,0,0,0,0,0,0,0,0,0,0,0,0,0,0,0,0,0,0,0,0,0,0,1,1,1,False
12,58036,-10,48907,1,689037,-1,37557,-0,002654806,0,9902614,-0,001197969,-0,1391898,0,0,0,0,0,0,0,0,0,0,0,0,0,0,0,0,0,0,0,0,0,0,1,1,1,False
12,59553,-10,48907,1,689037,-1,37557,-0,002654806,0,9902614,-0,001197969,-0,1391898,0,0,0,0,0,0,0,0,0,0,0,0,0,0,0,0,0,0,0,0,0,0,1,1,1,False
12,60827,-10,48907,1,689037,-1,37557,-0,002654806,0,9902614,-0,001197969,-0,1391898,0,0,0,0,0,0,0,0,0,0,0,0,0,0,0,0,0,0,0,0,0,0,1,1,1,False
12,62215,-10,48907,1,689037,-1,37557,-0,002654806,0,9902614,-0,001197969,-0,1391898,0,0,0,0,0,0,0,0,0,0,0,0,0,0,0,0,0,0,0,0,0,0,1,1,1,False
12,63634,-10,48907,1,689037,-1,37557,-0,002654806,0,9902614,-0,001197969,-0,1391898,0,0,0,0,0,0,0,0,0,0,0,0,0,0,0,0,0,0,0,0,0,0,1,1,1,False
12,65042,-10,48907,1,689037,-1,37557,-0,002654806,0,9902614,-0,001197969,-0,1391898,0,0,0,0,0,0,0,0,0,0,0,0,0,0,0,0,0,0,0,0,0,0,1,1,1,False
12,66568,-10,48907,1,689037,-1,37557,-0,002654806,0,9902614,-0,001197969,-0,1391898,0,0,0,0,0,0,0,0,0,0,0,0,0,0,0,0,0,0,0,0,0,0,1,1,1,False
12,67981,-10,48907,1,689037,-1,37557,-0,002654806,0,9902614,-0,001197969,-0,1391898,0,0,0,0,0,0,0,0,0,0,0,0,0,0,0,0,0,0,0,0,0,0,1,1,1,False
12,69328,-10,48907,1,689037,-1,37557,-0,002654806,0,9902614,-0,001197969,-0,1391898,0,0,0,0,0,0,0,0,0,0,0,0,0,0,0,0,0,0,0,0,0,0,1,1,1,False
12,71751,-10,48907,1,689037,-1,37557,-0,002654806,0,9902614,-0,001197969,-0,1391898,0,0,0,0,0,0,0,0,0,0,0,0,0,0,0,0,0,0,0,0,0,0,1,1,1,False
12,73142,-10,48907,1,689037,-1,37557,-0,002654806,0,9902614,-0,001197969,-0,1391898,0,0,0,0,0,0,0,0,0,0,0,0,0,0,0,0,0,0,0,0,0,0,1,1,1,False
12,74582,-10,48907,1,689037,-1,37557,-0,002654806,0,9902614,-0,001197969,-0,1391898,0,0,0,0,0,0,0,0,0,0,0,0,0,0,0,0,0,0,0,0,0,0,1,1,1,False
12,75983,-10,48907,1,689037,-1,37557,-0,002654806,0,9902614,-0,001197969,-0,1391898,0,0,0,0,0,0,0,0,0,0,0,0,0,0,0,0,0,0,0,0,0,0,1,1,1,False
12,77318,-10,48907,1,689037,-1,37557,-0,002654806,0,9902614,-0,001197969,-0,1391898,0,0,0,0,0,0,0,0,0,0,0,0,0,0,0,0,0,0,0,0,0,0,1,1,1,False
12,78742,-10,48907,1,689037,-1,37557,-0,002654806,0,9902614,-0,001197969,-0,1391898,0,0,0,0,0,0,0,0,0,0,0,0,0,0,0,0,0,0,0,0,0,0,1,1,1,False
12,80202,-10,48907,1,689037,-1,37557,-0,002654806,0,9902614,-0,001197969,-0,1391898,0,0,0,0,0,0,0,0,0,0,0,0,0,0,0,0,0,0,0,0,0,0,1,1,1,False
12,81615,-10,48907,1,689037,-1,37557,-0,002654806,0,9902614,-0,001197969,-0,1391898,0,0,0,0,0,0,0,0,0,0,0,0,0,0,0,0,0,0,0,0,0,0,1,1,1,False
12,82943,-10,48907,1,689037,-1,37557,-0,002654806,0,9902614,-0,001197969,-0,1391898,0,0,0,0,0,0,0,0,0,0,0,0,0,0,0,0,0,0,0,0,0,0,1,1,1,False
12,84353,-10,48907,1,689037,-1,37557,-0,002654806,0,9902614,-0,001197969,-0,1391898,0,0,0,0,0,0,0,0,0,0,0,0,0,0,0,0,0,0,0,0,0,0,1,1,1,False
12,86766,-10,48907,1,689037,-1,37557,-0,002654806,0,9902614,-0,001197969,-0,1391898,0,0,0,0,0,0,0,0,0,0,0,0,0,0,0,0,0,0,0,0,0,0,1,1,1,False
12,88164,-10,48907,1,689037,-1,37557,-0,002654806,0,9902614,-0,001197969,-0,1391898,0,0,0,0,0,0,0,0,0,0,0,0,0,0,0,0,0,0,0,0,0,0,1,1,1,False
12,89646,-10,48907,1,689037,-1,37557,-0,002654806,0,9902614,-0,001197969,-0,1391898,0,0,0,0,0,0,0,0,0,0,0,0,0,0,0,0,0,0,0,0,0,0,1,1,1,False
12,91018,-10,48907,1,689037,-1,37557,-0,002654806,0,9902614,-0,001197969,-0,1391898,0,0,0,0,0,0,0,0,0,0,0,0,0,0,0,0,0,0,0,0,0,0,1,1,1,False
12,92458,-10,48907,1,689037,-1,37557,-0,002654806,0,9902614,-0,001197969,-0,1391898,0,0,0,0,0,0,0,0,0,0,0,0,0,0,0,0,0,0,0,0,0,0,1,1,1,False
12,93888,-10,48907,1,689037,-1,37557,-0,002654806,0,9902614,-0,001197969,-0,1391898,0,0,0,0,0,0,0,0,0,0,0,0,0,0,0,0,0,0,0,0,0,0,1,1,1,False
12,95227,-10,48907,1,689037,-1,37557,-0,002654806,0,9902614,-0,001197969,-0,1391898,0,0,0,0,0,0,0,0,0,0,0,0,0,0,0,0,0,0,0,0,0,0,1,1,1,False
12,9667,-10,48907,1,689037,-1,37557,-0,002654806,0,9902614,-0,001197969,-0,1391898,0,0,0,0,0,0,0,0,0,0,0,0,0,0,0,0,0,0,0,0,0,0,1,1,1,False
12,98102,-10,48907,1,689037,-1,37557,-0,002654806,0,9902614,-0,001197969,-0,1391898,0,0,0,0,0,0,0,0,0,0,0,0,0,0,0,0,0,0,0,0,0,0,1,1,1,False
12,99594,-10,48907,1,689037,-1,37557,-0,002654806,0,9902614,-0,001197969,-0,1391898,0,0,0,0,0,0,0,0,0,0,0,0,0,0,0,0,0,0,0,0,0,0,1,1,1,False
13,0199,-10,48907,1,689037,-1,37557,-0,002654806,0,9902614,-0,001197969,-0,1391898,0,0,0,0,0,0,0,0,0,0,0,0,0,0,0,0,0,0,0,0,0,0,1,1,1,False
13,03456,-10,48907,1,689037,-1,37557,-0,002654806,0,9902614,-0,001197969,-0,1391898,0,0,0,0,0,0,0,0,0,0,0,0,0,0,0,0,0,0,0,0,0,0,1,1,1,False
13,04939,-10,48907,1,689037,-1,37557,-0,002654806,0,9902614,-0,001197969,-0,1391898,0,0,0,0,0,0,0,0,0,0,0,0,0,0,0,0,0,0,0,0,0,0,1,1,1,False
13,06409,-10,48907,1,689037,-1,37557,-0,002654806,0,9902614,-0,001197969,-0,1391898,0,0,0,0,0,0,0,0,0,0,0,0,0,0,0,0,0,0,0,0,0,0,1,1,1,False
13,07862,-10,48907,1,689037,-1,37557,-0,002654806,0,9902614,-0,001197969,-0,1391898,0,0,0,0,0,0,0,0,0,0,0,0,0,0,0,0,0,0,0,0,0,0,1,1,1,False
13,09271,-10,48907,1,689037,-1,37557,-0,002654806,0,9902614,-0,001197969,-0,1391898,0,0,0,0,0,0,0,0,0,0,0,0,0,0,0,0,0,0,0,0,0,0,1,1,1,False
13,10723,-10,48907,1,689037,-1,37557,-0,002654806,0,9902614,-0,001197969,-0,1391898,0,0,0,0,0,0,0,0,0,0,0,0,0,0,0,0,0,0,0,0,0,0,1,1,1,False
13,12189,-10,48907,1,689037,-1,37557,-0,002654806,0,9902614,-0,001197969,-0,1391898,0,0,0,0,0,0,0,0,0,0,0,0,0,0,0,0,0,0,0,0,0,0,1,1,1,False
13,13673,-10,48907,1,689037,-1,37557,-0,002654806,0,9902614,-0,001197969,-0,1391898,0,0,0,0,0,0,0,0,0,0,0,0,0,0,0,0,0,0,0,0,0,0,1,1,1,False
13,15062,-10,48907,1,689037,-1,37557,-0,002654806,0,9902614,-0,001197969,-0,1391898,0,0,0,0,0,0,0,0,0,0,0,0,0,0,0,0,0,0,0,0,0,0,1,1,1,False
13,17555,-10,48907,1,689037,-1,37557,-0,002654806,0,9902614,-0,001197969,-0,1391898,0,0,0,0,0,0,0,0,0,0,0,0,0,0,0,0,0,0,0,0,0,0,1,1,1,False
13,19003,-10,48907,1,689037,-1,37557,-0,002654806,0,9902614,-0,001197969,-0,1391898,0,0,0,0,0,0,0,0,0,0,0,0,0,0,0,0,0,0,0,0,0,0,1,1,1,False
13,20531,-10,48907,1,689037,-1,37557,-0,002654806,0,9902614,-0,001197969,-0,1391898,0,0,0,0,0,0,0,0,0,0,0,0,0,0,0,0,0,0,0,0,0,0,1,1,1,False
13,21988,-10,48907,1,689037,-1,37557,-0,002654806,0,9902614,-0,001197969,-0,1391898,0,0,0,0,0,0,0,0,0,0,0,0,0,0,0,0,0,0,0,0,0,0,1,1,1,False
13,23362,-10,48907,1,689037,-1,37557,-0,002654806,0,9902614,-0,001197969,-0,1391898,0,0,0,0,0,0,0,0,0,0,0,0,0,0,0,0,0,0,0,0,0,0,1,1,1,False
13,2485,-10,48907,1,689037,-1,37557,-0,002654806,0,9902614,-0,001197969,-0,1391898,0,0,0,0,0,0,0,0,0,0,0,0,0,0,0,0,0,0,0,0,0,0,1,1,1,False
13,26294,-10,48907,1,689037,-1,37557,-0,002654806,0,9902614,-0,001197969,-0,1391898,0,0,0,0,0,0,0,0,0,0,0,0,0,0,0,0,0,0,0,0,0,0,1,1,1,False
13,27712,-10,48907,1,689037,-1,37557,-0,002654806,0,9902614,-0,001197969,-0,1391898,0,0,0,0,0,0,0,0,0,0,0,0,0,0,0,0,0,0,0,0,0,0,1,1,1,False
13,29265,-10,48907,1,689037,-1,37557,-0,002654806,0,9902614,-0,001197969,-0,1391898,0,0,0,0,0,0,0,0,0,0,0,0,0,0,0,0,0,0,0,0,0,0,1,1,1,False
13,30775,-10,48907,1,689037,-1,37557,-0,002654806,0,9902614,-0,001197969,-0,1391898,0,0,0,0,0,0,0,0,0,0,0,0,0,0,0,0,0,0,0,0,0,0,1,1,1,False
13,33259,-10,48907,1,689037,-1,37557,-0,002654806,0,9902614,-0,001197969,-0,1391898,0,0,0,0,0,0,0,0,0,0,0,0,0,0,0,0,0,0,0,0,0,0,1,1,1,False
13,3469,-10,48907,1,689037,-1,37557,-0,002654806,0,9902614,-0,001197969,-0,1391898,0,0,0,0,0,0,0,0,0,0,0,0,0,0,0,0,0,0,0,0,0,0,1,1,1,False
13,36043,-10,48907,1,689037,-1,37557,-0,002654806,0,9902614,-0,001197969,-0,1391898,0,0,0,0,0,0,0,0,0,0,0,0,0,0,0,0,0,0,0,0,0,0,1,1,1,False
13,37528,-10,48907,1,689037,-1,37557,-0,002654806,0,9902614,-0,001197969,-0,1391898,0,0,0,0,0,0,0,0,0,0,0,0,0,0,0,0,0,0,0,0,0,0,1,1,1,False
13,38906,-10,48907,1,689037,-1,37557,-0,002654806,0,9902614,-0,001197969,-0,1391898,0,0,0,0,0,0,0,0,0,0,0,0,0,0,0,0,0,0,0,0,0,0,1,1,1,False
13,40352,-10,48907,1,689037,-1,37557,-0,002654806,0,9902614,-0,001197969,-0,1391898,0,0,0,0,0,0,0,0,0,0,0,0,0,0,0,0,0,0,0,0,0,0,1,1,1,False
13,4178,-10,48907,1,689037,-1,37557,-0,002654806,0,9902614,-0,001197969,-0,1391898,0,0,0,0,0,0,0,0,0,0,0,0,0,0,0,0,0,0,0,0,0,0,1,1,1,False
13,43131,-10,48907,1,689037,-1,37557,-0,002654806,0,9902614,-0,001197969,-0,1391898,0,0,0,0,0,0,0,0,0,0,0,0,0,0,0,0,0,0,0,0,0,0,1,1,1,False
13,44559,-10,48907,1,689037,-1,37557,-0,002654806,0,9902614,-0,001197969,-0,1391898,0,0,0,0,0,0,0,0,0,0,0,0,0,0,0,0,0,0,0,0,0,0,1,1,1,False
13,46012,-10,48907,1,689037,-1,37557,-0,002654806,0,9902614,-0,001197969,-0,1391898,0,0,0,0,0,0,0,0,0,0,0,0,0,0,0,0,0,0,0,0,0,0,1,1,1,False
13,48426,-10,48907,1,689037,-1,37557,-0,002654806,0,9902614,-0,001197969,-0,1391898,0,0,0,0,0,0,0,0,0,0,0,0,0,0,0,0,0,0,0,0,0,0,1,1,1,False
13,49877,-10,48907,1,689037,-1,37557,-0,002654806,0,9902614,-0,001197969,-0,1391898,0,0,0,0,0,0,0,0,0,0,0,0,0,0,0,0,0,0,0,0,0,0,1,1,1,False
13,51241,-10,48907,1,689037,-1,37557,-0,002654806,0,9902614,-0,001197969,-0,1391898,0,0,0,0,0,0,0,0,0,0,0,0,0,0,0,0,0,0,0,0,0,0,1,1,1,False
13,52666,-10,48907,1,689037,-1,37557,-0,002654806,0,9902614,-0,001197969,-0,1391898,0,0,0,0,0,0,0,0,0,0,0,0,0,0,0,0,0,0,0,0,0,0,1,1,1,False
13,54087,-10,48907,1,689037,-1,37557,-0,002654806,0,9902614,-0,001197969,-0,1391898,0,0,0,0,0,0,0,0,0,0,0,0,0,0,0,0,0,0,0,0,0,0,1,1,1,False
13,55489,-10,48907,1,689037,-1,37557,-0,002654806,0,9902614,-0,001197969,-0,1391898,0,0,0,0,0,0,0,0,0,0,0,0,0,0,0,0,0,0,0,0,0,0,1,1,1,False
13,56833,-10,48907,1,689037,-1,37557,-0,002654806,0,9902614,-0,001197969,-0,1391898,0,0,0,0,0,0,0,0,0,0,0,0,0,0,0,0,0,0,0,0,0,0,1,1,1,False
13,58259,-10,48907,1,689037,-1,37557,-0,002654806,0,9902614,-0,001197969,-0,1391898,0,0,0,0,0,0,0,0,0,0,0,0,0,0,0,0,0,0,0,0,0,0,1,1,1,False
13,598,-10,48907,1,689037,-1,37557,-0,002654806,0,9902614,-0,001197969,-0,1391898,0,0,0,0,0,0,0,0,0,0,0,0,0,0,0,0,0,0,0,0,0,0,1,1,1,False
13,61141,-10,48907,1,689037,-1,37557,-0,002654806,0,9902614,-0,001197969,-0,1391898,0,0,0,0,0,0,0,0,0,0,0,0,0,0,0,0,0,0,0,0,0,0,1,1,1,False
13,63486,-10,48907,1,689037,-1,37557,-0,002654806,0,9902614,-0,001197969,-0,1391898,0,0,0,0,0,0,0,0,0,0,0,0,0,0,0,0,0,0,0,0,0,0,1,1,1,False
13,64811,-10,48907,1,689037,-1,37557,-0,002654806,0,9902614,-0,001197969,-0,1391898,0,0,0,0,0,0,0,0,0,0,0,0,0,0,0,0,0,0,0,0,0,0,1,1,1,False
13,66149,-10,48907,1,689037,-1,37557,-0,002654806,0,9902614,-0,001197969,-0,1391898,0,0,0,0,0,0,0,0,0,0,0,0,0,0,0,0,0,0,0,0,0,0,1,1,1,False
13,67504,-10,48907,1,689037,-1,37557,-0,002654806,0,9902614,-0,001197969,-0,1391898,0,0,0,0,0,0,0,0,0,0,0,0,0,0,0,0,0,0,0,0,0,0,1,1,1,False
13,68867,-10,48907,1,689037,-1,37557,-0,002654806,0,9902614,-0,001197969,-0,1391898,0,0,0,0,0,0,0,0,0,0,0,0,0,0,0,0,0,0,0,0,0,0,1,1,1,False
13,70339,-10,48907,1,689037,-1,37557,-0,002654806,0,9902614,-0,001197969,-0,1391898,0,0,0,0,0,0,0,0,0,0,0,0,0,0,0,0,0,0,0,0,0,0,1,1,1,False
13,72132,-10,48907,1,689037,-1,37557,-0,002654806,0,9902614,-0,001197969,-0,1391898,0,0,0,0,0,0,0,0,0,0,0,0,0,0,0,0,0,0,0,0,0,0,1,1,1,False
13,74851,-10,48907,1,689037,-1,37557,-0,002654806,0,9902614,-0,001197969,-0,1391898,0,0,0,0,0,0,0,0,0,0,0,0,0,0,0,0,0,0,0,0,0,0,1,1,1,False
13,76368,-10,48907,1,689037,-1,37557,-0,002654806,0,9902614,-0,001197969,-0,1391898,0,0,0,0,0,0,0,0,0,0,0,0,0,0,0,0,0,0,0,0,0,0,1,1,1,False
13,77806,-10,48907,1,689037,-1,37557,-0,002654806,0,9902614,-0,001197969,-0,1391898,0,0,0,0,0,0,0,0,0,0,0,0,0,0,0,0,0,0,0,0,0,0,1,1,1,False
13,79008,-10,48907,1,689037,-1,37557,-0,002654806,0,9902614,-0,001197969,-0,1391898,0,0,0,0,0,0,0,0,0,0,0,0,0,0,0,0,0,0,0,0,0,0,1,1,1,False
13,80342,-10,48907,1,689037,-1,37557,-0,002654806,0,9902614,-0,001197969,-0,1391898,0,0,0,0,0,0,0,0,0,0,0,0,0,0,0,0,0,0,0,0,0,0,1,1,1,False
13,81677,-10,48907,1,689037,-1,37557,-0,002654806,0,9902614,-0,001197969,-0,1391898,0,0,0,0,0,0,0,0,0,0,0,0,0,0,0,0,0,0,0,0,0,0,1,1,1,False
13,82906,-10,48907,1,689037,-1,37557,-0,002654806,0,9902614,-0,001197969,-0,1391898,0,0,0,0,0,0,0,0,0,0,0,0,0,0,0,0,0,0,0,0,0,0,1,1,1,False
13,84197,-10,48907,1,689037,-1,37557,-0,002654806,0,9902614,-0,001197969,-0,1391898,0,0,0,0,0,0,0,0,0,0,0,0,0,0,0,0,0,0,0,0,0,0,1,1,1,False
13,85567,-10,48907,1,689037,-1,37557,-0,002654806,0,9902614,-0,001197969,-0,1391898,0,0,0,0,0,0,0,0,0,0,0,0,0,0,0,0,0,0,0,0,0,0,1,1,1,False
13,86797,-10,48907,1,689037,-1,37557,-0,002654806,0,9902614,-0,001197969,-0,1391898,0,0,0,0,0,0,0,0,0,0,0,0,0,0,0,0,0,0,0,0,0,0,1,1,1,False
13,88101,-10,48907,1,689037,-1,37557,-0,002654806,0,9902614,-0,001197969,-0,1391898,0,0,0,0,0,0,0,0,0,0,0,0,0,0,0,0,0,0,0,0,0,0,1,1,1,False
13,894,-10,48907,1,689037,-1,37557,-0,002654806,0,9902614,-0,001197969,-0,1391898,0,0,0,0,0,0,0,0,0,0,0,0,0,0,0,0,0,0,0,0,0,0,1,1,1,False
13,90673,-10,48907,1,689037,-1,37557,-0,002654806,0,9902614,-0,001197969,-0,1391898,0,0,0,0,0,0,0,0,0,0,0,0,0,0,0,0,0,0,0,0,0,0,1,1,1,False
13,92134,-10,48907,1,689037,-1,37557,-0,002654806,0,9902614,-0,001197969,-0,1391898,0,0,0,0,0,0,0,0,0,0,0,0,0,0,0,0,0,0,0,0,0,0,1,1,1,False
13,93708,-10,48907,1,689037,-1,37557,-0,002654806,0,9902614,-0,001197969,-0,1391898,0,0,0,0,0,0,0,0,0,0,0,0,0,0,0,0,0,0,0,0,0,0,1,1,1,False
13,9505,-10,48907,1,689037,-1,37557,-0,002654806,0,9902614,-0,001197969,-0,1391898,0,0,0,0,0,0,0,0,0,0,0,0,0,0,0,0,0,0,0,0,0,0,1,1,1,False
13,9642,-10,48907,1,689037,-1,37557,-0,002654806,0,9902614,-0,001197969,-0,1391898,0,0,0,0,0,0,0,0,0,0,0,0,0,0,0,0,0,0,0,0,0,0,1,1,1,False
13,97713,-10,48907,1,689037,-1,37557,-0,002654806,0,9902614,-0,001197969,-0,1391898,0,0,0,0,0,0,0,0,0,0,0,0,0,0,0,0,0,0,0,0,0,0,1,1,1,False
13,9901,-10,48907,1,689037,-1,37557,-0,002654806,0,9902614,-0,001197969,-0,1391898,0,0,0,0,0,0,0,0,0,0,0,0,0,0,0,0,0,0,0,0,0,0,1,1,1,False
14,00407,-10,48907,1,689037,-1,37557,-0,002654806,0,9902614,-0,001197969,-0,1391898,0,0,0,0,0,0,0,0,0,0,0,0,0,0,0,0,0,0,0,0,0,0,1,1,1,False
14,01779,-10,48907,1,689037,-1,37557,-0,002654806,0,9902614,-0,001197969,-0,1391898,0,0,0,0,0,0,0,0,0,0,0,0,0,0,0,0,0,0,0,0,0,0,1,1,1,False
14,03065,-10,48907,1,689037,-1,37557,-0,002654806,0,9902614,-0,001197969,-0,1391898,0,0,0,0,0,0,0,0,0,0,0,0,0,0,0,0,0,0,0,0,0,0,1,1,1,False
14,04414,-10,48907,1,689037,-1,37557,-0,002654806,0,9902614,-0,001197969,-0,1391898,0,0,0,0,0,0,0,0,0,0,0,0,0,0,0,0,0,0,0,0,0,0,1,1,1,False
14,05824,-10,48907,1,689037,-1,37557,-0,002654806,0,9902614,-0,001197969,-0,1391898,0,0,0,0,0,0,0,0,0,0,0,0,0,0,0,0,0,0,0,0,0,0,1,1,1,False
14,07231,-10,48907,1,689037,-1,37557,-0,002654806,0,9902614,-0,001197969,-0,1391898,0,0,0,0,0,0,0,0,0,0,0,0,0,0,0,0,0,0,0,0,0,0,1,1,1,False
14,08597,-10,48907,1,689037,-1,37557,-0,002654806,0,9902614,-0,001197969,-0,1391898,0,0,0,0,0,0,0,0,0,0,0,0,0,0,0,0,0,0,0,0,0,0,1,1,1,False
14,09963,-10,48907,1,689037,-1,37557,-0,002654806,0,9902614,-0,001197969,-0,1391898,0,0,0,0,0,0,0,0,0,0,0,0,0,0,0,0,0,0,0,0,0,0,1,1,1,False
14,1127,-10,48907,1,689037,-1,37557,-0,002654806,0,9902614,-0,001197969,-0,1391898,0,0,0,0,0,0,0,0,0,0,0,0,0,0,0,0,0,0,0,0,0,0,1,1,1,False
14,12632,-10,48907,1,689037,-1,37557,-0,002654806,0,9902614,-0,001197969,-0,1391898,0,0,0,0,0,0,0,0,0,0,0,0,0,0,0,0,0,0,0,0,0,0,1,1,1,False
14,13986,-10,48907,1,689037,-1,37557,-0,002654806,0,9902614,-0,001197969,-0,1391898,0,0,0,0,0,0,0,0,0,0,0,0,0,0,0,0,0,0,0,0,0,0,1,1,1,False
14,15261,-10,48907,1,689037,-1,37557,-0,002654806,0,9902614,-0,001197969,-0,1391898,0,0,0,0,0,0,0,0,0,0,0,0,0,0,0,0,0,0,0,0,0,0,1,1,1,False
14,16607,-10,48907,1,689037,-1,37557,-0,002654806,0,9902614,-0,001197969,-0,1391898,0,0,0,0,0,0,0,0,0,0,0,0,0,0,0,0,0,0,0,0,0,0,1,1,1,False
14,17956,-10,48907,1,689037,-1,37557,-0,002654806,0,9902614,-0,001197969,-0,1391898,0,0,0,0,0,0,0,0,0,0,0,0,0,0,0,0,0,0,0,0,0,0,1,1,1,False
14,19165,-10,48907,1,689037,-1,37557,-0,002654806,0,9902614,-0,001197969,-0,1391898,0,0,0,0,0,0,0,0,0,0,0,0,0,0,0,0,0,0,0,0,0,0,1,1,1,False
14,2056,-10,48907,1,689037,-1,37557,-0,002654806,0,9902614,-0,001197969,-0,1391898,0,0,0,0,0,0,0,0,0,0,0,0,0,0,0,0,0,0,0,0,0,0,1,1,1,False
14,21931,-10,48907,1,689037,-1,37557,-0,002654806,0,9902614,-0,001197969,-0,1391898,0,0,0,0,0,0,0,0,0,0,0,0,0,0,0,0,0,0,0,0,0,0,1,1,1,False
14,23258,-10,48907,1,689037,-1,37557,-0,002654806,0,9902614,-0,001197969,-0,1391898,0,0,0,0,0,0,0,0,0,0,0,0,0,0,0,0,0,0,0,0,0,0,1,1,1,False
14,24554,-10,48907,1,689037,-1,37557,-0,002654806,0,9902614,-0,001197969,-0,1391898,0,0,0,0,0,0,0,0,0,0,0,0,0,0,0,0,0,0,0,0,0,0,1,1,1,False
14,26007,-10,48907,1,689037,-1,37557,-0,002654806,0,9902614,-0,001197969,-0,1391898,0,0,0,0,0,0,0,0,0,0,0,0,0,0,0,0,0,0,0,0,0,0,1,1,1,False
14,2732,-10,48907,1,689037,-1,37557,-0,002654806,0,9902614,-0,001197969,-0,1391898,0,0,0,0,0,0,0,0,0,0,0,0,0,0,0,0,0,0,0,0,0,0,1,1,1,False
14,28526,-10,48907,1,689037,-1,37557,-0,002654806,0,9902614,-0,001197969,-0,1391898,0,0,0,0,0,0,0,0,0,0,0,0,0,0,0,0,0,0,0,0,0,0,1,1,1,False
14,29826,-10,48907,1,689037,-1,37557,-0,002654806,0,9902614,-0,001197969,-0,1391898,0,0,0,0,0,0,0,0,0,0,0,0,0,0,0,0,0,0,0,0,0,0,1,1,1,False
14,31108,-10,48907,1,689037,-1,37557,-0,002654806,0,9902614,-0,001197969,-0,1391898,0,0,0,0,0,0,0,0,0,0,0,0,0,0,0,0,0,0,0,0,0,0,1,1,1,False
14,32511,-10,48907,1,689037,-1,37557,-0,002654806,0,9902614,-0,001197969,-0,1391898,0,0,0,0,0,0,0,0,0,0,0,0,0,0,0,0,0,0,0,0,0,0,1,1,1,False
14,36154,-10,48907,1,689037,-1,37557,-0,002654806,0,9902614,-0,001197969,-0,1391898,0,0,0,0,0,0,0,0,0,0,0,0,0,0,0,0,0,0,0,0,0,0,1,1,1,False
14,40288,-10,48907,1,689037,-1,37557,-0,002654806,0,9902614,-0,001197969,-0,1391898,0,0,0,0,0,0,0,0,0,0,0,0,0,0,0,0,0,0,0,0,0,0,1,1,1,False
14,42731,-10,48907,1,689037,-1,37557,-0,002654806,0,9902614,-0,001197969,-0,1391898,0,0,0,0,0,0,0,0,0,0,0,0,0,0,0,0,0,0,0,0,0,0,1,1,1,False
14,45111,-10,48907,1,689037,-1,37557,-0,002654806,0,9902614,-0,001197969,-0,1391898,0,0,0,0,0,0,0,0,0,0,0,0,0,0,0,0,0,0,0,0,0,0,1,1,1,False
14,46444,-10,48907,1,689037,-1,37557,-0,002654806,0,9902614,-0,001197969,-0,1391898,0,0,0,0,0,0,0,0,0,0,0,0,0,0,0,0,0,0,0,0,0,0,1,1,1,False
14,47773,-10,48907,1,689037,-1,37557,-0,002654806,0,9902614,-0,001197969,-0,1391898,0,0,0,0,0,0,0,0,0,0,0,0,0,0,0,0,0,0,0,0,0,0,1,1,1,False
14,49041,-10,48907,1,689037,-1,37557,-0,002654806,0,9902614,-0,001197969,-0,1391898,0,0,0,0,0,0,0,0,0,0,0,0,0,0,0,0,0,0,0,0,0,0,1,1,1,False
14,504,-10,48907,1,689037,-1,37557,-0,002654806,0,9902614,-0,001197969,-0,1391898,0,0,0,0,0,0,0,0,0,0,0,0,0,0,0,0,0,0,0,0,0,0,1,1,1,False
14,51759,-10,48907,1,689037,-1,37557,-0,002654806,0,9902614,-0,001197969,-0,1391898,0,0,0,0,0,0,0,0,0,0,0,0,0,0,0,0,0,0,0,0,0,0,1,1,1,False
14,53055,-10,48907,1,689037,-1,37557,-0,002654806,0,9902614,-0,001197969,-0,1391898,0,0,0,0,0,0,0,0,0,0,0,0,0,0,0,0,0,0,0,0,0,0,1,1,1,False
14,54466,-10,48907,1,689037,-1,37557,-0,002654806,0,9902614,-0,001197969,-0,1391898,0,0,0,0,0,0,0,0,0,0,0,0,0,0,0,0,0,0,0,0,0,0,1,1,1,False
14,55866,-10,48907,1,689037,-1,37557,-0,002654806,0,9902614,-0,001197969,-0,1391898,0,0,0,0,0,0,0,0,0,0,0,0,0,0,0,0,0,0,0,0,0,0,1,1,1,False
14,58192,-10,48907,1,689037,-1,37557,-0,002654806,0,9902614,-0,001197969,-0,1391898,0,0,0,0,0,0,0,0,0,0,0,0,0,0,0,0,0,0,0,0,0,0,1,1,1,False
14,59675,-10,48907,1,689037,-1,37557,-0,002654806,0,9902614,-0,001197969,-0,1391898,0,0,0,0,0,0,0,0,0,0,0,0,0,0,0,0,0,0,0,0,0,0,1,1,1,False
14,61134,-10,48907,1,689037,-1,37557,-0,002654806,0,9902614,-0,001197969,-0,1391898,0,0,0,0,0,0,0,0,0,0,0,0,0,0,0,0,0,0,0,0,0,0,1,1,1,False
14,62597,-10,48907,1,689037,-1,37557,-0,002654806,0,9902614,-0,001197969,-0,1391898,0,0,0,0,0,0,0,0,0,0,0,0,0,0,0,0,0,0,0,0,0,0,1,1,1,False
14,64006,-10,48907,1,689037,-1,37557,-0,002654806,0,9902614,-0,001197969,-0,1391898,0,0,0,0,0,0,0,0,0,0,0,0,0,0,0,0,0,0,0,0,0,0,1,1,1,False
14,65342,-10,48907,1,689037,-1,37557,-0,002654806,0,9902614,-0,001197969,-0,1391898,0,0,0,0,0,0,0,0,0,0,0,0,0,0,0,0,0,0,0,0,0,0,1,1,1,False
14,66699,-10,48907,1,689037,-1,37557,-0,002654806,0,9902614,-0,001197969,-0,1391898,0,0,0,0,0,0,0,0,0,0,0,0,0,0,0,0,0,0,0,0,0,0,1,1,1,False
14,68094,-10,48907,1,689037,-1,37557,-0,002654806,0,9902614,-0,001197969,-0,1391898,0,0,0,0,0,0,0,0,0,0,0,0,0,0,0,0,0,0,0,0,0,0,1,1,1,False
14,69491,-10,48907,1,689037,-1,37557,-0,002654806,0,9902614,-0,001197969,-0,1391898,0,0,0,0,0,0,0,0,0,0,0,0,0,0,0,0,0,0,0,0,0,0,1,1,1,False
14,70854,-10,48907,1,689037,-1,37557,-0,002654806,0,9902614,-0,001197969,-0,1391898,0,0,0,0,0,0,0,0,0,0,0,0,0,0,0,0,0,0,0,0,0,0,1,1,1,False
14,72316,-10,48907,1,689037,-1,37557,-0,002654806,0,9902614,-0,001197969,-0,1391898,0,0,0,0,0,0,0,0,0,0,0,0,0,0,0,0,0,0,0,0,0,0,1,1,1,False
14,74702,-10,48907,1,689037,-1,37557,-0,002654806,0,9902614,-0,001197969,-0,1391898,0,0,0,0,0,0,0,0,0,0,0,0,0,0,0,0,0,0,0,0,0,0,1,1,1,False
14,76125,-10,48907,1,689037,-1,37557,-0,002654806,0,9902614,-0,001197969,-0,1391898,0,0,0,0,0,0,0,0,0,0,0,0,0,0,0,0,0,0,0,0,0,0,1,1,1,False
14,77546,-10,48907,1,689037,-1,37557,-0,002654806,0,9902614,-0,001197969,-0,1391898,0,0,0,0,0,0,0,0,0,0,0,0,0,0,0,0,0,0,0,0,0,0,1,1,1,False
14,78862,-10,48907,1,689037,-1,37557,-0,002654806,0,9902614,-0,001197969,-0,1391898,0,0,0,0,0,0,0,0,0,0,0,0,0,0,0,0,0,0,0,0,0,0,1,1,1,False
14,80304,-10,48907,1,689037,-1,37557,-0,002654806,0,9902614,-0,001197969,-0,1391898,0,0,0,0,0,0,0,0,0,0,0,0,0,0,0,0,0,0,0,0,0,0,1,1,1,False
14,81821,-10,48907,1,689037,-1,37557,-0,002654806,0,9902614,-0,001197969,-0,1391898,0,0,0,0,0,0,0,0,0,0,0,0,0,0,0,0,0,0,0,0,0,0,1,1,1,False
14,83087,-10,48907,1,689037,-1,37557,-0,002654806,0,9902614,-0,001197969,-0,1391898,0,0,0,0,0,0,0,0,0,0,0,0,0,0,0,0,0,0,0,0,0,0,1,1,1,False
14,84413,-10,48907,1,689037,-1,37557,-0,002654806,0,9902614,-0,001197969,-0,1391898,0,0,0,0,0,0,0,0,0,0,0,0,0,0,0,0,0,0,0,0,0,0,1,1,1,False
14,85748,-10,48907,1,689037,-1,37557,-0,002654806,0,9902614,-0,001197969,-0,1391898,0,0,0,0,0,0,0,0,0,0,0,0,0,0,0,0,0,0,0,0,0,0,1,1,1,False
14,8703,-10,48907,1,689037,-1,37557,-0,002654806,0,9902614,-0,001197969,-0,1391898,0,0,0,0,0,0,0,0,0,0,0,0,0,0,0,0,0,0,0,0,0,0,1,1,1,False
14,88478,-10,48907,1,689037,-1,37557,-0,002654806,0,9902614,-0,001197969,-0,1391898,0,0,0,0,0,0,0,0,0,0,0,0,0,0,0,0,0,0,0,0,0,0,1,1,1,False
14,90912,-10,48907,1,689037,-1,37557,-0,002654806,0,9902614,-0,001197969,-0,1391898,0,0,0,0,0,0,0,0,0,0,0,0,0,0,0,0,0,0,0,0,0,0,1,1,1,False
14,92255,-10,48907,1,689037,-1,37557,-0,002654806,0,9902614,-0,001197969,-0,1391898,0,0,0,0,0,0,0,0,0,0,0,0,0,0,0,0,0,0,0,0,0,0,1,1,1,False
14,93674,-10,48907,1,689037,-1,37557,-0,002654806,0,9902614,-0,001197969,-0,1391898,0,0,0,0,0,0,0,0,0,0,0,0,0,0,0,0,0,0,0,0,0,0,1,1,1,False
14,95036,-10,48907,1,689037,-1,37557,-0,002654806,0,9902614,-0,001197969,-0,1391898,0,0,0,0,0,0,0,0,0,0,0,0,0,0,0,0,0,0,0,0,0,0,1,1,1,False
14,96475,-10,48907,1,689037,-1,37557,-0,002654806,0,9902614,-0,001197969,-0,1391898,0,0,0,0,0,0,0,0,0,0,0,0,0,0,0,0,0,0,0,0,0,0,1,1,1,False
14,97889,-10,48907,1,689037,-1,37557,-0,002654806,0,9902614,-0,001197969,-0,1391898,0,0,0,0,0,0,0,0,0,0,0,0,0,0,0,0,0,0,0,0,0,0,1,1,1,False
14,99157,-10,48907,1,689037,-1,37557,-0,002654806,0,9902614,-0,001197969,-0,1391898,0,0,0,0,0,0,0,0,0,0,0,0,0,0,0,0,0,0,0,0,0,0,1,1,1,False
15,00577,-10,48907,1,689037,-1,37557,-0,002654806,0,9902614,-0,001197969,-0,1391898,0,0,0,0,0,0,0,0,0,0,0,0,0,0,0,0,0,0,0,0,0,0,1,1,1,False
15,02046,-10,48907,1,689037,-1,37557,-0,002654806,0,9902614,-0,001197969,-0,1391898,0,0,0,0,0,0,0,0,0,0,0,0,0,0,0,0,0,0,0,0,0,0,1,1,1,False
15,03467,-10,48907,1,689037,-1,37557,-0,002654806,0,9902614,-0,001197969,-0,1391898,0,0,0,0,0,0,0,0,0,0,0,0,0,0,0,0,0,0,0,0,0,0,1,1,1,False
15,04785,-10,48907,1,689037,-1,37557,-0,002654806,0,9902614,-0,001197969,-0,1391898,0,0,0,0,0,0,0,0,0,0,0,0,0,0,0,0,0,0,0,0,0,0,1,1,1,False
15,07219,-10,48907,1,689037,-1,37557,-0,002654806,0,9902614,-0,001197969,-0,1391898,0,0,0,0,0,0,0,0,0,0,0,0,0,0,0,0,0,0,0,0,0,0,1,1,1,False
15,08548,-10,48907,1,689037,-1,37557,-0,002654806,0,9902614,-0,001197969,-0,1391898,0,0,0,0,0,0,0,0,0,0,0,0,0,0,0,0,0,0,0,0,0,0,1,1,1,False
15,09968,-10,48907,1,689037,-1,37557,-0,002654806,0,9902614,-0,001197969,-0,1391898,0,0,0,0,0,0,0,0,0,0,0,0,0,0,0,0,0,0,0,0,0,0,1,1,1,False
15,11243,-10,48907,1,689037,-1,37557,-0,002654806,0,9902614,-0,001197969,-0,1391898,0,0,0,0,0,0,0,0,0,0,0,0,0,0,0,0,0,0,0,0,0,0,1,1,1,False
15,1268,-10,48907,1,689037,-1,37557,-0,002654806,0,9902614,-0,001197969,-0,1391898,0,0,0,0,0,0,0,0,0,0,0,0,0,0,0,0,0,0,0,0,0,0,1,1,1,False
15,14012,-10,48907,1,689037,-1,37557,-0,002654806,0,9902614,-0,001197969,-0,1391898,0,0,0,0,0,0,0,0,0,0,0,0,0,0,0,0,0,0,0,0,0,0,1,1,1,False
15,15436,-10,48907,1,689037,-1,37557,-0,002654806,0,9902614,-0,001197969,-0,1391898,0,0,0,0,0,0,0,0,0,0,0,0,0,0,0,0,0,0,0,0,0,0,1,1,1,False
15,1672,-10,48907,1,689037,-1,37557,-0,002654806,0,9902614,-0,001197969,-0,1391898,0,0,0,0,0,0,0,0,0,0,0,0,0,0,0,0,0,0,0,0,0,0,1,1,1,False
15,18069,-10,48907,1,689037,-1,37557,-0,002654806,0,9902614,-0,001197969,-0,1391898,0,0,0,0,0,0,0,0,0,0,0,0,0,0,0,0,0,0,0,0,0,0,1,1,1,False
15,19491,-10,48907,1,689037,-1,37557,-0,002654806,0,9902614,-0,001197969,-0,1391898,0,0,0,0,0,0,0,0,0,0,0,0,0,0,0,0,0,0,0,0,0,0,1,1,1,False
15,20756,-10,48907,1,689037,-1,37557,-0,002654806,0,9902614,-0,001197969,-0,1391898,0,0,0,0,0,0,0,0,0,0,0,0,0,0,0,0,0,0,0,0,0,0,1,1,1,False
15,23184,-10,48907,1,689037,-1,37557,-0,002654806,0,9902614,-0,001197969,-0,1391898,0,0,0,0,0,0,0,0,0,0,0,0,0,0,0,0,0,0,0,0,0,0,1,1,1,False
15,24514,-10,48907,1,689037,-1,37557,-0,002654806,0,9902614,-0,001197969,-0,1391898,0,0,0,0,0,0,0,0,0,0,0,0,0,0,0,0,0,0,0,0,0,0,1,1,1,False
15,25854,-10,48907,1,689037,-1,37557,-0,002654806,0,9902614,-0,001197969,-0,1391898,0,0,0,0,0,0,0,0,0,0,0,0,0,0,0,0,0,0,0,0,0,0,1,1,1,False
15,27148,-10,48907,1,689037,-1,37557,-0,002654806,0,9902614,-0,001197969,-0,1391898,0,0,0,0,0,0,0,0,0,0,0,0,0,0,0,0,0,0,0,0,0,0,1,1,1,False
15,28581,-10,48907,1,689037,-1,37557,-0,002654806,0,9902614,-0,001197969,-0,1391898,0,0,0,0,0,0,0,0,0,0,0,0,0,0,0,0,0,0,0,0,0,0,1,1,1,False
15,30038,-10,48907,1,689037,-1,37557,-0,002654806,0,9902614,-0,001197969,-0,1391898,0,0,0,0,0,0,0,0,0,0,0,0,0,0,0,0,0,0,0,0,0,0,1,1,1,False
15,31534,-10,48907,1,689037,-1,37557,-0,002654806,0,9902614,-0,001197969,-0,1391898,0,0,0,0,0,0,0,0,0,0,0,0,0,0,0,0,0,0,0,0,0,0,1,1,1,False
15,32804,-10,48907,1,689037,-1,37557,-0,002654806,0,9902614,-0,001197969,-0,1391898,0,0,0,0,0,0,0,0,0,0,0,0,0,0,0,0,0,0,0,0,0,0,1,1,1,False
15,3414,-10,48907,1,689037,-1,37557,-0,002654806,0,9902614,-0,001197969,-0,1391898,0,0,0,0,0,0,0,0,0,0,0,0,0,0,0,0,0,0,0,0,0,0,1,1,1,False
15,35575,-10,48907,1,689037,-1,37557,-0,002654806,0,9902614,-0,001197969,-0,1391898,0,0,0,0,0,0,0,0,0,0,0,0,0,0,0,0,0,0,0,0,0,0,1,1,1,False
15,36903,-10,48907,1,689037,-1,37557,-0,002654806,0,9902614,-0,001197969,-0,1391898,0,0,0,0,0,0,0,0,0,0,0,0,0,0,0,0,0,0,0,0,0,0,1,1,1,False
15,39329,-10,48907,1,689037,-1,37557,-0,002654806,0,9902614,-0,001197969,-0,1391898,0,0,0,0,0,0,0,0,0,0,0,0,0,0,0,0,0,0,0,0,0,0,1,1,1,False
15,40732,-10,48907,1,689037,-1,37557,-0,002654806,0,9902614,-0,001197969,-0,1391898,0,0,0,0,0,0,0,0,0,0,0,0,0,0,0,0,0,0,0,0,0,0,1,1,1,False
15,42096,-10,48907,1,689037,-1,37557,-0,002654806,0,9902614,-0,001197969,-0,1391898,0,0,0,0,0,0,0,0,0,0,0,0,0,0,0,0,0,0,0,0,0,0,1,1,1,False
15,43542,-10,48907,1,689037,-1,37557,-0,002654806,0,9902614,-0,001197969,-0,1391898,0,0,0,0,0,0,0,0,0,0,0,0,0,0,0,0,0,0,0,0,0,0,1,1,1,False
15,44877,-10,48907,1,689037,-1,37557,-0,002654806,0,9902614,-0,001197969,-0,1391898,0,0,0,0,0,0,0,0,0,0,0,0,0,0,0,0,0,0,0,0,0,0,1,1,1,False
15,46222,-10,48907,1,689037,-1,37557,-0,002654806,0,9902614,-0,001197969,-0,1391898,0,0,0,0,0,0,0,0,0,0,0,0,0,0,0,0,0,0,0,0,0,0,1,1,1,False
15,47603,-10,48907,1,689037,-1,37557,-0,002654806,0,9902614,-0,001197969,-0,1391898,0,0,0,0,0,0,0,0,0,0,0,0,0,0,0,0,0,0,0,0,0,0,1,1,1,False
15,48969,-10,48907,1,689037,-1,37557,-0,002654806,0,9902614,-0,001197969,-0,1391898,0,0,0,0,0,0,0,0,0,0,0,0,0,0,0,0,0,0,0,0,0,0,1,1,1,False
15,50294,-10,48907,1,689037,-1,37557,-0,002654806,0,9902614,-0,001197969,-0,1391898,0,0,0,0,0,0,0,0,0,0,0,0,0,0,0,0,0,0,0,0,0,0,1,1,1,False
15,5164,-10,48907,1,689037,-1,37557,-0,002654806,0,9902614,-0,001197969,-0,1391898,0,0,0,0,0,0,0,0,0,0,0,0,0,0,0,0,0,0,0,0,0,0,1,1,1,False
15,52931,-10,48907,1,689037,-1,37557,-0,002654806,0,9902614,-0,001197969,-0,1391898,0,0,0,0,0,0,0,0,0,0,0,0,0,0,0,0,0,0,0,0,0,0,1,1,1,False
15,5547,-10,48907,1,689037,-1,37557,-0,002654806,0,9902614,-0,001197969,-0,1391898,0,0,0,0,0,0,0,0,0,0,0,0,0,0,0,0,0,0,0,0,0,0,1,1,1,False
15,56801,-10,48907,1,689037,-1,37557,-0,002654806,0,9902614,-0,001197969,-0,1391898,0,0,0,0,0,0,0,0,0,0,0,0,0,0,0,0,0,0,0,0,0,0,1,1,1,False
15,58263,-10,48907,1,689037,-1,37557,-0,002654806,0,9902614,-0,001197969,-0,1391898,0,0,0,0,0,0,0,0,0,0,0,0,0,0,0,0,0,0,0,0,0,0,1,1,1,False
15,59573,-10,48907,1,689037,-1,37557,-0,002654806,0,9902614,-0,001197969,-0,1391898,0,0,0,0,0,0,0,0,0,0,0,0,0,0,0,0,0,0,0,0,0,0,1,1,1,False
15,60946,-10,48907,1,689037,-1,37557,-0,002654806,0,9902614,-0,001197969,-0,1391898,0,0,0,0,0,0,0,0,0,0,0,0,0,0,0,0,0,0,0,0,0,0,1,1,1,False
15,62379,-10,48907,1,689037,-1,37557,-0,002654806,0,9902614,-0,001197969,-0,1391898,0,0,0,0,0,0,0,0,0,0,0,0,0,0,0,0,0,0,0,0,0,0,1,1,1,False
15,63866,-10,48907,1,689037,-1,37557,-0,002654806,0,9902614,-0,001197969,-0,1391898,0,0,0,0,0,0,0,0,0,0,0,0,0,0,0,0,0,0,0,0,0,0,1,1,1,False
15,6524,-10,48907,1,689037,-1,37557,-0,002654806,0,9902614,-0,001197969,-0,1391898,0,0,0,0,0,0,0,0,0,0,0,0,0,0,0,0,0,0,0,0,0,0,1,1,1,False
15,6657,-10,48907,1,689037,-1,37557,-0,002654806,0,9902614,-0,001197969,-0,1391898,0,0,0,0,0,0,0,0,0,0,0,0,0,0,0,0,0,0,0,0,0,0,1,1,1,False
15,6798,-10,48907,1,689037,-1,37557,-0,002654806,0,9902614,-0,001197969,-0,1391898,0,0,0,0,0,0,0,0,0,0,0,0,0,0,0,0,0,0,0,0,0,0,1,1,1,False
15,70285,-10,48907,1,689037,-1,37557,-0,002654806,0,9902614,-0,001197969,-0,1391898,0,0,0,0,0,0,0,0,0,0,0,0,0,0,0,0,0,0,0,0,0,0,1,1,1,False
15,71762,-10,48907,1,689037,-1,37557,-0,002654806,0,9902614,-0,001197969,-0,1391898,0,0,0,0,0,0,0,0,0,0,0,0,0,0,0,0,0,0,0,0,0,0,1,1,1,False
15,73094,-10,48907,1,689037,-1,37557,-0,002654806,0,9902614,-0,001197969,-0,1391898,0,0,0,0,0,0,0,0,0,0,0,0,0,0,0,0,0,0,0,0,0,0,1,1,1,False
15,74472,-10,48907,1,689037,-1,37557,-0,002654806,0,9902614,-0,001197969,-0,1391898,0,0,0,0,0,0,0,0,0,0,0,0,0,0,0,0,0,0,0,0,0,0,1,1,1,False
15,75858,-10,48907,1,689037,-1,37557,-0,002654806,0,9902614,-0,001197969,-0,1391898,0,0,0,0,0,0,0,0,0,0,0,0,0,0,0,0,0,0,0,0,0,0,1,1,1,False
15,77149,-10,48907,1,689037,-1,37557,-0,002654806,0,9902614,-0,001197969,-0,1391898,0,0,0,0,0,0,0,0,0,0,0,0,0,0,0,0,0,0,0,0,0,0,1,1,1,False
15,78523,-10,48907,1,689037,-1,37557,-0,002654806,0,9902614,-0,001197969,-0,1391898,0,0,0,0,0,0,0,0,0,0,0,0,0,0,0,0,0,0,0,0,0,0,1,1,1,False
15,79938,-10,48907,1,689037,-1,37557,-0,002654806,0,9902614,-0,001197969,-0,1391898,0,0,0,0,0,0,0,0,0,0,0,0,0,0,0,0,0,0,0,0,0,0,1,1,1,False
15,81198,-10,48907,1,689037,-1,37557,-0,002654806,0,9902614,-0,001197969,-0,1391898,0,0,0,0,0,0,0,0,0,0,0,0,0,0,0,0,0,0,0,0,0,0,1,1,1,False
15,8256,-10,48907,1,689037,-1,37557,-0,002654806,0,9902614,-0,001197969,-0,1391898,0,0,0,0,0,0,0,0,0,0,0,0,0,0,0,0,0,0,0,0,0,0,1,1,1,False
15,83992,-10,48907,1,689037,-1,37557,-0,002654806,0,9902614,-0,001197969,-0,1391898,0,0,0,0,0,0,0,0,0,0,0,0,0,0,0,0,0,0,0,0,0,0,1,1,1,False
15,86362,-10,48907,1,689037,-1,37557,-0,002654806,0,9902614,-0,001197969,-0,1391898,0,0,0,0,0,0,0,0,0,0,0,0,0,0,0,0,0,0,0,0,0,0,1,1,1,False
15,87846,-10,48907,1,689037,-1,37557,-0,002654806,0,9902614,-0,001197969,-0,1391898,0,0,0,0,0,0,0,0,0,0,0,0,0,0,0,0,0,0,0,0,0,0,1,1,1,False
15,89093,-10,48907,1,689037,-1,37557,-0,002654806,0,9902614,-0,001197969,-0,1391898,0,0,0,0,0,0,0,0,0,0,0,0,0,0,0,0,0,0,0,0,0,0,1,1,1,False
15,90549,-10,48907,1,689037,-1,37557,-0,002654806,0,9902614,-0,001197969,-0,1391898,0,0,0,0,0,0,0,0,0,0,0,0,0,0,0,0,0,0,0,0,0,0,1,1,1,False
15,91902,-10,48907,1,689037,-1,37557,-0,002654806,0,9902614,-0,001197969,-0,1391898,0,0,0,0,0,0,0,0,0,0,0,0,0,0,0,0,0,0,0,0,0,0,1,1,1,False
15,93162,-10,48907,1,689037,-1,37557,-0,002654806,0,9902614,-0,001197969,-0,1391898,0,0,0,0,0,0,0,0,0,0,0,0,0,0,0,0,0,0,0,0,0,0,1,1,1,False
15,94531,-10,48907,1,689037,-1,37557,-0,002654806,0,9902614,-0,001197969,-0,1391898,0,0,0,0,0,0,0,0,0,0,0,0,0,0,0,0,0,0,0,0,0,0,1,1,1,False
15,95974,-10,48907,1,689037,-1,37557,-0,002654806,0,9902614,-0,001197969,-0,1391898,0,0,0,0,0,0,0,0,0,0,0,0,0,0,0,0,0,0,0,0,0,0,1,1,1,False
15,9725,-10,48907,1,689037,-1,37557,-0,002654806,0,9902614,-0,001197969,-0,1391898,0,0,0,0,0,0,0,0,0,0,0,0,0,0,0,0,0,0,0,0,0,0,1,1,1,False
15,98599,-10,48907,1,689037,-1,37557,-0,002654806,0,9902614,-0,001197969,-0,1391898,0,0,0,0,0,0,0,0,0,0,0,0,0,0,0,0,0,0,0,0,0,0,1,1,1,False
15,99931,-10,48907,1,689037,-1,37557,-0,002654806,0,9902614,-0,001197969,-0,1391898,0,0,0,0,0,0,0,0,0,0,0,0,0,0,0,0,0,0,0,0,0,0,1,1,1,False
16,02213,-10,48907,1,689037,-1,37557,-0,002654806,0,9902614,-0,001197969,-0,1391898,0,0,0,0,0,0,0,0,0,0,0,0,0,0,0,0,0,0,0,0,0,0,1,1,1,False
16,03595,-10,48907,1,689037,-1,37557,-0,002654806,0,9902614,-0,001197969,-0,1391898,0,0,0,0,0,0,0,0,0,0,0,0,0,0,0,0,0,0,0,0,0,0,1,1,1,False
16,04924,-10,48907,1,689037,-1,37557,-0,002654806,0,9902614,-0,001197969,-0,1391898,0,0,0,0,0,0,0,0,0,0,0,0,0,0,0,0,0,0,0,0,0,0,1,1,1,False
16,0626,-10,48907,1,689037,-1,37557,-0,002654806,0,9902614,-0,001197969,-0,1391898,0,0,0,0,0,0,0,0,0,0,0,0,0,0,0,0,0,0,0,0,0,0,1,1,1,False
16,07614,-10,48907,1,689037,-1,37557,-0,002654806,0,9902614,-0,001197969,-0,1391898,0,0,0,0,0,0,0,0,0,0,0,0,0,0,0,0,0,0,0,0,0,0,1,1,1,False
16,08871,-10,48907,1,689037,-1,37557,-0,002654806,0,9902614,-0,001197969,-0,1391898,0,0,0,0,0,0,0,0,0,0,0,0,0,0,0,0,0,0,0,0,0,0,1,1,1,False
16,1021,-10,48907,1,689037,-1,37557,-0,002654806,0,9902614,-0,001197969,-0,1391898,0,0,0,0,0,0,0,0,0,0,0,0,0,0,0,0,0,0,0,0,0,0,1,1,1,False
16,11541,-10,48907,1,689037,-1,37557,-0,002654806,0,9902614,-0,001197969,-0,1391898,0,0,0,0,0,0,0,0,0,0,0,0,0,0,0,0,0,0,0,0,0,0,1,1,1,False
16,12816,-10,48907,1,689037,-1,37557,-0,002654806,0,9902614,-0,001197969,-0,1391898,0,0,0,0,0,0,0,0,0,0,0,0,0,0,0,0,0,0,0,0,0,0,1,1,1,False
16,14177,-10,48907,1,689037,-1,37557,-0,002654806,0,9902614,-0,001197969,-0,1391898,0,0,0,0,0,0,0,0,0,0,0,0,0,0,0,0,0,0,0,0,0,0,1,1,1,False
16,15594,-10,48907,1,689037,-1,37557,-0,002654806,0,9902614,-0,001197969,-0,1391898,0,0,0,0,0,0,0,0,0,0,0,0,0,0,0,0,0,0,0,0,0,0,1,1,1,False
16,1792,-10,48907,1,689037,-1,37557,-0,002654806,0,9902614,-0,001197969,-0,1391898,0,0,0,0,0,0,0,0,0,0,0,0,0,0,0,0,0,0,0,0,0,0,1,1,1,False
16,19233,-10,48907,1,689037,-1,37557,-0,002654806,0,9902614,-0,001197969,-0,1391898,0,0,0,0,0,0,0,0,0,0,0,0,0,0,0,0,0,0,0,0,0,0,1,1,1,False
16,20658,-10,48907,1,689037,-1,37557,-0,002654806,0,9902614,-0,001197969,-0,1391898,0,0,0,0,0,0,0,0,0,0,0,0,0,0,0,0,0,0,0,0,0,0,1,1,1,False
16,22025,-10,48907,1,689037,-1,37557,-0,002654806,0,9902614,-0,001197969,-0,1391898,0,0,0,0,0,0,0,0,0,0,0,0,0,0,0,0,0,0,0,0,0,0,1,1,1,False
16,2337,-10,48907,1,689037,-1,37557,-0,002654806,0,9902614,-0,001197969,-0,1391898,0,0,0,0,0,0,0,0,0,0,0,0,0,0,0,0,0,0,0,0,0,0,1,1,1,False
16,24704,-10,48907,1,689037,-1,37557,-0,002654806,0,9902614,-0,001197969,-0,1391898,0,0,0,0,0,0,0,0,0,0,0,0,0,0,0,0,0,0,0,0,0,0,1,1,1,False
16,26024,-10,48907,1,689037,-1,37557,-0,002654806,0,9902614,-0,001197969,-0,1391898,0,0,0,0,0,0,0,0,0,0,0,0,0,0,0,0,0,0,0,0,0,0,1,1,1,False
16,27492,-10,48907,1,689037,-1,37557,-0,002654806,0,9902614,-0,001197969,-0,1391898,0,0,0,0,0,0,0,0,0,0,0,0,0,0,0,0,0,0,0,0,0,0,1,1,1,False
16,28796,-10,48907,1,689037,-1,37557,-0,002654806,0,9902614,-0,001197969,-0,1391898,0,0,0,0,0,0,0,0,0,0,0,0,0,0,0,0,0,0,0,0,0,0,1,1,1,False
16,30254,-10,48907,1,689037,-1,37557,-0,002654806,0,9902614,-0,001197969,-0,1391898,0,0,0,0,0,0,0,0,0,0,0,0,0,0,0,0,0,0,0,0,0,0,1,1,1,False
16,31653,-10,48907,1,689037,-1,37557,-0,002654806,0,9902614,-0,001197969,-0,1391898,0,0,0,0,0,0,0,0,0,0,0,0,0,0,0,0,0,0,0,0,0,0,1,1,1,False
16,34012,-10,48907,1,689037,-1,37557,-0,002654806,0,9902614,-0,001197969,-0,1391898,0,0,0,0,0,0,0,0,0,0,0,0,0,0,0,0,0,0,0,0,0,0,1,1,1,False
16,35451,-10,48907,1,689037,-1,37557,-0,002654806,0,9902614,-0,001197969,-0,1391898,0,0,0,0,0,0,0,0,0,0,0,0,0,0,0,0,0,0,0,0,0,0,1,1,1,False
16,36724,-10,48907,1,689037,-1,37557,-0,002654806,0,9902614,-0,001197969,-0,1391898,0,0,0,0,0,0,0,0,0,0,0,0,0,0,0,0,0,0,0,0,0,0,1,1,1,False
16,3805,-10,48907,1,689037,-1,37557,-0,002654806,0,9902614,-0,001197969,-0,1391898,0,0,0,0,0,0,0,0,0,0,0,0,0,0,0,0,0,0,0,0,0,0,1,1,1,False
16,39403,-10,48907,1,689037,-1,37557,-0,002654806,0,9902614,-0,001197969,-0,1391898,0,0,0,0,0,0,0,0,0,0,0,0,0,0,0,0,0,0,0,0,0,0,1,1,1,False
16,40685,-10,48907,1,689037,-1,37557,-0,002654806,0,9902614,-0,001197969,-0,1391898,0,0,0,0,0,0,0,0,0,0,0,0,0,0,0,0,0,0,0,0,0,0,1,1,1,False
16,42045,-10,48907,1,689037,-1,37557,-0,002654806,0,9902614,-0,001197969,-0,1391898,0,0,0,0,0,0,0,0,0,0,0,0,0,0,0,0,0,0,0,0,0,0,1,1,1,False
16,43552,-10,48907,1,689037,-1,37557,-0,002654806,0,9902614,-0,001197969,-0,1391898,0,0,0,0,0,0,0,0,0,0,0,0,0,0,0,0,0,0,0,0,0,0,1,1,1,False
16,44788,-10,48907,1,689037,-1,37557,-0,002654806,0,9902614,-0,001197969,-0,1391898,0,0,0,0,0,0,0,0,0,0,0,0,0,0,0,0,0,0,0,0,0,0,1,1,1,False
16,46126,-10,48907,1,689037,-1,37557,-0,002654806,0,9902614,-0,001197969,-0,1391898,0,0,0,0,0,0,0,0,0,0,0,0,0,0,0,0,0,0,0,0,0,0,1,1,1,False
16,47462,-10,48907,1,689037,-1,37557,-0,002654806,0,9902614,-0,001197969,-0,1391898,0,0,0,0,0,0,0,0,0,0,0,0,0,0,0,0,0,0,0,0,0,0,1,1,1,False
16,49817,-10,48907,1,689037,-1,37557,-0,002654806,0,9902614,-0,001197969,-0,1391898,0,0,0,0,0,0,0,0,0,0,0,0,0,0,0,0,0,0,0,0,0,0,1,1,1,False
16,51262,-10,48907,1,689037,-1,37557,-0,002654806,0,9902614,-0,001197969,-0,1391898,0,0,0,0,0,0,0,0,0,0,0,0,0,0,0,0,0,0,0,0,0,0,1,1,1,False
16,52691,-10,48907,1,689037,-1,37557,-0,002654806,0,9902614,-0,001197969,-0,1391898,0,0,0,0,0,0,0,0,0,0,0,0,0,0,0,0,0,0,0,0,0,0,1,1,1,False
16,54185,-10,48907,1,689037,-1,37557,-0,002654806,0,9902614,-0,001197969,-0,1391898,0,0,0,0,0,0,0,0,0,0,0,0,0,0,0,0,0,0,0,0,0,0,1,1,1,False
16,55602,-10,48907,1,689037,-1,37557,-0,002654806,0,9902614,-0,001197969,-0,1391898,0,0,0,0,0,0,0,0,0,0,0,0,0,0,0,0,0,0,0,0,0,0,1,1,1,False
16,5696,-10,48907,1,689037,-1,37557,-0,002654806,0,9902614,-0,001197969,-0,1391898,0,0,0,0,0,0,0,0,0,0,0,0,0,0,0,0,0,0,0,0,0,0,1,1,1,False
16,58394,-10,48907,1,689037,-1,37557,-0,002654806,0,9902614,-0,001197969,-0,1391898,0,0,0,0,0,0,0,0,0,0,0,0,0,0,0,0,0,0,0,0,0,0,1,1,1,False
16,59809,-10,48907,1,689037,-1,37557,-0,002654806,0,9902614,-0,001197969,-0,1391898,0,0,0,0,0,0,0,0,0,0,0,0,0,0,0,0,0,0,0,0,0,0,1,1,1,False
16,61188,-10,48907,1,689037,-1,37557,-0,002654806,0,9902614,-0,001197969,-0,1391898,0,0,0,0,0,0,0,0,0,0,0,0,0,0,0,0,0,0,0,0,0,0,1,1,1,False
16,62652,-10,48907,1,689037,-1,37557,-0,002654806,0,9902614,-0,001197969,-0,1391898,0,0,0,0,0,0,0,0,0,0,0,0,0,0,0,0,0,0,0,0,0,0,1,1,1,False
16,65084,-10,48907,1,689037,-1,37557,-0,002654806,0,9902614,-0,001197969,-0,1391898,0,0,0,0,0,0,0,0,0,0,0,0,0,0,0,0,0,0,0,0,0,0,1,1,1,False
16,6655,-10,48907,1,689037,-1,37557,-0,002654806,0,9902614,-0,001197969,-0,1391898,0,0,0,0,0,0,0,0,0,0,0,0,0,0,0,0,0,0,0,0,0,0,1,1,1,False
16,67995,-10,48907,1,689037,-1,37557,-0,002654806,0,9902614,-0,001197969,-0,1391898,0,0,0,0,0,0,0,0,0,0,0,0,0,0,0,0,0,0,0,0,0,0,1,1,1,False
16,69337,-10,48907,1,689037,-1,37557,-0,002654806,0,9902614,-0,001197969,-0,1391898,0,0,0,0,0,0,0,0,0,0,0,0,0,0,0,0,0,0,0,0,0,0,1,1,1,False
16,70764,-10,48907,1,689037,-1,37557,-0,002654806,0,9902614,-0,001197969,-0,1391898,0,0,0,0,0,0,0,0,0,0,0,0,0,0,0,0,0,0,0,0,0,0,1,1,1,False
16,72212,-10,48907,1,689037,-1,37557,-0,002654806,0,9902614,-0,001197969,-0,1391898,0,0,0,0,0,0,0,0,0,0,0,0,0,0,0,0,0,0,0,0,0,0,1,1,1,False
16,73577,-10,48907,1,689037,-1,37557,-0,002654806,0,9902614,-0,001197969,-0,1391898,0,0,0,0,0,0,0,0,0,0,0,0,0,0,0,0,0,0,0,0,0,0,1,1,1,False
16,74903,-10,48907,1,689037,-1,37557,-0,002654806,0,9902614,-0,001197969,-0,1391898,0,0,0,0,0,0,0,0,0,0,0,0,0,0,0,0,0,0,0,0,0,0,1,1,1,False
16,7625,-10,48907,1,689037,-1,37557,-0,002654806,0,9902614,-0,001197969,-0,1391898,0,0,0,0,0,0,0,0,0,0,0,0,0,0,0,0,0,0,0,0,0,0,1,1,1,False
16,77592,-10,48907,1,689037,-1,37557,-0,002654806,0,9902614,-0,001197969,-0,1391898,0,0,0,0,0,0,0,0,0,0,0,0,0,0,0,0,0,0,0,0,0,0,1,1,1,False
16,78981,-10,48907,1,689037,-1,37557,-0,002654806,0,9902614,-0,001197969,-0,1391898,0,0,0,0,0,0,0,0,0,0,0,0,0,0,0,0,0,0,0,0,0,0,1,1,1,False
16,81383,-10,48907,1,689037,-1,37557,-0,002654806,0,9902614,-0,001197969,-0,1391898,0,0,0,0,0,0,0,0,0,0,0,0,0,0,0,0,0,0,0,0,0,0,1,1,1,False
16,82759,-10,48907,1,689037,-1,37557,-0,002654806,0,9902614,-0,001197969,-0,1391898,0,0,0,0,0,0,0,0,0,0,0,0,0,0,0,0,0,0,0,0,0,0,1,1,1,False
16,84206,-10,48907,1,689037,-1,37557,-0,002654806,0,9902614,-0,001197969,-0,1391898,0,0,0,0,0,0,0,0,0,0,0,0,0,0,0,0,0,0,0,0,0,0,1,1,1,False
16,85546,-10,48907,1,689037,-1,37557,-0,002654806,0,9902614,-0,001197969,-0,1391898,0,0,0,0,0,0,0,0,0,0,0,0,0,0,0,0,0,0,0,0,0,0,1,1,1,False
16,86795,-10,48907,1,689037,-1,37557,-0,002654806,0,9902614,-0,001197969,-0,1391898,0,0,0,0,0,0,0,0,0,0,0,0,0,0,0,0,0,0,0,0,0,0,1,1,1,False
16,88228,-10,48907,1,689037,-1,37557,-0,002654806,0,9902614,-0,001197969,-0,1391898,0,0,0,0,0,0,0,0,0,0,0,0,0,0,0,0,0,0,0,0,0,0,1,1,1,False
16,89635,-10,48907,1,689037,-1,37557,-0,002654806,0,9902614,-0,001197969,-0,1391898,0,0,0,0,0,0,0,0,0,0,0,0,0,0,0,0,0,0,0,0,0,0,1,1,1,False
16,91038,-10,48907,1,689037,-1,37557,-0,002654806,0,9902614,-0,001197969,-0,1391898,0,0,0,0,0,0,0,0,0,0,0,0,0,0,0,0,0,0,0,0,0,0,1,1,1,False
16,9248,-10,48907,1,689037,-1,37557,-0,002654806,0,9902614,-0,001197969,-0,1391898,0,0,0,0,0,0,0,0,0,0,0,0,0,0,0,0,0,0,0,0,0,0,1,1,1,False
16,93977,-10,48907,1,689037,-1,37557,-0,002654806,0,9902614,-0,001197969,-0,1391898,0,0,0,0,0,0,0,0,0,0,0,0,0,0,0,0,0,0,0,0,0,0,1,1,1,False
16,96313,-10,48907,1,689037,-1,37557,-0,002654806,0,9902614,-0,001197969,-0,1391898,0,0,0,0,0,0,0,0,0,0,0,0,0,0,0,0,0,0,0,0,0,0,1,1,1,False
16,97768,-10,48907,1,689037,-1,37557,-0,002654806,0,9902614,-0,001197969,-0,1391898,0,0,0,0,0,0,0,0,0,0,0,0,0,0,0,0,0,0,0,0,0,0,1,1,1,False
16,99095,-10,48907,1,689037,-1,37557,-0,002654806,0,9902614,-0,001197969,-0,1391898,0,0,0,0,0,0,0,0,0,0,0,0,0,0,0,0,0,0,0,0,0,0,1,1,1,False
17,00548,-10,48907,1,689037,-1,37557,-0,002654806,0,9902614,-0,001197969,-0,1391898,0,0,0,0,0,0,0,0,0,0,0,0,0,0,0,0,0,0,0,0,0,0,1,1,1,False
17,0197,-10,48907,1,689037,-1,37557,-0,002654806,0,9902614,-0,001197969,-0,1391898,0,0,0,0,0,0,0,0,0,0,0,0,0,0,0,0,0,0,0,0,0,0,1,1,1,False
17,03328,-10,48907,1,689037,-1,37557,-0,002654806,0,9902614,-0,001197969,-0,1391898,0,0,0,0,0,0,0,0,0,0,0,0,0,0,0,0,0,0,0,0,0,0,1,1,1,False
17,0476,-10,48907,1,689037,-1,37557,-0,002654806,0,9902614,-0,001197969,-0,1391898,0,0,0,0,0,0,0,0,0,0,0,0,0,0,0,0,0,0,0,0,0,0,1,1,1,False
17,06171,-10,48907,1,689037,-1,37557,-0,002654806,0,9902614,-0,001197969,-0,1391898,0,0,0,0,0,0,0,0,0,0,0,0,0,0,0,0,0,0,0,0,0,0,1,1,1,False
17,07579,-10,48907,1,689037,-1,37557,-0,002654806,0,9902614,-0,001197969,-0,1391898,0,0,0,0,0,0,0,0,0,0,0,0,0,0,0,0,0,0,0,0,0,0,1,1,1,False
17,08896,-10,48907,1,689037,-1,37557,-0,002654806,0,9902614,-0,001197969,-0,1391898,0,0,0,0,0,0,0,0,0,0,0,0,0,0,0,0,0,0,0,0,0,0,1,1,1,False
17,103,-10,48907,1,689037,-1,37557,-0,002654806,0,9902614,-0,001197969,-0,1391898,0,0,0,0,0,0,0,0,0,0,0,0,0,0,0,0,0,0,0,0,0,0,1,1,1,False
17,12909,-10,48907,1,689037,-1,37557,-0,002654806,0,9902614,-0,001197969,-0,1391898,0,0,0,0,0,0,0,0,0,0,0,0,0,0,0,0,0,0,0,0,0,0,1,1,1,False
17,14333,-10,48907,1,689037,-1,37557,-0,002654806,0,9902614,-0,001197969,-0,1391898,0,0,0,0,0,0,0,0,0,0,0,0,0,0,0,0,0,0,0,0,0,0,1,1,1,False
17,15817,-10,48907,1,689037,-1,37557,-0,002654806,0,9902614,-0,001197969,-0,1391898,0,0,0,0,0,0,0,0,0,0,0,0,0,0,0,0,0,0,0,0,0,0,1,1,1,False
17,17192,-10,48907,1,689037,-1,37557,-0,002654806,0,9902614,-0,001197969,-0,1391898,0,0,0,0,0,0,0,0,0,0,0,0,0,0,0,0,0,0,0,0,0,0,1,1,1,False
17,18752,-10,48907,1,689037,-1,37557,-0,002654806,0,9902614,-0,001197969,-0,1391898,0,0,0,0,0,0,0,0,0,0,0,0,0,0,0,0,0,0,0,0,0,0,1,1,1,False
17,20557,-10,48907,1,689037,-1,37557,-0,002654806,0,9902614,-0,001197969,-0,1391898,0,0,0,0,0,0,0,0,0,0,0,0,0,0,0,0,0,0,0,0,0,0,1,1,1,False
17,22382,-10,48907,1,689037,-1,37557,-0,002654806,0,9902614,-0,001197969,-0,1391898,0,0,0,0,0,0,0,0,0,0,0,0,0,0,0,0,0,0,0,0,0,0,1,1,1,False
17,24235,-10,48907,1,689037,-1,37557,-0,002654806,0,9902614,-0,001197969,-0,1391898,0,0,0,0,0,0,0,0,0,0,0,0,0,0,0,0,0,0,0,0,0,0,1,1,1,False
17,25806,-10,48907,1,689037,-1,37557,-0,002654806,0,9902614,-0,001197969,-0,1391898,0,0,0,0,0,0,0,0,0,0,0,0,0,0,0,0,0,0,0,0,0,0,1,1,1,False
17,28349,-10,48907,1,689037,-1,37557,-0,002654806,0,9902614,-0,001197969,-0,1391898,0,0,0,0,0,0,0,0,0,0,0,0,0,0,0,0,0,0,0,0,0,0,1,1,1,False
17,30049,-10,48907,1,689037,-1,37557,-0,002654806,0,9902614,-0,001197969,-0,1391898,0,0,0,0,0,0,0,0,0,0,0,0,0,0,0,0,0,0,0,0,0,0,1,1,1,False
17,31558,-10,48907,1,689037,-1,37557,-0,002654806,0,9902614,-0,001197969,-0,1391898,0,0,0,0,0,0,0,0,0,0,0,0,0,0,0,0,0,0,0,0,0,0,1,1,1,False
17,33006,-10,48907,1,689037,-1,37557,-0,002654806,0,9902614,-0,001197969,-0,1391898,0,0,0,0,0,0,0,0,0,0,0,0,0,0,0,0,0,0,0,0,0,0,1,1,1,False
17,34495,-10,48907,1,689037,-1,37557,-0,002654806,0,9902614,-0,001197969,-0,1391898,0,0,0,0,0,0,0,0,0,0,0,0,0,0,0,0,0,0,0,0,0,0,1,1,1,False
17,36101,-10,48907,1,689037,-1,37557,-0,002654806,0,9902614,-0,001197969,-0,1391898,0,0,0,0,0,0,0,0,0,0,0,0,0,0,0,0,0,0,0,0,0,0,1,1,1,False
17,37778,-10,48907,1,689037,-1,37557,-0,002654806,0,9902614,-0,001197969,-0,1391898,0,0,0,0,0,0,0,0,0,0,0,0,0,0,0,0,0,0,0,0,0,0,1,1,1,False
17,39264,-10,48907,1,689037,-1,37557,-0,002654806,0,9902614,-0,001197969,-0,1391898,0,0,0,0,0,0,0,0,0,0,0,0,0,0,0,0,0,0,0,0,0,0,1,1,1,False
17,40911,-10,48907,1,689037,-1,37557,-0,002654806,0,9902614,-0,001197969,-0,1391898,0,0,0,0,0,0,0,0,0,0,0,0,0,0,0,0,0,0,0,0,0,0,1,1,1,False
17,43665,-10,48907,1,689037,-1,37557,-0,002654806,0,9902614,-0,001197969,-0,1391898,0,0,0,0,0,0,0,0,0,0,0,0,0,0,0,0,0,0,0,0,0,0,1,1,1,False
17,45375,-10,48907,1,689037,-1,37557,-0,002654806,0,9902614,-0,001197969,-0,1391898,0,0,0,0,0,0,0,0,0,0,0,0,0,0,0,0,0,0,0,0,0,0,1,1,1,False
17,47252,-10,48907,1,689037,-1,37557,-0,002654806,0,9902614,-0,001197969,-0,1391898,0,0,0,0,0,0,0,0,0,0,0,0,0,0,0,0,0,0,0,0,0,0,1,1,1,False
17,49097,-10,48907,1,689037,-1,37557,-0,002654806,0,9902614,-0,001197969,-0,1391898,0,0,0,0,0,0,0,0,0,0,0,0,0,0,0,0,0,0,0,0,0,0,1,1,1,False
17,50847,-10,48907,1,689037,-1,37557,-0,002654806,0,9902614,-0,001197969,-0,1391898,0,0,0,0,0,0,0,0,0,0,0,0,0,0,0,0,0,0,0,0,0,0,1,1,1,False
17,52543,-10,48907,1,689037,-1,37557,-0,002654806,0,9902614,-0,001197969,-0,1391898,0,0,0,0,0,0,0,0,0,0,0,0,0,0,0,0,0,0,0,0,0,0,1,1,1,False
17,54327,-10,48907,1,689037,-1,37557,-0,002654806,0,9902614,-0,001197969,-0,1391898,0,0,0,0,0,0,0,0,0,0,0,0,0,0,0,0,0,0,0,0,0,0,1,1,1,False
17,56014,-10,48907,1,689037,-1,37557,-0,002654806,0,9902614,-0,001197969,-0,1391898,0,0,0,0,0,0,0,0,0,0,0,0,0,0,0,0,0,0,0,0,0,0,1,1,1,False
17,58819,-10,48907,1,689037,-1,37557,-0,002654806,0,9902614,-0,001197969,-0,1391898,0,0,0,0,0,0,0,0,0,0,0,0,0,0,0,0,0,0,0,0,0,0,1,1,1,False
17,60344,-10,48907,1,689037,-1,37557,-0,002654806,0,9902614,-0,001197969,-0,1391898,0,0,0,0,0,0,0,0,0,0,0,0,0,0,0,0,0,0,0,0,0,0,1,1,1,False
17,61798,-10,48907,1,689037,-1,37557,-0,002654806,0,9902614,-0,001197969,-0,1391898,0,0,0,0,0,0,0,0,0,0,0,0,0,0,0,0,0,0,0,0,0,0,1,1,1,False
17,63242,-10,48907,1,689037,-1,37557,-0,002654806,0,9902614,-0,001197969,-0,1391898,0,0,0,0,0,0,0,0,0,0,0,0,0,0,0,0,0,0,0,0,0,0,1,1,1,False
17,64767,-10,48907,1,689037,-1,37557,-0,002654806,0,9902614,-0,001197969,-0,1391898,0,0,0,0,0,0,0,0,0,0,0,0,0,0,0,0,0,0,0,0,0,0,1,1,1,False
17,6631,-10,48907,1,689037,-1,37557,-0,002654806,0,9902614,-0,001197969,-0,1391898,0,0,0,0,0,0,0,0,0,0,0,0,0,0,0,0,0,0,0,0,0,0,1,1,1,False
17,67962,-10,48907,1,689037,-1,37557,-0,002654806,0,9902614,-0,001197969,-0,1391898,0,0,0,0,0,0,0,0,0,0,0,0,0,0,0,0,0,0,0,0,0,0,1,1,1,False
17,69675,-10,48907,1,689037,-1,37557,-0,002654806,0,9902614,-0,001197969,-0,1391898,0,0,0,0,0,0,0,0,0,0,0,0,0,0,0,0,0,0,0,0,0,0,1,1,1,False
17,71323,-10,48907,1,689037,-1,37557,-0,002654806,0,9902614,-0,001197969,-0,1391898,0,0,0,0,0,0,0,0,0,0,0,0,0,0,0,0,0,0,0,0,0,0,1,1,1,False
17,74227,-10,48907,1,689037,-1,37557,-0,002654806,0,9902614,-0,001197969,-0,1391898,0,0,0,0,0,0,0,0,0,0,0,0,0,0,0,0,0,0,0,0,0,0,1,1,1,False
17,75939,-10,48907,1,689037,-1,37557,-0,002654806,0,9902614,-0,001197969,-0,1391898,0,0,0,0,0,0,0,0,0,0,0,0,0,0,0,0,0,0,0,0,0,0,1,1,1,False
17,77611,-10,48907,1,689037,-1,37557,-0,002654806,0,9902614,-0,001197969,-0,1391898,0,0,0,0,0,0,0,0,0,0,0,0,0,0,0,0,0,0,0,0,0,0,1,1,1,False
17,79449,-10,48907,1,689037,-1,37557,-0,002654806,0,9902614,-0,001197969,-0,1391898,0,0,0,0,0,0,0,0,0,0,0,0,0,0,0,0,0,0,0,0,0,0,1,1,1,False
17,8127,-10,48907,1,689037,-1,37557,-0,002654806,0,9902614,-0,001197969,-0,1391898,0,0,0,0,0,0,0,0,0,0,0,0,0,0,0,0,0,0,0,0,0,0,1,1,1,False
17,83069,-10,48907,1,689037,-1,37557,-0,002654806,0,9902614,-0,001197969,-0,1391898,0,0,0,0,0,0,0,0,0,0,0,0,0,0,0,0,0,0,0,0,0,0,1,1,1,False
17,84772,-10,48907,1,689037,-1,37557,-0,002654806,0,9902614,-0,001197969,-0,1391898,0,0,0,0,0,0,0,0,0,0,0,0,0,0,0,0,0,0,0,0,0,0,1,1,1,False
17,86624,-10,48907,1,689037,-1,37557,-0,002654806,0,9902614,-0,001197969,-0,1391898,0,0,0,0,0,0,0,0,0,0,0,0,0,0,0,0,0,0,0,0,0,0,1,1,1,False
17,89783,-10,48907,1,689037,-1,37557,-0,002654806,0,9902614,-0,001197969,-0,1391898,0,0,0,0,0,0,0,0,0,0,0,0,0,0,0,0,0,0,0,0,0,0,1,1,1,False
17,91458,-10,48907,1,689037,-1,37557,-0,002654806,0,9902614,-0,001197969,-0,1391898,0,0,0,0,0,0,0,0,0,0,0,0,0,0,0,0,0,0,0,0,0,0,1,1,1,False
17,93353,-10,48907,1,689037,-1,37557,-0,002654806,0,9902614,-0,001197969,-0,1391898,0,0,0,0,0,0,0,0,0,0,0,0,0,0,0,0,0,0,0,0,0,0,1,1,1,False
17,95287,-10,48907,1,689037,-1,37557,-0,002654806,0,9902614,-0,001197969,-0,1391898,0,0,0,0,0,0,0,0,0,0,0,0,0,0,0,0,0,0,0,0,0,0,1,1,1,False
17,97233,-10,48907,1,689037,-1,37557,-0,002654806,0,9902614,-0,001197969,-0,1391898,0,0,0,0,0,0,0,0,0,0,0,0,0,0,0,0,0,0,0,0,0,0,1,1,1,False
17,99112,-10,48907,1,689037,-1,37557,-0,002654806,0,9902614,-0,001197969,-0,1391898,0,0,0,0,0,0,0,0,0,0,0,0,0,0,0,0,0,0,0,0,0,0,1,1,1,False
18,00978,-10,48907,1,689037,-1,37557,-0,002654806,0,9902614,-0,001197969,-0,1391898,0,0,0,0,0,0,0,0,0,0,0,0,0,0,0,0,0,0,0,0,0,0,1,1,1,False
18,02881,-10,48907,1,689037,-1,37557,-0,002654806,0,9902614,-0,001197969,-0,1391898,0,0,0,0,0,0,0,0,0,0,0,0,0,0,0,0,0,0,0,0,0,0,1,1,1,False
18,06121,-10,48907,1,689037,-1,37557,-0,002654806,0,9902614,-0,001197969,-0,1391898,0,0,0,0,0,0,0,0,0,0,0,0,0,0,0,0,0,0,0,0,0,0,1,1,1,False
18,07997,-10,48907,1,689037,-1,37557,-0,002654806,0,9902614,-0,001197969,-0,1391898,0,0,0,0,0,0,0,0,0,0,0,0,0,0,0,0,0,0,0,0,0,0,1,1,1,False
18,09866,-10,48907,1,689037,-1,37557,-0,002654806,0,9902614,-0,001197969,-0,1391898,0,0,0,0,0,0,0,0,0,0,0,0,0,0,0,0,0,0,0,0,0,0,1,1,1,False
18,11704,-10,48907,1,689037,-1,37557,-0,002654806,0,9902614,-0,001197969,-0,1391898,0,0,0,0,0,0,0,0,0,0,0,0,0,0,0,0,0,0,0,0,0,0,1,1,1,False
18,13498,-10,48907,1,689037,-1,37557,-0,002654806,0,9902614,-0,001197969,-0,1391898,0,0,0,0,0,0,0,0,0,0,0,0,0,0,0,0,0,0,0,0,0,0,1,1,1,False
18,15296,-10,48907,1,689037,-1,37557,-0,002654806,0,9902614,-0,001197969,-0,1391898,0,0,0,0,0,0,0,0,0,0,0,0,0,0,0,0,0,0,0,0,0,0,1,1,1,False
18,17118,-10,48907,1,689037,-1,37557,-0,002654806,0,9902614,-0,001197969,-0,1391898,0,0,0,0,0,0,0,0,0,0,0,0,0,0,0,0,0,0,0,0,0,0,1,1,1,False
18,19097,-10,48907,1,689037,-1,37557,-0,002654806,0,9902614,-0,001197969,-0,1391898,0,0,0,0,0,0,0,0,0,0,0,0,0,0,0,0,0,0,0,0,0,0,1,1,1,False
18,22315,-10,48907,1,689037,-1,37557,-0,002654806,0,9902614,-0,001197969,-0,1391898,0,0,0,0,0,0,0,0,0,0,0,0,0,0,0,0,0,0,0,0,0,0,1,1,1,False
18,24103,-10,48907,1,689037,-1,37557,-0,002654806,0,9902614,-0,001197969,-0,1391898,0,0,0,0,0,0,0,0,0,0,0,0,0,0,0,0,0,0,0,0,0,0,1,1,1,False
18,25873,-10,48907,1,689037,-1,37557,-0,002654806,0,9902614,-0,001197969,-0,1391898,0,0,0,0,0,0,0,0,0,0,0,0,0,0,0,0,0,0,0,0,0,0,1,1,1,False
18,27392,-10,48907,1,689037,-1,37557,-0,002654806,0,9902614,-0,001197969,-0,1391898,0,0,0,0,0,0,0,0,0,0,0,0,0,0,0,0,0,0,0,0,0,0,1,1,1,False
18,29044,-10,48907,1,689037,-1,37557,-0,002654806,0,9902614,-0,001197969,-0,1391898,0,0,0,0,0,0,0,0,0,0,0,0,0,0,0,0,0,0,0,0,0,0,1,1,1,False
18,30613,-10,48907,1,689037,-1,37557,-0,002654806,0,9902614,-0,001197969,-0,1391898,0,0,0,0,0,0,0,0,0,0,0,0,0,0,0,0,0,0,0,0,0,0,1,1,1,False
18,32289,-10,48907,1,689037,-1,37557,-0,002654806,0,9902614,-0,001197969,-0,1391898,0,0,0,0,0,0,0,0,0,0,0,0,0,0,0,0,0,0,0,0,0,0,1,1,1,False
18,33925,-10,48907,1,689037,-1,37557,-0,002654806,0,9902614,-0,001197969,-0,1391898,0,0,0,0,0,0,0,0,0,0,0,0,0,0,0,0,0,0,0,0,0,0,1,1,1,False
18,35513,-10,48907,1,689037,-1,37557,-0,002654806,0,9902614,-0,001197969,-0,1391898,0,0,0,0,0,0,0,0,0,0,0,0,0,0,0,0,0,0,0,0,0,0,1,1,1,False
18,3828,-10,48907,1,689037,-1,37557,-0,002654806,0,9902614,-0,001197969,-0,1391898,0,0,0,0,0,0,0,0,0,0,0,0,0,0,0,0,0,0,0,0,0,0,1,1,1,False
18,39931,-10,48907,1,689037,-1,37557,-0,002654806,0,9902614,-0,001197969,-0,1391898,0,0,0,0,0,0,0,0,0,0,0,0,0,0,0,0,0,0,0,0,0,0,1,1,1,False
18,41497,-10,48907,1,689037,-1,37557,-0,002654806,0,9902614,-0,001197969,-0,1391898,0,0,0,0,0,0,0,0,0,0,0,0,0,0,0,0,0,0,0,0,0,0,1,1,1,False
18,43124,-10,48907,1,689037,-1,37557,-0,002654806,0,9902614,-0,001197969,-0,1391898,0,0,0,0,0,0,0,0,0,0,0,0,0,0,0,0,0,0,0,0,0,0,1,1,1,False
18,44804,-10,48907,1,689037,-1,37557,-0,002654806,0,9902614,-0,001197969,-0,1391898,0,0,0,0,0,0,0,0,0,0,0,0,0,0,0,0,0,0,0,0,0,0,1,1,1,False
18,46436,-10,48907,1,689037,-1,37557,-0,002654806,0,9902614,-0,001197969,-0,1391898,0,0,0,0,0,0,0,0,0,0,0,0,0,0,0,0,0,0,0,0,0,0,1,1,1,False
18,48039,-10,48907,1,689037,-1,37557,-0,002654806,0,9902614,-0,001197969,-0,1391898,0,0,0,0,0,0,0,0,0,0,0,0,0,0,0,0,0,0,0,0,0,0,1,1,1,False
18,49665,-10,48907,1,689037,-1,37557,-0,002654806,0,9902614,-0,001197969,-0,1391898,0,0,0,0,0,0,0,0,0,0,0,0,0,0,0,0,0,0,0,0,0,0,1,1,1,False
18,51185,-10,48907,1,689037,-1,37557,-0,002654806,0,9902614,-0,001197969,-0,1391898,0,0,0,0,0,0,0,0,0,0,0,0,0,0,0,0,0,0,0,0,0,0,1,1,1,False
18,5393,-10,48907,1,689037,-1,37557,-0,002654806,0,9902614,-0,001197969,-0,1391898,0,0,0,0,0,0,0,0,0,0,0,0,0,0,0,0,0,0,0,0,0,0,1,1,1,False
18,55561,-10,48907,1,689037,-1,37557,-0,002654806,0,9902614,-0,001197969,-0,1391898,0,0,0,0,0,0,0,0,0,0,0,0,0,0,0,0,0,0,0,0,0,0,1,1,1,False
18,5716,-10,48907,1,689037,-1,37557,-0,002654806,0,9902614,-0,001197969,-0,1391898,0,0,0,0,0,0,0,0,0,0,0,0,0,0,0,0,0,0,0,0,0,0,1,1,1,False
18,58663,-10,48907,1,689037,-1,37557,-0,002654806,0,9902614,-0,001197969,-0,1391898,0,0,0,0,0,0,0,0,0,0,0,0,0,0,0,0,0,0,0,0,0,0,1,1,1,False
18,60263,-10,48907,1,689037,-1,37557,-0,002654806,0,9902614,-0,001197969,-0,1391898,0,0,0,0,0,0,0,0,0,0,0,0,0,0,0,0,0,0,0,0,0,0,1,1,1,False
18,61816,-10,48907,1,689037,-1,37557,-0,002654806,0,9902614,-0,001197969,-0,1391898,0,0,0,0,0,0,0,0,0,0,0,0,0,0,0,0,0,0,0,0,0,0,1,1,1,False
18,63337,-10,48907,1,689037,-1,37557,-0,002654806,0,9902614,-0,001197969,-0,1391898,0,0,0,0,0,0,0,0,0,0,0,0,0,0,0,0,0,0,0,0,0,0,1,1,1,False
18,6499,-10,48907,1,689037,-1,37557,-0,002654806,0,9902614,-0,001197969,-0,1391898,0,0,0,0,0,0,0,0,0,0,0,0,0,0,0,0,0,0,0,0,0,0,1,1,1,False
18,666,-10,48907,1,689037,-1,37557,-0,002654806,0,9902614,-0,001197969,-0,1391898,0,0,0,0,0,0,0,0,0,0,0,0,0,0,0,0,0,0,0,0,0,0,1,1,1,False
18,6934,-10,48907,1,689037,-1,37557,-0,002654806,0,9902614,-0,001197969,-0,1391898,0,0,0,0,0,0,0,0,0,0,0,0,0,0,0,0,0,0,0,0,0,0,1,1,1,False
18,70936,-10,48907,1,689037,-1,37557,-0,002654806,0,9902614,-0,001197969,-0,1391898,0,0,0,0,0,0,0,0,0,0,0,0,0,0,0,0,0,0,0,0,0,0,1,1,1,False
18,72565,-10,48907,1,689037,-1,37557,-0,002654806,0,9902614,-0,001197969,-0,1391898,0,0,0,0,0,0,0,0,0,0,0,0,0,0,0,0,0,0,0,0,0,0,1,1,1,False
18,7419,-10,48907,1,689037,-1,37557,-0,002654806,0,9902614,-0,001197969,-0,1391898,0,0,0,0,0,0,0,0,0,0,0,0,0,0,0,0,0,0,0,0,0,0,1,1,1,False
18,75799,-10,48907,1,689037,-1,37557,-0,002654806,0,9902614,-0,001197969,-0,1391898,0,0,0,0,0,0,0,0,0,0,0,0,0,0,0,0,0,0,0,0,0,0,1,1,1,False
18,77284,-10,48907,1,689037,-1,37557,-0,002654806,0,9902614,-0,001197969,-0,1391898,0,0,0,0,0,0,0,0,0,0,0,0,0,0,0,0,0,0,0,0,0,0,1,1,1,False
18,78913,-10,48907,1,689037,-1,37557,-0,002654806,0,9902614,-0,001197969,-0,1391898,0,0,0,0,0,0,0,0,0,0,0,0,0,0,0,0,0,0,0,0,0,0,1,1,1,False
18,80513,-10,48907,1,689037,-1,37557,-0,002654806,0,9902614,-0,001197969,-0,1391898,0,0,0,0,0,0,0,0,0,0,0,0,0,0,0,0,0,0,0,0,0,0,1,1,1,False
18,82119,-10,48907,1,689037,-1,37557,-0,002654806,0,9902614,-0,001197969,-0,1391898,0,0,0,0,0,0,0,0,0,0,0,0,0,0,0,0,0,0,0,0,0,0,1,1,1,False
18,8486,-10,48907,1,689037,-1,37557,-0,002654806,0,9902614,-0,001197969,-0,1391898,0,0,0,0,0,0,0,0,0,0,0,0,0,0,0,0,0,0,0,0,0,0,1,1,1,False
18,86443,-10,48907,1,689037,-1,37557,-0,002654806,0,9902614,-0,001197969,-0,1391898,0,0,0,0,0,0,0,0,0,0,0,0,0,0,0,0,0,0,0,0,0,0,1,1,1,False
18,88003,-10,48907,1,689037,-1,37557,-0,002654806,0,9902614,-0,001197969,-0,1391898,0,0,0,0,0,0,0,0,0,0,0,0,0,0,0,0,0,0,0,0,0,0,1,1,1,False
18,89574,-10,48907,1,689037,-1,37557,-0,002654806,0,9902614,-0,001197969,-0,1391898,0,0,0,0,0,0,0,0,0,0,0,0,0,0,0,0,0,0,0,0,0,0,1,1,1,False
18,91067,-10,48907,1,689037,-1,37557,-0,002654806,0,9902614,-0,001197969,-0,1391898,0,0,0,0,0,0,0,0,0,0,0,0,0,0,0,0,0,0,0,0,0,0,1,1,1,False
18,92634,-10,48907,1,689037,-1,37557,-0,002654806,0,9902614,-0,001197969,-0,1391898,0,0,0,0,0,0,0,0,0,0,0,0,0,0,0,0,0,0,0,0,0,0,1,1,1,False
18,94239,-10,48907,1,689037,-1,37557,-0,002654806,0,9902614,-0,001197969,-0,1391898,0,0,0,0,0,0,0,0,0,0,0,0,0,0,0,0,0,0,0,0,0,0,1,1,1,False
18,95859,-10,48907,1,689037,-1,37557,-0,002654806,0,9902614,-0,001197969,-0,1391898,0,0,0,0,0,0,0,0,0,0,0,0,0,0,0,0,0,0,0,0,0,0,1,1,1,False
18,97375,-10,48907,1,689037,-1,37557,-0,002654806,0,9902614,-0,001197969,-0,1391898,0,0,0,0,0,0,0,0,0,0,0,0,0,0,0,0,0,0,0,0,0,0,1,1,1,False
19,00112,-10,48907,1,689037,-1,37557,-0,002654806,0,9902614,-0,001197969,-0,1391898,0,0,0,0,0,0,0,0,0,0,0,0,0,0,0,0,0,0,0,0,0,0,1,1,1,False
19,01744,-10,48907,1,689037,-1,37557,-0,002654806,0,9902614,-0,001197969,-0,1391898,0,0,0,0,0,0,0,0,0,0,0,0,0,0,0,0,0,0,0,0,0,0,1,1,1,False
19,03246,-10,48907,1,689037,-1,37557,-0,002654806,0,9902614,-0,001197969,-0,1391898,0,0,0,0,0,0,0,0,0,0,0,0,0,0,0,0,0,0,0,0,0,0,1,1,1,False
19,04837,-10,48907,1,689037,-1,37557,-0,002654806,0,9902614,-0,001197969,-0,1391898,0,0,0,0,0,0,0,0,0,0,0,0,0,0,0,0,0,0,0,0,0,0,1,1,1,False
19,06457,-10,48907,1,689037,-1,37557,-0,002654806,0,9902614,-0,001197969,-0,1391898,0,0,0,0,0,0,0,0,0,0,0,0,0,0,0,0,0,0,0,0,0,0,1,1,1,False
19,08041,-10,48907,1,689037,-1,37557,-0,002654806,0,9902614,-0,001197969,-0,1391898,0,0,0,0,0,0,0,0,0,0,0,0,0,0,0,0,0,0,0,0,0,0,1,1,1,False
19,09651,-10,48907,1,689037,-1,37557,-0,002654806,0,9902614,-0,001197969,-0,1391898,0,0,0,0,0,0,0,0,0,0,0,0,0,0,0,0,0,0,0,0,0,0,1,1,1,False
19,11162,-10,48907,1,689037,-1,37557,-0,002654806,0,9902614,-0,001197969,-0,1391898,0,0,0,0,0,0,0,0,0,0,0,0,0,0,0,0,0,0,0,0,0,0,1,1,1,False
19,12761,-10,48907,1,689037,-1,37557,-0,002654806,0,9902614,-0,001197969,-0,1391898,0,0,0,0,0,0,0,0,0,0,0,0,0,0,0,0,0,0,0,0,0,0,1,1,1,False
19,1546,-10,48907,1,689037,-1,37557,-0,002654806,0,9902614,-0,001197969,-0,1391898,0,0,0,0,0,0,0,0,0,0,0,0,0,0,0,0,0,0,0,0,0,0,1,1,1,False
19,17043,-10,48907,1,689037,-1,37557,-0,002654806,0,9902614,-0,001197969,-0,1391898,0,0,0,0,0,0,0,0,0,0,0,0,0,0,0,0,0,0,0,0,0,0,1,1,1,False
19,18605,-10,48907,1,689037,-1,37557,-0,002654806,0,9902614,-0,001197969,-0,1391898,0,0,0,0,0,0,0,0,0,0,0,0,0,0,0,0,0,0,0,0,0,0,1,1,1,False
19,20148,-10,48907,1,689037,-1,37557,-0,002654806,0,9902614,-0,001197969,-0,1391898,0,0,0,0,0,0,0,0,0,0,0,0,0,0,0,0,0,0,0,0,0,0,1,1,1,False
19,21727,-10,48907,1,689037,-1,37557,-0,002654806,0,9902614,-0,001197969,-0,1391898,0,0,0,0,0,0,0,0,0,0,0,0,0,0,0,0,0,0,0,0,0,0,1,1,1,False
19,23238,-10,48907,1,689037,-1,37557,-0,002654806,0,9902614,-0,001197969,-0,1391898,0,0,0,0,0,0,0,0,0,0,0,0,0,0,0,0,0,0,0,0,0,0,1,1,1,False
19,24852,-10,48907,1,689037,-1,37557,-0,002654806,0,9902614,-0,001197969,-0,1391898,0,0,0,0,0,0,0,0,0,0,0,0,0,0,0,0,0,0,0,0,0,0,1,1,1,False
19,26427,-10,48907,1,689037,-1,37557,-0,002654806,0,9902614,-0,001197969,-0,1391898,0,0,0,0,0,0,0,0,0,0,0,0,0,0,0,0,0,0,0,0,0,0,1,1,1,False
19,28037,-10,48907,1,689037,-1,37557,-0,002654806,0,9902614,-0,001197969,-0,1391898,0,0,0,0,0,0,0,0,0,0,0,0,0,0,0,0,0,0,0,0,0,0,1,1,1,False
19,30728,-10,48907,1,689037,-1,37557,-0,002654806,0,9902614,-0,001197969,-0,1391898,0,0,0,0,0,0,0,0,0,0,0,0,0,0,0,0,0,0,0,0,0,0,1,1,1,False
19,32293,-10,48907,1,689037,-1,37557,-0,002654806,0,9902614,-0,001197969,-0,1391898,0,0,0,0,0,0,0,0,0,0,0,0,0,0,0,0,0,0,0,0,0,0,1,1,1,False
19,33897,-10,48907,1,689037,-1,37557,-0,002654806,0,9902614,-0,001197969,-0,1391898,0,0,0,0,0,0,0,0,0,0,0,0,0,0,0,0,0,0,0,0,0,0,1,1,1,False
19,35428,-10,48907,1,689037,-1,37557,-0,002654806,0,9902614,-0,001197969,-0,1391898,0,0,0,0,0,0,0,0,0,0,0,0,0,0,0,0,0,0,0,0,0,0,1,1,1,False
19,36984,-10,48907,1,689037,-1,37557,-0,002654806,0,9902614,-0,001197969,-0,1391898,0,0,0,0,0,0,0,0,0,0,0,0,0,0,0,0,0,0,0,0,0,0,1,1,1,False
19,38531,-10,48907,1,689037,-1,37557,-0,002654806,0,9902614,-0,001197969,-0,1391898,0,0,0,0,0,0,0,0,0,0,0,0,0,0,0,0,0,0,0,0,0,0,1,1,1,False
19,40155,-10,48907,1,689037,-1,37557,-0,002654806,0,9902614,-0,001197969,-0,1391898,0,0,0,0,0,0,0,0,0,0,0,0,0,0,0,0,0,0,0,0,0,0,1,1,1,False
19,41936,-10,48907,1,689037,-1,37557,-0,002654806,0,9902614,-0,001197969,-0,1391898,0,0,0,0,0,0,0,0,0,0,0,0,0,0,0,0,0,0,0,0,0,0,1,1,1,False
19,43576,-10,48907,1,689037,-1,37557,-0,002654806,0,9902614,-0,001197969,-0,1391898,0,0,0,0,0,0,0,0,0,0,0,0,0,0,0,0,0,0,0,0,0,0,1,1,1,False
19,46546,-10,48907,1,689037,-1,37557,-0,002654806,0,9902614,-0,001197969,-0,1391898,0,0,0,0,0,0,0,0,0,0,0,0,0,0,0,0,0,0,0,0,0,0,1,1,1,False
19,48209,-10,48907,1,689037,-1,37557,-0,002654806,0,9902614,-0,001197969,-0,1391898,0,0,0,0,0,0,0,0,0,0,0,0,0,0,0,0,0,0,0,0,0,0,1,1,1,False
19,49818,-10,48907,1,689037,-1,37557,-0,002654806,0,9902614,-0,001197969,-0,1391898,0,0,0,0,0,0,0,0,0,0,0,0,0,0,0,0,0,0,0,0,0,0,1,1,1,False
19,51397,-10,48907,1,689037,-1,37557,-0,002654806,0,9902614,-0,001197969,-0,1391898,0,0,0,0,0,0,0,0,0,0,0,0,0,0,0,0,0,0,0,0,0,0,1,1,1,False
19,52972,-10,48907,1,689037,-1,37557,-0,002654806,0,9902614,-0,001197969,-0,1391898,0,0,0,0,0,0,0,0,0,0,0,0,0,0,0,0,0,0,0,0,0,0,1,1,1,False
19,54562,-10,48907,1,689037,-1,37557,-0,002654806,0,9902614,-0,001197969,-0,1391898,0,0,0,0,0,0,0,0,0,0,0,0,0,0,0,0,0,0,0,0,0,0,1,1,1,False
19,56179,-10,48907,1,689037,-1,37557,-0,002654806,0,9902614,-0,001197969,-0,1391898,0,0,0,0,0,0,0,0,0,0,0,0,0,0,0,0,0,0,0,0,0,0,1,1,1,False
19,5777,-10,48907,1,689037,-1,37557,-0,002654806,0,9902614,-0,001197969,-0,1391898,0,0,0,0,0,0,0,0,0,0,0,0,0,0,0,0,0,0,0,0,0,0,1,1,1,False
19,593,-10,48907,1,689037,-1,37557,-0,002654806,0,9902614,-0,001197969,-0,1391898,0,0,0,0,0,0,0,0,0,0,0,0,0,0,0,0,0,0,0,0,0,0,1,1,1,False
19,62014,-10,48907,1,689037,-1,37557,-0,002654806,0,9902614,-0,001197969,-0,1391898,0,0,0,0,0,0,0,0,0,0,0,0,0,0,0,0,0,0,0,0,0,0,1,1,1,False
19,63671,-10,48907,1,689037,-1,37557,-0,002654806,0,9902614,-0,001197969,-0,1391898,0,0,0,0,0,0,0,0,0,0,0,0,0,0,0,0,0,0,0,0,0,0,1,1,1,False
19,65193,-10,48907,1,689037,-1,37557,-0,002654806,0,9902614,-0,001197969,-0,1391898,0,0,0,0,0,0,0,0,0,0,0,0,0,0,0,0,0,0,0,0,0,0,1,1,1,False
19,66876,-10,48907,1,689037,-1,37557,-0,002654806,0,9902614,-0,001197969,-0,1391898,0,0,0,0,0,0,0,0,0,0,0,0,0,0,0,0,0,0,0,0,0,0,1,1,1,False
19,68459,-10,48907,1,689037,-1,37557,-0,002654806,0,9902614,-0,001197969,-0,1391898,0,0,0,0,0,0,0,0,0,0,0,0,0,0,0,0,0,0,0,0,0,0,1,1,1,False
19,70005,-10,48907,1,689037,-1,37557,-0,002654806,0,9902614,-0,001197969,-0,1391898,0,0,0,0,0,0,0,0,0,0,0,0,0,0,0,0,0,0,0,0,0,0,1,1,1,False
19,71587,-10,48907,1,689037,-1,37557,-0,002654806,0,9902614,-0,001197969,-0,1391898,0,0,0,0,0,0,0,0,0,0,0,0,0,0,0,0,0,0,0,0,0,0,1,1,1,False
19,73085,-10,48907,1,689037,-1,37557,-0,002654806,0,9902614,-0,001197969,-0,1391898,0,0,0,0,0,0,0,0,0,0,0,0,0,0,0,0,0,0,0,0,0,0,1,1,1,False
19,74705,-10,48907,1,689037,-1,37557,-0,002654806,0,9902614,-0,001197969,-0,1391898,0,0,0,0,0,0,0,0,0,0,0,0,0,0,0,0,0,0,0,0,0,0,1,1,1,False
19,77493,-10,48907,1,689037,-1,37557,-0,002654806,0,9902614,-0,001197969,-0,1391898,0,0,0,0,0,0,0,0,0,0,0,0,0,0,0,0,0,0,0,0,0,0,1,1,1,False
19,79051,-10,48907,1,689037,-1,37557,-0,002654806,0,9902614,-0,001197969,-0,1391898,0,0,0,0,0,0,0,0,0,0,0,0,0,0,0,0,0,0,0,0,0,0,1,1,1,False
19,80633,-10,48907,1,689037,-1,37557,-0,002654806,0,9902614,-0,001197969,-0,1391898,0,0,0,0,0,0,0,0,0,0,0,0,0,0,0,0,0,0,0,0,0,0,1,1,1,False
19,82195,-10,48907,1,689037,-1,37557,-0,002654806,0,9902614,-0,001197969,-0,1391898,0,0,0,0,0,0,0,0,0,0,0,0,0,0,0,0,0,0,0,0,0,0,1,1,1,False
19,8375,-10,48907,1,689037,-1,37557,-0,002654806,0,9902614,-0,001197969,-0,1391898,0,0,0,0,0,0,0,0,0,0,0,0,0,0,0,0,0,0,0,0,0,0,1,1,1,False
19,85277,-10,48907,1,689037,-1,37557,-0,002654806,0,9902614,-0,001197969,-0,1391898,0,0,0,0,0,0,0,0,0,0,0,0,0,0,0,0,0,0,0,0,0,0,1,1,1,False
19,86905,-10,48907,1,689037,-1,37557,-0,002654806,0,9902614,-0,001197969,-0,1391898,0,0,0,0,0,0,0,0,0,0,0,0,0,0,0,0,0,0,0,0,0,0,1,1,1,False
19,88456,-10,48907,1,689037,-1,37557,-0,002654806,0,9902614,-0,001197969,-0,1391898,0,0,0,0,0,0,0,0,0,0,0,0,0,0,0,0,0,0,0,0,0,0,1,1,1,False
19,90043,-10,48907,1,689037,-1,37557,-0,002654806,0,9902614,-0,001197969,-0,1391898,0,0,0,0,0,0,0,0,0,0,0,0,0,0,0,0,0,0,0,0,0,0,1,1,1,False
19,928,-10,48907,1,689037,-1,37557,-0,002654806,0,9902614,-0,001197969,-0,1391898,0,0,0,0,0,0,0,0,0,0,0,0,0,0,0,0,0,0,0,0,0,0,1,1,1,False
19,94411,-10,48907,1,689037,-1,37557,-0,002654806,0,9902614,-0,001197969,-0,1391898,0,0,0,0,0,0,0,0,0,0,0,0,0,0,0,0,0,0,0,0,0,0,1,1,1,False
19,96145,-10,48907,1,689037,-1,37557,-0,002654806,0,9902614,-0,001197969,-0,1391898,0,0,0,0,0,0,0,0,0,0,0,0,0,0,0,0,0,0,0,0,0,0,1,1,1,False
19,97956,-10,48907,1,689037,-1,37557,-0,002654806,0,9902614,-0,001197969,-0,1391898,0,0,0,0,0,0,0,0,0,0,0,0,0,0,0,0,0,0,0,0,0,0,1,1,1,False
19,99605,-10,48907,1,689037,-1,37557,-0,002654806,0,9902614,-0,001197969,-0,1391898,0,0,0,0,0,0,0,0,0,0,0,0,0,0,0,0,0,0,0,0,0,0,1,1,1,False
20,01356,-10,48907,1,689037,-1,37557,-0,002654806,0,9902614,-0,001197969,-0,1391898,0,0,0,0,0,0,0,0,0,0,0,0,0,0,0,0,0,0,0,0,0,0,1,1,1,False
20,03079,-10,48907,1,689037,-1,37557,-0,002654806,0,9902614,-0,001197969,-0,1391898,0,0,0,0,0,0,0,0,0,0,0,0,0,0,0,0,0,0,0,0,0,0,1,1,1,False
20,04805,-10,48907,1,689037,-1,37557,-0,002654806,0,9902614,-0,001197969,-0,1391898,0,0,0,0,0,0,0,0,0,0,0,0,0,0,0,0,0,0,0,0,0,0,1,1,1,False
20,06436,-10,48907,1,689037,-1,37557,-0,002654806,0,9902614,-0,001197969,-0,1391898,0,0,0,0,0,0,0,0,0,0,0,0,0,0,0,0,0,0,0,0,0,0,1,1,1,False
20,09245,-10,48907,1,689037,-1,37557,-0,002654806,0,9902614,-0,001197969,-0,1391898,0,0,0,0,0,0,0,0,0,0,0,0,0,0,0,0,0,0,0,0,0,0,1,1,1,False
20,1073,-10,48907,1,689037,-1,37557,-0,002654806,0,9902614,-0,001197969,-0,1391898,0,0,0,0,0,0,0,0,0,0,0,0,0,0,0,0,0,0,0,0,0,0,1,1,1,False
20,12218,-10,48907,1,689037,-1,37557,-0,002654806,0,9902614,-0,001197969,-0,1391898,0,0,0,0,0,0,0,0,0,0,0,0,0,0,0,0,0,0,0,0,0,0,1,1,1,False
20,13687,-10,48907,1,689037,-1,37557,-0,002654806,0,9902614,-0,001197969,-0,1391898,0,0,0,0,0,0,0,0,0,0,0,0,0,0,0,0,0,0,0,0,0,0,1,1,1,False
20,15194,-10,48907,1,689037,-1,37557,-0,002654806,0,9902614,-0,001197969,-0,1391898,0,0,0,0,0,0,0,0,0,0,0,0,0,0,0,0,0,0,0,0,0,0,1,1,1,False
20,16924,-10,48907,1,689037,-1,37557,-0,002654806,0,9902614,-0,001197969,-0,1391898,0,0,0,0,0,0,0,0,0,0,0,0,0,0,0,0,0,0,0,0,0,0,1,1,1,False
20,18463,-10,48907,1,689037,-1,37557,-0,002654806,0,9902614,-0,001197969,-0,1391898,0,0,0,0,0,0,0,0,0,0,0,0,0,0,0,0,0,0,0,0,0,0,1,1,1,False
20,1993,-10,48907,1,689037,-1,37557,-0,002654806,0,9902614,-0,001197969,-0,1391898,0,0,0,0,0,0,0,0,0,0,0,0,0,0,0,0,0,0,0,0,0,0,1,1,1,False
20,21333,-10,48907,1,689037,-1,37557,-0,002654806,0,9902614,-0,001197969,-0,1391898,0,0,0,0,0,0,0,0,0,0,0,0,0,0,0,0,0,0,0,0,0,0,1,1,1,False
20,22847,-10,48907,1,689037,-1,37557,-0,002654806,0,9902614,-0,001197969,-0,1391898,0,0,0,0,0,0,0,0,0,0,0,0,0,0,0,0,0,0,0,0,0,0,1,1,1,False
20,25493,-10,48907,1,689037,-1,37557,-0,002654806,0,9902614,-0,001197969,-0,1391898,0,0,0,0,0,0,0,0,0,0,0,0,0,0,0,0,0,0,0,0,0,0,1,1,1,False
20,27014,-10,48907,1,689037,-1,37557,-0,002654806,0,9902614,-0,001197969,-0,1391898,0,0,0,0,0,0,0,0,0,0,0,0,0,0,0,0,0,0,0,0,0,0,1,1,1,False
20,2863,-10,48907,1,689037,-1,37557,-0,002654806,0,9902614,-0,001197969,-0,1391898,0,0,0,0,0,0,0,0,0,0,0,0,0,0,0,0,0,0,0,0,0,0,1,1,1,False
20,30206,-10,48907,1,689037,-1,37557,-0,002654806,0,9902614,-0,001197969,-0,1391898,0,0,0,0,0,0,0,0,0,0,0,0,0,0,0,0,0,0,0,0,0,0,1,1,1,False
20,31979,-10,48907,1,689037,-1,37557,-0,002654806,0,9902614,-0,001197969,-0,1391898,0,0,0,0,0,0,0,0,0,0,0,0,0,0,0,0,0,0,0,0,0,0,1,1,1,False
20,33383,-10,48907,1,689037,-1,37557,-0,002654806,0,9902614,-0,001197969,-0,1391898,0,0,0,0,0,0,0,0,0,0,0,0,0,0,0,0,0,0,0,0,0,0,1,1,1,False
20,34957,-10,48907,1,689037,-1,37557,-0,002654806,0,9902614,-0,001197969,-0,1391898,0,0,0,0,0,0,0,0,0,0,0,0,0,0,0,0,0,0,0,0,0,0,1,1,1,False
20,3648,-10,48907,1,689037,-1,37557,-0,002654806,0,9902614,-0,001197969,-0,1391898,0,0,0,0,0,0,0,0,0,0,0,0,0,0,0,0,0,0,0,0,0,0,1,1,1,False
20,38033,-10,48907,1,689037,-1,37557,-0,002654806,0,9902614,-0,001197969,-0,1391898,0,0,0,0,0,0,0,0,0,0,0,0,0,0,0,0,0,0,0,0,0,0,1,1,1,False
20,40672,-10,48907,1,689037,-1,37557,-0,002654806,0,9902614,-0,001197969,-0,1391898,0,0,0,0,0,0,0,0,0,0,0,0,0,0,0,0,0,0,0,0,0,0,1,1,1,False
20,42225,-10,48907,1,689037,-1,37557,-0,002654806,0,9902614,-0,001197969,-0,1391898,0,0,0,0,0,0,0,0,0,0,0,0,0,0,0,0,0,0,0,0,0,0,1,1,1,False
20,43822,-10,48907,1,689037,-1,37557,-0,002654806,0,9902614,-0,001197969,-0,1391898,0,0,0,0,0,0,0,0,0,0,0,0,0,0,0,0,0,0,0,0,0,0,1,1,1,False
20,45233,-10,48907,1,689037,-1,37557,-0,002654806,0,9902614,-0,001197969,-0,1391898,0,0,0,0,0,0,0,0,0,0,0,0,0,0,0,0,0,0,0,0,0,0,1,1,1,False
20,46789,-10,48907,1,689037,-1,37557,-0,002654806,0,9902614,-0,001197969,-0,1391898,0,0,0,0,0,0,0,0,0,0,0,0,0,0,0,0,0,0,0,0,0,0,1,1,1,False
20,48368,-10,48907,1,689037,-1,37557,-0,002654806,0,9902614,-0,001197969,-0,1391898,0,0,0,0,0,0,0,0,0,0,0,0,0,0,0,0,0,0,0,0,0,0,1,1,1,False
20,49865,-10,48907,1,689037,-1,37557,-0,002654806,0,9902614,-0,001197969,-0,1391898,0,0,0,0,0,0,0,0,0,0,0,0,0,0,0,0,0,0,0,0,0,0,1,1,1,False
20,51282,-10,48907,1,689037,-1,37557,-0,002654806,0,9902614,-0,001197969,-0,1391898,0,0,0,0,0,0,0,0,0,0,0,0,0,0,0,0,0,0,0,0,0,0,1,1,1,False
20,52934,-10,48907,1,689037,-1,37557,-0,002654806,0,9902614,-0,001197969,-0,1391898,0,0,0,0,0,0,0,0,0,0,0,0,0,0,0,0,0,0,0,0,0,0,1,1,1,False
20,54585,-10,48907,1,689037,-1,37557,-0,002654806,0,9902614,-0,001197969,-0,1391898,0,0,0,0,0,0,0,0,0,0,0,0,0,0,0,0,0,0,0,0,0,0,1,1,1,False
20,57209,-10,48907,1,689037,-1,37557,-0,002654806,0,9902614,-0,001197969,-0,1391898,0,0,0,0,0,0,0,0,0,0,0,0,0,0,0,0,0,0,0,0,0,0,1,1,1,False
20,58687,-10,48907,1,689037,-1,37557,-0,002654806,0,9902614,-0,001197969,-0,1391898,0,0,0,0,0,0,0,0,0,0,0,0,0,0,0,0,0,0,0,0,0,0,1,1,1,False
20,60183,-10,48907,1,689037,-1,37557,-0,002654806,0,9902614,-0,001197969,-0,1391898,0,0,0,0,0,0,0,0,0,0,0,0,0,0,0,0,0,0,0,0,0,0,1,1,1,False
20,61647,-10,48907,1,689037,-1,37557,-0,002654806,0,9902614,-0,001197969,-0,1391898,0,0,0,0,0,0,0,0,0,0,0,0,0,0,0,0,0,0,0,0,0,0,1,1,1,False
20,63012,-10,48907,1,689037,-1,37557,-0,002654806,0,9902614,-0,001197969,-0,1391898,0,0,0,0,0,0,0,0,0,0,0,0,0,0,0,0,0,0,0,0,0,0,1,1,1,False
20,64479,-10,48907,1,689037,-1,37557,-0,002654806,0,9902614,-0,001197969,-0,1391898,0,0,0,0,0,0,0,0,0,0,0,0,0,0,0,0,0,0,0,0,0,0,1,1,1,False
20,66053,-10,48907,1,689037,-1,37557,-0,002654806,0,9902614,-0,001197969,-0,1391898,0,0,0,0,0,0,0,0,0,0,0,0,0,0,0,0,0,0,0,0,0,0,1,1,1,False
20,67544,-10,48907,1,689037,-1,37557,-0,002654806,0,9902614,-0,001197969,-0,1391898,0,0,0,0,0,0,0,0,0,0,0,0,0,0,0,0,0,0,0,0,0,0,1,1,1,False
20,69048,-10,48907,1,689037,-1,37557,-0,002654806,0,9902614,-0,001197969,-0,1391898,0,0,0,0,0,0,0,0,0,0,0,0,0,0,0,0,0,0,0,0,0,0,1,1,1,False
20,70566,-10,48907,1,689037,-1,37557,-0,002654806,0,9902614,-0,001197969,-0,1391898,0,0,0,0,0,0,0,0,0,0,0,0,0,0,0,0,0,0,0,0,0,0,1,1,1,False
20,73243,-10,48907,1,689037,-1,37557,-0,002654806,0,9902614,-0,001197969,-0,1391898,0,0,0,0,0,0,0,0,0,0,0,0,0,0,0,0,0,0,0,0,0,0,1,1,1,False
20,74704,-10,48907,1,689037,-1,37557,-0,002654806,0,9902614,-0,001197969,-0,1391898,0,0,0,0,0,0,0,0,0,0,0,0,0,0,0,0,0,0,0,0,0,0,1,1,1,False
20,76204,-10,48907,1,689037,-1,37557,-0,002654806,0,9902614,-0,001197969,-0,1391898,0,0,0,0,0,0,0,0,0,0,0,0,0,0,0,0,0,0,0,0,0,0,1,1,1,False
20,77693,-10,48907,1,689037,-1,37557,-0,002654806,0,9902614,-0,001197969,-0,1391898,0,0,0,0,0,0,0,0,0,0,0,0,0,0,0,0,0,0,0,0,0,0,1,1,1,False
20,79106,-10,48907,1,689037,-1,37557,-0,002654806,0,9902614,-0,001197969,-0,1391898,0,0,0,0,0,0,0,0,0,0,0,0,0,0,0,0,0,0,0,0,0,0,1,1,1,False
20,8062,-10,48907,1,689037,-1,37557,-0,002654806,0,9902614,-0,001197969,-0,1391898,0,0,0,0,0,0,0,0,0,0,0,0,0,0,0,0,0,0,0,0,0,0,1,1,1,False
20,82138,-10,48907,1,689037,-1,37557,-0,002654806,0,9902614,-0,001197969,-0,1391898,0,0,0,0,0,0,0,0,0,0,0,0,0,0,0,0,0,0,0,0,0,0,1,1,1,False
20,83715,-10,48907,1,689037,-1,37557,-0,002654806,0,9902614,-0,001197969,-0,1391898,0,0,0,0,0,0,0,0,0,0,0,0,0,0,0,0,0,0,0,0,0,0,1,1,1,False
20,85109,-10,48907,1,689037,-1,37557,-0,002654806,0,9902614,-0,001197969,-0,1391898,0,0,0,0,0,0,0,0,0,0,0,0,0,0,0,0,0,0,0,0,0,0,1,1,1,False
20,86609,-10,48907,1,689037,-1,37557,-0,002654806,0,9902614,-0,001197969,-0,1391898,0,0,0,0,0,0,0,0,0,0,0,0,0,0,0,0,0,0,0,0,0,0,1,1,1,False
20,89408,-10,48907,1,689037,-1,37557,-0,002654806,0,9902614,-0,001197969,-0,1391898,0,0,0,0,0,0,0,0,0,0,0,0,0,0,0,0,0,0,0,0,0,0,1,1,1,False
20,91091,-10,48907,1,689037,-1,37557,-0,002654806,0,9902614,-0,001197969,-0,1391898,0,0,0,0,0,0,0,0,0,0,0,0,0,0,0,0,0,0,0,0,0,0,1,1,1,False
20,92628,-10,48907,1,689037,-1,37557,-0,002654806,0,9902614,-0,001197969,-0,1391898,0,0,0,0,0,0,0,0,0,0,0,0,0,0,0,0,0,0,0,0,0,0,1,1,1,False
20,94183,-10,48907,1,689037,-1,37557,-0,002654806,0,9902614,-0,001197969,-0,1391898,0,0,0,0,0,0,0,0,0,0,0,0,0,0,0,0,0,0,0,0,0,0,1,1,1,False
20,95724,-10,48907,1,689037,-1,37557,-0,002654806,0,9902614,-0,001197969,-0,1391898,0,0,0,0,0,0,0,0,0,0,0,0,0,0,0,0,0,0,0,0,0,0,1,1,1,False
20,97216,-10,48907,1,689037,-1,37557,-0,002654806,0,9902614,-0,001197969,-0,1391898,0,0,0,0,0,0,0,0,0,0,0,0,0,0,0,0,0,0,0,0,0,0,1,1,1,False
20,98876,-10,48907,1,689037,-1,37557,-0,002654806,0,9902614,-0,001197969,-0,1391898,0,0,0,0,0,0,0,0,0,0,0,0,0,0,0,0,0,0,0,0,0,0,1,1,1,False
21,00795,-10,48907,1,689037,-1,37557,-0,002654806,0,9902614,-0,001197969,-0,1391898,0,0,0,0,0,0,0,0,0,0,0,0,0,0,0,0,0,0,0,0,0,0,1,1,1,False
21,02511,-10,48907,1,689037,-1,37557,-0,002654806,0,9902614,-0,001197969,-0,1391898,0,0,0,0,0,0,0,0,0,0,0,0,0,0,0,0,0,0,0,0,0,0,1,1,1,False
21,05336,-10,48907,1,689037,-1,37557,-0,002654806,0,9902614,-0,001197969,-0,1391898,0,0,0,0,0,0,0,0,0,0,0,0,0,0,0,0,0,0,0,0,0,0,1,1,1,False
21,06965,-10,48907,1,689037,-1,37557,-0,002654806,0,9902614,-0,001197969,-0,1391898,0,0,0,0,0,0,0,0,0,0,0,0,0,0,0,0,0,0,0,0,0,0,1,1,1,False
21,08576,-10,48907,1,689037,-1,37557,-0,002654806,0,9902614,-0,001197969,-0,1391898,0,0,0,0,0,0,0,0,0,0,0,0,0,0,0,0,0,0,0,0,0,0,1,1,1,False
21,1016,-10,48907,1,689037,-1,37557,-0,002654806,0,9902614,-0,001197969,-0,1391898,0,0,0,0,0,0,0,0,0,0,0,0,0,0,0,0,0,0,0,0,0,0,1,1,1,False
21,11776,-10,48907,1,689037,-1,37557,-0,002654806,0,9902614,-0,001197969,-0,1391898,0,0,0,0,0,0,0,0,0,0,0,0,0,0,0,0,0,0,0,0,0,0,1,1,1,False
21,13298,-10,48907,1,689037,-1,37557,-0,002654806,0,9902614,-0,001197969,-0,1391898,0,0,0,0,0,0,0,0,0,0,0,0,0,0,0,0,0,0,0,0,0,0,1,1,1,False
21,14891,-10,48907,1,689037,-1,37557,-0,002654806,0,9902614,-0,001197969,-0,1391898,0,0,0,0,0,0,0,0,0,0,0,0,0,0,0,0,0,0,0,0,0,0,1,1,1,False
21,16513,-10,48907,1,689037,-1,37557,-0,002654806,0,9902614,-0,001197969,-0,1391898,0,0,0,0,0,0,0,0,0,0,0,0,0,0,0,0,0,0,0,0,0,0,1,1,1,False
21,18104,-10,48907,1,689037,-1,37557,-0,002654806,0,9902614,-0,001197969,-0,1391898,0,0,0,0,0,0,0,0,0,0,0,0,0,0,0,0,0,0,0,0,0,0,1,1,1,False
21,20859,-10,48907,1,689037,-1,37557,-0,002654806,0,9902614,-0,001197969,-0,1391898,0,0,0,0,0,0,0,0,0,0,0,0,0,0,0,0,0,0,0,0,0,0,1,1,1,False
21,22408,-10,48907,1,689037,-1,37557,-0,002654806,0,9902614,-0,001197969,-0,1391898,0,0,0,0,0,0,0,0,0,0,0,0,0,0,0,0,0,0,0,0,0,0,1,1,1,False
21,23979,-10,48907,1,689037,-1,37557,-0,002654806,0,9902614,-0,001197969,-0,1391898,0,0,0,0,0,0,0,0,0,0,0,0,0,0,0,0,0,0,0,0,0,0,1,1,1,False
21,25531,-10,48907,1,689037,-1,37557,-0,002654806,0,9902614,-0,001197969,-0,1391898,0,0,0,0,0,0,0,0,0,0,0,0,0,0,0,0,0,0,0,0,0,0,1,1,1,False
21,27105,-10,48907,1,689037,-1,37557,-0,002654806,0,9902614,-0,001197969,-0,1391898,0,0,0,0,0,0,0,0,0,0,0,0,0,0,0,0,0,0,0,0,0,0,1,1,1,False
21,28724,-10,48907,1,689037,-1,37557,-0,002654806,0,9902614,-0,001197969,-0,1391898,0,0,0,0,0,0,0,0,0,0,0,0,0,0,0,0,0,0,0,0,0,0,1,1,1,False
21,3031,-10,48907,1,689037,-1,37557,-0,002654806,0,9902614,-0,001197969,-0,1391898,0,0,0,0,0,0,0,0,0,0,0,0,0,0,0,0,0,0,0,0,0,0,1,1,1,False
21,31915,-10,48907,1,689037,-1,37557,-0,002654806,0,9902614,-0,001197969,-0,1391898,0,0,0,0,0,0,0,0,0,0,0,0,0,0,0,0,0,0,0,0,0,0,1,1,1,False
21,33414,-10,48907,1,689037,-1,37557,-0,002654806,0,9902614,-0,001197969,-0,1391898,0,0,0,0,0,0,0,0,0,0,0,0,0,0,0,0,0,0,0,0,0,0,1,1,1,False
21,36118,-10,48907,1,689037,-1,37557,-0,002654806,0,9902614,-0,001197969,-0,1391898,0,0,0,0,0,0,0,0,0,0,0,0,0,0,0,0,0,0,0,0,0,0,1,1,1,False
21,37762,-10,48907,1,689037,-1,37557,-0,002654806,0,9902614,-0,001197969,-0,1391898,0,0,0,0,0,0,0,0,0,0,0,0,0,0,0,0,0,0,0,0,0,0,1,1,1,False
21,39249,-10,48907,1,689037,-1,37557,-0,002654806,0,9902614,-0,001197969,-0,1391898,0,0,0,0,0,0,0,0,0,0,0,0,0,0,0,0,0,0,0,0,0,0,1,1,1,False
21,40715,-10,48907,1,689037,-1,37557,-0,002654806,0,9902614,-0,001197969,-0,1391898,0,0,0,0,0,0,0,0,0,0,0,0,0,0,0,0,0,0,0,0,0,0,1,1,1,False
21,42292,-10,48907,1,689037,-1,37557,-0,002654806,0,9902614,-0,001197969,-0,1391898,0,0,0,0,0,0,0,0,0,0,0,0,0,0,0,0,0,0,0,0,0,0,1,1,1,False
21,43878,-10,48907,1,689037,-1,37557,-0,002654806,0,9902614,-0,001197969,-0,1391898,0,0,0,0,0,0,0,0,0,0,0,0,0,0,0,0,0,0,0,0,0,0,1,1,1,False
21,45377,-10,48907,1,689037,-1,37557,-0,002654806,0,9902614,-0,001197969,-0,1391898,0,0,0,0,0,0,0,0,0,0,0,0,0,0,0,0,0,0,0,0,0,0,1,1,1,False
21,47032,-10,48907,1,689037,-1,37557,-0,002654806,0,9902614,-0,001197969,-0,1391898,0,0,0,0,0,0,0,0,0,0,0,0,0,0,0,0,0,0,0,0,0,0,1,1,1,False
21,48632,-10,48907,1,689037,-1,37557,-0,002654806,0,9902614,-0,001197969,-0,1391898,0,0,0,0,0,0,0,0,0,0,0,0,0,0,0,0,0,0,0,0,0,0,1,1,1,False
21,51393,-10,48907,1,689037,-1,37557,-0,002654806,0,9902614,-0,001197969,-0,1391898,0,0,0,0,0,0,0,0,0,0,0,0,0,0,0,0,0,0,0,0,0,0,1,1,1,False
21,52958,-10,48907,1,689037,-1,37557,-0,002654806,0,9902614,-0,001197969,-0,1391898,0,0,0,0,0,0,0,0,0,0,0,0,0,0,0,0,0,0,0,0,0,0,1,1,1,False
21,54542,-10,48907,1,689037,-1,37557,-0,002654806,0,9902614,-0,001197969,-0,1391898,0,0,0,0,0,0,0,0,0,0,0,0,0,0,0,0,0,0,0,0,0,0,1,1,1,False
21,56164,-10,48907,1,689037,-1,37557,-0,002654806,0,9902614,-0,001197969,-0,1391898,0,0,0,0,0,0,0,0,0,0,0,0,0,0,0,0,0,0,0,0,0,0,1,1,1,False
21,57743,-10,48907,1,689037,-1,37557,-0,002654806,0,9902614,-0,001197969,-0,1391898,0,0,0,0,0,0,0,0,0,0,0,0,0,0,0,0,0,0,0,0,0,0,1,1,1,False
21,59264,-10,48907,1,689037,-1,37557,-0,002654806,0,9902614,-0,001197969,-0,1391898,0,0,0,0,0,0,0,0,0,0,0,0,0,0,0,0,0,0,0,0,0,0,1,1,1,False
21,60857,-10,48907,1,689037,-1,37557,-0,002654806,0,9902614,-0,001197969,-0,1391898,0,0,0,0,0,0,0,0,0,0,0,0,0,0,0,0,0,0,0,0,0,0,1,1,1,False
21,62555,-10,48907,1,689037,-1,37557,-0,002654806,0,9902614,-0,001197969,-0,1391898,0,0,0,0,0,0,0,0,0,0,0,0,0,0,0,0,0,0,0,0,0,0,1,1,1,False
21,64156,-10,48907,1,689037,-1,37557,-0,002654806,0,9902614,-0,001197969,-0,1391898,0,0,0,0,0,0,0,0,0,0,0,0,0,0,0,0,0,0,0,0,0,0,1,1,1,False
21,66893,-10,48907,1,689037,-1,37557,-0,002654806,0,9902614,-0,001197969,-0,1391898,0,0,0,0,0,0,0,0,0,0,0,0,0,0,0,0,0,0,0,0,0,0,1,1,1,False
21,68452,-10,48907,1,689037,-1,37557,-0,002654806,0,9902614,-0,001197969,-0,1391898,0,0,0,0,0,0,0,0,0,0,0,0,0,0,0,0,0,0,0,0,0,0,1,1,1,False
21,70025,-10,48907,1,689037,-1,37557,-0,002654806,0,9902614,-0,001197969,-0,1391898,0,0,0,0,0,0,0,0,0,0,0,0,0,0,0,0,0,0,0,0,0,0,1,1,1,False
21,71576,-10,48907,1,689037,-1,37557,-0,002654806,0,9902614,-0,001197969,-0,1391898,0,0,0,0,0,0,0,0,0,0,0,0,0,0,0,0,0,0,0,0,0,0,1,1,1,False
21,7303,-10,48907,1,689037,-1,37557,-0,002654806,0,9902614,-0,001197969,-0,1391898,0,0,0,0,0,0,0,0,0,0,0,0,0,0,0,0,0,0,0,0,0,0,1,1,1,False
21,74606,-10,48907,1,689037,-1,37557,-0,002654806,0,9902614,-0,001197969,-0,1391898,0,0,0,0,0,0,0,0,0,0,0,0,0,0,0,0,0,0,0,0,0,0,1,1,1,False
21,76193,-10,48907,1,689037,-1,37557,-0,002654806,0,9902614,-0,001197969,-0,1391898,0,0,0,0,0,0,0,0,0,0,0,0,0,0,0,0,0,0,0,0,0,0,1,1,1,False
21,77768,-10,48907,1,689037,-1,37557,-0,002654806,0,9902614,-0,001197969,-0,1391898,0,0,0,0,0,0,0,0,0,0,0,0,0,0,0,0,0,0,0,0,0,0,1,1,1,False
21,79286,-10,48907,1,689037,-1,37557,-0,002654806,0,9902614,-0,001197969,-0,1391898,0,0,0,0,0,0,0,0,0,0,0,0,0,0,0,0,0,0,0,0,0,0,1,1,1,False
21,82183,-10,48907,1,689037,-1,37557,-0,002654806,0,9902614,-0,001197969,-0,1391898,0,0,0,0,0,0,0,0,0,0,0,0,0,0,0,0,0,0,0,0,0,0,1,1,1,False
21,83821,-10,48907,1,689037,-1,37557,-0,002654806,0,9902614,-0,001197969,-0,1391898,0,0,0,0,0,0,0,0,0,0,0,0,0,0,0,0,0,0,0,0,0,0,1,1,1,False
21,85299,-10,48907,1,689037,-1,37557,-0,002654806,0,9902614,-0,001197969,-0,1391898,0,0,0,0,0,0,0,0,0,0,0,0,0,0,0,0,0,0,0,0,0,0,1,1,1,False
21,86892,-10,48907,1,689037,-1,37557,-0,002654806,0,9902614,-0,001197969,-0,1391898,0,0,0,0,0,0,0,0,0,0,0,0,0,0,0,0,0,0,0,0,0,0,1,1,1,False
21,88455,-10,48907,1,689037,-1,37557,-0,002654806,0,9902614,-0,001197969,-0,1391898,0,0,0,0,0,0,0,0,0,0,0,0,0,0,0,0,0,0,0,0,0,0,1,1,1,False
21,9002,-10,48907,1,689037,-1,37557,-0,002654806,0,9902614,-0,001197969,-0,1391898,0,0,0,0,0,0,0,0,0,0,0,0,0,0,0,0,0,0,0,0,0,0,1,1,1,False
21,91594,-10,48907,1,689037,-1,37557,-0,002654806,0,9902614,-0,001197969,-0,1391898,0,0,0,0,0,0,0,0,0,0,0,0,0,0,0,0,0,0,0,0,0,0,1,1,1,False
21,93048,-10,48907,1,689037,-1,37557,-0,002654806,0,9902614,-0,001197969,-0,1391898,0,0,0,0,0,0,0,0,0,0,0,0,0,0,0,0,0,0,0,0,0,0,1,1,1,False
21,94674,-10,48907,1,689037,-1,37557,-0,002654806,0,9902614,-0,001197969,-0,1391898,0,0,0,0,0,0,0,0,0,0,0,0,0,0,0,0,0,0,0,0,0,0,1,1,1,False
21,97371,-10,48907,1,689037,-1,37557,-0,002654806,0,9902614,-0,001197969,-0,1391898,0,0,0,0,0,0,0,0,0,0,0,0,0,0,0,0,0,0,0,0,0,0,1,1,1,False
21,98933,-10,48907,1,689037,-1,37557,-0,002654806,0,9902614,-0,001197969,-0,1391898,0,0,0,0,0,0,0,0,0,0,0,0,0,0,0,0,0,0,0,0,0,0,1,1,1,False
22,00536,-10,48907,1,689037,-1,37557,-0,002654806,0,9902614,-0,001197969,-0,1391898,0,0,0,0,0,0,0,0,0,0,0,0,0,0,0,0,0,0,0,0,0,0,1,1,1,False
22,02096,-10,48907,1,689037,-1,37557,-0,002654806,0,9902614,-0,001197969,-0,1391898,0,0,0,0,0,0,0,0,0,0,0,0,0,0,0,0,0,0,0,0,0,0,1,1,1,False
22,03572,-10,48907,1,689037,-1,37557,-0,002654806,0,9902614,-0,001197969,-0,1391898,0,0,0,0,0,0,0,0,0,0,0,0,0,0,0,0,0,0,0,0,0,0,1,1,1,False
22,04978,-10,48907,1,689037,-1,37557,-0,002654806,0,9902614,-0,001197969,-0,1391898,0,0,0,0,0,0,0,0,0,0,0,0,0,0,0,0,0,0,0,0,0,0,1,1,1,False
22,06496,-10,48907,1,689037,-1,37557,-0,002654806,0,9902614,-0,001197969,-0,1391898,0,0,0,0,0,0,0,0,0,0,0,0,0,0,0,0,0,0,0,0,0,0,1,1,1,False
22,07993,-10,48907,1,689037,-1,37557,-0,002654806,0,9902614,-0,001197969,-0,1391898,0,0,0,0,0,0,0,0,0,0,0,0,0,0,0,0,0,0,0,0,0,0,1,1,1,False
22,09401,-10,48907,1,689037,-1,37557,-0,002654806,0,9902614,-0,001197969,-0,1391898,0,0,0,0,0,0,0,0,0,0,0,0,0,0,0,0,0,0,0,0,0,0,1,1,1,False
22,10888,-10,48907,1,689037,-1,37557,-0,002654806,0,9902614,-0,001197969,-0,1391898,0,0,0,0,0,0,0,0,0,0,0,0,0,0,0,0,0,0,0,0,0,0,1,1,1,False
22,13585,-10,48907,1,689037,-1,37557,-0,002654806,0,9902614,-0,001197969,-0,1391898,0,0,0,0,0,0,0,0,0,0,0,0,0,0,0,0,0,0,0,0,0,0,1,1,1,False
22,15078,-10,48907,1,689037,-1,37557,-0,002654806,0,9902614,-0,001197969,-0,1391898,0,0,0,0,0,0,0,0,0,0,0,0,0,0,0,0,0,0,0,0,0,0,1,1,1,False
22,16562,-10,48907,1,689037,-1,37557,-0,002654806,0,9902614,-0,001197969,-0,1391898,0,0,0,0,0,0,0,0,0,0,0,0,0,0,0,0,0,0,0,0,0,0,1,1,1,False
22,18052,-10,48907,1,689037,-1,37557,-0,002654806,0,9902614,-0,001197969,-0,1391898,0,0,0,0,0,0,0,0,0,0,0,0,0,0,0,0,0,0,0,0,0,0,1,1,1,False
22,19538,-10,48907,1,689037,-1,37557,-0,002654806,0,9902614,-0,001197969,-0,1391898,0,0,0,0,0,0,0,0,0,0,0,0,0,0,0,0,0,0,0,0,0,0,1,1,1,False
22,20931,-10,48907,1,689037,-1,37557,-0,002654806,0,9902614,-0,001197969,-0,1391898,0,0,0,0,0,0,0,0,0,0,0,0,0,0,0,0,0,0,0,0,0,0,1,1,1,False
22,22424,-10,48907,1,689037,-1,37557,-0,002654806,0,9902614,-0,001197969,-0,1391898,0,0,0,0,0,0,0,0,0,0,0,0,0,0,0,0,0,0,0,0,0,0,1,1,1,False
22,2389,-10,48907,1,689037,-1,37557,-0,002654806,0,9902614,-0,001197969,-0,1391898,0,0,0,0,0,0,0,0,0,0,0,0,0,0,0,0,0,0,0,0,0,0,1,1,1,False
22,25283,-10,48907,1,689037,-1,37557,-0,002654806,0,9902614,-0,001197969,-0,1391898,0,0,0,0,0,0,0,0,0,0,0,0,0,0,0,0,0,0,0,0,0,0,1,1,1,False
22,26777,-10,48907,1,689037,-1,37557,-0,002654806,0,9902614,-0,001197969,-0,1391898,0,0,0,0,0,0,0,0,0,0,0,0,0,0,0,0,0,0,0,0,0,0,1,1,1,False
22,30043,-10,48907,1,689037,-1,37557,-0,002654806,0,9902614,-0,001197969,-0,1391898,0,0,0,0,0,0,0,0,0,0,0,0,0,0,0,0,0,0,0,0,0,0,1,1,1,False
22,31869,-10,48907,1,689037,-1,37557,-0,002654806,0,9902614,-0,001197969,-0,1391898,0,0,0,0,0,0,0,0,0,0,0,0,0,0,0,0,0,0,0,0,0,0,1,1,1,False
22,33563,-10,48907,1,689037,-1,37557,-0,002654806,0,9902614,-0,001197969,-0,1391898,0,0,0,0,0,0,0,0,0,0,0,0,0,0,0,0,0,0,0,0,0,0,1,1,1,False
22,35377,-10,48907,1,689037,-1,37557,-0,002654806,0,9902614,-0,001197969,-0,1391898,0,0,0,0,0,0,0,0,0,0,0,0,0,0,0,0,0,0,0,0,0,0,1,1,1,False
22,37148,-10,48907,1,689037,-1,37557,-0,002654806,0,9902614,-0,001197969,-0,1391898,0,0,0,0,0,0,0,0,0,0,0,0,0,0,0,0,0,0,0,0,0,0,1,1,1,False
22,38895,-10,48907,1,689037,-1,37557,-0,002654806,0,9902614,-0,001197969,-0,1391898,0,0,0,0,0,0,0,0,0,0,0,0,0,0,0,0,0,0,0,0,0,0,1,1,1,False
22,40755,-10,48907,1,689037,-1,37557,-0,002654806,0,9902614,-0,001197969,-0,1391898,0,0,0,0,0,0,0,0,0,0,0,0,0,0,0,0,0,0,0,0,0,0,1,1,1,False
22,42496,-10,48907,1,689037,-1,37557,-0,002654806,0,9902614,-0,001197969,-0,1391898,0,0,0,0,0,0,0,0,0,0,0,0,0,0,0,0,0,0,0,0,0,0,1,1,1,False
22,45926,-10,48907,1,689037,-1,37557,-0,002654806,0,9902614,-0,001197969,-0,1391898,0,0,0,0,0,0,0,0,0,0,0,0,0,0,0,0,0,0,0,0,0,0,1,1,1,False
22,47698,-10,48907,1,689037,-1,37557,-0,002654806,0,9902614,-0,001197969,-0,1391898,0,0,0,0,0,0,0,0,0,0,0,0,0,0,0,0,0,0,0,0,0,0,1,1,1,False
22,49506,-10,48907,1,689037,-1,37557,-0,002654806,0,9902614,-0,001197969,-0,1391898,0,0,0,0,0,0,0,0,0,0,0,0,0,0,0,0,0,0,0,0,0,0,1,1,1,False
22,5126,-10,48907,1,689037,-1,37557,-0,002654806,0,9902614,-0,001197969,-0,1391898,0,0,0,0,0,0,0,0,0,0,0,0,0,0,0,0,0,0,0,0,0,0,1,1,1,False
22,53118,-10,48907,1,689037,-1,37557,-0,002654806,0,9902614,-0,001197969,-0,1391898,0,0,0,0,0,0,0,0,0,0,0,0,0,0,0,0,0,0,0,0,0,0,1,1,1,False
22,56751,-10,48907,1,689037,-1,37557,-0,002654806,0,9902614,-0,001197969,-0,1391898,0,0,0,0,0,0,0,0,0,0,0,0,0,0,0,0,0,0,0,0,0,0,1,1,1,False
22,71375,-10,48907,1,689037,-1,37557,-0,002654806,0,9902614,-0,001197969,-0,1391898,0,0,0,0,0,0,0,0,0,0,0,0,0,0,0,0,0,0,0,0,0,0,1,1,1,False

