Time,HMD_Position_x,HMD_Position_y,HMD_Position_z,HMD_Rotation_x,HMD_Rotation_y,HMD_Rotation_z,HMD_Rotation_w,Left_Position_x,Left_Position_y,Left_Position_z,Right_Position_x,Right_Position_y,Right_Position_z,Left_Gaze_Origin.x,Left_Gaze_Origin.y,Left_Gaze_Origin.z,Right_Gaze_Origin.x,Right_Gaze_Origin.y,Right_Gaze_Origin.z,Left_Gaze_Direction_x,Left_Gaze_Direction_y,Left_Gaze_Direction_z,Right_Gaze_Direction_x,Right_Gaze_Direction_y,Right_Gaze_Direction_z,Left_Pupil_Diameter,Right_Pupil_Diameter,Left_Openness,Right_Openness,ArtificialBlink_Flag,RBlinkCount,LBlinkCount,BrowerFlag
0,01999999,-10,48907,1,776018,-1,37557,-0,002654806,0,9902614,-0,001197969,-0,1391898,0,0,0,0,0,0,0,0,0,0,0,0,0,0,0,0,0,0,0,0,0,0,1,1,1,False
0,03999998,-10,48907,1,76817,-1,37557,-0,002654806,0,9902614,-0,001197969,-0,1391898,0,0,0,0,0,0,0,0,0,0,0,0,0,0,0,0,0,0,0,0,0,0,1,1,1,False
0,1224146,-10,48907,1,689037,-1,37557,-0,002654806,0,9902614,-0,001197969,-0,1391898,0,0,0,0,0,0,0,0,0,0,0,0,0,0,0,0,0,0,0,0,0,0,1,1,1,False
0,1613892,-10,48907,1,689037,-1,37557,-0,002654806,0,9902614,-0,001197969,-0,1391898,0,0,0,0,0,0,0,0,0,0,0,0,0,0,0,0,0,0,0,0,0,0,1,1,1,False
0,1864161,-10,48907,1,689037,-1,37557,-0,002654806,0,9902614,-0,001197969,-0,1391898,0,0,0,0,0,0,0,0,0,0,0,0,0,0,0,0,0,0,0,0,0,0,1,1,1,False
0,2011203,-10,48907,1,689037,-1,37557,-0,002654806,0,9902614,-0,001197969,-0,1391898,0,0,0,0,0,0,0,0,0,0,0,0,0,0,0,0,0,0,0,0,0,0,1,1,1,False
0,2168004,-10,48907,1,689037,-1,37557,-0,002654806,0,9902614,-0,001197969,-0,1391898,0,0,0,0,0,0,0,0,0,0,0,0,0,0,0,0,0,0,0,0,0,0,1,1,1,False
0,2301523,-10,48907,1,689037,-1,37557,-0,002654806,0,9902614,-0,001197969,-0,1391898,0,0,0,0,0,0,0,0,0,0,0,0,0,0,0,0,0,0,0,0,0,0,1,1,1,False
0,2444259,-10,48907,1,689037,-1,37557,-0,002654806,0,9902614,-0,001197969,-0,1391898,0,0,0,0,0,0,0,0,0,0,0,0,0,0,0,0,0,0,0,0,0,0,1,1,1,False
0,259117,-10,48907,1,689037,-1,37557,-0,002654806,0,9902614,-0,001197969,-0,1391898,0,0,0,0,0,0,0,0,0,0,0,0,0,0,0,0,0,0,0,0,0,0,1,1,1,False
0,2736753,-10,48907,1,689037,-1,37557,-0,002654806,0,9902614,-0,001197969,-0,1391898,0,0,0,0,0,0,0,0,0,0,0,0,0,0,0,0,0,0,0,0,0,0,1,1,1,False
0,2884255,-10,48907,1,689037,-1,37557,-0,002654806,0,9902614,-0,001197969,-0,1391898,0,0,0,0,0,0,0,0,0,0,0,0,0,0,0,0,0,0,0,0,0,0,1,1,1,False
0,3029952,-10,48907,1,689037,-1,37557,-0,002654806,0,9902614,-0,001197969,-0,1391898,0,0,0,0,0,0,0,0,0,0,0,0,0,0,0,0,0,0,0,0,0,0,1,1,1,False
0,3175338,-10,48907,1,689037,-1,37557,-0,002654806,0,9902614,-0,001197969,-0,1391898,0,0,0,0,0,0,0,0,0,0,0,0,0,0,0,0,0,0,0,0,0,0,1,1,1,False
0,3311879,-10,48907,1,689037,-1,37557,-0,002654806,0,9902614,-0,001197969,-0,1391898,0,0,0,0,0,0,0,0,0,0,0,0,0,0,0,0,0,0,0,0,0,0,1,1,1,False
0,3455442,-10,48907,1,689037,-1,37557,-0,002654806,0,9902614,-0,001197969,-0,1391898,0,0,0,0,0,0,0,0,0,0,0,0,0,0,0,0,0,0,0,0,0,0,1,1,1,False
0,3603111,-10,48907,1,689037,-1,37557,-0,002654806,0,9902614,-0,001197969,-0,1391898,0,0,0,0,0,0,0,0,0,0,0,0,0,0,0,0,0,0,0,0,0,0,1,1,1,False
0,374786,-10,48907,1,689037,-1,37557,-0,002654806,0,9902614,-0,001197969,-0,1391898,0,0,0,0,0,0,0,0,0,0,0,0,0,0,0,0,0,0,0,0,0,0,1,1,1,False
0,3884392,-10,48907,1,689037,-1,37557,-0,002654806,0,9902614,-0,001197969,-0,1391898,0,0,0,0,0,0,0,0,0,0,0,0,0,0,0,0,0,0,0,0,0,0,1,1,1,False
0,4027216,-10,48907,1,689037,-1,37557,-0,002654806,0,9902614,-0,001197969,-0,1391898,0,0,0,0,0,0,0,0,0,0,0,0,0,0,0,0,0,0,0,0,0,0,1,1,1,False
0,4170613,-10,48907,1,689037,-1,37557,-0,002654806,0,9902614,-0,001197969,-0,1391898,0,0,0,0,0,0,0,0,0,0,0,0,0,0,0,0,0,0,0,0,0,0,1,1,1,False
0,4307676,-10,48907,1,689037,-1,37557,-0,002654806,0,9902614,-0,001197969,-0,1391898,0,0,0,0,0,0,0,0,0,0,0,0,0,0,0,0,0,0,0,0,0,0,1,1,1,False
0,4450435,-10,48907,1,689037,-1,37557,-0,002654806,0,9902614,-0,001197969,-0,1391898,0,0,0,0,0,0,0,0,0,0,0,0,0,0,0,0,0,0,0,0,0,0,1,1,1,False
0,4597833,-10,48907,1,689037,-1,37557,-0,002654806,0,9902614,-0,001197969,-0,1391898,0,0,0,0,0,0,0,0,0,0,0,0,0,0,0,0,0,0,0,0,0,0,1,1,1,False
0,4737225,-10,48907,1,689037,-1,37557,-0,002654806,0,9902614,-0,001197969,-0,1391898,0,0,0,0,0,0,0,0,0,0,0,0,0,0,0,0,0,0,0,0,0,0,1,1,1,False
0,4878101,-10,48907,1,689037,-1,37557,-0,002654806,0,9902614,-0,001197969,-0,1391898,0,0,0,0,0,0,0,0,0,0,0,0,0,0,0,0,0,0,0,0,0,0,1,1,1,False
0,5018455,-10,48907,1,689037,-1,37557,-0,002654806,0,9902614,-0,001197969,-0,1391898,0,0,0,0,0,0,0,0,0,0,0,0,0,0,0,0,0,0,0,0,0,0,1,1,1,False
0,5158326,-10,48907,1,689037,-1,37557,-0,002654806,0,9902614,-0,001197969,-0,1391898,0,0,0,0,0,0,0,0,0,0,0,0,0,0,0,0,0,0,0,0,0,0,1,1,1,False
0,5290228,-10,48907,1,689037,-1,37557,-0,002654806,0,9902614,-0,001197969,-0,1391898,0,0,0,0,0,0,0,0,0,0,0,0,0,0,0,0,0,0,0,0,0,0,1,1,1,False
0,5429769,-10,48907,1,689037,-1,37557,-0,002654806,0,9902614,-0,001197969,-0,1391898,0,0,0,0,0,0,0,0,0,0,0,0,0,0,0,0,0,0,0,0,0,0,1,1,1,False
0,5578238,-10,48907,1,689037,-1,37557,-0,002654806,0,9902614,-0,001197969,-0,1391898,0,0,0,0,0,0,0,0,0,0,0,0,0,0,0,0,0,0,0,0,0,0,1,1,1,False
0,5711082,-10,48907,1,689037,-1,37557,-0,002654806,0,9902614,-0,001197969,-0,1391898,0,0,0,0,0,0,0,0,0,0,0,0,0,0,0,0,0,0,0,0,0,0,1,1,1,False
0,5859912,-10,48907,1,689037,-1,37557,-0,002654806,0,9902614,-0,001197969,-0,1391898,0,0,0,0,0,0,0,0,0,0,0,0,0,0,0,0,0,0,0,0,0,0,1,1,1,False
0,6001088,-10,48907,1,689037,-1,37557,-0,002654806,0,9902614,-0,001197969,-0,1391898,0,0,0,0,0,0,0,0,0,0,0,0,0,0,0,0,0,0,0,0,0,0,1,1,1,False
0,6143917,-10,48907,1,689037,-1,37557,-0,002654806,0,9902614,-0,001197969,-0,1391898,0,0,0,0,0,0,0,0,0,0,0,0,0,0,0,0,0,0,0,0,0,0,1,1,1,False
0,6280226,-10,48907,1,689037,-1,37557,-0,002654806,0,9902614,-0,001197969,-0,1391898,0,0,0,0,0,0,0,0,0,0,0,0,0,0,0,0,0,0,0,0,0,0,1,1,1,False
0,6420254,-10,48907,1,689037,-1,37557,-0,002654806,0,9902614,-0,001197969,-0,1391898,0,0,0,0,0,0,0,0,0,0,0,0,0,0,0,0,0,0,0,0,0,0,1,1,1,False
0,6561818,-10,48907,1,689037,-1,37557,-0,002654806,0,9902614,-0,001197969,-0,1391898,0,0,0,0,0,0,0,0,0,0,0,0,0,0,0,0,0,0,0,0,0,0,1,1,1,False
0,6694623,-10,48907,1,689037,-1,37557,-0,002654806,0,9902614,-0,001197969,-0,1391898,0,0,0,0,0,0,0,0,0,0,0,0,0,0,0,0,0,0,0,0,0,0,1,1,1,False
0,6837946,-10,48907,1,689037,-1,37557,-0,002654806,0,9902614,-0,001197969,-0,1391898,0,0,0,0,0,0,0,0,0,0,0,0,0,0,0,0,0,0,0,0,0,0,1,1,1,False
0,697741,-10,48907,1,689037,-1,37557,-0,002654806,0,9902614,-0,001197969,-0,1391898,0,0,0,0,0,0,0,0,0,0,0,0,0,0,0,0,0,0,0,0,0,0,1,1,1,False
0,7108425,-10,48907,1,689037,-1,37557,-0,002654806,0,9902614,-0,001197969,-0,1391898,0,0,0,0,0,0,0,0,0,0,0,0,0,0,0,0,0,0,0,0,0,0,1,1,1,False
0,7249287,-10,48907,1,689037,-1,37557,-0,002654806,0,9902614,-0,001197969,-0,1391898,0,0,0,0,0,0,0,0,0,0,0,0,0,0,0,0,0,0,0,0,0,0,1,1,1,False
0,7387036,-10,48907,1,689037,-1,37557,-0,002654806,0,9902614,-0,001197969,-0,1391898,0,0,0,0,0,0,0,0,0,0,0,0,0,0,0,0,0,0,0,0,0,0,1,1,1,False
0,759277,-10,48907,1,689037,-1,37557,-0,002654806,0,9902614,-0,001197969,-0,1391898,0,0,0,0,0,0,0,0,0,0,0,0,0,0,0,0,0,0,0,0,0,0,1,1,1,False
0,7731991,-10,48907,1,689037,-1,37557,-0,002654806,0,9902614,-0,001197969,-0,1391898,0,0,0,0,0,0,0,0,0,0,0,0,0,0,0,0,0,0,0,0,0,0,1,1,1,False
0,7870758,-10,48907,1,689037,-1,37557,-0,002654806,0,9902614,-0,001197969,-0,1391898,0,0,0,0,0,0,0,0,0,0,0,0,0,0,0,0,0,0,0,0,0,0,1,1,1,False
0,8008271,-10,48907,1,689037,-1,37557,-0,002654806,0,9902614,-0,001197969,-0,1391898,0,0,0,0,0,0,0,0,0,0,0,0,0,0,0,0,0,0,0,0,0,0,1,1,1,False
0,8148314,-10,48907,1,689037,-1,37557,-0,002654806,0,9902614,-0,001197969,-0,1391898,0,0,0,0,0,0,0,0,0,0,0,0,0,0,0,0,0,0,0,0,0,0,1,1,1,False
0,8278034,-10,48907,1,689037,-1,37557,-0,002654806,0,9902614,-0,001197969,-0,1391898,0,0,0,0,0,0,0,0,0,0,0,0,0,0,0,0,0,0,0,0,0,0,1,1,1,False
0,841677,-10,48907,1,689037,-1,37557,-0,002654806,0,9902614,-0,001197969,-0,1391898,0,0,0,0,0,0,0,0,0,0,0,0,0,0,0,0,0,0,0,0,0,0,1,1,1,False
0,8554574,-10,48907,1,689037,-1,37557,-0,002654806,0,9902614,-0,001197969,-0,1391898,0,0,0,0,0,0,0,0,0,0,0,0,0,0,0,0,0,0,0,0,0,0,1,1,1,False
0,8682436,-10,48907,1,689037,-1,37557,-0,002654806,0,9902614,-0,001197969,-0,1391898,0,0,0,0,0,0,0,0,0,0,0,0,0,0,0,0,0,0,0,0,0,0,1,1,1,False
0,8822066,-10,48907,1,689037,-1,37557,-0,002654806,0,9902614,-0,001197969,-0,1391898,0,0,0,0,0,0,0,0,0,0,0,0,0,0,0,0,0,0,0,0,0,0,1,1,1,False
0,8957778,-10,48907,1,689037,-1,37557,-0,002654806,0,9902614,-0,001197969,-0,1391898,0,0,0,0,0,0,0,0,0,0,0,0,0,0,0,0,0,0,0,0,0,0,1,1,1,False
0,9086068,-10,48907,1,689037,-1,37557,-0,002654806,0,9902614,-0,001197969,-0,1391898,0,0,0,0,0,0,0,0,0,0,0,0,0,0,0,0,0,0,0,0,0,0,1,1,1,False
0,9220409,-10,48907,1,689037,-1,37557,-0,002654806,0,9902614,-0,001197969,-0,1391898,0,0,0,0,0,0,0,0,0,0,0,0,0,0,0,0,0,0,0,0,0,0,1,1,1,False
0,9356905,-10,48907,1,689037,-1,37557,-0,002654806,0,9902614,-0,001197969,-0,1391898,0,0,0,0,0,0,0,0,0,0,0,0,0,0,0,0,0,0,0,0,0,0,1,1,1,False
0,9487134,-10,48907,1,689037,-1,37557,-0,002654806,0,9902614,-0,001197969,-0,1391898,0,0,0,0,0,0,0,0,0,0,0,0,0,0,0,0,0,0,0,0,0,0,1,1,1,False
0,9625801,-10,48907,1,689037,-1,37557,-0,002654806,0,9902614,-0,001197969,-0,1391898,0,0,0,0,0,0,0,0,0,0,0,0,0,0,0,0,0,0,0,0,0,0,1,1,1,False
0,9764395,-10,48907,1,689037,-1,37557,-0,002654806,0,9902614,-0,001197969,-0,1391898,0,0,0,0,0,0,0,0,0,0,0,0,0,0,0,0,0,0,0,0,0,0,1,1,1,False
0,9896771,-10,48907,1,689037,-1,37557,-0,002654806,0,9902614,-0,001197969,-0,1391898,0,0,0,0,0,0,0,0,0,0,0,0,0,0,0,0,0,0,0,0,0,0,1,1,1,False
1,003233,-10,48907,1,689037,-1,37557,-0,002654806,0,9902614,-0,001197969,-0,1391898,0,0,0,0,0,0,0,0,0,0,0,0,0,0,0,0,0,0,0,0,0,0,1,1,1,False
1,017035,-10,48907,1,689037,-1,37557,-0,002654806,0,9902614,-0,001197969,-0,1391898,0,0,0,0,0,0,0,0,0,0,0,0,0,0,0,0,0,0,0,0,0,0,1,1,1,False
1,029834,-10,48907,1,689037,-1,37557,-0,002654806,0,9902614,-0,001197969,-0,1391898,0,0,0,0,0,0,0,0,0,0,0,0,0,0,0,0,0,0,0,0,0,0,1,1,1,False
1,043536,-10,48907,1,689037,-1,37557,-0,002654806,0,9902614,-0,001197969,-0,1391898,0,0,0,0,0,0,0,0,0,0,0,0,0,0,0,0,0,0,0,0,0,0,1,1,1,False
1,057567,-10,48907,1,689037,-1,37557,-0,002654806,0,9902614,-0,001197969,-0,1391898,0,0,0,0,0,0,0,0,0,0,0,0,0,0,0,0,0,0,0,0,0,0,1,1,1,False
1,071267,-10,48907,1,689037,-1,37557,-0,002654806,0,9902614,-0,001197969,-0,1391898,0,0,0,0,0,0,0,0,0,0,0,0,0,0,0,0,0,0,0,0,0,0,1,1,1,False
1,084706,-10,48907,1,689037,-1,37557,-0,002654806,0,9902614,-0,001197969,-0,1391898,0,0,0,0,0,0,0,0,0,0,0,0,0,0,0,0,0,0,0,0,0,0,1,1,1,False
1,098063,-10,48907,1,689037,-1,37557,-0,002654806,0,9902614,-0,001197969,-0,1391898,0,0,0,0,0,0,0,0,0,0,0,0,0,0,0,0,0,0,0,0,0,0,1,1,1,False
1,110749,-10,48907,1,689037,-1,37557,-0,002654806,0,9902614,-0,001197969,-0,1391898,0,0,0,0,0,0,0,0,0,0,0,0,0,0,0,0,0,0,0,0,0,0,1,1,1,False
1,124349,-10,48907,1,689037,-1,37557,-0,002654806,0,9902614,-0,001197969,-0,1391898,0,0,0,0,0,0,0,0,0,0,0,0,0,0,0,0,0,0,0,0,0,0,1,1,1,False
1,137723,-10,48907,1,689037,-1,37557,-0,002654806,0,9902614,-0,001197969,-0,1391898,0,0,0,0,0,0,0,0,0,0,0,0,0,0,0,0,0,0,0,0,0,0,1,1,1,False
1,150496,-10,48907,1,689037,-1,37557,-0,002654806,0,9902614,-0,001197969,-0,1391898,0,0,0,0,0,0,0,0,0,0,0,0,0,0,0,0,0,0,0,0,0,0,1,1,1,False
1,164332,-10,48907,1,689037,-1,37557,-0,002654806,0,9902614,-0,001197969,-0,1391898,0,0,0,0,0,0,0,0,0,0,0,0,0,0,0,0,0,0,0,0,0,0,1,1,1,False
1,17783,-10,48907,1,689037,-1,37557,-0,002654806,0,9902614,-0,001197969,-0,1391898,0,0,0,0,0,0,0,0,0,0,0,0,0,0,0,0,0,0,0,0,0,0,1,1,1,False
1,190492,-10,48907,1,689037,-1,37557,-0,002654806,0,9902614,-0,001197969,-0,1391898,0,0,0,0,0,0,0,0,0,0,0,0,0,0,0,0,0,0,0,0,0,0,1,1,1,False
1,203822,-10,48907,1,689037,-1,37557,-0,002654806,0,9902614,-0,001197969,-0,1391898,0,0,0,0,0,0,0,0,0,0,0,0,0,0,0,0,0,0,0,0,0,0,1,1,1,False
1,217334,-10,48907,1,689037,-1,37557,-0,002654806,0,9902614,-0,001197969,-0,1391898,0,0,0,0,0,0,0,0,0,0,0,0,0,0,0,0,0,0,0,0,0,0,1,1,1,False
1,230021,-10,48907,1,689037,-1,37557,-0,002654806,0,9902614,-0,001197969,-0,1391898,0,0,0,0,0,0,0,0,0,0,0,0,0,0,0,0,0,0,0,0,0,0,1,1,1,False
1,24337,-10,48907,1,689037,-1,37557,-0,002654806,0,9902614,-0,001197969,-0,1391898,0,0,0,0,0,0,0,0,0,0,0,0,0,0,0,0,0,0,0,0,0,0,1,1,1,False
1,256995,-10,48907,1,689037,-1,37557,-0,002654806,0,9902614,-0,001197969,-0,1391898,0,0,0,0,0,0,0,0,0,0,0,0,0,0,0,0,0,0,0,0,0,0,1,1,1,False
1,270442,-10,48907,1,689037,-1,37557,-0,002654806,0,9902614,-0,001197969,-0,1391898,0,0,0,0,0,0,0,0,0,0,0,0,0,0,0,0,0,0,0,0,0,0,1,1,1,False
1,283908,-10,48907,1,689037,-1,37557,-0,002654806,0,9902614,-0,001197969,-0,1391898,0,0,0,0,0,0,0,0,0,0,0,0,0,0,0,0,0,0,0,0,0,0,1,1,1,False
1,298269,-10,48907,1,689037,-1,37557,-0,002654806,0,9902614,-0,001197969,-0,1391898,0,0,0,0,0,0,0,0,0,0,0,0,0,0,0,0,0,0,0,0,0,0,1,1,1,False
1,312191,-10,48907,1,689037,-1,37557,-0,002654806,0,9902614,-0,001197969,-0,1391898,0,0,0,0,0,0,0,0,0,0,0,0,0,0,0,0,0,0,0,0,0,0,1,1,1,False
1,325619,-10,48907,1,689037,-1,37557,-0,002654806,0,9902614,-0,001197969,-0,1391898,0,0,0,0,0,0,0,0,0,0,0,0,0,0,0,0,0,0,0,0,0,0,1,1,1,False
1,339308,-10,48907,1,689037,-1,37557,-0,002654806,0,9902614,-0,001197969,-0,1391898,0,0,0,0,0,0,0,0,0,0,0,0,0,0,0,0,0,0,0,0,0,0,1,1,1,False
1,352318,-10,48907,1,689037,-1,37557,-0,002654806,0,9902614,-0,001197969,-0,1391898,0,0,0,0,0,0,0,0,0,0,0,0,0,0,0,0,0,0,0,0,0,0,1,1,1,False
1,366265,-10,48907,1,689037,-1,37557,-0,002654806,0,9902614,-0,001197969,-0,1391898,0,0,0,0,0,0,0,0,0,0,0,0,0,0,0,0,0,0,0,0,0,0,1,1,1,False
1,379961,-10,48907,1,689037,-1,37557,-0,002654806,0,9902614,-0,001197969,-0,1391898,0,0,0,0,0,0,0,0,0,0,0,0,0,0,0,0,0,0,0,0,0,0,1,1,1,False
1,392633,-10,48907,1,689037,-1,37557,-0,002654806,0,9902614,-0,001197969,-0,1391898,0,0,0,0,0,0,0,0,0,0,0,0,0,0,0,0,0,0,0,0,0,0,1,1,1,False
1,406106,-10,48907,1,689037,-1,37557,-0,002654806,0,9902614,-0,001197969,-0,1391898,0,0,0,0,0,0,0,0,0,0,0,0,0,0,0,0,0,0,0,0,0,0,1,1,1,False
1,419691,-10,48907,1,689037,-1,37557,-0,002654806,0,9902614,-0,001197969,-0,1391898,0,0,0,0,0,0,0,0,0,0,0,0,0,0,0,0,0,0,0,0,0,0,1,1,1,False
1,432476,-10,48907,1,689037,-1,37557,-0,002654806,0,9902614,-0,001197969,-0,1391898,0,0,0,0,0,0,0,0,0,0,0,0,0,0,0,0,0,0,0,0,0,0,1,1,1,False
1,447552,-10,48907,1,689037,-1,37557,-0,002654806,0,9902614,-0,001197969,-0,1391898,0,0,0,0,0,0,0,0,0,0,0,0,0,0,0,0,0,0,0,0,0,0,1,1,1,False
1,462543,-10,48907,1,689037,-1,37557,-0,002654806,0,9902614,-0,001197969,-0,1391898,0,0,0,0,0,0,0,0,0,0,0,0,0,0,0,0,0,0,0,0,0,0,1,1,1,False
1,476336,-10,48907,1,689037,-1,37557,-0,002654806,0,9902614,-0,001197969,-0,1391898,0,0,0,0,0,0,0,0,0,0,0,0,0,0,0,0,0,0,0,0,0,0,1,1,1,False
1,488912,-10,48907,1,689037,-1,37557,-0,002654806,0,9902614,-0,001197969,-0,1391898,0,0,0,0,0,0,0,0,0,0,0,0,0,0,0,0,0,0,0,0,0,0,1,1,1,False
1,502634,-10,48907,1,689037,-1,37557,-0,002654806,0,9902614,-0,001197969,-0,1391898,0,0,0,0,0,0,0,0,0,0,0,0,0,0,0,0,0,0,0,0,0,0,1,1,1,False
1,516097,-10,48907,1,689037,-1,37557,-0,002654806,0,9902614,-0,001197969,-0,1391898,0,0,0,0,0,0,0,0,0,0,0,0,0,0,0,0,0,0,0,0,0,0,1,1,1,False
1,528746,-10,48907,1,689037,-1,37557,-0,002654806,0,9902614,-0,001197969,-0,1391898,0,0,0,0,0,0,0,0,0,0,0,0,0,0,0,0,0,0,0,0,0,0,1,1,1,False
1,543028,-10,48907,1,689037,-1,37557,-0,002654806,0,9902614,-0,001197969,-0,1391898,0,0,0,0,0,0,0,0,0,0,0,0,0,0,0,0,0,0,0,0,0,0,1,1,1,False
1,556442,-10,48907,1,689037,-1,37557,-0,002654806,0,9902614,-0,001197969,-0,1391898,0,0,0,0,0,0,0,0,0,0,0,0,0,0,0,0,0,0,0,0,0,0,1,1,1,False
1,569415,-10,48907,1,689037,-1,37557,-0,002654806,0,9902614,-0,001197969,-0,1391898,0,0,0,0,0,0,0,0,0,0,0,0,0,0,0,0,0,0,0,0,0,0,1,1,1,False
1,584028,-10,48907,1,689037,-1,37557,-0,002654806,0,9902614,-0,001197969,-0,1391898,0,0,0,0,0,0,0,0,0,0,0,0,0,0,0,0,0,0,0,0,0,0,1,1,1,False
1,597275,-10,48907,1,689037,-1,37557,-0,002654806,0,9902614,-0,001197969,-0,1391898,0,0,0,0,0,0,0,0,0,0,0,0,0,0,0,0,0,0,0,0,0,0,1,1,1,False
1,60976,-10,48907,1,689037,-1,37557,-0,002654806,0,9902614,-0,001197969,-0,1391898,0,0,0,0,0,0,0,0,0,0,0,0,0,0,0,0,0,0,0,0,0,0,1,1,1,False
1,623218,-10,48907,1,689037,-1,37557,-0,002654806,0,9902614,-0,001197969,-0,1391898,0,0,0,0,0,0,0,0,0,0,0,0,0,0,0,0,0,0,0,0,0,0,1,1,1,False
1,636707,-10,48907,1,689037,-1,37557,-0,002654806,0,9902614,-0,001197969,-0,1391898,0,0,0,0,0,0,0,0,0,0,0,0,0,0,0,0,0,0,0,0,0,0,1,1,1,False
1,649374,-10,48907,1,689037,-1,37557,-0,002654806,0,9902614,-0,001197969,-0,1391898,0,0,0,0,0,0,0,0,0,0,0,0,0,0,0,0,0,0,0,0,0,0,1,1,1,False
1,662985,-10,48907,1,689037,-1,37557,-0,002654806,0,9902614,-0,001197969,-0,1391898,0,0,0,0,0,0,0,0,0,0,0,0,0,0,0,0,0,0,0,0,0,0,1,1,1,False
1,676586,-10,48907,1,689037,-1,37557,-0,002654806,0,9902614,-0,001197969,-0,1391898,0,0,0,0,0,0,0,0,0,0,0,0,0,0,0,0,0,0,0,0,0,0,1,1,1,False
1,689195,-10,48907,1,689037,-1,37557,-0,002654806,0,9902614,-0,001197969,-0,1391898,0,0,0,0,0,0,0,0,0,0,0,0,0,0,0,0,0,0,0,0,0,0,1,1,1,False
1,702967,-10,48907,1,689037,-1,37557,-0,002654806,0,9902614,-0,001197969,-0,1391898,0,0,0,0,0,0,0,0,0,0,0,0,0,0,0,0,0,0,0,0,0,0,1,1,1,False
1,716445,-10,48907,1,689037,-1,37557,-0,002654806,0,9902614,-0,001197969,-0,1391898,0,0,0,0,0,0,0,0,0,0,0,0,0,0,0,0,0,0,0,0,0,0,1,1,1,False
1,729005,-10,48907,1,689037,-1,37557,-0,002654806,0,9902614,-0,001197969,-0,1391898,0,0,0,0,0,0,0,0,0,0,0,0,0,0,0,0,0,0,0,0,0,0,1,1,1,False
1,742544,-10,48907,1,689037,-1,37557,-0,002654806,0,9902614,-0,001197969,-0,1391898,0,0,0,0,0,0,0,0,0,0,0,0,0,0,0,0,0,0,0,0,0,0,1,1,1,False
1,755903,-10,48907,1,689037,-1,37557,-0,002654806,0,9902614,-0,001197969,-0,1391898,0,0,0,0,0,0,0,0,0,0,0,0,0,0,0,0,0,0,0,0,0,0,1,1,1,False
1,768851,-10,48907,1,689037,-1,37557,-0,002654806,0,9902614,-0,001197969,-0,1391898,0,0,0,0,0,0,0,0,0,0,0,0,0,0,0,0,0,0,0,0,0,0,1,1,1,False
1,782395,-10,48907,1,689037,-1,37557,-0,002654806,0,9902614,-0,001197969,-0,1391898,0,0,0,0,0,0,0,0,0,0,0,0,0,0,0,0,0,0,0,0,0,0,1,1,1,False
1,795653,-10,48907,1,689037,-1,37557,-0,002654806,0,9902614,-0,001197969,-0,1391898,0,0,0,0,0,0,0,0,0,0,0,0,0,0,0,0,0,0,0,0,0,0,1,1,1,False
1,80835,-10,48907,1,689037,-1,37557,-0,002654806,0,9902614,-0,001197969,-0,1391898,0,0,0,0,0,0,0,0,0,0,0,0,0,0,0,0,0,0,0,0,0,0,1,1,1,False
1,821942,-10,48907,1,689037,-1,37557,-0,002654806,0,9902614,-0,001197969,-0,1391898,0,0,0,0,0,0,0,0,0,0,0,0,0,0,0,0,0,0,0,0,0,0,1,1,1,False
1,835481,-10,48907,1,689037,-1,37557,-0,002654806,0,9902614,-0,001197969,-0,1391898,0,0,0,0,0,0,0,0,0,0,0,0,0,0,0,0,0,0,0,0,0,0,1,1,1,False
1,848429,-10,48907,1,689037,-1,37557,-0,002654806,0,9902614,-0,001197969,-0,1391898,0,0,0,0,0,0,0,0,0,0,0,0,0,0,0,0,0,0,0,0,0,0,1,1,1,False
1,875241,-10,48907,1,689037,-1,37557,-0,002654806,0,9902614,-0,001197969,-0,1391898,0,0,0,0,0,0,0,0,0,0,0,0,0,0,0,0,0,0,0,0,0,0,1,1,1,False
1,889576,-10,48907,1,689037,-1,37557,-0,002654806,0,9902614,-0,001197969,-0,1391898,0,0,0,0,0,0,0,0,0,0,0,0,0,0,0,0,0,0,0,0,0,0,1,1,1,False
1,903101,-10,48907,1,689037,-1,37557,-0,002654806,0,9902614,-0,001197969,-0,1391898,0,0,0,0,0,0,0,0,0,0,0,0,0,0,0,0,0,0,0,0,0,0,1,1,1,False
1,916498,-10,48907,1,689037,-1,37557,-0,002654806,0,9902614,-0,001197969,-0,1391898,0,0,0,0,0,0,0,0,0,0,0,0,0,0,0,0,0,0,0,0,0,0,1,1,1,False
1,933706,-10,50907,1,689942,-1,36557,-0,002654806,0,9902614,-0,001197969,-0,1391898,0,0,0,0,0,0,0,0,0,0,0,0,0,0,0,0,0,0,0,0,0,0,1,1,1,False
1,959914,-10,56907,1,689942,-1,35557,-0,002654806,0,9902614,-0,001197969,-0,1391898,0,0,0,0,0,0,0,0,0,0,0,0,0,0,0,0,0,0,0,0,0,0,1,1,1,False
1,975001,-10,60907,1,689942,-1,33557,-0,002654806,0,9902614,-0,001197969,-0,1391898,0,0,0,0,0,0,0,0,0,0,0,0,0,0,0,0,0,0,0,0,0,0,1,1,1,False
1,98945,-10,67907,1,689942,-1,31557,-0,002654806,0,9902614,-0,001197969,-0,1391898,0,0,0,0,0,0,0,0,0,0,0,0,0,0,0,0,0,0,0,0,0,0,1,1,1,False
2,003951,-10,71907,1,689942,-1,30557,-0,002654806,0,9902614,-0,001197969,-0,1391898,0,0,0,0,0,0,0,0,0,0,0,0,0,0,0,0,0,0,0,0,0,0,1,1,1,False
2,017539,-10,71907,1,689942,-1,30557,-0,002654806,0,9902614,-0,001197969,-0,1391898,0,0,0,0,0,0,0,0,0,0,0,0,0,0,0,0,0,0,0,0,0,0,1,1,1,False
2,031228,-10,73907,1,689942,-1,30557,-0,002654806,0,9902614,-0,001197969,-0,1391898,0,0,0,0,0,0,0,0,0,0,0,0,0,0,0,0,0,0,0,0,0,0,1,1,1,False
2,045079,-10,73907,1,689942,-1,30557,-0,002654806,0,9902614,-0,001197969,-0,1391898,0,0,0,0,0,0,0,0,0,0,0,0,0,0,0,0,0,0,0,0,0,0,1,1,1,False
2,059394,-10,75907,1,689942,-1,29557,-0,002654806,0,9902614,-0,001197969,-0,1391898,0,0,0,0,0,0,0,0,0,0,0,0,0,0,0,0,0,0,0,0,0,0,1,1,1,False
2,079316,-10,75907,1,689942,-1,29557,-0,002654806,0,9902614,-0,001197969,-0,1391898,0,0,0,0,0,0,0,0,0,0,0,0,0,0,0,0,0,0,0,0,0,0,1,1,1,False
2,093844,-10,77907,1,689942,-1,29557,-0,002654806,0,9902614,-0,001197969,-0,1391898,0,0,0,0,0,0,0,0,0,0,0,0,0,0,0,0,0,0,0,0,0,0,1,1,1,False
2,107565,-10,77907,1,689942,-1,29557,-0,002654806,0,9902614,-0,001197969,-0,1391898,0,0,0,0,0,0,0,0,0,0,0,0,0,0,0,0,0,0,0,0,0,0,1,1,1,False
2,120935,-10,77907,1,689942,-1,29557,-0,002654806,0,9902614,-0,001197969,-0,1391898,0,0,0,0,0,0,0,0,0,0,0,0,0,0,0,0,0,0,0,0,0,0,1,1,1,False
2,13435,-10,77907,1,689942,-1,29557,-0,002654806,0,9902614,-0,001197969,-0,1391898,0,0,0,0,0,0,0,0,0,0,0,0,0,0,0,0,0,0,0,0,0,0,1,1,1,False
2,14696,-10,77907,1,689942,-1,29557,-0,002654806,0,9902614,-0,001197969,-0,1391898,0,0,0,0,0,0,0,0,0,0,0,0,0,0,0,0,0,0,0,0,0,0,1,1,1,False
2,160257,-10,77907,1,689942,-1,29557,-0,002654806,0,9902614,-0,001197969,-0,1391898,0,0,0,0,0,0,0,0,0,0,0,0,0,0,0,0,0,0,0,0,0,0,1,1,1,False
2,173587,-10,77907,1,689942,-1,29557,-0,002654806,0,9902614,-0,001197969,-0,1391898,0,0,0,0,0,0,0,0,0,0,0,0,0,0,0,0,0,0,0,0,0,0,1,1,1,False
2,18677,-10,77907,1,689942,-1,29557,-0,002654806,0,9902614,-0,001197969,-0,1391898,0,0,0,0,0,0,0,0,0,0,0,0,0,0,0,0,0,0,0,0,0,0,1,1,1,False
2,200149,-10,77907,1,689942,-1,29557,-0,002654806,0,9902614,-0,001197969,-0,1391898,0,0,0,0,0,0,0,0,0,0,0,0,0,0,0,0,0,0,0,0,0,0,1,1,1,False
2,21393,-10,77907,1,689942,-1,29557,-0,002654806,0,9902614,-0,001197969,-0,1391898,0,0,0,0,0,0,0,0,0,0,0,0,0,0,0,0,0,0,0,0,0,0,1,1,1,False
2,233364,-10,77907,1,689942,-1,29557,-0,002654806,0,9902614,-0,001197969,-0,1391898,0,0,0,0,0,0,0,0,0,0,0,0,0,0,0,0,0,0,0,0,0,0,1,1,1,False
2,246795,-10,77907,1,689942,-1,29557,-0,002654806,0,9902614,-0,001197969,-0,1391898,0,0,0,0,0,0,0,0,0,0,0,0,0,0,0,0,0,0,0,0,0,0,1,1,1,False
2,261292,-10,78907,1,689942,-1,28557,-0,002654806,0,9902614,-0,001197969,-0,1391898,0,0,0,0,0,0,0,0,0,0,0,0,0,0,0,0,0,0,0,0,0,0,1,1,1,False
2,27602,-10,80907,1,689942,-1,28557,-0,002654806,0,9902614,-0,001197969,-0,1391898,0,0,0,0,0,0,0,0,0,0,0,0,0,0,0,0,0,0,0,0,0,0,1,1,1,False
2,289819,-10,82907,1,689942,-1,27557,-0,002654806,0,9902614,-0,001197969,-0,1391898,0,0,0,0,0,0,0,0,0,0,0,0,0,0,0,0,0,0,0,0,0,0,1,1,1,False
2,304196,-10,85907,1,689942,-1,26557,-0,002654806,0,9902614,-0,001197969,-0,1391898,0,0,0,0,0,0,0,0,0,0,0,0,0,0,0,0,0,0,0,0,0,0,1,1,1,False
2,318784,-10,87907,1,689942,-1,26557,-0,002654806,0,9902614,-0,001197969,-0,1391898,0,0,0,0,0,0,0,0,0,0,0,0,0,0,0,0,0,0,0,0,0,0,1,1,1,False
2,332701,-10,91907,1,689942,-1,25557,-0,002654806,0,9902614,-0,001197969,-0,1391898,0,0,0,0,0,0,0,0,0,0,0,0,0,0,0,0,0,0,0,0,0,0,1,1,1,False
2,347185,-10,96907,1,689942,-1,23557,-0,002654806,0,9902614,-0,001197969,-0,1391898,0,0,0,0,0,0,0,0,0,0,0,0,0,0,0,0,0,0,0,0,0,0,1,1,1,False
2,362017,-11,00907,1,689942,-1,22557,-0,002654806,0,9902614,-0,001197969,-0,1391898,0,0,0,0,0,0,0,0,0,0,0,0,0,0,0,0,0,0,0,0,0,0,1,1,1,False
2,376908,-11,02907,1,689942,-1,21557,-0,002654806,0,9902614,-0,001197969,-0,1391898,0,0,0,0,0,0,0,0,0,0,0,0,0,0,0,0,0,0,0,0,0,0,1,1,1,False
2,397949,-11,09907,1,689942,-1,20557,-0,002654806,0,9902614,-0,001197969,-0,1391898,0,0,0,0,0,0,0,0,0,0,0,0,0,0,0,0,0,0,0,0,0,0,1,1,1,False
2,412621,-11,13907,1,689942,-1,18557,-0,002654806,0,9902614,-0,001197969,-0,1391898,0,0,0,0,0,0,0,0,0,0,0,0,0,0,0,0,0,0,0,0,0,0,1,1,1,False
2,427229,-11,18907,1,689942,-1,17557,-0,002654806,0,9902614,-0,001197969,-0,1391898,0,0,0,0,0,0,0,0,0,0,0,0,0,0,0,0,0,0,0,0,0,0,1,1,1,False
2,44182,-11,22907,1,689942,-1,16557,-0,002654806,0,9902614,-0,001197969,-0,1391898,0,0,0,0,0,0,0,0,0,0,0,0,0,0,0,0,0,0,0,0,0,0,1,1,1,False
2,456662,-11,24907,1,689942,-1,15557,-0,002654806,0,9902614,-0,001197969,-0,1391898,0,0,0,0,0,0,0,0,0,0,0,0,0,0,0,0,0,0,0,0,0,0,1,1,1,False
2,470637,-11,28907,1,679942,-1,14557,-0,002654806,0,9902614,-0,001197969,-0,1391898,0,0,0,0,0,0,0,0,0,0,0,0,0,0,0,0,0,0,0,0,0,0,1,1,1,False
2,485118,-11,30907,1,679942,-1,13557,-0,002654806,0,9902614,-0,001197969,-0,1391898,0,0,0,0,0,0,0,0,0,0,0,0,0,0,0,0,0,0,0,0,0,0,1,1,1,False
2,49962,-11,35907,1,679942,-1,12557,-0,002654806,0,9902614,-0,001197969,-0,1391898,0,0,0,0,0,0,0,0,0,0,0,0,0,0,0,0,0,0,0,0,0,0,1,1,1,False
2,512364,-11,35907,1,679942,-1,12557,-0,002654806,0,9902614,-0,001197969,-0,1391898,0,0,0,0,0,0,0,0,0,0,0,0,0,0,0,0,0,0,0,0,0,0,1,1,1,False
2,527263,-11,37907,1,679942,-1,12557,-0,002654806,0,9902614,-0,001197969,-0,1391898,0,0,0,0,0,0,0,0,0,0,0,0,0,0,0,0,0,0,0,0,0,0,1,1,1,False
2,548771,-11,39907,1,679942,-1,11557,-0,002654806,0,9902614,-0,001197969,-0,1391898,0,0,0,0,0,0,0,0,0,0,0,0,0,0,0,0,0,0,0,0,0,0,1,1,1,False
2,563199,-11,41907,1,679942,-1,10557,-0,002654806,0,9902614,-0,001197969,-0,1391898,0,0,0,0,0,0,0,0,0,0,0,0,0,0,0,0,0,0,0,0,0,0,1,1,1,False
2,577872,-11,43907,1,679942,-1,10557,-0,002654806,0,9902614,-0,001197969,-0,1391898,0,0,0,0,0,0,0,0,0,0,0,0,0,0,0,0,0,0,0,0,0,0,1,1,1,False
2,591529,-11,46907,1,679942,-1,09557,-0,002654806,0,9902614,-0,001197969,-0,1391898,0,0,0,0,0,0,0,0,0,0,0,0,0,0,0,0,0,0,0,0,0,0,1,1,1,False
2,606241,-11,48907,1,679942,-1,08557,-0,002654806,0,9902614,-0,001197969,-0,1391898,0,0,0,0,0,0,0,0,0,0,0,0,0,0,0,0,0,0,0,0,0,0,1,1,1,False
2,620816,-11,50907,1,679942,-1,08557,-0,002654806,0,9902614,-0,001197969,-0,1391898,0,0,0,0,0,0,0,0,0,0,0,0,0,0,0,0,0,0,0,0,0,0,1,1,1,False
2,635255,-11,52907,1,679942,-1,07557,-0,002654806,0,9902614,-0,001197969,-0,1391898,0,0,0,0,0,0,0,0,0,0,0,0,0,0,0,0,0,0,0,0,0,0,1,1,1,False
2,649029,-11,54907,1,679942,-1,06557,-0,002654806,0,9902614,-0,001197969,-0,1391898,0,0,0,0,0,0,0,0,0,0,0,0,0,0,0,0,0,0,0,0,0,0,1,1,1,False
2,663632,-11,56907,1,679942,-1,06557,-0,002654806,0,9902614,-0,001197969,-0,1391898,0,0,0,0,0,0,0,0,0,0,0,0,0,0,0,0,0,0,0,0,0,0,1,1,1,False
2,678382,-11,58907,1,679942,-1,05557,-0,002654806,0,9902614,-0,001197969,-0,1391898,0,0,0,0,0,0,0,0,0,0,0,0,0,0,0,0,0,0,0,0,0,0,1,1,1,False
2,699122,-11,63907,1,679942,-1,04557,-0,002654806,0,9902614,-0,001197969,-0,1391898,0,0,0,0,0,0,0,0,0,0,0,0,0,0,0,0,0,0,0,0,0,0,1,1,1,False
2,714052,-11,67907,1,679942,-1,03557,-0,002654806,0,9902614,-0,001197969,-0,1391898,0,0,0,0,0,0,0,0,0,0,0,0,0,0,0,0,0,0,0,0,0,0,1,1,1,False
2,728508,-11,67907,1,679942,-1,03557,-0,002654806,0,9902614,-0,001197969,-0,1391898,0,0,0,0,0,0,0,0,0,0,0,0,0,0,0,0,0,0,0,0,0,0,1,1,1,False
2,742794,-11,69907,1,679942,-1,02557,-0,002654806,0,9902614,-0,001197969,-0,1391898,0,0,0,0,0,0,0,0,0,0,0,0,0,0,0,0,0,0,0,0,0,0,1,1,1,False
2,757728,-11,73907,1,679942,-1,01557,-0,002654806,0,9902614,-0,001197969,-0,1391898,0,0,0,0,0,0,0,0,0,0,0,0,0,0,0,0,0,0,0,0,0,0,1,1,1,False
2,771781,-11,78907,1,679942,-1,00557,-0,002654806,0,9902614,-0,001197969,-0,1391898,0,0,0,0,0,0,0,0,0,0,0,0,0,0,0,0,0,0,0,0,0,0,1,1,1,False
2,78657,-11,81907,1,679942,-0,9955705,-0,002654806,0,9902614,-0,001197969,-0,1391898,0,0,0,0,0,0,0,0,0,0,0,0,0,0,0,0,0,0,0,0,0,0,1,1,1,False
2,801213,-11,82907,1,679942,-0,9855705,-0,002654806,0,9902614,-0,001197969,-0,1391898,0,0,0,0,0,0,0,0,0,0,0,0,0,0,0,0,0,0,0,0,0,0,1,1,1,False
2,815563,-11,88907,1,679942,-0,9755705,-0,002654806,0,9902614,-0,001197969,-0,1391898,0,0,0,0,0,0,0,0,0,0,0,0,0,0,0,0,0,0,0,0,0,0,1,1,1,False
2,829538,-11,92907,1,679942,-0,9655704,-0,002654806,0,9902614,-0,001197969,-0,1391898,0,0,0,0,0,0,0,0,0,0,0,0,0,0,0,0,0,0,0,0,0,0,1,1,1,False
2,850996,-12,00907,1,679942,-0,9355705,-0,002654806,0,9902614,-0,001197969,-0,1391898,0,0,0,0,0,0,0,0,0,0,0,0,0,0,0,0,0,0,0,0,0,0,1,1,1,False
2,869146,-12,04907,1,679942,-0,9255705,-0,002654806,0,9902614,-0,001197969,-0,1391898,0,0,0,0,0,0,0,0,0,0,0,0,0,0,0,0,0,0,0,0,0,0,1,1,1,False
2,883843,-12,10907,1,679942,-0,9155705,-0,002654806,0,9902614,-0,001197969,-0,1391898,0,0,0,0,0,0,0,0,0,0,0,0,0,0,0,0,0,0,0,0,0,0,1,1,1,False
2,898992,-12,14907,1,679942,-0,8955705,-0,002654806,0,9902614,-0,001197969,-0,1391898,0,0,0,0,0,0,0,0,0,0,0,0,0,0,0,0,0,0,0,0,0,0,1,1,1,False
2,913085,-12,20907,1,679942,-0,8855705,-0,002654806,0,9902614,-0,001197969,-0,1391898,0,0,0,0,0,0,0,0,0,0,0,0,0,0,0,0,0,0,0,0,0,0,1,1,1,False
2,9275,-12,24907,1,679942,-0,8755705,-0,002654806,0,9902614,-0,001197969,-0,1391898,0,0,0,0,0,0,0,0,0,0,0,0,0,0,0,0,0,0,0,0,0,0,1,1,1,False
2,941919,-12,30907,1,679942,-0,8555705,-0,002654806,0,9902614,-0,001197969,-0,1391898,0,0,0,0,0,0,0,0,0,0,0,0,0,0,0,0,0,0,0,0,0,0,1,1,1,False
2,956285,-12,37907,1,679942,-0,8355705,-0,002654806,0,9902614,-0,001197969,-0,1391898,0,0,0,0,0,0,0,0,0,0,0,0,0,0,0,0,0,0,0,0,0,0,1,1,1,False
2,969934,-12,43907,1,679942,-0,8155705,-0,002654806,0,9902614,-0,001197969,-0,1391898,0,0,0,0,0,0,0,0,0,0,0,0,0,0,0,0,0,0,0,0,0,0,1,1,1,False
2,984508,-12,46907,1,679942,-0,8055705,-0,002654806,0,9902614,-0,001197969,-0,1391898,0,0,0,0,0,0,0,0,0,0,0,0,0,0,0,0,0,0,0,0,0,0,1,1,1,False
3,005834,-12,53907,1,679942,-0,7855704,-0,002654806,0,9902614,-0,001197969,-0,1391898,0,0,0,0,0,0,0,0,0,0,0,0,0,0,0,0,0,0,0,0,0,0,1,1,1,False
3,02034,-12,58907,1,679942,-0,7755705,-0,002654806,0,9902614,-0,001197969,-0,1391898,0,0,0,0,0,0,0,0,0,0,0,0,0,0,0,0,0,0,0,0,0,0,1,1,1,False
3,034626,-12,62907,1,679942,-0,7655705,-0,002654806,0,9902614,-0,001197969,-0,1391898,0,0,0,0,0,0,0,0,0,0,0,0,0,0,0,0,0,0,0,0,0,0,1,1,1,False
3,047976,-12,63907,1,679942,-0,7555705,-0,002654806,0,9902614,-0,001197969,-0,1391898,0,0,0,0,0,0,0,0,0,0,0,0,0,0,0,0,0,0,0,0,0,0,1,1,1,False
3,062162,-12,65907,1,679942,-0,7555705,-0,002654806,0,9902614,-0,001197969,-0,1391898,0,0,0,0,0,0,0,0,0,0,0,0,0,0,0,0,0,0,0,0,0,0,1,1,1,False
3,076499,-12,67907,1,679942,-0,7455705,-0,002654806,0,9902614,-0,001197969,-0,1391898,0,0,0,0,0,0,0,0,0,0,0,0,0,0,0,0,0,0,0,0,0,0,1,1,1,False
3,089922,-12,68907,1,679942,-0,7455705,-0,002654806,0,9902614,-0,001197969,-0,1391898,0,0,0,0,0,0,0,0,0,0,0,0,0,0,0,0,0,0,0,0,0,0,1,1,1,False
3,104046,-12,70907,1,679942,-0,7355705,-0,002654806,0,9902614,-0,001197969,-0,1391898,0,0,0,0,0,0,0,0,0,0,0,0,0,0,0,0,0,0,0,0,0,0,1,1,1,False
3,118383,-12,72907,1,679942,-0,7355705,-0,002654806,0,9902614,-0,001197969,-0,1391898,0,0,0,0,0,0,0,0,0,0,0,0,0,0,0,0,0,0,0,0,0,0,1,1,1,False
3,132281,-12,74907,1,679942,-0,7255705,-0,002654806,0,9902614,-0,001197969,-0,1391898,0,0,0,0,0,0,0,0,0,0,0,0,0,0,0,0,0,0,0,0,0,0,1,1,1,False
3,146444,-12,75907,1,679942,-0,7255705,-0,002654806,0,9902614,-0,001197969,-0,1391898,0,0,0,0,0,0,0,0,0,0,0,0,0,0,0,0,0,0,0,0,0,0,1,1,1,False
3,1676,-12,77907,1,679942,-0,7155704,-0,002654806,0,9902614,-0,001197969,-0,1391898,0,0,0,0,0,0,0,0,0,0,0,0,0,0,0,0,0,0,0,0,0,0,1,1,1,False
3,182195,-12,78907,1,679942,-0,7155704,-0,002654806,0,9902614,-0,001197969,-0,1391898,0,0,0,0,0,0,0,0,0,0,0,0,0,0,0,0,0,0,0,0,0,0,1,1,1,False
3,196465,-12,78907,1,679942,-0,7155704,-0,002654806,0,9902614,-0,001197969,-0,1391898,0,0,0,0,0,0,0,0,0,0,0,0,0,0,0,0,0,0,0,0,0,0,1,1,1,False
3,210229,-12,81907,1,679942,-0,7055705,-0,002654806,0,9902614,-0,001197969,-0,1391898,0,0,0,0,0,0,0,0,0,0,0,0,0,0,0,0,0,0,0,0,0,0,1,1,1,False
3,224842,-12,83907,1,679942,-0,7055705,-0,002654806,0,9902614,-0,001197969,-0,1391898,0,0,0,0,0,0,0,0,0,0,0,0,0,0,0,0,0,0,0,0,0,0,1,1,1,False
3,238534,-12,83907,1,679942,-0,7055705,-0,002654806,0,9902614,-0,001197969,-0,1391898,0,0,0,0,0,0,0,0,0,0,0,0,0,0,0,0,0,0,0,0,0,0,1,1,1,False
3,251962,-12,85907,1,679942,-0,6955705,-0,002654806,0,9902614,-0,001197969,-0,1391898,0,0,0,0,0,0,0,0,0,0,0,0,0,0,0,0,0,0,0,0,0,0,1,1,1,False
3,26619,-12,88907,1,679942,-0,6855705,-0,002654806,0,9902614,-0,001197969,-0,1391898,0,0,0,0,0,0,0,0,0,0,0,0,0,0,0,0,0,0,0,0,0,0,1,1,1,False
3,279747,-12,88907,1,679942,-0,6855705,-0,002654806,0,9902614,-0,001197969,-0,1391898,0,0,0,0,0,0,0,0,0,0,0,0,0,0,0,0,0,0,0,0,0,0,1,1,1,False
3,293805,-12,90907,1,679942,-0,6855705,-0,002654806,0,9902614,-0,001197969,-0,1391898,0,0,0,0,0,0,0,0,0,0,0,0,0,0,0,0,0,0,0,0,0,0,1,1,1,False
3,308692,-12,93907,1,679942,-0,6755705,-0,002654806,0,9902614,-0,001197969,-0,1391898,0,0,0,0,0,0,0,0,0,0,0,0,0,0,0,0,0,0,0,0,0,0,1,1,1,False
3,32992,-12,94907,1,679942,-0,6655705,-0,002654806,0,9902614,-0,001197969,-0,1391898,0,0,0,0,0,0,0,0,0,0,0,0,0,0,0,0,0,0,0,0,0,0,1,1,1,False
3,344084,-12,94907,1,679942,-0,6655705,-0,002654806,0,9902614,-0,001197969,-0,1391898,0,0,0,0,0,0,0,0,0,0,0,0,0,0,0,0,0,0,0,0,0,0,1,1,1,False
3,35824,-12,96907,1,679942,-0,6655705,-0,002654806,0,9902614,-0,001197969,-0,1391898,0,0,0,0,0,0,0,0,0,0,0,0,0,0,0,0,0,0,0,0,0,0,1,1,1,False
3,370654,-12,96907,1,679942,-0,6655705,-0,002654806,0,9902614,-0,001197969,-0,1391898,0,0,0,0,0,0,0,0,0,0,0,0,0,0,0,0,0,0,0,0,0,0,1,1,1,False
3,384139,-12,96907,1,679942,-0,6655705,-0,002654806,0,9902614,-0,001197969,-0,1391898,0,0,0,0,0,0,0,0,0,0,0,0,0,0,0,0,0,0,0,0,0,0,1,1,1,False
3,397363,-12,96907,1,679942,-0,6655705,-0,002654806,0,9902614,-0,001197969,-0,1391898,0,0,0,0,0,0,0,0,0,0,0,0,0,0,0,0,0,0,0,0,0,0,1,1,1,False
3,410848,-12,96907,1,679942,-0,6655705,-0,002654806,0,9902614,-0,001197969,-0,1391898,0,0,0,0,0,0,0,0,0,0,0,0,0,0,0,0,0,0,0,0,0,0,1,1,1,False
3,424014,-12,96907,1,679942,-0,6655705,-0,002654806,0,9902614,-0,001197969,-0,1391898,0,0,0,0,0,0,0,0,0,0,0,0,0,0,0,0,0,0,0,0,0,0,1,1,1,False
3,441833,-12,96907,1,679942,-0,6655705,-0,002654806,0,9902614,-0,001197969,-0,1391898,0,0,0,0,0,0,0,0,0,0,0,0,0,0,0,0,0,0,0,0,0,0,1,1,1,False
3,455392,-12,96907,1,679942,-0,6655705,-0,002654806,0,9902614,-0,001197969,-0,1391898,0,0,0,0,0,0,0,0,0,0,0,0,0,0,0,0,0,0,0,0,0,0,1,1,1,False
3,468376,-12,96907,1,679942,-0,6655705,-0,002654806,0,9902614,-0,001197969,-0,1391898,0,0,0,0,0,0,0,0,0,0,0,0,0,0,0,0,0,0,0,0,0,0,1,1,1,False
3,489763,-12,96907,1,679942,-0,6655705,-0,002654806,0,9902614,-0,001197969,-0,1391898,0,0,0,0,0,0,0,0,0,0,0,0,0,0,0,0,0,0,0,0,0,0,1,1,1,False
3,504784,-12,96907,1,679942,-0,6655705,-0,002654806,0,9902614,-0,001197969,-0,1391898,0,0,0,0,0,0,0,0,0,0,0,0,0,0,0,0,0,0,0,0,0,0,1,1,1,False
3,522285,-12,96907,1,679942,-0,6655705,-0,002654806,0,9902614,-0,001197969,-0,1391898,0,0,0,0,0,0,0,0,0,0,0,0,0,0,0,0,0,0,0,0,0,0,1,1,1,False
3,538358,-12,96907,1,679942,-0,6655705,-0,002654806,0,9902614,-0,001197969,-0,1391898,0,0,0,0,0,0,0,0,0,0,0,0,0,0,0,0,0,0,0,0,0,0,1,1,1,False
3,552163,-12,96907,1,679942,-0,6655705,-0,002654806,0,9902614,-0,001197969,-0,1391898,0,0,0,0,0,0,0,0,0,0,0,0,0,0,0,0,0,0,0,0,0,0,1,1,1,False
3,566223,-12,96907,1,679942,-0,6655705,-0,002654806,0,9902614,-0,001197969,-0,1391898,0,0,0,0,0,0,0,0,0,0,0,0,0,0,0,0,0,0,0,0,0,0,1,1,1,False
3,593106,-12,96907,1,679942,-0,6655705,-0,002654806,0,9902614,-0,001197969,-0,1391898,0,0,0,0,0,0,0,0,0,0,0,0,0,0,0,0,0,0,0,0,0,0,1,1,1,False
3,607994,-12,96907,1,679942,-0,6655705,-0,002654806,0,9902614,-0,001197969,-0,1391898,0,0,0,0,0,0,0,0,0,0,0,0,0,0,0,0,0,0,0,0,0,0,1,1,1,False
3,622488,-12,96907,1,679942,-0,6655705,-0,002654806,0,9902614,-0,001197969,-0,1391898,0,0,0,0,0,0,0,0,0,0,0,0,0,0,0,0,0,0,0,0,0,0,1,1,1,False
3,636704,-12,96907,1,679942,-0,6655705,-0,002654806,0,9902614,-0,001197969,-0,1391898,0,0,0,0,0,0,0,0,0,0,0,0,0,0,0,0,0,0,0,0,0,0,1,1,1,False
3,65039,-12,96907,1,679942,-0,6655705,-0,002654806,0,9902614,-0,001197969,-0,1391898,0,0,0,0,0,0,0,0,0,0,0,0,0,0,0,0,0,0,0,0,0,0,1,1,1,False
3,663503,-12,96907,1,679942,-0,6655705,-0,002654806,0,9902614,-0,001197969,-0,1391898,0,0,0,0,0,0,0,0,0,0,0,0,0,0,0,0,0,0,0,0,0,0,1,1,1,False
3,688916,-12,96907,1,679942,-0,6655705,-0,002654806,0,9902614,-0,001197969,-0,1391898,0,0,0,0,0,0,0,0,0,0,0,0,0,0,0,0,0,0,0,0,0,0,1,1,1,False
3,708973,-12,96907,1,679942,-0,6655705,-0,002654806,0,9902614,-0,001197969,-0,1391898,0,0,0,0,0,0,0,0,0,0,0,0,0,0,0,0,0,0,0,0,0,0,1,1,1,False
3,726243,-12,96907,1,679942,-0,6655705,-0,002654806,0,9902614,-0,001197969,-0,1391898,0,0,0,0,0,0,0,0,0,0,0,0,0,0,0,0,0,0,0,0,0,0,1,1,1,False
3,740838,-12,96907,1,679942,-0,6655705,-0,002654806,0,9902614,-0,001197969,-0,1391898,0,0,0,0,0,0,0,0,0,0,0,0,0,0,0,0,0,0,0,0,0,0,1,1,1,False
3,755588,-12,96907,1,679942,-0,6655705,-0,002654806,0,9902614,-0,001197969,-0,1391898,0,0,0,0,0,0,0,0,0,0,0,0,0,0,0,0,0,0,0,0,0,0,1,1,1,False
3,768921,-12,96907,1,679942,-0,6655705,-0,002654806,0,9902614,-0,001197969,-0,1391898,0,0,0,0,0,0,0,0,0,0,0,0,0,0,0,0,0,0,0,0,0,0,1,1,1,False
3,783406,-12,96907,1,679942,-0,6655705,-0,002654806,0,9902614,-0,001197969,-0,1391898,0,0,0,0,0,0,0,0,0,0,0,0,0,0,0,0,0,0,0,0,0,0,1,1,1,False
3,797982,-12,96907,1,679942,-0,6655705,-0,002654806,0,9902614,-0,001197969,-0,1391898,0,0,0,0,0,0,0,0,0,0,0,0,0,0,0,0,0,0,0,0,0,0,1,1,1,False
3,81171,-12,96907,1,679942,-0,6655705,-0,002654806,0,9902614,-0,001197969,-0,1391898,0,0,0,0,0,0,0,0,0,0,0,0,0,0,0,0,0,0,0,0,0,0,1,1,1,False
3,826247,-12,96907,1,679942,-0,6655705,-0,002654806,0,9902614,-0,001197969,-0,1391898,0,0,0,0,0,0,0,0,0,0,0,0,0,0,0,0,0,0,0,0,0,0,1,1,1,False
3,84095,-12,96907,1,679942,-0,6655705,-0,002654806,0,9902614,-0,001197969,-0,1391898,0,0,0,0,0,0,0,0,0,0,0,0,0,0,0,0,0,0,0,0,0,0,1,1,1,False
3,854466,-12,96907,1,679942,-0,6655705,-0,002654806,0,9902614,-0,001197969,-0,1391898,0,0,0,0,0,0,0,0,0,0,0,0,0,0,0,0,0,0,0,0,0,0,1,1,1,False
3,867285,-12,96907,1,679942,-0,6655705,-0,002654806,0,9902614,-0,001197969,-0,1391898,0,0,0,0,0,0,0,0,0,0,0,0,0,0,0,0,0,0,0,0,0,0,1,1,1,False
3,881219,-12,96907,1,679942,-0,6655705,-0,002654806,0,9902614,-0,001197969,-0,1391898,0,0,0,0,0,0,0,0,0,0,0,0,0,0,0,0,0,0,0,0,0,0,1,1,1,False
3,895684,-12,96907,1,679942,-0,6655705,-0,002654806,0,9902614,-0,001197969,-0,1391898,0,0,0,0,0,0,0,0,0,0,0,0,0,0,0,0,0,0,0,0,0,0,1,1,1,False
3,9086,-12,96907,1,679942,-0,6655705,-0,002654806,0,9902614,-0,001197969,-0,1391898,0,0,0,0,0,0,0,0,0,0,0,0,0,0,0,0,0,0,0,0,0,0,1,1,1,False
3,922432,-12,96907,1,679942,-0,6655705,-0,002654806,0,9902614,-0,001197969,-0,1391898,0,0,0,0,0,0,0,0,0,0,0,0,0,0,0,0,0,0,0,0,0,0,1,1,1,False
3,936328,-12,96907,1,679942,-0,6655705,-0,002654806,0,9902614,-0,001197969,-0,1391898,0,0,0,0,0,0,0,0,0,0,0,0,0,0,0,0,0,0,0,0,0,0,1,1,1,False
3,952586,-12,96907,1,679942,-0,6655705,-0,002654806,0,9902614,-0,001197969,-0,1391898,0,0,0,0,0,0,0,0,0,0,0,0,0,0,0,0,0,0,0,0,0,0,1,1,1,False
3,968364,-12,96907,1,679942,-0,6655705,-0,002654806,0,9902614,-0,001197969,-0,1391898,0,0,0,0,0,0,0,0,0,0,0,0,0,0,0,0,0,0,0,0,0,0,1,1,1,False
3,983305,-12,96907,1,679942,-0,6655705,-0,002654806,0,9902614,-0,001197969,-0,1391898,0,0,0,0,0,0,0,0,0,0,0,0,0,0,0,0,0,0,0,0,0,0,1,1,1,False
4,000533,-12,96907,1,679942,-0,6655705,-0,002654806,0,9902614,-0,001197969,-0,1391898,0,0,0,0,0,0,0,0,0,0,0,0,0,0,0,0,0,0,0,0,0,0,1,1,1,False
4,015088,-12,96907,1,679942,-0,6655705,-0,002654806,0,9902614,-0,001197969,-0,1391898,0,0,0,0,0,0,0,0,0,0,0,0,0,0,0,0,0,0,0,0,0,0,1,1,1,False
4,028832,-12,96907,1,679942,-0,6655705,-0,002654806,0,9902614,-0,001197969,-0,1391898,0,0,0,0,0,0,0,0,0,0,0,0,0,0,0,0,0,0,0,0,0,0,1,1,1,False
4,042981,-12,96907,1,679942,-0,6655705,-0,002654806,0,9902614,-0,001197969,-0,1391898,0,0,0,0,0,0,0,0,0,0,0,0,0,0,0,0,0,0,0,0,0,0,1,1,1,False
4,057133,-12,96907,1,679942,-0,6655705,-0,002654806,0,9902614,-0,001197969,-0,1391898,0,0,0,0,0,0,0,0,0,0,0,0,0,0,0,0,0,0,0,0,0,0,1,1,1,False
4,070705,-12,96907,1,679942,-0,6655705,-0,002654806,0,9902614,-0,001197969,-0,1391898,0,0,0,0,0,0,0,0,0,0,0,0,0,0,0,0,0,0,0,0,0,0,1,1,1,False
4,085495,-12,96907,1,679942,-0,6655705,-0,002654806,0,9902614,-0,001197969,-0,1391898,0,0,0,0,0,0,0,0,0,0,0,0,0,0,0,0,0,0,0,0,0,0,1,1,1,False
4,099184,-12,96907,1,679942,-0,6655705,-0,002654806,0,9902614,-0,001197969,-0,1391898,0,0,0,0,0,0,0,0,0,0,0,0,0,0,0,0,0,0,0,0,0,0,1,1,1,False
4,112208,-12,96907,1,679942,-0,6655705,-0,002654806,0,9902614,-0,001197969,-0,1391898,0,0,0,0,0,0,0,0,0,0,0,0,0,0,0,0,0,0,0,0,0,0,1,1,1,False
4,126146,-12,96907,1,679942,-0,6655705,-0,002654806,0,9902614,-0,001197969,-0,1391898,0,0,0,0,0,0,0,0,0,0,0,0,0,0,0,0,0,0,0,0,0,0,1,1,1,False
4,140261,-12,96907,1,679942,-0,6655705,-0,002654806,0,9902614,-0,001197969,-0,1391898,0,0,0,0,0,0,0,0,0,0,0,0,0,0,0,0,0,0,0,0,0,0,1,1,1,False
4,154069,-12,96907,1,679942,-0,6655705,-0,002654806,0,9902614,-0,001197969,-0,1391898,0,0,0,0,0,0,0,0,0,0,0,0,0,0,0,0,0,0,0,0,0,0,1,1,1,False
4,166527,-12,96907,1,679942,-0,6655705,-0,002654806,0,9902614,-0,001197969,-0,1391898,0,0,0,0,0,0,0,0,0,0,0,0,0,0,0,0,0,0,0,0,0,0,1,1,1,False
4,180486,-12,96907,1,679942,-0,6655705,-0,002654806,0,9902614,-0,001197969,-0,1391898,0,0,0,0,0,0,0,0,0,0,0,0,0,0,0,0,0,0,0,0,0,0,1,1,1,False
4,194156,-12,96907,1,679942,-0,6655705,-0,002654806,0,9902614,-0,001197969,-0,1391898,0,0,0,0,0,0,0,0,0,0,0,0,0,0,0,0,0,0,0,0,0,0,1,1,1,False
4,207163,-12,96907,1,679942,-0,6655705,-0,002654806,0,9902614,-0,001197969,-0,1391898,0,0,0,0,0,0,0,0,0,0,0,0,0,0,0,0,0,0,0,0,0,0,1,1,1,False
4,220597,-12,96907,1,679942,-0,6655705,-0,002654806,0,9902614,-0,001197969,-0,1391898,0,0,0,0,0,0,0,0,0,0,0,0,0,0,0,0,0,0,0,0,0,0,1,1,1,False
4,234474,-12,96907,1,679942,-0,6655705,-0,002654806,0,9902614,-0,001197969,-0,1391898,0,0,0,0,0,0,0,0,0,0,0,0,0,0,0,0,0,0,0,0,0,0,1,1,1,False
4,24874,-12,96907,1,679942,-0,6655705,-0,002654806,0,9902614,-0,001197969,-0,1391898,0,0,0,0,0,0,0,0,0,0,0,0,0,0,0,0,0,0,0,0,0,0,1,1,1,False
4,262443,-12,96907,1,679942,-0,6655705,-0,002654806,0,9902614,-0,001197969,-0,1391898,0,0,0,0,0,0,0,0,0,0,0,0,0,0,0,0,0,0,0,0,0,0,1,1,1,False
4,276811,-12,96907,1,679942,-0,6655705,-0,002654806,0,9902614,-0,001197969,-0,1391898,0,0,0,0,0,0,0,0,0,0,0,0,0,0,0,0,0,0,0,0,0,0,1,1,1,False
4,290484,-12,96907,1,679942,-0,6655705,-0,002654806,0,9902614,-0,001197969,-0,1391898,0,0,0,0,0,0,0,0,0,0,0,0,0,0,0,0,0,0,0,0,0,0,1,1,1,False
4,30459,-12,96907,1,679942,-0,6655705,-0,002654806,0,9902614,-0,001197969,-0,1391898,0,0,0,0,0,0,0,0,0,0,0,0,0,0,0,0,0,0,0,0,0,0,1,1,1,False
4,318622,-12,96907,1,679942,-0,6655705,-0,002654806,0,9902614,-0,001197969,-0,1391898,0,0,0,0,0,0,0,0,0,0,0,0,0,0,0,0,0,0,0,0,0,0,1,1,1,False
4,331903,-12,96907,1,679942,-0,6655705,-0,002654806,0,9902614,-0,001197969,-0,1391898,0,0,0,0,0,0,0,0,0,0,0,0,0,0,0,0,0,0,0,0,0,0,1,1,1,False
4,345835,-12,96907,1,679942,-0,6655705,-0,002654806,0,9902614,-0,001197969,-0,1391898,0,0,0,0,0,0,0,0,0,0,0,0,0,0,0,0,0,0,0,0,0,0,1,1,1,False
4,360281,-12,96907,1,679942,-0,6655705,-0,002654806,0,9902614,-0,001197969,-0,1391898,0,0,0,0,0,0,0,0,0,0,0,0,0,0,0,0,0,0,0,0,0,0,1,1,1,False
4,373558,-12,96907,1,679942,-0,6655705,-0,002654806,0,9902614,-0,001197969,-0,1391898,0,0,0,0,0,0,0,0,0,0,0,0,0,0,0,0,0,0,0,0,0,0,1,1,1,False
4,3863,-12,96907,1,679942,-0,6655705,-0,002654806,0,9902614,-0,001197969,-0,1391898,0,0,0,0,0,0,0,0,0,0,0,0,0,0,0,0,0,0,0,0,0,0,1,1,1,False
4,399687,-12,96907,1,679942,-0,6655705,-0,002654806,0,9902614,-0,001197969,-0,1391898,0,0,0,0,0,0,0,0,0,0,0,0,0,0,0,0,0,0,0,0,0,0,1,1,1,False
4,412736,-12,96907,1,679942,-0,6655705,-0,002654806,0,9902614,-0,001197969,-0,1391898,0,0,0,0,0,0,0,0,0,0,0,0,0,0,0,0,0,0,0,0,0,0,1,1,1,False
4,426318,-12,96907,1,679942,-0,6655705,-0,002654806,0,9902614,-0,001197969,-0,1391898,0,0,0,0,0,0,0,0,0,0,0,0,0,0,0,0,0,0,0,0,0,0,1,1,1,False
4,440068,-12,96907,1,679942,-0,6655705,-0,002654806,0,9902614,-0,001197969,-0,1391898,0,0,0,0,0,0,0,0,0,0,0,0,0,0,0,0,0,0,0,0,0,0,1,1,1,False
4,454144,-12,96907,1,679942,-0,6655705,-0,002654806,0,9902614,-0,001197969,-0,1391898,0,0,0,0,0,0,0,0,0,0,0,0,0,0,0,0,0,0,0,0,0,0,1,1,1,False
4,467034,-12,96907,1,679942,-0,6655705,-0,002654806,0,9902614,-0,001197969,-0,1391898,0,0,0,0,0,0,0,0,0,0,0,0,0,0,0,0,0,0,0,0,0,0,1,1,1,False
4,480545,-12,96907,1,679942,-0,6655705,-0,002654806,0,9902614,-0,001197969,-0,1391898,0,0,0,0,0,0,0,0,0,0,0,0,0,0,0,0,0,0,0,0,0,0,1,1,1,False
4,494077,-12,96907,1,679942,-0,6655705,-0,002654806,0,9902614,-0,001197969,-0,1391898,0,0,0,0,0,0,0,0,0,0,0,0,0,0,0,0,0,0,0,0,0,0,1,1,1,False
4,506812,-12,96907,1,679942,-0,6655705,-0,002654806,0,9902614,-0,001197969,-0,1391898,0,0,0,0,0,0,0,0,0,0,0,0,0,0,0,0,0,0,0,0,0,0,1,1,1,False
4,520426,-12,96907,1,679942,-0,6655705,-0,002654806,0,9902614,-0,001197969,-0,1391898,0,0,0,0,0,0,0,0,0,0,0,0,0,0,0,0,0,0,0,0,0,0,1,1,1,False
4,53378,-12,96907,1,679942,-0,6655705,-0,002654806,0,9902614,-0,001197969,-0,1391898,0,0,0,0,0,0,0,0,0,0,0,0,0,0,0,0,0,0,0,0,0,0,1,1,1,False
4,546496,-12,96907,1,679942,-0,6655705,-0,002654806,0,9902614,-0,001197969,-0,1391898,0,0,0,0,0,0,0,0,0,0,0,0,0,0,0,0,0,0,0,0,0,0,1,1,1,False
4,559842,-12,96907,1,679942,-0,6655705,-0,002654806,0,9902614,-0,001197969,-0,1391898,0,0,0,0,0,0,0,0,0,0,0,0,0,0,0,0,0,0,0,0,0,0,1,1,1,False
4,573582,-12,96907,1,679942,-0,6655705,-0,002654806,0,9902614,-0,001197969,-0,1391898,0,0,0,0,0,0,0,0,0,0,0,0,0,0,0,0,0,0,0,0,0,0,1,1,1,False
4,587416,-12,96907,1,679942,-0,6655705,-0,002654806,0,9902614,-0,001197969,-0,1391898,0,0,0,0,0,0,0,0,0,0,0,0,0,0,0,0,0,0,0,0,0,0,1,1,1,False
4,60101,-12,96907,1,679942,-0,6655705,-0,002654806,0,9902614,-0,001197969,-0,1391898,0,0,0,0,0,0,0,0,0,0,0,0,0,0,0,0,0,0,0,0,0,0,1,1,1,False
4,61471,-12,96907,1,679942,-0,6655705,-0,002654806,0,9902614,-0,001197969,-0,1391898,0,0,0,0,0,0,0,0,0,0,0,0,0,0,0,0,0,0,0,0,0,0,1,1,1,False
4,628227,-12,96907,1,679942,-0,6655705,-0,002654806,0,9902614,-0,001197969,-0,1391898,0,0,0,0,0,0,0,0,0,0,0,0,0,0,0,0,0,0,0,0,0,0,1,1,1,False
4,642559,-12,96907,1,679942,-0,6655705,-0,002654806,0,9902614,-0,001197969,-0,1391898,0,0,0,0,0,0,0,0,0,0,0,0,0,0,0,0,0,0,0,0,0,0,1,1,1,False
4,656905,-12,96907,1,679942,-0,6655705,-0,002654806,0,9902614,-0,001197969,-0,1391898,0,0,0,0,0,0,0,0,0,0,0,0,0,0,0,0,0,0,0,0,0,0,1,1,1,False
4,670345,-12,96907,1,679942,-0,6655705,-0,002654806,0,9902614,-0,001197969,-0,1391898,0,0,0,0,0,0,0,0,0,0,0,0,0,0,0,0,0,0,0,0,0,0,1,1,1,False
4,684789,-12,96907,1,679942,-0,6655705,-0,002654806,0,9902614,-0,001197969,-0,1391898,0,0,0,0,0,0,0,0,0,0,0,0,0,0,0,0,0,0,0,0,0,0,1,1,1,False
4,6991,-12,96907,1,679942,-0,6655705,-0,002654806,0,9902614,-0,001197969,-0,1391898,0,0,0,0,0,0,0,0,0,0,0,0,0,0,0,0,0,0,0,0,0,0,1,1,1,False
4,712507,-12,96907,1,679942,-0,6655705,-0,002654806,0,9902614,-0,001197969,-0,1391898,0,0,0,0,0,0,0,0,0,0,0,0,0,0,0,0,0,0,0,0,0,0,1,1,1,False
4,726769,-12,96907,1,679942,-0,6655705,-0,002654806,0,9902614,-0,001197969,-0,1391898,0,0,0,0,0,0,0,0,0,0,0,0,0,0,0,0,0,0,0,0,0,0,1,1,1,False
4,74067,-12,96907,1,679942,-0,6655705,-0,002654806,0,9902614,-0,001197969,-0,1391898,0,0,0,0,0,0,0,0,0,0,0,0,0,0,0,0,0,0,0,0,0,0,1,1,1,False
4,754642,-12,96907,1,679942,-0,6655705,-0,002654806,0,9902614,-0,001197969,-0,1391898,0,0,0,0,0,0,0,0,0,0,0,0,0,0,0,0,0,0,0,0,0,0,1,1,1,False
4,767956,-12,96907,1,679942,-0,6655705,-0,002654806,0,9902614,-0,001197969,-0,1391898,0,0,0,0,0,0,0,0,0,0,0,0,0,0,0,0,0,0,0,0,0,0,1,1,1,False
4,782,-12,96907,1,679942,-0,6655705,-0,002654806,0,9902614,-0,001197969,-0,1391898,0,0,0,0,0,0,0,0,0,0,0,0,0,0,0,0,0,0,0,0,0,0,1,1,1,False
4,79614,-12,96907,1,679942,-0,6655705,-0,002654806,0,9902614,-0,001197969,-0,1391898,0,0,0,0,0,0,0,0,0,0,0,0,0,0,0,0,0,0,0,0,0,0,1,1,1,False
4,810332,-12,96907,1,679942,-0,6655705,-0,002654806,0,9902614,-0,001197969,-0,1391898,0,0,0,0,0,0,0,0,0,0,0,0,0,0,0,0,0,0,0,0,0,0,1,1,1,False
4,823729,-12,96907,1,679942,-0,6655705,-0,002654806,0,9902614,-0,001197969,-0,1391898,0,0,0,0,0,0,0,0,0,0,0,0,0,0,0,0,0,0,0,0,0,0,1,1,1,False
4,83832,-12,96907,1,679942,-0,6655705,-0,002654806,0,9902614,-0,001197969,-0,1391898,0,0,0,0,0,0,0,0,0,0,0,0,0,0,0,0,0,0,0,0,0,0,1,1,1,False
4,851951,-12,96907,1,679942,-0,6655705,-0,002654806,0,9902614,-0,001197969,-0,1391898,0,0,0,0,0,0,0,0,0,0,0,0,0,0,0,0,0,0,0,0,0,0,1,1,1,False
4,865904,-12,96907,1,679942,-0,6655705,-0,002654806,0,9902614,-0,001197969,-0,1391898,0,0,0,0,0,0,0,0,0,0,0,0,0,0,0,0,0,0,0,0,0,0,1,1,1,False
4,880113,-12,96907,1,679942,-0,6655705,-0,002654806,0,9902614,-0,001197969,-0,1391898,0,0,0,0,0,0,0,0,0,0,0,0,0,0,0,0,0,0,0,0,0,0,1,1,1,False
4,894159,-12,96907,1,679942,-0,6655705,-0,002654806,0,9902614,-0,001197969,-0,1391898,0,0,0,0,0,0,0,0,0,0,0,0,0,0,0,0,0,0,0,0,0,0,1,1,1,False
4,907608,-12,96907,1,679942,-0,6655705,-0,002654806,0,9902614,-0,001197969,-0,1391898,0,0,0,0,0,0,0,0,0,0,0,0,0,0,0,0,0,0,0,0,0,0,1,1,1,False
4,922321,-12,96907,1,679942,-0,6655705,-0,002654806,0,9902614,-0,001197969,-0,1391898,0,0,0,0,0,0,0,0,0,0,0,0,0,0,0,0,0,0,0,0,0,0,1,1,1,False
4,936658,-12,96907,1,679942,-0,6655705,-0,002654806,0,9902614,-0,001197969,-0,1391898,0,0,0,0,0,0,0,0,0,0,0,0,0,0,0,0,0,0,0,0,0,0,1,1,1,False
4,950068,-12,96907,1,679942,-0,6655705,-0,002654806,0,9902614,-0,001197969,-0,1391898,0,0,0,0,0,0,0,0,0,0,0,0,0,0,0,0,0,0,0,0,0,0,1,1,1,False
4,964025,-12,96907,1,679942,-0,6655705,-0,002654806,0,9902614,-0,001197969,-0,1391898,0,0,0,0,0,0,0,0,0,0,0,0,0,0,0,0,0,0,0,0,0,0,1,1,1,False
4,978002,-12,96907,1,679942,-0,6655705,-0,002654806,0,9902614,-0,001197969,-0,1391898,0,0,0,0,0,0,0,0,0,0,0,0,0,0,0,0,0,0,0,0,0,0,1,1,1,False
4,991173,-12,96907,1,679942,-0,6655705,-0,002654806,0,9902614,-0,001197969,-0,1391898,0,0,0,0,0,0,0,0,0,0,0,0,0,0,0,0,0,0,0,0,0,0,1,1,1,False
5,00447,-12,96907,1,679942,-0,6655705,-0,002654806,0,9902614,-0,001197969,-0,1391898,0,0,0,0,0,0,0,0,0,0,0,0,0,0,0,0,0,0,0,0,0,0,1,1,1,False
5,019052,-12,96907,1,679942,-0,6655705,-0,002654806,0,9902614,-0,001197969,-0,1391898,0,0,0,0,0,0,0,0,0,0,0,0,0,0,0,0,0,0,0,0,0,0,1,1,1,False
5,032318,-12,96907,1,679942,-0,6655705,-0,002654806,0,9902614,-0,001197969,-0,1391898,0,0,0,0,0,0,0,0,0,0,0,0,0,0,0,0,0,0,0,0,0,0,1,1,1,False
5,049799,-12,96907,1,679942,-0,6655705,-0,002654806,0,9902614,-0,001197969,-0,1391898,0,0,0,0,0,0,0,0,0,0,0,0,0,0,0,0,0,0,0,0,0,0,1,1,1,False
5,064423,-12,96907,1,679942,-0,6655705,-0,002654806,0,9902614,-0,001197969,-0,1391898,0,0,0,0,0,0,0,0,0,0,0,0,0,0,0,0,0,0,0,0,0,0,1,1,1,False
5,078691,-12,96907,1,709942,-0,6655705,-0,002654806,0,9902614,-0,001197969,-0,1391898,0,0,0,0,0,0,0,0,0,0,0,0,0,0,0,0,0,0,0,0,0,0,1,1,1,False
5,092573,-12,96907,1,729942,-0,6655705,-0,002654806,0,9902614,-0,001197969,-0,1391898,0,0,0,0,0,0,0,0,0,0,0,0,0,0,0,0,0,0,0,0,0,0,1,1,1,False
5,107122,-12,96907,1,759942,-0,6655705,-0,002654806,0,9902614,-0,001197969,-0,1391898,0,0,0,0,0,0,0,0,0,0,0,0,0,0,0,0,0,0,0,0,0,0,1,1,1,False
5,121726,-12,96907,1,809942,-0,6655705,-0,002654806,0,9902614,-0,001197969,-0,1391898,0,0,0,0,0,0,0,0,0,0,0,0,0,0,0,0,0,0,0,0,0,0,1,1,1,False
5,135952,-12,96907,1,829942,-0,6655705,-0,002654806,0,9902614,-0,001197969,-0,1391898,0,0,0,0,0,0,0,0,0,0,0,0,0,0,0,0,0,0,0,0,0,0,1,1,1,False
5,149473,-12,96907,1,859942,-0,6655705,-0,002654806,0,9902614,-0,001197969,-0,1391898,0,0,0,0,0,0,0,0,0,0,0,0,0,0,0,0,0,0,0,0,0,0,1,1,1,False
5,163953,-12,96907,1,909942,-0,6655705,-0,002654806,0,9902614,-0,001197969,-0,1391898,0,0,0,0,0,0,0,0,0,0,0,0,0,0,0,0,0,0,0,0,0,0,1,1,1,False
5,178265,-12,96907,1,939942,-0,6655705,-0,002654806,0,9902614,-0,001197969,-0,1391898,0,0,0,0,0,0,0,0,0,0,0,0,0,0,0,0,0,0,0,0,0,0,1,1,1,False
5,191787,-12,96907,1,989942,-0,6655705,-0,002654806,0,9902614,-0,001197969,-0,1391898,0,0,0,0,0,0,0,0,0,0,0,0,0,0,0,0,0,0,0,0,0,0,1,1,1,False
5,212972,-12,96907,2,009942,-0,6655705,-0,002654806,0,9902614,-0,001197969,-0,1391898,0,0,0,0,0,0,0,0,0,0,0,0,0,0,0,0,0,0,0,0,0,0,1,1,1,False
5,227475,-12,96907,2,059942,-0,6655705,-0,002654806,0,9902614,-0,001197969,-0,1391898,0,0,0,0,0,0,0,0,0,0,0,0,0,0,0,0,0,0,0,0,0,0,1,1,1,False
5,241789,-12,96907,2,089942,-0,6655705,-0,002654806,0,9902614,-0,001197969,-0,1391898,0,0,0,0,0,0,0,0,0,0,0,0,0,0,0,0,0,0,0,0,0,0,1,1,1,False
5,256161,-12,96907,2,129942,-0,6655705,-0,002654806,0,9902614,-0,001197969,-0,1391898,0,0,0,0,0,0,0,0,0,0,0,0,0,0,0,0,0,0,0,0,0,0,1,1,1,False
5,26956,-12,96907,2,129942,-0,6655705,-0,002654806,0,9902614,-0,001197969,-0,1391898,0,0,0,0,0,0,0,0,0,0,0,0,0,0,0,0,0,0,0,0,0,0,1,1,1,False
5,283889,-12,96907,2,159942,-0,6655705,-0,002654806,0,9902614,-0,001197969,-0,1391898,0,0,0,0,0,0,0,0,0,0,0,0,0,0,0,0,0,0,0,0,0,0,1,1,1,False
5,298461,-12,96907,2,159942,-0,6655705,-0,002654806,0,9902614,-0,001197969,-0,1391898,0,0,0,0,0,0,0,0,0,0,0,0,0,0,0,0,0,0,0,0,0,0,1,1,1,False
5,311812,-12,96907,2,189942,-0,6655705,-0,002654806,0,9902614,-0,001197969,-0,1391898,0,0,0,0,0,0,0,0,0,0,0,0,0,0,0,0,0,0,0,0,0,0,1,1,1,False
5,32522,-12,96907,2,189942,-0,6655705,-0,002654806,0,9902614,-0,001197969,-0,1391898,0,0,0,0,0,0,0,0,0,0,0,0,0,0,0,0,0,0,0,0,0,0,1,1,1,False
5,339759,-12,96907,2,209942,-0,6655705,-0,002654806,0,9902614,-0,001197969,-0,1391898,0,0,0,0,0,0,0,0,0,0,0,0,0,0,0,0,0,0,0,0,0,0,1,1,1,False
5,353158,-12,96907,2,229942,-0,6655705,-0,002654806,0,9902614,-0,001197969,-0,1391898,0,0,0,0,0,0,0,0,0,0,0,0,0,0,0,0,0,0,0,0,0,0,1,1,1,False
5,373302,-12,96907,2,229942,-0,6655705,-0,002654806,0,9902614,-0,001197969,-0,1391898,0,0,0,0,0,0,0,0,0,0,0,0,0,0,0,0,0,0,0,0,0,0,1,1,1,False
5,38785,-12,96907,2,259942,-0,6655705,-0,002654806,0,9902614,-0,001197969,-0,1391898,0,0,0,0,0,0,0,0,0,0,0,0,0,0,0,0,0,0,0,0,0,0,1,1,1,False
5,401473,-12,96907,2,259942,-0,6655705,-0,002654806,0,9902614,-0,001197969,-0,1391898,0,0,0,0,0,0,0,0,0,0,0,0,0,0,0,0,0,0,0,0,0,0,1,1,1,False
5,414829,-12,96907,2,259942,-0,6655705,-0,002654806,0,9902614,-0,001197969,-0,1391898,0,0,0,0,0,0,0,0,0,0,0,0,0,0,0,0,0,0,0,0,0,0,1,1,1,False
5,427413,-12,96907,2,259942,-0,6655705,-0,002654806,0,9902614,-0,001197969,-0,1391898,0,0,0,0,0,0,0,0,0,0,0,0,0,0,0,0,0,0,0,0,0,0,1,1,1,False
5,44076,-12,96907,2,259942,-0,6655705,-0,002654806,0,9902614,-0,001197969,-0,1391898,0,0,0,0,0,0,0,0,0,0,0,0,0,0,0,0,0,0,0,0,0,0,1,1,1,False
5,454095,-12,96907,2,259942,-0,6655705,-0,002654806,0,9902614,-0,001197969,-0,1391898,0,0,0,0,0,0,0,0,0,0,0,0,0,0,0,0,0,0,0,0,0,0,1,1,1,False
5,466474,-12,96907,2,259942,-0,6655705,-0,002654806,0,9902614,-0,001197969,-0,1391898,0,0,0,0,0,0,0,0,0,0,0,0,0,0,0,0,0,0,0,0,0,0,1,1,1,False
5,482862,-12,96907,2,259942,-0,6655705,-0,002654806,0,9902614,-0,001197969,-0,1391898,0,0,0,0,0,0,0,0,0,0,0,0,0,0,0,0,0,0,0,0,0,0,1,1,1,False
5,497091,-12,96907,2,259942,-0,6655705,-0,002654806,0,9902614,-0,001197969,-0,1391898,0,0,0,0,0,0,0,0,0,0,0,0,0,0,0,0,0,0,0,0,0,0,1,1,1,False
5,510912,-12,96907,2,259942,-0,6655705,-0,002654806,0,9902614,-0,001197969,-0,1391898,0,0,0,0,0,0,0,0,0,0,0,0,0,0,0,0,0,0,0,0,0,0,1,1,1,False
5,532379,-12,96907,2,259942,-0,6655705,-0,002654806,0,9902614,-0,001197969,-0,1391898,0,0,0,0,0,0,0,0,0,0,0,0,0,0,0,0,0,0,0,0,0,0,1,1,1,False
5,546442,-12,96907,2,259942,-0,6655705,-0,002654806,0,9902614,-0,001197969,-0,1391898,0,0,0,0,0,0,0,0,0,0,0,0,0,0,0,0,0,0,0,0,0,0,1,1,1,False
5,560725,-12,96907,2,259942,-0,6655705,-0,002654806,0,9902614,-0,001197969,-0,1391898,0,0,0,0,0,0,0,0,0,0,0,0,0,0,0,0,0,0,0,0,0,0,1,1,1,False
5,574885,-12,96907,2,259942,-0,6655705,-0,002654806,0,9902614,-0,001197969,-0,1391898,0,0,0,0,0,0,0,0,0,0,0,0,0,0,0,0,0,0,0,0,0,0,1,1,1,False
5,589031,-12,96907,2,259942,-0,6655705,-0,002654806,0,9902614,-0,001197969,-0,1391898,0,0,0,0,0,0,0,0,0,0,0,0,0,0,0,0,0,0,0,0,0,0,1,1,1,False
5,605981,-12,96907,2,259942,-0,6655705,-0,002654806,0,9902614,-0,001197969,-0,1391898,0,0,0,0,0,0,0,0,0,0,0,0,0,0,0,0,0,0,0,0,0,0,1,1,1,False
5,62019,-12,96907,2,259942,-0,6655705,-0,002654806,0,9902614,-0,001197969,-0,1391898,0,0,0,0,0,0,0,0,0,0,0,0,0,0,0,0,0,0,0,0,0,0,1,1,1,False
5,634223,-12,96907,2,259942,-0,6655705,-0,002654806,0,9902614,-0,001197969,-0,1391898,0,0,0,0,0,0,0,0,0,0,0,0,0,0,0,0,0,0,0,0,0,0,1,1,1,False
5,647347,-12,96907,2,259942,-0,6655705,-0,002654806,0,9902614,-0,001197969,-0,1391898,0,0,0,0,0,0,0,0,0,0,0,0,0,0,0,0,0,0,0,0,0,0,1,1,1,False
5,661408,-12,96907,2,259942,-0,6655705,-0,002654806,0,9902614,-0,001197969,-0,1391898,0,0,0,0,0,0,0,0,0,0,0,0,0,0,0,0,0,0,0,0,0,0,1,1,1,False
5,675492,-12,96907,2,259942,-0,6655705,-0,002654806,0,9902614,-0,001197969,-0,1391898,0,0,0,0,0,0,0,0,0,0,0,0,0,0,0,0,0,0,0,0,0,0,1,1,1,False
5,688715,-12,96907,2,259942,-0,6655705,-0,002654806,0,9902614,-0,001197969,-0,1391898,0,0,0,0,0,0,0,0,0,0,0,0,0,0,0,0,0,0,0,0,0,0,1,1,1,False
5,703316,-12,96907,2,259942,-0,6655705,-0,002654806,0,9902614,-0,001197969,-0,1391898,0,0,0,0,0,0,0,0,0,0,0,0,0,0,0,0,0,0,0,0,0,0,1,1,1,False
5,716771,-12,96907,2,259942,-0,6655705,-0,002654806,0,9902614,-0,001197969,-0,1391898,0,0,0,0,0,0,0,0,0,0,0,0,0,0,0,0,0,0,0,0,0,0,1,1,1,False
5,729308,-12,96907,2,259942,-0,6655705,-0,002654806,0,9902614,-0,001197969,-0,1391898,0,0,0,0,0,0,0,0,0,0,0,0,0,0,0,0,0,0,0,0,0,0,1,1,1,False
5,742501,-12,96907,2,259942,-0,6655705,-0,002654806,0,9902614,-0,001197969,-0,1391898,0,0,0,0,0,0,0,0,0,0,0,0,0,0,0,0,0,0,0,0,0,0,1,1,1,False
5,755755,-12,96907,2,259942,-0,6655705,-0,002654806,0,9902614,-0,001197969,-0,1391898,0,0,0,0,0,0,0,0,0,0,0,0,0,0,0,0,0,0,0,0,0,0,1,1,1,False
5,768124,-12,96907,2,259942,-0,6655705,-0,002654806,0,9902614,-0,001197969,-0,1391898,0,0,0,0,0,0,0,0,0,0,0,0,0,0,0,0,0,0,0,0,0,0,1,1,1,False
5,781375,-12,96907,2,259942,-0,6655705,-0,002654806,0,9902614,-0,001197969,-0,1391898,0,0,0,0,0,0,0,0,0,0,0,0,0,0,0,0,0,0,0,0,0,0,1,1,1,False
5,795618,-12,96907,2,259942,-0,6655705,-0,002654806,0,9902614,-0,001197969,-0,1391898,0,0,0,0,0,0,0,0,0,0,0,0,0,0,0,0,0,0,0,0,0,0,1,1,1,False
5,808234,-12,96907,2,259942,-0,6655705,-0,002654806,0,9902614,-0,001197969,-0,1391898,0,0,0,0,0,0,0,0,0,0,0,0,0,0,0,0,0,0,0,0,0,0,1,1,1,False
5,822568,-12,96907,2,259942,-0,6655705,-0,002654806,0,9902614,-0,001197969,-0,1391898,0,0,0,0,0,0,0,0,0,0,0,0,0,0,0,0,0,0,0,0,0,0,1,1,1,False
5,836611,-12,96907,2,259942,-0,6655705,-0,002654806,0,9902614,-0,001197969,-0,1391898,0,0,0,0,0,0,0,0,0,0,0,0,0,0,0,0,0,0,0,0,0,0,1,1,1,False
5,849712,-12,96907,2,259942,-0,6655705,-0,002654806,0,9902614,-0,001197969,-0,1391898,0,0,0,0,0,0,0,0,0,0,0,0,0,0,0,0,0,0,0,0,0,0,1,1,1,False
5,863545,-12,96907,2,259942,-0,6655705,-0,002654806,0,9902614,-0,001197969,-0,1391898,0,0,0,0,0,0,0,0,0,0,0,0,0,0,0,0,0,0,0,0,0,0,1,1,1,False
5,877726,-12,96907,2,259942,-0,6655705,-0,002654806,0,9902614,-0,001197969,-0,1391898,0,0,0,0,0,0,0,0,0,0,0,0,0,0,0,0,0,0,0,0,0,0,1,1,1,False
5,890883,-12,96907,2,259942,-0,6655705,-0,002654806,0,9902614,-0,001197969,-0,1391898,0,0,0,0,0,0,0,0,0,0,0,0,0,0,0,0,0,0,0,0,0,0,1,1,1,False
5,904924,-12,96907,2,259942,-0,6655705,-0,002654806,0,9902614,-0,001197969,-0,1391898,0,0,0,0,0,0,0,0,0,0,0,0,0,0,0,0,0,0,0,0,0,0,1,1,1,False
5,918981,-12,96907,2,259942,-0,6655705,-0,002654806,0,9902614,-0,001197969,-0,1391898,0,0,0,0,0,0,0,0,0,0,0,0,0,0,0,0,0,0,0,0,0,0,1,1,1,False
5,932452,-12,96907,2,259942,-0,6655705,-0,002654806,0,9902614,-0,001197969,-0,1391898,0,0,0,0,0,0,0,0,0,0,0,0,0,0,0,0,0,0,0,0,0,0,1,1,1,False
5,946943,-12,96907,2,259942,-0,6655705,-0,002654806,0,9902614,-0,001197969,-0,1391898,0,0,0,0,0,0,0,0,0,0,0,0,0,0,0,0,0,0,0,0,0,0,1,1,1,False
5,961061,-12,96907,2,259942,-0,6655705,-0,002654806,0,9902614,-0,001197969,-0,1391898,0,0,0,0,0,0,0,0,0,0,0,0,0,0,0,0,0,0,0,0,0,0,1,1,1,False
5,975263,-12,96907,2,259942,-0,6655705,-0,002654806,0,9902614,-0,001197969,-0,1391898,0,0,0,0,0,0,0,0,0,0,0,0,0,0,0,0,0,0,0,0,0,0,1,1,1,False
5,988342,-12,96907,2,259942,-0,6655705,-0,002654806,0,9902614,-0,001197969,-0,1391898,0,0,0,0,0,0,0,0,0,0,0,0,0,0,0,0,0,0,0,0,0,0,1,1,1,False
6,002341,-12,96907,2,259942,-0,6655705,-0,002654806,0,9902614,-0,001197969,-0,1391898,0,0,0,0,0,0,0,0,0,0,0,0,0,0,0,0,0,0,0,0,0,0,1,1,1,False
6,016429,-12,96907,2,259942,-0,6655705,-0,002654806,0,9902614,-0,001197969,-0,1391898,0,0,0,0,0,0,0,0,0,0,0,0,0,0,0,0,0,0,0,0,0,0,1,1,1,False
6,028811,-12,96907,2,259942,-0,6655705,-0,002654806,0,9902614,-0,001197969,-0,1391898,0,0,0,0,0,0,0,0,0,0,0,0,0,0,0,0,0,0,0,0,0,0,1,1,1,False
6,043085,-12,96907,2,259942,-0,6655705,-0,002654806,0,9902614,-0,001197969,-0,1391898,0,0,0,0,0,0,0,0,0,0,0,0,0,0,0,0,0,0,0,0,0,0,1,1,1,False
6,056211,-12,96907,2,259942,-0,6655705,-0,002654806,0,9902614,-0,001197969,-0,1391898,0,0,0,0,0,0,0,0,0,0,0,0,0,0,0,0,0,0,0,0,0,0,1,1,1,False
6,068495,-12,96907,2,259942,-0,6655705,-0,002654806,0,9902614,-0,001197969,-0,1391898,0,0,0,0,0,0,0,0,0,0,0,0,0,0,0,0,0,0,0,0,0,0,1,1,1,False
6,082821,-12,96907,2,259942,-0,6655705,-0,002654806,0,9902614,-0,001197969,-0,1391898,0,0,0,0,0,0,0,0,0,0,0,0,0,0,0,0,0,0,0,0,0,0,1,1,1,False
6,098341,-12,98907,2,259942,-0,6555704,-0,002654806,0,9902614,-0,001197969,-0,1391898,0,0,0,0,0,0,0,0,0,0,0,0,0,0,0,0,0,0,0,0,0,0,1,1,1,False
6,111727,-13,00907,2,259942,-0,6555704,-0,002654806,0,9902614,-0,001197969,-0,1391898,0,0,0,0,0,0,0,0,0,0,0,0,0,0,0,0,0,0,0,0,0,0,1,1,1,False
6,126539,-13,03907,2,259942,-0,6455705,-0,002654806,0,9902614,-0,001197969,-0,1391898,0,0,0,0,0,0,0,0,0,0,0,0,0,0,0,0,0,0,0,0,0,0,1,1,1,False
6,147762,-13,05907,2,259942,-0,6355705,-0,002654806,0,9902614,-0,001197969,-0,1391898,0,0,0,0,0,0,0,0,0,0,0,0,0,0,0,0,0,0,0,0,0,0,1,1,1,False
6,161955,-13,07907,2,259942,-0,6355705,-0,002654806,0,9902614,-0,001197969,-0,1391898,0,0,0,0,0,0,0,0,0,0,0,0,0,0,0,0,0,0,0,0,0,0,1,1,1,False
6,17609,-13,09907,2,259942,-0,6255705,-0,002654806,0,9902614,-0,001197969,-0,1391898,0,0,0,0,0,0,0,0,0,0,0,0,0,0,0,0,0,0,0,0,0,0,1,1,1,False
6,189515,-13,11907,2,259942,-0,6255705,-0,002654806,0,9902614,-0,001197969,-0,1391898,0,0,0,0,0,0,0,0,0,0,0,0,0,0,0,0,0,0,0,0,0,0,1,1,1,False
6,203896,-13,13907,2,259942,-0,6155705,-0,002654806,0,9902614,-0,001197969,-0,1391898,0,0,0,0,0,0,0,0,0,0,0,0,0,0,0,0,0,0,0,0,0,0,1,1,1,False
6,218235,-13,16907,2,259942,-0,6055705,-0,002654806,0,9902614,-0,001197969,-0,1391898,0,0,0,0,0,0,0,0,0,0,0,0,0,0,0,0,0,0,0,0,0,0,1,1,1,False
6,23186,-13,18907,2,259942,-0,6055705,-0,002654806,0,9902614,-0,001197969,-0,1391898,0,0,0,0,0,0,0,0,0,0,0,0,0,0,0,0,0,0,0,0,0,0,1,1,1,False
6,246301,-13,20907,2,259942,-0,5955704,-0,002654806,0,9902614,-0,001197969,-0,1391898,0,0,0,0,0,0,0,0,0,0,0,0,0,0,0,0,0,0,0,0,0,0,1,1,1,False
6,260415,-13,22907,2,259942,-0,5955704,-0,002654806,0,9902614,-0,001197969,-0,1391898,0,0,0,0,0,0,0,0,0,0,0,0,0,0,0,0,0,0,0,0,0,0,1,1,1,False
6,2746,-13,24907,2,259942,-0,5855705,-0,002654806,0,9902614,-0,001197969,-0,1391898,0,0,0,0,0,0,0,0,0,0,0,0,0,0,0,0,0,0,0,0,0,0,1,1,1,False
6,288319,-13,25907,2,259942,-0,5855705,-0,002654806,0,9902614,-0,001197969,-0,1391898,0,0,0,0,0,0,0,0,0,0,0,0,0,0,0,0,0,0,0,0,0,0,1,1,1,False
6,309161,-13,25907,2,259942,-0,5855705,-0,002654806,0,9902614,-0,001197969,-0,1391898,0,0,0,0,0,0,0,0,0,0,0,0,0,0,0,0,0,0,0,0,0,0,1,1,1,False
6,323153,-13,25907,2,259942,-0,5855705,-0,002654806,0,9902614,-0,001197969,-0,1391898,0,0,0,0,0,0,0,0,0,0,0,0,0,0,0,0,0,0,0,0,0,0,1,1,1,False
6,336433,-13,25907,2,259942,-0,5855705,-0,002654806,0,9902614,-0,001197969,-0,1391898,0,0,0,0,0,0,0,0,0,0,0,0,0,0,0,0,0,0,0,0,0,0,1,1,1,False
6,350121,-13,27907,2,259942,-0,5755705,-0,002654806,0,9902614,-0,001197969,-0,1391898,0,0,0,0,0,0,0,0,0,0,0,0,0,0,0,0,0,0,0,0,0,0,1,1,1,False
6,36357,-13,27907,2,259942,-0,5755705,-0,002654806,0,9902614,-0,001197969,-0,1391898,0,0,0,0,0,0,0,0,0,0,0,0,0,0,0,0,0,0,0,0,0,0,1,1,1,False
6,377788,-13,29907,2,259942,-0,5755705,-0,002654806,0,9902614,-0,001197969,-0,1391898,0,0,0,0,0,0,0,0,0,0,0,0,0,0,0,0,0,0,0,0,0,0,1,1,1,False
6,391249,-13,31907,2,259942,-0,5655705,-0,002654806,0,9902614,-0,001197969,-0,1391898,0,0,0,0,0,0,0,0,0,0,0,0,0,0,0,0,0,0,0,0,0,0,1,1,1,False
6,404636,-13,31907,2,259942,-0,5655705,-0,002654806,0,9902614,-0,001197969,-0,1391898,0,0,0,0,0,0,0,0,0,0,0,0,0,0,0,0,0,0,0,0,0,0,1,1,1,False
6,419405,-13,31907,2,259942,-0,5655705,-0,002654806,0,9902614,-0,001197969,-0,1391898,0,0,0,0,0,0,0,0,0,0,0,0,0,0,0,0,0,0,0,0,0,0,1,1,1,False
6,432892,-13,31907,2,259942,-0,5655705,-0,002654806,0,9902614,-0,001197969,-0,1391898,0,0,0,0,0,0,0,0,0,0,0,0,0,0,0,0,0,0,0,0,0,0,1,1,1,False
6,446201,-13,31907,2,259942,-0,5655705,-0,002654806,0,9902614,-0,001197969,-0,1391898,0,0,0,0,0,0,0,0,0,0,0,0,0,0,0,0,0,0,0,0,0,0,1,1,1,False
6,46657,-13,31907,2,259942,-0,5655705,-0,002654806,0,9902614,-0,001197969,-0,1391898,0,0,0,0,0,0,0,0,0,0,0,0,0,0,0,0,0,0,0,0,0,0,1,1,1,False
6,480803,-13,31907,2,259942,-0,5655705,-0,002654806,0,9902614,-0,001197969,-0,1391898,0,0,0,0,0,0,0,0,0,0,0,0,0,0,0,0,0,0,0,0,0,0,1,1,1,False
6,49516,-13,31907,2,259942,-0,5655705,-0,002654806,0,9902614,-0,001197969,-0,1391898,0,0,0,0,0,0,0,0,0,0,0,0,0,0,0,0,0,0,0,0,0,0,1,1,1,False
6,508572,-13,31907,2,259942,-0,5655705,-0,002654806,0,9902614,-0,001197969,-0,1391898,0,0,0,0,0,0,0,0,0,0,0,0,0,0,0,0,0,0,0,0,0,0,1,1,1,False
6,522694,-13,31907,2,259942,-0,5655705,-0,002654806,0,9902614,-0,001197969,-0,1391898,0,0,0,0,0,0,0,0,0,0,0,0,0,0,0,0,0,0,0,0,0,0,1,1,1,False
6,536693,-13,31907,2,259942,-0,5655705,-0,002654806,0,9902614,-0,001197969,-0,1391898,0,0,0,0,0,0,0,0,0,0,0,0,0,0,0,0,0,0,0,0,0,0,1,1,1,False
6,550457,-13,31907,2,259942,-0,5655705,-0,002654806,0,9902614,-0,001197969,-0,1391898,0,0,0,0,0,0,0,0,0,0,0,0,0,0,0,0,0,0,0,0,0,0,1,1,1,False
6,564614,-13,31907,2,259942,-0,5655705,-0,002654806,0,9902614,-0,001197969,-0,1391898,0,0,0,0,0,0,0,0,0,0,0,0,0,0,0,0,0,0,0,0,0,0,1,1,1,False
6,578672,-13,31907,2,259942,-0,5655705,-0,002654806,0,9902614,-0,001197969,-0,1391898,0,0,0,0,0,0,0,0,0,0,0,0,0,0,0,0,0,0,0,0,0,0,1,1,1,False
6,591806,-13,31907,2,259942,-0,5655705,-0,002654806,0,9902614,-0,001197969,-0,1391898,0,0,0,0,0,0,0,0,0,0,0,0,0,0,0,0,0,0,0,0,0,0,1,1,1,False
6,608393,-13,31907,2,259942,-0,5655705,-0,002654806,0,9902614,-0,001197969,-0,1391898,0,0,0,0,0,0,0,0,0,0,0,0,0,0,0,0,0,0,0,0,0,0,1,1,1,False
6,622821,-13,31907,2,259942,-0,5655705,-0,002654806,0,9902614,-0,001197969,-0,1391898,0,0,0,0,0,0,0,0,0,0,0,0,0,0,0,0,0,0,0,0,0,0,1,1,1,False
6,637708,-13,31907,2,259942,-0,5655705,-0,002654806,0,9902614,-0,001197969,-0,1391898,0,0,0,0,0,0,0,0,0,0,0,0,0,0,0,0,0,0,0,0,0,0,1,1,1,False
6,651157,-13,31907,2,259942,-0,5655705,-0,002654806,0,9902614,-0,001197969,-0,1391898,0,0,0,0,0,0,0,0,0,0,0,0,0,0,0,0,0,0,0,0,0,0,1,1,1,False
6,665237,-13,31907,2,259942,-0,5655705,-0,002654806,0,9902614,-0,001197969,-0,1391898,0,0,0,0,0,0,0,0,0,0,0,0,0,0,0,0,0,0,0,0,0,0,1,1,1,False
6,679236,-13,31907,2,259942,-0,5655705,-0,002654806,0,9902614,-0,001197969,-0,1391898,0,0,0,0,0,0,0,0,0,0,0,0,0,0,0,0,0,0,0,0,0,0,1,1,1,False
6,692023,-13,31907,2,259942,-0,5655705,-0,002654806,0,9902614,-0,001197969,-0,1391898,0,0,0,0,0,0,0,0,0,0,0,0,0,0,0,0,0,0,0,0,0,0,1,1,1,False
6,70651,-13,31907,2,259942,-0,5655705,-0,002654806,0,9902614,-0,001197969,-0,1391898,0,0,0,0,0,0,0,0,0,0,0,0,0,0,0,0,0,0,0,0,0,0,1,1,1,False
6,720902,-13,31907,2,259942,-0,5655705,-0,002654806,0,9902614,-0,001197969,-0,1391898,0,0,0,0,0,0,0,0,0,0,0,0,0,0,0,0,0,0,0,0,0,0,1,1,1,False
6,735026,-13,31907,2,259942,-0,5655705,-0,002654806,0,9902614,-0,001197969,-0,1391898,0,0,0,0,0,0,0,0,0,0,0,0,0,0,0,0,0,0,0,0,0,0,1,1,1,False
6,747575,-13,31907,2,259942,-0,5655705,-0,002654806,0,9902614,-0,001197969,-0,1391898,0,0,0,0,0,0,0,0,0,0,0,0,0,0,0,0,0,0,0,0,0,0,1,1,1,False
6,762147,-13,31907,2,259942,-0,5655705,-0,002654806,0,9902614,-0,001197969,-0,1391898,0,0,0,0,0,0,0,0,0,0,0,0,0,0,0,0,0,0,0,0,0,0,1,1,1,False
6,775348,-13,31907,2,259942,-0,5655705,-0,002654806,0,9902614,-0,001197969,-0,1391898,0,0,0,0,0,0,0,0,0,0,0,0,0,0,0,0,0,0,0,0,0,0,1,1,1,False
6,787739,-13,31907,2,259942,-0,5655705,-0,002654806,0,9902614,-0,001197969,-0,1391898,0,0,0,0,0,0,0,0,0,0,0,0,0,0,0,0,0,0,0,0,0,0,1,1,1,False
6,80085,-13,31907,2,259942,-0,5655705,-0,002654806,0,9902614,-0,001197969,-0,1391898,0,0,0,0,0,0,0,0,0,0,0,0,0,0,0,0,0,0,0,0,0,0,1,1,1,False
6,815185,-13,31907,2,259942,-0,5655705,-0,002654806,0,9902614,-0,001197969,-0,1391898,0,0,0,0,0,0,0,0,0,0,0,0,0,0,0,0,0,0,0,0,0,0,1,1,1,False
6,82979,-13,31907,2,259942,-0,5655705,-0,002654806,0,9902614,-0,001197969,-0,1391898,0,0,0,0,0,0,0,0,0,0,0,0,0,0,0,0,0,0,0,0,0,0,1,1,1,False
6,847997,-13,31907,2,259942,-0,5655705,-0,002654806,0,9902614,-0,001197969,-0,1391898,0,0,0,0,0,0,0,0,0,0,0,0,0,0,0,0,0,0,0,0,0,0,1,1,1,False
6,864272,-13,31907,2,259942,-0,5655705,-0,002654806,0,9902614,-0,001197969,-0,1391898,0,0,0,0,0,0,0,0,0,0,0,0,0,0,0,0,0,0,0,0,0,0,1,1,1,False
6,883083,-13,31907,2,259942,-0,5655705,-0,002654806,0,9902614,-0,001197969,-0,1391898,0,0,0,0,0,0,0,0,0,0,0,0,0,0,0,0,0,0,0,0,0,0,1,1,1,False
6,901846,-13,31907,2,259942,-0,5655705,-0,002654806,0,9902614,-0,001197969,-0,1391898,0,0,0,0,0,0,0,0,0,0,0,0,0,0,0,0,0,0,0,0,0,0,1,1,1,False
6,918535,-13,31907,2,259942,-0,5655705,-0,002654806,0,9902614,-0,001197969,-0,1391898,0,0,0,0,0,0,0,0,0,0,0,0,0,0,0,0,0,0,0,0,0,0,1,1,1,False
6,935139,-13,31907,2,259942,-0,5655705,-0,002654806,0,9902614,-0,001197969,-0,1391898,0,0,0,0,0,0,0,0,0,0,0,0,0,0,0,0,0,0,0,0,0,0,1,1,1,False
6,966846,-13,31907,2,259942,-0,5655705,-0,002654806,0,9902614,-0,001197969,-0,1391898,0,0,0,0,0,0,0,0,0,0,0,0,0,0,0,0,0,0,0,0,0,0,1,1,1,False
6,999082,-13,31907,2,259942,-0,5655705,-0,002654806,0,9902614,-0,001197969,-0,1391898,0,0,0,0,0,0,0,0,0,0,0,0,0,0,0,0,0,0,0,0,0,0,1,1,1,False
7,01518,-13,31907,2,259942,-0,5655705,-0,002654806,0,9902614,-0,001197969,-0,1391898,0,0,0,0,0,0,0,0,0,0,0,0,0,0,0,0,0,0,0,0,0,0,1,1,1,False
7,03231,-13,31907,2,259942,-0,5655705,-0,002654806,0,9902614,-0,001197969,-0,1391898,0,0,0,0,0,0,0,0,0,0,0,0,0,0,0,0,0,0,0,0,0,0,1,1,1,False
7,047662,-13,31907,2,259942,-0,5655705,-0,002654806,0,9902614,-0,001197969,-0,1391898,0,0,0,0,0,0,0,0,0,0,0,0,0,0,0,0,0,0,0,0,0,0,1,1,1,False
7,062051,-13,31907,2,259942,-0,5655705,-0,002654806,0,9902614,-0,001197969,-0,1391898,0,0,0,0,0,0,0,0,0,0,0,0,0,0,0,0,0,0,0,0,0,0,1,1,1,False
7,077177,-13,31907,2,259942,-0,5655705,-0,002654806,0,9902614,-0,001197969,-0,1391898,0,0,0,0,0,0,0,0,0,0,0,0,0,0,0,0,0,0,0,0,0,0,1,1,1,False
7,091618,-13,31907,2,259942,-0,5655705,-0,002654806,0,9902614,-0,001197969,-0,1391898,0,0,0,0,0,0,0,0,0,0,0,0,0,0,0,0,0,0,0,0,0,0,1,1,1,False
7,108094,-13,31907,2,259942,-0,5655705,-0,002654806,0,9902614,-0,001197969,-0,1391898,0,0,0,0,0,0,0,0,0,0,0,0,0,0,0,0,0,0,0,0,0,0,1,1,1,False
7,127854,-13,31907,2,259942,-0,5655705,-0,002654806,0,9902614,-0,001197969,-0,1391898,0,0,0,0,0,0,0,0,0,0,0,0,0,0,0,0,0,0,0,0,0,0,1,1,1,False
7,146361,-13,31907,2,259942,-0,5655705,-0,002654806,0,9902614,-0,001197969,-0,1391898,0,0,0,0,0,0,0,0,0,0,0,0,0,0,0,0,0,0,0,0,0,0,1,1,1,False
7,162962,-13,31907,2,259942,-0,5655705,-0,002654806,0,9902614,-0,001197969,-0,1391898,0,0,0,0,0,0,0,0,0,0,0,0,0,0,0,0,0,0,0,0,0,0,1,1,1,False
7,181025,-13,31907,2,259942,-0,5655705,-0,002654806,0,9902614,-0,001197969,-0,1391898,0,0,0,0,0,0,0,0,0,0,0,0,0,0,0,0,0,0,0,0,0,0,1,1,1,False
7,197079,-13,31907,2,259942,-0,5655705,-0,002654806,0,9902614,-0,001197969,-0,1391898,0,0,0,0,0,0,0,0,0,0,0,0,0,0,0,0,0,0,0,0,0,0,1,1,1,False
7,212073,-13,31907,2,259942,-0,5655705,-0,002654806,0,9902614,-0,001197969,-0,1391898,0,0,0,0,0,0,0,0,0,0,0,0,0,0,0,0,0,0,0,0,0,0,1,1,1,False
7,226466,-13,31907,2,259942,-0,5655705,-0,002654806,0,9902614,-0,001197969,-0,1391898,0,0,0,0,0,0,0,0,0,0,0,0,0,0,0,0,0,0,0,0,0,0,1,1,1,False
7,240882,-13,31907,2,259942,-0,5655705,-0,002654806,0,9902614,-0,001197969,-0,1391898,0,0,0,0,0,0,0,0,0,0,0,0,0,0,0,0,0,0,0,0,0,0,1,1,1,False
7,254074,-13,31907,2,259942,-0,5655705,-0,002654806,0,9902614,-0,001197969,-0,1391898,0,0,0,0,0,0,0,0,0,0,0,0,0,0,0,0,0,0,0,0,0,0,1,1,1,False
7,266363,-13,31907,2,259942,-0,5655705,-0,002654806,0,9902614,-0,001197969,-0,1391898,0,0,0,0,0,0,0,0,0,0,0,0,0,0,0,0,0,0,0,0,0,0,1,1,1,False
7,280553,-13,31907,2,259942,-0,5655705,-0,002654806,0,9902614,-0,001197969,-0,1391898,0,0,0,0,0,0,0,0,0,0,0,0,0,0,0,0,0,0,0,0,0,0,1,1,1,False
7,296391,-13,31907,2,259942,-0,5655705,-0,002654806,0,9902614,-0,001197969,-0,1391898,0,0,0,0,0,0,0,0,0,0,0,0,0,0,0,0,0,0,0,0,0,0,1,1,1,False
7,308713,-13,31907,2,259942,-0,5655705,-0,002654806,0,9902614,-0,001197969,-0,1391898,0,0,0,0,0,0,0,0,0,0,0,0,0,0,0,0,0,0,0,0,0,0,1,1,1,False
7,323287,-13,31907,2,259942,-0,5655705,-0,002654806,0,9902614,-0,001197969,-0,1391898,0,0,0,0,0,0,0,0,0,0,0,0,0,0,0,0,0,0,0,0,0,0,1,1,1,False
7,337073,-13,31907,2,259942,-0,5655705,-0,002654806,0,9902614,-0,001197969,-0,1391898,0,0,0,0,0,0,0,0,0,0,0,0,0,0,0,0,0,0,0,0,0,0,1,1,1,False
7,352026,-13,31907,2,259942,-0,5655705,-0,002654806,0,9902614,-0,001197969,-0,1391898,0,0,0,0,0,0,0,0,0,0,0,0,0,0,0,0,0,0,0,0,0,0,1,1,1,False
7,366494,-13,31907,2,259942,-0,5655705,-0,002654806,0,9902614,-0,001197969,-0,1391898,0,0,0,0,0,0,0,0,0,0,0,0,0,0,0,0,0,0,0,0,0,0,1,1,1,False
7,38218,-13,31907,2,259942,-0,5655705,-0,002654806,0,9902614,-0,001197969,-0,1391898,0,0,0,0,0,0,0,0,0,0,0,0,0,0,0,0,0,0,0,0,0,0,1,1,1,False
7,396132,-13,31907,2,259942,-0,5655705,-0,002654806,0,9902614,-0,001197969,-0,1391898,0,0,0,0,0,0,0,0,0,0,0,0,0,0,0,0,0,0,0,0,0,0,1,1,1,False
7,409568,-13,31907,2,259942,-0,5655705,-0,002654806,0,9902614,-0,001197969,-0,1391898,0,0,0,0,0,0,0,0,0,0,0,0,0,0,0,0,0,0,0,0,0,0,1,1,1,False
7,423831,-13,31907,2,259942,-0,5655705,-0,002654806,0,9902614,-0,001197969,-0,1391898,0,0,0,0,0,0,0,0,0,0,0,0,0,0,0,0,0,0,0,0,0,0,1,1,1,False
7,438015,-13,31907,2,259942,-0,5655705,-0,002654806,0,9902614,-0,001197969,-0,1391898,0,0,0,0,0,0,0,0,0,0,0,0,0,0,0,0,0,0,0,0,0,0,1,1,1,False
7,451005,-13,31907,2,259942,-0,5655705,-0,002654806,0,9902614,-0,001197969,-0,1391898,0,0,0,0,0,0,0,0,0,0,0,0,0,0,0,0,0,0,0,0,0,0,1,1,1,False
7,464579,-13,31907,2,259942,-0,5655705,-0,002654806,0,9902614,-0,001197969,-0,1391898,0,0,0,0,0,0,0,0,0,0,0,0,0,0,0,0,0,0,0,0,0,0,1,1,1,False
7,478561,-13,31907,2,259942,-0,5655705,-0,002654806,0,9902614,-0,001197969,-0,1391898,0,0,0,0,0,0,0,0,0,0,0,0,0,0,0,0,0,0,0,0,0,0,1,1,1,False
7,491824,-13,31907,2,259942,-0,5655705,-0,002654806,0,9902614,-0,001197969,-0,1391898,0,0,0,0,0,0,0,0,0,0,0,0,0,0,0,0,0,0,0,0,0,0,1,1,1,False
7,506043,-13,31907,2,259942,-0,5655705,-0,002654806,0,9902614,-0,001197969,-0,1391898,0,0,0,0,0,0,0,0,0,0,0,0,0,0,0,0,0,0,0,0,0,0,1,1,1,False
7,520163,-13,31907,2,259942,-0,5655705,-0,002654806,0,9902614,-0,001197969,-0,1391898,0,0,0,0,0,0,0,0,0,0,0,0,0,0,0,0,0,0,0,0,0,0,1,1,1,False
7,535713,-13,31907,2,259942,-0,5655705,-0,002654806,0,9902614,-0,001197969,-0,1391898,0,0,0,0,0,0,0,0,0,0,0,0,0,0,0,0,0,0,0,0,0,0,1,1,1,False
7,549104,-13,31907,2,259942,-0,5655705,-0,002654806,0,9902614,-0,001197969,-0,1391898,0,0,0,0,0,0,0,0,0,0,0,0,0,0,0,0,0,0,0,0,0,0,1,1,1,False
7,562688,-13,31907,2,259942,-0,5655705,-0,002654806,0,9902614,-0,001197969,-0,1391898,0,0,0,0,0,0,0,0,0,0,0,0,0,0,0,0,0,0,0,0,0,0,1,1,1,False
7,576845,-13,31907,2,259942,-0,5655705,-0,002654806,0,9902614,-0,001197969,-0,1391898,0,0,0,0,0,0,0,0,0,0,0,0,0,0,0,0,0,0,0,0,0,0,1,1,1,False
7,58966,-13,31907,2,259942,-0,5655705,-0,002654806,0,9902614,-0,001197969,-0,1391898,0,0,0,0,0,0,0,0,0,0,0,0,0,0,0,0,0,0,0,0,0,0,1,1,1,False
7,603704,-13,31907,2,259942,-0,5655705,-0,002654806,0,9902614,-0,001197969,-0,1391898,0,0,0,0,0,0,0,0,0,0,0,0,0,0,0,0,0,0,0,0,0,0,1,1,1,False
7,618185,-13,31907,2,259942,-0,5655705,-0,002654806,0,9902614,-0,001197969,-0,1391898,0,0,0,0,0,0,0,0,0,0,0,0,0,0,0,0,0,0,0,0,0,0,1,1,1,False
7,635355,-13,31907,2,259942,-0,5655705,-0,002654806,0,9902614,-0,001197969,-0,1391898,0,0,0,0,0,0,0,0,0,0,0,0,0,0,0,0,0,0,0,0,0,0,1,1,1,False
7,650565,-13,31907,2,259942,-0,5655705,-0,002654806,0,9902614,-0,001197969,-0,1391898,0,0,0,0,0,0,0,0,0,0,0,0,0,0,0,0,0,0,0,0,0,0,1,1,1,False
7,665159,-13,31907,2,259942,-0,5655705,-0,002654806,0,9902614,-0,001197969,-0,1391898,0,0,0,0,0,0,0,0,0,0,0,0,0,0,0,0,0,0,0,0,0,0,1,1,1,False
7,679688,-13,31907,2,259942,-0,5655705,-0,002654806,0,9902614,-0,001197969,-0,1391898,0,0,0,0,0,0,0,0,0,0,0,0,0,0,0,0,0,0,0,0,0,0,1,1,1,False
7,693117,-13,31907,2,259942,-0,5655705,-0,002654806,0,9902614,-0,001197969,-0,1391898,0,0,0,0,0,0,0,0,0,0,0,0,0,0,0,0,0,0,0,0,0,0,1,1,1,False
7,707368,-13,31907,2,259942,-0,5655705,-0,002654806,0,9902614,-0,001197969,-0,1391898,0,0,0,0,0,0,0,0,0,0,0,0,0,0,0,0,0,0,0,0,0,0,1,1,1,False
7,722078,-13,31907,2,259942,-0,5655705,-0,002654806,0,9902614,-0,001197969,-0,1391898,0,0,0,0,0,0,0,0,0,0,0,0,0,0,0,0,0,0,0,0,0,0,1,1,1,False
7,735717,-13,31907,2,259942,-0,5655705,-0,002654806,0,9902614,-0,001197969,-0,1391898,0,0,0,0,0,0,0,0,0,0,0,0,0,0,0,0,0,0,0,0,0,0,1,1,1,False
7,748775,-13,31907,2,259942,-0,5655705,-0,002654806,0,9902614,-0,001197969,-0,1391898,0,0,0,0,0,0,0,0,0,0,0,0,0,0,0,0,0,0,0,0,0,0,1,1,1,False
7,763399,-13,31907,2,259942,-0,5655705,-0,002654806,0,9902614,-0,001197969,-0,1391898,0,0,0,0,0,0,0,0,0,0,0,0,0,0,0,0,0,0,0,0,0,0,1,1,1,False
7,779778,-13,31907,2,259942,-0,5655705,-0,002654806,0,9902614,-0,001197969,-0,1391898,0,0,0,0,0,0,0,0,0,0,0,0,0,0,0,0,0,0,0,0,0,0,1,1,1,False
7,793458,-13,31907,2,259942,-0,5655705,-0,002654806,0,9902614,-0,001197969,-0,1391898,0,0,0,0,0,0,0,0,0,0,0,0,0,0,0,0,0,0,0,0,0,0,1,1,1,False
7,806717,-13,31907,2,259942,-0,5655705,-0,002654806,0,9902614,-0,001197969,-0,1391898,0,0,0,0,0,0,0,0,0,0,0,0,0,0,0,0,0,0,0,0,0,0,1,1,1,False
7,819454,-13,31907,2,259942,-0,5655705,-0,002654806,0,9902614,-0,001197969,-0,1391898,0,0,0,0,0,0,0,0,0,0,0,0,0,0,0,0,0,0,0,0,0,0,1,1,1,False
7,83186,-13,31907,2,259942,-0,5655705,-0,002654806,0,9902614,-0,001197969,-0,1391898,0,0,0,0,0,0,0,0,0,0,0,0,0,0,0,0,0,0,0,0,0,0,1,1,1,False
7,844579,-13,31907,2,259942,-0,5655705,-0,002654806,0,9902614,-0,001197969,-0,1391898,0,0,0,0,0,0,0,0,0,0,0,0,0,0,0,0,0,0,0,0,0,0,1,1,1,False
7,857474,-13,31907,2,259942,-0,5655705,-0,002654806,0,9902614,-0,001197969,-0,1391898,0,0,0,0,0,0,0,0,0,0,0,0,0,0,0,0,0,0,0,0,0,0,1,1,1,False
7,870366,-13,31907,2,259942,-0,5655705,-0,002654806,0,9902614,-0,001197969,-0,1391898,0,0,0,0,0,0,0,0,0,0,0,0,0,0,0,0,0,0,0,0,0,0,1,1,1,False
7,88291,-13,31907,2,259942,-0,5655705,-0,002654806,0,9902614,-0,001197969,-0,1391898,0,0,0,0,0,0,0,0,0,0,0,0,0,0,0,0,0,0,0,0,0,0,1,1,1,False
7,895293,-13,31907,2,259942,-0,5655705,-0,002654806,0,9902614,-0,001197969,-0,1391898,0,0,0,0,0,0,0,0,0,0,0,0,0,0,0,0,0,0,0,0,0,0,1,1,1,False
7,906855,-13,31907,2,259942,-0,5655705,-0,002654806,0,9902614,-0,001197969,-0,1391898,0,0,0,0,0,0,0,0,0,0,0,0,0,0,0,0,0,0,0,0,0,0,1,1,1,False
7,919391,-13,31907,2,259942,-0,5655705,-0,002654806,0,9902614,-0,001197969,-0,1391898,0,0,0,0,0,0,0,0,0,0,0,0,0,0,0,0,0,0,0,0,0,0,1,1,1,False
7,930869,-13,31907,2,259942,-0,5655705,-0,002654806,0,9902614,-0,001197969,-0,1391898,0,0,0,0,0,0,0,0,0,0,0,0,0,0,0,0,0,0,0,0,0,0,1,1,1,False
8,047524,-13,31907,2,259942,-0,5655705,-0,002654806,0,9902614,-0,001197969,-0,1391898,0,0,0,0,0,0,0,0,0,0,0,0,0,0,0,0,0,0,0,0,0,0,1,1,1,False
8,217475,-13,31907,2,259942,-0,5655705,-0,002654806,0,9902614,-0,001197969,-0,1391898,0,0,0,0,0,0,0,0,0,0,0,0,0,0,0,0,0,0,0,0,0,0,1,1,1,False
8,252377,-13,31907,2,259942,-0,5655705,-0,002654806,0,9902614,-0,001197969,-0,1391898,0,0,0,0,0,0,0,0,0,0,0,0,0,0,0,0,0,0,0,0,0,0,1,1,1,False
8,296579,-13,31907,2,259942,-0,5655705,-0,002654806,0,9902614,-0,001197969,-0,1391898,0,0,0,0,0,0,0,0,0,0,0,0,0,0,0,0,0,0,0,0,0,0,1,1,1,False
8,347991,-13,31907,2,259942,-0,5655705,-0,002654806,0,9902614,-0,001197969,-0,1391898,0,0,0,0,0,0,0,0,0,0,0,0,0,0,0,0,0,0,0,0,0,0,1,1,1,False
8,375332,-13,31907,2,259942,-0,5655705,-0,002654806,0,9902614,-0,001197969,-0,1391898,0,0,0,0,0,0,0,0,0,0,0,0,0,0,0,0,0,0,0,0,0,0,1,1,1,False
8,401598,-13,31907,2,259942,-0,5655705,-0,002654806,0,9902614,-0,001197969,-0,1391898,0,0,0,0,0,0,0,0,0,0,0,0,0,0,0,0,0,0,0,0,0,0,1,1,1,False
8,416427,-13,31907,2,259942,-0,5655705,-0,002654806,0,9902614,-0,001197969,-0,1391898,0,0,0,0,0,0,0,0,0,0,0,0,0,0,0,0,0,0,0,0,0,0,1,1,1,False
8,430201,-13,31907,2,259942,-0,5655705,-0,002654806,0,9902614,-0,001197969,-0,1391898,0,0,0,0,0,0,0,0,0,0,0,0,0,0,0,0,0,0,0,0,0,0,1,1,1,False
8,444506,-13,31907,2,259942,-0,5655705,-0,002654806,0,9902614,-0,001197969,-0,1391898,0,0,0,0,0,0,0,0,0,0,0,0,0,0,0,0,0,0,0,0,0,0,1,1,1,False
8,459174,-13,31907,2,259942,-0,5655705,-0,002654806,0,9902614,-0,001197969,-0,1391898,0,0,0,0,0,0,0,0,0,0,0,0,0,0,0,0,0,0,0,0,0,0,1,1,1,False
8,472692,-13,31907,2,259942,-0,5655705,-0,002654806,0,9902614,-0,001197969,-0,1391898,0,0,0,0,0,0,0,0,0,0,0,0,0,0,0,0,0,0,0,0,0,0,1,1,1,False
8,487062,-13,31907,2,259942,-0,5655705,-0,002654806,0,9902614,-0,001197969,-0,1391898,0,0,0,0,0,0,0,0,0,0,0,0,0,0,0,0,0,0,0,0,0,0,1,1,1,False
8,501669,-13,31907,2,259942,-0,5655705,-0,002654806,0,9902614,-0,001197969,-0,1391898,0,0,0,0,0,0,0,0,0,0,0,0,0,0,0,0,0,0,0,0,0,0,1,1,1,False
8,516229,-13,31907,2,259942,-0,5655705,-0,002654806,0,9902614,-0,001197969,-0,1391898,0,0,0,0,0,0,0,0,0,0,0,0,0,0,0,0,0,0,0,0,0,0,1,1,1,False
8,529228,-13,31907,2,259942,-0,5655705,-0,002654806,0,9902614,-0,001197969,-0,1391898,0,0,0,0,0,0,0,0,0,0,0,0,0,0,0,0,0,0,0,0,0,0,1,1,1,False
8,553476,-13,31907,2,259942,-0,5655705,-0,002654806,0,9902614,-0,001197969,-0,1391898,0,0,0,0,0,0,0,0,0,0,0,0,0,0,0,0,0,0,0,0,0,0,1,1,1,False
8,566939,-13,31907,2,259942,-0,5655705,-0,002654806,0,9902614,-0,001197969,-0,1391898,0,0,0,0,0,0,0,0,0,0,0,0,0,0,0,0,0,0,0,0,0,0,1,1,1,False
8,580364,-13,31907,2,259942,-0,5655705,-0,002654806,0,9902614,-0,001197969,-0,1391898,0,0,0,0,0,0,0,0,0,0,0,0,0,0,0,0,0,0,0,0,0,0,1,1,1,False
8,593806,-13,31907,2,259942,-0,5655705,-0,002654806,0,9902614,-0,001197969,-0,1391898,0,0,0,0,0,0,0,0,0,0,0,0,0,0,0,0,0,0,0,0,0,0,1,1,1,False
8,606401,-13,31907,2,259942,-0,5655705,-0,002654806,0,9902614,-0,001197969,-0,1391898,0,0,0,0,0,0,0,0,0,0,0,0,0,0,0,0,0,0,0,0,0,0,1,1,1,False
8,619964,-13,31907,2,259942,-0,5655705,-0,002654806,0,9902614,-0,001197969,-0,1391898,0,0,0,0,0,0,0,0,0,0,0,0,0,0,0,0,0,0,0,0,0,0,1,1,1,False
8,633963,-13,31907,2,259942,-0,5655705,-0,002654806,0,9902614,-0,001197969,-0,1391898,0,0,0,0,0,0,0,0,0,0,0,0,0,0,0,0,0,0,0,0,0,0,1,1,1,False
8,647968,-13,31907,2,259942,-0,5655705,-0,002654806,0,9902614,-0,001197969,-0,1391898,0,0,0,0,0,0,0,0,0,0,0,0,0,0,0,0,0,0,0,0,0,0,1,1,1,False
8,661631,-13,31907,2,259942,-0,5655705,-0,002654806,0,9902614,-0,001197969,-0,1391898,0,0,0,0,0,0,0,0,0,0,0,0,0,0,0,0,0,0,0,0,0,0,1,1,1,False
8,675969,-13,31907,2,259942,-0,5655705,-0,002654806,0,9902614,-0,001197969,-0,1391898,0,0,0,0,0,0,0,0,0,0,0,0,0,0,0,0,0,0,0,0,0,0,1,1,1,False
8,689599,-13,31907,2,259942,-0,5655705,-0,002654806,0,9902614,-0,001197969,-0,1391898,0,0,0,0,0,0,0,0,0,0,0,0,0,0,0,0,0,0,0,0,0,0,1,1,1,False
8,714316,-13,31907,2,259942,-0,5655705,-0,002654806,0,9902614,-0,001197969,-0,1391898,0,0,0,0,0,0,0,0,0,0,0,0,0,0,0,0,0,0,0,0,0,0,1,1,1,False
8,734543,-13,31907,2,259942,-0,5655705,-0,002654806,0,9902614,-0,001197969,-0,1391898,0,0,0,0,0,0,0,0,0,0,0,0,0,0,0,0,0,0,0,0,0,0,1,1,1,False
8,752294,-13,31907,2,259942,-0,5655705,-0,002654806,0,9902614,-0,001197969,-0,1391898,0,0,0,0,0,0,0,0,0,0,0,0,0,0,0,0,0,0,0,0,0,0,1,1,1,False
8,771061,-13,31907,2,259942,-0,5655705,-0,002654806,0,9902614,-0,001197969,-0,1391898,0,0,0,0,0,0,0,0,0,0,0,0,0,0,0,0,0,0,0,0,0,0,1,1,1,False
8,791095,-13,31907,2,259942,-0,5655705,-0,002654806,0,9902614,-0,001197969,-0,1391898,0,0,0,0,0,0,0,0,0,0,0,0,0,0,0,0,0,0,0,0,0,0,1,1,1,False
8,811416,-13,31907,2,259942,-0,5655705,-0,002654806,0,9902614,-0,001197969,-0,1391898,0,0,0,0,0,0,0,0,0,0,0,0,0,0,0,0,0,0,0,0,0,0,1,1,1,False
8,833883,-13,31907,2,259942,-0,5655705,-0,002654806,0,9902614,-0,001197969,-0,1391898,0,0,0,0,0,0,0,0,0,0,0,0,0,0,0,0,0,0,0,0,0,0,1,1,1,False
8,856511,-13,31907,2,259942,-0,5655705,-0,002654806,0,9902614,-0,001197969,-0,1391898,0,0,0,0,0,0,0,0,0,0,0,0,0,0,0,0,0,0,0,0,0,0,1,1,1,False
8,891182,-13,31907,2,259942,-0,5655705,-0,002654806,0,9902614,-0,001197969,-0,1391898,0,0,0,0,0,0,0,0,0,0,0,0,0,0,0,0,0,0,0,0,0,0,1,1,1,False
8,911077,-13,31907,2,259942,-0,5655705,-0,002654806,0,9902614,-0,001197969,-0,1391898,0,0,0,0,0,0,0,0,0,0,0,0,0,0,0,0,0,0,0,0,0,0,1,1,1,False
8,929796,-13,31907,2,259942,-0,5655705,-0,002654806,0,9902614,-0,001197969,-0,1391898,0,0,0,0,0,0,0,0,0,0,0,0,0,0,0,0,0,0,0,0,0,0,1,1,1,False
8,963078,-13,31907,2,259942,-0,5655705,-0,002654806,0,9902614,-0,001197969,-0,1391898,0,0,0,0,0,0,0,0,0,0,0,0,0,0,0,0,0,0,0,0,0,0,1,1,1,False
9,003924,-13,31907,2,259942,-0,5655705,-0,002654806,0,9902614,-0,001197969,-0,1391898,0,0,0,0,0,0,0,0,0,0,0,0,0,0,0,0,0,0,0,0,0,0,1,1,1,False
9,033237,-13,31907,2,259942,-0,5655705,-0,002654806,0,9902614,-0,001197969,-0,1391898,0,0,0,0,0,0,0,0,0,0,0,0,0,0,0,0,0,0,0,0,0,0,1,1,1,False
9,049372,-13,31907,2,259942,-0,5655705,-0,002654806,0,9902614,-0,001197969,-0,1391898,0,0,0,0,0,0,0,0,0,0,0,0,0,0,0,0,0,0,0,0,0,0,1,1,1,False
9,064486,-13,31907,2,259942,-0,5655705,-0,002654806,0,9902614,-0,001197969,-0,1391898,0,0,0,0,0,0,0,0,0,0,0,0,0,0,0,0,0,0,0,0,0,0,1,1,1,False
9,079471,-13,31907,2,259942,-0,5655705,-0,002654806,0,9902614,-0,001197969,-0,1391898,0,0,0,0,0,0,0,0,0,0,0,0,0,0,0,0,0,0,0,0,0,0,1,1,1,False
9,093789,-13,31907,2,259942,-0,5655705,-0,002654806,0,9902614,-0,001197969,-0,1391898,0,0,0,0,0,0,0,0,0,0,0,0,0,0,0,0,0,0,0,0,0,0,1,1,1,False
9,10871,-13,31907,2,259942,-0,5655705,-0,002654806,0,9902614,-0,001197969,-0,1391898,0,0,0,0,0,0,0,0,0,0,0,0,0,0,0,0,0,0,0,0,0,0,1,1,1,False
9,123528,-13,31907,2,259942,-0,5655705,-0,002654806,0,9902614,-0,001197969,-0,1391898,0,0,0,0,0,0,0,0,0,0,0,0,0,0,0,0,0,0,0,0,0,0,1,1,1,False
9,138608,-13,31907,2,259942,-0,5655705,-0,002654806,0,9902614,-0,001197969,-0,1391898,0,0,0,0,0,0,0,0,0,0,0,0,0,0,0,0,0,0,0,0,0,0,1,1,1,False
9,152349,-13,31907,2,259942,-0,5655705,-0,002654806,0,9902614,-0,001197969,-0,1391898,0,0,0,0,0,0,0,0,0,0,0,0,0,0,0,0,0,0,0,0,0,0,1,1,1,False
9,167093,-13,31907,2,259942,-0,5655705,-0,002654806,0,9902614,-0,001197969,-0,1391898,0,0,0,0,0,0,0,0,0,0,0,0,0,0,0,0,0,0,0,0,0,0,1,1,1,False
9,192198,-13,31907,2,259942,-0,5655705,-0,002654806,0,9902614,-0,001197969,-0,1391898,0,0,0,0,0,0,0,0,0,0,0,0,0,0,0,0,0,0,0,0,0,0,1,1,1,False
9,207537,-13,31907,2,259942,-0,5655705,-0,002654806,0,9902614,-0,001197969,-0,1391898,0,0,0,0,0,0,0,0,0,0,0,0,0,0,0,0,0,0,0,0,0,0,1,1,1,False
9,224807,-13,31907,2,259942,-0,5655705,-0,002654806,0,9902614,-0,001197969,-0,1391898,0,0,0,0,0,0,0,0,0,0,0,0,0,0,0,0,0,0,0,0,0,0,1,1,1,False
9,242111,-13,31907,2,259942,-0,5655705,-0,002654806,0,9902614,-0,001197969,-0,1391898,0,0,0,0,0,0,0,0,0,0,0,0,0,0,0,0,0,0,0,0,0,0,1,1,1,False
9,261135,-13,31907,2,259942,-0,5655705,-0,002654806,0,9902614,-0,001197969,-0,1391898,0,0,0,0,0,0,0,0,0,0,0,0,0,0,0,0,0,0,0,0,0,0,1,1,1,False
9,277767,-13,31907,2,259942,-0,5655705,-0,002654806,0,9902614,-0,001197969,-0,1391898,0,0,0,0,0,0,0,0,0,0,0,0,0,0,0,0,0,0,0,0,0,0,1,1,1,False
9,291763,-13,31907,2,259942,-0,5655705,-0,002654806,0,9902614,-0,001197969,-0,1391898,0,0,0,0,0,0,0,0,0,0,0,0,0,0,0,0,0,0,0,0,0,0,1,1,1,False
9,3089,-13,31907,2,259942,-0,5655705,-0,002654806,0,9902614,-0,001197969,-0,1391898,0,0,0,0,0,0,0,0,0,0,0,0,0,0,0,0,0,0,0,0,0,0,1,1,1,False
9,32641,-13,31907,2,259942,-0,5655705,-0,002654806,0,9902614,-0,001197969,-0,1391898,0,0,0,0,0,0,0,0,0,0,0,0,0,0,0,0,0,0,0,0,0,0,1,1,1,False
9,351055,-13,31907,2,259942,-0,5655705,-0,002654806,0,9902614,-0,001197969,-0,1391898,0,0,0,0,0,0,0,0,0,0,0,0,0,0,0,0,0,0,0,0,0,0,1,1,1,False
9,364758,-13,31907,2,259942,-0,5655705,-0,002654806,0,9902614,-0,001197969,-0,1391898,0,0,0,0,0,0,0,0,0,0,0,0,0,0,0,0,0,0,0,0,0,0,1,1,1,False
9,378705,-13,31907,2,259942,-0,5655705,-0,002654806,0,9902614,-0,001197969,-0,1391898,0,0,0,0,0,0,0,0,0,0,0,0,0,0,0,0,0,0,0,0,0,0,1,1,1,False
9,391269,-13,31907,2,259942,-0,5655705,-0,002654806,0,9902614,-0,001197969,-0,1391898,0,0,0,0,0,0,0,0,0,0,0,0,0,0,0,0,0,0,0,0,0,0,1,1,1,False
9,404987,-13,31907,2,259942,-0,5655705,-0,002654806,0,9902614,-0,001197969,-0,1391898,0,0,0,0,0,0,0,0,0,0,0,0,0,0,0,0,0,0,0,0,0,0,1,1,1,False
9,418755,-13,31907,2,259942,-0,5655705,-0,002654806,0,9902614,-0,001197969,-0,1391898,0,0,0,0,0,0,0,0,0,0,0,0,0,0,0,0,0,0,0,0,0,0,1,1,1,False
9,431758,-13,31907,2,259942,-0,5655705,-0,002654806,0,9902614,-0,001197969,-0,1391898,0,0,0,0,0,0,0,0,0,0,0,0,0,0,0,0,0,0,0,0,0,0,1,1,1,False
9,445573,-13,31907,2,259942,-0,5655705,-0,002654806,0,9902614,-0,001197969,-0,1391898,0,0,0,0,0,0,0,0,0,0,0,0,0,0,0,0,0,0,0,0,0,0,1,1,1,False
9,459816,-13,31907,2,259942,-0,5655705,-0,002654806,0,9902614,-0,001197969,-0,1391898,0,0,0,0,0,0,0,0,0,0,0,0,0,0,0,0,0,0,0,0,0,0,1,1,1,False
9,475857,-13,31907,2,259942,-0,5655705,-0,002654806,0,9902614,-0,001197969,-0,1391898,0,0,0,0,0,0,0,0,0,0,0,0,0,0,0,0,0,0,0,0,0,0,1,1,1,False
9,492946,-13,31907,2,259942,-0,5655705,-0,002654806,0,9902614,-0,001197969,-0,1391898,0,0,0,0,0,0,0,0,0,0,0,0,0,0,0,0,0,0,0,0,0,0,1,1,1,False
9,520661,-13,31907,2,259942,-0,5655705,-0,002654806,0,9902614,-0,001197969,-0,1391898,0,0,0,0,0,0,0,0,0,0,0,0,0,0,0,0,0,0,0,0,0,0,1,1,1,False
9,537657,-13,31907,2,259942,-0,5655705,-0,002654806,0,9902614,-0,001197969,-0,1391898,0,0,0,0,0,0,0,0,0,0,0,0,0,0,0,0,0,0,0,0,0,0,1,1,1,False
9,55054,-13,31907,2,259942,-0,5655705,-0,002654806,0,9902614,-0,001197969,-0,1391898,0,0,0,0,0,0,0,0,0,0,0,0,0,0,0,0,0,0,0,0,0,0,1,1,1,False
9,564796,-13,31907,2,259942,-0,5655705,-0,002654806,0,9902614,-0,001197969,-0,1391898,0,0,0,0,0,0,0,0,0,0,0,0,0,0,0,0,0,0,0,0,0,0,1,1,1,False
9,57945,-13,31907,2,259942,-0,5655705,-0,002654806,0,9902614,-0,001197969,-0,1391898,0,0,0,0,0,0,0,0,0,0,0,0,0,0,0,0,0,0,0,0,0,0,1,1,1,False
9,59345,-13,31907,2,259942,-0,5655705,-0,002654806,0,9902614,-0,001197969,-0,1391898,0,0,0,0,0,0,0,0,0,0,0,0,0,0,0,0,0,0,0,0,0,0,1,1,1,False
9,608306,-13,31907,2,259942,-0,5655705,-0,002654806,0,9902614,-0,001197969,-0,1391898,0,0,0,0,0,0,0,0,0,0,0,0,0,0,0,0,0,0,0,0,0,0,1,1,1,False
9,623138,-13,31907,2,259942,-0,5655705,-0,002654806,0,9902614,-0,001197969,-0,1391898,0,0,0,0,0,0,0,0,0,0,0,0,0,0,0,0,0,0,0,0,0,0,1,1,1,False
9,638456,-13,31907,2,259942,-0,5655705,-0,002654806,0,9902614,-0,001197969,-0,1391898,0,0,0,0,0,0,0,0,0,0,0,0,0,0,0,0,0,0,0,0,0,0,1,1,1,False
9,651678,-13,31907,2,259942,-0,5655705,-0,002654806,0,9902614,-0,001197969,-0,1391898,0,0,0,0,0,0,0,0,0,0,0,0,0,0,0,0,0,0,0,0,0,0,1,1,1,False
9,676416,-13,31907,2,259942,-0,5655705,-0,002654806,0,9902614,-0,001197969,-0,1391898,0,0,0,0,0,0,0,0,0,0,0,0,0,0,0,0,0,0,0,0,0,0,1,1,1,False
9,69267,-13,31907,2,259942,-0,5655705,-0,002654806,0,9902614,-0,001197969,-0,1391898,0,0,0,0,0,0,0,0,0,0,0,0,0,0,0,0,0,0,0,0,0,0,1,1,1,False
9,710303,-13,31907,2,259942,-0,5655705,-0,002654806,0,9902614,-0,001197969,-0,1391898,0,0,0,0,0,0,0,0,0,0,0,0,0,0,0,0,0,0,0,0,0,0,1,1,1,False
9,726877,-13,31907,2,259942,-0,5655705,-0,002654806,0,9902614,-0,001197969,-0,1391898,0,0,0,0,0,0,0,0,0,0,0,0,0,0,0,0,0,0,0,0,0,0,1,1,1,False
9,743757,-13,31907,2,259942,-0,5655705,-0,002654806,0,9902614,-0,001197969,-0,1391898,0,0,0,0,0,0,0,0,0,0,0,0,0,0,0,0,0,0,0,0,0,0,1,1,1,False
9,760317,-13,31907,2,259942,-0,5655705,-0,002654806,0,9902614,-0,001197969,-0,1391898,0,0,0,0,0,0,0,0,0,0,0,0,0,0,0,0,0,0,0,0,0,0,1,1,1,False
9,777147,-13,31907,2,259942,-0,5655705,-0,002654806,0,9902614,-0,001197969,-0,1391898,0,0,0,0,0,0,0,0,0,0,0,0,0,0,0,0,0,0,0,0,0,0,1,1,1,False
9,792949,-13,31907,2,259942,-0,5655705,-0,002654806,0,9902614,-0,001197969,-0,1391898,0,0,0,0,0,0,0,0,0,0,0,0,0,0,0,0,0,0,0,0,0,0,1,1,1,False
9,809557,-13,31907,2,259942,-0,5655705,-0,002654806,0,9902614,-0,001197969,-0,1391898,0,0,0,0,0,0,0,0,0,0,0,0,0,0,0,0,0,0,0,0,0,0,1,1,1,False
9,836724,-13,31907,2,259942,-0,5655705,-0,002654806,0,9902614,-0,001197969,-0,1391898,0,0,0,0,0,0,0,0,0,0,0,0,0,0,0,0,0,0,0,0,0,0,1,1,1,False
9,853238,-13,31907,2,259942,-0,5655705,-0,002654806,0,9902614,-0,001197969,-0,1391898,0,0,0,0,0,0,0,0,0,0,0,0,0,0,0,0,0,0,0,0,0,0,1,1,1,False
9,86728,-13,31907,2,259942,-0,5655705,-0,002654806,0,9902614,-0,001197969,-0,1391898,0,0,0,0,0,0,0,0,0,0,0,0,0,0,0,0,0,0,0,0,0,0,1,1,1,False
9,880652,-13,31907,2,259942,-0,5655705,-0,002654806,0,9902614,-0,001197969,-0,1391898,0,0,0,0,0,0,0,0,0,0,0,0,0,0,0,0,0,0,0,0,0,0,1,1,1,False
9,894518,-13,31907,2,259942,-0,5655705,-0,002654806,0,9902614,-0,001197969,-0,1391898,0,0,0,0,0,0,0,0,0,0,0,0,0,0,0,0,0,0,0,0,0,0,1,1,1,False
9,90716,-13,31907,2,259942,-0,5655705,-0,002654806,0,9902614,-0,001197969,-0,1391898,0,0,0,0,0,0,0,0,0,0,0,0,0,0,0,0,0,0,0,0,0,0,1,1,1,False
9,92119,-13,31907,2,259942,-0,5655705,-0,002654806,0,9902614,-0,001197969,-0,1391898,0,0,0,0,0,0,0,0,0,0,0,0,0,0,0,0,0,0,0,0,0,0,1,1,1,False
9,935257,-13,31907,2,259942,-0,5655705,-0,002654806,0,9902614,-0,001197969,-0,1391898,0,0,0,0,0,0,0,0,0,0,0,0,0,0,0,0,0,0,0,0,0,0,1,1,1,False
9,948507,-13,31907,2,259942,-0,5655705,-0,002654806,0,9902614,-0,001197969,-0,1391898,0,0,0,0,0,0,0,0,0,0,0,0,0,0,0,0,0,0,0,0,0,0,1,1,1,False
9,962733,-13,31907,2,259942,-0,5655705,-0,002654806,0,9902614,-0,001197969,-0,1391898,0,0,0,0,0,0,0,0,0,0,0,0,0,0,0,0,0,0,0,0,0,0,1,1,1,False
9,987741,-13,31907,2,259942,-0,5655705,-0,002654806,0,9902614,-0,001197969,-0,1391898,0,0,0,0,0,0,0,0,0,0,0,0,0,0,0,0,0,0,0,0,0,0,1,1,1,False
10,00169,-13,31907,2,259942,-0,5655705,-0,002654806,0,9902614,-0,001197969,-0,1391898,0,0,0,0,0,0,0,0,0,0,0,0,0,0,0,0,0,0,0,0,0,0,1,1,1,False
10,01801,-13,31907,2,259942,-0,5655705,-0,002654806,0,9902614,-0,001197969,-0,1391898,0,0,0,0,0,0,0,0,0,0,0,0,0,0,0,0,0,0,0,0,0,0,1,1,1,False
10,03129,-13,31907,2,259942,-0,5655705,-0,002654806,0,9902614,-0,001197969,-0,1391898,0,0,0,0,0,0,0,0,0,0,0,0,0,0,0,0,0,0,0,0,0,0,1,1,1,False
10,04564,-13,31907,2,259942,-0,5655705,-0,002654806,0,9902614,-0,001197969,-0,1391898,0,0,0,0,0,0,0,0,0,0,0,0,0,0,0,0,0,0,0,0,0,0,1,1,1,False
10,06061,-13,31907,2,259942,-0,5655705,-0,002654806,0,9902614,-0,001197969,-0,1391898,0,0,0,0,0,0,0,0,0,0,0,0,0,0,0,0,0,0,0,0,0,0,1,1,1,False
10,07453,-13,31907,2,259942,-0,5655705,-0,002654806,0,9902614,-0,001197969,-0,1391898,0,0,0,0,0,0,0,0,0,0,0,0,0,0,0,0,0,0,0,0,0,0,1,1,1,False
10,08786,-13,31907,2,259942,-0,5655705,-0,002654806,0,9902614,-0,001197969,-0,1391898,0,0,0,0,0,0,0,0,0,0,0,0,0,0,0,0,0,0,0,0,0,0,1,1,1,False
10,10182,-13,31907,2,259942,-0,5655705,-0,002654806,0,9902614,-0,001197969,-0,1391898,0,0,0,0,0,0,0,0,0,0,0,0,0,0,0,0,0,0,0,0,0,0,1,1,1,False
10,11552,-13,31907,2,259942,-0,5655705,-0,002654806,0,9902614,-0,001197969,-0,1391898,0,0,0,0,0,0,0,0,0,0,0,0,0,0,0,0,0,0,0,0,0,0,1,1,1,False
10,1441,-13,31907,2,259942,-0,5655705,-0,002654806,0,9902614,-0,001197969,-0,1391898,0,0,0,0,0,0,0,0,0,0,0,0,0,0,0,0,0,0,0,0,0,0,1,1,1,False
10,16252,-13,31907,2,259942,-0,5655705,-0,002654806,0,9902614,-0,001197969,-0,1391898,0,0,0,0,0,0,0,0,0,0,0,0,0,0,0,0,0,0,0,0,0,0,1,1,1,False
10,17604,-13,31907,2,259942,-0,5655705,-0,002654806,0,9902614,-0,001197969,-0,1391898,0,0,0,0,0,0,0,0,0,0,0,0,0,0,0,0,0,0,0,0,0,0,1,1,1,False
10,18867,-13,31907,2,259942,-0,5655705,-0,002654806,0,9902614,-0,001197969,-0,1391898,0,0,0,0,0,0,0,0,0,0,0,0,0,0,0,0,0,0,0,0,0,0,1,1,1,False
10,22858,-13,31907,2,259942,-0,5655705,-0,002654806,0,9902614,-0,001197969,-0,1391898,0,0,0,0,0,0,0,0,0,0,0,0,0,0,0,0,0,0,0,0,0,0,1,1,1,False
10,27018,-13,31907,2,259942,-0,5655705,-0,002654806,0,9902614,-0,001197969,-0,1391898,0,0,0,0,0,0,0,0,0,0,0,0,0,0,0,0,0,0,0,0,0,0,1,1,1,False
10,29862,-13,31907,2,259942,-0,5655705,-0,002654806,0,9902614,-0,001197969,-0,1391898,0,0,0,0,0,0,0,0,0,0,0,0,0,0,0,0,0,0,0,0,0,0,1,1,1,False
10,32337,-13,31907,2,259942,-0,5655705,-0,002654806,0,9902614,-0,001197969,-0,1391898,0,0,0,0,0,0,0,0,0,0,0,0,0,0,0,0,0,0,0,0,0,0,1,1,1,False
10,34959,-13,31907,2,259942,-0,5655705,-0,002654806,0,9902614,-0,001197969,-0,1391898,0,0,0,0,0,0,0,0,0,0,0,0,0,0,0,0,0,0,0,0,0,0,1,1,1,False
10,36711,-13,31907,2,259942,-0,5655705,-0,002654806,0,9902614,-0,001197969,-0,1391898,0,0,0,0,0,0,0,0,0,0,0,0,0,0,0,0,0,0,0,0,0,0,1,1,1,False
10,385,-13,31907,2,259942,-0,5655705,-0,002654806,0,9902614,-0,001197969,-0,1391898,0,0,0,0,0,0,0,0,0,0,0,0,0,0,0,0,0,0,0,0,0,0,1,1,1,False
10,3994,-13,31907,2,259942,-0,5655705,-0,002654806,0,9902614,-0,001197969,-0,1391898,0,0,0,0,0,0,0,0,0,0,0,0,0,0,0,0,0,0,0,0,0,0,1,1,1,False
10,41297,-13,31907,2,259942,-0,5655705,-0,002654806,0,9902614,-0,001197969,-0,1391898,0,0,0,0,0,0,0,0,0,0,0,0,0,0,0,0,0,0,0,0,0,0,1,1,1,False
10,42695,-13,31907,2,259942,-0,5655705,-0,002654806,0,9902614,-0,001197969,-0,1391898,0,0,0,0,0,0,0,0,0,0,0,0,0,0,0,0,0,0,0,0,0,0,1,1,1,False
10,44105,-13,31907,2,259942,-0,5655705,-0,002654806,0,9902614,-0,001197969,-0,1391898,0,0,0,0,0,0,0,0,0,0,0,0,0,0,0,0,0,0,0,0,0,0,1,1,1,False
10,45555,-13,31907,2,259942,-0,5655705,-0,002654806,0,9902614,-0,001197969,-0,1391898,0,0,0,0,0,0,0,0,0,0,0,0,0,0,0,0,0,0,0,0,0,0,1,1,1,False
10,46902,-13,31907,2,259942,-0,5655705,-0,002654806,0,9902614,-0,001197969,-0,1391898,0,0,0,0,0,0,0,0,0,0,0,0,0,0,0,0,0,0,0,0,0,0,1,1,1,False
10,48362,-13,31907,2,259942,-0,5655705,-0,002654806,0,9902614,-0,001197969,-0,1391898,0,0,0,0,0,0,0,0,0,0,0,0,0,0,0,0,0,0,0,0,0,0,1,1,1,False
10,49771,-13,31907,2,259942,-0,5655705,-0,002654806,0,9902614,-0,001197969,-0,1391898,0,0,0,0,0,0,0,0,0,0,0,0,0,0,0,0,0,0,0,0,0,0,1,1,1,False
10,51103,-13,31907,2,259942,-0,5655705,-0,002654806,0,9902614,-0,001197969,-0,1391898,0,0,0,0,0,0,0,0,0,0,0,0,0,0,0,0,0,0,0,0,0,0,1,1,1,False
10,52506,-13,31907,2,259942,-0,5655705,-0,002654806,0,9902614,-0,001197969,-0,1391898,0,0,0,0,0,0,0,0,0,0,0,0,0,0,0,0,0,0,0,0,0,0,1,1,1,False
10,53915,-13,31907,2,259942,-0,5655705,-0,002654806,0,9902614,-0,001197969,-0,1391898,0,0,0,0,0,0,0,0,0,0,0,0,0,0,0,0,0,0,0,0,0,0,1,1,1,False
10,55324,-13,31907,2,259942,-0,5655705,-0,002654806,0,9902614,-0,001197969,-0,1391898,0,0,0,0,0,0,0,0,0,0,0,0,0,0,0,0,0,0,0,0,0,0,1,1,1,False
10,56727,-13,31907,2,259942,-0,5655705,-0,002654806,0,9902614,-0,001197969,-0,1391898,0,0,0,0,0,0,0,0,0,0,0,0,0,0,0,0,0,0,0,0,0,0,1,1,1,False
10,58052,-13,31907,2,259942,-0,5655705,-0,002654806,0,9902614,-0,001197969,-0,1391898,0,0,0,0,0,0,0,0,0,0,0,0,0,0,0,0,0,0,0,0,0,0,1,1,1,False
10,5946,-13,31907,2,259942,-0,5655705,-0,002654806,0,9902614,-0,001197969,-0,1391898,0,0,0,0,0,0,0,0,0,0,0,0,0,0,0,0,0,0,0,0,0,0,1,1,1,False
10,60803,-13,31907,2,259942,-0,5655705,-0,002654806,0,9902614,-0,001197969,-0,1391898,0,0,0,0,0,0,0,0,0,0,0,0,0,0,0,0,0,0,0,0,0,0,1,1,1,False
10,62181,-13,31907,2,259942,-0,5655705,-0,002654806,0,9902614,-0,001197969,-0,1391898,0,0,0,0,0,0,0,0,0,0,0,0,0,0,0,0,0,0,0,0,0,0,1,1,1,False
10,63589,-13,31907,2,259942,-0,5655705,-0,002654806,0,9902614,-0,001197969,-0,1391898,0,0,0,0,0,0,0,0,0,0,0,0,0,0,0,0,0,0,0,0,0,0,1,1,1,False
10,64938,-13,31907,2,259942,-0,5655705,-0,002654806,0,9902614,-0,001197969,-0,1391898,0,0,0,0,0,0,0,0,0,0,0,0,0,0,0,0,0,0,0,0,0,0,1,1,1,False
10,66364,-13,31907,2,259942,-0,5655705,-0,002654806,0,9902614,-0,001197969,-0,1391898,0,0,0,0,0,0,0,0,0,0,0,0,0,0,0,0,0,0,0,0,0,0,1,1,1,False
10,67752,-13,31907,2,259942,-0,5655705,-0,002654806,0,9902614,-0,001197969,-0,1391898,0,0,0,0,0,0,0,0,0,0,0,0,0,0,0,0,0,0,0,0,0,0,1,1,1,False
10,69063,-13,31907,2,259942,-0,5655705,-0,002654806,0,9902614,-0,001197969,-0,1391898,0,0,0,0,0,0,0,0,0,0,0,0,0,0,0,0,0,0,0,0,0,0,1,1,1,False
10,70459,-13,31907,2,259942,-0,5655705,-0,002654806,0,9902614,-0,001197969,-0,1391898,0,0,0,0,0,0,0,0,0,0,0,0,0,0,0,0,0,0,0,0,0,0,1,1,1,False
10,71865,-13,31907,2,259942,-0,5655705,-0,002654806,0,9902614,-0,001197969,-0,1391898,0,0,0,0,0,0,0,0,0,0,0,0,0,0,0,0,0,0,0,0,0,0,1,1,1,False
10,73188,-13,31907,2,259942,-0,5655705,-0,002654806,0,9902614,-0,001197969,-0,1391898,0,0,0,0,0,0,0,0,0,0,0,0,0,0,0,0,0,0,0,0,0,0,1,1,1,False
10,74684,-13,31907,2,259942,-0,5655705,-0,002654806,0,9902614,-0,001197969,-0,1391898,0,0,0,0,0,0,0,0,0,0,0,0,0,0,0,0,0,0,0,0,0,0,1,1,1,False
10,76032,-13,31907,2,259942,-0,5655705,-0,002654806,0,9902614,-0,001197969,-0,1391898,0,0,0,0,0,0,0,0,0,0,0,0,0,0,0,0,0,0,0,0,0,0,1,1,1,False
10,77366,-13,31907,2,259942,-0,5655705,-0,002654806,0,9902614,-0,001197969,-0,1391898,0,0,0,0,0,0,0,0,0,0,0,0,0,0,0,0,0,0,0,0,0,0,1,1,1,False
10,78627,-13,31907,2,259942,-0,5655705,-0,002654806,0,9902614,-0,001197969,-0,1391898,0,0,0,0,0,0,0,0,0,0,0,0,0,0,0,0,0,0,0,0,0,0,1,1,1,False
10,79958,-13,31907,2,259942,-0,5655705,-0,002654806,0,9902614,-0,001197969,-0,1391898,0,0,0,0,0,0,0,0,0,0,0,0,0,0,0,0,0,0,0,0,0,0,1,1,1,False
10,81198,-13,31907,2,259942,-0,5655705,-0,002654806,0,9902614,-0,001197969,-0,1391898,0,0,0,0,0,0,0,0,0,0,0,0,0,0,0,0,0,0,0,0,0,0,1,1,1,False
10,8263,-13,31907,2,259942,-0,5655705,-0,002654806,0,9902614,-0,001197969,-0,1391898,0,0,0,0,0,0,0,0,0,0,0,0,0,0,0,0,0,0,0,0,0,0,1,1,1,False
10,83955,-13,31907,2,259942,-0,5655705,-0,002654806,0,9902614,-0,001197969,-0,1391898,0,0,0,0,0,0,0,0,0,0,0,0,0,0,0,0,0,0,0,0,0,0,1,1,1,False
10,85328,-13,31907,2,259942,-0,5655705,-0,002654806,0,9902614,-0,001197969,-0,1391898,0,0,0,0,0,0,0,0,0,0,0,0,0,0,0,0,0,0,0,0,0,0,1,1,1,False
10,86664,-13,31907,2,259942,-0,5655705,-0,002654806,0,9902614,-0,001197969,-0,1391898,0,0,0,0,0,0,0,0,0,0,0,0,0,0,0,0,0,0,0,0,0,0,1,1,1,False
10,87999,-13,31907,2,259942,-0,5655705,-0,002654806,0,9902614,-0,001197969,-0,1391898,0,0,0,0,0,0,0,0,0,0,0,0,0,0,0,0,0,0,0,0,0,0,1,1,1,False
10,89483,-13,31907,2,259942,-0,5655705,-0,002654806,0,9902614,-0,001197969,-0,1391898,0,0,0,0,0,0,0,0,0,0,0,0,0,0,0,0,0,0,0,0,0,0,1,1,1,False
10,9103,-13,31907,2,259942,-0,5655705,-0,002654806,0,9902614,-0,001197969,-0,1391898,0,0,0,0,0,0,0,0,0,0,0,0,0,0,0,0,0,0,0,0,0,0,1,1,1,False
10,92355,-13,31907,2,259942,-0,5655705,-0,002654806,0,9902614,-0,001197969,-0,1391898,0,0,0,0,0,0,0,0,0,0,0,0,0,0,0,0,0,0,0,0,0,0,1,1,1,False
10,9368,-13,31907,2,259942,-0,5655705,-0,002654806,0,9902614,-0,001197969,-0,1391898,0,0,0,0,0,0,0,0,0,0,0,0,0,0,0,0,0,0,0,0,0,0,1,1,1,False
10,94935,-13,31907,2,259942,-0,5655705,-0,002654806,0,9902614,-0,001197969,-0,1391898,0,0,0,0,0,0,0,0,0,0,0,0,0,0,0,0,0,0,0,0,0,0,1,1,1,False
10,96315,-13,31907,2,259942,-0,5655705,-0,002654806,0,9902614,-0,001197969,-0,1391898,0,0,0,0,0,0,0,0,0,0,0,0,0,0,0,0,0,0,0,0,0,0,1,1,1,False
10,97656,-13,31907,2,259942,-0,5655705,-0,002654806,0,9902614,-0,001197969,-0,1391898,0,0,0,0,0,0,0,0,0,0,0,0,0,0,0,0,0,0,0,0,0,0,1,1,1,False
10,98909,-13,31907,2,259942,-0,5655705,-0,002654806,0,9902614,-0,001197969,-0,1391898,0,0,0,0,0,0,0,0,0,0,0,0,0,0,0,0,0,0,0,0,0,0,1,1,1,False
11,00317,-13,32907,2,259942,-0,5855705,-0,002654806,0,9902614,-0,001197969,-0,1391898,0,0,0,0,0,0,0,0,0,0,0,0,0,0,0,0,0,0,0,0,0,0,1,1,1,False
11,01829,-13,34907,2,259942,-0,6655705,-0,002654806,0,9902614,-0,001197969,-0,1391898,0,0,0,0,0,0,0,0,0,0,0,0,0,0,0,0,0,0,0,0,0,0,1,1,1,False
11,03193,-13,36907,2,259942,-0,7355705,-0,002654806,0,9902614,-0,001197969,-0,1391898,0,0,0,0,0,0,0,0,0,0,0,0,0,0,0,0,0,0,0,0,0,0,1,1,1,False
11,04682,-13,38907,2,259942,-0,8055705,-0,002654806,0,9902614,-0,001197969,-0,1391898,0,0,0,0,0,0,0,0,0,0,0,0,0,0,0,0,0,0,0,0,0,0,1,1,1,False
11,06834,-13,40907,2,259942,-0,8755705,-0,002654806,0,9902614,-0,001197969,-0,1391898,0,0,0,0,0,0,0,0,0,0,0,0,0,0,0,0,0,0,0,0,0,0,1,1,1,False
11,0832,-13,41907,2,259942,-0,8955705,-0,002654806,0,9902614,-0,001197969,-0,1391898,0,0,0,0,0,0,0,0,0,0,0,0,0,0,0,0,0,0,0,0,0,0,1,1,1,False
11,09831,-13,43907,2,259942,-0,9755705,-0,002654806,0,9902614,-0,001197969,-0,1391898,0,0,0,0,0,0,0,0,0,0,0,0,0,0,0,0,0,0,0,0,0,0,1,1,1,False
11,11241,-13,43907,2,259942,-0,9955705,-0,002654806,0,9902614,-0,001197969,-0,1391898,0,0,0,0,0,0,0,0,0,0,0,0,0,0,0,0,0,0,0,0,0,0,1,1,1,False
11,12716,-13,45907,2,259942,-1,06557,-0,002654806,0,9902614,-0,001197969,-0,1391898,0,0,0,0,0,0,0,0,0,0,0,0,0,0,0,0,0,0,0,0,0,0,1,1,1,False
11,14183,-13,48907,2,259942,-1,16557,-0,002654806,0,9902614,-0,001197969,-0,1391898,0,0,0,0,0,0,0,0,0,0,0,0,0,0,0,0,0,0,0,0,0,0,1,1,1,False
11,15697,-13,50907,2,259942,-1,23557,-0,002654806,0,9902614,-0,001197969,-0,1391898,0,0,0,0,0,0,0,0,0,0,0,0,0,0,0,0,0,0,0,0,0,0,1,1,1,False
11,17082,-13,51907,2,259942,-1,25557,-0,002654806,0,9902614,-0,001197969,-0,1391898,0,0,0,0,0,0,0,0,0,0,0,0,0,0,0,0,0,0,0,0,0,0,1,1,1,False
11,18542,-13,53907,2,259942,-1,32557,-0,002654806,0,9902614,-0,001197969,-0,1391898,0,0,0,0,0,0,0,0,0,0,0,0,0,0,0,0,0,0,0,0,0,0,1,1,1,False
11,19993,-13,54907,2,259942,-1,37557,-0,002654806,0,9902614,-0,001197969,-0,1391898,0,0,0,0,0,0,0,0,0,0,0,0,0,0,0,0,0,0,0,0,0,0,1,1,1,False
11,22048,-13,58907,2,259942,-1,51557,-0,002654806,0,9902614,-0,001197969,-0,1391898,0,0,0,0,0,0,0,0,0,0,0,0,0,0,0,0,0,0,0,0,0,0,1,1,1,False
11,23523,-13,60907,2,259942,-1,55557,-0,002654806,0,9902614,-0,001197969,-0,1391898,0,0,0,0,0,0,0,0,0,0,0,0,0,0,0,0,0,0,0,0,0,0,1,1,1,False
11,24958,-13,62907,2,259942,-1,65557,-0,002654806,0,9902614,-0,001197969,-0,1391898,0,0,0,0,0,0,0,0,0,0,0,0,0,0,0,0,0,0,0,0,0,0,1,1,1,False
11,26436,-13,65907,2,259942,-1,74557,-0,002654806,0,9902614,-0,001197969,-0,1391898,0,0,0,0,0,0,0,0,0,0,0,0,0,0,0,0,0,0,0,0,0,0,1,1,1,False
11,27888,-13,68907,2,259942,-1,84557,-0,002654806,0,9902614,-0,001197969,-0,1391898,0,0,0,0,0,0,0,0,0,0,0,0,0,0,0,0,0,0,0,0,0,0,1,1,1,False
11,29255,-13,70907,2,259942,-1,93557,-0,002654806,0,9902614,-0,001197969,-0,1391898,0,0,0,0,0,0,0,0,0,0,0,0,0,0,0,0,0,0,0,0,0,0,1,1,1,False
11,30712,-13,72907,2,259942,-1,98557,-0,002654806,0,9902614,-0,001197969,-0,1391898,0,0,0,0,0,0,0,0,0,0,0,0,0,0,0,0,0,0,0,0,0,0,1,1,1,False
11,32157,-13,75907,2,259942,-2,09557,-0,002654806,0,9902614,-0,001197969,-0,1391898,0,0,0,0,0,0,0,0,0,0,0,0,0,0,0,0,0,0,0,0,0,0,1,1,1,False
11,3361,-13,77907,2,249942,-2,16557,-0,002654806,0,9902614,-0,001197969,-0,1391898,0,0,0,0,0,0,0,0,0,0,0,0,0,0,0,0,0,0,0,0,0,0,1,1,1,False
11,35034,-13,79907,2,249942,-2,23557,-0,002654806,0,9902614,-0,001197969,-0,1391898,0,0,0,0,0,0,0,0,0,0,0,0,0,0,0,0,0,0,0,0,0,0,1,1,1,False
11,37257,-13,82907,2,249942,-2,33557,-0,002654806,0,9902614,-0,001197969,-0,1391898,0,0,0,0,0,0,0,0,0,0,0,0,0,0,0,0,0,0,0,0,0,0,1,1,1,False
11,38713,-13,82907,2,249942,-2,35557,-0,002654806,0,9902614,-0,001197969,-0,1391898,0,0,0,0,0,0,0,0,0,0,0,0,0,0,0,0,0,0,0,0,0,0,1,1,1,False
11,40151,-13,84907,2,249942,-2,405571,-0,002654806,0,9902614,-0,001197969,-0,1391898,0,0,0,0,0,0,0,0,0,0,0,0,0,0,0,0,0,0,0,0,0,0,1,1,1,False
11,41601,-13,85907,2,249942,-2,45557,-0,002654806,0,9902614,-0,001197969,-0,1391898,0,0,0,0,0,0,0,0,0,0,0,0,0,0,0,0,0,0,0,0,0,0,1,1,1,False
11,42996,-13,86907,2,249942,-2,49557,-0,002654806,0,9902614,-0,001197969,-0,1391898,0,0,0,0,0,0,0,0,0,0,0,0,0,0,0,0,0,0,0,0,0,0,1,1,1,False
11,44477,-13,87907,2,249942,-2,52557,-0,002654806,0,9902614,-0,001197969,-0,1391898,0,0,0,0,0,0,0,0,0,0,0,0,0,0,0,0,0,0,0,0,0,0,1,1,1,False
11,4598,-13,88907,2,249942,-2,56557,-0,002654806,0,9902614,-0,001197969,-0,1391898,0,0,0,0,0,0,0,0,0,0,0,0,0,0,0,0,0,0,0,0,0,0,1,1,1,False
11,47366,-13,89907,2,249942,-2,59557,-0,002654806,0,9902614,-0,001197969,-0,1391898,0,0,0,0,0,0,0,0,0,0,0,0,0,0,0,0,0,0,0,0,0,0,1,1,1,False
11,48839,-13,90907,2,249942,-2,61557,-0,002654806,0,9902614,-0,001197969,-0,1391898,0,0,0,0,0,0,0,0,0,0,0,0,0,0,0,0,0,0,0,0,0,0,1,1,1,False
11,50297,-13,90907,2,249942,-2,635571,-0,002654806,0,9902614,-0,001197969,-0,1391898,0,0,0,0,0,0,0,0,0,0,0,0,0,0,0,0,0,0,0,0,0,0,1,1,1,False
11,52417,-13,92907,2,249942,-2,68557,-0,002654806,0,9902614,-0,001197969,-0,1391898,0,0,0,0,0,0,0,0,0,0,0,0,0,0,0,0,0,0,0,0,0,0,1,1,1,False
11,53852,-13,93907,2,249942,-2,73557,-0,002654806,0,9902614,-0,001197969,-0,1391898,0,0,0,0,0,0,0,0,0,0,0,0,0,0,0,0,0,0,0,0,0,0,1,1,1,False
11,55212,-13,94907,2,249942,-2,77557,-0,002654806,0,9902614,-0,001197969,-0,1391898,0,0,0,0,0,0,0,0,0,0,0,0,0,0,0,0,0,0,0,0,0,0,1,1,1,False
11,56676,-13,96907,2,249942,-2,82557,-0,002654806,0,9902614,-0,001197969,-0,1391898,0,0,0,0,0,0,0,0,0,0,0,0,0,0,0,0,0,0,0,0,0,0,1,1,1,False
11,58126,-13,96907,2,249942,-2,84557,-0,002654806,0,9902614,-0,001197969,-0,1391898,0,0,0,0,0,0,0,0,0,0,0,0,0,0,0,0,0,0,0,0,0,0,1,1,1,False
11,59605,-13,97907,2,249942,-2,87557,-0,002654806,0,9902614,-0,001197969,-0,1391898,0,0,0,0,0,0,0,0,0,0,0,0,0,0,0,0,0,0,0,0,0,0,1,1,1,False
11,60983,-13,98907,2,249942,-2,895571,-0,002654806,0,9902614,-0,001197969,-0,1391898,0,0,0,0,0,0,0,0,0,0,0,0,0,0,0,0,0,0,0,0,0,0,1,1,1,False
11,62486,-13,98907,2,249942,-2,895571,-0,002654806,0,9902614,-0,001197969,-0,1391898,0,0,0,0,0,0,0,0,0,0,0,0,0,0,0,0,0,0,0,0,0,0,1,1,1,False
11,63941,-13,99907,2,249942,-2,91557,-0,002654806,0,9902614,-0,001197969,-0,1391898,0,0,0,0,0,0,0,0,0,0,0,0,0,0,0,0,0,0,0,0,0,0,1,1,1,False
11,65327,-14,00907,2,249942,-2,96557,-0,002654806,0,9902614,-0,001197969,-0,1391898,0,0,0,0,0,0,0,0,0,0,0,0,0,0,0,0,0,0,0,0,0,0,1,1,1,False
11,67478,-14,01907,2,249942,-3,01557,-0,002654806,0,9902614,-0,001197969,-0,1391898,0,0,0,0,0,0,0,0,0,0,0,0,0,0,0,0,0,0,0,0,0,0,1,1,1,False
11,689,-14,02907,2,249942,-3,03557,-0,002654806,0,9902614,-0,001197969,-0,1391898,0,0,0,0,0,0,0,0,0,0,0,0,0,0,0,0,0,0,0,0,0,0,1,1,1,False
11,70231,-14,02907,2,249942,-3,03557,-0,002654806,0,9902614,-0,001197969,-0,1391898,0,0,0,0,0,0,0,0,0,0,0,0,0,0,0,0,0,0,0,0,0,0,1,1,1,False
11,71591,-14,02907,2,249942,-3,03557,-0,002654806,0,9902614,-0,001197969,-0,1391898,0,0,0,0,0,0,0,0,0,0,0,0,0,0,0,0,0,0,0,0,0,0,1,1,1,False
11,72936,-14,03907,2,249942,-3,06557,-0,002654806,0,9902614,-0,001197969,-0,1391898,0,0,0,0,0,0,0,0,0,0,0,0,0,0,0,0,0,0,0,0,0,0,1,1,1,False
11,74264,-14,03907,2,249942,-3,06557,-0,002654806,0,9902614,-0,001197969,-0,1391898,0,0,0,0,0,0,0,0,0,0,0,0,0,0,0,0,0,0,0,0,0,0,1,1,1,False
11,75712,-14,04907,2,249942,-3,10557,-0,002654806,0,9902614,-0,001197969,-0,1391898,0,0,0,0,0,0,0,0,0,0,0,0,0,0,0,0,0,0,0,0,0,0,1,1,1,False
11,7699,-14,04907,2,249942,-3,10557,-0,002654806,0,9902614,-0,001197969,-0,1391898,0,0,0,0,0,0,0,0,0,0,0,0,0,0,0,0,0,0,0,0,0,0,1,1,1,False
11,7846,-14,05907,2,249942,-3,135571,-0,002654806,0,9902614,-0,001197969,-0,1391898,0,0,0,0,0,0,0,0,0,0,0,0,0,0,0,0,0,0,0,0,0,0,1,1,1,False
11,79801,-14,05907,2,249942,-3,135571,-0,002654806,0,9902614,-0,001197969,-0,1391898,0,0,0,0,0,0,0,0,0,0,0,0,0,0,0,0,0,0,0,0,0,0,1,1,1,False
11,81197,-14,05907,2,249942,-3,155571,-0,002654806,0,9902614,-0,001197969,-0,1391898,0,0,0,0,0,0,0,0,0,0,0,0,0,0,0,0,0,0,0,0,0,0,1,1,1,False
11,832,-14,05907,2,249942,-3,155571,-0,002654806,0,9902614,-0,001197969,-0,1391898,0,0,0,0,0,0,0,0,0,0,0,0,0,0,0,0,0,0,0,0,0,0,1,1,1,False
11,84592,-14,07907,2,249942,-3,20557,-0,002654806,0,9902614,-0,001197969,-0,1391898,0,0,0,0,0,0,0,0,0,0,0,0,0,0,0,0,0,0,0,0,0,0,1,1,1,False
11,86034,-14,07907,2,249942,-3,22557,-0,002654806,0,9902614,-0,001197969,-0,1391898,0,0,0,0,0,0,0,0,0,0,0,0,0,0,0,0,0,0,0,0,0,0,1,1,1,False
11,87595,-14,07907,2,249942,-3,22557,-0,002654806,0,9902614,-0,001197969,-0,1391898,0,0,0,0,0,0,0,0,0,0,0,0,0,0,0,0,0,0,0,0,0,0,1,1,1,False
11,88884,-14,07907,2,249942,-3,22557,-0,002654806,0,9902614,-0,001197969,-0,1391898,0,0,0,0,0,0,0,0,0,0,0,0,0,0,0,0,0,0,0,0,0,0,1,1,1,False
11,90293,-14,07907,2,249942,-3,22557,-0,002654806,0,9902614,-0,001197969,-0,1391898,0,0,0,0,0,0,0,0,0,0,0,0,0,0,0,0,0,0,0,0,0,0,1,1,1,False
11,91711,-14,07907,2,249942,-3,22557,-0,002654806,0,9902614,-0,001197969,-0,1391898,0,0,0,0,0,0,0,0,0,0,0,0,0,0,0,0,0,0,0,0,0,0,1,1,1,False
11,93,-14,07907,2,249942,-3,22557,-0,002654806,0,9902614,-0,001197969,-0,1391898,0,0,0,0,0,0,0,0,0,0,0,0,0,0,0,0,0,0,0,0,0,0,1,1,1,False
11,94388,-14,07907,2,249942,-3,22557,-0,002654806,0,9902614,-0,001197969,-0,1391898,0,0,0,0,0,0,0,0,0,0,0,0,0,0,0,0,0,0,0,0,0,0,1,1,1,False
11,958,-14,07907,2,249942,-3,22557,-0,002654806,0,9902614,-0,001197969,-0,1391898,0,0,0,0,0,0,0,0,0,0,0,0,0,0,0,0,0,0,0,0,0,0,1,1,1,False
11,97142,-14,07907,2,249942,-3,22557,-0,002654806,0,9902614,-0,001197969,-0,1391898,0,0,0,0,0,0,0,0,0,0,0,0,0,0,0,0,0,0,0,0,0,0,1,1,1,False
11,99252,-14,07907,2,249942,-3,22557,-0,002654806,0,9902614,-0,001197969,-0,1391898,0,0,0,0,0,0,0,0,0,0,0,0,0,0,0,0,0,0,0,0,0,0,1,1,1,False
12,0068,-14,07907,2,249942,-3,22557,-0,002654806,0,9902614,-0,001197969,-0,1391898,0,0,0,0,0,0,0,0,0,0,0,0,0,0,0,0,0,0,0,0,0,0,1,1,1,False
12,02074,-14,07907,2,249942,-3,22557,-0,002654806,0,9902614,-0,001197969,-0,1391898,0,0,0,0,0,0,0,0,0,0,0,0,0,0,0,0,0,0,0,0,0,0,1,1,1,False
12,03472,-14,07907,2,249942,-3,22557,-0,002654806,0,9902614,-0,001197969,-0,1391898,0,0,0,0,0,0,0,0,0,0,0,0,0,0,0,0,0,0,0,0,0,0,1,1,1,False
12,04774,-14,07907,2,249942,-3,22557,-0,002654806,0,9902614,-0,001197969,-0,1391898,0,0,0,0,0,0,0,0,0,0,0,0,0,0,0,0,0,0,0,0,0,0,1,1,1,False
12,06186,-14,07907,2,249942,-3,22557,-0,002654806,0,9902614,-0,001197969,-0,1391898,0,0,0,0,0,0,0,0,0,0,0,0,0,0,0,0,0,0,0,0,0,0,1,1,1,False
12,07567,-14,07907,2,249942,-3,22557,-0,002654806,0,9902614,-0,001197969,-0,1391898,0,0,0,0,0,0,0,0,0,0,0,0,0,0,0,0,0,0,0,0,0,0,1,1,1,False
12,09081,-14,07907,2,249942,-3,22557,-0,002654806,0,9902614,-0,001197969,-0,1391898,0,0,0,0,0,0,0,0,0,0,0,0,0,0,0,0,0,0,0,0,0,0,1,1,1,False
12,1047,-14,07907,2,249942,-3,22557,-0,002654806,0,9902614,-0,001197969,-0,1391898,0,0,0,0,0,0,0,0,0,0,0,0,0,0,0,0,0,0,0,0,0,0,1,1,1,False
12,11919,-14,07907,2,249942,-3,22557,-0,002654806,0,9902614,-0,001197969,-0,1391898,0,0,0,0,0,0,0,0,0,0,0,0,0,0,0,0,0,0,0,0,0,0,1,1,1,False
12,13313,-14,07907,2,249942,-3,22557,-0,002654806,0,9902614,-0,001197969,-0,1391898,0,0,0,0,0,0,0,0,0,0,0,0,0,0,0,0,0,0,0,0,0,0,1,1,1,False
12,14727,-14,07907,2,249942,-3,22557,-0,002654806,0,9902614,-0,001197969,-0,1391898,0,0,0,0,0,0,0,0,0,0,0,0,0,0,0,0,0,0,0,0,0,0,1,1,1,False
12,16062,-14,07907,2,249942,-3,22557,-0,002654806,0,9902614,-0,001197969,-0,1391898,0,0,0,0,0,0,0,0,0,0,0,0,0,0,0,0,0,0,0,0,0,0,1,1,1,False
12,17482,-14,07907,2,249942,-3,22557,-0,002654806,0,9902614,-0,001197969,-0,1391898,0,0,0,0,0,0,0,0,0,0,0,0,0,0,0,0,0,0,0,0,0,0,1,1,1,False
12,18758,-14,07907,2,249942,-3,22557,-0,002654806,0,9902614,-0,001197969,-0,1391898,0,0,0,0,0,0,0,0,0,0,0,0,0,0,0,0,0,0,0,0,0,0,1,1,1,False
12,20062,-14,07907,2,249942,-3,22557,-0,002654806,0,9902614,-0,001197969,-0,1391898,0,0,0,0,0,0,0,0,0,0,0,0,0,0,0,0,0,0,0,0,0,0,1,1,1,False
12,21376,-14,07907,2,249942,-3,22557,-0,002654806,0,9902614,-0,001197969,-0,1391898,0,0,0,0,0,0,0,0,0,0,0,0,0,0,0,0,0,0,0,0,0,0,1,1,1,False
12,22626,-14,07907,2,249942,-3,22557,-0,002654806,0,9902614,-0,001197969,-0,1391898,0,0,0,0,0,0,0,0,0,0,0,0,0,0,0,0,0,0,0,0,0,0,1,1,1,False
12,23946,-14,07907,2,249942,-3,22557,-0,002654806,0,9902614,-0,001197969,-0,1391898,0,0,0,0,0,0,0,0,0,0,0,0,0,0,0,0,0,0,0,0,0,0,1,1,1,False
12,25206,-14,07907,2,249942,-3,22557,-0,002654806,0,9902614,-0,001197969,-0,1391898,0,0,0,0,0,0,0,0,0,0,0,0,0,0,0,0,0,0,0,0,0,0,1,1,1,False
12,26552,-14,07907,2,249942,-3,22557,-0,002654806,0,9902614,-0,001197969,-0,1391898,0,0,0,0,0,0,0,0,0,0,0,0,0,0,0,0,0,0,0,0,0,0,1,1,1,False
12,2799,-14,07907,2,249942,-3,22557,-0,002654806,0,9902614,-0,001197969,-0,1391898,0,0,0,0,0,0,0,0,0,0,0,0,0,0,0,0,0,0,0,0,0,0,1,1,1,False
12,29377,-14,07907,2,249942,-3,22557,-0,002654806,0,9902614,-0,001197969,-0,1391898,0,0,0,0,0,0,0,0,0,0,0,0,0,0,0,0,0,0,0,0,0,0,1,1,1,False
12,3077,-14,07907,2,249942,-3,22557,-0,002654806,0,9902614,-0,001197969,-0,1391898,0,0,0,0,0,0,0,0,0,0,0,0,0,0,0,0,0,0,0,0,0,0,1,1,1,False
12,32183,-14,07907,2,249942,-3,22557,-0,002654806,0,9902614,-0,001197969,-0,1391898,0,0,0,0,0,0,0,0,0,0,0,0,0,0,0,0,0,0,0,0,0,0,1,1,1,False
12,33604,-14,07907,2,249942,-3,22557,-0,002654806,0,9902614,-0,001197969,-0,1391898,0,0,0,0,0,0,0,0,0,0,0,0,0,0,0,0,0,0,0,0,0,0,1,1,1,False
12,34996,-14,07907,2,249942,-3,22557,-0,002654806,0,9902614,-0,001197969,-0,1391898,0,0,0,0,0,0,0,0,0,0,0,0,0,0,0,0,0,0,0,0,0,0,1,1,1,False
12,36444,-14,07907,2,249942,-3,22557,-0,002654806,0,9902614,-0,001197969,-0,1391898,0,0,0,0,0,0,0,0,0,0,0,0,0,0,0,0,0,0,0,0,0,0,1,1,1,False
12,379,-14,07907,2,249942,-3,22557,-0,002654806,0,9902614,-0,001197969,-0,1391898,0,0,0,0,0,0,0,0,0,0,0,0,0,0,0,0,0,0,0,0,0,0,1,1,1,False
12,39262,-14,07907,2,249942,-3,22557,-0,002654806,0,9902614,-0,001197969,-0,1391898,0,0,0,0,0,0,0,0,0,0,0,0,0,0,0,0,0,0,0,0,0,0,1,1,1,False
12,40652,-14,07907,2,249942,-3,22557,-0,002654806,0,9902614,-0,001197969,-0,1391898,0,0,0,0,0,0,0,0,0,0,0,0,0,0,0,0,0,0,0,0,0,0,1,1,1,False
12,42065,-14,07907,2,249942,-3,22557,-0,002654806,0,9902614,-0,001197969,-0,1391898,0,0,0,0,0,0,0,0,0,0,0,0,0,0,0,0,0,0,0,0,0,0,1,1,1,False
12,43493,-14,07907,2,249942,-3,22557,-0,002654806,0,9902614,-0,001197969,-0,1391898,0,0,0,0,0,0,0,0,0,0,0,0,0,0,0,0,0,0,0,0,0,0,1,1,1,False
12,44805,-14,07907,2,249942,-3,22557,-0,002654806,0,9902614,-0,001197969,-0,1391898,0,0,0,0,0,0,0,0,0,0,0,0,0,0,0,0,0,0,0,0,0,0,1,1,1,False
12,46256,-14,07907,2,249942,-3,22557,-0,002654806,0,9902614,-0,001197969,-0,1391898,0,0,0,0,0,0,0,0,0,0,0,0,0,0,0,0,0,0,0,0,0,0,1,1,1,False
12,47695,-14,07907,2,249942,-3,22557,-0,002654806,0,9902614,-0,001197969,-0,1391898,0,0,0,0,0,0,0,0,0,0,0,0,0,0,0,0,0,0,0,0,0,0,1,1,1,False
12,49014,-14,07907,2,249942,-3,22557,-0,002654806,0,9902614,-0,001197969,-0,1391898,0,0,0,0,0,0,0,0,0,0,0,0,0,0,0,0,0,0,0,0,0,0,1,1,1,False
12,50401,-14,07907,2,249942,-3,22557,-0,002654806,0,9902614,-0,001197969,-0,1391898,0,0,0,0,0,0,0,0,0,0,0,0,0,0,0,0,0,0,0,0,0,0,1,1,1,False
12,51806,-14,07907,2,249942,-3,22557,-0,002654806,0,9902614,-0,001197969,-0,1391898,0,0,0,0,0,0,0,0,0,0,0,0,0,0,0,0,0,0,0,0,0,0,1,1,1,False
12,53107,-14,07907,2,249942,-3,22557,-0,002654806,0,9902614,-0,001197969,-0,1391898,0,0,0,0,0,0,0,0,0,0,0,0,0,0,0,0,0,0,0,0,0,0,1,1,1,False
12,54509,-14,07907,2,249942,-3,22557,-0,002654806,0,9902614,-0,001197969,-0,1391898,0,0,0,0,0,0,0,0,0,0,0,0,0,0,0,0,0,0,0,0,0,0,1,1,1,False
12,55918,-14,07907,2,249942,-3,22557,-0,002654806,0,9902614,-0,001197969,-0,1391898,0,0,0,0,0,0,0,0,0,0,0,0,0,0,0,0,0,0,0,0,0,0,1,1,1,False
12,57247,-14,07907,2,249942,-3,22557,-0,002654806,0,9902614,-0,001197969,-0,1391898,0,0,0,0,0,0,0,0,0,0,0,0,0,0,0,0,0,0,0,0,0,0,1,1,1,False
12,58697,-14,07907,2,249942,-3,22557,-0,002654806,0,9902614,-0,001197969,-0,1391898,0,0,0,0,0,0,0,0,0,0,0,0,0,0,0,0,0,0,0,0,0,0,1,1,1,False
12,60115,-14,07907,2,249942,-3,22557,-0,002654806,0,9902614,-0,001197969,-0,1391898,0,0,0,0,0,0,0,0,0,0,0,0,0,0,0,0,0,0,0,0,0,0,1,1,1,False
12,61501,-14,07907,2,249942,-3,22557,-0,002654806,0,9902614,-0,001197969,-0,1391898,0,0,0,0,0,0,0,0,0,0,0,0,0,0,0,0,0,0,0,0,0,0,1,1,1,False
12,62803,-14,07907,2,249942,-3,22557,-0,002654806,0,9902614,-0,001197969,-0,1391898,0,0,0,0,0,0,0,0,0,0,0,0,0,0,0,0,0,0,0,0,0,0,1,1,1,False
12,64114,-14,07907,2,249942,-3,22557,-0,002654806,0,9902614,-0,001197969,-0,1391898,0,0,0,0,0,0,0,0,0,0,0,0,0,0,0,0,0,0,0,0,0,0,1,1,1,False
12,65432,-14,07907,2,249942,-3,22557,-0,002654806,0,9902614,-0,001197969,-0,1391898,0,0,0,0,0,0,0,0,0,0,0,0,0,0,0,0,0,0,0,0,0,0,1,1,1,False
12,66695,-14,07907,2,249942,-3,22557,-0,002654806,0,9902614,-0,001197969,-0,1391898,0,0,0,0,0,0,0,0,0,0,0,0,0,0,0,0,0,0,0,0,0,0,1,1,1,False
12,68037,-14,07907,2,249942,-3,22557,-0,002654806,0,9902614,-0,001197969,-0,1391898,0,0,0,0,0,0,0,0,0,0,0,0,0,0,0,0,0,0,0,0,0,0,1,1,1,False
12,69359,-14,07907,2,249942,-3,22557,-0,002654806,0,9902614,-0,001197969,-0,1391898,0,0,0,0,0,0,0,0,0,0,0,0,0,0,0,0,0,0,0,0,0,0,1,1,1,False
12,70581,-14,07907,2,249942,-3,22557,-0,002654806,0,9902614,-0,001197969,-0,1391898,0,0,0,0,0,0,0,0,0,0,0,0,0,0,0,0,0,0,0,0,0,0,1,1,1,False
12,71911,-14,07907,2,249942,-3,22557,-0,002654806,0,9902614,-0,001197969,-0,1391898,0,0,0,0,0,0,0,0,0,0,0,0,0,0,0,0,0,0,0,0,0,0,1,1,1,False
12,73144,-14,07907,2,249942,-3,22557,-0,002654806,0,9902614,-0,001197969,-0,1391898,0,0,0,0,0,0,0,0,0,0,0,0,0,0,0,0,0,0,0,0,0,0,1,1,1,False
12,74459,-14,07907,2,249942,-3,22557,-0,002654806,0,9902614,-0,001197969,-0,1391898,0,0,0,0,0,0,0,0,0,0,0,0,0,0,0,0,0,0,0,0,0,0,1,1,1,False
12,75786,-14,07907,2,249942,-3,22557,-0,002654806,0,9902614,-0,001197969,-0,1391898,0,0,0,0,0,0,0,0,0,0,0,0,0,0,0,0,0,0,0,0,0,0,1,1,1,False
12,77029,-14,07907,2,249942,-3,22557,-0,002654806,0,9902614,-0,001197969,-0,1391898,0,0,0,0,0,0,0,0,0,0,0,0,0,0,0,0,0,0,0,0,0,0,1,1,1,False
12,78352,-14,07907,2,249942,-3,22557,-0,002654806,0,9902614,-0,001197969,-0,1391898,0,0,0,0,0,0,0,0,0,0,0,0,0,0,0,0,0,0,0,0,0,0,1,1,1,False
12,79871,-14,07907,2,249942,-3,22557,-0,002654806,0,9902614,-0,001197969,-0,1391898,0,0,0,0,0,0,0,0,0,0,0,0,0,0,0,0,0,0,0,0,0,0,1,1,1,False
12,81138,-14,07907,2,249942,-3,22557,-0,002654806,0,9902614,-0,001197969,-0,1391898,0,0,0,0,0,0,0,0,0,0,0,0,0,0,0,0,0,0,0,0,0,0,1,1,1,False
12,82491,-14,07907,2,249942,-3,22557,-0,002654806,0,9902614,-0,001197969,-0,1391898,0,0,0,0,0,0,0,0,0,0,0,0,0,0,0,0,0,0,0,0,0,0,1,1,1,False
12,83809,-14,07907,2,249942,-3,22557,-0,002654806,0,9902614,-0,001197969,-0,1391898,0,0,0,0,0,0,0,0,0,0,0,0,0,0,0,0,0,0,0,0,0,0,1,1,1,False
12,85049,-14,07907,2,249942,-3,22557,-0,002654806,0,9902614,-0,001197969,-0,1391898,0,0,0,0,0,0,0,0,0,0,0,0,0,0,0,0,0,0,0,0,0,0,1,1,1,False
12,86384,-14,07907,2,249942,-3,22557,-0,002654806,0,9902614,-0,001197969,-0,1391898,0,0,0,0,0,0,0,0,0,0,0,0,0,0,0,0,0,0,0,0,0,0,1,1,1,False
12,87824,-14,07907,2,199942,-3,22557,-0,002654806,0,9902614,-0,001197969,-0,1391898,0,0,0,0,0,0,0,0,0,0,0,0,0,0,0,0,0,0,0,0,0,0,1,1,1,False
12,89191,-14,07907,2,159942,-3,22557,-0,002654806,0,9902614,-0,001197969,-0,1391898,0,0,0,0,0,0,0,0,0,0,0,0,0,0,0,0,0,0,0,0,0,0,1,1,1,False
12,90626,-14,07907,2,049942,-3,22557,-0,002654806,0,9902614,-0,001197969,-0,1391898,0,0,0,0,0,0,0,0,0,0,0,0,0,0,0,0,0,0,0,0,0,0,1,1,1,False
12,9205,-14,07907,1,999942,-3,22557,-0,002654806,0,9902614,-0,001197969,-0,1391898,0,0,0,0,0,0,0,0,0,0,0,0,0,0,0,0,0,0,0,0,0,0,1,1,1,False
12,94144,-14,07907,1,889942,-3,22557,-0,002654806,0,9902614,-0,001197969,-0,1391898,0,0,0,0,0,0,0,0,0,0,0,0,0,0,0,0,0,0,0,0,0,0,1,1,1,False
12,95538,-14,07907,1,819942,-3,22557,-0,002654806,0,9902614,-0,001197969,-0,1391898,0,0,0,0,0,0,0,0,0,0,0,0,0,0,0,0,0,0,0,0,0,0,1,1,1,False
12,96884,-14,07907,1,769942,-3,22557,-0,002654806,0,9902614,-0,001197969,-0,1391898,0,0,0,0,0,0,0,0,0,0,0,0,0,0,0,0,0,0,0,0,0,0,1,1,1,False
12,98329,-14,07907,1,719942,-3,22557,-0,002654806,0,9902614,-0,001197969,-0,1391898,0,0,0,0,0,0,0,0,0,0,0,0,0,0,0,0,0,0,0,0,0,0,1,1,1,False
12,99741,-14,07907,1,649942,-3,22557,-0,002654806,0,9902614,-0,001197969,-0,1391898,0,0,0,0,0,0,0,0,0,0,0,0,0,0,0,0,0,0,0,0,0,0,1,1,1,False
13,01074,-14,07907,1,599942,-3,22557,-0,002654806,0,9902614,-0,001197969,-0,1391898,0,0,0,0,0,0,0,0,0,0,0,0,0,0,0,0,0,0,0,0,0,0,1,1,1,False
13,02382,-14,07907,1,599942,-3,22557,-0,002654806,0,9902614,-0,001197969,-0,1391898,0,0,0,0,0,0,0,0,0,0,0,0,0,0,0,0,0,0,0,0,0,0,1,1,1,False
13,0371,-14,07907,1,599942,-3,22557,-0,002654806,0,9902614,-0,001197969,-0,1391898,0,0,0,0,0,0,0,0,0,0,0,0,0,0,0,0,0,0,0,0,0,0,1,1,1,False
13,05038,-14,07907,1,549942,-3,22557,-0,002654806,0,9902614,-0,001197969,-0,1391898,0,0,0,0,0,0,0,0,0,0,0,0,0,0,0,0,0,0,0,0,0,0,1,1,1,False
13,06385,-14,07907,1,549942,-3,22557,-0,002654806,0,9902614,-0,001197969,-0,1391898,0,0,0,0,0,0,0,0,0,0,0,0,0,0,0,0,0,0,0,0,0,0,1,1,1,False
13,07732,-14,07907,1,549942,-3,22557,-0,002654806,0,9902614,-0,001197969,-0,1391898,0,0,0,0,0,0,0,0,0,0,0,0,0,0,0,0,0,0,0,0,0,0,1,1,1,False
13,09704,-14,07907,1,549942,-3,22557,-0,002654806,0,9902614,-0,001197969,-0,1391898,0,0,0,0,0,0,0,0,0,0,0,0,0,0,0,0,0,0,0,0,0,0,1,1,1,False
13,11018,-14,07907,1,549942,-3,22557,-0,002654806,0,9902614,-0,001197969,-0,1391898,0,0,0,0,0,0,0,0,0,0,0,0,0,0,0,0,0,0,0,0,0,0,1,1,1,False
13,1245,-14,07907,1,529942,-3,22557,-0,002654806,0,9902614,-0,001197969,-0,1391898,0,0,0,0,0,0,0,0,0,0,0,0,0,0,0,0,0,0,0,0,0,0,1,1,1,False
13,13873,-14,07907,1,479942,-3,22557,-0,002654806,0,9902614,-0,001197969,-0,1391898,0,0,0,0,0,0,0,0,0,0,0,0,0,0,0,0,0,0,0,0,0,0,1,1,1,False
13,15148,-14,07907,1,479942,-3,22557,-0,002654806,0,9902614,-0,001197969,-0,1391898,0,0,0,0,0,0,0,0,0,0,0,0,0,0,0,0,0,0,0,0,0,0,1,1,1,False
13,16491,-14,07907,1,479942,-3,22557,-0,002654806,0,9902614,-0,001197969,-0,1391898,0,0,0,0,0,0,0,0,0,0,0,0,0,0,0,0,0,0,0,0,0,0,1,1,1,False
13,17824,-14,07907,1,479942,-3,22557,-0,002654806,0,9902614,-0,001197969,-0,1391898,0,0,0,0,0,0,0,0,0,0,0,0,0,0,0,0,0,0,0,0,0,0,1,1,1,False
13,19162,-14,07907,1,429942,-3,22557,-0,002654806,0,9902614,-0,001197969,-0,1391898,0,0,0,0,0,0,0,0,0,0,0,0,0,0,0,0,0,0,0,0,0,0,1,1,1,False
13,20504,-14,07907,1,429942,-3,22557,-0,002654806,0,9902614,-0,001197969,-0,1391898,0,0,0,0,0,0,0,0,0,0,0,0,0,0,0,0,0,0,0,0,0,0,1,1,1,False
13,21918,-14,07907,1,379942,-3,22557,-0,002654806,0,9902614,-0,001197969,-0,1391898,0,0,0,0,0,0,0,0,0,0,0,0,0,0,0,0,0,0,0,0,0,0,1,1,1,False
13,23181,-14,07907,1,379942,-3,22557,-0,002654806,0,9902614,-0,001197969,-0,1391898,0,0,0,0,0,0,0,0,0,0,0,0,0,0,0,0,0,0,0,0,0,0,1,1,1,False
13,2519,-14,07907,1,379942,-3,22557,-0,002654806,0,9902614,-0,001197969,-0,1391898,0,0,0,0,0,0,0,0,0,0,0,0,0,0,0,0,0,0,0,0,0,0,1,1,1,False
13,26552,-14,07907,1,379942,-3,22557,-0,002654806,0,9902614,-0,001197969,-0,1391898,0,0,0,0,0,0,0,0,0,0,0,0,0,0,0,0,0,0,0,0,0,0,1,1,1,False
13,279,-14,07907,1,379942,-3,22557,-0,002654806,0,9902614,-0,001197969,-0,1391898,0,0,0,0,0,0,0,0,0,0,0,0,0,0,0,0,0,0,0,0,0,0,1,1,1,False
13,29142,-14,07907,1,379942,-3,22557,-0,002654806,0,9902614,-0,001197969,-0,1391898,0,0,0,0,0,0,0,0,0,0,0,0,0,0,0,0,0,0,0,0,0,0,1,1,1,False
13,30496,-14,07907,1,379942,-3,22557,-0,002654806,0,9902614,-0,001197969,-0,1391898,0,0,0,0,0,0,0,0,0,0,0,0,0,0,0,0,0,0,0,0,0,0,1,1,1,False
13,31838,-14,07907,1,379942,-3,22557,-0,002654806,0,9902614,-0,001197969,-0,1391898,0,0,0,0,0,0,0,0,0,0,0,0,0,0,0,0,0,0,0,0,0,0,1,1,1,False
13,33058,-14,07907,1,379942,-3,22557,-0,002654806,0,9902614,-0,001197969,-0,1391898,0,0,0,0,0,0,0,0,0,0,0,0,0,0,0,0,0,0,0,0,0,0,1,1,1,False
13,344,-14,07907,1,379942,-3,22557,-0,002654806,0,9902614,-0,001197969,-0,1391898,0,0,0,0,0,0,0,0,0,0,0,0,0,0,0,0,0,0,0,0,0,0,1,1,1,False
13,35731,-14,07907,1,379942,-3,22557,-0,002654806,0,9902614,-0,001197969,-0,1391898,0,0,0,0,0,0,0,0,0,0,0,0,0,0,0,0,0,0,0,0,0,0,1,1,1,False
13,3708,-14,07907,1,429942,-3,22557,-0,002654806,0,9902614,-0,001197969,-0,1391898,0,0,0,0,0,0,0,0,0,0,0,0,0,0,0,0,0,0,0,0,0,0,1,1,1,False
13,38557,-14,07907,1,479942,-3,22557,-0,002654806,0,9902614,-0,001197969,-0,1391898,0,0,0,0,0,0,0,0,0,0,0,0,0,0,0,0,0,0,0,0,0,0,1,1,1,False
13,40695,-14,07907,1,569942,-3,22557,-0,002654806,0,9902614,-0,001197969,-0,1391898,0,0,0,0,0,0,0,0,0,0,0,0,0,0,0,0,0,0,0,0,0,0,1,1,1,False
13,42104,-14,07907,1,619942,-3,22557,-0,002654806,0,9902614,-0,001197969,-0,1391898,0,0,0,0,0,0,0,0,0,0,0,0,0,0,0,0,0,0,0,0,0,0,1,1,1,False
13,43505,-14,07907,1,719942,-3,22557,-0,002654806,0,9902614,-0,001197969,-0,1391898,0,0,0,0,0,0,0,0,0,0,0,0,0,0,0,0,0,0,0,0,0,0,1,1,1,False
13,44762,-14,07907,1,719942,-3,22557,-0,002654806,0,9902614,-0,001197969,-0,1391898,0,0,0,0,0,0,0,0,0,0,0,0,0,0,0,0,0,0,0,0,0,0,1,1,1,False
13,46153,-14,07907,1,749942,-3,22557,-0,002654806,0,9902614,-0,001197969,-0,1391898,0,0,0,0,0,0,0,0,0,0,0,0,0,0,0,0,0,0,0,0,0,0,1,1,1,False
13,47572,-14,07907,1,799942,-3,22557,-0,002654806,0,9902614,-0,001197969,-0,1391898,0,0,0,0,0,0,0,0,0,0,0,0,0,0,0,0,0,0,0,0,0,0,1,1,1,False
13,48794,-14,07907,1,799942,-3,22557,-0,002654806,0,9902614,-0,001197969,-0,1391898,0,0,0,0,0,0,0,0,0,0,0,0,0,0,0,0,0,0,0,0,0,0,1,1,1,False
13,50141,-14,07907,1,799942,-3,22557,-0,002654806,0,9902614,-0,001197969,-0,1391898,0,0,0,0,0,0,0,0,0,0,0,0,0,0,0,0,0,0,0,0,0,0,1,1,1,False
13,51446,-14,07907,1,799942,-3,22557,-0,002654806,0,9902614,-0,001197969,-0,1391898,0,0,0,0,0,0,0,0,0,0,0,0,0,0,0,0,0,0,0,0,0,0,1,1,1,False
13,52702,-14,07907,1,799942,-3,22557,-0,002654806,0,9902614,-0,001197969,-0,1391898,0,0,0,0,0,0,0,0,0,0,0,0,0,0,0,0,0,0,0,0,0,0,1,1,1,False
13,54013,-14,07907,1,799942,-3,22557,-0,002654806,0,9902614,-0,001197969,-0,1391898,0,0,0,0,0,0,0,0,0,0,0,0,0,0,0,0,0,0,0,0,0,0,1,1,1,False
13,56033,-14,07907,1,799942,-3,22557,-0,002654806,0,9902614,-0,001197969,-0,1391898,0,0,0,0,0,0,0,0,0,0,0,0,0,0,0,0,0,0,0,0,0,0,1,1,1,False
13,57366,-14,07907,1,799942,-3,22557,-0,002654806,0,9902614,-0,001197969,-0,1391898,0,0,0,0,0,0,0,0,0,0,0,0,0,0,0,0,0,0,0,0,0,0,1,1,1,False
13,58596,-14,07907,1,799942,-3,22557,-0,002654806,0,9902614,-0,001197969,-0,1391898,0,0,0,0,0,0,0,0,0,0,0,0,0,0,0,0,0,0,0,0,0,0,1,1,1,False
13,59907,-14,07907,1,799942,-3,22557,-0,002654806,0,9902614,-0,001197969,-0,1391898,0,0,0,0,0,0,0,0,0,0,0,0,0,0,0,0,0,0,0,0,0,0,1,1,1,False
13,61135,-14,07907,1,799942,-3,22557,-0,002654806,0,9902614,-0,001197969,-0,1391898,0,0,0,0,0,0,0,0,0,0,0,0,0,0,0,0,0,0,0,0,0,0,1,1,1,False
13,62428,-14,07907,1,799942,-3,22557,-0,002654806,0,9902614,-0,001197969,-0,1391898,0,0,0,0,0,0,0,0,0,0,0,0,0,0,0,0,0,0,0,0,0,0,1,1,1,False
13,63729,-14,07907,1,799942,-3,22557,-0,002654806,0,9902614,-0,001197969,-0,1391898,0,0,0,0,0,0,0,0,0,0,0,0,0,0,0,0,0,0,0,0,0,0,1,1,1,False
13,64953,-14,07907,1,799942,-3,22557,-0,002654806,0,9902614,-0,001197969,-0,1391898,0,0,0,0,0,0,0,0,0,0,0,0,0,0,0,0,0,0,0,0,0,0,1,1,1,False
13,66262,-14,07907,1,799942,-3,22557,-0,002654806,0,9902614,-0,001197969,-0,1391898,0,0,0,0,0,0,0,0,0,0,0,0,0,0,0,0,0,0,0,0,0,0,1,1,1,False
13,67594,-14,07907,1,799942,-3,22557,-0,002654806,0,9902614,-0,001197969,-0,1391898,0,0,0,0,0,0,0,0,0,0,0,0,0,0,0,0,0,0,0,0,0,0,1,1,1,False
13,69155,-14,07907,1,749942,-3,22557,-0,002654806,0,9902614,-0,001197969,-0,1391898,0,0,0,0,0,0,0,0,0,0,0,0,0,0,0,0,0,0,0,0,0,0,1,1,1,False
13,70603,-14,07907,1,699942,-3,22557,-0,002654806,0,9902614,-0,001197969,-0,1391898,0,0,0,0,0,0,0,0,0,0,0,0,0,0,0,0,0,0,0,0,0,0,1,1,1,False
13,72031,-14,07907,1,699942,-3,22557,-0,002654806,0,9902614,-0,001197969,-0,1391898,0,0,0,0,0,0,0,0,0,0,0,0,0,0,0,0,0,0,0,0,0,0,1,1,1,False
13,73522,-14,07907,1,649942,-3,22557,-0,002654806,0,9902614,-0,001197969,-0,1391898,0,0,0,0,0,0,0,0,0,0,0,0,0,0,0,0,0,0,0,0,0,0,1,1,1,False
13,74875,-14,07907,1,649942,-3,22557,-0,002654806,0,9902614,-0,001197969,-0,1391898,0,0,0,0,0,0,0,0,0,0,0,0,0,0,0,0,0,0,0,0,0,0,1,1,1,False
13,76213,-14,07907,1,649942,-3,22557,-0,002654806,0,9902614,-0,001197969,-0,1391898,0,0,0,0,0,0,0,0,0,0,0,0,0,0,0,0,0,0,0,0,0,0,1,1,1,False
13,77554,-14,07907,1,649942,-3,22557,-0,002654806,0,9902614,-0,001197969,-0,1391898,0,0,0,0,0,0,0,0,0,0,0,0,0,0,0,0,0,0,0,0,0,0,1,1,1,False
13,78801,-14,07907,1,649942,-3,22557,-0,002654806,0,9902614,-0,001197969,-0,1391898,0,0,0,0,0,0,0,0,0,0,0,0,0,0,0,0,0,0,0,0,0,0,1,1,1,False
13,80158,-14,07907,1,649942,-3,22557,-0,002654806,0,9902614,-0,001197969,-0,1391898,0,0,0,0,0,0,0,0,0,0,0,0,0,0,0,0,0,0,0,0,0,0,1,1,1,False
13,81516,-14,07907,1,649942,-3,22557,-0,002654806,0,9902614,-0,001197969,-0,1391898,0,0,0,0,0,0,0,0,0,0,0,0,0,0,0,0,0,0,0,0,0,0,1,1,1,False
13,82755,-14,07907,1,649942,-3,22557,-0,002654806,0,9902614,-0,001197969,-0,1391898,0,0,0,0,0,0,0,0,0,0,0,0,0,0,0,0,0,0,0,0,0,0,1,1,1,False
13,84129,-14,07907,1,649942,-3,22557,-0,002654806,0,9902614,-0,001197969,-0,1391898,0,0,0,0,0,0,0,0,0,0,0,0,0,0,0,0,0,0,0,0,0,0,1,1,1,False
13,85472,-14,07907,1,649942,-3,22557,-0,002654806,0,9902614,-0,001197969,-0,1391898,0,0,0,0,0,0,0,0,0,0,0,0,0,0,0,0,0,0,0,0,0,0,1,1,1,False
13,87434,-14,07907,1,649942,-3,22557,-0,002654806,0,9902614,-0,001197969,-0,1391898,0,0,0,0,0,0,0,0,0,0,0,0,0,0,0,0,0,0,0,0,0,0,1,1,1,False
13,88953,-14,07907,1,649942,-3,22557,-0,002654806,0,9902614,-0,001197969,-0,1391898,0,0,0,0,0,0,0,0,0,0,0,0,0,0,0,0,0,0,0,0,0,0,1,1,1,False
13,9029,-14,07907,1,649942,-3,22557,-0,002654806,0,9902614,-0,001197969,-0,1391898,0,0,0,0,0,0,0,0,0,0,0,0,0,0,0,0,0,0,0,0,0,0,1,1,1,False
13,91697,-14,07907,1,649942,-3,22557,-0,002654806,0,9902614,-0,001197969,-0,1391898,0,0,0,0,0,0,0,0,0,0,0,0,0,0,0,0,0,0,0,0,0,0,1,1,1,False
13,92987,-14,07907,1,649942,-3,22557,-0,002654806,0,9902614,-0,001197969,-0,1391898,0,0,0,0,0,0,0,0,0,0,0,0,0,0,0,0,0,0,0,0,0,0,1,1,1,False
13,94371,-14,07907,1,649942,-3,22557,-0,002654806,0,9902614,-0,001197969,-0,1391898,0,0,0,0,0,0,0,0,0,0,0,0,0,0,0,0,0,0,0,0,0,0,1,1,1,False
13,95963,-14,07907,1,649942,-3,22557,-0,002654806,0,9902614,-0,001197969,-0,1391898,0,0,0,0,0,0,0,0,0,0,0,0,0,0,0,0,0,0,0,0,0,0,1,1,1,False
13,97287,-14,07907,1,649942,-3,22557,-0,002654806,0,9902614,-0,001197969,-0,1391898,0,0,0,0,0,0,0,0,0,0,0,0,0,0,0,0,0,0,0,0,0,0,1,1,1,False
13,98747,-14,07907,1,649942,-3,22557,-0,002654806,0,9902614,-0,001197969,-0,1391898,0,0,0,0,0,0,0,0,0,0,0,0,0,0,0,0,0,0,0,0,0,0,1,1,1,False
14,00153,-14,07907,1,649942,-3,22557,-0,002654806,0,9902614,-0,001197969,-0,1391898,0,0,0,0,0,0,0,0,0,0,0,0,0,0,0,0,0,0,0,0,0,0,1,1,1,False
14,01554,-14,07907,1,649942,-3,22557,-0,002654806,0,9902614,-0,001197969,-0,1391898,0,0,0,0,0,0,0,0,0,0,0,0,0,0,0,0,0,0,0,0,0,0,1,1,1,False
14,02852,-14,07907,1,649942,-3,22557,-0,002654806,0,9902614,-0,001197969,-0,1391898,0,0,0,0,0,0,0,0,0,0,0,0,0,0,0,0,0,0,0,0,0,0,1,1,1,False
14,04254,-14,07907,1,649942,-3,22557,-0,002654806,0,9902614,-0,001197969,-0,1391898,0,0,0,0,0,0,0,0,0,0,0,0,0,0,0,0,0,0,0,0,0,0,1,1,1,False
14,05678,-14,07907,1,649942,-3,22557,-0,002654806,0,9902614,-0,001197969,-0,1391898,0,0,0,0,0,0,0,0,0,0,0,0,0,0,0,0,0,0,0,0,0,0,1,1,1,False
14,06995,-14,07907,1,649942,-3,22557,-0,002654806,0,9902614,-0,001197969,-0,1391898,0,0,0,0,0,0,0,0,0,0,0,0,0,0,0,0,0,0,0,0,0,0,1,1,1,False
14,08417,-14,07907,1,649942,-3,22557,-0,002654806,0,9902614,-0,001197969,-0,1391898,0,0,0,0,0,0,0,0,0,0,0,0,0,0,0,0,0,0,0,0,0,0,1,1,1,False
14,09848,-14,07907,1,649942,-3,22557,-0,002654806,0,9902614,-0,001197969,-0,1391898,0,0,0,0,0,0,0,0,0,0,0,0,0,0,0,0,0,0,0,0,0,0,1,1,1,False
14,11085,-14,07907,1,649942,-3,22557,-0,002654806,0,9902614,-0,001197969,-0,1391898,0,0,0,0,0,0,0,0,0,0,0,0,0,0,0,0,0,0,0,0,0,0,1,1,1,False
14,12485,-14,07907,1,649942,-3,22557,-0,002654806,0,9902614,-0,001197969,-0,1391898,0,0,0,0,0,0,0,0,0,0,0,0,0,0,0,0,0,0,0,0,0,0,1,1,1,False
14,13885,-14,07907,1,649942,-3,22557,-0,002654806,0,9902614,-0,001197969,-0,1391898,0,0,0,0,0,0,0,0,0,0,0,0,0,0,0,0,0,0,0,0,0,0,1,1,1,False
14,15204,-14,07907,1,649942,-3,22557,-0,002654806,0,9902614,-0,001197969,-0,1391898,0,0,0,0,0,0,0,0,0,0,0,0,0,0,0,0,0,0,0,0,0,0,1,1,1,False
14,16628,-14,07907,1,649942,-3,22557,-0,002654806,0,9902614,-0,001197969,-0,1391898,0,0,0,0,0,0,0,0,0,0,0,0,0,0,0,0,0,0,0,0,0,0,1,1,1,False
14,18076,-14,07907,1,649942,-3,22557,-0,002654806,0,9902614,-0,001197969,-0,1391898,0,0,0,0,0,0,0,0,0,0,0,0,0,0,0,0,0,0,0,0,0,0,1,1,1,False
14,19506,-14,07907,1,649942,-3,22557,-0,002654806,0,9902614,-0,001197969,-0,1391898,0,0,0,0,0,0,0,0,0,0,0,0,0,0,0,0,0,0,0,0,0,0,1,1,1,False
14,2086,-14,07907,1,649942,-3,22557,-0,002654806,0,9902614,-0,001197969,-0,1391898,0,0,0,0,0,0,0,0,0,0,0,0,0,0,0,0,0,0,0,0,0,0,1,1,1,False
14,22267,-14,07907,1,649942,-3,22557,-0,002654806,0,9902614,-0,001197969,-0,1391898,0,0,0,0,0,0,0,0,0,0,0,0,0,0,0,0,0,0,0,0,0,0,1,1,1,False
14,23646,-14,07907,1,649942,-3,22557,-0,002654806,0,9902614,-0,001197969,-0,1391898,0,0,0,0,0,0,0,0,0,0,0,0,0,0,0,0,0,0,0,0,0,0,1,1,1,False
14,24979,-14,07907,1,649942,-3,22557,-0,002654806,0,9902614,-0,001197969,-0,1391898,0,0,0,0,0,0,0,0,0,0,0,0,0,0,0,0,0,0,0,0,0,0,1,1,1,False
14,26393,-14,07907,1,649942,-3,22557,-0,002654806,0,9902614,-0,001197969,-0,1391898,0,0,0,0,0,0,0,0,0,0,0,0,0,0,0,0,0,0,0,0,0,0,1,1,1,False
14,27811,-14,07907,1,649942,-3,22557,-0,002654806,0,9902614,-0,001197969,-0,1391898,0,0,0,0,0,0,0,0,0,0,0,0,0,0,0,0,0,0,0,0,0,0,1,1,1,False
14,29162,-14,07907,1,649942,-3,22557,-0,002654806,0,9902614,-0,001197969,-0,1391898,0,0,0,0,0,0,0,0,0,0,0,0,0,0,0,0,0,0,0,0,0,0,1,1,1,False
14,30569,-14,07907,1,649942,-3,22557,-0,002654806,0,9902614,-0,001197969,-0,1391898,0,0,0,0,0,0,0,0,0,0,0,0,0,0,0,0,0,0,0,0,0,0,1,1,1,False
14,31981,-14,07907,1,649942,-3,22557,-0,002654806,0,9902614,-0,001197969,-0,1391898,0,0,0,0,0,0,0,0,0,0,0,0,0,0,0,0,0,0,0,0,0,0,1,1,1,False
14,33284,-14,07907,1,649942,-3,22557,-0,002654806,0,9902614,-0,001197969,-0,1391898,0,0,0,0,0,0,0,0,0,0,0,0,0,0,0,0,0,0,0,0,0,0,1,1,1,False
14,34682,-14,07907,1,649942,-3,22557,-0,002654806,0,9902614,-0,001197969,-0,1391898,0,0,0,0,0,0,0,0,0,0,0,0,0,0,0,0,0,0,0,0,0,0,1,1,1,False
14,36093,-14,07907,1,649942,-3,22557,-0,002654806,0,9902614,-0,001197969,-0,1391898,0,0,0,0,0,0,0,0,0,0,0,0,0,0,0,0,0,0,0,0,0,0,1,1,1,False
14,37394,-14,07907,1,649942,-3,22557,-0,002654806,0,9902614,-0,001197969,-0,1391898,0,0,0,0,0,0,0,0,0,0,0,0,0,0,0,0,0,0,0,0,0,0,1,1,1,False
14,38758,-14,07907,1,649942,-3,22557,-0,002654806,0,9902614,-0,001197969,-0,1391898,0,0,0,0,0,0,0,0,0,0,0,0,0,0,0,0,0,0,0,0,0,0,1,1,1,False
14,40164,-14,07907,1,649942,-3,22557,-0,002654806,0,9902614,-0,001197969,-0,1391898,0,0,0,0,0,0,0,0,0,0,0,0,0,0,0,0,0,0,0,0,0,0,1,1,1,False
14,41501,-14,07907,1,649942,-3,22557,-0,002654806,0,9902614,-0,001197969,-0,1391898,0,0,0,0,0,0,0,0,0,0,0,0,0,0,0,0,0,0,0,0,0,0,1,1,1,False
14,42846,-14,07907,1,649942,-3,22557,-0,002654806,0,9902614,-0,001197969,-0,1391898,0,0,0,0,0,0,0,0,0,0,0,0,0,0,0,0,0,0,0,0,0,0,1,1,1,False
14,44399,-14,07907,1,649942,-3,22557,-0,002654806,0,9902614,-0,001197969,-0,1391898,0,0,0,0,0,0,0,0,0,0,0,0,0,0,0,0,0,0,0,0,0,0,1,1,1,False
14,45712,-14,07907,1,649942,-3,22557,-0,002654806,0,9902614,-0,001197969,-0,1391898,0,0,0,0,0,0,0,0,0,0,0,0,0,0,0,0,0,0,0,0,0,0,1,1,1,False
14,46948,-14,07907,1,649942,-3,22557,-0,002654806,0,9902614,-0,001197969,-0,1391898,0,0,0,0,0,0,0,0,0,0,0,0,0,0,0,0,0,0,0,0,0,0,1,1,1,False
14,48406,-14,08907,1,649942,-3,24557,-0,002654806,0,9902614,-0,001197969,-0,1391898,0,0,0,0,0,0,0,0,0,0,0,0,0,0,0,0,0,0,0,0,0,0,1,1,1,False
14,49852,-14,08907,1,649942,-3,27557,-0,002654806,0,9902614,-0,001197969,-0,1391898,0,0,0,0,0,0,0,0,0,0,0,0,0,0,0,0,0,0,0,0,0,0,1,1,1,False
14,5118,-14,09907,1,649942,-3,29557,-0,002654806,0,9902614,-0,001197969,-0,1391898,0,0,0,0,0,0,0,0,0,0,0,0,0,0,0,0,0,0,0,0,0,0,1,1,1,False
14,52687,-14,10907,1,649942,-3,32557,-0,002654806,0,9902614,-0,001197969,-0,1391898,0,0,0,0,0,0,0,0,0,0,0,0,0,0,0,0,0,0,0,0,0,0,1,1,1,False
14,54126,-14,11907,1,649942,-3,34557,-0,002654806,0,9902614,-0,001197969,-0,1391898,0,0,0,0,0,0,0,0,0,0,0,0,0,0,0,0,0,0,0,0,0,0,1,1,1,False
14,5553,-14,12907,1,649942,-3,395571,-0,002654806,0,9902614,-0,001197969,-0,1391898,0,0,0,0,0,0,0,0,0,0,0,0,0,0,0,0,0,0,0,0,0,0,1,1,1,False
14,56897,-14,14907,1,649942,-3,47557,-0,002654806,0,9902614,-0,001197969,-0,1391898,0,0,0,0,0,0,0,0,0,0,0,0,0,0,0,0,0,0,0,0,0,0,1,1,1,False
14,58231,-14,14907,1,649942,-3,47557,-0,002654806,0,9902614,-0,001197969,-0,1391898,0,0,0,0,0,0,0,0,0,0,0,0,0,0,0,0,0,0,0,0,0,0,1,1,1,False
14,59639,-14,15907,1,649942,-3,49557,-0,002654806,0,9902614,-0,001197969,-0,1391898,0,0,0,0,0,0,0,0,0,0,0,0,0,0,0,0,0,0,0,0,0,0,1,1,1,False
14,60865,-14,15907,1,649942,-3,49557,-0,002654806,0,9902614,-0,001197969,-0,1391898,0,0,0,0,0,0,0,0,0,0,0,0,0,0,0,0,0,0,0,0,0,0,1,1,1,False
14,62176,-14,15907,1,649942,-3,49557,-0,002654806,0,9902614,-0,001197969,-0,1391898,0,0,0,0,0,0,0,0,0,0,0,0,0,0,0,0,0,0,0,0,0,0,1,1,1,False
14,63493,-14,15907,1,649942,-3,49557,-0,002654806,0,9902614,-0,001197969,-0,1391898,0,0,0,0,0,0,0,0,0,0,0,0,0,0,0,0,0,0,0,0,0,0,1,1,1,False
14,65436,-14,15907,1,649942,-3,49557,-0,002654806,0,9902614,-0,001197969,-0,1391898,0,0,0,0,0,0,0,0,0,0,0,0,0,0,0,0,0,0,0,0,0,0,1,1,1,False
14,66741,-14,15907,1,649942,-3,49557,-0,002654806,0,9902614,-0,001197969,-0,1391898,0,0,0,0,0,0,0,0,0,0,0,0,0,0,0,0,0,0,0,0,0,0,1,1,1,False
14,68065,-14,15907,1,649942,-3,49557,-0,002654806,0,9902614,-0,001197969,-0,1391898,0,0,0,0,0,0,0,0,0,0,0,0,0,0,0,0,0,0,0,0,0,0,1,1,1,False
14,69396,-14,15907,1,649942,-3,49557,-0,002654806,0,9902614,-0,001197969,-0,1391898,0,0,0,0,0,0,0,0,0,0,0,0,0,0,0,0,0,0,0,0,0,0,1,1,1,False
14,70722,-14,16907,1,649942,-3,52557,-0,002654806,0,9902614,-0,001197969,-0,1391898,0,0,0,0,0,0,0,0,0,0,0,0,0,0,0,0,0,0,0,0,0,0,1,1,1,False
14,72126,-14,18907,1,649942,-3,59557,-0,002654806,0,9902614,-0,001197969,-0,1391898,0,0,0,0,0,0,0,0,0,0,0,0,0,0,0,0,0,0,0,0,0,0,1,1,1,False
14,73542,-14,19907,1,649942,-3,645571,-0,002654806,0,9902614,-0,001197969,-0,1391898,0,0,0,0,0,0,0,0,0,0,0,0,0,0,0,0,0,0,0,0,0,0,1,1,1,False
14,74876,-14,21907,1,649942,-3,69557,-0,002654806,0,9902614,-0,001197969,-0,1391898,0,0,0,0,0,0,0,0,0,0,0,0,0,0,0,0,0,0,0,0,0,0,1,1,1,False
14,76314,-14,23907,1,649942,-3,77557,-0,002654806,0,9902614,-0,001197969,-0,1391898,0,0,0,0,0,0,0,0,0,0,0,0,0,0,0,0,0,0,0,0,0,0,1,1,1,False
14,77735,-14,25907,1,649942,-3,84557,-0,002654806,0,9902614,-0,001197969,-0,1391898,0,0,0,0,0,0,0,0,0,0,0,0,0,0,0,0,0,0,0,0,0,0,1,1,1,False
14,79091,-14,26907,1,649942,-3,895571,-0,002654806,0,9902614,-0,001197969,-0,1391898,0,0,0,0,0,0,0,0,0,0,0,0,0,0,0,0,0,0,0,0,0,0,1,1,1,False
14,81207,-14,29907,1,649942,-3,99557,-0,002654806,0,9902614,-0,001197969,-0,1391898,0,0,0,0,0,0,0,0,0,0,0,0,0,0,0,0,0,0,0,0,0,0,1,1,1,False
14,82623,-14,30907,1,649942,-4,02557,-0,002654806,0,9902614,-0,001197969,-0,1391898,0,0,0,0,0,0,0,0,0,0,0,0,0,0,0,0,0,0,0,0,0,0,1,1,1,False
14,84035,-14,31907,1,649942,-4,075571,-0,002654806,0,9902614,-0,001197969,-0,1391898,0,0,0,0,0,0,0,0,0,0,0,0,0,0,0,0,0,0,0,0,0,0,1,1,1,False
14,85365,-14,31907,1,649942,-4,075571,-0,002654806,0,9902614,-0,001197969,-0,1391898,0,0,0,0,0,0,0,0,0,0,0,0,0,0,0,0,0,0,0,0,0,0,1,1,1,False
14,8679,-14,32907,1,649942,-4,095571,-0,002654806,0,9902614,-0,001197969,-0,1391898,0,0,0,0,0,0,0,0,0,0,0,0,0,0,0,0,0,0,0,0,0,0,1,1,1,False
14,88258,-14,33907,1,649942,-4,12557,-0,002654806,0,9902614,-0,001197969,-0,1391898,0,0,0,0,0,0,0,0,0,0,0,0,0,0,0,0,0,0,0,0,0,0,1,1,1,False
14,89682,-14,34907,1,649942,-4,16557,-0,002654806,0,9902614,-0,001197969,-0,1391898,0,0,0,0,0,0,0,0,0,0,0,0,0,0,0,0,0,0,0,0,0,0,1,1,1,False
14,91023,-14,35907,1,649942,-4,19557,-0,002654806,0,9902614,-0,001197969,-0,1391898,0,0,0,0,0,0,0,0,0,0,0,0,0,0,0,0,0,0,0,0,0,0,1,1,1,False
14,92353,-14,35907,1,649942,-4,19557,-0,002654806,0,9902614,-0,001197969,-0,1391898,0,0,0,0,0,0,0,0,0,0,0,0,0,0,0,0,0,0,0,0,0,0,1,1,1,False
14,93769,-14,36907,1,649942,-4,21557,-0,002654806,0,9902614,-0,001197969,-0,1391898,0,0,0,0,0,0,0,0,0,0,0,0,0,0,0,0,0,0,0,0,0,0,1,1,1,False
14,95123,-14,37907,1,649942,-4,265571,-0,002654806,0,9902614,-0,001197969,-0,1391898,0,0,0,0,0,0,0,0,0,0,0,0,0,0,0,0,0,0,0,0,0,0,1,1,1,False
14,97271,-14,39907,1,649942,-4,345571,-0,002654806,0,9902614,-0,001197969,-0,1391898,0,0,0,0,0,0,0,0,0,0,0,0,0,0,0,0,0,0,0,0,0,0,1,1,1,False
14,98717,-14,41907,1,649942,-4,39557,-0,002654806,0,9902614,-0,001197969,-0,1391898,0,0,0,0,0,0,0,0,0,0,0,0,0,0,0,0,0,0,0,0,0,0,1,1,1,False
15,00139,-14,41907,1,649942,-4,41557,-0,002654806,0,9902614,-0,001197969,-0,1391898,0,0,0,0,0,0,0,0,0,0,0,0,0,0,0,0,0,0,0,0,0,0,1,1,1,False
15,01587,-14,43907,1,649942,-4,46557,-0,002654806,0,9902614,-0,001197969,-0,1391898,0,0,0,0,0,0,0,0,0,0,0,0,0,0,0,0,0,0,0,0,0,0,1,1,1,False
15,02924,-14,43907,1,649942,-4,49557,-0,002654806,0,9902614,-0,001197969,-0,1391898,0,0,0,0,0,0,0,0,0,0,0,0,0,0,0,0,0,0,0,0,0,0,1,1,1,False
15,04354,-14,45907,1,649942,-4,54557,-0,002654806,0,9902614,-0,001197969,-0,1391898,0,0,0,0,0,0,0,0,0,0,0,0,0,0,0,0,0,0,0,0,0,0,1,1,1,False
15,0578,-14,46907,1,649942,-4,56557,-0,002654806,0,9902614,-0,001197969,-0,1391898,0,0,0,0,0,0,0,0,0,0,0,0,0,0,0,0,0,0,0,0,0,0,1,1,1,False
15,07123,-14,47907,1,649942,-4,615571,-0,002654806,0,9902614,-0,001197969,-0,1391898,0,0,0,0,0,0,0,0,0,0,0,0,0,0,0,0,0,0,0,0,0,0,1,1,1,False
15,08569,-14,48907,1,649942,-4,64557,-0,002654806,0,9902614,-0,001197969,-0,1391898,0,0,0,0,0,0,0,0,0,0,0,0,0,0,0,0,0,0,0,0,0,0,1,1,1,False
15,09999,-14,48907,1,649942,-4,66557,-0,002654806,0,9902614,-0,001197969,-0,1391898,0,0,0,0,0,0,0,0,0,0,0,0,0,0,0,0,0,0,0,0,0,0,1,1,1,False
15,1143,-14,49907,1,649942,-4,69557,-0,002654806,0,9902614,-0,001197969,-0,1391898,0,0,0,0,0,0,0,0,0,0,0,0,0,0,0,0,0,0,0,0,0,0,1,1,1,False
15,13458,-14,50907,1,649942,-4,71557,-0,002654806,0,9902614,-0,001197969,-0,1391898,0,0,0,0,0,0,0,0,0,0,0,0,0,0,0,0,0,0,0,0,0,0,1,1,1,False
15,14919,-14,51907,1,649942,-4,74557,-0,002654806,0,9902614,-0,001197969,-0,1391898,0,0,0,0,0,0,0,0,0,0,0,0,0,0,0,0,0,0,0,0,0,0,1,1,1,False
15,16372,-14,51907,1,649942,-4,765571,-0,002654806,0,9902614,-0,001197969,-0,1391898,0,0,0,0,0,0,0,0,0,0,0,0,0,0,0,0,0,0,0,0,0,0,1,1,1,False
15,17792,-14,53907,1,639942,-4,81557,-0,002654806,0,9902614,-0,001197969,-0,1391898,0,0,0,0,0,0,0,0,0,0,0,0,0,0,0,0,0,0,0,0,0,0,1,1,1,False
15,19195,-14,54907,1,639942,-4,865571,-0,002654806,0,9902614,-0,001197969,-0,1391898,0,0,0,0,0,0,0,0,0,0,0,0,0,0,0,0,0,0,0,0,0,0,1,1,1,False
15,2063,-14,55907,1,639942,-4,89557,-0,002654806,0,9902614,-0,001197969,-0,1391898,0,0,0,0,0,0,0,0,0,0,0,0,0,0,0,0,0,0,0,0,0,0,1,1,1,False
15,22074,-14,56907,1,639942,-4,94557,-0,002654806,0,9902614,-0,001197969,-0,1391898,0,0,0,0,0,0,0,0,0,0,0,0,0,0,0,0,0,0,0,0,0,0,1,1,1,False
15,23481,-14,58907,1,639942,-5,015571,-0,002654806,0,9902614,-0,001197969,-0,1391898,0,0,0,0,0,0,0,0,0,0,0,0,0,0,0,0,0,0,0,0,0,0,1,1,1,False
15,2483,-14,59907,1,639942,-5,04557,-0,002654806,0,9902614,-0,001197969,-0,1391898,0,0,0,0,0,0,0,0,0,0,0,0,0,0,0,0,0,0,0,0,0,0,1,1,1,False
15,26258,-14,60907,1,639942,-5,095571,-0,002654806,0,9902614,-0,001197969,-0,1391898,0,0,0,0,0,0,0,0,0,0,0,0,0,0,0,0,0,0,0,0,0,0,1,1,1,False
15,27676,-14,62907,1,639942,-5,135571,-0,002654806,0,9902614,-0,001197969,-0,1391898,0,0,0,0,0,0,0,0,0,0,0,0,0,0,0,0,0,0,0,0,0,0,1,1,1,False
15,29757,-14,63907,1,639942,-5,18557,-0,002654806,0,9902614,-0,001197969,-0,1391898,0,0,0,0,0,0,0,0,0,0,0,0,0,0,0,0,0,0,0,0,0,0,1,1,1,False
15,31158,-14,64907,1,639942,-5,21557,-0,002654806,0,9902614,-0,001197969,-0,1391898,0,0,0,0,0,0,0,0,0,0,0,0,0,0,0,0,0,0,0,0,0,0,1,1,1,False
15,32463,-14,64907,1,639942,-5,21557,-0,002654806,0,9902614,-0,001197969,-0,1391898,0,0,0,0,0,0,0,0,0,0,0,0,0,0,0,0,0,0,0,0,0,0,1,1,1,False
15,33872,-14,65907,1,639942,-5,23557,-0,002654806,0,9902614,-0,001197969,-0,1391898,0,0,0,0,0,0,0,0,0,0,0,0,0,0,0,0,0,0,0,0,0,0,1,1,1,False
15,35341,-14,66907,1,639942,-5,29557,-0,002654806,0,9902614,-0,001197969,-0,1391898,0,0,0,0,0,0,0,0,0,0,0,0,0,0,0,0,0,0,0,0,0,0,1,1,1,False
15,36738,-14,67907,1,639942,-5,31557,-0,002654806,0,9902614,-0,001197969,-0,1391898,0,0,0,0,0,0,0,0,0,0,0,0,0,0,0,0,0,0,0,0,0,0,1,1,1,False
15,38175,-14,68907,1,639942,-5,345571,-0,002654806,0,9902614,-0,001197969,-0,1391898,0,0,0,0,0,0,0,0,0,0,0,0,0,0,0,0,0,0,0,0,0,0,1,1,1,False
15,39608,-14,68907,1,639942,-5,365571,-0,002654806,0,9902614,-0,001197969,-0,1391898,0,0,0,0,0,0,0,0,0,0,0,0,0,0,0,0,0,0,0,0,0,0,1,1,1,False
15,40954,-14,69907,1,639942,-5,39557,-0,002654806,0,9902614,-0,001197969,-0,1391898,0,0,0,0,0,0,0,0,0,0,0,0,0,0,0,0,0,0,0,0,0,0,1,1,1,False
15,42281,-14,69907,1,639942,-5,39557,-0,002654806,0,9902614,-0,001197969,-0,1391898,0,0,0,0,0,0,0,0,0,0,0,0,0,0,0,0,0,0,0,0,0,0,1,1,1,False
15,43677,-14,70907,1,639942,-5,41557,-0,002654806,0,9902614,-0,001197969,-0,1391898,0,0,0,0,0,0,0,0,0,0,0,0,0,0,0,0,0,0,0,0,0,0,1,1,1,False
15,45683,-14,72907,1,639942,-5,49557,-0,002654806,0,9902614,-0,001197969,-0,1391898,0,0,0,0,0,0,0,0,0,0,0,0,0,0,0,0,0,0,0,0,0,0,1,1,1,False
15,47081,-14,74907,1,639942,-5,54557,-0,002654806,0,9902614,-0,001197969,-0,1391898,0,0,0,0,0,0,0,0,0,0,0,0,0,0,0,0,0,0,0,0,0,0,1,1,1,False
15,48469,-14,74907,1,639942,-5,575571,-0,002654806,0,9902614,-0,001197969,-0,1391898,0,0,0,0,0,0,0,0,0,0,0,0,0,0,0,0,0,0,0,0,0,0,1,1,1,False
15,49901,-14,76907,1,639942,-5,62557,-0,002654806,0,9902614,-0,001197969,-0,1391898,0,0,0,0,0,0,0,0,0,0,0,0,0,0,0,0,0,0,0,0,0,0,1,1,1,False
15,51252,-14,76907,1,639942,-5,64557,-0,002654806,0,9902614,-0,001197969,-0,1391898,0,0,0,0,0,0,0,0,0,0,0,0,0,0,0,0,0,0,0,0,0,0,1,1,1,False
15,52657,-14,77907,1,639942,-5,67557,-0,002654806,0,9902614,-0,001197969,-0,1391898,0,0,0,0,0,0,0,0,0,0,0,0,0,0,0,0,0,0,0,0,0,0,1,1,1,False
15,54049,-14,79907,1,639942,-5,75557,-0,002654806,0,9902614,-0,001197969,-0,1391898,0,0,0,0,0,0,0,0,0,0,0,0,0,0,0,0,0,0,0,0,0,0,1,1,1,False
15,55552,-14,81907,1,639942,-5,805571,-0,002654806,0,9902614,-0,001197969,-0,1391898,0,0,0,0,0,0,0,0,0,0,0,0,0,0,0,0,0,0,0,0,0,0,1,1,1,False
15,56902,-14,82907,1,639942,-5,85557,-0,002654806,0,9902614,-0,001197969,-0,1391898,0,0,0,0,0,0,0,0,0,0,0,0,0,0,0,0,0,0,0,0,0,0,1,1,1,False
15,58294,-14,83907,1,639942,-5,87557,-0,002654806,0,9902614,-0,001197969,-0,1391898,0,0,0,0,0,0,0,0,0,0,0,0,0,0,0,0,0,0,0,0,0,0,1,1,1,False
15,59711,-14,85907,1,639942,-5,95557,-0,002654806,0,9902614,-0,001197969,-0,1391898,0,0,0,0,0,0,0,0,0,0,0,0,0,0,0,0,0,0,0,0,0,0,1,1,1,False
15,61706,-14,88907,1,639942,-6,055571,-0,002654806,0,9902614,-0,001197969,-0,1391898,0,0,0,0,0,0,0,0,0,0,0,0,0,0,0,0,0,0,0,0,0,0,1,1,1,False
15,63141,-14,90907,1,639942,-6,10557,-0,002654806,0,9902614,-0,001197969,-0,1391898,0,0,0,0,0,0,0,0,0,0,0,0,0,0,0,0,0,0,0,0,0,0,1,1,1,False
15,64579,-14,91907,1,639942,-6,155571,-0,002654806,0,9902614,-0,001197969,-0,1391898,0,0,0,0,0,0,0,0,0,0,0,0,0,0,0,0,0,0,0,0,0,0,1,1,1,False
15,65975,-14,92907,1,639942,-6,20557,-0,002654806,0,9902614,-0,001197969,-0,1391898,0,0,0,0,0,0,0,0,0,0,0,0,0,0,0,0,0,0,0,0,0,0,1,1,1,False
15,67286,-14,93907,1,639942,-6,23557,-0,002654806,0,9902614,-0,001197969,-0,1391898,0,0,0,0,0,0,0,0,0,0,0,0,0,0,0,0,0,0,0,0,0,0,1,1,1,False
15,68713,-14,94907,1,639942,-6,25557,-0,002654806,0,9902614,-0,001197969,-0,1391898,0,0,0,0,0,0,0,0,0,0,0,0,0,0,0,0,0,0,0,0,0,0,1,1,1,False
15,70107,-14,95907,1,639942,-6,285571,-0,002654806,0,9902614,-0,001197969,-0,1391898,0,0,0,0,0,0,0,0,0,0,0,0,0,0,0,0,0,0,0,0,0,0,1,1,1,False
15,7151,-14,95907,1,639942,-6,305571,-0,002654806,0,9902614,-0,001197969,-0,1391898,0,0,0,0,0,0,0,0,0,0,0,0,0,0,0,0,0,0,0,0,0,0,1,1,1,False
15,72823,-14,97907,1,639942,-6,35557,-0,002654806,0,9902614,-0,001197969,-0,1391898,0,0,0,0,0,0,0,0,0,0,0,0,0,0,0,0,0,0,0,0,0,0,1,1,1,False
15,7424,-14,98907,1,639942,-6,385571,-0,002654806,0,9902614,-0,001197969,-0,1391898,0,0,0,0,0,0,0,0,0,0,0,0,0,0,0,0,0,0,0,0,0,0,1,1,1,False
15,75657,-14,98907,1,639942,-6,405571,-0,002654806,0,9902614,-0,001197969,-0,1391898,0,0,0,0,0,0,0,0,0,0,0,0,0,0,0,0,0,0,0,0,0,0,1,1,1,False
15,77739,-14,98907,1,639942,-6,405571,-0,002654806,0,9902614,-0,001197969,-0,1391898,0,0,0,0,0,0,0,0,0,0,0,0,0,0,0,0,0,0,0,0,0,0,1,1,1,False
15,79169,-14,99907,1,639942,-6,43557,-0,002654806,0,9902614,-0,001197969,-0,1391898,0,0,0,0,0,0,0,0,0,0,0,0,0,0,0,0,0,0,0,0,0,0,1,1,1,False
15,80607,-15,00907,1,639942,-6,45557,-0,002654806,0,9902614,-0,001197969,-0,1391898,0,0,0,0,0,0,0,0,0,0,0,0,0,0,0,0,0,0,0,0,0,0,1,1,1,False
15,82113,-15,01907,1,639942,-6,48557,-0,002654806,0,9902614,-0,001197969,-0,1391898,0,0,0,0,0,0,0,0,0,0,0,0,0,0,0,0,0,0,0,0,0,0,1,1,1,False
15,83527,-15,01907,1,639942,-6,515571,-0,002654806,0,9902614,-0,001197969,-0,1391898,0,0,0,0,0,0,0,0,0,0,0,0,0,0,0,0,0,0,0,0,0,0,1,1,1,False
15,84854,-15,03907,2,987566,-6,56557,-0,002654806,0,9902614,-0,001197969,-0,1391898,0,0,0,0,0,0,0,0,0,0,0,0,0,0,0,0,0,0,0,0,0,0,1,1,1,False
15,86283,-15,05907,3,087586,-6,635571,-0,002654806,0,9902614,-0,001197969,-0,1391898,0,0,0,0,0,0,0,0,0,0,0,0,0,0,0,0,0,0,0,0,0,0,1,1,1,False
15,87684,-15,06907,3,111905,-6,66557,-0,002654806,0,9902614,-0,001197969,-0,1391898,0,0,0,0,0,0,0,0,0,0,0,0,0,0,0,0,0,0,0,0,0,0,1,1,1,False
15,89033,-15,07907,1,639942,-6,71557,-0,002654806,0,9902614,-0,001197969,-0,1391898,0,0,0,0,0,0,0,0,0,0,0,0,0,0,0,0,0,0,0,0,0,0,1,1,1,False
15,90416,-15,07907,3,11384,-6,71557,-0,002654806,0,9902614,-0,001197969,-0,1391898,0,0,0,0,0,0,0,0,0,0,0,0,0,0,0,0,0,0,0,0,0,0,1,1,1,False
15,9186,-15,08907,3,127818,-6,73557,-0,002654806,0,9902614,-0,001197969,-0,1391898,0,0,0,0,0,0,0,0,0,0,0,0,0,0,0,0,0,0,0,0,0,0,1,1,1,False
15,93777,-15,08907,3,127818,-6,73557,-0,002654806,0,9902614,-0,001197969,-0,1391898,0,0,0,0,0,0,0,0,0,0,0,0,0,0,0,0,0,0,0,0,0,0,1,1,1,False
15,95086,-15,08907,3,127818,-6,73557,-0,002654806,0,9902614,-0,001197969,-0,1391898,0,0,0,0,0,0,0,0,0,0,0,0,0,0,0,0,0,0,0,0,0,0,1,1,1,False
15,96434,-15,08907,3,679672,-6,73557,-0,002654806,0,9902614,-0,001197969,-0,1391898,0,0,0,0,0,0,0,0,0,0,0,0,0,0,0,0,0,0,0,0,0,0,1,1,1,False
15,97735,-15,08907,3,679673,-6,73557,-0,002654806,0,9902614,-0,001197969,-0,1391898,0,0,0,0,0,0,0,0,0,0,0,0,0,0,0,0,0,0,0,0,0,0,1,1,1,False
15,98954,-15,08907,3,675047,-6,73557,-0,002654806,0,9902614,-0,001197969,-0,1391898,0,0,0,0,0,0,0,0,0,0,0,0,0,0,0,0,0,0,0,0,0,0,1,1,1,False
16,00292,-15,08907,3,668213,-6,73557,-0,002654806,0,9902614,-0,001197969,-0,1391898,0,0,0,0,0,0,0,0,0,0,0,0,0,0,0,0,0,0,0,0,0,0,1,1,1,False
16,01601,-15,08907,3,659845,-6,73557,-0,002654806,0,9902614,-0,001197969,-0,1391898,0,0,0,0,0,0,0,0,0,0,0,0,0,0,0,0,0,0,0,0,0,0,1,1,1,False
16,02806,-15,08907,3,650723,-6,73557,-0,002654806,0,9902614,-0,001197969,-0,1391898,0,0,0,0,0,0,0,0,0,0,0,0,0,0,0,0,0,0,0,0,0,0,1,1,1,False
16,0413,-15,08907,3,638973,-6,73557,-0,002654806,0,9902614,-0,001197969,-0,1391898,0,0,0,0,0,0,0,0,0,0,0,0,0,0,0,0,0,0,0,0,0,0,1,1,1,False
16,05428,-15,08907,3,625809,-6,73557,-0,002654806,0,9902614,-0,001197969,-0,1391898,0,0,0,0,0,0,0,0,0,0,0,0,0,0,0,0,0,0,0,0,0,0,1,1,1,False
16,07047,-15,08907,3,606803,-6,73557,-0,002654806,0,9902614,-0,001197969,-0,1391898,0,0,0,0,0,0,0,0,0,0,0,0,0,0,0,0,0,0,0,0,0,0,1,1,1,False
16,09049,-15,08907,3,579383,-6,73557,-0,002654806,0,9902614,-0,001197969,-0,1391898,0,0,0,0,0,0,0,0,0,0,0,0,0,0,0,0,0,0,0,0,0,0,1,1,1,False
16,10375,-15,08907,3,5595,-6,73557,-0,002654806,0,9902614,-0,001197969,-0,1391898,0,0,0,0,0,0,0,0,0,0,0,0,0,0,0,0,0,0,0,0,0,0,1,1,1,False
16,1167,-15,08907,3,538427,-6,73557,-0,002654806,0,9902614,-0,001197969,-0,1391898,0,0,0,0,0,0,0,0,0,0,0,0,0,0,0,0,0,0,0,0,0,0,1,1,1,False
16,12871,-15,08907,3,517483,-6,73557,-0,002654806,0,9902614,-0,001197969,-0,1391898,0,0,0,0,0,0,0,0,0,0,0,0,0,0,0,0,0,0,0,0,0,0,1,1,1,False
16,14389,-15,08907,3,48873,-6,73557,-0,002654806,0,9902614,-0,001197969,-0,1391898,0,0,0,0,0,0,0,0,0,0,0,0,0,0,0,0,0,0,0,0,0,0,1,1,1,False
16,1571,-15,08907,3,462002,-6,73557,-0,002654806,0,9902614,-0,001197969,-0,1391898,0,0,0,0,0,0,0,0,0,0,0,0,0,0,0,0,0,0,0,0,0,0,1,1,1,False
16,16926,-15,08907,3,435946,-6,73557,-0,002654806,0,9902614,-0,001197969,-0,1391898,0,0,0,0,0,0,0,0,0,0,0,0,0,0,0,0,0,0,0,0,0,0,1,1,1,False
16,18226,-15,08907,3,406438,-6,73557,-0,002654806,0,9902614,-0,001197969,-0,1391898,0,0,0,0,0,0,0,0,0,0,0,0,0,0,0,0,0,0,0,0,0,0,1,1,1,False
16,19572,-15,08907,3,374112,-6,73557,-0,002654806,0,9902614,-0,001197969,-0,1391898,0,0,0,0,0,0,0,0,0,0,0,0,0,0,0,0,0,0,0,0,0,0,1,1,1,False
16,20778,-15,08907,3,343712,-6,73557,-0,002654806,0,9902614,-0,001197969,-0,1391898,0,0,0,0,0,0,0,0,0,0,0,0,0,0,0,0,0,0,0,0,0,0,1,1,1,False
16,22108,-15,08907,3,308469,-6,73557,-0,002654806,0,9902614,-0,001197969,-0,1391898,0,0,0,0,0,0,0,0,0,0,0,0,0,0,0,0,0,0,0,0,0,0,1,1,1,False
16,24135,-15,08907,3,250696,-6,73557,-0,002654806,0,9902614,-0,001197969,-0,1391898,0,0,0,0,0,0,0,0,0,0,0,0,0,0,0,0,0,0,0,0,0,0,1,1,1,False
16,25474,-15,08907,3,210779,-6,73557,-0,002654806,0,9902614,-0,001197969,-0,1391898,0,0,0,0,0,0,0,0,0,0,0,0,0,0,0,0,0,0,0,0,0,0,1,1,1,False
16,26746,-15,08907,3,171265,-6,73557,-0,002654806,0,9902614,-0,001197969,-0,1391898,0,0,0,0,0,0,0,0,0,0,0,0,0,0,0,0,0,0,0,0,0,0,1,1,1,False
16,28056,-15,08907,3,128917,-6,73557,-0,002654806,0,9902614,-0,001197969,-0,1391898,0,0,0,0,0,0,0,0,0,0,0,0,0,0,0,0,0,0,0,0,0,0,1,1,1,False
16,29355,-15,08907,3,085243,-6,73557,-0,002654806,0,9902614,-0,001197969,-0,1391898,0,0,0,0,0,0,0,0,0,0,0,0,0,0,0,0,0,0,0,0,0,0,1,1,1,False
16,30667,-15,07907,2,818025,-6,71557,-0,002654806,0,9902614,-0,001197969,-0,1391898,0,0,0,0,0,0,0,0,0,0,0,0,0,0,0,0,0,0,0,0,0,0,1,1,1,False
16,31984,-15,07907,2,818025,-6,71557,-0,002654806,0,9902614,-0,001197969,-0,1391898,0,0,0,0,0,0,0,0,0,0,0,0,0,0,0,0,0,0,0,0,0,0,1,1,1,False
16,33192,-15,07907,2,818025,-6,71557,-0,002654806,0,9902614,-0,001197969,-0,1391898,0,0,0,0,0,0,0,0,0,0,0,0,0,0,0,0,0,0,0,0,0,0,1,1,1,False
16,3458,-15,06907,1,639942,-6,68557,-0,002654806,0,9902614,-0,001197969,-0,1391898,0,0,0,0,0,0,0,0,0,0,0,0,0,0,0,0,0,0,0,0,0,0,1,1,1,False
16,35906,-15,06907,1,639942,-6,68557,-0,002654806,0,9902614,-0,001197969,-0,1391898,0,0,0,0,0,0,0,0,0,0,0,0,0,0,0,0,0,0,0,0,0,0,1,1,1,False
16,37145,-15,06907,1,639942,-6,68557,-0,002654806,0,9902614,-0,001197969,-0,1391898,0,0,0,0,0,0,0,0,0,0,0,0,0,0,0,0,0,0,0,0,0,0,1,1,1,False
16,39174,-15,06907,1,635904,-6,68557,-0,002654806,0,9902614,-0,001197969,-0,1391898,0,0,0,0,0,0,0,0,0,0,0,0,0,0,0,0,0,0,0,0,0,0,1,1,1,False
16,40549,-15,06907,1,635904,-6,68557,-0,002654806,0,9902614,-0,001197969,-0,1391898,0,0,0,0,0,0,0,0,0,0,0,0,0,0,0,0,0,0,0,0,0,0,1,1,1,False
16,419,-15,06907,1,635904,-6,68557,-0,002654806,0,9902614,-0,001197969,-0,1391898,0,0,0,0,0,0,0,0,0,0,0,0,0,0,0,0,0,0,0,0,0,0,1,1,1,False
16,43136,-15,06907,3,009163,-6,68557,-0,002654806,0,9902614,-0,001197969,-0,1391898,0,0,0,0,0,0,0,0,0,0,0,0,0,0,0,0,0,0,0,0,0,0,1,1,1,False
16,44451,-15,06907,3,009163,-6,68557,-0,002654806,0,9902614,-0,001197969,-0,1391898,0,0,0,0,0,0,0,0,0,0,0,0,0,0,0,0,0,0,0,0,0,0,1,1,1,False
16,45966,-15,06907,3,009163,-6,68557,-0,002654806,0,9902614,-0,001197969,-0,1391898,0,0,0,0,0,0,0,0,0,0,0,0,0,0,0,0,0,0,0,0,0,0,1,1,1,False
16,47351,-15,06907,3,007282,-6,68557,-0,002654806,0,9902614,-0,001197969,-0,1391898,0,0,0,0,0,0,0,0,0,0,0,0,0,0,0,0,0,0,0,0,0,0,1,1,1,False
16,48679,-15,06907,3,012511,-6,68557,-0,002654806,0,9902614,-0,001197969,-0,1391898,0,0,0,0,0,0,0,0,0,0,0,0,0,0,0,0,0,0,0,0,0,0,1,1,1,False
16,50041,-15,06907,3,007067,-6,68557,-0,002654806,0,9902614,-0,001197969,-0,1391898,0,0,0,0,0,0,0,0,0,0,0,0,0,0,0,0,0,0,0,0,0,0,1,1,1,False
16,51346,-15,06907,3,000182,-6,68557,-0,002654806,0,9902614,-0,001197969,-0,1391898,0,0,0,0,0,0,0,0,0,0,0,0,0,0,0,0,0,0,0,0,0,0,1,1,1,False
16,52544,-15,06907,3,000182,-6,68557,-0,002654806,0,9902614,-0,001197969,-0,1391898,0,0,0,0,0,0,0,0,0,0,0,0,0,0,0,0,0,0,0,0,0,0,1,1,1,False
16,54523,-15,06907,3,000182,-6,68557,-0,002654806,0,9902614,-0,001197969,-0,1391898,0,0,0,0,0,0,0,0,0,0,0,0,0,0,0,0,0,0,0,0,0,0,1,1,1,False
16,55824,-15,06907,3,000182,-6,68557,-0,002654806,0,9902614,-0,001197969,-0,1391898,0,0,0,0,0,0,0,0,0,0,0,0,0,0,0,0,0,0,0,0,0,0,1,1,1,False
16,57232,-15,06907,3,000182,-6,68557,-0,002654806,0,9902614,-0,001197969,-0,1391898,0,0,0,0,0,0,0,0,0,0,0,0,0,0,0,0,0,0,0,0,0,0,1,1,1,False
16,58625,-15,06907,3,000182,-6,68557,-0,002654806,0,9902614,-0,001197969,-0,1391898,0,0,0,0,0,0,0,0,0,0,0,0,0,0,0,0,0,0,0,0,0,0,1,1,1,False
16,59953,-15,06907,3,000182,-6,68557,-0,002654806,0,9902614,-0,001197969,-0,1391898,0,0,0,0,0,0,0,0,0,0,0,0,0,0,0,0,0,0,0,0,0,0,1,1,1,False
16,61161,-15,06907,3,000182,-6,68557,-0,002654806,0,9902614,-0,001197969,-0,1391898,0,0,0,0,0,0,0,0,0,0,0,0,0,0,0,0,0,0,0,0,0,0,1,1,1,False
16,62491,-15,06907,3,000182,-6,68557,-0,002654806,0,9902614,-0,001197969,-0,1391898,0,0,0,0,0,0,0,0,0,0,0,0,0,0,0,0,0,0,0,0,0,0,1,1,1,False
16,63782,-15,06907,3,000182,-6,68557,-0,002654806,0,9902614,-0,001197969,-0,1391898,0,0,0,0,0,0,0,0,0,0,0,0,0,0,0,0,0,0,0,0,0,0,1,1,1,False
16,64978,-15,06907,3,000182,-6,68557,-0,002654806,0,9902614,-0,001197969,-0,1391898,0,0,0,0,0,0,0,0,0,0,0,0,0,0,0,0,0,0,0,0,0,0,1,1,1,False
16,66262,-15,06907,3,000182,-6,68557,-0,002654806,0,9902614,-0,001197969,-0,1391898,0,0,0,0,0,0,0,0,0,0,0,0,0,0,0,0,0,0,0,0,0,0,1,1,1,False
16,67562,-15,06907,3,000182,-6,68557,-0,002654806,0,9902614,-0,001197969,-0,1391898,0,0,0,0,0,0,0,0,0,0,0,0,0,0,0,0,0,0,0,0,0,0,1,1,1,False
16,68881,-15,06907,2,823159,-6,655571,-0,002654806,0,9902614,-0,001197969,-0,1391898,0,0,0,0,0,0,0,0,0,0,0,0,0,0,0,0,0,0,0,0,0,0,1,1,1,False
16,70301,-15,05907,2,8339,-6,635571,-0,002654806,0,9902614,-0,001197969,-0,1391898,0,0,0,0,0,0,0,0,0,0,0,0,0,0,0,0,0,0,0,0,0,0,1,1,1,False
16,71625,-15,05907,2,833902,-6,635571,-0,002654806,0,9902614,-0,001197969,-0,1391898,0,0,0,0,0,0,0,0,0,0,0,0,0,0,0,0,0,0,0,0,0,0,1,1,1,False
16,72937,-15,04907,2,840277,-6,60557,-0,002654806,0,9902614,-0,001197969,-0,1391898,0,0,0,0,0,0,0,0,0,0,0,0,0,0,0,0,0,0,0,0,0,0,1,1,1,False
16,74338,-15,03907,2,864935,-6,56557,-0,002654806,0,9902614,-0,001197969,-0,1391898,0,0,0,0,0,0,0,0,0,0,0,0,0,0,0,0,0,0,0,0,0,0,1,1,1,False
16,75738,-15,02907,1,639942,-6,535571,-0,002654806,0,9902614,-0,001197969,-0,1391898,0,0,0,0,0,0,0,0,0,0,0,0,0,0,0,0,0,0,0,0,0,0,1,1,1,False
16,77056,-15,01907,1,639942,-6,515571,-0,002654806,0,9902614,-0,001197969,-0,1391898,0,0,0,0,0,0,0,0,0,0,0,0,0,0,0,0,0,0,0,0,0,0,1,1,1,False
16,78461,-15,01907,1,639942,-6,49557,-0,002654806,0,9902614,-0,001197969,-0,1391898,0,0,0,0,0,0,0,0,0,0,0,0,0,0,0,0,0,0,0,0,0,0,1,1,1,False
16,79888,-15,00907,1,639942,-6,46557,-0,002654806,0,9902614,-0,001197969,-0,1391898,0,0,0,0,0,0,0,0,0,0,0,0,0,0,0,0,0,0,0,0,0,0,1,1,1,False
16,81126,-15,00907,1,639942,-6,46557,-0,002654806,0,9902614,-0,001197969,-0,1391898,0,0,0,0,0,0,0,0,0,0,0,0,0,0,0,0,0,0,0,0,0,0,1,1,1,False
16,82441,-15,00907,1,639942,-6,46557,-0,002654806,0,9902614,-0,001197969,-0,1391898,0,0,0,0,0,0,0,0,0,0,0,0,0,0,0,0,0,0,0,0,0,0,1,1,1,False
16,8379,-15,00907,1,639942,-6,46557,-0,002654806,0,9902614,-0,001197969,-0,1391898,0,0,0,0,0,0,0,0,0,0,0,0,0,0,0,0,0,0,0,0,0,0,1,1,1,False
16,85719,-15,00907,1,639942,-6,46557,-0,002654806,0,9902614,-0,001197969,-0,1391898,0,0,0,0,0,0,0,0,0,0,0,0,0,0,0,0,0,0,0,0,0,0,1,1,1,False
16,87027,-15,00907,1,639942,-6,46557,-0,002654806,0,9902614,-0,001197969,-0,1391898,0,0,0,0,0,0,0,0,0,0,0,0,0,0,0,0,0,0,0,0,0,0,1,1,1,False
16,88372,-15,00907,1,639942,-6,46557,-0,002654806,0,9902614,-0,001197969,-0,1391898,0,0,0,0,0,0,0,0,0,0,0,0,0,0,0,0,0,0,0,0,0,0,1,1,1,False
16,89677,-15,00907,1,639942,-6,46557,-0,002654806,0,9902614,-0,001197969,-0,1391898,0,0,0,0,0,0,0,0,0,0,0,0,0,0,0,0,0,0,0,0,0,0,1,1,1,False
16,90924,-15,00907,1,639942,-6,46557,-0,002654806,0,9902614,-0,001197969,-0,1391898,0,0,0,0,0,0,0,0,0,0,0,0,0,0,0,0,0,0,0,0,0,0,1,1,1,False
16,92271,-15,00907,1,639942,-6,46557,-0,002654806,0,9902614,-0,001197969,-0,1391898,0,0,0,0,0,0,0,0,0,0,0,0,0,0,0,0,0,0,0,0,0,0,1,1,1,False
16,93608,-15,00907,1,639942,-6,46557,-0,002654806,0,9902614,-0,001197969,-0,1391898,0,0,0,0,0,0,0,0,0,0,0,0,0,0,0,0,0,0,0,0,0,0,1,1,1,False
16,9483,-15,00907,1,639942,-6,46557,-0,002654806,0,9902614,-0,001197969,-0,1391898,0,0,0,0,0,0,0,0,0,0,0,0,0,0,0,0,0,0,0,0,0,0,1,1,1,False
16,96135,-15,00907,1,639942,-6,46557,-0,002654806,0,9902614,-0,001197969,-0,1391898,0,0,0,0,0,0,0,0,0,0,0,0,0,0,0,0,0,0,0,0,0,0,1,1,1,False
16,97439,-15,00907,1,639942,-6,46557,-0,002654806,0,9902614,-0,001197969,-0,1391898,0,0,0,0,0,0,0,0,0,0,0,0,0,0,0,0,0,0,0,0,0,0,1,1,1,False
16,98662,-15,00907,1,639942,-6,46557,-0,002654806,0,9902614,-0,001197969,-0,1391898,0,0,0,0,0,0,0,0,0,0,0,0,0,0,0,0,0,0,0,0,0,0,1,1,1,False
17,00006,-15,00907,1,639942,-6,46557,-0,002654806,0,9902614,-0,001197969,-0,1391898,0,0,0,0,0,0,0,0,0,0,0,0,0,0,0,0,0,0,0,0,0,0,1,1,1,False
17,01563,-15,00907,1,639942,-6,46557,-0,002654806,0,9902614,-0,001197969,-0,1391898,0,0,0,0,0,0,0,0,0,0,0,0,0,0,0,0,0,0,0,0,0,0,1,1,1,False
17,02794,-15,00907,1,639942,-6,46557,-0,002654806,0,9902614,-0,001197969,-0,1391898,0,0,0,0,0,0,0,0,0,0,0,0,0,0,0,0,0,0,0,0,0,0,1,1,1,False
17,04138,-15,00907,1,639942,-6,46557,-0,002654806,0,9902614,-0,001197969,-0,1391898,0,0,0,0,0,0,0,0,0,0,0,0,0,0,0,0,0,0,0,0,0,0,1,1,1,False
17,0547,-15,00907,1,639942,-6,46557,-0,002654806,0,9902614,-0,001197969,-0,1391898,0,0,0,0,0,0,0,0,0,0,0,0,0,0,0,0,0,0,0,0,0,0,1,1,1,False
17,06682,-15,00907,1,639942,-6,46557,-0,002654806,0,9902614,-0,001197969,-0,1391898,0,0,0,0,0,0,0,0,0,0,0,0,0,0,0,0,0,0,0,0,0,0,1,1,1,False
17,07989,-15,00907,1,639942,-6,46557,-0,002654806,0,9902614,-0,001197969,-0,1391898,0,0,0,0,0,0,0,0,0,0,0,0,0,0,0,0,0,0,0,0,0,0,1,1,1,False
17,09202,-15,00907,1,639942,-6,46557,-0,002654806,0,9902614,-0,001197969,-0,1391898,0,0,0,0,0,0,0,0,0,0,0,0,0,0,0,0,0,0,0,0,0,0,1,1,1,False
17,1063,-14,99907,1,639942,-6,44557,-0,002654806,0,9902614,-0,001197969,-0,1391898,0,0,0,0,0,0,0,0,0,0,0,0,0,0,0,0,0,0,0,0,0,0,1,1,1,False
17,12055,-14,96907,1,639942,-6,31557,-0,002654806,0,9902614,-0,001197969,-0,1391898,0,0,0,0,0,0,0,0,0,0,0,0,0,0,0,0,0,0,0,0,0,0,1,1,1,False
17,13489,-14,91907,1,639942,-6,14557,-0,002654806,0,9902614,-0,001197969,-0,1391898,0,0,0,0,0,0,0,0,0,0,0,0,0,0,0,0,0,0,0,0,0,0,1,1,1,False
17,1484,-14,86907,1,639942,-5,99557,-0,002654806,0,9902614,-0,001197969,-0,1391898,0,0,0,0,0,0,0,0,0,0,0,0,0,0,0,0,0,0,0,0,0,0,1,1,1,False
17,16266,-14,78907,1,639942,-5,68557,-0,002654806,0,9902614,-0,001197969,-0,1391898,0,0,0,0,0,0,0,0,0,0,0,0,0,0,0,0,0,0,0,0,0,0,1,1,1,False
17,1839,-14,65907,1,639942,-5,23557,-0,002654806,0,9902614,-0,001197969,-0,1391898,0,0,0,0,0,0,0,0,0,0,0,0,0,0,0,0,0,0,0,0,0,0,1,1,1,False
17,19795,-14,57907,1,639942,-4,98557,-0,002654806,0,9902614,-0,001197969,-0,1391898,0,0,0,0,0,0,0,0,0,0,0,0,0,0,0,0,0,0,0,0,0,0,1,1,1,False
17,21127,-14,55907,1,639942,-4,905571,-0,002654806,0,9902614,-0,001197969,-0,1391898,0,0,0,0,0,0,0,0,0,0,0,0,0,0,0,0,0,0,0,0,0,0,1,1,1,False
17,22546,-14,52907,1,639942,-4,805571,-0,002654806,0,9902614,-0,001197969,-0,1391898,0,0,0,0,0,0,0,0,0,0,0,0,0,0,0,0,0,0,0,0,0,0,1,1,1,False
17,23979,-14,52907,1,639942,-4,785571,-0,002654806,0,9902614,-0,001197969,-0,1391898,0,0,0,0,0,0,0,0,0,0,0,0,0,0,0,0,0,0,0,0,0,0,1,1,1,False
17,25333,-14,51907,1,649942,-4,75557,-0,002654806,0,9902614,-0,001197969,-0,1391898,0,0,0,0,0,0,0,0,0,0,0,0,0,0,0,0,0,0,0,0,0,0,1,1,1,False
17,26698,-14,51907,1,649942,-4,75557,-0,002654806,0,9902614,-0,001197969,-0,1391898,0,0,0,0,0,0,0,0,0,0,0,0,0,0,0,0,0,0,0,0,0,0,1,1,1,False
17,28032,-14,51907,1,649942,-4,75557,-0,002654806,0,9902614,-0,001197969,-0,1391898,0,0,0,0,0,0,0,0,0,0,0,0,0,0,0,0,0,0,0,0,0,0,1,1,1,False
17,29354,-14,51907,1,649942,-4,75557,-0,002654806,0,9902614,-0,001197969,-0,1391898,0,0,0,0,0,0,0,0,0,0,0,0,0,0,0,0,0,0,0,0,0,0,1,1,1,False
17,30588,-14,51907,1,649942,-4,75557,-0,002654806,0,9902614,-0,001197969,-0,1391898,0,0,0,0,0,0,0,0,0,0,0,0,0,0,0,0,0,0,0,0,0,0,1,1,1,False
17,31948,-14,51907,1,649942,-4,75557,-0,002654806,0,9902614,-0,001197969,-0,1391898,0,0,0,0,0,0,0,0,0,0,0,0,0,0,0,0,0,0,0,0,0,0,1,1,1,False
17,33848,-14,51907,1,649942,-4,75557,-0,002654806,0,9902614,-0,001197969,-0,1391898,0,0,0,0,0,0,0,0,0,0,0,0,0,0,0,0,0,0,0,0,0,0,1,1,1,False
17,3517,-14,51907,1,649942,-4,75557,-0,002654806,0,9902614,-0,001197969,-0,1391898,0,0,0,0,0,0,0,0,0,0,0,0,0,0,0,0,0,0,0,0,0,0,1,1,1,False
17,36485,-14,51907,1,649942,-4,75557,-0,002654806,0,9902614,-0,001197969,-0,1391898,0,0,0,0,0,0,0,0,0,0,0,0,0,0,0,0,0,0,0,0,0,0,1,1,1,False
17,37823,-14,51907,1,649942,-4,75557,-0,002654806,0,9902614,-0,001197969,-0,1391898,0,0,0,0,0,0,0,0,0,0,0,0,0,0,0,0,0,0,0,0,0,0,1,1,1,False
17,39073,-14,51907,1,649942,-4,75557,-0,002654806,0,9902614,-0,001197969,-0,1391898,0,0,0,0,0,0,0,0,0,0,0,0,0,0,0,0,0,0,0,0,0,0,1,1,1,False
17,40437,-14,51907,1,649942,-4,75557,-0,002654806,0,9902614,-0,001197969,-0,1391898,0,0,0,0,0,0,0,0,0,0,0,0,0,0,0,0,0,0,0,0,0,0,1,1,1,False
17,41789,-14,51907,1,649942,-4,75557,-0,002654806,0,9902614,-0,001197969,-0,1391898,0,0,0,0,0,0,0,0,0,0,0,0,0,0,0,0,0,0,0,0,0,0,1,1,1,False
17,43016,-14,51907,1,649942,-4,75557,-0,002654806,0,9902614,-0,001197969,-0,1391898,0,0,0,0,0,0,0,0,0,0,0,0,0,0,0,0,0,0,0,0,0,0,1,1,1,False
17,44306,-14,51907,1,649942,-4,75557,-0,002654806,0,9902614,-0,001197969,-0,1391898,0,0,0,0,0,0,0,0,0,0,0,0,0,0,0,0,0,0,0,0,0,0,1,1,1,False
17,45608,-14,51907,1,649942,-4,75557,-0,002654806,0,9902614,-0,001197969,-0,1391898,0,0,0,0,0,0,0,0,0,0,0,0,0,0,0,0,0,0,0,0,0,0,1,1,1,False
17,47047,-14,51907,1,649942,-4,75557,-0,002654806,0,9902614,-0,001197969,-0,1391898,0,0,0,0,0,0,0,0,0,0,0,0,0,0,0,0,0,0,0,0,0,0,1,1,1,False
17,48466,-14,52907,1,639942,-4,785571,-0,002654806,0,9902614,-0,001197969,-0,1391898,0,0,0,0,0,0,0,0,0,0,0,0,0,0,0,0,0,0,0,0,0,0,1,1,1,False
17,49878,-14,53907,1,639942,-4,83557,-0,002654806,0,9902614,-0,001197969,-0,1391898,0,0,0,0,0,0,0,0,0,0,0,0,0,0,0,0,0,0,0,0,0,0,1,1,1,False
17,51236,-14,54907,1,639942,-4,85557,-0,002654806,0,9902614,-0,001197969,-0,1391898,0,0,0,0,0,0,0,0,0,0,0,0,0,0,0,0,0,0,0,0,0,0,1,1,1,False
17,52673,-14,56907,1,639942,-4,93557,-0,002654806,0,9902614,-0,001197969,-0,1391898,0,0,0,0,0,0,0,0,0,0,0,0,0,0,0,0,0,0,0,0,0,0,1,1,1,False
17,54071,-14,57907,1,639942,-4,96557,-0,002654806,0,9902614,-0,001197969,-0,1391898,0,0,0,0,0,0,0,0,0,0,0,0,0,0,0,0,0,0,0,0,0,0,1,1,1,False
17,55479,-14,58907,1,639942,-5,015571,-0,002654806,0,9902614,-0,001197969,-0,1391898,0,0,0,0,0,0,0,0,0,0,0,0,0,0,0,0,0,0,0,0,0,0,1,1,1,False
17,56817,-14,61907,1,639942,-5,095571,-0,002654806,0,9902614,-0,001197969,-0,1391898,0,0,0,0,0,0,0,0,0,0,0,0,0,0,0,0,0,0,0,0,0,0,1,1,1,False
17,5823,-14,63907,1,639942,-5,16557,-0,002654806,0,9902614,-0,001197969,-0,1391898,0,0,0,0,0,0,0,0,0,0,0,0,0,0,0,0,0,0,0,0,0,0,1,1,1,False
17,59684,-14,63907,1,639942,-5,19557,-0,002654806,0,9902614,-0,001197969,-0,1391898,0,0,0,0,0,0,0,0,0,0,0,0,0,0,0,0,0,0,0,0,0,0,1,1,1,False
17,61072,-14,66907,1,639942,-5,29557,-0,002654806,0,9902614,-0,001197969,-0,1391898,0,0,0,0,0,0,0,0,0,0,0,0,0,0,0,0,0,0,0,0,0,0,1,1,1,False
17,62486,-14,68907,1,639942,-5,345571,-0,002654806,0,9902614,-0,001197969,-0,1391898,0,0,0,0,0,0,0,0,0,0,0,0,0,0,0,0,0,0,0,0,0,0,1,1,1,False
17,64584,-14,71907,1,639942,-5,44557,-0,002654806,0,9902614,-0,001197969,-0,1391898,0,0,0,0,0,0,0,0,0,0,0,0,0,0,0,0,0,0,0,0,0,0,1,1,1,False
17,6599,-14,72907,1,639942,-5,50557,-0,002654806,0,9902614,-0,001197969,-0,1391898,0,0,0,0,0,0,0,0,0,0,0,0,0,0,0,0,0,0,0,0,0,0,1,1,1,False
17,67335,-14,74907,1,639942,-5,555571,-0,002654806,0,9902614,-0,001197969,-0,1391898,0,0,0,0,0,0,0,0,0,0,0,0,0,0,0,0,0,0,0,0,0,0,1,1,1,False
17,68735,-14,75907,1,639942,-5,575571,-0,002654806,0,9902614,-0,001197969,-0,1391898,0,0,0,0,0,0,0,0,0,0,0,0,0,0,0,0,0,0,0,0,0,0,1,1,1,False
17,70041,-14,75907,1,639942,-5,575571,-0,002654806,0,9902614,-0,001197969,-0,1391898,0,0,0,0,0,0,0,0,0,0,0,0,0,0,0,0,0,0,0,0,0,0,1,1,1,False
17,71466,-14,75907,1,639942,-5,60557,-0,002654806,0,9902614,-0,001197969,-0,1391898,0,0,0,0,0,0,0,0,0,0,0,0,0,0,0,0,0,0,0,0,0,0,1,1,1,False
17,72678,-14,75907,1,639942,-5,60557,-0,002654806,0,9902614,-0,001197969,-0,1391898,0,0,0,0,0,0,0,0,0,0,0,0,0,0,0,0,0,0,0,0,0,0,1,1,1,False
17,73985,-14,75907,1,639942,-5,60557,-0,002654806,0,9902614,-0,001197969,-0,1391898,0,0,0,0,0,0,0,0,0,0,0,0,0,0,0,0,0,0,0,0,0,0,1,1,1,False
17,75193,-14,75907,1,639942,-5,60557,-0,002654806,0,9902614,-0,001197969,-0,1391898,0,0,0,0,0,0,0,0,0,0,0,0,0,0,0,0,0,0,0,0,0,0,1,1,1,False
17,76504,-14,75907,1,639942,-5,60557,-0,002654806,0,9902614,-0,001197969,-0,1391898,0,0,0,0,0,0,0,0,0,0,0,0,0,0,0,0,0,0,0,0,0,0,1,1,1,False
17,77818,-14,75907,1,639942,-5,60557,-0,002654806,0,9902614,-0,001197969,-0,1391898,0,0,0,0,0,0,0,0,0,0,0,0,0,0,0,0,0,0,0,0,0,0,1,1,1,False
17,79804,-14,77907,1,639942,-5,655571,-0,002654806,0,9902614,-0,001197969,-0,1391898,0,0,0,0,0,0,0,0,0,0,0,0,0,0,0,0,0,0,0,0,0,0,1,1,1,False
17,81235,-14,77907,1,639942,-5,68557,-0,002654806,0,9902614,-0,001197969,-0,1391898,0,0,0,0,0,0,0,0,0,0,0,0,0,0,0,0,0,0,0,0,0,0,1,1,1,False
17,82556,-14,77907,1,639942,-5,68557,-0,002654806,0,9902614,-0,001197969,-0,1391898,0,0,0,0,0,0,0,0,0,0,0,0,0,0,0,0,0,0,0,0,0,0,1,1,1,False
17,83862,-14,77907,1,639942,-5,68557,-0,002654806,0,9902614,-0,001197969,-0,1391898,0,0,0,0,0,0,0,0,0,0,0,0,0,0,0,0,0,0,0,0,0,0,1,1,1,False
17,85096,-14,77907,1,639942,-5,68557,-0,002654806,0,9902614,-0,001197969,-0,1391898,0,0,0,0,0,0,0,0,0,0,0,0,0,0,0,0,0,0,0,0,0,0,1,1,1,False
17,86494,-14,78907,1,639942,-5,70557,-0,002654806,0,9902614,-0,001197969,-0,1391898,0,0,0,0,0,0,0,0,0,0,0,0,0,0,0,0,0,0,0,0,0,0,1,1,1,False
17,87885,-14,79907,1,639942,-5,73557,-0,002654806,0,9902614,-0,001197969,-0,1391898,0,0,0,0,0,0,0,0,0,0,0,0,0,0,0,0,0,0,0,0,0,0,1,1,1,False
17,89103,-14,79907,1,639942,-5,73557,-0,002654806,0,9902614,-0,001197969,-0,1391898,0,0,0,0,0,0,0,0,0,0,0,0,0,0,0,0,0,0,0,0,0,0,1,1,1,False
17,90492,-14,80907,1,639942,-5,75557,-0,002654806,0,9902614,-0,001197969,-0,1391898,0,0,0,0,0,0,0,0,0,0,0,0,0,0,0,0,0,0,0,0,0,0,1,1,1,False
17,91937,-14,80907,1,639942,-5,785571,-0,002654806,0,9902614,-0,001197969,-0,1391898,0,0,0,0,0,0,0,0,0,0,0,0,0,0,0,0,0,0,0,0,0,0,1,1,1,False
17,93176,-14,80907,1,639942,-5,785571,-0,002654806,0,9902614,-0,001197969,-0,1391898,0,0,0,0,0,0,0,0,0,0,0,0,0,0,0,0,0,0,0,0,0,0,1,1,1,False
17,95214,-14,80907,1,639942,-5,785571,-0,002654806,0,9902614,-0,001197969,-0,1391898,0,0,0,0,0,0,0,0,0,0,0,0,0,0,0,0,0,0,0,0,0,0,1,1,1,False
17,96521,-14,80907,1,639942,-5,785571,-0,002654806,0,9902614,-0,001197969,-0,1391898,0,0,0,0,0,0,0,0,0,0,0,0,0,0,0,0,0,0,0,0,0,0,1,1,1,False
17,97923,-14,80907,1,639942,-5,785571,-0,002654806,0,9902614,-0,001197969,-0,1391898,0,0,0,0,0,0,0,0,0,0,0,0,0,0,0,0,0,0,0,0,0,0,1,1,1,False
17,99139,-14,80907,1,639942,-5,785571,-0,002654806,0,9902614,-0,001197969,-0,1391898,0,0,0,0,0,0,0,0,0,0,0,0,0,0,0,0,0,0,0,0,0,0,1,1,1,False
18,0055,-14,81907,1,639942,-5,805571,-0,002654806,0,9902614,-0,001197969,-0,1391898,0,0,0,0,0,0,0,0,0,0,0,0,0,0,0,0,0,0,0,0,0,0,1,1,1,False
18,01887,-14,81907,1,639942,-5,805571,-0,002654806,0,9902614,-0,001197969,-0,1391898,0,0,0,0,0,0,0,0,0,0,0,0,0,0,0,0,0,0,0,0,0,0,1,1,1,False
18,03135,-14,81907,1,639942,-5,805571,-0,002654806,0,9902614,-0,001197969,-0,1391898,0,0,0,0,0,0,0,0,0,0,0,0,0,0,0,0,0,0,0,0,0,0,1,1,1,False
18,04527,-14,83907,1,639942,-5,865571,-0,002654806,0,9902614,-0,001197969,-0,1391898,0,0,0,0,0,0,0,0,0,0,0,0,0,0,0,0,0,0,0,0,0,0,1,1,1,False
18,05815,-14,83907,1,639942,-5,865571,-0,002654806,0,9902614,-0,001197969,-0,1391898,0,0,0,0,0,0,0,0,0,0,0,0,0,0,0,0,0,0,0,0,0,0,1,1,1,False
18,07124,-14,83907,1,639942,-5,885571,-0,002654806,0,9902614,-0,001197969,-0,1391898,0,0,0,0,0,0,0,0,0,0,0,0,0,0,0,0,0,0,0,0,0,0,1,1,1,False
18,08432,-14,83907,1,639942,-5,885571,-0,002654806,0,9902614,-0,001197969,-0,1391898,0,0,0,0,0,0,0,0,0,0,0,0,0,0,0,0,0,0,0,0,0,0,1,1,1,False
18,10504,-14,84907,1,639942,-5,91557,-0,002654806,0,9902614,-0,001197969,-0,1391898,0,0,0,0,0,0,0,0,0,0,0,0,0,0,0,0,0,0,0,0,0,0,1,1,1,False
18,11917,-14,85907,1,639942,-5,93557,-0,002654806,0,9902614,-0,001197969,-0,1391898,0,0,0,0,0,0,0,0,0,0,0,0,0,0,0,0,0,0,0,0,0,0,1,1,1,False
18,13277,-14,85907,1,639942,-5,96557,-0,002654806,0,9902614,-0,001197969,-0,1391898,0,0,0,0,0,0,0,0,0,0,0,0,0,0,0,0,0,0,0,0,0,0,1,1,1,False
18,14699,-14,86907,1,639942,-5,98557,-0,002654806,0,9902614,-0,001197969,-0,1391898,0,0,0,0,0,0,0,0,0,0,0,0,0,0,0,0,0,0,0,0,0,0,1,1,1,False
18,161,-14,87907,1,639942,-6,015571,-0,002654806,0,9902614,-0,001197969,-0,1391898,0,0,0,0,0,0,0,0,0,0,0,0,0,0,0,0,0,0,0,0,0,0,1,1,1,False
18,17488,-14,88907,1,639942,-6,06557,-0,002654806,0,9902614,-0,001197969,-0,1391898,0,0,0,0,0,0,0,0,0,0,0,0,0,0,0,0,0,0,0,0,0,0,1,1,1,False
18,18726,-14,88907,1,639942,-6,06557,-0,002654806,0,9902614,-0,001197969,-0,1391898,0,0,0,0,0,0,0,0,0,0,0,0,0,0,0,0,0,0,0,0,0,0,1,1,1,False
18,20111,-14,89907,1,639942,-6,08557,-0,002654806,0,9902614,-0,001197969,-0,1391898,0,0,0,0,0,0,0,0,0,0,0,0,0,0,0,0,0,0,0,0,0,0,1,1,1,False
18,21527,-14,90907,1,639942,-6,115571,-0,002654806,0,9902614,-0,001197969,-0,1391898,0,0,0,0,0,0,0,0,0,0,0,0,0,0,0,0,0,0,0,0,0,0,1,1,1,False
18,22747,-14,90907,1,639942,-6,115571,-0,002654806,0,9902614,-0,001197969,-0,1391898,0,0,0,0,0,0,0,0,0,0,0,0,0,0,0,0,0,0,0,0,0,0,1,1,1,False
18,24149,-14,91907,1,639942,-6,135571,-0,002654806,0,9902614,-0,001197969,-0,1391898,0,0,0,0,0,0,0,0,0,0,0,0,0,0,0,0,0,0,0,0,0,0,1,1,1,False
18,26142,-14,91907,1,639942,-6,135571,-0,002654806,0,9902614,-0,001197969,-0,1391898,0,0,0,0,0,0,0,0,0,0,0,0,0,0,0,0,0,0,0,0,0,0,1,1,1,False
18,27446,-14,91907,1,639942,-6,135571,-0,002654806,0,9902614,-0,001197969,-0,1391898,0,0,0,0,0,0,0,0,0,0,0,0,0,0,0,0,0,0,0,0,0,0,1,1,1,False
18,28667,-14,91907,1,639942,-6,135571,-0,002654806,0,9902614,-0,001197969,-0,1391898,0,0,0,0,0,0,0,0,0,0,0,0,0,0,0,0,0,0,0,0,0,0,1,1,1,False
18,30103,-14,91907,1,639942,-6,135571,-0,002654806,0,9902614,-0,001197969,-0,1391898,0,0,0,0,0,0,0,0,0,0,0,0,0,0,0,0,0,0,0,0,0,0,1,1,1,False
18,31504,-14,91907,1,639942,-6,16557,-0,002654806,0,9902614,-0,001197969,-0,1391898,0,0,0,0,0,0,0,0,0,0,0,0,0,0,0,0,0,0,0,0,0,0,1,1,1,False
18,32736,-14,91907,1,639942,-6,16557,-0,002654806,0,9902614,-0,001197969,-0,1391898,0,0,0,0,0,0,0,0,0,0,0,0,0,0,0,0,0,0,0,0,0,0,1,1,1,False
18,34136,-14,92907,1,639942,-6,19557,-0,002654806,0,9902614,-0,001197969,-0,1391898,0,0,0,0,0,0,0,0,0,0,0,0,0,0,0,0,0,0,0,0,0,0,1,1,1,False
18,35538,-14,93907,1,639942,-6,21557,-0,002654806,0,9902614,-0,001197969,-0,1391898,0,0,0,0,0,0,0,0,0,0,0,0,0,0,0,0,0,0,0,0,0,0,1,1,1,False
18,36865,-14,93907,1,639942,-6,21557,-0,002654806,0,9902614,-0,001197969,-0,1391898,0,0,0,0,0,0,0,0,0,0,0,0,0,0,0,0,0,0,0,0,0,0,1,1,1,False
18,38265,-14,93907,1,639942,-6,24557,-0,002654806,0,9902614,-0,001197969,-0,1391898,0,0,0,0,0,0,0,0,0,0,0,0,0,0,0,0,0,0,0,0,0,0,1,1,1,False
18,39563,-14,93907,1,639942,-6,24557,-0,002654806,0,9902614,-0,001197969,-0,1391898,0,0,0,0,0,0,0,0,0,0,0,0,0,0,0,0,0,0,0,0,0,0,1,1,1,False
18,41459,-14,93907,1,639942,-6,24557,-0,002654806,0,9902614,-0,001197969,-0,1391898,0,0,0,0,0,0,0,0,0,0,0,0,0,0,0,0,0,0,0,0,0,0,1,1,1,False
18,42966,-14,94907,1,639942,-6,265571,-0,002654806,0,9902614,-0,001197969,-0,1391898,0,0,0,0,0,0,0,0,0,0,0,0,0,0,0,0,0,0,0,0,0,0,1,1,1,False
18,44291,-14,94907,1,639942,-6,265571,-0,002654806,0,9902614,-0,001197969,-0,1391898,0,0,0,0,0,0,0,0,0,0,0,0,0,0,0,0,0,0,0,0,0,0,1,1,1,False
18,45621,-14,94907,1,639942,-6,265571,-0,002654806,0,9902614,-0,001197969,-0,1391898,0,0,0,0,0,0,0,0,0,0,0,0,0,0,0,0,0,0,0,0,0,0,1,1,1,False
18,46933,-14,95907,1,639942,-6,29557,-0,002654806,0,9902614,-0,001197969,-0,1391898,0,0,0,0,0,0,0,0,0,0,0,0,0,0,0,0,0,0,0,0,0,0,1,1,1,False
18,48231,-14,95907,1,639942,-6,29557,-0,002654806,0,9902614,-0,001197969,-0,1391898,0,0,0,0,0,0,0,0,0,0,0,0,0,0,0,0,0,0,0,0,0,0,1,1,1,False
18,49513,-14,95907,1,639942,-6,29557,-0,002654806,0,9902614,-0,001197969,-0,1391898,0,0,0,0,0,0,0,0,0,0,0,0,0,0,0,0,0,0,0,0,0,0,1,1,1,False
18,50726,-14,95907,1,639942,-6,29557,-0,002654806,0,9902614,-0,001197969,-0,1391898,0,0,0,0,0,0,0,0,0,0,0,0,0,0,0,0,0,0,0,0,0,0,1,1,1,False
18,52146,-14,95907,1,639942,-6,29557,-0,002654806,0,9902614,-0,001197969,-0,1391898,0,0,0,0,0,0,0,0,0,0,0,0,0,0,0,0,0,0,0,0,0,0,1,1,1,False
18,53542,-14,96907,1,639942,-6,325571,-0,002654806,0,9902614,-0,001197969,-0,1391898,0,0,0,0,0,0,0,0,0,0,0,0,0,0,0,0,0,0,0,0,0,0,1,1,1,False
18,54765,-14,96907,1,639942,-6,325571,-0,002654806,0,9902614,-0,001197969,-0,1391898,0,0,0,0,0,0,0,0,0,0,0,0,0,0,0,0,0,0,0,0,0,0,1,1,1,False
18,56765,-14,96907,1,639942,-6,325571,-0,002654806,0,9902614,-0,001197969,-0,1391898,0,0,0,0,0,0,0,0,0,0,0,0,0,0,0,0,0,0,0,0,0,0,1,1,1,False
18,58187,-14,97907,1,639942,-6,345571,-0,002654806,0,9902614,-0,001197969,-0,1391898,0,0,0,0,0,0,0,0,0,0,0,0,0,0,0,0,0,0,0,0,0,0,1,1,1,False
18,59513,-14,97907,1,639942,-6,345571,-0,002654806,0,9902614,-0,001197969,-0,1391898,0,0,0,0,0,0,0,0,0,0,0,0,0,0,0,0,0,0,0,0,0,0,1,1,1,False
18,60831,-14,97907,1,639942,-6,37557,-0,002654806,0,9902614,-0,001197969,-0,1391898,0,0,0,0,0,0,0,0,0,0,0,0,0,0,0,0,0,0,0,0,0,0,1,1,1,False
18,62199,-14,97907,1,639942,-6,37557,-0,002654806,0,9902614,-0,001197969,-0,1391898,0,0,0,0,0,0,0,0,0,0,0,0,0,0,0,0,0,0,0,0,0,0,1,1,1,False
18,63515,-14,97907,1,639942,-6,37557,-0,002654806,0,9902614,-0,001197969,-0,1391898,0,0,0,0,0,0,0,0,0,0,0,0,0,0,0,0,0,0,0,0,0,0,1,1,1,False
18,64789,-14,97907,1,639942,-6,37557,-0,002654806,0,9902614,-0,001197969,-0,1391898,0,0,0,0,0,0,0,0,0,0,0,0,0,0,0,0,0,0,0,0,0,0,1,1,1,False
18,66178,-14,97907,1,639942,-6,37557,-0,002654806,0,9902614,-0,001197969,-0,1391898,0,0,0,0,0,0,0,0,0,0,0,0,0,0,0,0,0,0,0,0,0,0,1,1,1,False
18,67492,-14,97907,1,639942,-6,37557,-0,002654806,0,9902614,-0,001197969,-0,1391898,0,0,0,0,0,0,0,0,0,0,0,0,0,0,0,0,0,0,0,0,0,0,1,1,1,False
18,68717,-14,97907,1,639942,-6,37557,-0,002654806,0,9902614,-0,001197969,-0,1391898,0,0,0,0,0,0,0,0,0,0,0,0,0,0,0,0,0,0,0,0,0,0,1,1,1,False
18,70127,-14,98907,1,639942,-6,405571,-0,002654806,0,9902614,-0,001197969,-0,1391898,0,0,0,0,0,0,0,0,0,0,0,0,0,0,0,0,0,0,0,0,0,0,1,1,1,False
18,72132,-14,98907,1,639942,-6,405571,-0,002654806,0,9902614,-0,001197969,-0,1391898,0,0,0,0,0,0,0,0,0,0,0,0,0,0,0,0,0,0,0,0,0,0,1,1,1,False
18,73435,-14,98907,1,639942,-6,405571,-0,002654806,0,9902614,-0,001197969,-0,1391898,0,0,0,0,0,0,0,0,0,0,0,0,0,0,0,0,0,0,0,0,0,0,1,1,1,False
18,74655,-14,98907,1,639942,-6,405571,-0,002654806,0,9902614,-0,001197969,-0,1391898,0,0,0,0,0,0,0,0,0,0,0,0,0,0,0,0,0,0,0,0,0,0,1,1,1,False
18,75951,-14,98907,1,639942,-6,405571,-0,002654806,0,9902614,-0,001197969,-0,1391898,0,0,0,0,0,0,0,0,0,0,0,0,0,0,0,0,0,0,0,0,0,0,1,1,1,False
18,77171,-14,98907,1,639942,-6,405571,-0,002654806,0,9902614,-0,001197969,-0,1391898,0,0,0,0,0,0,0,0,0,0,0,0,0,0,0,0,0,0,0,0,0,0,1,1,1,False
18,78472,-14,98907,1,639942,-6,405571,-0,002654806,0,9902614,-0,001197969,-0,1391898,0,0,0,0,0,0,0,0,0,0,0,0,0,0,0,0,0,0,0,0,0,0,1,1,1,False
18,79817,-14,98907,1,639942,-6,405571,-0,002654806,0,9902614,-0,001197969,-0,1391898,0,0,0,0,0,0,0,0,0,0,0,0,0,0,0,0,0,0,0,0,0,0,1,1,1,False
18,81203,-14,99907,1,639942,-6,42557,-0,002654806,0,9902614,-0,001197969,-0,1391898,0,0,0,0,0,0,0,0,0,0,0,0,0,0,0,0,0,0,0,0,0,0,1,1,1,False
18,82533,-14,99907,1,639942,-6,42557,-0,002654806,0,9902614,-0,001197969,-0,1391898,0,0,0,0,0,0,0,0,0,0,0,0,0,0,0,0,0,0,0,0,0,0,1,1,1,False
18,83858,-14,99907,1,639942,-6,42557,-0,002654806,0,9902614,-0,001197969,-0,1391898,0,0,0,0,0,0,0,0,0,0,0,0,0,0,0,0,0,0,0,0,0,0,1,1,1,False
18,85076,-14,99907,1,639942,-6,42557,-0,002654806,0,9902614,-0,001197969,-0,1391898,0,0,0,0,0,0,0,0,0,0,0,0,0,0,0,0,0,0,0,0,0,0,1,1,1,False
18,86394,-14,99907,1,639942,-6,42557,-0,002654806,0,9902614,-0,001197969,-0,1391898,0,0,0,0,0,0,0,0,0,0,0,0,0,0,0,0,0,0,0,0,0,0,1,1,1,False
18,88397,-14,99907,1,639942,-6,42557,-0,002654806,0,9902614,-0,001197969,-0,1391898,0,0,0,0,0,0,0,0,0,0,0,0,0,0,0,0,0,0,0,0,0,0,1,1,1,False
18,8975,-14,99907,1,639942,-6,42557,-0,002654806,0,9902614,-0,001197969,-0,1391898,0,0,0,0,0,0,0,0,0,0,0,0,0,0,0,0,0,0,0,0,0,0,1,1,1,False
18,9097,-14,99907,1,639942,-6,42557,-0,002654806,0,9902614,-0,001197969,-0,1391898,0,0,0,0,0,0,0,0,0,0,0,0,0,0,0,0,0,0,0,0,0,0,1,1,1,False
18,92318,-14,99907,1,639942,-6,42557,-0,002654806,0,9902614,-0,001197969,-0,1391898,0,0,0,0,0,0,0,0,0,0,0,0,0,0,0,0,0,0,0,0,0,0,1,1,1,False
18,93629,-14,99907,1,639942,-6,42557,-0,002654806,0,9902614,-0,001197969,-0,1391898,0,0,0,0,0,0,0,0,0,0,0,0,0,0,0,0,0,0,0,0,0,0,1,1,1,False
18,94847,-14,99907,1,639942,-6,42557,-0,002654806,0,9902614,-0,001197969,-0,1391898,0,0,0,0,0,0,0,0,0,0,0,0,0,0,0,0,0,0,0,0,0,0,1,1,1,False
18,96161,-14,99907,1,639942,-6,42557,-0,002654806,0,9902614,-0,001197969,-0,1391898,0,0,0,0,0,0,0,0,0,0,0,0,0,0,0,0,0,0,0,0,0,0,1,1,1,False
18,97477,-14,99907,1,639942,-6,42557,-0,002654806,0,9902614,-0,001197969,-0,1391898,0,0,0,0,0,0,0,0,0,0,0,0,0,0,0,0,0,0,0,0,0,0,1,1,1,False
18,98716,-14,99907,1,639942,-6,42557,-0,002654806,0,9902614,-0,001197969,-0,1391898,0,0,0,0,0,0,0,0,0,0,0,0,0,0,0,0,0,0,0,0,0,0,1,1,1,False
19,00039,-14,99907,1,639942,-6,42557,-0,002654806,0,9902614,-0,001197969,-0,1391898,0,0,0,0,0,0,0,0,0,0,0,0,0,0,0,0,0,0,0,0,0,0,1,1,1,False
19,01362,-14,99907,1,639942,-6,42557,-0,002654806,0,9902614,-0,001197969,-0,1391898,0,0,0,0,0,0,0,0,0,0,0,0,0,0,0,0,0,0,0,0,0,0,1,1,1,False
19,0282,-14,99907,1,639942,-6,42557,-0,002654806,0,9902614,-0,001197969,-0,1391898,0,0,0,0,0,0,0,0,0,0,0,0,0,0,0,0,0,0,0,0,0,0,1,1,1,False
19,04201,-14,99907,1,639942,-6,42557,-0,002654806,0,9902614,-0,001197969,-0,1391898,0,0,0,0,0,0,0,0,0,0,0,0,0,0,0,0,0,0,0,0,0,0,1,1,1,False
19,05544,-14,99907,1,639942,-6,42557,-0,002654806,0,9902614,-0,001197969,-0,1391898,0,0,0,0,0,0,0,0,0,0,0,0,0,0,0,0,0,0,0,0,0,0,1,1,1,False
19,06767,-14,99907,1,639942,-6,42557,-0,002654806,0,9902614,-0,001197969,-0,1391898,0,0,0,0,0,0,0,0,0,0,0,0,0,0,0,0,0,0,0,0,0,0,1,1,1,False
19,08083,-14,99907,1,639942,-6,42557,-0,002654806,0,9902614,-0,001197969,-0,1391898,0,0,0,0,0,0,0,0,0,0,0,0,0,0,0,0,0,0,0,0,0,0,1,1,1,False
19,09403,-14,99907,1,639942,-6,42557,-0,002654806,0,9902614,-0,001197969,-0,1391898,0,0,0,0,0,0,0,0,0,0,0,0,0,0,0,0,0,0,0,0,0,0,1,1,1,False
19,10624,-14,99907,1,639942,-6,42557,-0,002654806,0,9902614,-0,001197969,-0,1391898,0,0,0,0,0,0,0,0,0,0,0,0,0,0,0,0,0,0,0,0,0,0,1,1,1,False
19,12059,-14,99907,1,639942,-6,43557,-0,002654806,0,9902614,-0,001197969,-0,1391898,0,0,0,0,0,0,0,0,0,0,0,0,0,0,0,0,0,0,0,0,0,0,1,1,1,False
19,13525,-14,98907,1,639942,-6,405571,-0,002654806,0,9902614,-0,001197969,-0,1391898,0,0,0,0,0,0,0,0,0,0,0,0,0,0,0,0,0,0,0,0,0,0,1,1,1,False
19,14884,-14,96907,1,639942,-6,325571,-0,002654806,0,9902614,-0,001197969,-0,1391898,0,0,0,0,0,0,0,0,0,0,0,0,0,0,0,0,0,0,0,0,0,0,1,1,1,False
19,16399,-14,94907,1,639942,-6,25557,-0,002654806,0,9902614,-0,001197969,-0,1391898,0,0,0,0,0,0,0,0,0,0,0,0,0,0,0,0,0,0,0,0,0,0,1,1,1,False
19,17841,-14,92907,1,639942,-6,20557,-0,002654806,0,9902614,-0,001197969,-0,1391898,0,0,0,0,0,0,0,0,0,0,0,0,0,0,0,0,0,0,0,0,0,0,1,1,1,False
19,19833,-14,87907,1,639942,-6,02557,-0,002654806,0,9902614,-0,001197969,-0,1391898,0,0,0,0,0,0,0,0,0,0,0,0,0,0,0,0,0,0,0,0,0,0,1,1,1,False
19,21274,-14,82907,1,639942,-5,845571,-0,002654806,0,9902614,-0,001197969,-0,1391898,0,0,0,0,0,0,0,0,0,0,0,0,0,0,0,0,0,0,0,0,0,0,1,1,1,False
19,22712,-14,80907,1,639942,-5,765571,-0,002654806,0,9902614,-0,001197969,-0,1391898,0,0,0,0,0,0,0,0,0,0,0,0,0,0,0,0,0,0,0,0,0,0,1,1,1,False
19,24177,-14,76907,1,639942,-5,64557,-0,002654806,0,9902614,-0,001197969,-0,1391898,0,0,0,0,0,0,0,0,0,0,0,0,0,0,0,0,0,0,0,0,0,0,1,1,1,False
19,25591,-14,74907,1,639942,-5,56557,-0,002654806,0,9902614,-0,001197969,-0,1391898,0,0,0,0,0,0,0,0,0,0,0,0,0,0,0,0,0,0,0,0,0,0,1,1,1,False
19,26907,-14,73907,1,639942,-5,515571,-0,002654806,0,9902614,-0,001197969,-0,1391898,0,0,0,0,0,0,0,0,0,0,0,0,0,0,0,0,0,0,0,0,0,0,1,1,1,False
19,2823,-14,73907,1,639942,-5,515571,-0,002654806,0,9902614,-0,001197969,-0,1391898,0,0,0,0,0,0,0,0,0,0,0,0,0,0,0,0,0,0,0,0,0,0,1,1,1,False
19,29577,-14,73907,1,639942,-5,515571,-0,002654806,0,9902614,-0,001197969,-0,1391898,0,0,0,0,0,0,0,0,0,0,0,0,0,0,0,0,0,0,0,0,0,0,1,1,1,False
19,30786,-14,73907,1,639942,-5,515571,-0,002654806,0,9902614,-0,001197969,-0,1391898,0,0,0,0,0,0,0,0,0,0,0,0,0,0,0,0,0,0,0,0,0,0,1,1,1,False
19,32118,-14,73907,1,639942,-5,515571,-0,002654806,0,9902614,-0,001197969,-0,1391898,0,0,0,0,0,0,0,0,0,0,0,0,0,0,0,0,0,0,0,0,0,0,1,1,1,False
19,33506,-14,73907,1,639942,-5,515571,-0,002654806,0,9902614,-0,001197969,-0,1391898,0,0,0,0,0,0,0,0,0,0,0,0,0,0,0,0,0,0,0,0,0,0,1,1,1,False
19,35435,-14,73907,1,639942,-5,515571,-0,002654806,0,9902614,-0,001197969,-0,1391898,0,0,0,0,0,0,0,0,0,0,0,0,0,0,0,0,0,0,0,0,0,0,1,1,1,False
19,36831,-14,72907,1,639942,-5,49557,-0,002654806,0,9902614,-0,001197969,-0,1391898,0,0,0,0,0,0,0,0,0,0,0,0,0,0,0,0,0,0,0,0,0,0,1,1,1,False
19,38164,-14,72907,1,639942,-5,49557,-0,002654806,0,9902614,-0,001197969,-0,1391898,0,0,0,0,0,0,0,0,0,0,0,0,0,0,0,0,0,0,0,0,0,0,1,1,1,False
19,39581,-14,72907,1,639942,-5,49557,-0,002654806,0,9902614,-0,001197969,-0,1391898,0,0,0,0,0,0,0,0,0,0,0,0,0,0,0,0,0,0,0,0,0,0,1,1,1,False
19,40862,-14,72907,1,639942,-5,49557,-0,002654806,0,9902614,-0,001197969,-0,1391898,0,0,0,0,0,0,0,0,0,0,0,0,0,0,0,0,0,0,0,0,0,0,1,1,1,False
19,42225,-14,72907,1,639942,-5,49557,-0,002654806,0,9902614,-0,001197969,-0,1391898,0,0,0,0,0,0,0,0,0,0,0,0,0,0,0,0,0,0,0,0,0,0,1,1,1,False
19,43542,-14,72907,1,639942,-5,49557,-0,002654806,0,9902614,-0,001197969,-0,1391898,0,0,0,0,0,0,0,0,0,0,0,0,0,0,0,0,0,0,0,0,0,0,1,1,1,False
19,44759,-14,72907,1,639942,-5,49557,-0,002654806,0,9902614,-0,001197969,-0,1391898,0,0,0,0,0,0,0,0,0,0,0,0,0,0,0,0,0,0,0,0,0,0,1,1,1,False
19,46129,-14,72907,1,639942,-5,49557,-0,002654806,0,9902614,-0,001197969,-0,1391898,0,0,0,0,0,0,0,0,0,0,0,0,0,0,0,0,0,0,0,0,0,0,1,1,1,False
19,47443,-14,72907,1,639942,-5,49557,-0,002654806,0,9902614,-0,001197969,-0,1391898,0,0,0,0,0,0,0,0,0,0,0,0,0,0,0,0,0,0,0,0,0,0,1,1,1,False
19,48665,-14,72907,1,639942,-5,49557,-0,002654806,0,9902614,-0,001197969,-0,1391898,0,0,0,0,0,0,0,0,0,0,0,0,0,0,0,0,0,0,0,0,0,0,1,1,1,False
19,50678,-14,72907,1,639942,-5,49557,-0,002654806,0,9902614,-0,001197969,-0,1391898,0,0,0,0,0,0,0,0,0,0,0,0,0,0,0,0,0,0,0,0,0,0,1,1,1,False
19,52025,-14,72907,1,639942,-5,49557,-0,002654806,0,9902614,-0,001197969,-0,1391898,0,0,0,0,0,0,0,0,0,0,0,0,0,0,0,0,0,0,0,0,0,0,1,1,1,False
19,53354,-14,72907,1,639942,-5,49557,-0,002654806,0,9902614,-0,001197969,-0,1391898,0,0,0,0,0,0,0,0,0,0,0,0,0,0,0,0,0,0,0,0,0,0,1,1,1,False
19,54559,-14,72907,1,639942,-5,49557,-0,002654806,0,9902614,-0,001197969,-0,1391898,0,0,0,0,0,0,0,0,0,0,0,0,0,0,0,0,0,0,0,0,0,0,1,1,1,False
19,55872,-14,72907,1,639942,-5,49557,-0,002654806,0,9902614,-0,001197969,-0,1391898,0,0,0,0,0,0,0,0,0,0,0,0,0,0,0,0,0,0,0,0,0,0,1,1,1,False
19,57113,-14,72907,1,639942,-5,49557,-0,002654806,0,9902614,-0,001197969,-0,1391898,0,0,0,0,0,0,0,0,0,0,0,0,0,0,0,0,0,0,0,0,0,0,1,1,1,False
19,58625,-14,72907,1,639942,-5,49557,-0,002654806,0,9902614,-0,001197969,-0,1391898,0,0,0,0,0,0,0,0,0,0,0,0,0,0,0,0,0,0,0,0,0,0,1,1,1,False
19,59944,-14,72907,1,639942,-5,49557,-0,002654806,0,9902614,-0,001197969,-0,1391898,0,0,0,0,0,0,0,0,0,0,0,0,0,0,0,0,0,0,0,0,0,0,1,1,1,False
19,61159,-14,72907,1,639942,-5,49557,-0,002654806,0,9902614,-0,001197969,-0,1391898,0,0,0,0,0,0,0,0,0,0,0,0,0,0,0,0,0,0,0,0,0,0,1,1,1,False
19,62514,-14,72907,1,639942,-5,49557,-0,002654806,0,9902614,-0,001197969,-0,1391898,0,0,0,0,0,0,0,0,0,0,0,0,0,0,0,0,0,0,0,0,0,0,1,1,1,False
19,63855,-14,72907,1,639942,-5,49557,-0,002654806,0,9902614,-0,001197969,-0,1391898,0,0,0,0,0,0,0,0,0,0,0,0,0,0,0,0,0,0,0,0,0,0,1,1,1,False
19,65067,-14,72907,1,639942,-5,49557,-0,002654806,0,9902614,-0,001197969,-0,1391898,0,0,0,0,0,0,0,0,0,0,0,0,0,0,0,0,0,0,0,0,0,0,1,1,1,False
19,66375,-14,72907,1,639942,-5,49557,-0,002654806,0,9902614,-0,001197969,-0,1391898,0,0,0,0,0,0,0,0,0,0,0,0,0,0,0,0,0,0,0,0,0,0,1,1,1,False
19,67742,-14,72907,1,639942,-5,49557,-0,002654806,0,9902614,-0,001197969,-0,1391898,0,0,0,0,0,0,0,0,0,0,0,0,0,0,0,0,0,0,0,0,0,0,1,1,1,False
19,69025,-14,72907,1,639942,-5,49557,-0,002654806,0,9902614,-0,001197969,-0,1391898,0,0,0,0,0,0,0,0,0,0,0,0,0,0,0,0,0,0,0,0,0,0,1,1,1,False
19,7046,-14,72907,1,639942,-5,49557,-0,002654806,0,9902614,-0,001197969,-0,1391898,0,0,0,0,0,0,0,0,0,0,0,0,0,0,0,0,0,0,0,0,0,0,1,1,1,False
19,7182,-14,72907,1,639942,-5,49557,-0,002654806,0,9902614,-0,001197969,-0,1391898,0,0,0,0,0,0,0,0,0,0,0,0,0,0,0,0,0,0,0,0,0,0,1,1,1,False
19,73051,-14,72907,1,639942,-5,49557,-0,002654806,0,9902614,-0,001197969,-0,1391898,0,0,0,0,0,0,0,0,0,0,0,0,0,0,0,0,0,0,0,0,0,0,1,1,1,False
19,74438,-14,72907,1,639942,-5,49557,-0,002654806,0,9902614,-0,001197969,-0,1391898,0,0,0,0,0,0,0,0,0,0,0,0,0,0,0,0,0,0,0,0,0,0,1,1,1,False
19,76001,-14,71907,1,639942,-5,46557,-0,002654806,0,9902614,-0,001197969,-0,1391898,0,0,0,0,0,0,0,0,0,0,0,0,0,0,0,0,0,0,0,0,0,0,1,1,1,False
19,77559,-14,71907,1,639942,-5,43557,-0,002654806,0,9902614,-0,001197969,-0,1391898,0,0,0,0,0,0,0,0,0,0,0,0,0,0,0,0,0,0,0,0,0,0,1,1,1,False
19,7892,-14,71907,1,639942,-5,43557,-0,002654806,0,9902614,-0,001197969,-0,1391898,0,0,0,0,0,0,0,0,0,0,0,0,0,0,0,0,0,0,0,0,0,0,1,1,1,False
19,8119,-14,69907,1,639942,-5,385571,-0,002654806,0,9902614,-0,001197969,-0,1391898,0,0,0,0,0,0,0,0,0,0,0,0,0,0,0,0,0,0,0,0,0,0,1,1,1,False
19,82617,-14,69907,1,639942,-5,385571,-0,002654806,0,9902614,-0,001197969,-0,1391898,0,0,0,0,0,0,0,0,0,0,0,0,0,0,0,0,0,0,0,0,0,0,1,1,1,False
19,84094,-14,69907,1,639942,-5,385571,-0,002654806,0,9902614,-0,001197969,-0,1391898,0,0,0,0,0,0,0,0,0,0,0,0,0,0,0,0,0,0,0,0,0,0,1,1,1,False
19,85521,-14,69907,1,639942,-5,385571,-0,002654806,0,9902614,-0,001197969,-0,1391898,0,0,0,0,0,0,0,0,0,0,0,0,0,0,0,0,0,0,0,0,0,0,1,1,1,False
19,86879,-14,69907,1,639942,-5,385571,-0,002654806,0,9902614,-0,001197969,-0,1391898,0,0,0,0,0,0,0,0,0,0,0,0,0,0,0,0,0,0,0,0,0,0,1,1,1,False
19,88321,-14,69907,1,639942,-5,385571,-0,002654806,0,9902614,-0,001197969,-0,1391898,0,0,0,0,0,0,0,0,0,0,0,0,0,0,0,0,0,0,0,0,0,0,1,1,1,False
19,89839,-14,69907,1,639942,-5,385571,-0,002654806,0,9902614,-0,001197969,-0,1391898,0,0,0,0,0,0,0,0,0,0,0,0,0,0,0,0,0,0,0,0,0,0,1,1,1,False
19,91186,-14,69907,1,639942,-5,385571,-0,002654806,0,9902614,-0,001197969,-0,1391898,0,0,0,0,0,0,0,0,0,0,0,0,0,0,0,0,0,0,0,0,0,0,1,1,1,False
19,92644,-14,69907,1,639942,-5,385571,-0,002654806,0,9902614,-0,001197969,-0,1391898,0,0,0,0,0,0,0,0,0,0,0,0,0,0,0,0,0,0,0,0,0,0,1,1,1,False
19,94137,-14,69907,1,639942,-5,385571,-0,002654806,0,9902614,-0,001197969,-0,1391898,0,0,0,0,0,0,0,0,0,0,0,0,0,0,0,0,0,0,0,0,0,0,1,1,1,False
19,96398,-14,69907,1,639942,-5,385571,-0,002654806,0,9902614,-0,001197969,-0,1391898,0,0,0,0,0,0,0,0,0,0,0,0,0,0,0,0,0,0,0,0,0,0,1,1,1,False
19,97825,-14,69907,1,639942,-5,385571,-0,002654806,0,9902614,-0,001197969,-0,1391898,0,0,0,0,0,0,0,0,0,0,0,0,0,0,0,0,0,0,0,0,0,0,1,1,1,False
19,99186,-14,69907,1,639942,-5,385571,-0,002654806,0,9902614,-0,001197969,-0,1391898,0,0,0,0,0,0,0,0,0,0,0,0,0,0,0,0,0,0,0,0,0,0,1,1,1,False
20,00666,-14,69907,1,639942,-5,385571,-0,002654806,0,9902614,-0,001197969,-0,1391898,0,0,0,0,0,0,0,0,0,0,0,0,0,0,0,0,0,0,0,0,0,0,1,1,1,False
20,02296,-14,71907,1,639942,-5,43557,-0,002654806,0,9902614,-0,001197969,-0,1391898,0,0,0,0,0,0,0,0,0,0,0,0,0,0,0,0,0,0,0,0,0,0,1,1,1,False
20,04106,-14,72907,1,639942,-5,49557,-0,002654806,0,9902614,-0,001197969,-0,1391898,0,0,0,0,0,0,0,0,0,0,0,0,0,0,0,0,0,0,0,0,0,0,1,1,1,False
20,05677,-14,74907,1,639942,-5,56557,-0,002654806,0,9902614,-0,001197969,-0,1391898,0,0,0,0,0,0,0,0,0,0,0,0,0,0,0,0,0,0,0,0,0,0,1,1,1,False
20,07163,-14,75907,1,639942,-5,595571,-0,002654806,0,9902614,-0,001197969,-0,1391898,0,0,0,0,0,0,0,0,0,0,0,0,0,0,0,0,0,0,0,0,0,0,1,1,1,False
20,08698,-14,76907,1,639942,-5,62557,-0,002654806,0,9902614,-0,001197969,-0,1391898,0,0,0,0,0,0,0,0,0,0,0,0,0,0,0,0,0,0,0,0,0,0,1,1,1,False
20,1026,-14,77907,1,639942,-5,64557,-0,002654806,0,9902614,-0,001197969,-0,1391898,0,0,0,0,0,0,0,0,0,0,0,0,0,0,0,0,0,0,0,0,0,0,1,1,1,False
20,12611,-14,77907,1,639942,-5,67557,-0,002654806,0,9902614,-0,001197969,-0,1391898,0,0,0,0,0,0,0,0,0,0,0,0,0,0,0,0,0,0,0,0,0,0,1,1,1,False
20,14175,-14,80907,1,639942,-5,75557,-0,002654806,0,9902614,-0,001197969,-0,1391898,0,0,0,0,0,0,0,0,0,0,0,0,0,0,0,0,0,0,0,0,0,0,1,1,1,False
20,15725,-14,82907,1,639942,-5,83557,-0,002654806,0,9902614,-0,001197969,-0,1391898,0,0,0,0,0,0,0,0,0,0,0,0,0,0,0,0,0,0,0,0,0,0,1,1,1,False
20,17215,-14,84907,1,639942,-5,91557,-0,002654806,0,9902614,-0,001197969,-0,1391898,0,0,0,0,0,0,0,0,0,0,0,0,0,0,0,0,0,0,0,0,0,0,1,1,1,False
20,1874,-14,87907,1,639942,-6,015571,-0,002654806,0,9902614,-0,001197969,-0,1391898,0,0,0,0,0,0,0,0,0,0,0,0,0,0,0,0,0,0,0,0,0,0,1,1,1,False
20,20298,-14,88907,1,639942,-6,04557,-0,002654806,0,9902614,-0,001197969,-0,1391898,0,0,0,0,0,0,0,0,0,0,0,0,0,0,0,0,0,0,0,0,0,0,1,1,1,False
20,21839,-14,89907,1,639942,-6,095571,-0,002654806,0,9902614,-0,001197969,-0,1391898,0,0,0,0,0,0,0,0,0,0,0,0,0,0,0,0,0,0,0,0,0,0,1,1,1,False
20,23344,-14,90907,1,639942,-6,12557,-0,002654806,0,9902614,-0,001197969,-0,1391898,0,0,0,0,0,0,0,0,0,0,0,0,0,0,0,0,0,0,0,0,0,0,1,1,1,False
20,2479,-14,90907,1,639942,-6,12557,-0,002654806,0,9902614,-0,001197969,-0,1391898,0,0,0,0,0,0,0,0,0,0,0,0,0,0,0,0,0,0,0,0,0,0,1,1,1,False
20,26348,-14,91907,1,639942,-6,14557,-0,002654806,0,9902614,-0,001197969,-0,1391898,0,0,0,0,0,0,0,0,0,0,0,0,0,0,0,0,0,0,0,0,0,0,1,1,1,False
20,28697,-14,92907,1,639942,-6,17557,-0,002654806,0,9902614,-0,001197969,-0,1391898,0,0,0,0,0,0,0,0,0,0,0,0,0,0,0,0,0,0,0,0,0,0,1,1,1,False
20,30261,-14,92907,1,639942,-6,20557,-0,002654806,0,9902614,-0,001197969,-0,1391898,0,0,0,0,0,0,0,0,0,0,0,0,0,0,0,0,0,0,0,0,0,0,1,1,1,False
20,31803,-14,93907,1,639942,-6,22557,-0,002654806,0,9902614,-0,001197969,-0,1391898,0,0,0,0,0,0,0,0,0,0,0,0,0,0,0,0,0,0,0,0,0,0,1,1,1,False
20,3326,-14,94907,1,639942,-6,25557,-0,002654806,0,9902614,-0,001197969,-0,1391898,0,0,0,0,0,0,0,0,0,0,0,0,0,0,0,0,0,0,0,0,0,0,1,1,1,False
20,34866,-14,95907,1,639942,-6,27557,-0,002654806,0,9902614,-0,001197969,-0,1391898,0,0,0,0,0,0,0,0,0,0,0,0,0,0,0,0,0,0,0,0,0,0,1,1,1,False
20,36538,-14,95907,1,639942,-6,305571,-0,002654806,0,9902614,-0,001197969,-0,1391898,0,0,0,0,0,0,0,0,0,0,0,0,0,0,0,0,0,0,0,0,0,0,1,1,1,False
20,37989,-14,95907,1,639942,-6,305571,-0,002654806,0,9902614,-0,001197969,-0,1391898,0,0,0,0,0,0,0,0,0,0,0,0,0,0,0,0,0,0,0,0,0,0,1,1,1,False
20,39325,-14,95907,1,639942,-6,305571,-0,002654806,0,9902614,-0,001197969,-0,1391898,0,0,0,0,0,0,0,0,0,0,0,0,0,0,0,0,0,0,0,0,0,0,1,1,1,False
20,40867,-14,96907,1,639942,-6,325571,-0,002654806,0,9902614,-0,001197969,-0,1391898,0,0,0,0,0,0,0,0,0,0,0,0,0,0,0,0,0,0,0,0,0,0,1,1,1,False
20,42346,-14,96907,1,639942,-6,325571,-0,002654806,0,9902614,-0,001197969,-0,1391898,0,0,0,0,0,0,0,0,0,0,0,0,0,0,0,0,0,0,0,0,0,0,1,1,1,False
20,44723,-14,97907,1,639942,-6,35557,-0,002654806,0,9902614,-0,001197969,-0,1391898,0,0,0,0,0,0,0,0,0,0,0,0,0,0,0,0,0,0,0,0,0,0,1,1,1,False
20,46118,-14,97907,1,639942,-6,35557,-0,002654806,0,9902614,-0,001197969,-0,1391898,0,0,0,0,0,0,0,0,0,0,0,0,0,0,0,0,0,0,0,0,0,0,1,1,1,False
20,47661,-14,97907,1,639942,-6,385571,-0,002654806,0,9902614,-0,001197969,-0,1391898,0,0,0,0,0,0,0,0,0,0,0,0,0,0,0,0,0,0,0,0,0,0,1,1,1,False
20,49138,-14,98907,1,639942,-6,405571,-0,002654806,0,9902614,-0,001197969,-0,1391898,0,0,0,0,0,0,0,0,0,0,0,0,0,0,0,0,0,0,0,0,0,0,1,1,1,False
20,5059,-14,98907,1,639942,-6,405571,-0,002654806,0,9902614,-0,001197969,-0,1391898,0,0,0,0,0,0,0,0,0,0,0,0,0,0,0,0,0,0,0,0,0,0,1,1,1,False
20,52017,-14,98907,1,639942,-6,405571,-0,002654806,0,9902614,-0,001197969,-0,1391898,0,0,0,0,0,0,0,0,0,0,0,0,0,0,0,0,0,0,0,0,0,0,1,1,1,False
20,53484,-14,98907,1,639942,-6,405571,-0,002654806,0,9902614,-0,001197969,-0,1391898,0,0,0,0,0,0,0,0,0,0,0,0,0,0,0,0,0,0,0,0,0,0,1,1,1,False
20,54834,-14,98907,1,639942,-6,405571,-0,002654806,0,9902614,-0,001197969,-0,1391898,0,0,0,0,0,0,0,0,0,0,0,0,0,0,0,0,0,0,0,0,0,0,1,1,1,False
20,563,-14,98907,1,639942,-6,405571,-0,002654806,0,9902614,-0,001197969,-0,1391898,0,0,0,0,0,0,0,0,0,0,0,0,0,0,0,0,0,0,0,0,0,0,1,1,1,False
20,57784,-14,98907,1,639942,-6,405571,-0,002654806,0,9902614,-0,001197969,-0,1391898,0,0,0,0,0,0,0,0,0,0,0,0,0,0,0,0,0,0,0,0,0,0,1,1,1,False
20,59883,-14,98907,1,639942,-6,405571,-0,002654806,0,9902614,-0,001197969,-0,1391898,0,0,0,0,0,0,0,0,0,0,0,0,0,0,0,0,0,0,0,0,0,0,1,1,1,False
20,61316,-14,98907,1,639942,-6,405571,-0,002654806,0,9902614,-0,001197969,-0,1391898,0,0,0,0,0,0,0,0,0,0,0,0,0,0,0,0,0,0,0,0,0,0,1,1,1,False
20,62824,-14,98907,1,639942,-6,405571,-0,002654806,0,9902614,-0,001197969,-0,1391898,0,0,0,0,0,0,0,0,0,0,0,0,0,0,0,0,0,0,0,0,0,0,1,1,1,False
20,64327,-14,98907,1,639942,-6,405571,-0,002654806,0,9902614,-0,001197969,-0,1391898,0,0,0,0,0,0,0,0,0,0,0,0,0,0,0,0,0,0,0,0,0,0,1,1,1,False
20,65831,-14,98907,1,639942,-6,405571,-0,002654806,0,9902614,-0,001197969,-0,1391898,0,0,0,0,0,0,0,0,0,0,0,0,0,0,0,0,0,0,0,0,0,0,1,1,1,False
20,67172,-14,98907,1,639942,-6,405571,-0,002654806,0,9902614,-0,001197969,-0,1391898,0,0,0,0,0,0,0,0,0,0,0,0,0,0,0,0,0,0,0,0,0,0,1,1,1,False
20,68597,-14,98907,1,639942,-6,405571,-0,002654806,0,9902614,-0,001197969,-0,1391898,0,0,0,0,0,0,0,0,0,0,0,0,0,0,0,0,0,0,0,0,0,0,1,1,1,False
20,70021,-14,98907,1,639942,-6,405571,-0,002654806,0,9902614,-0,001197969,-0,1391898,0,0,0,0,0,0,0,0,0,0,0,0,0,0,0,0,0,0,0,0,0,0,1,1,1,False
20,71857,-14,98907,1,639942,-6,405571,-0,002654806,0,9902614,-0,001197969,-0,1391898,0,0,0,0,0,0,0,0,0,0,0,0,0,0,0,0,0,0,0,0,0,0,1,1,1,False
20,7327,-14,98907,1,639942,-6,405571,-0,002654806,0,9902614,-0,001197969,-0,1391898,0,0,0,0,0,0,0,0,0,0,0,0,0,0,0,0,0,0,0,0,0,0,1,1,1,False
20,74729,-14,98907,1,639942,-6,405571,-0,002654806,0,9902614,-0,001197969,-0,1391898,0,0,0,0,0,0,0,0,0,0,0,0,0,0,0,0,0,0,0,0,0,0,1,1,1,False
20,76183,-14,98907,1,639942,-6,405571,-0,002654806,0,9902614,-0,001197969,-0,1391898,0,0,0,0,0,0,0,0,0,0,0,0,0,0,0,0,0,0,0,0,0,0,1,1,1,False
20,77648,-14,98907,1,639942,-6,405571,-0,002654806,0,9902614,-0,001197969,-0,1391898,0,0,0,0,0,0,0,0,0,0,0,0,0,0,0,0,0,0,0,0,0,0,1,1,1,False
20,78975,-14,98907,1,639942,-6,405571,-0,002654806,0,9902614,-0,001197969,-0,1391898,0,0,0,0,0,0,0,0,0,0,0,0,0,0,0,0,0,0,0,0,0,0,1,1,1,False
20,80399,-14,98907,1,639942,-6,405571,-0,002654806,0,9902614,-0,001197969,-0,1391898,0,0,0,0,0,0,0,0,0,0,0,0,0,0,0,0,0,0,0,0,0,0,1,1,1,False
20,81967,-14,97907,1,639942,-6,385571,-0,002654806,0,9902614,-0,001197969,-0,1391898,0,0,0,0,0,0,0,0,0,0,0,0,0,0,0,0,0,0,0,0,0,0,1,1,1,False
20,8344,-14,95907,1,639942,-6,305571,-0,002654806,0,9902614,-0,001197969,-0,1391898,0,0,0,0,0,0,0,0,0,0,0,0,0,0,0,0,0,0,0,0,0,0,1,1,1,False
20,85027,-14,92907,1,639942,-6,20557,-0,002654806,0,9902614,-0,001197969,-0,1391898,0,0,0,0,0,0,0,0,0,0,0,0,0,0,0,0,0,0,0,0,0,0,1,1,1,False
20,866,-14,89907,1,639942,-6,095571,-0,002654806,0,9902614,-0,001197969,-0,1391898,0,0,0,0,0,0,0,0,0,0,0,0,0,0,0,0,0,0,0,0,0,0,1,1,1,False
20,88241,-14,87907,1,639942,-6,02557,-0,002654806,0,9902614,-0,001197969,-0,1391898,0,0,0,0,0,0,0,0,0,0,0,0,0,0,0,0,0,0,0,0,0,0,1,1,1,False
20,89818,-14,86907,1,639942,-5,97557,-0,002654806,0,9902614,-0,001197969,-0,1391898,0,0,0,0,0,0,0,0,0,0,0,0,0,0,0,0,0,0,0,0,0,0,1,1,1,False
20,92113,-14,84907,1,639942,-5,89557,-0,002654806,0,9902614,-0,001197969,-0,1391898,0,0,0,0,0,0,0,0,0,0,0,0,0,0,0,0,0,0,0,0,0,0,1,1,1,False
20,93697,-14,81907,1,639942,-5,81557,-0,002654806,0,9902614,-0,001197969,-0,1391898,0,0,0,0,0,0,0,0,0,0,0,0,0,0,0,0,0,0,0,0,0,0,1,1,1,False
20,95069,-14,81907,1,639942,-5,81557,-0,002654806,0,9902614,-0,001197969,-0,1391898,0,0,0,0,0,0,0,0,0,0,0,0,0,0,0,0,0,0,0,0,0,0,1,1,1,False
20,96615,-14,81907,1,639942,-5,79557,-0,002654806,0,9902614,-0,001197969,-0,1391898,0,0,0,0,0,0,0,0,0,0,0,0,0,0,0,0,0,0,0,0,0,0,1,1,1,False
20,98089,-14,81907,1,639942,-5,79557,-0,002654806,0,9902614,-0,001197969,-0,1391898,0,0,0,0,0,0,0,0,0,0,0,0,0,0,0,0,0,0,0,0,0,0,1,1,1,False
20,9955,-14,81907,1,639942,-5,79557,-0,002654806,0,9902614,-0,001197969,-0,1391898,0,0,0,0,0,0,0,0,0,0,0,0,0,0,0,0,0,0,0,0,0,0,1,1,1,False
21,0089,-14,81907,1,639942,-5,79557,-0,002654806,0,9902614,-0,001197969,-0,1391898,0,0,0,0,0,0,0,0,0,0,0,0,0,0,0,0,0,0,0,0,0,0,1,1,1,False
21,023,-14,81907,1,639942,-5,79557,-0,002654806,0,9902614,-0,001197969,-0,1391898,0,0,0,0,0,0,0,0,0,0,0,0,0,0,0,0,0,0,0,0,0,0,1,1,1,False
21,03753,-14,81907,1,639942,-5,79557,-0,002654806,0,9902614,-0,001197969,-0,1391898,0,0,0,0,0,0,0,0,0,0,0,0,0,0,0,0,0,0,0,0,0,0,1,1,1,False
21,05132,-14,81907,1,639942,-5,79557,-0,002654806,0,9902614,-0,001197969,-0,1391898,0,0,0,0,0,0,0,0,0,0,0,0,0,0,0,0,0,0,0,0,0,0,1,1,1,False
21,07393,-14,81907,1,639942,-5,79557,-0,002654806,0,9902614,-0,001197969,-0,1391898,0,0,0,0,0,0,0,0,0,0,0,0,0,0,0,0,0,0,0,0,0,0,1,1,1,False
21,08815,-14,81907,1,639942,-5,79557,-0,002654806,0,9902614,-0,001197969,-0,1391898,0,0,0,0,0,0,0,0,0,0,0,0,0,0,0,0,0,0,0,0,0,0,1,1,1,False
21,10249,-14,81907,1,639942,-5,79557,-0,002654806,0,9902614,-0,001197969,-0,1391898,0,0,0,0,0,0,0,0,0,0,0,0,0,0,0,0,0,0,0,0,0,0,1,1,1,False
21,11708,-14,81907,1,639942,-5,79557,-0,002654806,0,9902614,-0,001197969,-0,1391898,0,0,0,0,0,0,0,0,0,0,0,0,0,0,0,0,0,0,0,0,0,0,1,1,1,False
21,13072,-14,81907,1,639942,-5,79557,-0,002654806,0,9902614,-0,001197969,-0,1391898,0,0,0,0,0,0,0,0,0,0,0,0,0,0,0,0,0,0,0,0,0,0,1,1,1,False
21,1453,-14,81907,1,639942,-5,79557,-0,002654806,0,9902614,-0,001197969,-0,1391898,0,0,0,0,0,0,0,0,0,0,0,0,0,0,0,0,0,0,0,0,0,0,1,1,1,False
21,15957,-14,81907,1,639942,-5,79557,-0,002654806,0,9902614,-0,001197969,-0,1391898,0,0,0,0,0,0,0,0,0,0,0,0,0,0,0,0,0,0,0,0,0,0,1,1,1,False
21,17301,-14,81907,1,639942,-5,79557,-0,002654806,0,9902614,-0,001197969,-0,1391898,0,0,0,0,0,0,0,0,0,0,0,0,0,0,0,0,0,0,0,0,0,0,1,1,1,False
21,19101,-14,81907,1,639942,-5,81557,-0,002654806,0,9902614,-0,001197969,-0,1391898,0,0,0,0,0,0,0,0,0,0,0,0,0,0,0,0,0,0,0,0,0,0,1,1,1,False
21,20667,-14,83907,1,639942,-5,865571,-0,002654806,0,9902614,-0,001197969,-0,1391898,0,0,0,0,0,0,0,0,0,0,0,0,0,0,0,0,0,0,0,0,0,0,1,1,1,False
21,2299,-14,85907,1,639942,-5,94557,-0,002654806,0,9902614,-0,001197969,-0,1391898,0,0,0,0,0,0,0,0,0,0,0,0,0,0,0,0,0,0,0,0,0,0,1,1,1,False
21,24539,-14,87907,1,639942,-5,99557,-0,002654806,0,9902614,-0,001197969,-0,1391898,0,0,0,0,0,0,0,0,0,0,0,0,0,0,0,0,0,0,0,0,0,0,1,1,1,False
21,26075,-14,88907,1,639942,-6,055571,-0,002654806,0,9902614,-0,001197969,-0,1391898,0,0,0,0,0,0,0,0,0,0,0,0,0,0,0,0,0,0,0,0,0,0,1,1,1,False
21,27599,-14,90907,1,639942,-6,10557,-0,002654806,0,9902614,-0,001197969,-0,1391898,0,0,0,0,0,0,0,0,0,0,0,0,0,0,0,0,0,0,0,0,0,0,1,1,1,False
21,29067,-14,90907,1,639942,-6,135571,-0,002654806,0,9902614,-0,001197969,-0,1391898,0,0,0,0,0,0,0,0,0,0,0,0,0,0,0,0,0,0,0,0,0,0,1,1,1,False
21,3062,-14,91907,1,639942,-6,155571,-0,002654806,0,9902614,-0,001197969,-0,1391898,0,0,0,0,0,0,0,0,0,0,0,0,0,0,0,0,0,0,0,0,0,0,1,1,1,False
21,32214,-14,93907,1,639942,-6,20557,-0,002654806,0,9902614,-0,001197969,-0,1391898,0,0,0,0,0,0,0,0,0,0,0,0,0,0,0,0,0,0,0,0,0,0,1,1,1,False
21,33815,-14,94907,1,639942,-6,265571,-0,002654806,0,9902614,-0,001197969,-0,1391898,0,0,0,0,0,0,0,0,0,0,0,0,0,0,0,0,0,0,0,0,0,0,1,1,1,False
21,35159,-14,94907,1,639942,-6,265571,-0,002654806,0,9902614,-0,001197969,-0,1391898,0,0,0,0,0,0,0,0,0,0,0,0,0,0,0,0,0,0,0,0,0,0,1,1,1,False
21,36745,-14,95907,1,639942,-6,285571,-0,002654806,0,9902614,-0,001197969,-0,1391898,0,0,0,0,0,0,0,0,0,0,0,0,0,0,0,0,0,0,0,0,0,0,1,1,1,False
21,39073,-14,95907,1,639942,-6,285571,-0,002654806,0,9902614,-0,001197969,-0,1391898,0,0,0,0,0,0,0,0,0,0,0,0,0,0,0,0,0,0,0,0,0,0,1,1,1,False
21,40594,-14,95907,1,639942,-6,285571,-0,002654806,0,9902614,-0,001197969,-0,1391898,0,0,0,0,0,0,0,0,0,0,0,0,0,0,0,0,0,0,0,0,0,0,1,1,1,False
21,42049,-14,95907,1,639942,-6,285571,-0,002654806,0,9902614,-0,001197969,-0,1391898,0,0,0,0,0,0,0,0,0,0,0,0,0,0,0,0,0,0,0,0,0,0,1,1,1,False
21,435,-14,95907,1,639942,-6,285571,-0,002654806,0,9902614,-0,001197969,-0,1391898,0,0,0,0,0,0,0,0,0,0,0,0,0,0,0,0,0,0,0,0,0,0,1,1,1,False
21,44869,-14,95907,1,639942,-6,285571,-0,002654806,0,9902614,-0,001197969,-0,1391898,0,0,0,0,0,0,0,0,0,0,0,0,0,0,0,0,0,0,0,0,0,0,1,1,1,False
21,46346,-14,95907,1,639942,-6,285571,-0,002654806,0,9902614,-0,001197969,-0,1391898,0,0,0,0,0,0,0,0,0,0,0,0,0,0,0,0,0,0,0,0,0,0,1,1,1,False
21,47831,-14,95907,1,639942,-6,285571,-0,002654806,0,9902614,-0,001197969,-0,1391898,0,0,0,0,0,0,0,0,0,0,0,0,0,0,0,0,0,0,0,0,0,0,1,1,1,False
21,49191,-14,95907,1,639942,-6,285571,-0,002654806,0,9902614,-0,001197969,-0,1391898,0,0,0,0,0,0,0,0,0,0,0,0,0,0,0,0,0,0,0,0,0,0,1,1,1,False
21,50649,-14,95907,1,639942,-6,285571,-0,002654806,0,9902614,-0,001197969,-0,1391898,0,0,0,0,0,0,0,0,0,0,0,0,0,0,0,0,0,0,0,0,0,0,1,1,1,False
21,52123,-14,95907,1,639942,-6,285571,-0,002654806,0,9902614,-0,001197969,-0,1391898,0,0,0,0,0,0,0,0,0,0,0,0,0,0,0,0,0,0,0,0,0,0,1,1,1,False
21,5364,-14,95907,1,639942,-6,285571,-0,002654806,0,9902614,-0,001197969,-0,1391898,0,0,0,0,0,0,0,0,0,0,0,0,0,0,0,0,0,0,0,0,0,0,1,1,1,False
21,54979,-14,95907,1,639942,-6,285571,-0,002654806,0,9902614,-0,001197969,-0,1391898,0,0,0,0,0,0,0,0,0,0,0,0,0,0,0,0,0,0,0,0,0,0,1,1,1,False
21,56422,-14,95907,1,639942,-6,285571,-0,002654806,0,9902614,-0,001197969,-0,1391898,0,0,0,0,0,0,0,0,0,0,0,0,0,0,0,0,0,0,0,0,0,0,1,1,1,False
21,57855,-14,95907,1,639942,-6,285571,-0,002654806,0,9902614,-0,001197969,-0,1391898,0,0,0,0,0,0,0,0,0,0,0,0,0,0,0,0,0,0,0,0,0,0,1,1,1,False
21,59507,-14,95907,1,639942,-6,285571,-0,002654806,0,9902614,-0,001197969,-0,1391898,0,0,0,0,0,0,0,0,0,0,0,0,0,0,0,0,0,0,0,0,0,0,1,1,1,False
21,60947,-14,95907,1,639942,-6,285571,-0,002654806,0,9902614,-0,001197969,-0,1391898,0,0,0,0,0,0,0,0,0,0,0,0,0,0,0,0,0,0,0,0,0,0,1,1,1,False
21,62437,-14,95907,1,639942,-6,285571,-0,002654806,0,9902614,-0,001197969,-0,1391898,0,0,0,0,0,0,0,0,0,0,0,0,0,0,0,0,0,0,0,0,0,0,1,1,1,False
21,639,-14,95907,1,639942,-6,285571,-0,002654806,0,9902614,-0,001197969,-0,1391898,0,0,0,0,0,0,0,0,0,0,0,0,0,0,0,0,0,0,0,0,0,0,1,1,1,False
21,65302,-14,95907,1,639942,-6,285571,-0,002654806,0,9902614,-0,001197969,-0,1391898,0,0,0,0,0,0,0,0,0,0,0,0,0,0,0,0,0,0,0,0,0,0,1,1,1,False
21,66796,-14,95907,1,639942,-6,285571,-0,002654806,0,9902614,-0,001197969,-0,1391898,0,0,0,0,0,0,0,0,0,0,0,0,0,0,0,0,0,0,0,0,0,0,1,1,1,False
21,68262,-14,95907,1,639942,-6,285571,-0,002654806,0,9902614,-0,001197969,-0,1391898,0,0,0,0,0,0,0,0,0,0,0,0,0,0,0,0,0,0,0,0,0,0,1,1,1,False
21,6969,-14,95907,1,639942,-6,285571,-0,002654806,0,9902614,-0,001197969,-0,1391898,0,0,0,0,0,0,0,0,0,0,0,0,0,0,0,0,0,0,0,0,0,0,1,1,1,False
21,71064,-14,95907,1,639942,-6,285571,-0,002654806,0,9902614,-0,001197969,-0,1391898,0,0,0,0,0,0,0,0,0,0,0,0,0,0,0,0,0,0,0,0,0,0,1,1,1,False
21,72534,-14,95907,1,639942,-6,285571,-0,002654806,0,9902614,-0,001197969,-0,1391898,0,0,0,0,0,0,0,0,0,0,0,0,0,0,0,0,0,0,0,0,0,0,1,1,1,False
21,73957,-14,95907,1,639942,-6,285571,-0,002654806,0,9902614,-0,001197969,-0,1391898,0,0,0,0,0,0,0,0,0,0,0,0,0,0,0,0,0,0,0,0,0,0,1,1,1,False
21,75342,-14,95907,1,639942,-6,285571,-0,002654806,0,9902614,-0,001197969,-0,1391898,0,0,0,0,0,0,0,0,0,0,0,0,0,0,0,0,0,0,0,0,0,0,1,1,1,False
21,7677,-14,95907,1,639942,-6,285571,-0,002654806,0,9902614,-0,001197969,-0,1391898,0,0,0,0,0,0,0,0,0,0,0,0,0,0,0,0,0,0,0,0,0,0,1,1,1,False
21,7823,-14,95907,1,639942,-6,285571,-0,002654806,0,9902614,-0,001197969,-0,1391898,0,0,0,0,0,0,0,0,0,0,0,0,0,0,0,0,0,0,0,0,0,0,1,1,1,False
21,79683,-14,95907,1,639942,-6,285571,-0,002654806,0,9902614,-0,001197969,-0,1391898,0,0,0,0,0,0,0,0,0,0,0,0,0,0,0,0,0,0,0,0,0,0,1,1,1,False
21,81035,-14,95907,1,639942,-6,285571,-0,002654806,0,9902614,-0,001197969,-0,1391898,0,0,0,0,0,0,0,0,0,0,0,0,0,0,0,0,0,0,0,0,0,0,1,1,1,False
21,826,-14,96907,1,639942,-6,31557,-0,002654806,0,9902614,-0,001197969,-0,1391898,0,0,0,0,0,0,0,0,0,0,0,0,0,0,0,0,0,0,0,0,0,0,1,1,1,False
21,84173,-14,96907,1,639942,-6,33557,-0,002654806,0,9902614,-0,001197969,-0,1391898,0,0,0,0,0,0,0,0,0,0,0,0,0,0,0,0,0,0,0,0,0,0,1,1,1,False
21,86563,-14,97907,1,639942,-6,365571,-0,002654806,0,9902614,-0,001197969,-0,1391898,0,0,0,0,0,0,0,0,0,0,0,0,0,0,0,0,0,0,0,0,0,0,1,1,1,False
21,88089,-14,98907,1,639942,-6,385571,-0,002654806,0,9902614,-0,001197969,-0,1391898,0,0,0,0,0,0,0,0,0,0,0,0,0,0,0,0,0,0,0,0,0,0,1,1,1,False
21,8966,-14,98907,1,639942,-6,41557,-0,002654806,0,9902614,-0,001197969,-0,1391898,0,0,0,0,0,0,0,0,0,0,0,0,0,0,0,0,0,0,0,0,0,0,1,1,1,False
21,91129,-14,99907,1,639942,-6,44557,-0,002654806,0,9902614,-0,001197969,-0,1391898,0,0,0,0,0,0,0,0,0,0,0,0,0,0,0,0,0,0,0,0,0,0,1,1,1,False
21,9268,-15,00907,1,639942,-6,46557,-0,002654806,0,9902614,-0,001197969,-0,1391898,0,0,0,0,0,0,0,0,0,0,0,0,0,0,0,0,0,0,0,0,0,0,1,1,1,False
21,94229,-15,00907,1,639942,-6,47557,-0,002654806,0,9902614,-0,001197969,-0,1391898,0,0,0,0,0,0,0,0,0,0,0,0,0,0,0,0,0,0,0,0,0,0,1,1,1,False
21,95773,-15,01907,1,639942,-6,49557,-0,002654806,0,9902614,-0,001197969,-0,1391898,0,0,0,0,0,0,0,0,0,0,0,0,0,0,0,0,0,0,0,0,0,0,1,1,1,False
21,97102,-15,01907,1,639942,-6,49557,-0,002654806,0,9902614,-0,001197969,-0,1391898,0,0,0,0,0,0,0,0,0,0,0,0,0,0,0,0,0,0,0,0,0,0,1,1,1,False
21,9858,-15,01907,1,639942,-6,49557,-0,002654806,0,9902614,-0,001197969,-0,1391898,0,0,0,0,0,0,0,0,0,0,0,0,0,0,0,0,0,0,0,0,0,0,1,1,1,False
22,00045,-15,01907,1,639942,-6,49557,-0,002654806,0,9902614,-0,001197969,-0,1391898,0,0,0,0,0,0,0,0,0,0,0,0,0,0,0,0,0,0,0,0,0,0,1,1,1,False
22,02289,-15,01907,1,639942,-6,49557,-0,002654806,0,9902614,-0,001197969,-0,1391898,0,0,0,0,0,0,0,0,0,0,0,0,0,0,0,0,0,0,0,0,0,0,1,1,1,False
22,03762,-15,01907,1,639942,-6,49557,-0,002654806,0,9902614,-0,001197969,-0,1391898,0,0,0,0,0,0,0,0,0,0,0,0,0,0,0,0,0,0,0,0,0,0,1,1,1,False
22,05078,-15,01907,1,639942,-6,49557,-0,002654806,0,9902614,-0,001197969,-0,1391898,0,0,0,0,0,0,0,0,0,0,0,0,0,0,0,0,0,0,0,0,0,0,1,1,1,False
22,06553,-15,01907,1,639942,-6,49557,-0,002654806,0,9902614,-0,001197969,-0,1391898,0,0,0,0,0,0,0,0,0,0,0,0,0,0,0,0,0,0,0,0,0,0,1,1,1,False
22,08111,-15,02907,1,639942,-6,52557,-0,002654806,0,9902614,-0,001197969,-0,1391898,0,0,0,0,0,0,0,0,0,0,0,0,0,0,0,0,0,0,0,0,0,0,1,1,1,False
22,09674,-15,02907,1,639942,-6,52557,-0,002654806,0,9902614,-0,001197969,-0,1391898,0,0,0,0,0,0,0,0,0,0,0,0,0,0,0,0,0,0,0,0,0,0,1,1,1,False
22,11083,-15,02907,1,639942,-6,52557,-0,002654806,0,9902614,-0,001197969,-0,1391898,0,0,0,0,0,0,0,0,0,0,0,0,0,0,0,0,0,0,0,0,0,0,1,1,1,False
22,12569,-15,02907,1,639942,-6,52557,-0,002654806,0,9902614,-0,001197969,-0,1391898,0,0,0,0,0,0,0,0,0,0,0,0,0,0,0,0,0,0,0,0,0,0,1,1,1,False
22,14087,-15,02907,1,639942,-6,52557,-0,002654806,0,9902614,-0,001197969,-0,1391898,0,0,0,0,0,0,0,0,0,0,0,0,0,0,0,0,0,0,0,0,0,0,1,1,1,False
22,15588,-15,02907,1,639942,-6,52557,-0,002654806,0,9902614,-0,001197969,-0,1391898,0,0,0,0,0,0,0,0,0,0,0,0,0,0,0,0,0,0,0,0,0,0,1,1,1,False
22,17855,-15,02907,1,639942,-6,54557,-0,002654806,0,9902614,-0,001197969,-0,1391898,0,0,0,0,0,0,0,0,0,0,0,0,0,0,0,0,0,0,0,0,0,0,1,1,1,False
22,19427,-15,03907,2,853084,-6,575571,-0,002654806,0,9902614,-0,001197969,-0,1391898,0,0,0,0,0,0,0,0,0,0,0,0,0,0,0,0,0,0,0,0,0,0,1,1,1,False
22,20997,-15,03907,1,639942,-6,575571,-0,002654806,0,9902614,-0,001197969,-0,1391898,0,0,0,0,0,0,0,0,0,0,0,0,0,0,0,0,0,0,0,0,0,0,1,1,1,False
22,22435,-15,03907,2,854728,-6,575571,-0,002654806,0,9902614,-0,001197969,-0,1391898,0,0,0,0,0,0,0,0,0,0,0,0,0,0,0,0,0,0,0,0,0,0,1,1,1,False
22,23903,-15,03907,2,854728,-6,575571,-0,002654806,0,9902614,-0,001197969,-0,1391898,0,0,0,0,0,0,0,0,0,0,0,0,0,0,0,0,0,0,0,0,0,0,1,1,1,False
22,25386,-15,04907,1,639942,-6,60557,-0,002654806,0,9902614,-0,001197969,-0,1391898,0,0,0,0,0,0,0,0,0,0,0,0,0,0,0,0,0,0,0,0,0,0,1,1,1,False
22,26885,-15,04907,1,639942,-6,60557,-0,002654806,0,9902614,-0,001197969,-0,1391898,0,0,0,0,0,0,0,0,0,0,0,0,0,0,0,0,0,0,0,0,0,0,1,1,1,False
22,28364,-15,04907,2,805414,-6,60557,-0,002654806,0,9902614,-0,001197969,-0,1391898,0,0,0,0,0,0,0,0,0,0,0,0,0,0,0,0,0,0,0,0,0,0,1,1,1,False
22,29932,-15,05907,2,753989,-6,62557,-0,002654806,0,9902614,-0,001197969,-0,1391898,0,0,0,0,0,0,0,0,0,0,0,0,0,0,0,0,0,0,0,0,0,0,1,1,1,False
22,31326,-15,05907,2,753989,-6,62557,-0,002654806,0,9902614,-0,001197969,-0,1391898,0,0,0,0,0,0,0,0,0,0,0,0,0,0,0,0,0,0,0,0,0,0,1,1,1,False
22,33711,-15,06907,1,639942,-6,68557,-0,002654806,0,9902614,-0,001197969,-0,1391898,0,0,0,0,0,0,0,0,0,0,0,0,0,0,0,0,0,0,0,0,0,0,1,1,1,False
22,3532,-15,07907,2,821412,-6,71557,-0,002654806,0,9902614,-0,001197969,-0,1391898,0,0,0,0,0,0,0,0,0,0,0,0,0,0,0,0,0,0,0,0,0,0,1,1,1,False
22,36838,-15,07907,3,07584,-6,71557,-0,002654806,0,9902614,-0,001197969,-0,1391898,0,0,0,0,0,0,0,0,0,0,0,0,0,0,0,0,0,0,0,0,0,0,1,1,1,False
22,38418,-15,08907,3,139568,-6,73557,-0,002654806,0,9902614,-0,001197969,-0,1391898,0,0,0,0,0,0,0,0,0,0,0,0,0,0,0,0,0,0,0,0,0,0,1,1,1,False
22,39892,-15,08907,3,13957,-6,73557,-0,002654806,0,9902614,-0,001197969,-0,1391898,0,0,0,0,0,0,0,0,0,0,0,0,0,0,0,0,0,0,0,0,0,0,1,1,1,False
22,4139,-15,08907,1,639942,-6,765571,-0,002654806,0,9902614,-0,001197969,-0,1391898,0,0,0,0,0,0,0,0,0,0,0,0,0,0,0,0,0,0,0,0,0,0,1,1,1,False
22,43024,-15,09907,1,639942,-6,765571,-0,002654806,0,9902614,-0,001197969,-0,1391898,0,0,0,0,0,0,0,0,0,0,0,0,0,0,0,0,0,0,0,0,0,0,1,1,1,False
22,44679,-15,09907,2,842454,-6,79557,-0,002654806,0,9902614,-0,001197969,-0,1391898,0,0,0,0,0,0,0,0,0,0,0,0,0,0,0,0,0,0,0,0,0,0,1,1,1,False
22,46235,-15,09907,1,639942,-6,79557,-0,002654806,0,9902614,-0,001197969,-0,1391898,0,0,0,0,0,0,0,0,0,0,0,0,0,0,0,0,0,0,0,0,0,0,1,1,1,False
22,47829,-15,10907,1,639942,-6,825571,-0,002654806,0,9902614,-0,001197969,-0,1391898,0,0,0,0,0,0,0,0,0,0,0,0,0,0,0,0,0,0,0,0,0,0,1,1,1,False
22,5013,-15,11907,1,639942,-6,845571,-0,002654806,0,9902614,-0,001197969,-0,1391898,0,0,0,0,0,0,0,0,0,0,0,0,0,0,0,0,0,0,0,0,0,0,1,1,1,False
22,51658,-15,11907,1,639942,-6,845571,-0,002654806,0,9902614,-0,001197969,-0,1391898,0,0,0,0,0,0,0,0,0,0,0,0,0,0,0,0,0,0,0,0,0,0,1,1,1,False
22,53126,-15,12907,2,986803,-6,885571,-0,002654806,0,9902614,-0,001197969,-0,1391898,0,0,0,0,0,0,0,0,0,0,0,0,0,0,0,0,0,0,0,0,0,0,1,1,1,False
22,54739,-15,13907,1,639942,-6,905571,-0,002654806,0,9902614,-0,001197969,-0,1391898,0,0,0,0,0,0,0,0,0,0,0,0,0,0,0,0,0,0,0,0,0,0,1,1,1,False
22,56344,-15,13907,1,639942,-6,93557,-0,002654806,0,9902614,-0,001197969,-0,1391898,0,0,0,0,0,0,0,0,0,0,0,0,0,0,0,0,0,0,0,0,0,0,1,1,1,False
22,57919,-15,14907,1,639942,-6,95557,-0,002654806,0,9902614,-0,001197969,-0,1391898,0,0,0,0,0,0,0,0,0,0,0,0,0,0,0,0,0,0,0,0,0,0,1,1,1,False
22,59378,-15,14907,1,639942,-6,96557,-0,002654806,0,9902614,-0,001197969,-0,1391898,0,0,0,0,0,0,0,0,0,0,0,0,0,0,0,0,0,0,0,0,0,0,1,1,1,False
22,60963,-15,15907,1,639942,-6,98557,-0,002654806,0,9902614,-0,001197969,-0,1391898,0,0,0,0,0,0,0,0,0,0,0,0,0,0,0,0,0,0,0,0,0,0,1,1,1,False
22,62546,-15,16907,1,639942,-7,04557,-0,002654806,0,9902614,-0,001197969,-0,1391898,0,0,0,0,0,0,0,0,0,0,0,0,0,0,0,0,0,0,0,0,0,0,1,1,1,False
22,64143,-15,17907,1,637438,-7,06557,-0,002654806,0,9902614,-0,001197969,-0,1391898,0,0,0,0,0,0,0,0,0,0,0,0,0,0,0,0,0,0,0,0,0,0,1,1,1,False
22,66579,-15,18907,3,486911,-7,095571,-0,002654806,0,9902614,-0,001197969,-0,1391898,0,0,0,0,0,0,0,0,0,0,0,0,0,0,0,0,0,0,0,0,0,0,1,1,1,False
22,68175,-15,19907,1,639942,-7,12557,-0,002654806,0,9902614,-0,001197969,-0,1391898,0,0,0,0,0,0,0,0,0,0,0,0,0,0,0,0,0,0,0,0,0,0,1,1,1,False
22,69763,-15,20907,1,639942,-7,155571,-0,002654806,0,9902614,-0,001197969,-0,1391898,0,0,0,0,0,0,0,0,0,0,0,0,0,0,0,0,0,0,0,0,0,0,1,1,1,False
22,71112,-15,20907,1,639942,-7,155571,-0,002654806,0,9902614,-0,001197969,-0,1391898,0,0,0,0,0,0,0,0,0,0,0,0,0,0,0,0,0,0,0,0,0,0,1,1,1,False
22,72727,-15,20907,1,639942,-7,18557,-0,002654806,0,9902614,-0,001197969,-0,1391898,0,0,0,0,0,0,0,0,0,0,0,0,0,0,0,0,0,0,0,0,0,0,1,1,1,False
22,74189,-15,20907,1,639942,-7,18557,-0,002654806,0,9902614,-0,001197969,-0,1391898,0,0,0,0,0,0,0,0,0,0,0,0,0,0,0,0,0,0,0,0,0,0,1,1,1,False
22,75709,-15,20907,1,639942,-7,18557,-0,002654806,0,9902614,-0,001197969,-0,1391898,0,0,0,0,0,0,0,0,0,0,0,0,0,0,0,0,0,0,0,0,0,0,1,1,1,False
22,77192,-15,21907,1,639942,-7,20557,-0,002654806,0,9902614,-0,001197969,-0,1391898,0,0,0,0,0,0,0,0,0,0,0,0,0,0,0,0,0,0,0,0,0,0,1,1,1,False
22,78721,-15,21907,1,639942,-7,20557,-0,002654806,0,9902614,-0,001197969,-0,1391898,0,0,0,0,0,0,0,0,0,0,0,0,0,0,0,0,0,0,0,0,0,0,1,1,1,False
22,80338,-15,23907,1,639942,-7,265571,-0,002654806,0,9902614,-0,001197969,-0,1391898,0,0,0,0,0,0,0,0,0,0,0,0,0,0,0,0,0,0,0,0,0,0,1,1,1,False
22,82784,-15,24907,1,639942,-7,29557,-0,002654806,0,9902614,-0,001197969,-0,1391898,0,0,0,0,0,0,0,0,0,0,0,0,0,0,0,0,0,0,0,0,0,0,1,1,1,False
22,84372,-15,24907,1,639942,-7,31557,-0,002654806,0,9902614,-0,001197969,-0,1391898,0,0,0,0,0,0,0,0,0,0,0,0,0,0,0,0,0,0,0,0,0,0,1,1,1,False
22,85995,-15,25907,1,639942,-7,345571,-0,002654806,0,9902614,-0,001197969,-0,1391898,0,0,0,0,0,0,0,0,0,0,0,0,0,0,0,0,0,0,0,0,0,0,1,1,1,False
22,8757,-15,26907,1,639942,-7,365571,-0,002654806,0,9902614,-0,001197969,-0,1391898,0,0,0,0,0,0,0,0,0,0,0,0,0,0,0,0,0,0,0,0,0,0,1,1,1,False
22,89291,-15,27907,1,639942,-7,39557,-0,002654806,0,9902614,-0,001197969,-0,1391898,0,0,0,0,0,0,0,0,0,0,0,0,0,0,0,0,0,0,0,0,0,0,1,1,1,False
22,90987,-15,28907,1,639942,-7,45557,-0,002654806,0,9902614,-0,001197969,-0,1391898,0,0,0,0,0,0,0,0,0,0,0,0,0,0,0,0,0,0,0,0,0,0,1,1,1,False
22,92809,-15,29907,1,639942,-7,47557,-0,002654806,0,9902614,-0,001197969,-0,1391898,0,0,0,0,0,0,0,0,0,0,0,0,0,0,0,0,0,0,0,0,0,0,1,1,1,False
22,94543,-15,30907,1,639942,-7,50557,-0,002654806,0,9902614,-0,001197969,-0,1391898,0,0,0,0,0,0,0,0,0,0,0,0,0,0,0,0,0,0,0,0,0,0,1,1,1,False
22,96263,-15,30907,1,639942,-7,535571,-0,002654806,0,9902614,-0,001197969,-0,1391898,0,0,0,0,0,0,0,0,0,0,0,0,0,0,0,0,0,0,0,0,0,0,1,1,1,False
22,99029,-15,32907,1,639942,-7,58557,-0,002654806,0,9902614,-0,001197969,-0,1391898,0,0,0,0,0,0,0,0,0,0,0,0,0,0,0,0,0,0,0,0,0,0,1,1,1,False
23,00818,-15,33907,1,636803,-7,635571,-0,002654806,0,9902614,-0,001197969,-0,1391898,0,0,0,0,0,0,0,0,0,0,0,0,0,0,0,0,0,0,0,0,0,0,1,1,1,False
23,02705,-15,34907,1,639942,-7,66557,-0,002654806,0,9902614,-0,001197969,-0,1391898,0,0,0,0,0,0,0,0,0,0,0,0,0,0,0,0,0,0,0,0,0,0,1,1,1,False
23,04336,-15,34907,1,639942,-7,66557,-0,002654806,0,9902614,-0,001197969,-0,1391898,0,0,0,0,0,0,0,0,0,0,0,0,0,0,0,0,0,0,0,0,0,0,1,1,1,False
23,0599,-15,34907,1,639942,-7,66557,-0,002654806,0,9902614,-0,001197969,-0,1391898,0,0,0,0,0,0,0,0,0,0,0,0,0,0,0,0,0,0,0,0,0,0,1,1,1,False
23,0749,-15,34907,1,639942,-7,66557,-0,002654806,0,9902614,-0,001197969,-0,1391898,0,0,0,0,0,0,0,0,0,0,0,0,0,0,0,0,0,0,0,0,0,0,1,1,1,False
23,09135,-15,34907,1,639942,-7,66557,-0,002654806,0,9902614,-0,001197969,-0,1391898,0,0,0,0,0,0,0,0,0,0,0,0,0,0,0,0,0,0,0,0,0,0,1,1,1,False
23,10669,-15,34907,1,639942,-7,66557,-0,002654806,0,9902614,-0,001197969,-0,1391898,0,0,0,0,0,0,0,0,0,0,0,0,0,0,0,0,0,0,0,0,0,0,1,1,1,False
23,12184,-15,34907,1,639942,-7,66557,-0,002654806,0,9902614,-0,001197969,-0,1391898,0,0,0,0,0,0,0,0,0,0,0,0,0,0,0,0,0,0,0,0,0,0,1,1,1,False
23,14547,-15,34907,1,639942,-7,66557,-0,002654806,0,9902614,-0,001197969,-0,1391898,0,0,0,0,0,0,0,0,0,0,0,0,0,0,0,0,0,0,0,0,0,0,1,1,1,False
23,16076,-15,34907,1,639942,-7,66557,-0,002654806,0,9902614,-0,001197969,-0,1391898,0,0,0,0,0,0,0,0,0,0,0,0,0,0,0,0,0,0,0,0,0,0,1,1,1,False
23,17603,-15,34907,1,639942,-7,66557,-0,002654806,0,9902614,-0,001197969,-0,1391898,0,0,0,0,0,0,0,0,0,0,0,0,0,0,0,0,0,0,0,0,0,0,1,1,1,False
23,19073,-15,35907,1,639942,-7,68557,-0,002654806,0,9902614,-0,001197969,-0,1391898,0,0,0,0,0,0,0,0,0,0,0,0,0,0,0,0,0,0,0,0,0,0,1,1,1,False
23,20558,-15,35907,1,639942,-7,68557,-0,002654806,0,9902614,-0,001197969,-0,1391898,0,0,0,0,0,0,0,0,0,0,0,0,0,0,0,0,0,0,0,0,0,0,1,1,1,False
23,2203,-15,35907,1,639942,-7,68557,-0,002654806,0,9902614,-0,001197969,-0,1391898,0,0,0,0,0,0,0,0,0,0,0,0,0,0,0,0,0,0,0,0,0,0,1,1,1,False
23,23499,-15,35907,1,639942,-7,68557,-0,002654806,0,9902614,-0,001197969,-0,1391898,0,0,0,0,0,0,0,0,0,0,0,0,0,0,0,0,0,0,0,0,0,0,1,1,1,False
23,24928,-15,35907,1,639942,-7,68557,-0,002654806,0,9902614,-0,001197969,-0,1391898,0,0,0,0,0,0,0,0,0,0,0,0,0,0,0,0,0,0,0,0,0,0,1,1,1,False
23,26428,-15,35907,1,639942,-7,68557,-0,002654806,0,9902614,-0,001197969,-0,1391898,0,0,0,0,0,0,0,0,0,0,0,0,0,0,0,0,0,0,0,0,0,0,1,1,1,False
23,27891,-15,35907,1,639942,-7,68557,-0,002654806,0,9902614,-0,001197969,-0,1391898,0,0,0,0,0,0,0,0,0,0,0,0,0,0,0,0,0,0,0,0,0,0,1,1,1,False
23,30019,-15,35907,1,639942,-7,68557,-0,002654806,0,9902614,-0,001197969,-0,1391898,0,0,0,0,0,0,0,0,0,0,0,0,0,0,0,0,0,0,0,0,0,0,1,1,1,False
23,31669,-15,36907,1,639942,-7,71557,-0,002654806,0,9902614,-0,001197969,-0,1391898,0,0,0,0,0,0,0,0,0,0,0,0,0,0,0,0,0,0,0,0,0,0,1,1,1,False
23,33142,-15,37907,2,736217,-7,765571,-0,002654806,0,9902614,-0,001197969,-0,1391898,0,0,0,0,0,0,0,0,0,0,0,0,0,0,0,0,0,0,0,0,0,0,1,1,1,False
23,34778,-15,40907,1,624954,-7,87557,-0,002654806,0,9902614,-0,001197969,-0,1391898,0,0,0,0,0,0,0,0,0,0,0,0,0,0,0,0,0,0,0,0,0,0,1,1,1,False
23,36488,-15,43907,1,629942,-7,97557,-0,002654806,0,9902614,-0,001197969,-0,1391898,0,0,0,0,0,0,0,0,0,0,0,0,0,0,0,0,0,0,0,0,0,0,1,1,1,False
23,38081,-15,46907,2,254469,-8,07557,-0,002654806,0,9902614,-0,001197969,-0,1391898,0,0,0,0,0,0,0,0,0,0,0,0,0,0,0,0,0,0,0,0,0,0,1,1,1,False
23,39693,-15,47907,2,248331,-8,105571,-0,002654806,0,9902614,-0,001197969,-0,1391898,0,0,0,0,0,0,0,0,0,0,0,0,0,0,0,0,0,0,0,0,0,0,1,1,1,False
23,41067,-15,47907,2,24216,-8,105571,-0,002654806,0,9902614,-0,001197969,-0,1391898,0,0,0,0,0,0,0,0,0,0,0,0,0,0,0,0,0,0,0,0,0,0,1,1,1,False
23,42579,-15,47907,4,088101,-8,105571,-0,002654806,0,9902614,-0,001197969,-0,1391898,0,0,0,0,0,0,0,0,0,0,0,0,0,0,0,0,0,0,0,0,0,0,1,1,1,False
23,4411,-15,47907,4,076658,-8,105571,-0,002654806,0,9902614,-0,001197969,-0,1391898,0,0,0,0,0,0,0,0,0,0,0,0,0,0,0,0,0,0,0,0,0,0,1,1,1,False
23,46437,-15,47907,4,053943,-8,105571,-0,002654806,0,9902614,-0,001197969,-0,1391898,0,0,0,0,0,0,0,0,0,0,0,0,0,0,0,0,0,0,0,0,0,0,1,1,1,False
23,47961,-15,47907,4,036789,-8,105571,-0,002654806,0,9902614,-0,001197969,-0,1391898,0,0,0,0,0,0,0,0,0,0,0,0,0,0,0,0,0,0,0,0,0,0,1,1,1,False
23,49304,-15,47907,4,01991,-8,105571,-0,002654806,0,9902614,-0,001197969,-0,1391898,0,0,0,0,0,0,0,0,0,0,0,0,0,0,0,0,0,0,0,0,0,0,1,1,1,False
23,5081,-15,47907,3,998749,-8,105571,-0,002654806,0,9902614,-0,001197969,-0,1391898,0,0,0,0,0,0,0,0,0,0,0,0,0,0,0,0,0,0,0,0,0,0,1,1,1,False
23,52322,-15,47907,3,975271,-8,105571,-0,002654806,0,9902614,-0,001197969,-0,1391898,0,0,0,0,0,0,0,0,0,0,0,0,0,0,0,0,0,0,0,0,0,0,1,1,1,False
23,53819,-15,47907,3,949811,-8,105571,-0,002654806,0,9902614,-0,001197969,-0,1391898,0,0,0,0,0,0,0,0,0,0,0,0,0,0,0,0,0,0,0,0,0,0,1,1,1,False
23,55296,-15,45907,1,629942,-8,055571,-0,002654806,0,9902614,-0,001197969,-0,1391898,0,0,0,0,0,0,0,0,0,0,0,0,0,0,0,0,0,0,0,0,0,0,1,1,1,False
23,56919,-15,45907,1,629942,-8,025571,-0,002654806,0,9902614,-0,001197969,-0,1391898,0,0,0,0,0,0,0,0,0,0,0,0,0,0,0,0,0,0,0,0,0,0,1,1,1,False
23,5857,-15,43907,1,629942,-7,96557,-0,002654806,0,9902614,-0,001197969,-0,1391898,0,0,0,0,0,0,0,0,0,0,0,0,0,0,0,0,0,0,0,0,0,0,1,1,1,False
23,60204,-15,42907,2,443921,-7,93557,-0,002654806,0,9902614,-0,001197969,-0,1391898,0,0,0,0,0,0,0,0,0,0,0,0,0,0,0,0,0,0,0,0,0,0,1,1,1,False
23,6263,-15,40907,1,630281,-7,85557,-0,002654806,0,9902614,-0,001197969,-0,1391898,0,0,0,0,0,0,0,0,0,0,0,0,0,0,0,0,0,0,0,0,0,0,1,1,1,False
23,64207,-15,37907,1,631217,-7,75557,-0,002654806,0,9902614,-0,001197969,-0,1391898,0,0,0,0,0,0,0,0,0,0,0,0,0,0,0,0,0,0,0,0,0,0,1,1,1,False
23,65873,-15,35907,1,628012,-7,70557,-0,002654806,0,9902614,-0,001197969,-0,1391898,0,0,0,0,0,0,0,0,0,0,0,0,0,0,0,0,0,0,0,0,0,0,1,1,1,False
23,67347,-15,33907,1,639942,-7,62557,-0,002654806,0,9902614,-0,001197969,-0,1391898,0,0,0,0,0,0,0,0,0,0,0,0,0,0,0,0,0,0,0,0,0,0,1,1,1,False
23,68929,-15,31907,2,807762,-7,54557,-0,002654806,0,9902614,-0,001197969,-0,1391898,0,0,0,0,0,0,0,0,0,0,0,0,0,0,0,0,0,0,0,0,0,0,1,1,1,False
23,70551,-15,29907,1,634844,-7,49557,-0,002654806,0,9902614,-0,001197969,-0,1391898,0,0,0,0,0,0,0,0,0,0,0,0,0,0,0,0,0,0,0,0,0,0,1,1,1,False
23,72117,-15,26907,1,632612,-7,385571,-0,002654806,0,9902614,-0,001197969,-0,1391898,0,0,0,0,0,0,0,0,0,0,0,0,0,0,0,0,0,0,0,0,0,0,1,1,1,False
23,73671,-15,23907,1,630301,-7,285571,-0,002654806,0,9902614,-0,001197969,-0,1391898,0,0,0,0,0,0,0,0,0,0,0,0,0,0,0,0,0,0,0,0,0,0,1,1,1,False
23,75151,-15,20907,3,271101,-7,155571,-0,002654806,0,9902614,-0,001197969,-0,1391898,0,0,0,0,0,0,0,0,0,0,0,0,0,0,0,0,0,0,0,0,0,0,1,1,1,False
23,76761,-15,16907,1,625071,-7,02557,-0,002654806,0,9902614,-0,001197969,-0,1391898,0,0,0,0,0,0,0,0,0,0,0,0,0,0,0,0,0,0,0,0,0,0,1,1,1,False
23,79174,-15,10907,1,639942,-6,83557,-0,002654806,0,9902614,-0,001197969,-0,1391898,0,0,0,0,0,0,0,0,0,0,0,0,0,0,0,0,0,0,0,0,0,0,1,1,1,False
23,80727,-15,08907,1,639942,-6,75557,-0,002654806,0,9902614,-0,001197969,-0,1391898,0,0,0,0,0,0,0,0,0,0,0,0,0,0,0,0,0,0,0,0,0,0,1,1,1,False
23,82363,-15,05986,1,639942,-6,763179,-0,002654806,0,9902614,-0,001197969,-0,1391898,0,0,0,0,0,0,0,0,0,0,0,0,0,0,0,0,0,0,0,0,0,0,1,1,1,False
23,84021,-15,02907,1,639942,-6,52557,-0,002654806,0,9902614,-0,001197969,-0,1391898,0,0,0,0,0,0,0,0,0,0,0,0,0,0,0,0,0,0,0,0,0,0,1,1,1,False
23,85733,-14,98907,1,639942,-6,39557,-0,002654806,0,9902614,-0,001197969,-0,1391898,0,0,0,0,0,0,0,0,0,0,0,0,0,0,0,0,0,0,0,0,0,0,1,1,1,False
23,87261,-14,96907,1,639942,-6,31557,-0,002654806,0,9902614,-0,001197969,-0,1391898,0,0,0,0,0,0,0,0,0,0,0,0,0,0,0,0,0,0,0,0,0,0,1,1,1,False
23,88915,-14,93907,1,639942,-6,23557,-0,002654806,0,9902614,-0,001197969,-0,1391898,0,0,0,0,0,0,0,0,0,0,0,0,0,0,0,0,0,0,0,0,0,0,1,1,1,False
23,9057,-14,91907,1,639942,-6,155571,-0,002654806,0,9902614,-0,001197969,-0,1391898,0,0,0,0,0,0,0,0,0,0,0,0,0,0,0,0,0,0,0,0,0,0,1,1,1,False
23,92213,-14,89907,1,639942,-6,08557,-0,002654806,0,9902614,-0,001197969,-0,1391898,0,0,0,0,0,0,0,0,0,0,0,0,0,0,0,0,0,0,0,0,0,0,1,1,1,False
23,94579,-14,86907,1,639942,-5,97557,-0,002654806,0,9902614,-0,001197969,-0,1391898,0,0,0,0,0,0,0,0,0,0,0,0,0,0,0,0,0,0,0,0,0,0,1,1,1,False
23,96185,-14,85907,1,639942,-5,95557,-0,002654806,0,9902614,-0,001197969,-0,1391898,0,0,0,0,0,0,0,0,0,0,0,0,0,0,0,0,0,0,0,0,0,0,1,1,1,False
23,97738,-14,84907,1,639942,-5,905571,-0,002654806,0,9902614,-0,001197969,-0,1391898,0,0,0,0,0,0,0,0,0,0,0,0,0,0,0,0,0,0,0,0,0,0,1,1,1,False
23,99182,-14,82907,1,639942,-5,825571,-0,002654806,0,9902614,-0,001197969,-0,1391898,0,0,0,0,0,0,0,0,0,0,0,0,0,0,0,0,0,0,0,0,0,0,1,1,1,False
24,00776,-14,79907,1,639942,-5,74557,-0,002654806,0,9902614,-0,001197969,-0,1391898,0,0,0,0,0,0,0,0,0,0,0,0,0,0,0,0,0,0,0,0,0,0,1,1,1,False
24,02372,-14,77907,1,639942,-5,66557,-0,002654806,0,9902614,-0,001197969,-0,1391898,0,0,0,0,0,0,0,0,0,0,0,0,0,0,0,0,0,0,0,0,0,0,1,1,1,False
24,04015,-14,75907,1,639942,-5,58557,-0,002654806,0,9902614,-0,001197969,-0,1391898,0,0,0,0,0,0,0,0,0,0,0,0,0,0,0,0,0,0,0,0,0,0,1,1,1,False
24,05673,-14,72907,1,639942,-5,48557,-0,002654806,0,9902614,-0,001197969,-0,1391898,0,0,0,0,0,0,0,0,0,0,0,0,0,0,0,0,0,0,0,0,0,0,1,1,1,False
24,07255,-14,70907,1,639942,-5,405571,-0,002654806,0,9902614,-0,001197969,-0,1391898,0,0,0,0,0,0,0,0,0,0,0,0,0,0,0,0,0,0,0,0,0,0,1,1,1,False
24,09695,-14,67907,1,639942,-5,305571,-0,002654806,0,9902614,-0,001197969,-0,1391898,0,0,0,0,0,0,0,0,0,0,0,0,0,0,0,0,0,0,0,0,0,0,1,1,1,False
24,11403,-14,65907,1,639942,-5,24557,-0,002654806,0,9902614,-0,001197969,-0,1391898,0,0,0,0,0,0,0,0,0,0,0,0,0,0,0,0,0,0,0,0,0,0,1,1,1,False
24,13024,-14,64907,1,639942,-5,19557,-0,002654806,0,9902614,-0,001197969,-0,1391898,0,0,0,0,0,0,0,0,0,0,0,0,0,0,0,0,0,0,0,0,0,0,1,1,1,False
24,14608,-14,61907,1,639942,-5,115571,-0,002654806,0,9902614,-0,001197969,-0,1391898,0,0,0,0,0,0,0,0,0,0,0,0,0,0,0,0,0,0,0,0,0,0,1,1,1,False
24,16358,-14,60907,1,639942,-5,06557,-0,002654806,0,9902614,-0,001197969,-0,1391898,0,0,0,0,0,0,0,0,0,0,0,0,0,0,0,0,0,0,0,0,0,0,1,1,1,False
24,17963,-14,58907,1,639942,-5,015571,-0,002654806,0,9902614,-0,001197969,-0,1391898,0,0,0,0,0,0,0,0,0,0,0,0,0,0,0,0,0,0,0,0,0,0,1,1,1,False
24,19435,-14,57907,1,639942,-4,96557,-0,002654806,0,9902614,-0,001197969,-0,1391898,0,0,0,0,0,0,0,0,0,0,0,0,0,0,0,0,0,0,0,0,0,0,1,1,1,False
24,21059,-14,55907,1,639942,-4,905571,-0,002654806,0,9902614,-0,001197969,-0,1391898,0,0,0,0,0,0,0,0,0,0,0,0,0,0,0,0,0,0,0,0,0,0,1,1,1,False
24,23015,-14,54907,1,639942,-4,85557,-0,002654806,0,9902614,-0,001197969,-0,1391898,0,0,0,0,0,0,0,0,0,0,0,0,0,0,0,0,0,0,0,0,0,0,1,1,1,False
24,25387,-14,52907,1,639942,-4,805571,-0,002654806,0,9902614,-0,001197969,-0,1391898,0,0,0,0,0,0,0,0,0,0,0,0,0,0,0,0,0,0,0,0,0,0,1,1,1,False
24,26983,-14,52907,1,639942,-4,77557,-0,002654806,0,9902614,-0,001197969,-0,1391898,0,0,0,0,0,0,0,0,0,0,0,0,0,0,0,0,0,0,0,0,0,0,1,1,1,False
24,28582,-14,51907,1,649942,-4,75557,-0,002654806,0,9902614,-0,001197969,-0,1391898,0,0,0,0,0,0,0,0,0,0,0,0,0,0,0,0,0,0,0,0,0,0,1,1,1,False
24,30216,-14,49907,1,649942,-4,69557,-0,002654806,0,9902614,-0,001197969,-0,1391898,0,0,0,0,0,0,0,0,0,0,0,0,0,0,0,0,0,0,0,0,0,0,1,1,1,False
24,31926,-14,47907,1,649942,-4,62557,-0,002654806,0,9902614,-0,001197969,-0,1391898,0,0,0,0,0,0,0,0,0,0,0,0,0,0,0,0,0,0,0,0,0,0,1,1,1,False
24,33417,-14,46907,1,649942,-4,56557,-0,002654806,0,9902614,-0,001197969,-0,1391898,0,0,0,0,0,0,0,0,0,0,0,0,0,0,0,0,0,0,0,0,0,0,1,1,1,False
24,35027,-14,43907,1,649942,-4,49557,-0,002654806,0,9902614,-0,001197969,-0,1391898,0,0,0,0,0,0,0,0,0,0,0,0,0,0,0,0,0,0,0,0,0,0,1,1,1,False
24,3665,-14,41907,1,649942,-4,41557,-0,002654806,0,9902614,-0,001197969,-0,1391898,0,0,0,0,0,0,0,0,0,0,0,0,0,0,0,0,0,0,0,0,0,0,1,1,1,False
24,38321,-14,38907,1,649942,-4,31557,-0,002654806,0,9902614,-0,001197969,-0,1391898,0,0,0,0,0,0,0,0,0,0,0,0,0,0,0,0,0,0,0,0,0,0,1,1,1,False
24,40847,-14,35907,1,649942,-4,20557,-0,002654806,0,9902614,-0,001197969,-0,1391898,0,0,0,0,0,0,0,0,0,0,0,0,0,0,0,0,0,0,0,0,0,0,1,1,1,False
24,42467,-14,33907,1,649942,-4,135571,-0,002654806,0,9902614,-0,001197969,-0,1391898,0,0,0,0,0,0,0,0,0,0,0,0,0,0,0,0,0,0,0,0,0,0,1,1,1,False
24,44061,-14,31907,1,649942,-4,075571,-0,002654806,0,9902614,-0,001197969,-0,1391898,0,0,0,0,0,0,0,0,0,0,0,0,0,0,0,0,0,0,0,0,0,0,1,1,1,False
24,45659,-14,31907,1,649942,-4,055571,-0,002654806,0,9902614,-0,001197969,-0,1391898,0,0,0,0,0,0,0,0,0,0,0,0,0,0,0,0,0,0,0,0,0,0,1,1,1,False
24,47165,-14,30907,1,649942,-4,02557,-0,002654806,0,9902614,-0,001197969,-0,1391898,0,0,0,0,0,0,0,0,0,0,0,0,0,0,0,0,0,0,0,0,0,0,1,1,1,False
24,48825,-14,29907,1,649942,-3,97557,-0,002654806,0,9902614,-0,001197969,-0,1391898,0,0,0,0,0,0,0,0,0,0,0,0,0,0,0,0,0,0,0,0,0,0,1,1,1,False
24,5053,-14,28907,1,649942,-3,95557,-0,002654806,0,9902614,-0,001197969,-0,1391898,0,0,0,0,0,0,0,0,0,0,0,0,0,0,0,0,0,0,0,0,0,0,1,1,1,False
24,52234,-14,27907,1,649942,-3,92557,-0,002654806,0,9902614,-0,001197969,-0,1391898,0,0,0,0,0,0,0,0,0,0,0,0,0,0,0,0,0,0,0,0,0,0,1,1,1,False
24,53878,-14,26907,1,649942,-3,895571,-0,002654806,0,9902614,-0,001197969,-0,1391898,0,0,0,0,0,0,0,0,0,0,0,0,0,0,0,0,0,0,0,0,0,0,1,1,1,False
24,56168,-14,25907,1,649942,-3,84557,-0,002654806,0,9902614,-0,001197969,-0,1391898,0,0,0,0,0,0,0,0,0,0,0,0,0,0,0,0,0,0,0,0,0,0,1,1,1,False
24,58045,-14,24907,1,649942,-3,82557,-0,002654806,0,9902614,-0,001197969,-0,1391898,0,0,0,0,0,0,0,0,0,0,0,0,0,0,0,0,0,0,0,0,0,0,1,1,1,False
24,59684,-14,23907,1,649942,-3,79557,-0,002654806,0,9902614,-0,001197969,-0,1391898,0,0,0,0,0,0,0,0,0,0,0,0,0,0,0,0,0,0,0,0,0,0,1,1,1,False
24,61194,-14,23907,1,649942,-3,77557,-0,002654806,0,9902614,-0,001197969,-0,1391898,0,0,0,0,0,0,0,0,0,0,0,0,0,0,0,0,0,0,0,0,0,0,1,1,1,False
24,6274,-14,23907,1,649942,-3,77557,-0,002654806,0,9902614,-0,001197969,-0,1391898,0,0,0,0,0,0,0,0,0,0,0,0,0,0,0,0,0,0,0,0,0,0,1,1,1,False
24,64253,-14,23907,1,649942,-3,77557,-0,002654806,0,9902614,-0,001197969,-0,1391898,0,0,0,0,0,0,0,0,0,0,0,0,0,0,0,0,0,0,0,0,0,0,1,1,1,False
24,65886,-14,22907,1,649942,-3,74557,-0,002654806,0,9902614,-0,001197969,-0,1391898,0,0,0,0,0,0,0,0,0,0,0,0,0,0,0,0,0,0,0,0,0,0,1,1,1,False
24,67304,-14,22907,1,649942,-3,74557,-0,002654806,0,9902614,-0,001197969,-0,1391898,0,0,0,0,0,0,0,0,0,0,0,0,0,0,0,0,0,0,0,0,0,0,1,1,1,False
24,68816,-14,22907,1,649942,-3,74557,-0,002654806,0,9902614,-0,001197969,-0,1391898,0,0,0,0,0,0,0,0,0,0,0,0,0,0,0,0,0,0,0,0,0,0,1,1,1,False
24,7035,-14,22907,1,649942,-3,74557,-0,002654806,0,9902614,-0,001197969,-0,1391898,0,0,0,0,0,0,0,0,0,0,0,0,0,0,0,0,0,0,0,0,0,0,1,1,1,False
24,72701,-14,22907,1,649942,-3,74557,-0,002654806,0,9902614,-0,001197969,-0,1391898,0,0,0,0,0,0,0,0,0,0,0,0,0,0,0,0,0,0,0,0,0,0,1,1,1,False
24,74196,-14,22907,1,649942,-3,74557,-0,002654806,0,9902614,-0,001197969,-0,1391898,0,0,0,0,0,0,0,0,0,0,0,0,0,0,0,0,0,0,0,0,0,0,1,1,1,False
24,75731,-14,22907,1,649942,-3,74557,-0,002654806,0,9902614,-0,001197969,-0,1391898,0,0,0,0,0,0,0,0,0,0,0,0,0,0,0,0,0,0,0,0,0,0,1,1,1,False
24,77134,-14,22907,1,649942,-3,74557,-0,002654806,0,9902614,-0,001197969,-0,1391898,0,0,0,0,0,0,0,0,0,0,0,0,0,0,0,0,0,0,0,0,0,0,1,1,1,False
24,78684,-14,22907,1,649942,-3,74557,-0,002654806,0,9902614,-0,001197969,-0,1391898,0,0,0,0,0,0,0,0,0,0,0,0,0,0,0,0,0,0,0,0,0,0,1,1,1,False
24,80197,-14,22907,1,649942,-3,74557,-0,002654806,0,9902614,-0,001197969,-0,1391898,0,0,0,0,0,0,0,0,0,0,0,0,0,0,0,0,0,0,0,0,0,0,1,1,1,False
24,8173,-14,22907,1,649942,-3,74557,-0,002654806,0,9902614,-0,001197969,-0,1391898,0,0,0,0,0,0,0,0,0,0,0,0,0,0,0,0,0,0,0,0,0,0,1,1,1,False
24,83101,-14,22907,1,649942,-3,74557,-0,002654806,0,9902614,-0,001197969,-0,1391898,0,0,0,0,0,0,0,0,0,0,0,0,0,0,0,0,0,0,0,0,0,0,1,1,1,False
24,84692,-14,22907,1,649942,-3,74557,-0,002654806,0,9902614,-0,001197969,-0,1391898,0,0,0,0,0,0,0,0,0,0,0,0,0,0,0,0,0,0,0,0,0,0,1,1,1,False
24,86252,-14,22907,1,649942,-3,74557,-0,002654806,0,9902614,-0,001197969,-0,1391898,0,0,0,0,0,0,0,0,0,0,0,0,0,0,0,0,0,0,0,0,0,0,1,1,1,False
24,88002,-14,22907,1,649942,-3,74557,-0,002654806,0,9902614,-0,001197969,-0,1391898,0,0,0,0,0,0,0,0,0,0,0,0,0,0,0,0,0,0,0,0,0,0,1,1,1,False
24,8954,-14,22907,1,649942,-3,74557,-0,002654806,0,9902614,-0,001197969,-0,1391898,0,0,0,0,0,0,0,0,0,0,0,0,0,0,0,0,0,0,0,0,0,0,1,1,1,False
24,90925,-14,22907,1,649942,-3,74557,-0,002654806,0,9902614,-0,001197969,-0,1391898,0,0,0,0,0,0,0,0,0,0,0,0,0,0,0,0,0,0,0,0,0,0,1,1,1,False
24,92447,-14,22907,1,649942,-3,74557,-0,002654806,0,9902614,-0,001197969,-0,1391898,0,0,0,0,0,0,0,0,0,0,0,0,0,0,0,0,0,0,0,0,0,0,1,1,1,False
24,93958,-14,22907,1,649942,-3,74557,-0,002654806,0,9902614,-0,001197969,-0,1391898,0,0,0,0,0,0,0,0,0,0,0,0,0,0,0,0,0,0,0,0,0,0,1,1,1,False
24,95343,-14,22907,1,649942,-3,74557,-0,002654806,0,9902614,-0,001197969,-0,1391898,0,0,0,0,0,0,0,0,0,0,0,0,0,0,0,0,0,0,0,0,0,0,1,1,1,False
24,96964,-14,22907,1,649942,-3,74557,-0,002654806,0,9902614,-0,001197969,-0,1391898,0,0,0,0,0,0,0,0,0,0,0,0,0,0,0,0,0,0,0,0,0,0,1,1,1,False
24,98458,-14,22907,1,649942,-3,74557,-0,002654806,0,9902614,-0,001197969,-0,1391898,0,0,0,0,0,0,0,0,0,0,0,0,0,0,0,0,0,0,0,0,0,0,1,1,1,False
24,99994,-14,22907,1,649942,-3,74557,-0,002654806,0,9902614,-0,001197969,-0,1391898,0,0,0,0,0,0,0,0,0,0,0,0,0,0,0,0,0,0,0,0,0,0,1,1,1,False
25,01371,-14,22907,1,649942,-3,74557,-0,002654806,0,9902614,-0,001197969,-0,1391898,0,0,0,0,0,0,0,0,0,0,0,0,0,0,0,0,0,0,0,0,0,0,1,1,1,False
25,02938,-14,22907,1,649942,-3,74557,-0,002654806,0,9902614,-0,001197969,-0,1391898,0,0,0,0,0,0,0,0,0,0,0,0,0,0,0,0,0,0,0,0,0,0,1,1,1,False
25,04443,-14,22907,1,649942,-3,74557,-0,002654806,0,9902614,-0,001197969,-0,1391898,0,0,0,0,0,0,0,0,0,0,0,0,0,0,0,0,0,0,0,0,0,0,1,1,1,False
25,05994,-14,22907,1,649942,-3,74557,-0,002654806,0,9902614,-0,001197969,-0,1391898,0,0,0,0,0,0,0,0,0,0,0,0,0,0,0,0,0,0,0,0,0,0,1,1,1,False
25,07495,-14,22907,1,649942,-3,74557,-0,002654806,0,9902614,-0,001197969,-0,1391898,0,0,0,0,0,0,0,0,0,0,0,0,0,0,0,0,0,0,0,0,0,0,1,1,1,False
25,09139,-14,22907,1,649942,-3,74557,-0,002654806,0,9902614,-0,001197969,-0,1391898,0,0,0,0,0,0,0,0,0,0,0,0,0,0,0,0,0,0,0,0,0,0,1,1,1,False
25,10733,-14,22907,1,649942,-3,74557,-0,002654806,0,9902614,-0,001197969,-0,1391898,0,0,0,0,0,0,0,0,0,0,0,0,0,0,0,0,0,0,0,0,0,0,1,1,1,False
25,12226,-14,22907,1,649942,-3,74557,-0,002654806,0,9902614,-0,001197969,-0,1391898,0,0,0,0,0,0,0,0,0,0,0,0,0,0,0,0,0,0,0,0,0,0,1,1,1,False
25,13708,-14,22907,1,649942,-3,74557,-0,002654806,0,9902614,-0,001197969,-0,1391898,0,0,0,0,0,0,0,0,0,0,0,0,0,0,0,0,0,0,0,0,0,0,1,1,1,False
25,15067,-14,22907,1,649942,-3,74557,-0,002654806,0,9902614,-0,001197969,-0,1391898,0,0,0,0,0,0,0,0,0,0,0,0,0,0,0,0,0,0,0,0,0,0,1,1,1,False
25,16618,-14,22907,1,649942,-3,74557,-0,002654806,0,9902614,-0,001197969,-0,1391898,0,0,0,0,0,0,0,0,0,0,0,0,0,0,0,0,0,0,0,0,0,0,1,1,1,False
25,1811,-14,22907,1,649942,-3,74557,-0,002654806,0,9902614,-0,001197969,-0,1391898,0,0,0,0,0,0,0,0,0,0,0,0,0,0,0,0,0,0,0,0,0,0,1,1,1,False
25,1972,-14,22907,1,649942,-3,74557,-0,002654806,0,9902614,-0,001197969,-0,1391898,0,0,0,0,0,0,0,0,0,0,0,0,0,0,0,0,0,0,0,0,0,0,1,1,1,False
25,21082,-14,22907,1,649942,-3,74557,-0,002654806,0,9902614,-0,001197969,-0,1391898,0,0,0,0,0,0,0,0,0,0,0,0,0,0,0,0,0,0,0,0,0,0,1,1,1,False
25,22638,-14,22907,1,649942,-3,74557,-0,002654806,0,9902614,-0,001197969,-0,1391898,0,0,0,0,0,0,0,0,0,0,0,0,0,0,0,0,0,0,0,0,0,0,1,1,1,False
25,24152,-14,22907,1,649942,-3,74557,-0,002654806,0,9902614,-0,001197969,-0,1391898,0,0,0,0,0,0,0,0,0,0,0,0,0,0,0,0,0,0,0,0,0,0,1,1,1,False
25,25661,-14,22907,1,649942,-3,74557,-0,002654806,0,9902614,-0,001197969,-0,1391898,0,0,0,0,0,0,0,0,0,0,0,0,0,0,0,0,0,0,0,0,0,0,1,1,1,False
25,27041,-14,22907,1,649942,-3,74557,-0,002654806,0,9902614,-0,001197969,-0,1391898,0,0,0,0,0,0,0,0,0,0,0,0,0,0,0,0,0,0,0,0,0,0,1,1,1,False
25,28536,-14,22907,1,649942,-3,74557,-0,002654806,0,9902614,-0,001197969,-0,1391898,0,0,0,0,0,0,0,0,0,0,0,0,0,0,0,0,0,0,0,0,0,0,1,1,1,False
25,30066,-14,22907,1,649942,-3,74557,-0,002654806,0,9902614,-0,001197969,-0,1391898,0,0,0,0,0,0,0,0,0,0,0,0,0,0,0,0,0,0,0,0,0,0,1,1,1,False
25,31535,-14,22907,1,649942,-3,74557,-0,002654806,0,9902614,-0,001197969,-0,1391898,0,0,0,0,0,0,0,0,0,0,0,0,0,0,0,0,0,0,0,0,0,0,1,1,1,False
25,32906,-14,22907,1,649942,-3,74557,-0,002654806,0,9902614,-0,001197969,-0,1391898,0,0,0,0,0,0,0,0,0,0,0,0,0,0,0,0,0,0,0,0,0,0,1,1,1,False
25,34402,-14,22907,1,649942,-3,74557,-0,002654806,0,9902614,-0,001197969,-0,1391898,0,0,0,0,0,0,0,0,0,0,0,0,0,0,0,0,0,0,0,0,0,0,1,1,1,False
25,35902,-14,22907,1,649942,-3,74557,-0,002654806,0,9902614,-0,001197969,-0,1391898,0,0,0,0,0,0,0,0,0,0,0,0,0,0,0,0,0,0,0,0,0,0,1,1,1,False
25,37295,-14,22907,1,649942,-3,74557,-0,002654806,0,9902614,-0,001197969,-0,1391898,0,0,0,0,0,0,0,0,0,0,0,0,0,0,0,0,0,0,0,0,0,0,1,1,1,False
25,38866,-14,22907,1,649942,-3,74557,-0,002654806,0,9902614,-0,001197969,-0,1391898,0,0,0,0,0,0,0,0,0,0,0,0,0,0,0,0,0,0,0,0,0,0,1,1,1,False
25,40346,-14,22907,1,649942,-3,74557,-0,002654806,0,9902614,-0,001197969,-0,1391898,0,0,0,0,0,0,0,0,0,0,0,0,0,0,0,0,0,0,0,0,0,0,1,1,1,False
25,41887,-14,22907,1,649942,-3,74557,-0,002654806,0,9902614,-0,001197969,-0,1391898,0,0,0,0,0,0,0,0,0,0,0,0,0,0,0,0,0,0,0,0,0,0,1,1,1,False
25,43258,-14,22907,1,649942,-3,74557,-0,002654806,0,9902614,-0,001197969,-0,1391898,0,0,0,0,0,0,0,0,0,0,0,0,0,0,0,0,0,0,0,0,0,0,1,1,1,False
25,44759,-14,22907,1,649942,-3,74557,-0,002654806,0,9902614,-0,001197969,-0,1391898,0,0,0,0,0,0,0,0,0,0,0,0,0,0,0,0,0,0,0,0,0,0,1,1,1,False
25,46297,-14,22907,1,649942,-3,74557,-0,002654806,0,9902614,-0,001197969,-0,1391898,0,0,0,0,0,0,0,0,0,0,0,0,0,0,0,0,0,0,0,0,0,0,1,1,1,False
25,47823,-14,22907,1,649942,-3,74557,-0,002654806,0,9902614,-0,001197969,-0,1391898,0,0,0,0,0,0,0,0,0,0,0,0,0,0,0,0,0,0,0,0,0,0,1,1,1,False
25,49218,-14,22907,1,649942,-3,74557,-0,002654806,0,9902614,-0,001197969,-0,1391898,0,0,0,0,0,0,0,0,0,0,0,0,0,0,0,0,0,0,0,0,0,0,1,1,1,False
25,50735,-14,22907,1,649942,-3,74557,-0,002654806,0,9902614,-0,001197969,-0,1391898,0,0,0,0,0,0,0,0,0,0,0,0,0,0,0,0,0,0,0,0,0,0,1,1,1,False
25,52232,-14,22907,1,649942,-3,74557,-0,002654806,0,9902614,-0,001197969,-0,1391898,0,0,0,0,0,0,0,0,0,0,0,0,0,0,0,0,0,0,0,0,0,0,1,1,1,False
25,53818,-14,22907,1,649942,-3,74557,-0,002654806,0,9902614,-0,001197969,-0,1391898,0,0,0,0,0,0,0,0,0,0,0,0,0,0,0,0,0,0,0,0,0,0,1,1,1,False
25,55234,-14,22907,1,649942,-3,74557,-0,002654806,0,9902614,-0,001197969,-0,1391898,0,0,0,0,0,0,0,0,0,0,0,0,0,0,0,0,0,0,0,0,0,0,1,1,1,False
25,56753,-14,22907,1,649942,-3,74557,-0,002654806,0,9902614,-0,001197969,-0,1391898,0,0,0,0,0,0,0,0,0,0,0,0,0,0,0,0,0,0,0,0,0,0,1,1,1,False
25,583,-14,22907,1,649942,-3,74557,-0,002654806,0,9902614,-0,001197969,-0,1391898,0,0,0,0,0,0,0,0,0,0,0,0,0,0,0,0,0,0,0,0,0,0,1,1,1,False
25,59804,-14,22907,1,649942,-3,74557,-0,002654806,0,9902614,-0,001197969,-0,1391898,0,0,0,0,0,0,0,0,0,0,0,0,0,0,0,0,0,0,0,0,0,0,1,1,1,False
25,61719,-14,22907,1,649942,-3,74557,-0,002654806,0,9902614,-0,001197969,-0,1391898,0,0,0,0,0,0,0,0,0,0,0,0,0,0,0,0,0,0,0,0,0,0,1,1,1,False
25,63334,-14,22907,1,649942,-3,74557,-0,002654806,0,9902614,-0,001197969,-0,1391898,0,0,0,0,0,0,0,0,0,0,0,0,0,0,0,0,0,0,0,0,0,0,1,1,1,False
25,64886,-14,22907,1,649942,-3,74557,-0,002654806,0,9902614,-0,001197969,-0,1391898,0,0,0,0,0,0,0,0,0,0,0,0,0,0,0,0,0,0,0,0,0,0,1,1,1,False
25,66338,-14,22907,1,649942,-3,74557,-0,002654806,0,9902614,-0,001197969,-0,1391898,0,0,0,0,0,0,0,0,0,0,0,0,0,0,0,0,0,0,0,0,0,0,1,1,1,False
25,67824,-14,22907,1,649942,-3,74557,-0,002654806,0,9902614,-0,001197969,-0,1391898,0,0,0,0,0,0,0,0,0,0,0,0,0,0,0,0,0,0,0,0,0,0,1,1,1,False
25,69179,-14,22907,1,649942,-3,74557,-0,002654806,0,9902614,-0,001197969,-0,1391898,0,0,0,0,0,0,0,0,0,0,0,0,0,0,0,0,0,0,0,0,0,0,1,1,1,False
25,81573,-14,22907,1,649942,-3,74557,-0,002654806,0,9902614,-0,001197969,-0,1391898,0,0,0,0,0,0,0,0,0,0,0,0,0,0,0,0,0,0,0,0,0,0,1,1,1,False

